tree
version=v4
num_class=1
num_tree_per_iteration=1
label_index=0
max_feature_idx=45
objective=binary sigmoid:1
feature_names=cpr_width_pct vwap_dist atr_pct_rank vol_rank n_rules_fired sg_vel ema200_dist rsi14 mom5 dow rule_id direction dist_hi52 dist_lo52 vol_accel market_rs_5d market_rs_20d sector_rs_5d sector_rs_20d deliv_pct pcr india_vix conf_vol rsi_dir hi52_dir cpr_compress cpr_pos dist_r1 dist_s1 mom3 mom10 mom20 rsi_div vol_accel_delta days_since_52hi expiry_dist cpr_overlap_pct open_to_cpr_dist prev_cpr_respected cpr_zone_vol_ratio hmm_regime cpr_vol_interaction regime_momentum cpr_rsi_squeeze overlap_vol_signal rs_direction_alignment
feature_infos=[0:5.712485] [-2.5170706544462416:2.5170706544462416] [0.0039525691699604003:1] [1.2648554905764156e-07:5] [2:6] [-839.6971435546875:839.6971435546875] [-0.77679717521860203:0.78054057746866967] [0:100] [-0.75298929999999997:0.75298929999999997] [0:6] none [-1:1] [-0.87124999999999997:0.87204999999999999] [-2.3559000000000001:2.3559000000000001] [0:10] [-1.3107:1.3107] [-1.6089:1.6508] [-1.3107:1.3107] [-1.6089:1.6508] none none [11.43:24.530000000000001] [0:50] [-100:100] [-0.87124999999999997:0.87204999999999999] [0:5] [-1:1] [-0.14999999999999999:0.14999999999999999] [-0.14999999999999999:0.14999999999999999] [-0.75217999999999996:0.75217999999999996] [-0.75802000000000003:0.75802000000000003] [-0.78078000000000003:0.78078000000000003] [-1:1] [-5:5] [0:251] [0:32] [0:1] [-5:5] [0:1] [0:5] none [-20:5] none [0:1] [0:3.9081000000000001] [0.44419999999999998:2.6214]
tree_sizes=6534 6697 6703 6707 6658 6702 6689 6702 6703 6699 6706 6678 6688 6660 6664 6690 6684 6673 6708 6689 6711 6722 6688 6724 6688 6677 6720 6678 6698 6714 6689 6692 6688 6669 6724 6723 6722 6688 6698 6672 6706 6716 6724 6701 6693 6712 6706 6698 6706 6706 6681 6721 6701 6739 6725 6716 6701 6732 6710 6720 6705 6708 6732 6681 6690 6714 6729 6361 6725 6733 6731 6687 6703 6708 6698 6683 6722 6731 6742 6715 6707 6704 6715 6714 6714 6576 6700 6697 6734 6692 6698 6718 6726 6712 6683 6493 6726 6704 6683 6715 6716 6734 6720 6712 6723 6692 6701 6730 6710 6702 6716 6736 6683 6698 6729 6728 4026 5632 6721 6722 6751 6682 6737 6707 5489 5294 6448

Tree=0
num_leaves=61
num_cat=0
split_feature=30 36 37 37 15 7 37 37 27 27 0 29 30 31 29 27 3 45 15 30 16 29 16 43 39 21 1 12 37 7 45 5 34 15 12 16 13 2 31 41 8 1 27 1 7 13 3 2 2 1 25 1 25 6 6 45 0 6 3 29
split_gain=533.083 231.049 162.314 156.941 229.311 176.896 152.569 120.282 168.264 115.309 87.1927 78.1436 70.6389 58.8025 60.5084 56.1096 46.2732 44.6955 35.2179 34.6616 34.2018 34.1638 33.7547 30.415 30.3718 30.9722 35.8766 27.876 27.2504 26.0257 26.8856 25.8279 24.1822 52.0957 23.5259 21.7755 21.4896 20.7538 19.916 19.4771 19.2641 19.1514 18.8453 17.8685 19.1679 17.3831 17.2877 17.0138 16.8259 19.9637 15.7416 17.152 15.7297 15.5555 14.7559 14.7323 14.5993 14.5063 14.2029 13.6625
threshold=0.018535000000000006 0.86420000000000019 0.53815000000000013 -0.5281499999999999 0.99825000000000008 25.707773523485475 0.48635000000000006 -0.25479999999999997 -0.0048849999999999996 0.016535000000000005 0.41673064000000004 0.018455000000000003 -0.036494999999999993 0.030930000000000003 0.013295000000000001 0.037510000000000009 1.005483677767675 2.0001000000000002 1.0003500000000003 -0.028734999999999997 -1.1511999999999998 0.069780000000000023 1.0081500000000003 0.65706549493097377 0.19635000000000002 17.880000000000006 -0.14565609317641443 -0.087049999999999975 0.11370000000000001 53.413680718892742 1.9999000000000002 8.1006140708923358 241.50000000000003 1.0102500000000003 0.045040000000000004 1.0272500000000002 0.045900000000000003 0.30444664031620555 0.0034850000000000007 0.18291249646417898 0.014345705500000002 -0.26183854822012126 -0.0089349999999999985 -0.17112989018934435 46.503833891113572 -0.13742499999999999 1.0245655679517667 0.90530548836843461 0.41925628095043393 0.049736708419511409 1.7765500000000001 -0.11497897540311604 1.5004500000000001 0.079865849708705569 0.049481105841621305 2.0199000000000003 0.38126430000000006 -0.042322052718841444 0.39249049583799639 0.013295000000000001
decision_type=2 2 2 2 2 2 2 2 2 2 2 2 2 2 2 2 2 2 2 2 2 2 2 2 2 2 2 2 2 2 2 2 2 2 2 2 2 2 2 2 2 2 2 2 2 2 2 2 2 2 2 2 2 2 2 2 2 2 2 2
left_child=1 12 7 4 21 6 31 8 10 29 17 19 20 14 27 23 55 22 -12 57 -1 52 -3 24 32 26 -26 54 36 30 -4 47 35 -34 53 -7 45 -8 -38 -31 -10 -36 -18 44 -21 -16 58 -5 -30 -50 -15 -52 -2 -29 -14 -6 -17 -9 -22 -45
right_child=3 2 9 5 16 15 37 11 40 -11 18 -13 13 50 28 56 42 -19 -20 43 46 -23 -24 -25 25 -27 -28 34 48 39 -32 -33 33 -35 41 -37 38 -39 -40 -41 -42 -43 -44 59 -46 -47 -48 -49 49 -51 51 -53 -54 -55 -56 -57 -58 -59 -60 -61
leaf_value=-0.97248932424798584 -0.9884583064004292 -0.99831350604787017 -1.0076273466810945 -1.0153054753000785 -0.95127188540284857 -0.98784431175555409 -0.9727950513139304 -1.0106554060902904 -1.0246922866416279 -0.94401574486350548 -0.94375280454155142 -0.97427829066279303 -1.0047859582401995 -0.99482471490109781 -0.98938538281721489 -0.9572116347900157 -0.92281966448418706 -1.0163277096855265 -0.98765413322374096 -1.0053985157924545 -0.98481730838027937 -0.95836094049707865 -0.96342108676377058 -1.0119641004748037 -0.98447760338974855 -0.9901722404630191 -1.0092446858592878 -1.0228883106683313 -1.0092850561766888 -1.0230436006761565 -0.97240124018238649 -0.96563975963824089 -1.0012007444665274 -0.95703952432338757 -0.99268889941072425 -0.99740443762335307 -0.96188908058374589 -0.92190347975308662 -0.99904461752447626 -0.98725364823352446 -0.99235198448768358 -1.0118418146931671 -0.97093728427949699 -1.0248468251448557 -1.0217185840221745 -1.0157009442321214 -0.98689783522081198 -0.98147520326658377 -0.98007857033898316 -1.011245550605878 -0.95518980545003163 -0.98852606352152872 -1.0070665061483062 -0.99363364575418489 -0.98412950588808068 -0.98787316250734725 -0.98395395298095067 -0.97696435842017038 -0.99932760545812227 -1.0039670478419582
leaf_weight=43.086086422204971 71.41666379570961 38.364323526620865 17.706610858440399 19.280531823635105 8.6565653085708636 292.7492995262146 9.0500455498695356 10.230486273765566 104.07552382349968 23.018594115972519 25.57621568441391 16.329430013895035 135.9474233686924 143.03006771206856 59.612256556749344 22.428373754024506 48.398069679737091 36.396922320127487 16.526170134544373 68.268821865320206 38.561063647270203 12.984847962856291 19.674012064933777 44.660007387399673 34.232780992984772 121.19191431999207 156.40839591622353 129.45499938726425 76.335166811943054 24.789255201816559 22.428373754024506 9.8370060324668867 23.412074357271194 28.920797735452652 32.068639665842056 208.93800812959671 21.838153392076492 33.249080389738083 10.4272263944149 8.8533054292201978 9.2467856705188733 123.55279576778412 9.4435257911682111 516.63955682516098 86.565653085708618 13.378328204154966 137.12786409258842 8.8533054292201978 24.985995322465897 14.362028807401655 8.65656530857086 34.036040872335434 31.281679183244705 9.0500455498695356 17.509870737791061 15.542469531297682 26.363176167011261 10.4272263944149 205.19994583725929 18.296831220388412
leaf_count=219 363 195 90 98 44 1488 46 52 529 117 130 83 691 727 303 114 246 185 84 347 196 66 100 227 174 616 795 658 388 126 114 50 119 147 163 1062 111 169 53 45 47 628 48 2626 440 68 697 45 127 73 44 173 159 46 89 79 134 53 1043 93
internal_value=-0.998665 -1.00499 -1.01271 -0.98666 -0.968316 -0.990224 -0.958554 -1.01548 -1.00189 -0.985075 -0.985095 -1.02012 -0.998485 -1.00223 -1.00536 -0.992986 -0.940056 -0.997479 -0.959174 -1.02127 -0.990965 -0.989297 -0.985377 -0.994302 -0.99335 -0.998999 -1.00465 -1.01011 -0.995691 -0.999461 -0.987505 -0.992476 -0.990184 -0.975898 -1.01416 -0.991796 -0.987508 -0.930444 -0.972946 -1.01347 -1.02196 -1.00786 -0.928984 -1.02214 -1.01478 -0.994677 -0.993236 -1.00406 -1.00323 -0.991542 -0.991049 -0.979441 -0.994203 -1.02091 -1.00221 -0.971126 -0.970033 -0.993082 -0.996898 -1.02417
internal_weight=3588.93 2351.63 1073.41 1237.3 197.724 1039.57 80.27 976.618 249.86 96.7961 136.538 726.758 1278.22 854.246 668.523 959.305 82.0406 94.4353 42.1024 710.429 423.975 115.683 58.0383 910.513 865.853 311.833 190.641 447.584 220.939 73.7775 40.135 37.9708 554.02 52.3329 294.126 501.687 105.256 42.2991 32.2654 33.6426 113.322 155.621 57.8416 689.771 154.834 72.9906 380.889 28.1338 115.683 39.348 185.723 42.6926 102.698 138.505 153.457 24.199 48.7915 20.6577 243.761 534.936
internal_count=18242 11953 5456 6289 1005 5284 408 4964 1270 492 694 3694 6497 4342 3398 4876 417 480 214 3611 2155 588 295 4628 4401 1585 969 2275 1123 375 204 193 2816 266 1495 2550 535 215 164 171 576 791 294 3506 787 371 1936 143 588 200 944 217 522 704 780 123 248 105 1239 2719
is_linear=0
shrinkage=1


Tree=1
num_leaves=61
num_cat=0
split_feature=30 44 36 37 37 28 27 17 0 29 37 26 27 27 30 30 43 8 18 31 29 23 14 12 37 29 43 30 18 3 12 28 37 29 37 28 3 7 12 34 39 8 43 41 1 1 7 17 14 3 3 27 18 30 18 8 28 3 29 13
split_gain=509.114 261.381 222.93 156.685 117.335 216.903 107.827 91.9513 80.7321 75.6177 71.565 128.673 112.222 78.773 71.9634 67.4051 62.3378 57.4172 57.1435 56.4156 58.2873 46.0491 40.1276 44.8956 37.0512 34.1846 33.9943 33.8048 32.2239 28.4288 27.0542 26.9497 31.5826 26.6359 25.9922 26.5812 24.7117 24.2421 23.0004 21.7859 20.7303 20.6648 19.8777 18.9503 18.77 17.6049 18.7328 17.6032 17.1332 16.3794 16.3402 15.9857 15.2449 20.4368 19.1819 16.9287 13.8194 13.5225 13.4018 13.327
threshold=0.018535000000000006 0.33190000000000003 0.86420000000000019 0.53815000000000013 -0.25479999999999997 0.0079750000000000012 0.016385 1.0000500000000001 0.74368170000000011 0.018455000000000003 -0.34609999999999991 0.49475000000000008 0.016535000000000005 -0.010519999999999998 0.049765000000000011 -0.036494999999999993 0.65706549493097377 0.014345705500000002 1.0011500000000002 0.030930000000000003 0.013295000000000001 69.870000000000019 0.79425000000000012 -0.15519999999999998 0.25250000000000006 0.069780000000000023 0.27429006177557408 -0.028734999999999997 -1.1511999999999998 0.72589162195731294 -0.087049999999999975 0.014775000000000002 0.21245000000000003 0.016820000000000005 0.11370000000000001 0.014365000000000001 0.55487405145210789 53.413680718892742 0.045040000000000004 222.50000000000003 0.17375000000000004 0.0047020316000000008 0.17770697145259062 0.18291249646417898 -0.54599132892761049 -0.17112989018934435 46.503833891113572 1.0332500000000002 1.1537500000000003 1.0245655679517667 0.4413530311522757 0.056540000000000007 -0.97594999999999987 -0.0049699999999999996 1.0506500000000003 -0.0098179579999999999 0.047895000000000007 0.39249049583799639 0.013295000000000001 0.21437000000000003
decision_type=2 2 2 2 2 2 2 2 2 2 2 2 2 2 2 2 2 2 2 2 2 2 2 2 2 2 2 2 2 2 2 2 2 2 2 2 2 2 2 2 2 2 2 2 2 2 2 2 2 2 2 2 2 2 2 2 2 2 2 2
left_child=2 10 15 4 5 -4 37 16 -3 27 11 25 21 -13 22 28 18 -15 -7 20 30 29 -14 56 -25 40 -9 -6 -1 36 -17 42 -33 -23 35 50 39 41 59 -12 -2 -5 -31 -39 -40 46 -29 -38 -35 57 -22 -16 -21 54 -54 -55 -24 -30 -47 -32
right_child=1 8 3 6 9 7 -8 26 -10 -11 12 13 14 17 51 19 -18 -19 -20 52 34 33 23 24 -26 -27 -28 45 49 31 38 32 -34 48 -36 -37 47 43 44 -41 -42 -43 -44 -45 -46 58 -48 -49 -50 -51 -52 -53 53 55 -56 -57 -58 -59 -60 -61
leaf_value=0.025259188518098406 0.011181292824868442 0.010217009694135974 -0.024615904992730784 0.023368813725498514 0.0053963178241917004 0.014712926838498343 0.051550346512269418 0.026660564816087438 0.068470953583775959 0.023616649362029288 -0.00041879407726132722 0.068655772191449194 0.0028488022888327608 0.049426353883764734 0.0025590589603301152 -0.0035374347191140265 -0.0057940987932660224 0.0015091723380794653 0.060293146472116782 -0.011696170647484428 0.018469745382727689 -0.019835416940436581 0.021065333036656638 0.022899973299476409 0.055231566808400946 0.036694385610956927 -0.015770214220053862 -0.006682304467393054 0.01340173139938048 0.0064122125271245415 -0.024450082858107812 0.023537316277392192 0.00099318713964519859 0.0067522174507241364 -0.0045447669438415097 0.027220302593568484 0.014213341661711077 -0.024207955143087538 0.018900267361190902 0.023758145326022297 -0.0054133722898119336 -0.0079012577679669575 -0.015044415157134014 0.011097703108419486 -0.011138924970713043 -0.025985575448758621 -0.022863333177236538 0.040407789555181872 -0.01234137384673344 0.011371291569221854 -0.0038239251860204687 0.027327476918421113 0.0093543498271627598 0.031934404685302294 -0.015917852337209742 0.010030522279115044 -0.012214842998038265 -0.00072255214431160759 -0.0052846326810861337 -0.0013970467064309653
leaf_weight=43.602394759654999 94.073456361889839 17.38211689889431 121.26356220245361 22.83657830953598 20.704224616289139 26.269020915031433 24.38187412917614 9.6517747938632947 49.163780137896538 16.511763483285904 93.944468751549721 32.610142782330513 23.121829718351364 19.850940182805061 103.49865271151066 153.1844883710146 16.79497717320919 29.711502626538277 34.892335787415504 16.973547995090485 21.320173218846321 66.371964171528816 9.6847196668386477 37.356165409088135 50.984620526432991 16.411363944411278 40.500826641917229 68.053958475589752 38.805502653121948 29.150226607918739 122.3605193644762 35.676374077796936 183.10337111353874 54.680941566824913 115.43411947786808 31.598340287804604 62.60111927986145 24.508148968219757 8.8773863017559034 21.016080796718597 61.660356417298317 16.704025089740753 73.68794296681881 8.8995205610990507 146.07356387376785 510.34687188267708 85.637421607971191 16.410772934556007 38.464864984154701 137.86610874533653 52.849162995815277 12.563016429543493 32.955555096268654 21.528811037540436 24.055371791124344 90.787318646907806 10.282452985644339 205.12996061146259 18.251362860202789 14.706568166613577
leaf_count=219 476 88 622 115 105 133 121 49 243 83 476 162 117 100 524 780 85 150 174 86 108 338 49 189 255 82 207 347 196 148 629 181 929 278 588 159 317 126 45 106 313 85 374 45 746 2626 440 83 196 697 268 63 167 109 122 460 52 1043 93 75
internal_value=-6.50149e-05 0.0116214 -0.00627036 -0.013894 -0.0166439 -0.00322254 0.0131705 0.017124 0.0543143 -0.0212641 0.00908017 0.019649 0.00611451 0.0424477 0.0190515 0.000106358 0.0320741 0.0223686 0.0422649 -0.00356162 -0.00663515 0.0013108 0.0303416 0.035984 0.0427193 0.00824454 -0.00659581 -0.0224107 0.00743308 0.00459857 -0.011328 0.000449607 0.00492865 -0.00920847 0.00283423 0.0107943 0.0113701 -0.00113424 -0.0153399 0.00447563 0.00463196 0.0105205 -0.00895329 -0.0146678 -0.00910306 -0.0232738 -0.0159543 0.020889 -0.00126672 0.00522267 0.00303712 0.00583949 0.00736584 0.00944104 -0.00156272 0.0149255 0.00454986 0.00165506 -0.0253035 -0.0220567
internal_weight=3587.78 1243.46 2344.32 1066.21 968.878 249.372 97.3301 128.109 66.5459 719.506 1176.92 254.318 922.6 82.1726 247.491 1278.11 77.9563 49.5624 61.1614 852.705 666.404 675.108 131.43 108.308 88.3408 172.145 50.1526 702.994 425.404 515.59 445.203 321.618 218.78 159.518 221.202 105.768 193.972 72.9483 292.018 114.961 155.734 39.5406 102.838 33.4077 154.951 682.29 153.691 79.0119 93.1458 381.802 74.1693 116.062 186.301 169.327 57.0109 112.316 19.9672 243.935 528.598 137.067
internal_count=18242 6289 11953 5456 4964 1270 492 648 331 3694 5958 1283 4675 412 1249 6497 392 250 307 4342 3398 3426 662 545 444 871 256 3611 2155 2614 2275 1632 1110 812 1123 535 982 371 1495 582 789 200 522 171 791 3506 787 400 474 1936 376 587 944 858 289 569 101 1239 2719 704
is_linear=0
shrinkage=0.0226245


Tree=2
num_leaves=61
num_cat=0
split_feature=30 0 44 31 45 0 28 5 37 34 27 27 37 26 37 28 28 37 28 37 31 14 6 12 13 29 9 9 37 13 27 7 35 27 28 37 43 13 28 37 37 37 45 27 13 0 29 8 7 35 6 31 37 28 31 16 0 43 28 13
split_gain=469.033 194.143 171.977 150.569 106.775 89.6046 71.24 78.1776 58.0532 48.338 44.1232 62.3466 56.0614 94.3323 49.6876 105.752 40.5507 34.2172 133.239 42.858 27.8249 27.8095 27.0805 26.8688 26.46 28.4901 25.8645 25.0031 24.2417 41.3249 30.6889 29.5213 25.5326 22.3025 21.7794 29.2175 21.3665 24.7765 31.4418 41.7604 25.9091 21.433 21.1083 21.0197 20.6262 20.6075 18.8269 18.4793 17.9696 17.6838 17.416 17.2798 17.7978 27.0135 23.5823 15.4528 14.9421 16.9782 14.6929 21.6582
threshold=0.018095000000000003 0.62212687000000011 0.30950000000000005 -0.070639999999999994 1.9679000000000002 0.76029232000000013 0.015625000000000003 -1.1540952920913694 -0.23454999999999995 5.5000000000000009 0.022310000000000003 -0.010364999999999997 -0.15764999999999998 0.61325000000000007 -1.0000000180025095e-35 0.043525000000000001 -0.014909999999999998 -0.36079999999999995 0.008465000000000002 0.4431500000000001 0.046815000000000002 0.79425000000000012 -0.28572745397348093 0.09666000000000001 0.17957000000000004 0.013715000000000001 4.5000000000000009 2.5000000000000004 0.53815000000000013 0.060265000000000006 0.015515000000000003 18.973068418631701 3.5000000000000004 0.017295000000000001 0.014365000000000001 0.68895000000000006 0.65706549493097377 -0.10532999999999999 -0.010334999999999999 0.11945000000000001 0.48635000000000006 0.27305000000000007 2.0079000000000007 0.060260000000000008 0.079720000000000013 0.18295642500000001 0.020985000000000004 0.045776039500000011 45.239679067280655 3.5000000000000004 -0.00069515092373774988 0.047835000000000009 -0.55539999999999989 0.015245000000000002 -0.0058449999999999986 0.9799500000000001 0.54088612000000014 0.38107875465145796 0.018355000000000007 -0.13137499999999996
decision_type=2 2 2 2 2 2 2 2 2 2 2 2 2 2 2 2 2 2 2 2 2 2 2 2 2 2 2 2 2 2 2 2 2 2 2 2 2 2 2 2 2 2 2 2 2 2 2 2 2 2 2 2 2 2 2 2 2 2 2 2
left_child=1 3 10 22 24 33 7 17 42 21 11 12 13 -2 26 -16 -9 18 -6 -19 -15 -3 -1 -18 25 58 27 -12 31 30 -30 -11 -31 -4 50 45 37 40 39 -39 -13 -40 -8 -17 -10 -36 56 -48 -27 -46 -24 52 53 -33 -54 -26 57 -14 59 -5
right_child=2 9 5 4 6 -7 8 16 44 28 14 36 46 20 15 43 23 19 -20 -21 -22 -23 34 -25 55 48 -28 -29 29 32 -32 51 -34 -35 35 -37 -38 38 41 -41 -42 -43 -44 -45 49 -47 47 -49 -50 -51 -52 -53 54 -55 -56 -57 -58 -59 -60 -61
leaf_value=0.031711307623623272 0.00011141265271847199 0.00692774915116506 -0.0076808178866077936 0.0019915110063135019 -0.020663714635546119 0.05699376403512442 0.046517598827726464 0.018602207899193271 -0.019410461080060101 -0.021518889451558842 0.0060030749861131752 -0.011501926563787197 0.025759196419424875 0.065160951766593728 0.053331155376059286 0.00092157877706984645 -0.022586419881799696 -0.016213213181202845 0.045861082511276054 0.0066015720942532198 0.016399015753635244 0.040204593717985307 -0.0060365713733766865 -0.0094517193802989476 -0.0007049044065402945 -0.0036817156455084469 -0.0059359172585594895 0.028296265624780277 0.012590404573395903 0.02184249203037775 0.047679230724083255 0.00299534009244997 -0.013105706638890779 0.029899334583161474 0.0013352419604638543 -0.011445930785723814 -0.01283228192773961 -0.0080431319988095266 0.0094938187750383679 0.044038871747025934 0.018163626052929985 0.000371017074376157 0.0060470422717472053 0.032513351401084412 0.010058742993329269 0.032274251612012438 0.031305867301942097 0.0058763206123935395 0.020801714452290284 -0.007448731582679541 0.012279495025378616 0.016175652539983959 0.0025407277854942946 0.041976217546412189 -0.013887096141598197 0.023919982808502022 -0.012317375271960819 -0.0061013967812266921 0.011137978505407578 -0.018288460968681534
leaf_weight=19.060167744755745 26.790615603327751 24.432672530412674 18.380034714937214 40.533726871013641 32.844789251685143 55.575195893645287 11.324490681290628 11.230772495269774 52.612288594245911 26.39974756538868 79.972826838493347 87.268293619155884 13.428436502814295 29.094771385192871 44.310823455452919 50.103423342108727 766.32100616395473 171.88940332829952 24.341255098581314 53.754684433341026 10.333623111248015 28.090995192527771 87.708789125084877 95.468340873718262 20.259402379393578 26.045659378170967 47.406001463532448 36.701959326863289 43.247468709945679 12.063171297311781 17.398491710424423 42.994194880127907 35.038492619991302 10.414194092154501 15.97135144472122 14.406607687473295 41.116760641336441 10.857495561242105 213.4320322573185 19.862766429781914 15.407141804695128 338.09498666226864 14.18620230257511 10.906780943274496 36.228868141770363 34.606432244181633 22.133710160851479 39.422075256705284 32.006460532546043 119.23493808507919 34.716571748256683 36.8304832726717 129.22912384569645 8.8332967609167081 64.956850588321686 32.928825438022614 29.764489307999611 16.160091027617455 14.797089621424673 74.578840762376785
leaf_count=96 135 123 93 208 169 268 56 57 270 136 403 441 68 142 219 253 3961 887 121 274 51 140 445 489 103 132 239 185 219 61 86 218 178 52 81 73 211 55 1078 98 77 1714 72 54 184 175 112 200 162 606 176 186 655 44 332 167 151 82 75 382
internal_value=-0.000853796 -0.00692608 0.0101919 -0.0102415 -0.0125452 0.0408743 -0.0149526 -0.0172515 -0.00350526 0.0060293 0.00790851 0.00550294 0.0170434 0.0333453 0.0159173 0.0278609 -0.0205965 -0.00682236 0.00849724 -0.0107633 0.0543757 0.0258948 0.00787389 -0.0211679 0.0013384 -0.00269258 0.00790101 0.0135307 0.0033659 0.0124544 0.0243694 0.000113172 -0.0034091 0.00739956 0.00500434 0.0152841 0.00247268 0.00344157 0.00524968 0.0265232 -0.00667463 0.00393252 0.0269204 0.00778545 -0.00755353 0.0231053 0.00754472 0.0160149 0.0101635 -0.00325958 -0.000679022 0.00232967 9.28769e-05 0.011507 -0.00307766 0.0149877 -0.00157569 0.00936432 -0.00853382 -0.0112736
internal_weight=3573.51 2306.57 1266.94 1837.06 1630.59 84.3694 1389.44 1155.85 233.587 469.515 1182.57 913.167 187.128 66.219 269.402 105.321 873.02 282.83 57.186 225.644 39.4284 52.5237 206.47 861.789 241.15 187.962 164.081 116.675 416.991 107.748 60.646 309.244 47.1017 28.7942 187.41 64.9844 726.039 684.923 582.247 30.7203 102.675 551.527 25.5107 61.0102 208.076 50.5778 120.909 61.5558 58.0521 155.464 122.425 282.844 246.013 51.8275 194.186 53.1882 59.353 29.5885 129.91 115.113
internal_count=18180 11799 6381 9421 8375 413 7146 5958 1188 2378 5968 4615 941 328 1353 526 4507 1451 290 1161 193 263 1046 4450 1229 959 827 588 2115 544 305 1571 239 145 950 329 3674 3463 2945 153 518 2792 128 307 1060 256 613 312 294 790 621 1435 1249 262 987 270 301 150 665 590
is_linear=0
shrinkage=0.0226245


Tree=3
num_leaves=61
num_cat=0
split_feature=30 36 44 37 27 37 27 0 31 29 15 0 0 14 27 27 37 26 37 37 30 21 16 39 12 27 12 27 35 6 6 12 39 27 9 12 35 12 31 6 6 27 9 35 34 23 27 31 3 33 29 8 8 23 6 8 21 21 0 14
split_gain=448.357 218.927 161.02 121.053 108.293 82.9631 109.926 82.1375 75.5938 73.1875 65.7365 65.6788 44.5495 42.4539 41.7629 59.2997 52.5991 87.588 46.6889 89.8186 36.8261 31.9524 31.1035 27.8627 26.6644 26.4022 23.3443 34.4185 31.7581 28.5412 27.9758 26.7003 22.123 21.2838 20.5307 20.4564 21.9687 20.3591 27.0774 22.3617 19.257 19.9225 19.1921 19.2311 21.2133 20.4712 19.0646 18.4135 18.0126 22.9042 17.8832 17.3738 17.1758 16.6175 16.4323 15.9966 15.6592 22.0372 19.2379 18.3618
threshold=0.018095000000000003 0.72710000000000008 0.30950000000000005 0.54580000000000017 0.013795000000000002 -0.2644999999999999 -0.0048849999999999996 0.76029232000000013 -0.10055999999999998 0.017395000000000004 1.0000500000000001 0.34839402500000005 0.58705455000000006 1.0426000000000002 0.022310000000000003 -0.010364999999999997 -0.15764999999999998 0.61325000000000007 -1.0000000180025095e-35 1.1342500000000002 -0.029819999999999996 17.765000000000004 1.0206500000000001 0.28795000000000004 -0.031599999999999996 -0.011314999999999999 -0.10165999999999999 0.013795000000000002 3.5000000000000004 0.058210475320374509 -0.088336034415242196 0.091220000000000009 0.15875000000000003 0.017295000000000001 2.5000000000000004 -0.39864999999999995 14.500000000000002 -0.26808499999999996 0.058730000000000004 -0.079858749644512089 -0.011604133242586849 0.011295000000000001 1.5000000000000002 12.500000000000002 87.500000000000014 -65.434999999999988 0.060260000000000008 0.032830000000000005 0.62754335541963691 -0.42084999999999995 0.020985000000000004 0.045776039500000011 0.014345705500000002 59.650000000000006 0.089653830486335767 -0.0073913336499999991 17.765000000000004 18.145000000000003 0.13171720500000003 1.0103500000000001
decision_type=2 2 2 2 2 2 2 2 2 2 2 2 2 2 2 2 2 2 2 2 2 2 2 2 2 2 2 2 2 2 2 2 2 2 2 2 2 2 2 2 2 2 2 2 2 2 2 2 2 2 2 2 2 2 2 2 2 2 2 2
left_child=1 8 14 5 40 6 10 33 23 20 11 24 26 -6 15 16 17 -2 21 -20 -7 -16 -12 32 -3 -19 28 29 30 31 -10 -28 42 -4 -23 36 -17 39 -39 -30 41 -5 -1 44 -44 -45 53 -14 -49 -50 -18 -52 -8 -21 -22 -31 59 -58 -59 -37
right_child=2 3 7 4 13 9 52 -9 12 -11 22 -13 47 -15 18 35 50 25 19 46 54 34 -24 -25 -26 -27 27 -29 37 55 -32 -33 -34 -35 -36 56 -38 38 -40 -41 -42 -43 43 45 -46 -47 -48 48 49 -51 51 -53 -54 -55 -56 -57 57 58 -60 -61
leaf_value=0.00042974177449268936 0.00010913241975791973 0.018259780571294949 -0.0075539078462966156 -0.0094430914481528419 0.049321641422783197 0.0045843235556328162 -0.025284713545847669 0.054556879565867099 -0.0056905217860088956 0.01916790622723687 -0.020989665713031253 0.045896567378078706 0.0014665940853115988 -0.0019098098498247184 -0.00044711411461467016 0.034471113241597857 -0.0015348941446705286 0.062538260941433679 0.049932930743348425 0.021380914889390579 -0.023302776926142153 0.0091315165448486429 0.016488430449239588 0.02802348590071288 -0.010736385227811587 0.015614371930579107 -0.021984012035744706 -0.00062262545685146228 -0.0053212165737685979 0.017173058795647178 0.023420913112657704 -0.0034937494036711148 -0.0053908283236176512 0.029065712473411855 0.035654663707685226 0.0027830745631251996 0.0039639746607974249 -0.01472752072493886 0.012902392056477533 0.016708954735096124 -0.020831403890534873 0.027622516945522403 0.044516068317542075 0.027518152636749268 0.011550046752189699 -0.006276122071401464 0.03157522657347777 -5.8941372189231241e-05 -0.0030350675981233644 0.033326065935765606 0.030293683350012819 0.0057378643732172857 0.0020873339518416539 -0.0062419165999534447 0.0049151600972521942 -0.0072770871717701986 0.030142301183724126 -0.0093591664206214321 0.0069037812726977501 -0.0066758649717357146
leaf_weight=42.934332951903343 26.79197108745575 32.794986233115196 18.31534726917744 18.089517772197727 29.743754893541336 25.050788208842278 97.510541409254074 56.857996746897697 25.737762555480003 20.85688042640686 41.115681797266006 28.553525745868683 219.44953180849552 10.812264695763586 99.53488227725029 17.45345613360405 59.296298712491989 29.808406054973602 45.771554321050644 12.579917028546332 662.31385359168053 41.998617619276047 12.862627521157263 41.759279906749725 27.190163418650627 10.481975227594374 165.27724888920784 158.43239243328571 59.83157853782177 16.798302292823792 41.529672294855118 54.056895196437836 46.37071581184864 10.551863789558409 23.105753302574158 240.27669636905193 31.927305147051811 113.13012291491032 19.210782080888748 35.043455809354782 33.42209330201149 8.6701812744140607 20.113969922065735 11.357761040329931 22.568457633256912 23.545162245631218 11.060881912708281 26.2136519998312 11.557188332080839 29.705645695328712 22.448714151978493 39.528478980064392 12.809341475367544 37.099634185433388 9.8004992455244047 42.104186058044434 14.83885422348976 43.113914355635643 196.93829919397831 182.22250790894032
leaf_count=216 135 165 93 92 145 127 511 268 131 104 212 139 1114 53 501 88 301 142 222 63 3471 211 66 209 138 51 859 808 305 85 210 276 234 52 115 1214 161 577 97 178 172 44 101 57 114 119 54 132 58 149 112 200 65 187 51 215 75 219 992 925
internal_value=-0.000825613 -0.00678769 0.00993795 -0.014244 0.00915047 -0.0166914 -0.00546624 0.0393869 -0.00025611 -0.0206064 0.00761986 0.01938 -0.00280598 0.0364453 0.00771922 0.00537748 0.0165899 0.0322566 0.0154823 0.0269799 -0.0218706 0.00770656 -0.0116744 0.0120539 0.005227 0.0521944 -0.00576492 -0.00906759 -0.000827037 -0.0138204 0.0125069 -0.0175317 0.00764853 0.00725966 0.0196611 0.00241731 0.0160576 -0.00488218 -0.0105265 0.0030695 -0.0100711 0.00408914 0.0126743 0.0191912 0.0289248 0.00598517 0.00819977 0.00471634 0.0147904 0.02361 0.00737429 0.0155865 -0.0221343 0.00154423 -0.022872 0.000173194 0.00135889 0.00575473 0.00390624 -0.00131418
internal_weight=3570.33 2298.32 1272 1071.6 100.738 970.859 252.837 85.7252 1226.73 718.022 142.517 88.5387 1018.08 40.556 1186.28 915.127 188.356 67.0824 271.151 106.512 697.165 164.639 53.9783 208.65 59.9851 40.2904 731.152 436.669 294.483 278.237 67.2674 219.334 166.89 28.8672 65.1044 726.771 49.3808 227.216 132.341 94.875 60.1818 26.7597 120.52 77.5854 42.6824 34.9029 60.7404 286.926 67.4765 41.2628 121.273 61.9772 110.32 49.6796 672.114 58.9025 677.39 254.891 240.052 422.499
internal_count=18180 11799 6381 5555 506 5049 1296 413 6244 3753 720 442 5194 198 5968 4615 941 328 1353 526 3649 827 278 1050 303 193 3741 2243 1498 1435 341 1135 841 145 326 3674 249 1157 674 483 308 136 607 391 215 176 304 1453 339 207 613 312 576 250 3522 300 3425 1286 1211 2139
is_linear=0
shrinkage=0.0226245


Tree=4
num_leaves=61
num_cat=0
split_feature=30 36 44 37 37 27 27 43 0 0 30 27 37 0 37 27 27 45 30 30 13 45 15 15 21 29 45 21 35 21 45 34 1 13 12 13 7 37 15 0 31 18 0 1 37 30 8 5 31 43 34 37 1 27 37 5 12 13 29 5
split_gain=466.212 259.17 201.748 88.3744 99.3732 110.756 76.738 75.5671 66.1141 63.9836 63.6594 54.8596 52.1975 51.4041 47.9568 47.8536 44.4094 40.4279 40.1454 39.4062 38.6306 39.8307 37.523 29.7635 29.2161 29.3339 27.4111 25.6966 24.7697 23.8157 22.8661 22.7552 22.0041 21.8193 21.2403 28.6529 21.1096 38.6827 29.8823 20.1195 19.8535 22.5643 19.4403 19.0555 18.7414 30.8436 29.7362 20.2508 18.7275 18.6333 36.6279 18.1913 18.0991 25.3998 17.9739 17.1555 16.9774 18.3674 16.6006 16.0014
threshold=0.017215000000000005 0.98440000000000005 0.33550000000000008 0.53815000000000013 -0.25479999999999997 -0.0048849999999999996 0.016385 0.087101778106673342 0.47369425000000004 0.71660228000000015 0.031955000000000004 -0.010724999999999998 0.42010000000000008 0.34564794000000004 -0.15764999999999998 -0.022859999999999995 0.0027550000000000001 2.0013000000000001 -0.032229999999999988 -0.028734999999999997 0.064055000000000015 2.0035000000000003 -0.99244999999999994 -0.98424999999999985 14.500000000000002 0.019635000000000003 1.9771000000000003 17.765000000000004 8.5000000000000018 20.990000000000006 2.0905 22.500000000000004 0.0063703614665386009 0.60152000000000017 0.091220000000000009 0.115745 66.877527350072015 -0.54059999999999986 -0.9938499999999999 1.0000000180025095e-35 0.040635000000000011 -1.1096499999999996 0.68178335000000012 -0.13271719368954069 0.4431500000000001 0.0091600000000000015 1.0000000180025095e-35 8.4640173912048358 0.044035000000000012 0.29065122947655014 18.500000000000004 -0.41489999999999994 0.26249914393087853 0.021255000000000007 1.0945000000000003 -1.9576707482337949 0.085980000000000015 -0.12942999999999996 0.022935000000000001 -0.21523579955101008
decision_type=2 2 2 2 2 2 2 2 2 2 2 2 2 2 2 2 2 2 2 2 2 2 2 2 2 2 2 2 2 2 2 2 2 2 2 2 2 2 2 2 2 2 2 2 2 2 2 2 2 2 2 2 2 2 2 2 2 2 2 2
left_child=1 8 7 4 5 13 56 10 18 -4 12 14 22 20 15 -9 -14 42 -1 59 21 -3 -2 -8 -12 -26 -20 36 29 31 34 -29 -31 -16 35 -28 38 -38 -13 -40 41 51 -15 -42 47 -46 -47 48 -21 50 -43 -10 53 -30 -27 -22 57 -5 -39 -6
right_child=2 3 9 6 19 -7 23 11 40 -11 24 27 16 17 33 -17 -18 -19 26 44 55 -23 -24 -25 25 54 30 28 52 32 -32 -33 -34 -35 -36 -37 37 58 39 -41 43 49 -44 -45 45 46 -48 -49 -50 -51 -52 -53 -54 -55 -56 -57 -58 -59 -60 -61
leaf_value=0.0045805204801822406 -0.008772715046199888 0.035647947140164983 0.0071738022219449736 0.01464480644335271 -0.013446344224873397 -0.021410532396039458 0.05818034911571477 0.0054836827959383007 -0.0065740779148767805 0.059159842644104725 -0.013914326449160399 -0.012628256500214131 0.0039553907885829156 0.056314909013538479 0.00011270584073371785 0.050307099019462093 0.057911905204260747 0.0034710279722119349 0.0012183264675030027 -0.024229268244788934 0.012312262587018319 -0.014204284619859972 0.029601438879284941 0.0055359123048902247 0.00029106705714842808 0.024190078883358484 -0.020975045732771133 -0.0052039553025295619 -0.0028695665156372716 0.020297779216937362 0.012197679064505458 0.031673258519218914 -0.011432967819620355 0.029209501258504196 0.00026106040484562385 -0.0061706897255065412 0.023467422899493096 -0.017082529153605756 0.033571658491180413 0.0049232826815557426 0.036687515891684813 0.027189660908760759 0.012253446157885773 0.010526064563896662 -0.026178608445517122 0.031982623608712554 -0.015178428130643979 0.0012747272643708111 0.0040446789100044393 -0.014603151412605658 0.0022711533723032105 0.024428272216618925 0.021736640591372234 0.016815870534849862 0.0012390578254223023 -0.017501227278919146 0.019326249211252061 -0.016863428125076765 -0.0018124016376065528 0.021724252309187973
leaf_weight=225.53096422553062 19.290660113096237 19.712237104773525 16.545263469219208 9.4725742340087873 8.6675452440977114 103.62017320096493 13.836498603224756 19.31120876967907 10.824214205145834 53.525270313024521 19.433352321386337 47.422300577163696 9.968179836869238 18.062442064285282 56.427901864051819 34.229193314909935 42.470431476831436 22.735820710659027 151.30827239155769 578.94601804018021 10.053089112043379 10.882474124431608 31.472499772906303 9.1760763972997648 55.892911285161972 96.489258393645287 148.65919601917267 9.2294254601001722 142.92049638926983 18.173219949007034 19.637256443500519 53.127493113279343 21.122583940625191 14.333542734384535 62.527885630726814 125.81625744700432 17.31312383711338 76.079888015985489 10.321794271469114 310.42986263334751 17.71162049472332 30.486181735992432 9.385303005576132 59.923162296414375 18.500629752874374 11.946604385972025 10.295198053121565 16.852690190076828 11.4601534307003 25.042751014232635 324.75455529987812 44.863115146756172 23.573180601000786 40.719849810004234 21.5826226323843 48.18363681435585 8.7473561167716962 44.253180980682373 69.086782678961754 13.346522539854048
leaf_count=1140 97 98 83 48 44 548 65 97 54 247 98 240 50 86 284 161 202 116 772 3071 50 57 155 44 280 481 776 46 721 91 100 265 106 72 320 647 86 390 51 1566 88 154 45 300 98 63 54 87 60 129 1647 222 118 202 109 248 44 228 350 67
internal_value=0.00043908 -0.00584776 0.0110379 -0.0144219 -0.0164797 -0.00401316 0.00736761 0.0088977 0.00103229 0.0476559 0.0188367 0.00579193 0.032995 0.0091267 0.0196481 0.0352499 0.0483983 0.0267446 -0.00332299 -0.0209577 -0.00135567 0.0182202 0.0153319 0.0401512 0.0109065 0.0138615 -0.00683825 0.00367992 0.00883543 0.0178322 -0.0102386 0.0262263 0.00362704 0.00692237 -0.0116387 -0.0143241 0.000647521 -0.00607918 0.00364036 0.00613702 0.00723585 0.00528676 0.0438537 0.0175981 -0.0219697 -0.00654563 0.0109182 -0.0229685 -0.0236634 0.0032459 0.00461198 0.018375 0.0042371 0.00168847 0.0201248 -0.0120155 -0.00595088 -0.0108436 -0.0099927 0.00792299
internal_weight=3575.71 2245.22 1330.49 998.136 912.651 242.635 85.4857 1260.42 1247.09 70.0705 296.6 963.822 103.202 139.015 124.302 53.5404 52.4386 50.1836 733.48 670.015 88.8314 30.5947 50.7632 23.0126 193.398 173.965 507.949 839.52 308.866 101.653 356.641 62.3569 39.2958 70.7614 337.003 274.475 530.654 162.48 368.174 320.752 513.606 435.971 27.4477 77.6348 648.001 40.7424 22.2418 607.259 590.406 380.283 355.241 55.6873 207.214 183.64 118.072 58.2367 62.4731 53.7258 145.167 22.0141
internal_count=18218 11570 6648 5221 4792 1248 429 6318 6349 330 1472 4846 504 700 614 258 252 247 3755 3544 453 155 252 109 968 870 2615 4232 1549 508 1843 311 197 356 1743 1423 2683 826 1857 1617 2594 2206 131 388 3433 215 117 3218 3131 1930 1801 276 1041 923 590 298 320 276 740 111
is_linear=0
shrinkage=0.0226245


Tree=5
num_leaves=61
num_cat=0
split_feature=30 36 44 37 37 28 27 43 8 30 27 43 37 37 28 43 27 43 16 30 15 28 37 15 30 31 5 13 15 29 2 13 23 39 45 13 37 43 28 24 2 25 35 27 34 27 2 37 23 16 31 24 24 13 37 37 37 35 33 5
split_gain=445.157 250.016 188.778 85.7962 97.0298 142.665 72.8057 71.2934 65.794 59.7015 52.0918 49.7954 48.257 44.9334 49.6596 42.0316 40.8156 40.34 40.2668 38.3512 35.5026 27.9784 75.2306 36.0772 27.8952 32.0626 31.5458 27.8383 27.7057 26.7789 26.5621 24.2306 21.3905 23.5987 21.2678 20.7202 20.1461 31.5584 30.835 23.8026 20.0195 19.1632 18.7809 18.7007 18.6717 18.6007 18.4719 17.9495 17.8524 17.3437 16.913 16.4329 16.3394 17.765 16.3078 16.2548 16.7459 15.9033 15.4912 15.3446
threshold=0.017215000000000005 0.98440000000000005 0.33550000000000008 0.53815000000000013 -0.25479999999999997 0.0079750000000000012 0.016385 0.087101778106673342 0.0043099224500000007 0.031955000000000004 -0.010724999999999998 0.091167986548881488 0.42010000000000008 -0.15764999999999998 0.014365000000000001 0.23665268795263766 0.0027550000000000001 0.65706549493097377 1.0065500000000001 -0.028734999999999997 -0.99244999999999994 0.023060000000000004 0.31225000000000008 0.98125000000000007 -0.032229999999999988 0.03969000000000001 5.1020798683166513 0.28847000000000006 -0.98424999999999985 0.021265000000000003 0.51891591161977435 -0.27219999999999994 45.755000000000003 0.16485000000000002 2.0453000000000006 0.60152000000000017 0.24230000000000004 0.22914660624734992 0.0089200000000000026 0.14357500000000004 0.24529750141163184 1.8764500000000004 3.5000000000000004 0.018935000000000004 226.50000000000003 0.06571500000000001 0.85777532356816255 -0.42824999999999996 61.545000000000009 1.0257500000000002 0.044035000000000012 -0.29243499999999994 0.085980000000000015 -0.12942999999999996 1.0945000000000003 0.7198500000000001 -0.60589999999999988 9.5000000000000018 -0.011749999999999998 -0.21523579955101008
decision_type=2 2 2 2 2 2 2 2 2 2 2 2 2 2 2 2 2 2 2 2 2 2 2 2 2 2 2 2 2 2 2 2 2 2 2 2 2 2 2 2 2 2 2 2 2 2 2 2 2 2 2 2 2 2 2 2 2 2 2 2
left_child=1 15 7 4 5 -3 52 9 17 12 13 -4 20 14 -9 30 -14 18 -7 59 -2 36 23 -23 46 26 27 51 -8 55 32 58 -1 -34 -10 40 38 -38 39 -12 -15 -40 -39 50 -33 48 47 -17 -24 -13 -21 -26 53 -5 -31 56 -11 -42 -28 -6
right_child=2 3 11 6 19 8 28 10 34 29 21 49 16 35 -16 24 -18 -19 -20 43 -22 22 45 -25 25 -27 31 -29 -30 54 -32 44 33 -35 -36 -37 37 42 41 -41 57 -43 -44 -45 -46 -47 -48 -49 -50 -51 -52 -53 -54 -55 -56 -57 -58 -59 -60 -61
leaf_value=-0.0013133464857140835 -0.0086301930171258714 -0.021704052864035955 0.057361723906337064 0.014316782922723066 -0.013280756612664165 0.013407628443279588 0.056063281198009046 0.0052436645169578163 -0.013703812405074352 0.017642571998353986 -0.011922911096941708 -0.0085902036202932935 0.0038806207689040173 0.016082111611743995 0.049973712781122184 -0.012110968745067627 0.055503702003350606 -0.0054793238210033533 0.051854499856106795 -0.022949122760574085 0.028652501040444464 0.0081719582794065361 0.0088415751452311335 0.044200015577105366 0.0010280193326233271 0.0073925794505143166 -0.0018634207108806807 0.0081853366325816551 0.0054312949217035379 0.020112909703996523 0.012508242539288764 -0.0083125977210386851 -0.0037539290147554673 0.022658244590260643 0.020554914514472764 0.028347373778986742 0.01558658862760909 0.0070035850691175707 0.012719906247367409 0.0040173174507063059 0.010140028658643115 -0.0087688783265468737 -0.013665987456537455 0.00025647647546730843 0.014380579521455479 0.031285515921185982 0.022711007498505836 0.005060273116704552 -0.0039004814044261106 0.029424543022473198 0.002018801872141198 -0.016180830028693496 0.018873028391628355 -0.016631336545980077 -0.00033390720620158428 0.023042556510001717 -0.011993108149949397 -0.020021682560129921 0.031090783971733114 0.021149109474043321
leaf_weight=242.87392036616802 19.214232236146927 116.32042542099953 51.050574451684952 9.5359280705451948 8.6137522161006945 29.384318023920059 14.139775022864344 20.628065720200539 42.112945750355721 9.5250973552465421 81.312790647149086 9.1231831610202807 9.9859008789062482 21.507780373096466 33.610270217061043 35.335498034954071 43.424747481942177 15.795896902680395 29.32374332845211 608.00529564917088 31.870340570807457 24.552413523197174 97.074318408966064 36.975259080529213 31.848100572824478 83.007699012756348 11.120864152908327 30.046190202236176 9.1967047750949842 106.20675058662891 194.66696929931641 86.88013744354248 26.819131076335907 42.504770174622536 8.9684165567159635 14.521099939942358 27.017564043402672 25.646741420030594 162.14992804825306 108.97635412216187 11.336643293499945 22.307647243142128 119.98207750916481 19.171472638845444 20.621591597795486 8.5560561418533307 21.764628350734711 166.7113057076931 126.16562783718109 11.074468314647673 13.750983804464338 236.46951538324356 8.8233437687158567 43.899972468614578 24.324143871665001 8.7754472792148572 45.491862013936043 23.586355924606323 16.764729544520378 13.476459458470343
leaf_count=1230 97 619 231 48 44 146 65 103 217 47 413 46 50 108 155 179 202 81 139 3260 155 122 487 185 163 420 57 153 44 525 976 448 135 214 46 72 135 130 811 548 57 112 610 101 106 41 108 842 638 53 72 1233 44 228 123 44 229 119 85 67
internal_value=0.000437388 -0.00572998 0.0107587 -0.0141985 -0.0162438 -0.00391923 0.00724839 0.00867961 0.0126713 0.0182921 0.0056601 0.0458861 0.0319033 0.0191104 0.0340888 0.00101168 0.0465474 0.0258529 0.0341446 -0.0207039 0.0149184 0.00359856 0.00919973 0.0308357 -0.00242176 -0.00530308 -0.00776556 -0.0118429 0.0389095 0.0106121 0.00601351 0.00127964 0.00188613 0.0126991 -0.0069096 0.00677346 0.000564541 -0.00577146 0.00350541 -0.00287064 0.000110275 0.0100258 -0.00996031 -0.0217146 -0.00369666 0.00314739 0.00421366 0.00192865 0.00168251 0.0133282 -0.0223901 -0.014149 -0.0058196 -0.0106568 0.016378 -0.00138448 -0.00623719 -0.0102038 0.0190084 0.00774021
internal_weight=3573.93 2237.95 1335.97 990.519 904.924 241.906 85.5957 1264.73 125.585 298.819 965.907 71.2482 104.495 125.19 54.2383 1247.44 53.4106 74.504 58.7081 663.018 51.0846 840.717 293.324 61.5277 740.57 516.759 433.751 298.364 23.3365 194.323 506.865 135.387 312.198 69.3239 51.0814 70.9519 547.393 172.646 374.747 190.289 56.4308 184.458 145.629 640.928 107.502 231.796 223.811 202.047 223.24 20.1977 621.756 268.318 62.2592 53.4359 130.531 63.7924 55.017 34.923 27.8856 22.0902
internal_count=18218 11570 6648 5221 4792 1248 429 6318 629 1472 4846 330 504 614 258 6349 252 366 285 3544 252 4232 1473 307 3794 2665 2245 1549 109 968 2555 696 1579 349 263 356 2759 875 1884 961 284 923 740 3433 554 1166 1129 1021 1125 99 3332 1396 320 276 648 320 276 176 142 111
is_linear=0
shrinkage=0.0226245


Tree=6
num_leaves=61
num_cat=0
split_feature=30 36 44 37 16 37 27 0 30 3 30 5 37 27 8 0 45 13 5 30 27 8 8 37 23 37 13 27 12 39 34 14 15 6 14 16 15 3 6 13 30 16 13 37 27 30 0 41 1 1 35 8 14 34 2 0 39 3 5 6
split_gain=416.567 248.509 125.568 100.237 129.417 93.5532 59.9421 46.6174 55.5794 45.5869 43.1146 37.8034 33.5107 55.9649 30.5366 29.4757 34.6241 29.4343 36.8484 27.8405 26.4772 30.239 32.1718 29.7067 41.9826 26.0668 70.0572 32.8613 24.3406 26.6731 22.8628 22.0749 25.0936 21.8784 21.7952 21.3214 21.215 20.676 20.4775 19.4419 19.1462 21.832 18.9792 18.9354 35.5671 16.9354 16.7183 23.1922 18.5154 17.3571 16.3625 17.2264 19.0833 16.046 15.1601 15.0294 14.7574 14.4223 14.1663 13.936
threshold=0.016635 0.96640000000000004 0.31965000000000005 -0.44604999999999995 1.0119500000000003 0.54580000000000017 0.010845000000000002 0.65900680000000011 0.038865000000000004 0.51196503933589799 -0.037874999999999992 7.8800220489501962 -0.36079999999999995 0.018015000000000007 0.048617303500000007 0.5559398000000001 1.9679000000000002 0.24234000000000003 11.97088146209717 -0.029819999999999996 0.021255000000000007 0.00059908628500000003 0.018838823000000005 -0.32834999999999998 52.685000000000009 0.48635000000000006 -0.030554999999999995 0.016955000000000001 -0.11925499999999999 0.10715000000000001 244.50000000000003 0.71155000000000013 0.98035000000000017 0.034444780165714305 1.0189000000000001 -1.2051999999999998 1.0352500000000002 1.3678741412337807 0.20025945362618444 -0.26382499999999992 -0.018434999999999997 0.96285000000000009 -0.24623999999999999 -0.25479999999999997 -0.0048849999999999996 -0.0043499999999999988 1.4725451000000003 -0.082323841879680504 0.15117523055452928 0.11865412380093647 12.500000000000002 -0.021219313499999996 0.48040000000000005 120.50000000000001 0.35185499329929265 0.41673064000000004 0.26385000000000008 1.1451204537897415 -2.4966590404510494 -0.076252442276334542
decision_type=2 2 2 2 2 2 2 2 2 2 2 2 2 2 2 2 2 2 2 2 2 2 2 2 2 2 2 2 2 2 2 2 2 2 2 2 2 2 2 2 2 2 2 2 2 2 2 2 2 2 2 2 2 2 2 2 2 2 2 2
left_child=1 10 7 4 33 11 -7 20 9 -9 35 19 -4 -14 25 16 40 18 36 53 21 23 28 24 -2 26 -11 -27 29 -23 38 58 -33 -3 -8 -1 -18 -32 -24 -20 -12 42 -42 44 -21 -17 47 -10 -49 -48 51 -37 -53 -5 -43 -6 -52 -19 -25 -45
right_child=2 3 12 5 55 6 34 8 46 14 15 -13 13 -15 -16 45 17 57 39 43 -22 22 30 31 -26 27 -28 -29 -30 -31 37 32 -34 -35 -36 50 -38 -39 -40 -41 41 54 -44 59 -46 -47 49 48 -50 -51 56 52 -54 -55 -56 -57 -58 -59 -60 -61
leaf_value=0.02589876970186791 -0.0092367200205730731 -0.017662825821266586 0.052377575842347611 -0.014979819029257805 0.012880303041423416 -0.012836926453732559 0.03494500759572873 -0.0075525377140658236 -0.0005549106711625609 -0.0088487817327860784 -0.0083234287245754646 0.0062258474556641146 -0.0038192294877314732 0.042025110162991347 -0.0039284738496552073 -0.0016390118403193648 -0.01478105329770623 0.0088579545352398467 0.033043559217120676 -0.00020284599796185863 0.012462879271953083 -0.0065938234828035718 0.00064645373985745239 0.00054620359795928938 0.043348245317344811 0.01825045550452957 0.036026602288903524 0.059252576885197257 -0.011990167659299769 0.021183639105906066 0.028342213146412276 0.011200166955272834 -0.012819760837671874 0.012137144487765981 -0.0023586467892930153 0.015420078464469212 0.016814602209989003 -0.0081918618679604656 0.019841066343253607 -0.0004359772662285256 0.016656474218538175 0.03628830285964281 -0.0062621639127848922 -0.00043452885475046203 -0.024999902232373094 0.010431705622656358 0.031430633921270677 0.032344562019224567 0.0008602050677996505 0.0040951869227146016 -0.0027063628796355336 0.022464010333555801 -0.0035613593120151165 0.019976208589382184 0.0028278620212502104 0.050711370384241887 0.011681278281392029 -0.012674408049630097 0.032632911478159311 -0.023536400809384683
leaf_weight=23.741505578160286 9.5025176405906659 55.412574097514153 34.933194324374199 9.7010688036680239 9.9130078703165037 40.533357009291649 27.795870572328568 19.019811987876892 143.50185410678387 24.255758255720139 41.063525646924973 26.471400454640388 23.629332810640335 27.945618629455566 12.724049687385557 123.02532234787941 313.55565705895424 63.66793330013752 8.7328348755836469 59.739146247506142 185.38558073341846 43.22335048019886 296.85118001699448 10.684479326009752 25.305474281311035 19.459771648049355 55.282400161027908 30.015817359089851 137.11591802537441 25.992063939571381 30.845373228192329 44.191446125507355 39.338370114564896 13.872675344347952 10.379009380936621 108.5542009472847 8.9567234665155393 8.9258976876735669 28.599516630172729 37.263050884008408 26.99633152782917 18.24308176338673 45.861048921942711 13.779306814074515 55.902738124132156 111.11253918707371 23.008569911122322 19.799447581171989 16.803336337208748 23.827121898531914 163.40406842529774 15.206662908196448 68.396166563034058 11.69883671402931 11.09216123819351 22.90232327580452 43.861979991197586 18.187341958284378 18.358282819390297 605.13303878903389
leaf_count=115 48 292 158 49 50 212 134 95 717 121 209 137 115 127 63 621 1639 325 44 301 917 218 1492 54 122 97 264 136 701 130 154 224 200 71 52 543 46 45 144 191 137 92 235 74 303 557 114 98 84 118 823 76 344 59 56 108 218 93 92 3281
internal_value=-0.000193696 -0.00626982 0.00955833 -0.0148889 0.0061594 -0.0173968 0.00592689 0.00774427 0.0142856 0.0243606 0.000386077 -0.0197562 0.0355245 0.0219338 0.0287085 -0.00261607 -0.00529063 -0.00835981 -0.0110704 -0.0206863 0.00490326 0.00291178 0.000534569 0.011943 0.0293853 0.031943 0.0225112 0.0450246 -0.00655242 0.00426855 0.00455839 0.00594864 -0.000162412 -0.0114487 0.025351 0.00623651 -0.0137619 0.0201432 0.00249317 0.00749942 0.0043326 0.00950729 0.00254173 -0.0214261 -0.0125077 0.00414665 0.00693199 0.00365947 0.0190127 0.0185713 0.00488997 0.00959355 0.00176533 0.00423278 0.0250259 0.0412526 0.000457221 0.00380432 0.0219475 -0.0230265
internal_weight=3592.68 2214.16 1378.53 963.234 102.101 861.134 78.7082 1292.02 387.698 160.758 1250.92 782.426 86.5081 51.575 141.738 827.758 593.62 450.364 368.508 755.954 904.319 718.934 571.553 147.381 34.808 129.014 79.5382 49.4756 206.331 69.2154 365.222 112.573 83.5298 69.2852 38.1749 423.165 322.512 39.7713 325.451 45.9959 143.256 102.193 72.8574 734.554 115.642 234.138 226.94 180.105 36.6028 46.8357 399.423 192.157 83.6028 21.3999 29.3352 32.8153 207.266 81.8553 29.0428 618.912
internal_count=18335 11487 6848 5123 521 4602 398 6448 1907 776 6364 4204 400 242 681 4245 3067 2338 1920 4067 4541 3624 2884 740 170 618 385 233 1049 348 1835 570 424 363 186 2119 1685 199 1636 235 729 520 372 3959 604 1178 1131 899 182 232 2004 963 420 108 148 158 1041 418 146 3355
is_linear=0
shrinkage=0.0226245


Tree=7
num_leaves=61
num_cat=0
split_feature=30 36 44 37 16 37 29 27 29 8 8 5 30 44 8 37 27 0 45 29 6 33 43 15 45 39 6 39 37 15 6 21 12 27 15 34 21 9 37 23 26 0 3 21 37 41 41 22 27 34 43 31 12 12 30 33 12 41 36 0
split_gain=398.343 240.25 118.523 97.2885 122.735 90.8866 65.2045 57.1044 46.9587 71.0149 68.3079 94.1222 41.1667 37.7321 36.8161 30.9838 52.7189 28.1868 33.3026 28.4325 26.7644 24.6221 23.8621 27.8119 22.6681 21.7064 21.1617 21.1083 20.9582 20.8348 20.7949 19.7336 19.3167 18.4465 18.3613 18.3533 17.6931 17.6775 20.2536 26.0852 19.2011 16.8146 25.9479 16.6151 16.3508 16.2389 28.0649 16.2059 15.9419 15.8279 15.921 27.3244 15.5045 15.4295 15.3275 15.7117 14.4225 14.9871 14.1007 13.8451
threshold=0.016635 0.96640000000000004 0.31965000000000005 -0.44604999999999995 1.0119500000000003 0.54580000000000017 0.016415000000000003 0.010845000000000002 0.020145000000000007 0.00059908628500000003 -1.0000000180025095e-35 1.2463694810867312 -0.037874999999999992 0.0086019350000000015 0.019258827000000003 -0.36079999999999995 0.018015000000000007 0.5559398000000001 1.9679000000000002 0.013475000000000003 -0.033102593549778792 0.48980000000000007 0.050086308517875863 1.0382500000000003 2.0257000000000001 0.12925000000000003 0.034444780165714305 0.16015000000000004 0.33825000000000005 -0.99134999999999984 -0.239146734428859 18.295000000000005 -0.16841999999999999 0.020535000000000001 0.97155000000000014 74.500000000000014 16.935000000000006 1.0000000180025095e-35 0.27305000000000007 -27.459999999999997 0.99985000000000013 0.66457557000000012 0.98692087372016857 18.810000000000006 -0.25479999999999997 0.22967491671557452 0.12045979840969728 3.8452000000000006 -0.027404999999999995 229.50000000000003 0.087101778106673342 -0.031004999999999994 -0.57318499999999994 -0.32943999999999996 -0.016829999999999994 -0.18344999999999997 -0.32215999999999995 0.5156269521222504 0.0066500000000000005 0.41673064000000004
decision_type=2 2 2 2 2 2 2 2 2 2 2 2 2 2 2 2 2 2 2 2 2 2 2 2 2 2 2 2 2 2 2 2 2 2 2 2 2 2 2 2 2 2 2 2 2 2 2 2 2 2 2 2 2 2 2 2 2 2 2 2
left_child=1 12 8 4 26 6 32 -7 9 10 56 41 30 22 20 -4 -17 18 34 24 25 -15 23 28 -20 -11 -3 53 36 -9 52 -23 -5 44 45 -16 -10 40 39 -39 -24 42 -12 48 -34 46 -14 -36 -19 50 -45 -52 -1 -21 -50 -56 -2 -58 -22 -6
right_child=2 3 15 5 59 7 -8 29 13 14 11 -13 17 21 35 16 -18 43 19 27 58 31 37 -25 -26 -27 -28 -29 -30 -31 -32 -33 33 -35 47 -37 -38 38 -40 -41 -42 -43 -44 49 -46 -47 -48 -49 54 -51 51 -53 -54 -55 55 -57 57 -59 -60 -61
leaf_value=-0.0036703241864374076 0.020481253114029194 -0.01742783232842994 0.050479284882874599 0.0053640150985610488 0.012597918157558801 -0.012640125247280041 0.019143054995827712 0.039295658418479477 0.0025054914228527939 -0.0060941670237148254 0.0077908687480782784 -0.0081519389143661809 -0.0017006744804640972 0.031027526946007258 -0.0039421526784344119 -0.0037475942236797613 0.040639942231870577 0.018409049038557421 -0.015470430382426424 0.028950378325453698 -0.0047379931219633685 -0.007251576079273226 -0.0032133799469848271 0.0050348484631793124 -0.002257190339048365 0.023375990871987138 0.011854444270937603 -0.01287782369777641 0.044408853651333034 0.0059755163377200691 0.0038393751658396869 0.025151704825949129 -0.013128402330408736 0.006247835252533222 0.0023163418433554167 0.0095343653205615751 0.029292661541817096 0.00048537129584760359 -0.0015670317908004303 0.020890660579937381 0.022768409619410502 0.056474752777475601 0.042545327108458104 0.0051133960335756311 -0.023019156079291659 -0.0098143406943986648 0.033329878360324194 0.03161874321571017 -0.013733054974070126 -0.011784078612246682 -0.0012626919447487432 0.040910529005977733 0.022570786204910782 0.0029106398774283136 -0.0073003454453880378 0.010505726361260525 0.0037715120307549887 -0.01642166558543353 -0.016965768031399132 0.048857330851287017
leaf_weight=13.539697363972662 17.581238582730293 54.933649241924286 35.528527989983559 13.350554198026655 9.9700855612754804 40.281051680445671 19.597645312547684 19.753339052200317 24.266189053654671 26.082988142967224 19.615756154060364 26.525231838226318 44.312504082918167 76.307902932167053 75.857958078384399 23.591909795999527 28.338277578353882 17.59649521112442 230.62066268920898 11.050233110785483 95.840612143278122 19.73863597214222 18.753839313983917 52.878665387630463 94.449188619852066 20.589830338954926 13.950243309140204 36.191638886928558 22.064565390348434 18.80073444545269 356.85934500396252 14.250001996755598 115.26630526781082 11.285014659166334 19.490915104746819 151.28852331638336 24.816874414682388 65.879279181361198 160.99972426891327 59.851712808012962 53.417141050100327 25.208724662661552 27.617715269327164 35.696439638733864 615.01003058254719 49.502934381365776 12.893881052732466 17.281535640358925 42.830704838037491 9.9360950887203199 11.494873479008673 20.893135219812393 53.832412123680115 76.151749834418297 45.390332445502281 50.726786449551582 94.702844887971878 20.413548544049263 101.12598617374897 23.338223949074745
leaf_count=68 87 292 158 69 50 212 99 93 119 132 98 134 226 373 381 115 127 88 1215 56 485 99 93 262 491 102 71 186 104 93 1787 70 606 60 99 754 120 327 807 293 265 114 132 179 3370 252 65 87 217 50 58 104 264 390 228 254 475 104 518 108
internal_value=-0.000180942 -0.0061459 0.00932691 -0.0146691 0.00604747 -0.017162 -0.0195119 0.00579727 0.00756055 0.00357938 0.0137507 0.0276914 0.000384419 0.0122345 -0.00147915 0.034415 0.0213408 -0.00255523 -0.00517868 -0.00820166 -0.00754553 0.0240699 0.00940416 0.0178766 -0.0116851 0.00751205 -0.0112588 0.00103259 0.0268512 0.0245984 0.00609013 0.00724077 -0.0205846 -0.0210708 0.00424519 0.00504074 0.016926 0.0063568 0.00375428 0.0104503 0.0161532 0.0406248 0.0293947 0.0040477 -0.021516 -0.000623572 0.00741905 0.017389 -0.000250261 0.0123721 0.016234 0.0270663 0.0173631 0.00703403 -0.00294058 0.00212931 0.00298463 -0.000124047 -0.0111707 0.039878
internal_weight=3589.41 2206.28 1383.13 955.537 102.192 853.345 774.51 78.8351 1295.68 702.451 231.665 98.9674 1250.74 593.225 470.786 87.4587 51.9302 826.51 591.945 448.463 243.639 110.297 482.928 124.026 325.07 46.6728 68.8839 123.394 71.1476 38.5541 424.231 33.9886 754.912 741.561 143.482 227.146 49.0831 358.902 286.731 125.731 72.171 72.4422 47.2335 234.565 730.276 106.709 57.2064 36.7725 156.544 78.0205 68.0844 32.388 67.3721 87.202 138.948 96.1171 132.698 115.116 196.967 33.3083
internal_count=18335 11487 6848 5123 521 4602 4204 398 6448 3516 1144 478 6364 2932 2372 400 242 4245 3067 2338 1237 542 2390 605 1706 234 363 632 343 186 2119 169 4105 4036 729 1135 239 1785 1427 620 358 344 230 1178 3976 543 291 186 787 391 341 162 332 446 699 482 666 579 1003 158
is_linear=0
shrinkage=0.0226245


Tree=8
num_leaves=61
num_cat=0
split_feature=30 36 43 44 28 36 30 29 3 27 28 29 8 29 5 13 35 31 29 30 27 15 16 12 6 33 16 12 13 27 25 29 8 15 5 12 15 25 39 35 29 16 39 8 44 15 9 27 3 34 34 15 44 6 1 34 27 5 35 30
split_gain=359.947 233.122 161.984 95.5468 61.5197 61.1626 59.1494 62.2467 50.7923 47.832 39.0353 38.7788 49.1719 37.542 35.1491 31.7603 31.7298 31.3096 30.9577 30.7629 30.3468 29.6542 25.2449 24.8938 24.8864 23.4627 21.4582 22.782 20.8103 20.3416 19.9253 19.6729 24.19 31.7605 27.1545 20.3887 19.7087 19.1868 27.2685 18.9118 18.4204 18.3689 18.0523 16.9203 23.3821 16.3804 16.3069 15.6918 18.9499 18.5342 15.5994 14.395 14.1744 14.0205 21.4381 13.8219 17.6372 13.6279 13.5349 17.3734
threshold=0.016635 0.98440000000000005 0.087101778106673342 0.2808500000000001 0.014515000000000002 0.71085000000000009 0.0096850000000000009 0.010455000000000001 2.3606121817678729 0.018245000000000001 -0.010184999999999998 0.016125000000000004 -0.022916317499999995 0.022935000000000001 -0.86184874176979054 0.16409500000000002 26.500000000000004 0.03969000000000001 0.020145000000000007 0.031010000000000003 -0.0065449999999999996 1.0639000000000003 1.0472500000000002 -0.10165999999999999 0.0036906055851654504 -0.087149999999999991 1.0637500000000004 -0.11103499999999998 -0.52574499999999991 -0.010034999999999999 1.1210500000000001 0.025585000000000004 0.0049104691500000009 0.99825000000000008 -1.1042830348014829 0.18795000000000003 1.0117500000000004 0.042350000000000006 0.092450000000000018 3.5000000000000004 0.019635000000000003 1.0100500000000003 0.17965000000000003 1.0000000180025095e-35 0.14205000000000004 1.0056500000000004 1.0000000180025095e-35 -0.0088449999999999987 0.72589162195731294 213.50000000000003 146.50000000000003 1.0176500000000004 0.052501380000000007 -0.013747424646946598 -0.26742697712029634 98.500000000000014 -0.007454999999999999 7.4692165851593026 10.500000000000002 0.032570000000000009
decision_type=2 2 2 2 2 2 2 2 2 2 2 2 2 2 2 2 2 2 2 2 2 2 2 2 2 2 2 2 2 2 2 2 2 2 2 2 2 2 2 2 2 2 2 2 2 2 2 2 2 2 2 2 2 2 2 2 2 2 2 2
left_child=1 8 3 10 31 37 7 16 11 15 19 12 47 58 -7 23 51 28 -16 25 -18 -15 -20 -8 -5 -2 27 -19 57 -30 -11 32 33 35 -35 -4 -33 -6 55 45 -21 -10 -17 44 -25 -40 -41 50 -49 -50 -1 -3 -34 -13 -55 56 -39 -14 -12 -60
right_child=2 6 4 24 5 14 9 -9 41 30 13 53 17 21 18 42 20 26 22 40 -22 -23 -24 43 -26 -27 -28 -29 29 -31 -32 36 52 34 -36 -37 -38 38 39 46 -42 -43 -44 -45 -46 -47 -48 48 49 -51 -52 -53 -54 54 -56 -57 -58 -59 59 -61
leaf_value=0.0053803246482746567 0.0098938356058617723 -0.021502549250102917 -0.010438430860113887 0.010864920734198704 0.023380645512326222 0.041816621340529748 0.0167171059596798 0.0071585848787604671 0.023789068689093376 0.0026506344274965367 -0.016784476894878737 0.0019550617493024258 -0.0016396705936359351 0.02303161504103619 0.00095178718307643297 -0.005646113407165569 0.024203026704017874 0.032306512783637872 0.038716492703598906 -0.003765837912164434 -0.014193161504838132 0.00016414674838897535 0.0032387664983332797 -0.021584603816731662 0.048565683711725649 0.047347918806494388 -0.010974370704395735 0.0028720654490642255 0.0014865100011935829 -0.012102492081058782 0.041903067804090283 0.0014395701712158627 -0.0042319033365064576 0.038091660952056107 -0.00058964069781306243 0.011666199812440216 0.027945970142495186 0.022441035272339187 0.038869712020718372 0.016772613903447271 0.023166612392137034 -0.0077454967637571826 0.026165560212632957 -0.020839198524945254 0.0019987947218649657 0.010495232479550443 0.0017896309126572477 0.00063582872325371415 0.021038830572739954 -0.0037504936005475263 -0.010622486224735956 0.0012074169111438899 -0.015400418508255987 0.040336200300374832 0.0087506517849195095 -0.0097778665287904607 -0.0040055535728826227 0.026259230604724067 0.020044765264621799 -0.0084180117547393608
leaf_weight=69.39728681743145 13.184997320175169 593.99504008889198 63.219579756259918 12.55933818221092 24.232740610837936 33.66143710911274 12.179721206426619 45.986700803041458 57.750613644719124 13.121163666248323 25.517056986689568 159.54192328453064 30.241414964199066 90.094599008560181 44.677071496844292 15.456017419695852 13.801135957241057 18.386698499321938 29.283922895789146 20.063841804862022 25.673963159322739 42.26270966231823 15.90931662917137 31.049332171678543 65.945588320493698 37.245153620839119 23.917540684342384 38.386039599776268 64.817103415727615 402.08273355662823 11.386935144662855 56.349474012851715 163.76389022171497 18.354475289583206 16.351675465703011 28.803046315908432 16.537548199295998 15.979361370205877 13.814361080527304 43.997764945030212 30.634864330291748 9.767785578966139 16.774361208081245 89.542278438806534 57.614022269845009 36.885608419775963 183.92541635036469 75.317614883184433 70.962731689214706 18.519407793879509 52.018937796354294 14.33024640381336 90.271188527345657 9.7113716602325422 117.38228562474251 87.462636902928352 38.741680338978767 9.6647370606660825 15.77360640466213 23.993195846676826
leaf_count=348 63 3256 322 58 119 157 62 238 287 67 129 802 154 437 224 83 70 91 140 100 140 210 78 167 290 169 120 194 331 2100 54 280 827 88 83 145 82 79 68 218 147 50 85 482 301 182 916 379 354 93 261 77 461 48 592 437 195 48 76 121
internal_value=-0.00029075 -0.00606025 0.00864419 0.0212562 0.00394259 0.00888194 -0.0145152 -0.0178924 0.000437628 -0.00493633 0.0151489 -0.000692858 -0.0030623 0.00907604 0.0227846 -0.00831446 -0.0196947 -0.00679778 0.0145742 0.0264348 -3.31429e-05 0.0158896 0.0271736 -0.0118274 0.0431348 0.0386236 0.00612317 0.0135091 -0.00887806 -0.0102185 0.0233867 -0.00226506 -0.00433302 0.00368494 0.0212237 -0.00337494 0.00829095 0.00490069 0.00368412 0.00777118 0.0128801 0.0190961 0.0117016 -0.0140142 -0.00668092 0.0199073 0.00485589 0.00459654 0.00908362 0.0159515 -0.00156343 -0.0209644 -0.00832936 0.00648802 0.0120081 -0.00432009 0.00445612 0.00643507 -0.00482581 0.00346535
internal_weight=3568.27 2168.78 1399.5 377.275 1022.22 568.571 940.911 693.787 1227.87 247.124 298.77 1160.35 873.712 197.641 123.532 222.616 647.8 587.496 89.8703 101.129 39.4751 132.357 45.1932 190.385 78.5049 50.4302 80.6903 56.7727 506.806 466.9 24.5081 453.651 380.764 126.729 34.7062 92.0226 72.887 445.04 420.807 278.623 50.6987 67.5184 32.2304 178.206 88.6634 50.7 227.923 286.216 164.8 89.4821 121.416 608.325 254.035 286.636 127.094 142.184 54.721 39.9062 65.2839 39.7668
internal_count=18235 11334 6901 1800 5101 2813 5082 3781 6252 1301 1452 5915 4473 973 599 1180 3543 3038 442 479 210 647 218 1012 348 232 405 285 2633 2431 121 2288 1926 638 171 467 362 2214 2095 1384 247 337 168 950 468 250 1134 1435 826 447 609 3333 1288 1442 640 711 274 202 326 197
is_linear=0
shrinkage=0.0226245


Tree=9
num_leaves=61
num_cat=0
split_feature=0 28 37 36 44 30 30 28 3 37 27 8 37 12 35 12 33 17 12 5 17 29 23 29 2 1 37 28 17 14 37 35 27 37 34 25 35 12 12 5 2 12 33 30 8 5 37 37 12 27 45 17 16 0 2 43 12 2 33 37
split_gain=385.695 228.131 119.195 107.132 89.0575 106.64 88.4094 55.8079 54.0271 45.7983 57.0207 65.7482 47.1815 41.5835 39.8756 38.3467 41.6592 36.8818 34.2477 32.8343 32.2516 31.2454 47.5301 30.7213 29.9841 29.9135 26.3565 26.0971 25.2547 31.6717 24.506 22.9897 22.1779 21.1544 20.9881 20.2933 25.1938 20.2603 24.1325 23.1727 20.2498 19.2552 18.9921 22.6364 18.8595 18.5217 18.4455 34.4955 25.3174 24.6104 18.0182 18.8825 17.7365 17.0525 20.3226 17.5367 16.5799 16.3832 16.3547 15.7107
threshold=0.68677502000000012 0.013855000000000001 0.098550000000000013 0.98035000000000017 0.14355000000000004 0.014245000000000002 0.0086600000000000028 -0.016254999999999995 1.0382146064256019 -0.27679999999999993 -0.0048849999999999996 0.0087373255000000021 0.42010000000000008 0.18279500000000001 5.5000000000000009 0.089090000000000016 -0.11735 -0.99494999999999989 -0.10777999999999999 -0.90880772471427906 -0.98934999999999984 0.019635000000000003 -67.454999999999984 0.011175000000000003 0.85323826500297095 -1.019126843961869 0.7198500000000001 0.017645000000000004 1.0689500000000003 0.49445000000000006 0.27305000000000007 30.500000000000004 0.037510000000000009 1.0000000180025095e-35 61.500000000000007 0.57740000000000002 12.500000000000002 -0.16194499999999998 -0.37945999999999996 2.8179309368133549 0.56601883390102192 -0.15519999999999998 -0.49889999999999995 0.032570000000000009 0.021849781500000002 6.2979090213775644 -0.38809999999999995 -0.021149999999999999 -0.031599999999999996 -0.00056499999999999986 2.0279000000000003 -0.94074999999999986 -0.9232499999999999 0.4995874500000001 0.30833521965489025 0.28074115624620649 0.2718850000000001 0.26491106719367596 -0.59194999999999987 -0.21609999999999999
decision_type=2 2 2 2 2 2 2 2 2 2 2 2 2 2 2 2 2 2 2 2 2 2 2 2 2 2 2 2 2 2 2 2 2 2 2 2 2 2 2 2 2 2 2 2 2 2 2 2 2 2 2 2 2 2 2 2 2 2 2 2
left_child=1 3 8 13 21 59 23 -8 46 10 11 -9 44 18 -15 16 -10 -14 58 40 -21 22 -2 26 25 -20 31 41 29 -23 34 -5 -32 57 -29 36 -36 38 -31 -39 -7 -4 -24 -44 -11 -27 48 49 -3 -48 51 -50 53 55 -55 -16 -41 -18 -1 -6
right_child=4 2 27 6 5 19 7 9 15 12 -12 -13 17 14 52 -17 33 -19 24 20 -22 28 42 -25 -26 45 -28 30 -30 37 32 -33 -34 -35 35 -37 -38 39 -40 56 -42 -43 43 -45 -46 -47 47 -49 50 -51 -52 -53 -54 54 -56 -57 -58 -59 -60 -61
leaf_value=0.023954615316742447 0.031062813591344805 0.038150192914031142 -0.00063035338657428089 -0.022563113316068743 0.013488405191141799 0.019312713183592109 0.039394553099071243 0.033881306262819766 0.0022101078281617681 -0.021623803887595744 -0.016749737624747608 -0.0078990853314716922 0.020621194950980151 -0.013116935522050101 0.029667591945172447 0.0018873804081521439 0.023346226555076458 -0.010855524782512171 0.026677611058003571 -0.0025829427215844228 0.031701410887080651 -0.002365611685228643 -0.0083617427441115173 0.014782629833300165 0.0070836128572707062 -0.015126828238103095 0.01340269404398751 0.028939570356655276 -0.00010481603811940441 0.027806392644628763 -0.0015131732737771427 0.0087558720454582947 0.018897867612144018 0.008301328024244407 0.040443864567526987 -0.0053049137502117552 -0.0025674758273848499 0.0064073712284436445 0.00017716991782032725 0.034523679695355802 0.05352598492817949 -0.018000473190054021 0.0087583858366904223 -0.008378825855565826 0.0063184804478502469 -0.004091693302664819 -0.015016779722342008 0.01981087554880806 0.0019699114746324397 0.019641980060821036 -0.017937459510093637 0.036582907842595949 -0.0072255817007839734 -0.014111138681035562 0.018933716867780385 0.010367584539309012 0.012467257129255532 0.054288849147291901 0.000131504687287198 -0.010193978312635861
leaf_weight=13.510550215840338 26.905410051345825 17.976320400834084 64.19670170545578 508.49102029204369 20.697649344801903 15.673590421676634 10.566167175769804 41.092642366886139 16.524320468306541 157.94080503284931 40.357066839933395 32.710172027349472 29.274637430906296 48.678891450166702 32.796044126152992 22.128416538238525 18.861652716994286 43.919143810868263 7.6789131611585608 17.519354462623596 60.378366678953171 35.959170207381248 77.289229407906532 10.525777086615561 47.996142998337746 308.76505047082901 9.2689720541238767 24.819497600197792 52.747050672769547 21.832550153136253 466.08891850709915 10.866560846567152 26.037974804639816 9.8152095675468427 11.563955366611482 38.220010966062546 12.836391136050223 29.107742190361023 46.939934372901917 87.301415339112282 56.374765738844872 64.08075650036335 157.46565486490726 49.794568210840225 12.151559635996817 107.3589703887701 49.494616821408272 31.649107173085213 22.744163185358044 10.470208644866942 8.8599818199872953 9.9218463003635424 26.408904686570168 22.376839682459831 12.418177887797354 93.276380091905594 27.211964219808578 46.255066275596619 146.72306621074677 33.696692556142807
leaf_count=68 130 86 327 2832 103 73 49 196 82 861 215 169 147 246 165 109 93 229 39 84 274 178 388 55 243 1617 47 123 262 107 2352 57 126 51 57 193 64 142 231 417 245 337 782 251 61 547 254 159 112 53 44 47 133 113 62 473 132 220 745 178
internal_value=-0.000276024 -0.0043354 0.00446349 -0.00915542 0.0133451 0.0261984 -0.0145808 -0.00596588 0.0173265 -0.00761224 0.00414016 0.0157642 -0.0131108 -0.0034556 0.00460947 0.0289473 0.035236 0.0020392 -0.0064738 0.0358808 0.0241743 0.00895444 0.00387523 -0.0203979 -0.00952829 -0.0114449 -0.021175 -0.000397607 0.0141214 0.0171094 0.0016572 -0.0218629 -0.000329112 0.0421661 0.0124891 0.00497897 0.0199425 0.0203941 0.00971678 0.025214 0.047116 -0.00951321 0.00101777 0.00458246 -0.0195553 -0.0123277 0.00821211 0.00169394 0.0177041 -0.00833964 0.00694488 0.0146041 0.00934657 0.0121468 -0.00176939 0.0159411 0.0297187 0.0467003 0.00252942 -0.000956403
internal_weight=3564.59 2747.7 972.545 1775.15 816.895 204.34 907.165 368.012 264.701 357.446 114.16 73.8028 243.286 867.988 235.955 113.585 91.4562 73.1938 632.033 149.946 77.8977 612.555 311.455 539.152 471.799 423.803 528.627 707.844 301.1 248.353 579.567 519.358 492.127 74.9319 87.4399 62.6204 24.4003 212.394 68.7725 143.621 72.0484 128.277 284.549 207.26 170.092 416.124 151.116 91.6139 59.5023 59.9648 41.526 32.666 187.276 160.867 34.795 126.072 114.513 65.1167 160.234 54.3943
internal_count=18235 14258 4889 9369 3977 957 4918 1927 1310 1878 580 365 1298 4451 1192 555 446 376 3259 676 358 3020 1551 2991 2446 2203 2936 3579 1469 1207 2915 2889 2478 364 437 314 121 1029 338 691 318 664 1421 1033 922 2164 755 466 289 307 203 159 946 813 175 638 549 313 813 281
is_linear=0
shrinkage=0.0226245


Tree=10
num_leaves=61
num_cat=0
split_feature=30 44 44 29 5 37 27 13 27 37 8 37 27 12 8 5 37 7 37 8 30 30 31 27 13 35 12 12 32 27 35 35 12 30 37 35 12 9 16 37 3 34 12 35 29 31 37 0 33 12 27 21 22 35 25 2 31 31 34 21
split_gain=367.463 203.541 125.822 87.7573 84.5569 60.965 56.8631 55.7184 54.8005 64.5431 53.361 46.4894 83.8663 42.4717 40.8418 43.6624 39.8711 76.5134 47.6353 39.1833 38.2992 37.0413 32.5593 32.7091 31.1618 46.1458 27.4474 27.1328 26.631 26.2334 25.903 25.6078 24.7747 24.3071 23.774 23.6661 23.4762 23.4017 23.3327 22.0633 21.642 26.218 20.708 22.95 20.6158 26.6545 21.0018 20.5502 26.6608 20.2812 20.0806 19.4681 19.3111 19.2862 19.1615 18.636 18.4941 17.4318 17.349 17.1442
threshold=0.014245000000000002 1.0000000180025095e-35 0.23495000000000002 0.010905000000000001 -2.2425451278686519 0.54580000000000017 0.016695000000000005 -0.11684499999999999 -0.010364999999999997 -0.36079999999999995 0.024350226000000006 -0.25479999999999997 -0.0048849999999999996 -0.12493999999999998 0.0052889883000000011 1.5465864539146426 -0.021149999999999999 43.139609536131324 0.48635000000000006 0.0027513504000000002 0.0014650000000000002 -0.026534999999999996 -0.070639999999999994 0.015055000000000001 0.11843500000000001 3.5000000000000004 -0.033984999999999994 -0.24543499999999999 1.0000000180025095e-35 -0.024784999999999998 29.500000000000004 14.500000000000002 0.10694500000000001 0.024395000000000003 -0.012599999999999998 5.5000000000000009 0.18795000000000003 4.5000000000000009 1.0043500000000003 0.24875000000000003 2.060624565380635 50.500000000000007 0.15191500000000005 5.5000000000000009 0.022635000000000006 0.0028750000000000004 0.16840000000000002 0.47081715000000007 0.47755000000000009 -0.33724499999999996 0.018015000000000007 13.230000000000002 1.3126500000000003 12.500000000000002 0.097000000000000017 0.32918470418470419 0.0061450000000000003 0.0034850000000000007 34.500000000000007 20.865000000000006
decision_type=2 2 2 2 2 2 2 2 2 2 2 2 2 2 2 2 2 2 2 2 2 2 2 2 2 2 2 2 2 2 2 2 2 2 2 2 2 2 2 2 2 2 2 2 2 2 2 2 2 2 2 2 2 2 2 2 2 2 2 2
left_child=1 22 6 5 -4 11 8 58 9 29 14 12 19 31 15 -6 35 18 59 20 -3 56 40 24 28 39 -12 -23 32 -2 -27 49 -24 57 42 -8 -14 51 52 -26 41 53 -25 -44 45 46 -11 48 -33 -10 -16 -37 -5 -1 -51 -31 -13 -15 -7 -18
right_child=2 3 4 38 10 7 16 -9 13 44 26 21 36 33 50 -17 17 -19 -20 -21 -22 27 23 34 25 30 -28 -29 -30 55 -32 47 -34 -35 -36 37 -38 -39 -40 -41 -42 -43 43 -45 -46 -47 -48 -49 -50 54 -52 -53 -54 -55 -56 -57 -58 -59 -60 -61
leaf_value=0.027278308422460536 0.012108415907333346 -0.0035174303794286775 0.045279661853125194 -0.014666449867442298 0.041907926332650808 0.037450586696415857 -0.0080398275990723224 -0.01419443547215153 0.028427227552288634 0.03332369055671737 0.0060194025648263455 -0.008254456867935453 -0.025270741363692527 0.00035444935795162007 -0.017120696995536297 -0.0021304519462683877 0.026904468635597836 0.0090701269486346305 0.05538160009494205 -0.013572974776535228 0.028038103612049219 0.010550849598995264 -0.014976517482663602 -0.0085678695948162194 0.035006023192179651 -0.0056300018239420057 0.043245812200598872 -0.022591831814902933 0.017582896787656344 0.011583121326470259 0.026002940242642408 -0.012591953811627808 0.0010741153611216997 -0.00051570706525857211 0.020134693176625713 -0.013538711314429196 0.0064861035040939645 -0.0058738548226614819 -0.0099658023339935474 0.0064068959639967185 0.025505298493260036 0.00057522496555211238 -0.018447758672756297 0.015676417564027084 0.013121138641039681 -0.010779451499480897 -0.0068897952908878136 0.010681170049994441 0.010887021838644793 0.033363682592529781 0.015497678470726766 0.016643111972760048 0.013331938270309181 0.0032271458101576205 0.0034910662548888289 0.052627834800145087 0.023635852480247684 -0.016098788384603484 0.0060979183501466434 -0.0066312981993387927
leaf_weight=37.710478022694588 25.658814892172813 33.409738838672638 66.31476853787899 12.233284279704092 19.468527421355247 17.881054744124413 45.485636234283447 39.877038285136223 32.480751216411591 12.537303730845453 15.454166069626806 44.98176883161068 99.52557510137558 44.546287089586258 39.361580744385719 23.230672791600227 19.719612017273906 118.60561932623386 37.671641781926155 34.305590853095055 43.095981135964394 11.349525675177572 194.73840245604515 52.622323364019394 23.024057000875473 187.25657519698143 33.827800512313843 577.28248210251331 15.279673278331755 9.4493874311447126 11.3898658901453 77.383307605981827 65.058853417634964 232.48473186790943 49.215468496084213 9.8249368667602521 12.303562998771666 36.143815711140633 42.715287491679192 33.070004642009735 29.387418687343597 163.52890804409981 9.6535042673349363 55.560145884752274 72.416285291314125 61.3802450299263 10.213746309280394 59.989827618002892 33.218462705612183 10.040008321404455 10.06669409573078 124.90972152352333 86.462012767791748 30.945114210247993 79.661634385585785 26.401234686374664 8.6816649436950666 122.50545220077038 18.3700340539217 10.441756278276442
leaf_count=184 127 171 293 62 88 86 226 209 159 59 74 230 553 233 201 112 95 582 165 180 211 59 1026 268 115 954 152 3259 78 45 58 389 333 1177 249 49 64 180 221 165 142 820 49 280 351 309 52 298 168 50 46 613 442 153 398 116 44 636 93 50
internal_value=-8.08511e-06 -0.00627769 0.00840115 -0.0129872 0.0246467 -0.0154782 0.00578281 0.00380349 0.00263394 0.0124443 0.0142571 -0.0171823 -0.00812638 -0.000494937 0.00377677 0.0193335 0.01283 0.0204323 0.0391154 0.00577676 0.0146318 -0.0202709 0.00131637 -0.00124382 -0.00399616 0.00170205 0.0325532 -0.0219043 -0.00923591 0.0315263 -0.00346904 0.00601773 -0.0109895 -0.00527628 0.00740486 0.00609597 -0.0217013 0.00992997 0.00356815 0.0192867 0.00807611 0.00558339 0.00173302 0.010056 0.00451072 -0.00309045 0.0165295 0.000311095 -0.00544241 0.0137938 -0.0099879 0.0142039 0.00954268 0.0170066 0.00777251 0.0434821 -0.00215011 -0.01178 0.0231877 0.01573
internal_weight=3561.81 2040.92 1520.89 1082.47 207.724 941.064 1313.17 76.1281 910.367 218.057 141.409 864.936 222.64 692.31 92.1275 42.6992 402.803 186.439 67.833 110.811 76.5057 642.295 958.441 696.869 529.817 254.741 49.282 588.632 275.077 61.5094 198.646 292.774 259.797 399.536 167.051 216.364 111.829 170.878 141.411 56.0941 261.572 232.185 117.836 65.2137 156.548 84.1313 22.7511 170.592 110.602 122.182 49.4283 134.735 98.6953 68.6556 89.7016 35.8506 53.6634 167.052 36.2511 30.1614
internal_count=18251 10758 7493 5884 966 5159 6527 388 4567 1059 673 4771 1179 3508 447 200 1960 892 310 562 382 3592 4874 3575 2729 1292 226 3318 1437 288 1012 1462 1359 2046 846 1068 617 842 725 280 1299 1157 597 329 771 420 111 855 557 607 247 662 504 337 448 161 274 869 179 145
is_linear=0
shrinkage=0.0226245


Tree=11
num_leaves=61
num_cat=0
split_feature=0 29 36 5 37 27 44 37 37 12 16 37 37 27 37 27 15 7 7 37 44 29 6 12 13 22 22 27 31 5 7 35 31 2 37 12 27 5 7 7 29 2 7 41 4 16 2 31 34 2 34 33 13 3 3 0 16 31 6 35
split_gain=255.34 210.997 115.281 118.266 95.5265 81.343 79.9683 64.3184 171.183 81.4076 60.5311 38.5157 35.639 53.1999 45.6571 61.556 50.6529 32.7729 30.9674 28.5394 27.9584 34.4318 27.6703 34.7324 37.8885 26.2356 24.612 24.3439 22.143 20.9316 20.6044 19.4996 19.4687 19.2984 18.67 18.2564 18.0563 18.0426 17.6429 17.578 17.4384 17.0408 16.9802 15.4838 17.6538 15.4213 15.3316 15.0688 14.5506 18.7228 15.0848 13.3949 12.9277 12.3997 12.0479 11.9717 35.6852 13.8033 11.5948 11.5831
threshold=0.68677502000000012 0.013475000000000003 0.97485000000000011 -1.733142554759979 -0.32834999999999998 -0.0053649999999999991 0.17905000000000001 0.53085000000000016 -0.49244999999999994 0.026765000000000004 0.99025000000000007 0.4431500000000001 0.54580000000000017 0.013795000000000002 -0.25479999999999997 -0.0048849999999999996 1.0000500000000001 84.476076881134063 83.370390398411601 0.65820000000000012 0.12490000000000001 0.020145000000000007 0.048536990358214412 -0.22573999999999997 -0.24623999999999999 1.6775000000000002 3.4775000000000005 0.056540000000000007 0.0034850000000000007 -1.8657458424568174 26.738945551571906 1.5000000000000002 0.073815000000000019 0.9615205766100906 -0.39574999999999994 -0.47718499999999991 0.015235000000000002 8.8722896575927752 49.440235899178653 55.166674538045321 0.074140000000000025 0.85777532356816255 74.471792684455366 1.1682226522410664 3.5000000000000004 1.0637500000000004 0.78722002635046129 0.015435000000000003 155.50000000000003 0.62888442142565093 243.50000000000003 0.027250000000000003 0.31449000000000005 0.94727886333151357 1.4276057359953704 0.11229407400000001 1.0200500000000001 0.010645000000000002 0.019551741378828803 29.500000000000004
decision_type=2 2 2 2 2 2 2 2 2 2 2 2 2 2 2 2 2 2 2 2 2 2 2 2 2 2 2 2 2 2 2 2 2 2 2 2 2 2 2 2 2 2 2 2 2 2 2 2 2 2 2 2 2 2 2 2 2 2 2 2
left_child=1 2 18 4 5 51 25 8 10 -9 -8 31 14 38 15 16 -5 19 22 20 40 28 23 26 37 33 34 55 -22 46 -27 -6 59 -2 -1 -28 -26 -25 -14 47 43 -33 -32 53 -45 48 -10 -13 49 -24 -50 -4 -44 -3 -31 56 -21 -57 -30 -16
right_child=6 17 3 12 11 -7 7 9 29 -11 -12 39 13 -15 32 -17 -18 -19 -20 27 21 -23 45 24 36 30 35 -29 58 54 42 41 -34 -35 -36 -37 -38 -39 -40 -41 -42 -43 52 44 -46 -47 -48 -49 50 -51 -52 -53 -54 -55 -56 57 -58 -59 -60 -61
leaf_value=0.016848167949232083 -0.0043462697512888808 0.0085309961196537287 0.043307152641440583 0.016746784445325354 0.013922346154786951 -0.020477048881044867 -0.0064812127598504977 -0.0050820290731110121 -0.0099367813767662246 0.052997931120639413 0.053944376603188425 0.0051226007812892752 0.0081768491882753154 0.032893510872094717 -0.022234455418133094 -0.022137015048782904 -0.015048455043273864 -0.014450738113770845 -0.022758684857586382 0.025468557555527762 0.029542548671509395 0.037755606158045595 0.020308415746893065 -0.0013211864518903791 -0.013631175030639662 0.03021110463932156 -0.0060566459290421377 0.028920103512901023 0.0091107485457778796 -0.020706105787262973 0.0071271828241743626 -0.022678670478863537 0.010716009409983291 0.019296737939550054 -0.0055486193595121105 0.019308728118310262 0.0041228913338864004 0.018590434702117863 -0.02110679506137984 -0.012919188884007221 0.031703267200174169 0.005079443075837387 0.036598462203995631 0.0038156750892607665 0.043283472853956888 -0.0059905744279016172 0.026681375770690189 0.040157573802700276 -0.0057365861298006226 -0.0019872296470811695 0.020716729225614409 0.009067068654499931 0.0073991889876859939 0.00076624280766879229 0.0057237824934564452 -0.0136350592342554 -0.015589111557481574 3.2296890236065696e-05 -0.01910969134118547 0.0031458305434202446
leaf_weight=20.210386022925377 132.50069981813431 321.54645626246929 41.086377859115601 59.829531207680702 8.3847787082195264 13.740311354398726 9.6836539059877378 15.149877160787581 8.691354915499689 54.265492558479309 43.372040897607803 15.082940295338632 13.284871518611906 15.358284518122671 536.81448219716549 83.349878698587418 40.613075911998749 35.380517885088921 31.399993553757668 23.3996402323246 10.553817123174666 35.180699497461319 74.741670161485672 157.52482847869396 249.70491848886013 20.958248123526573 16.980951204895973 11.107782036066054 11.757285669445993 44.930612191557884 438.862778455019 73.737418800592422 7.9670636951923361 17.442668184638023 106.2619946449995 65.137686744332314 31.852939859032631 24.38345542550087 31.750339388847351 8.4755962491035444 12.403520807623861 12.176280140876768 15.949513196945189 11.87584662437439 9.7334580719470978 37.701502904295921 9.8188547194004041 9.2597392201423627 44.429297015070915 25.003675416111946 11.497995004057882 8.8089792281389219 16.329554691910744 156.74799458682537 9.4996270537376386 54.051130518317223 15.912072122097014 112.61059415340424 12.782862439751623 8.6802120059728605
leaf_count=102 659 1605 187 294 46 76 48 72 44 233 184 76 68 72 3050 471 213 181 171 117 54 168 381 805 1313 97 86 52 60 233 2157 409 41 85 539 327 162 123 170 44 60 64 74 59 47 191 45 44 225 126 58 44 81 782 45 273 80 563 67 48
internal_value=-1.56404e-07 -0.00336444 -0.00755465 -0.0128724 0.00309345 0.0251038 0.0109019 0.0234817 0.0133367 0.0406257 0.0431506 -0.00823845 -0.0166879 2.23864e-05 -0.0180515 -0.00810698 0.00382923 0.00608899 -0.00167141 0.00704657 0.00964446 0.022806 -0.000833034 -0.00300468 -0.00644313 0.00698492 0.00461876 3.94196e-05 0.00608533 -0.00916808 0.00949686 -0.0154778 -0.0212945 -0.00128271 -0.00167284 0.0140359 -0.0116011 0.00159701 -0.0124962 0.0121314 0.00772114 -0.0187072 0.00839666 0.00694712 0.0246046 0.00664739 0.0104681 0.0212995 0.00976159 0.0148209 0.000453169 0.0380903 0.0236505 0.00600623 -0.0160372 -0.00189699 0.00892022 -0.00455722 -0.00605394 -0.0218161
internal_weight=3557.73 2720.28 1885.23 988.4 190.752 63.6357 837.455 195.412 125.996 69.4154 53.0557 127.117 797.648 60.3935 737.254 183.792 100.443 835.044 896.831 799.663 582.582 70.2747 865.431 672.057 463.466 642.043 208.591 217.081 35.094 72.9404 492.1 94.2985 553.462 149.943 126.472 82.1186 281.558 181.908 45.0352 32.8183 512.307 85.9137 471.142 499.904 21.6093 193.374 18.5102 24.3427 155.673 99.7453 55.9273 49.8954 32.2791 478.294 54.4302 205.973 39.3117 166.662 24.5401 545.495
internal_count=18251 14194 10026 5417 990 307 4057 904 599 305 232 683 4427 310 4117 978 507 4168 4609 3987 2902 349 4438 3457 2403 3153 1054 1085 181 367 2409 519 3139 744 641 413 1475 928 238 164 2553 473 2312 2493 106 981 89 120 790 507 283 231 155 2387 278 1033 197 836 127 3098
is_linear=0
shrinkage=0.0226245


Tree=12
num_leaves=61
num_cat=0
split_feature=30 30 44 27 13 37 12 37 23 0 37 12 37 12 37 31 22 37 18 15 30 27 37 26 44 29 21 35 12 18 43 25 9 43 2 23 3 37 3 31 1 13 2 9 37 1 2 37 44 23 27 18 9 33 25 2 30 29 23 37
split_gain=291.062 152.009 127.341 104.728 117.362 78.8074 93.2776 63.2549 57.3975 55.5069 52.2216 52.4847 48.1389 42.6601 33.154 33.042 33.0039 29.9177 32.2478 29.2663 29.2559 27.6599 37.2025 35.4602 32.9063 26.1631 25.9504 25.771 24.9976 22.3551 22.0965 19.1794 18.9958 27.5144 19.6435 19.2594 18.7229 18.3657 18.1737 17.4885 17.2228 17.0802 16.4685 16.4666 16.2213 16.0179 15.9639 15.711 14.997 14.7359 12.8288 12.7313 11.6721 11.3351 13.3349 11.1256 12.7099 17.4313 12.3306 11.0271
threshold=0.018095000000000003 -0.029819999999999996 0.23495000000000002 0.016385 0.13435500000000003 -0.34609999999999991 -0.028434999999999998 0.47330000000000005 39.260000000000012 0.72480789000000001 0.4431500000000001 -0.11544999999999998 -0.057499999999999989 0.18795000000000003 -0.37499999999999994 0.015435000000000003 4.0009500000000005 0.18355000000000002 1.0417500000000002 -0.99844999999999995 0.0057850000000000011 0.021895000000000001 -0.73504999999999987 0.61325000000000007 0.12617210000000004 0.0078450000000000013 14.030000000000001 5.5000000000000009 -0.19518999999999997 -1.1511999999999998 0.58439804303574328 1.2255500000000004 2.5000000000000004 0.51912292265691595 0.94919414514411538 62.485000000000007 0.8105788294922126 -0.59134999999999993 0.55487405145210789 0.036170000000000008 -0.10787590511201378 -0.12667999999999999 0.6009570546698052 4.5000000000000009 -0.15764999999999998 -0.007604746471283899 0.30833521965489025 0.03525000000000001 0.13735000000000003 52.205000000000005 0.032865000000000012 -0.96064999999999989 4.5000000000000009 0.30395000000000005 0.9003000000000001 0.35587608385240982 0.049765000000000011 0.014515000000000002 -45.074999999999996 -0.20994999999999997
decision_type=2 2 2 2 2 2 2 2 2 2 2 2 2 2 2 2 2 2 2 2 2 2 2 2 2 2 2 2 2 2 2 2 2 2 2 2 2 2 2 2 2 2 2 2 2 2 2 2 2 2 2 2 2 2 2 2 2 2 2 2
left_child=1 29 21 4 10 16 17 25 -9 12 11 14 31 37 -3 36 28 18 -7 -17 -21 22 23 -2 55 26 -5 -27 -6 -1 32 -4 33 45 35 -34 48 -13 -16 44 -19 -38 -32 -30 -31 -24 -35 -15 -12 -10 -28 -29 -46 54 -41 59 57 -57 -59 -23
right_child=2 3 9 7 5 6 -8 8 49 -11 15 13 -14 47 38 19 -18 40 -20 20 -22 24 30 -25 -26 27 50 51 43 39 42 -33 34 46 -36 -37 41 -39 -40 53 -42 -43 -44 -45 52 -47 -48 -49 -50 -51 -52 -53 -54 -55 -56 56 -58 58 -60 -61
leaf_value=0.020351983318377048 0.0014163796388722528 0.021966090372565236 0.039597235521391307 0.014156639297638721 -0.0052941640806926024 0.022006741909684328 -0.022444491477723916 0.044917076430539667 -0.014621585181037998 0.038911320613732432 -0.0044526507350000034 -0.0037051698193771823 -0.0067274796413332328 0.014067275720847469 0.0090923463196584762 0.039024493027439877 -0.0093765275919758008 0.013569211587859384 -0.011764403868924569 0.023297279625042168 -0.019049323163643363 -0.0017874303734363348 0.0042345094393709598 0.047480638914623167 0.033567081006952257 -0.01388561062739125 -0.020309048749434941 0.0067542991908040792 0.039708896443163305 -0.0029983336547442434 -0.013457417022393961 0.0013237225630821537 0.011216912882207747 0.031489370584899964 0.029058709654586838 -0.0011358856393258448 0.0011475289384017535 -0.02094042286146312 -0.013811238637469362 0.024165276235329478 -0.0063302730506380458 -0.021377596510984365 0.0073158025777576964 0.010789633274877121 0.0039012922168491803 -0.004647067932047888 0.0038332859678341432 -0.012715627644372134 0.023837798830216635 0.016025983027167439 0.005189930323354762 0.027163611913390846 0.015263216472215206 0.036317176363282362 -0.006269209379115185 0.00017820630556039752 0.0077026741698649759 0.0099577852781053723 0.040252674699757823 0.011345523615456286
leaf_weight=46.828559264540672 15.631796792149542 20.776999399065971 23.994504421949387 15.699080005288122 10.084313899278639 59.782860636711121 103.73182283341885 31.296365767717361 13.496017172932627 91.36246445775032 32.813463672995567 34.664146944880486 35.467126578092575 24.886219665408134 21.553790122270584 12.842463493347166 14.956107795238493 24.346898898482323 16.798121973872185 12.5198961943388 15.334918364882467 66.624280944466591 199.2914487272501 16.502573043107986 30.626081168651581 23.327581256628036 57.350862294435501 72.230476170778275 38.865781560540199 148.08953508734703 62.319595783948898 9.2006484270095807 189.9824138879776 20.173766300082207 20.089382901787758 96.400281354784966 23.967636868357658 669.44832779467106 66.591233044862747 11.387153387069704 120.64391182363033 55.933040946722031 25.716481924057007 16.913031622767448 250.93161311745644 211.03309662640095 21.609336346387863 16.029797524213791 10.293980926275252 12.855614453554152 10.895444735884665 18.336245283484459 54.936591550707817 10.422190174460409 13.305417910218237 12.780086651444433 70.735686421394348 12.797118961811064 22.18232835829258 60.171680212020874
leaf_count=222 77 103 110 81 50 312 580 140 68 391 174 184 177 129 112 64 77 122 84 64 83 326 986 74 140 118 311 364 188 746 321 44 941 101 94 480 125 3789 353 57 619 300 129 85 1255 1053 109 84 53 64 56 91 275 51 66 63 343 62 104 291
internal_value=0.00039844 -0.00460501 0.00882051 -0.00795015 -0.0103409 -5.39895e-05 -0.00505155 0.00533972 0.0255766 0.0275612 -0.0144344 -0.0166723 0.0114961 -0.0188096 -0.00194465 -0.00267386 0.019541 0.00327547 0.0144404 0.0143589 0.000385133 0.00616086 0.00417365 0.0270403 0.0123808 -0.000840626 -0.0102342 0.00616485 0.0262258 0.00586353 0.00321659 0.0299456 0.0044661 0.00149956 0.00878738 0.007089 -0.00850963 -0.0201106 -0.00809969 0.00436474 -0.00278865 -0.0148167 -0.00734953 0.0319045 0.00310869 -0.000333895 0.0183607 0.00342755 0.00337713 0.000435891 -0.0161926 0.0115993 0.00606589 0.0191301 0.00882795 0.00937514 0.0142973 0.0230666 0.0307767 0.00455889
internal_weight=3529.86 2215.17 1314.69 1679.27 1423.78 406.123 325.304 255.488 57.648 160.025 1017.66 853.951 68.6623 745.028 108.922 163.705 80.8192 221.572 76.581 40.6973 27.8548 1154.67 878.75 32.1344 275.917 197.84 83.9454 113.894 65.8631 535.901 846.616 33.1952 758.58 452.108 306.472 286.383 123.008 704.112 88.145 489.073 144.991 79.9007 88.0361 55.7788 453.958 410.325 41.7831 40.916 43.1074 26.3516 68.2463 90.5667 305.868 35.1148 24.6926 245.291 118.495 47.7595 34.9794 126.796
internal_count=18115 11699 6416 9027 7734 2117 1717 1293 272 722 5617 4754 331 4186 568 863 400 1137 396 211 147 5694 4365 151 1329 1021 448 573 323 2672 4214 154 3764 2249 1515 1421 652 3973 465 2450 741 425 450 273 2276 2039 210 213 227 132 367 455 1530 174 123 1189 572 229 166 617
is_linear=0
shrinkage=0.0226245


Tree=13
num_leaves=61
num_cat=0
split_feature=30 36 44 27 0 13 12 30 31 7 45 41 33 44 5 28 14 2 27 22 22 27 30 18 12 28 8 27 12 12 35 27 12 35 14 2 6 2 34 31 27 18 30 33 15 43 22 2 36 2 6 8 31 14 2 12 12 34 34 30
split_gain=278.174 178.34 120.707 84.9604 52.1293 44.1979 47.7347 41.3551 48.8591 39.7476 54.7028 32.9572 30.9705 30.5099 29.6761 27.7432 27.6188 33.3048 25.8179 28.1524 23.9961 23.6176 33.8656 35.069 23.4466 22.7285 22.5771 31.6547 22.4636 39.7711 25.3044 20.6627 25.5097 21.2507 26.894 19.6431 27.7524 23.8787 20.5238 18.8874 18.3886 18.0352 17.97 18.3738 17.3439 16.4459 14.7065 14.4453 14.169 13.9748 15.9839 14.2314 13.939 32.7051 20.6516 13.7538 13.6809 13.238 16.3274 13.1984
threshold=0.018095000000000003 0.98035000000000017 0.23495000000000002 0.016385 0.72480789000000001 0.13435500000000003 -0.029609999999999997 -0.032229999999999988 0.027500000000000004 27.661205747380816 2.0019000000000005 -0.63060936209261764 -0.0011499999999999998 0.21105000000000004 -1.733142554759979 0.018355000000000007 1.0189000000000001 0.8184173339613755 0.026680000000000006 11.116700000000002 4.0009500000000005 -0.010519999999999998 0.037920000000000002 1.0472500000000002 -0.13149999999999998 0.013855000000000001 0.008485168000000003 -0.010964999999999997 0.025950000000000004 0.014350000000000002 3.5000000000000004 0.021895000000000001 -0.15900499999999998 14.500000000000002 0.94295000000000007 0.11892156507234286 0.045366897066498761 0.075160026583651063 215.50000000000003 -0.025354999999999999 0.021895000000000001 -1.1511999999999998 0.0083050000000000016 -0.03744999999999999 -0.97104999999999986 0.58439804303574328 1.98865 0.40319393089379069 0.11440000000000002 0.075160026583651063 0.2785477454126985 0.026679992500000003 0.015435000000000003 0.89005000000000012 0.5067715334764552 0.10984000000000001 0.13468000000000005 206.50000000000003 138.50000000000003 0.024395000000000003
decision_type=2 2 2 2 2 2 2 2 2 2 2 2 2 2 2 2 2 2 2 2 2 2 2 2 2 2 2 2 2 2 2 2 2 2 2 2 2 2 2 2 2 2 2 2 2 2 2 2 2 2 2 2 2 2 2 2 2 2 2 2
left_child=1 7 9 5 11 14 39 41 18 10 44 -4 40 -8 28 55 17 -14 19 26 -15 22 23 24 -11 -13 46 -28 29 30 -3 32 33 34 -23 37 48 57 -38 -7 -5 -1 43 -17 -2 -35 -9 -20 -37 -24 51 -51 53 -41 -54 -16 -57 58 -10 -34
right_child=2 3 4 12 -6 6 13 8 35 21 -12 25 16 20 15 42 -18 -19 47 -21 -22 31 49 -25 -26 -27 27 -29 -30 -31 -32 -33 59 45 -36 36 38 -39 -40 52 -42 -43 -44 -45 -46 -47 -48 -49 -50 50 -52 -53 54 -55 -56 56 -58 -59 -60 -61
leaf_value=0.019691434304971223 0.038272030950068238 0.019743771243547453 -0.01565630649128448 -0.024061687208005996 0.03773404928334774 -0.012548297975598978 -0.019522144784632555 -0.0038139855321750763 0.00094229234703639697 0.0054800593755713368 -0.019776557534229352 -0.00094144949633832929 0.040231230401806983 0.027453614230659517 -0.020854204090111208 -0.010664490630994556 -0.0067516346141698429 -0.0020054224078377386 -0.003535706391170481 0.023372276322627915 -0.015481230071296037 0.026694168585836148 0.026156205552452402 -0.005323521208919599 0.039562552031958173 0.029572220916867033 0.021863507493473624 -0.0051463714948207584 -0.018475636215599636 0.036739568060945561 -0.013028897360662694 0.0089303504668087619 -0.0098920307004134282 0.0036829503993900514 0.003437371032688076 -0.010123923462082893 0.0067729352457384841 0.03962608127477444 0.037859801228804627 -0.0073996732654828578 0.0075928576273651708 0.0048489592294121923 -0.022528270955841045 0.024395707463914201 0.0089191992314198373 -0.02157474353051915 -0.014583843884250642 0.018658232899410421 0.01439549989441731 -0.013215373896612263 0.018883463502003425 0.0045112041797797098 0.018194232495414138 0.041959584955857297 -0.018785208519802043 0.012466188411971967 -0.016230424825794541 -0.011324709733923001 0.033152123741785555 -0.00011081611059054581
leaf_weight=44.17977400124073 42.020782485604286 12.901368066668509 15.616739839315413 15.609754294157026 92.16218701004982 12.015495121479033 80.198270723223686 93.864168986678123 18.238424152135853 14.641397655010222 11.165285885334013 18.419620275497437 28.575173512101173 12.550870120525362 509.82604536414146 10.962025940418243 15.106926441192625 13.343282669782637 25.849104598164558 12.463589325547217 9.2311442643403989 46.936716735363007 10.753031566739081 15.819254875183104 43.286351531744003 34.843500137329102 22.616659179329872 169.5028070807457 42.600094392895699 10.781194150447844 49.639282584190369 242.23133486509323 88.654699012637138 137.64126558601856 54.050273641943932 68.076780632138252 57.126204341650009 15.848719418048857 11.135269418358801 8.9085462093353289 16.962861999869347 427.52043274044991 9.3009303212165815 15.341353222727776 16.147325307130814 11.679988846182821 227.87437103688717 30.491152852773666 11.893297329545019 34.375201672315598 19.823975414037704 58.75599168241024 16.97343693673611 18.933321073651314 9.8488637953996641 11.998862206935884 17.274624034762383 10.933292105793951 11.789060086011885 309.12777660787106
leaf_count=207 191 65 78 86 391 63 455 494 92 71 57 91 135 61 2937 60 80 70 131 63 50 228 52 77 196 162 113 877 236 56 271 1172 449 684 267 344 286 78 55 48 87 2130 52 78 76 60 1215 151 59 171 96 287 89 96 50 67 98 56 58 1560
internal_value=0.000397846 -0.00450998 0.00861176 -0.0119012 0.0267966 -0.0140861 -0.00362758 0.00107333 -0.00209856 0.00602035 0.0223013 0.011231 0.00883822 -0.0132143 -0.0166144 -0.0187183 0.0185569 0.027525 -0.00543727 -0.00700109 0.00957595 0.00492623 0.0119539 0.0237923 0.0316186 0.0195149 -0.00786451 -0.00168954 -0.00598183 0.00170273 -0.00569425 0.00333396 0.00121185 0.00682885 0.0146891 0.0073326 0.00285836 0.0183029 0.0131771 0.0109741 -0.00830202 0.00635068 0.000580982 0.0101751 0.0309324 0.00133478 -0.0115038 0.00880009 -0.00610204 0.00451416 0.00185217 -0.00223271 0.0165154 0.026956 0.00410871 -0.0199893 -0.00440454 0.00798267 0.0153902 -0.00234647
internal_weight=3526.44 2208.29 1318.15 948.884 161.042 859.286 168.66 1259.4 787.703 1157.11 69.3334 68.8799 89.598 101.98 690.626 574.704 57.0254 41.9185 582.662 526.322 21.782 1087.78 197.455 73.747 57.9277 53.2631 513.858 192.119 115.922 73.3218 62.5407 890.322 648.091 250.308 100.987 205.041 148.232 56.8095 68.2615 66.6797 32.5726 471.7 35.6043 26.3034 58.1681 149.321 321.739 56.3403 79.9701 123.708 112.955 93.1312 54.6642 27.8419 26.8223 539.1 29.2735 40.9608 30.0275 397.782
internal_count=18115 11699 6416 5290 722 4832 912 6409 4072 5694 324 331 458 566 3920 3292 285 205 3044 2762 111 5370 950 344 267 253 2699 990 628 392 336 4420 3248 1239 495 1028 744 284 341 346 173 2337 190 138 267 744 1709 282 403 606 554 458 283 144 139 3102 165 206 150 2009
is_linear=0
shrinkage=0.0226245


Tree=14
num_leaves=61
num_cat=0
split_feature=30 36 44 37 37 28 8 29 12 14 0 7 43 28 37 13 0 12 8 29 28 0 43 30 37 8 37 12 35 35 39 1 37 1 7 8 3 45 6 5 6 28 25 34 12 41 5 21 1 1 7 16 33 29 34 3 34 13 39 39
split_gain=272.58 133.009 111.948 111.789 84.7002 131.894 50.9572 50.0631 46.5656 43.6252 42.0974 41.6797 32.4314 32.4901 102.162 32.0018 31.542 32.8918 32.1432 31.4796 26.9504 26.9093 25.8514 25.7751 34.066 30.2017 28.1024 21.8023 20.8129 19.397 17.6792 17.3466 28.137 16.9973 16.1413 15.8486 19.4415 15.7961 15.7541 15.6522 15.1057 14.9385 14.8942 14.7039 14.7018 14.4467 14.2062 14.7067 18.0684 13.9333 13.2805 15.1561 11.9692 11.9155 11.8585 11.7157 11.5267 19.6747 10.9316 10.8666
threshold=0.018535000000000006 0.98440000000000005 0.31965000000000005 0.53815000000000013 -0.25479999999999997 0.008465000000000002 0.0043099224500000007 0.016635 0.015855000000000005 1.0230500000000002 0.34839402500000005 84.476076881134063 0.04635206186979262 0.018825000000000005 0.30745000000000006 0.062320000000000007 0.4760376750000001 0.22386500000000004 -0.021219313499999996 0.011025000000000002 0.014005000000000002 0.72965777500000006 0.33978390571826678 0.031010000000000003 0.42010000000000008 0.022850752000000005 -0.65444999999999987 -0.16841999999999999 14.500000000000002 5.5000000000000009 0.14475000000000002 -0.19679264695244206 0.21815000000000004 -0.037071979966114596 41.59915104008757 0.014055103000000001 0.52912823217819061 1.9643000000000002 0.082459780549800757 6.60457468032837 0.057023635548910205 -0.011884999999999998 2.4307000000000003 230.50000000000003 0.10417000000000001 0.21816996569232641 67.758991241455092 21.705000000000002 0.20329386240903033 -0.16412583401258293 67.104996981713484 1.13175 -0.20329999999999995 0.027125000000000003 193.50000000000003 0.26916582429519231 98.500000000000014 0.16201500000000002 0.13055000000000003 0.22135000000000002
decision_type=2 2 2 2 2 2 2 2 2 2 2 2 2 2 2 2 2 2 2 2 2 2 2 2 2 2 2 2 2 2 2 2 2 2 2 2 2 2 2 2 2 2 2 2 2 2 2 2 2 2 2 2 2 2 2 2 2 2 2 2
left_child=1 11 12 4 5 35 10 27 45 22 15 16 23 55 28 -7 17 18 33 40 -8 54 -10 24 25 -2 34 -6 44 -19 -21 32 -29 49 -25 36 -3 -28 -33 -31 -20 -26 50 46 -15 -5 47 48 -18 -1 -16 -52 -35 -39 -4 -14 -30 -58 -49 -55
right_child=2 3 21 8 7 6 20 -9 9 -11 -12 -13 13 14 42 -17 43 29 19 30 -22 -23 -24 26 41 -27 37 31 56 39 -32 38 -34 52 -36 -37 -38 53 -40 -41 -42 -43 -44 -45 -46 -47 -48 58 -50 -51 51 -53 -54 59 -56 -57 57 -59 -60 -61
leaf_value=0.0068382128240450767 -0.010390268576469226 0.0068810459905174464 0.020960003926471907 -0.019643130086702754 0.012167361966979845 0.033853720838013156 -0.016759898256978854 0.015017127569985878 0.037814045224220792 -0.0094661932964508633 0.043911088193173339 -0.024521963533734654 -0.013720259203691219 0.039229931842434465 0.0065032064870867157 -0.0040142965064045117 0.01062585612173453 -0.01059837830366229 -0.013022054364897661 0.0045818942164246165 0.016322240157872946 0.039066040310273158 -0.0028016480159020057 0.0077061979317449318 0.048625327258398673 0.032312461294413244 0.017842184152366443 -0.019793615995154883 0.025079434796266287 0.0090869209890996564 -0.010982490438499502 -0.022625423350026038 0.0026061035749725364 0.033150194556296524 0.042482906884017319 0.0077250831680206345 -0.025478014115368274 -0.0089376380249556395 0.0025482673452326024 0.034527802176512162 0.0036179563717278107 0.011247978183884604 -0.0174653510010403 -0.0055299392958049493 0.0074206651684048828 0.0088930434957024494 -0.013311357639535344 -0.017127352385829926 -0.0023309498867480935 -0.0099287443246164186 -0.0098239066031931641 0.008199083622397154 0.0077119741037959813 0.019723648295625843 -0.0090038082145438587 0.001548262135621469 0.020143609670223404 -0.010339384924942858 0.0033203829976856604 0.00031293482055599897
leaf_weight=57.432577639818192 18.803456202149395 9.3506459891796094 13.993926957249643 23.087566092610359 9.2178097516298276 14.92614835500717 30.697361722588539 20.40721769630909 43.318931818008423 16.689307495951653 31.071257755160332 31.725887179374695 24.154516875743866 53.323637396097183 185.22953940927982 30.376560598611832 329.43079987168312 15.919551685452459 275.89618639647961 136.62662455439568 17.415423884987831 67.446559518575668 9.2441436201333982 13.510170117020609 25.320168301463127 11.215823411941527 31.738038554787636 77.574714541435242 33.076246306300163 54.992663607001305 48.126011818647385 459.25107657909393 43.671608433127403 12.196879327297209 15.117099389433859 8.3769055008888227 92.680235415697098 41.264385908842087 12.514158010482786 14.582023680210112 29.804666727781296 9.4180989265441877 16.654574647545815 59.52784888446331 10.351577594876288 11.866054728627203 15.775009930133818 17.713347554206848 64.925669178366661 40.889110893011093 65.8393235206604 33.977431565523148 32.511484593153 18.030608236789703 9.1207064092159253 526.14734661579132 20.946309268474579 17.404438659548759 36.127726018428802 50.46862481534481
leaf_count=286 90 52 66 126 48 72 165 101 195 84 138 177 121 246 912 154 1634 81 1476 692 87 279 49 64 106 51 151 454 159 277 246 2703 250 61 68 45 534 205 71 72 152 44 83 299 50 61 78 88 324 207 331 167 163 86 45 2612 101 86 179 245
internal_value=-3.07829e-05 -0.00483336 0.00814307 -0.0111713 -0.0138596 -0.00224613 0.0135782 -0.0182103 0.0107283 0.0211805 0.0247402 -3.51601e-05 0.00630109 0.00447795 0.00906345 0.00974523 0.000645596 -0.00242713 -0.00421458 -0.00695891 -0.00453846 0.0320335 0.0308974 0.0138151 0.0257322 0.00700189 0.00892455 -0.0194026 0.0251899 0.0105217 0.000420711 -0.0199501 -0.0118527 0.00514713 0.0282842 -0.0199795 -0.0224045 0.00451968 -0.0219462 0.0155845 -0.011381 0.0401355 0.00167133 0.00485585 0.034606 -0.0100162 0.00621437 0.00698257 0.00849123 -0.000219094 0.00295369 -0.00363073 0.0162447 0.000308215 0.00945008 0.000809827 0.0157754 0.00655469 -0.00393696 0.00601452
internal_weight=3548.49 2235.94 1312.55 961.737 857.531 234.895 124.487 622.637 104.206 69.2524 76.374 1274.2 1221.99 987.105 436.803 45.3027 1242.48 718.978 633.484 490.453 48.1128 90.5612 52.5631 234.886 64.7575 30.0193 170.129 602.229 135.102 85.4942 184.753 593.012 121.246 143.03 28.6273 110.408 102.031 141.502 471.765 69.5747 305.701 34.7383 301.701 523.5 63.6752 34.9536 463.973 448.198 394.356 98.3217 285.046 99.8168 44.7084 109.764 23.1146 550.302 71.427 38.3507 53.8411 68.4992
internal_count=18249 11881 6368 5389 4874 1247 616 3627 515 328 364 6492 5978 4868 2135 226 6315 3713 3283 2566 252 390 244 1110 291 141 819 3526 642 430 938 3478 704 717 132 631 586 687 2774 349 1628 150 1493 2602 296 187 2303 2225 1958 493 1410 498 224 536 111 2733 346 187 267 331
is_linear=0
shrinkage=0.0226245


Tree=15
num_leaves=61
num_cat=0
split_feature=30 36 37 44 37 28 27 8 29 7 0 21 3 8 23 43 37 15 31 7 25 0 6 29 38 25 27 37 28 0 31 34 27 21 7 37 30 16 25 22 43 3 30 37 34 25 41 28 35 12 43 8 3 3 35 30 0 43 43 21
split_gain=260.892 126.982 106.575 105.726 81.0456 122.952 80.0549 49.9135 48.4486 40.3035 40.1459 32.0918 32.0089 30.6018 30.3751 29.016 29.2211 36.1334 34.6974 28.1392 27.0029 25.4685 29.0254 29.1481 25.3013 24.5873 24.667 29.4059 44.2897 23.7781 23.5024 22.2803 21.3465 21.2941 21.1354 20.9102 27.0756 19.61 20.364 19.012 18.8843 20.0226 18.6416 17.4087 17.2591 16.9293 16.9007 16.7736 17.8122 16.0847 15.4576 15.3668 18.9436 14.9849 13.9109 13.8876 20.9005 14.9964 21.0921 13.4944
threshold=0.018095000000000003 0.98440000000000005 0.53815000000000013 0.31965000000000005 -0.25479999999999997 0.008465000000000002 0.010845000000000002 0.0043099224500000007 0.016635 84.476076881134063 0.34839402500000005 17.765000000000004 1.0526125826924615 -0.030717700499999997 -20.159999999999997 0.37049872064126577 0.15120000000000003 0.99915000000000009 0.17504000000000003 1.0000000180025095e-35 1.2328500000000002 0.48283392000000008 0.053851539261767459 0.015625000000000003 1.0000000180025095e-35 0.073050000000000018 -0.0093749999999999979 -0.093649999999999997 0.016055000000000003 0.43886528000000008 0.044035000000000012 173.50000000000003 0.014795000000000001 18.145000000000003 79.658871394691218 0.4431500000000001 0.0091600000000000015 1.0472500000000002 1.5004500000000001 2.9922000000000009 0.58439804303574328 0.29232794209222063 -0.015289999999999998 0.41245000000000004 208.50000000000003 1.0980000000000003 0.074364699507835516 0.0098250000000000021 21.500000000000004 0.19266500000000003 0.19619152997392883 0.014055103000000001 0.52912823217819061 1.5890368439750417 2.5000000000000004 0.0011350000000000002 0.51456027500000012 0.27429006177557408 0.21044776683902475 21.705000000000002
decision_type=2 2 2 2 2 2 2 2 2 2 2 2 2 2 2 2 2 2 2 2 2 2 2 2 2 2 2 2 2 2 2 2 2 2 2 2 2 2 2 2 2 2 2 2 2 2 2 2 2 2 2 2 2 2 2 2 2 2 2 2
left_child=1 9 4 11 5 51 -4 10 30 13 31 19 -8 44 -5 33 17 -17 54 -2 39 22 23 32 -25 47 27 28 -27 -9 35 -7 -15 -13 37 42 -37 43 -39 -19 41 -28 -6 -35 59 -14 -29 -21 -49 -46 -16 52 -3 -24 -18 56 -23 58 -57 -1
right_child=3 2 6 14 8 7 12 29 -10 -11 -12 15 45 21 50 16 18 20 -20 25 -22 55 53 24 -26 26 40 46 -30 -31 -32 -33 -34 34 -36 36 -38 38 -40 -41 -42 -43 -44 -45 49 -47 -48 48 -50 -51 -52 -53 -54 -55 -56 57 -58 -59 -60 -61
leaf_value=0.011880367349770342 0.033219812683346416 0.0067433412919862485 -0.014083342626210955 -0.0048548479468852471 -0.0042126154993951644 -0.0053778869761817814 0.037428990486675653 -0.015146843555522854 0.014635711615438805 -0.024306347349432589 0.042501593787389602 0.039778174830978348 0.022439639561049669 -0.012407698394886776 0.040532790718272635 -0.010448349893490827 0.0065799089428459122 0.0067957624226169817 0.02017164012805257 -0.0061899934308140801 -0.0093943868765864295 0.020245877511825307 0.0028093270849748565 -0.012884226225318429 0.0084547123442454599 0.0012184022805381387 -0.019783476795109792 -0.0047704545266023662 0.044500424792359293 0.017404794999665265 0.0099919589692253757 0.024900219490839277 0.0016081768540770712 0.0098183586320422789 0.033402922961671799 -0.020224120318866168 0.013624441505103179 0.010946000020077557 -0.012693912467482563 0.041975549646049069 -0.014772501446733102 0.0014794717597882191 -0.022089234306664113 0.023427461204419363 -0.011443723064150148 -0.012108534432615331 0.017541812616166445 0.038855862242428207 0.0022131153273187184 0.014531318624399391 0.013214765788469871 0.0075730618130637724 -0.025203068046097586 0.02618147962282202 -0.015541266418116954 0.0071679370316335977 -0.0016938077842044677 -0.013310590013019759 0.033029896459639552 -0.00339801953021343
leaf_weight=199.54985636472702 12.600340023636816 9.3844019472599012 39.845797598361969 10.049792125821112 33.354966074228287 24.342805624008179 39.961614608764648 33.498711824417114 20.539158701896667 31.313533514738083 31.466665685176849 13.728313118219374 10.539513930678369 293.57923500239849 64.272785201668739 19.92275758087635 16.581000626087189 12.483850479125975 20.143016308546066 8.9730948358774167 8.6210138499736768 21.75454393029213 87.173897370696068 36.791911095380783 97.977111920714378 23.159195438027382 20.880408883094788 57.705077350139618 22.844024613499641 14.034679919481276 12.228110715746878 20.886784970760345 67.707214519381523 163.41674317419529 21.570071548223495 22.449314951896667 20.409056931734085 39.324381798505783 30.527469798922539 26.512879699468613 42.249496698379517 485.94741785526276 505.21668103337288 71.116377249360085 40.283544674515724 13.080294340848921 21.502424404025078 18.695152357220653 10.441782265901564 14.262053713202475 16.955040737986565 8.4094279855489713 90.099464893341064 14.067548140883444 67.565635785460472 76.507152289152145 223.45757384598255 10.118168413639067 18.505531653761864 33.346437349915504
leaf_count=980 55 52 218 45 186 124 179 182 101 177 138 65 49 1575 265 100 81 62 98 46 44 110 441 186 492 113 105 284 99 68 66 101 350 788 96 133 112 191 150 122 218 2402 3018 336 201 64 106 89 51 70 81 45 527 71 339 378 1114 53 92 165
internal_value=-2.51746e-05 -0.00477488 -0.0110149 0.00789545 -0.0136637 -0.00223779 0.010441 0.0129747 -0.0179511 -8.06278e-05 0.0239477 0.00611945 0.0257544 0.000588932 0.0310273 0.010445 0.00280475 0.0140879 -0.00468544 0.00303823 0.0243642 -0.00137611 -0.00420932 -0.00646053 0.00248082 0.00237221 0.0013319 0.0102722 0.0240724 -0.00508847 -0.0191441 0.00926055 -0.00978911 0.0142535 0.012838 -0.0198033 -0.00426308 0.0110799 0.000520584 0.0319607 -0.000749954 0.000496164 -0.0210105 0.0141802 0.00701649 0.0040735 0.00169122 0.0193859 0.0271102 -0.00426214 0.0354812 -0.0196351 -0.0220841 0.00669402 -0.0111084 0.00344909 0.000465953 0.0102083 0.0130322 0.00967791
internal_weight=3543.93 2216.14 949.747 1327.79 846.32 232.123 103.427 124.23 614.197 1266.4 76.6963 1236.51 63.5814 1235.08 91.2776 511.514 171.83 67.5405 104.29 724.998 47.6177 947.64 597.297 496.055 134.769 712.398 674.288 125.211 46.0032 47.5334 593.658 45.2296 361.286 339.683 325.955 581.43 42.8584 304.385 69.8519 38.9967 549.077 506.828 538.572 234.533 287.442 23.6198 79.2075 38.11 29.1369 54.5456 81.2278 107.893 99.4839 101.241 84.1466 350.343 245.212 105.131 95.0127 232.896
internal_count=18249 11818 5363 6431 4853 1237 510 613 3616 6455 363 6040 292 6278 391 2472 846 328 518 3568 228 4862 3115 2603 678 3513 3327 602 212 250 3515 225 1925 1626 1561 3449 245 1465 341 184 2725 2507 3204 1124 1416 113 390 186 140 271 346 624 579 512 420 1747 1224 523 470 1145
is_linear=0
shrinkage=0.0226245


Tree=16
num_leaves=61
num_cat=0
split_feature=30 36 44 27 37 28 37 16 37 26 27 24 24 22 2 28 37 8 31 3 36 37 29 2 30 34 27 43 7 31 7 0 13 0 31 30 16 13 28 8 14 22 8 27 35 5 44 1 1 24 27 1 35 29 31 0 31 0 41 24
split_gain=268.116 153.616 93.3382 90.9625 67.8613 98.5911 60.297 50.3111 47.0778 83.6907 50.0832 42.0351 38.8591 37.7591 37.3016 34.0739 37.0316 33.7689 31.3195 28.8567 26.8973 33.6689 43.8686 25.6991 25.1286 25.1157 24.8944 23.3387 23.2444 22.4465 22.3129 22.0204 21.3537 20.4589 19.7277 29.7111 20.4303 21.9834 19.5397 33.5626 17.8615 22.0181 21.0136 20.322 17.7921 19.5355 16.6543 15.7021 15.626 15.1149 23.9145 14.7981 14.734 17.8464 14.6413 14.2392 14.2102 17.7693 13.9655 13.7548
threshold=0.018975000000000002 0.98035000000000017 0.33550000000000008 0.016385 -0.36079999999999995 0.0079750000000000012 0.48635000000000006 1.0091500000000002 -0.54059999999999986 0.61325000000000007 0.016535000000000005 -0.18147999999999997 0.10417000000000001 5.6993500000000008 0.90530548836843461 0.022165000000000001 0.087100000000000011 0.008485168000000003 0.0034850000000000007 1.1451204537897415 0.99875000000000014 0.44980000000000003 0.021815000000000005 0.098912065119555415 0.032570000000000009 169.50000000000003 -0.0044249999999999992 0.28275664326571531 87.580083557605505 -0.11242499999999998 84.476076881134063 0.71660228000000015 0.11066500000000001 0.42382975000000006 0.028260000000000004 -0.036494999999999993 1.0719500000000004 0.19674000000000005 0.016530000000000003 0.018236637500000003 0.89005000000000012 8.0950500000000023 0.018236637500000003 0.060260000000000008 30.500000000000004 4.7064726352691659 0.28785000000000005 -0.03878080122975424 -0.24801656841330882 0.036805000000000011 -0.013354999999999997 -0.27390141814150315 3.5000000000000004 0.062410000000000007 0.10891500000000001 0.65900680000000011 0.0078500000000000011 0.10994623300000002 -0.39795922573798032 0.19948000000000002
decision_type=2 2 2 2 2 2 2 2 2 2 2 2 2 2 2 2 2 2 2 2 2 2 2 2 2 2 2 2 2 2 2 2 2 2 2 2 2 2 2 2 2 2 2 2 2 2 2 2 2 2 2 2 2 2 2 2 2 2 2 2
left_child=1 13 8 4 5 -3 12 33 9 52 15 -6 27 14 28 18 -17 -9 26 25 40 22 55 24 -20 -18 32 -5 34 -15 -19 -4 -10 -7 35 59 37 -36 39 -11 47 42 -42 -43 45 51 -8 -12 -37 50 -16 -13 -2 58 -21 -22 57 -31 -54 -1
right_child=2 3 31 6 11 7 46 17 10 38 20 44 -14 29 49 16 19 30 23 54 21 -23 -24 -25 -26 -27 -28 -29 -30 56 -32 -33 -34 -35 36 48 -38 -39 -40 -41 41 43 -44 -45 -46 -47 -48 -49 -50 -51 -52 -53 53 -55 -56 -57 -58 -59 -60 -61
leaf_value=0.00021054417083047117 -0.014479046292880045 -0.02248551252054681 0.0086626665417439321 -0.021258237021224872 0.012112946124554711 -0.013674235426960873 0.044689913972459853 0.042604922663128271 0.00044816954270961233 0.041629382808795225 -0.011135937758437575 -0.010562466546907314 0.027507643781822664 0.026388045472474871 0.024308706071595628 0.029689904190874493 0.003541936562902344 0.025181734609130871 -0.011579835123465663 -0.0099564311050523071 0.0083116508426517976 0.040091845889793191 0.036781799688893092 -0.0090057844355664624 0.016688602863262906 0.021570948159973301 -0.0039786684778078179 0.013501924738604452 -0.023948684402064817 -0.020935163376057334 -0.01685034158450489 0.038871185380331685 0.030785149178666579 0.018204420557942153 0.0021487864439028361 0.0014232702459537081 -0.011573832441962657 0.020188808269726011 0.049834347053346911 -0.006644466372559537 8.0628259476736363e-05 -0.0043193340524400299 0.024382595296296612 0.02749523449328916 0.0079561204256446624 -0.0050569793756950338 0.0071982020854629977 0.0086207334915127509 -0.0084298917536683449 0.024146551462994891 -0.011404859552042387 -0.02103977870161497 -0.0084372412706866396 0.027637072940079846 0.0052360984302632719 -0.02504217610931685 0.014646777011520546 0.0047343965268320416 0.01002313473733739 0.012860253522347325
leaf_weight=250.93388991057873 12.759387969970701 58.891610160470009 18.022507935762405 37.143765777349472 22.881090179085732 30.407082125544548 20.48549480736256 30.714753895998001 18.946640104055405 13.31829220056534 34.588368862867355 90.291758418083191 13.008172571659086 31.755379945039749 13.218403086066244 30.521625503897667 103.05051504075527 10.180018782615663 22.629918649792671 73.827318981289864 9.4769814014434832 33.401450380682945 13.218170329928396 263.17793460190296 41.847977310419083 62.771467179059982 40.163210764527321 10.924815475940703 21.753688380122185 13.591950774192808 10.029895097017286 57.419950157403946 29.329853609204292 12.12030181288719 102.39936576783657 101.78527590632439 29.17781999707222 49.944144189357758 33.91568124294281 12.25440591573715 23.356169372797012 50.738692596554756 80.13074916601181 9.8351806253194791 11.890449434518812 54.33119161427021 9.9124835580587369 42.806858628988266 413.07211753726006 36.058484941720963 20.97943440079689 516.85695667564869 27.108064159750938 18.859896749258041 53.874266624450684 12.465301588177679 57.052739366889 82.032543122768402 68.912241861224174 50.48899444937706
leaf_count=1247 62 347 86 209 118 160 87 137 93 60 170 527 68 151 64 142 506 50 115 366 46 142 60 1325 209 306 201 58 125 72 52 234 141 57 512 527 146 246 142 59 114 248 379 45 65 300 45 208 2178 173 106 3071 132 88 268 59 285 413 335 248
internal_value=0.000167359 -0.00463389 0.00825851 -0.0115566 -0.0138666 -0.000180408 0.00964113 0.0141288 0.0067244 0.0171017 0.00483337 -0.0168481 -0.00355067 0.000487912 -0.00112211 0.00161842 0.00708741 0.0286764 -0.00266022 0.00447029 0.0124229 0.0247137 0.00816756 -0.00588435 0.00669589 0.0106196 0.0090927 -0.01304 -0.00223587 0.00987197 0.0048236 0.0322411 0.0195776 -0.00400793 -0.00169463 -0.00319541 0.00499845 0.00832904 0.0386099 0.020172 0.00868157 0.0128464 0.0190492 0.00186394 -0.0178798 -0.0183768 0.0341522 -0.000291666 -0.00648488 0.0144898 0.0032185 -0.0195391 0.00644386 0.0090663 -0.00357301 -0.0113461 0.00600996 0.000578125 0.00471709 0.00243152
internal_weight=3527.04 2214.31 1312.73 940.07 848.595 152.344 91.4747 93.4521 1237.29 187.128 1050.16 696.251 61.0768 1274.24 1089.81 740.141 324.045 50.9247 416.096 293.524 310.018 68.5619 35.1605 327.656 64.4779 165.822 88.4397 48.0686 1019.56 184.433 20.2099 75.4425 48.2765 42.5274 997.802 816.28 181.521 152.344 59.4884 25.5727 241.456 164.061 103.487 60.5739 673.37 661.48 30.398 77.3952 514.857 70.2563 34.1978 607.149 127.64 114.88 127.702 21.9423 152.677 95.6245 96.0203 301.423
internal_count=18185 11844 6341 5351 4884 803 467 456 6021 878 5143 4081 335 6493 5572 3672 1588 239 2084 1446 1471 307 165 1649 324 812 435 267 5229 921 102 320 234 217 5104 4200 904 758 261 119 1164 786 493 293 3963 3898 132 378 2705 343 170 3598 617 555 634 105 770 485 467 1495
is_linear=0
shrinkage=0.0226245


Tree=17
num_leaves=61
num_cat=0
split_feature=30 36 44 27 13 22 2 23 8 5 41 8 12 44 41 27 31 22 27 12 8 31 0 21 21 0 22 23 12 23 16 23 5 30 1 5 12 27 2 35 23 2 5 5 41 30 30 22 0 30 44 13 28 3 44 41 28 15 13 31
split_gain=256.599 148.197 88.8545 88.0534 51.9618 35.9817 35.6357 31.9089 34.7148 56.5889 54.0469 48.9393 31.301 34.2374 32.3856 27.6193 27.0168 25.7207 31.885 25.6054 22.7726 21.2304 20.9309 19.3133 21.493 19.2536 24.7765 19.0349 18.2195 18.1686 29.55 18.1604 17.6753 21.0928 27.7909 17.507 17.26 17.1269 16.5633 16.1624 16.1153 17.9056 19.4922 14.6716 14.345 14.0615 21.9257 13.9929 13.9111 13.6157 13.2314 12.7895 11.6515 14.2907 11.59 11.5378 11.3446 11.0091 10.8925 10.7932
threshold=0.018975000000000002 0.98035000000000017 0.33550000000000008 0.016385 0.15419500000000003 5.6993500000000008 0.90530548836843461 -46.624999999999993 1.0000000180025095e-35 1.8449921607971194 0.023345997911340417 0.017836004500000002 -0.020599999999999997 0.2808500000000001 0.54200308972658806 0.072065000000000018 0.067620000000000013 8.0950500000000023 0.016535000000000005 -0.10777999999999999 -0.013765334999999998 -0.11242499999999998 0.71660228000000015 20.990000000000006 16.070000000000004 0.60100786500000003 2.9797000000000007 60.195000000000007 -0.20009999999999997 58.775000000000013 1.0026500000000003 -64.014999999999986 -0.90880772471427906 0.014245000000000002 0.17808104848993836 -0.77656283974647511 -0.33724499999999996 -0.0087149999999999988 0.015873265829960705 30.500000000000004 77.425000000000026 0.61663372859025045 0.42190849781036383 1.3479642868041994 0.39561698365859882 -0.015289999999999998 -0.033569999999999996 8.5954500000000014 0.28151692500000008 -0.027669999999999997 0.028145165000000003 0.30005500000000002 0.0082250000000000014 0.92894173991297457 0.080450000000000008 0.26609788271443169 -0.04133499999999999 0.97335000000000016 -0.45707999999999999 -0.031004999999999994
decision_type=2 2 2 2 2 2 2 2 2 2 2 2 2 2 2 2 2 2 2 2 2 2 2 2 2 2 2 2 2 2 2 2 2 2 2 2 2 2 2 2 2 2 2 2 2 2 2 2 2 2 2 2 2 2 2 2 2 2 2 2
left_child=1 5 7 4 19 6 20 58 9 10 16 40 14 -14 29 17 -9 18 -13 37 35 -7 -4 24 52 26 36 -12 -28 30 -6 -23 33 -21 -35 56 -22 -3 -33 49 41 42 -10 -26 -8 46 -37 -19 -31 -34 57 -29 53 -5 -39 -47 -1 -11 -2 -40
right_child=2 3 22 23 12 21 44 8 11 50 27 15 13 -15 -16 -17 -18 47 -20 32 25 31 -24 -25 43 -27 28 51 -30 48 -32 38 39 34 -36 45 -38 54 59 -41 -42 -43 -44 -45 -46 55 -48 -49 -50 -51 -52 -53 -54 -55 -56 -57 -58 -59 -60 -61
leaf_value=0.013582968330049169 0.0027959480684979551 -0.017552632500055076 0.0084688648737852069 0.010645978450731074 0.0020539610031002718 0.025596040414717247 0.019424795659625869 0.037862098392579709 -0.0083694102529721561 0.020986275976724963 -0.003795611726198204 0.0056262187887580186 -0.017715890916414633 0.021610649496758186 -0.016920453832467045 0.033590797364130072 0.00095058257154808387 -0.024826505116720216 0.016331114404792953 -0.015021840904430064 0.014307587302281256 -0.01715963973368495 0.037871200445797885 -0.012313118006904317 0.036399056273632352 0.0021214528006170508 -0.0015646036191279309 0.036549889820983596 -0.016640037813735457 0.017598586464368498 0.044443376500025063 -0.01270934491718 0.0069298251745092765 -0.0091893370415907349 0.028804424691292106 0.0086703012239207171 -0.0042459617433205461 -0.0070046521499163537 0.00083852487243638496 0.0080199747670018761 -0.020905466032478968 -0.014595914392330248 0.0089623099438862677 0.0083463199433501199 -0.0041157943393358206 0.029027674997941899 -0.015454903203090644 -8.8974725619844625e-05 -0.015427053462582076 -0.02075653019110953 -0.018672772744126404 0.0019807109509260294 0.019881810418550579 -0.019761378578285041 0.019527745785401073 0.0018200088186046289 -0.003893923291975996 -0.0065817787543568642 -0.01429136366076557 0.015281708628779787
leaf_weight=18.446320056915283 30.569399937987328 15.386530756950377 18.083345234394073 11.679523900151255 14.379165157675741 32.082963854074478 54.571158543229103 79.903264120221138 51.761444315314293 9.5041997879743594 39.465747758746147 454.88011831045151 62.87778739631176 11.129475802183149 15.650917008519171 18.790300726890564 11.741009309887884 10.868338465690611 208.21653287112713 138.15646184980869 25.486476972699165 13.190924495458601 57.676043048501015 15.006410375237463 21.692324474453926 162.7420287579298 56.450072050094604 10.223258823156359 153.93405993282795 9.7933937758207339 18.461148977279663 14.620498925447462 7.9867807626724234 27.085839480161667 11.840319857001303 99.542473047971725 271.42382207512856 11.764941379427912 37.994630962610245 9.1563929021358472 23.198208466172218 39.614692434668541 82.085977330803871 19.206443935632706 16.058882087469101 22.251108065247536 20.992130979895592 78.465653643012047 10.5623612254858 458.2378928810358 19.413928791880608 10.009624496102331 8.8802136182785016 15.045479565858839 19.000893086194992 12.28410682082176 174.76645796000957 16.049767658114433 44.609969481825829 87.273990049958229
leaf_count=89 150 87 86 61 76 151 263 356 262 46 195 2224 368 54 85 86 58 54 979 806 129 67 234 85 99 808 289 49 836 53 94 76 43 143 57 492 1424 65 191 48 123 201 408 99 80 112 110 384 57 2748 95 50 43 80 100 63 877 79 222 436
internal_value=0.000171177 -0.004541 0.00807191 -0.011377 -0.0136684 0.000479143 -0.00109629 0.00657469 0.00749973 0.0161236 0.0226466 0.00570776 -0.00120559 -0.0112113 0.00956837 0.00827094 0.033307 0.00751241 0.00904397 -0.0162013 -0.00218878 0.00961871 0.0314227 0.00946631 0.0140314 -0.00462124 -0.00678409 0.00549862 -0.0126711 0.0178325 0.0275521 0.0058575 -0.0173484 -0.0109455 0.00356029 0.00249037 -0.00253064 8.15701e-05 0.00833163 -0.0196528 -0.00431815 -0.00179327 0.00222449 0.0246469 0.014121 0.00808103 0.00420491 -0.00378288 0.000674433 -0.0202424 -0.00587199 0.021835 0.000901845 -0.00673049 0.00965149 0.0202387 -0.0020496 0.00476273 -0.0074971 0.0110189
internal_weight=3522.22 2207.09 1315.13 932.981 841.47 1274.11 1088.95 1239.37 1164.19 196.311 151.343 967.881 142.854 74.0073 68.847 771.221 91.6443 752.431 663.097 698.616 1018.32 185.163 75.7594 91.5104 76.504 670.036 507.294 59.6986 210.384 53.1961 32.8403 153.08 652.464 177.083 38.9262 348.283 296.91 46.1524 139.889 475.381 196.66 173.462 133.847 40.8988 70.63 155.07 120.535 89.334 20.3558 466.225 44.9679 20.2329 35.6052 26.725 30.7658 34.5352 193.213 25.554 75.1794 125.269
internal_count=18185 11844 6341 5351 4884 6493 5572 6021 5649 928 708 4721 787 422 365 3727 414 3641 3203 4097 5229 921 320 467 382 3486 2678 294 1125 280 170 770 3845 1006 200 1743 1553 252 703 2839 994 871 670 198 343 777 602 438 110 2791 220 99 184 141 165 175 966 125 372 627
is_linear=0
shrinkage=0.0226245


Tree=18
num_leaves=61
num_cat=0
split_feature=30 36 37 44 28 37 13 30 8 44 28 45 0 29 12 0 7 29 37 15 7 31 2 37 13 12 35 15 29 1 37 21 28 30 35 35 29 38 29 30 45 2 16 2 8 37 25 1 25 0 12 5 45 5 30 35 28 31 30 13
split_gain=250.489 121.867 94.129 81.5781 66.1287 64.6806 62.1552 43.8993 47.0773 44.8725 41.389 40.8748 40.2576 34.9683 34.2404 32.58 27.5763 28.8148 39.5226 51.7307 29.5436 27.435 24.9448 24.8867 23.6672 40.0976 24.7951 22.2046 19.8513 23.0811 19.6802 19.4199 23.495 19.704 18.9062 18.3521 20.8106 17.8477 17.4506 16.3003 16.2002 15.5693 15.0609 23.6277 15.9768 14.9139 14.9053 14.8968 14.2182 13.8829 15.7124 13.4398 13.3256 12.8261 12.7633 15.5769 11.7148 13.0294 12.8192 12.2374
threshold=0.018535000000000006 0.67710000000000015 0.53815000000000013 0.33550000000000008 0.017205000000000002 -0.40444999999999992 -0.12425499999999999 0.0086600000000000028 1.0000000180025095e-35 0.21105000000000004 -0.0071199999999999987 1.9629000000000003 0.74368170000000011 0.019890000000000001 0.07269500000000001 0.47369425000000004 1.0000000180025095e-35 0.019635000000000003 -0.5281499999999999 0.99655000000000016 76.766209659686623 -0.070639999999999994 0.36000384055303963 0.31910000000000005 0.17957000000000004 0.09666000000000001 3.5000000000000004 1.0087500000000003 0.023615000000000001 -0.24801656841330882 -0.25479999999999997 17.765000000000004 0.04024500000000001 0.050830000000000007 5.5000000000000009 30.500000000000004 0.0090700000000000017 1.0000000180025095e-35 0.015465000000000001 0.023020000000000002 1.9551000000000003 0.19768428574618704 1.05325 0.12673317021143102 0.00059908628500000003 -0.58029999999999993 0.96035000000000015 -0.25730658383133476 0.70685000000000009 0.36949386500000009 -0.027234999999999995 2.6055588722229008 1.9537000000000002 -2.4966590404510494 0.028830000000000005 15.500000000000002 -0.049779999999999998 0.016300000000000005 -0.0049699999999999996 0.09475500000000002
decision_type=2 2 2 2 2 2 2 2 2 2 2 2 2 2 2 2 2 2 2 2 2 2 2 2 2 2 2 2 2 2 2 2 2 2 2 2 2 2 2 2 2 2 2 2 2 2 2 2 2 2 2 2 2 2 2 2 2 2 2 2
left_child=1 15 4 16 7 -6 -4 11 9 23 -11 52 51 46 -8 21 -2 18 19 40 42 -1 56 -9 25 28 38 -21 -23 -30 -22 33 54 37 -27 36 -13 48 -26 -39 -18 -34 44 -44 -20 -10 -7 -36 -19 50 -28 -5 -3 -47 55 -33 -17 -58 -59 -60
right_child=3 2 6 12 5 13 14 8 45 10 -12 35 -14 -15 -16 22 17 31 20 27 30 24 -24 -25 26 34 49 -29 29 -31 -32 32 41 -35 47 -37 -38 39 -40 -41 -42 -43 43 -45 -46 53 -48 -49 -50 -51 -52 -53 -54 -55 -56 -57 57 58 59 -61
leaf_value=0.0055340260571866617 0.030322121196319662 -0.0061779308782362241 0.036116510867447847 -0.015531592436425989 0.044302700674731375 0.0085300286541888735 -0.011893156890400781 -0.011699618083766098 0.007296089433677589 -0.010539761070616886 0.036985717488377139 -0.021723704760472005 0.038479378967437028 0.028831450457893787 0.019104174466285137 0.02062848347689011 0.012971222700293468 0.018811859345390192 0.010660829701438501 0.045690973383771122 0.0070894780115076036 -0.01509358504696897 0.0091755185831103453 0.021327363653324213 0.030523459602574545 -0.014344079809773497 0.0059481582159846861 0.012889579053537466 0.029949227527411294 -0.010217035432212751 -0.023663820024017294 0.016039993884450796 -0.011616837554962147 0.0015854153071867298 0.021170775229866819 0.0082351405190443042 0.0018265662656976524 -4.3711134587608481e-06 -0.0020895368410478706 0.02169381802603115 -0.01403520945902096 0.010587065546462047 0.01728747447057433 -0.011142270202721016 0.00080562052806192074 0.0028716471417837976 -0.017701032986010463 0.0015643532613294603 -0.0077194462486964719 -0.016751823567203429 -0.016150997094800321 0.017283305824006417 0.019597425537764768 -0.021671420430053157 0.021852255598970319 -0.012138866611678662 -0.0050903433343102347 -0.0045336942896129079 0.00053423169453359538 0.027275047365517738
leaf_weight=155.49594356119633 21.93064147233963 24.212622448801994 29.038897335529327 9.6437492370605487 15.212836235761641 12.783466368913649 51.080476984381676 67.441038995981216 10.719237253069876 12.149779036641119 26.793684586882591 471.88685850799084 61.067861214280128 10.791865214705465 24.674406871199608 9.5712348222732526 17.36027604341507 11.794401183724402 122.65605720877647 24.86502106487751 12.981935456395147 240.03372314572334 280.80766928195953 11.261423692107199 20.383599355816841 26.246268793940544 78.465220674872398 22.095389142632484 8.8919253945350665 16.774945005774498 37.188417613506317 26.262707233428955 22.494211107492447 205.44494967162609 23.025293380022049 9.9796695411205274 19.567286103963852 22.281963884830475 12.589321643114088 83.666550397872925 23.136823862791061 41.910066410899162 15.680089145898817 77.515588268637657 257.29105634987354 11.534985065460203 41.911457300186157 86.852152675390244 32.033567532896996 24.31835862994194 17.775812536478043 10.153085663914679 13.794858634471892 96.276557415723801 140.42255674302578 12.773575797677038 168.79562699794769 26.4647556245327 15.491233810782431 17.627344384789467
leaf_count=774 94 131 132 47 68 69 272 382 56 68 133 2888 247 51 118 46 85 57 592 107 62 1316 1375 64 100 137 399 104 44 86 197 121 108 1002 116 54 105 107 63 398 115 200 78 392 1282 65 237 444 157 125 95 47 74 562 660 61 851 131 77 84
internal_value=0.000307763 -0.00437356 -0.0103962 0.00811301 -0.0128723 0.00642778 0.00963903 -0.0148968 -0.00665063 0.0034712 0.0224548 -0.0184524 0.0297517 -0.00387257 -0.00146551 0.000347333 0.00662608 0.00612524 0.00264809 0.0164664 0.000260897 -0.00279452 0.00464424 -0.00638521 -0.00514306 -0.00801425 0.00238062 0.0319011 -0.0130853 0.00532184 -0.0157534 0.00964046 0.0145434 0.00618426 0.00195031 -0.0201594 -0.0207808 0.0123428 0.0189072 0.0172516 -0.00236503 0.00266592 0.00204442 -0.0059825 0.00404365 -0.0165403 -0.0114496 0.00611068 0.000142855 -0.00247644 0.00151419 0.00135558 0.00390151 -0.019039 0.018696 0.00661776 -0.000749121 -0.00189188 0.00698522 0.0158148
internal_weight=3503.37 2190.72 961.111 1312.65 856.318 80.6996 104.794 775.618 236.177 117.646 38.9435 539.441 80.8647 65.4868 75.7549 1229.61 1231.79 1209.86 610.771 87.4575 523.313 710.853 518.758 78.7025 555.357 401.824 153.532 46.9604 265.701 25.6669 50.1704 599.085 243.863 355.221 136.124 501.434 491.454 149.776 32.9729 105.949 40.4971 64.4043 473.143 93.1957 379.947 118.531 54.6949 109.877 43.828 120.559 96.241 19.7968 38.0075 107.812 179.459 39.0363 237.95 228.379 59.5833 33.1186
internal_count=18112 11792 5529 6320 5007 425 522 4582 1330 647 201 3252 341 357 390 6263 5979 5885 3014 411 2603 3699 2564 446 2925 2143 782 211 1446 130 259 2871 1150 1721 697 3047 2993 719 163 505 200 308 2344 470 1874 683 306 560 214 619 494 94 205 627 842 182 1189 1143 292 161
is_linear=0
shrinkage=0.0226245


Tree=19
num_leaves=61
num_cat=0
split_feature=30 36 27 43 28 30 36 3 28 12 6 5 12 29 2 0 35 43 22 3 7 25 30 30 14 7 30 2 1 2 35 3 16 29 39 12 13 35 27 3 6 45 17 29 28 29 30 5 29 27 2 0 1 13 7 16 5 14 12 29
split_gain=239.364 117.46 89.6051 58.5185 47.3891 49.4174 43.9134 31.6788 30.639 51.3306 42.9503 29.9901 30.9857 29.1096 27.9621 27.2791 25.8268 24.4152 24.4116 23.8253 23.7753 23.6202 23.5211 22.5215 22.2476 22.1116 21.5206 20.8899 20.1064 23.2831 19.6549 17.328 21.2295 17.0345 33.7555 31.9913 20.1961 33.2317 23.2833 16.5477 27.5613 16.4177 15.4668 17.0232 17.8603 15.369 18.6919 15.2706 15.3929 14.6706 14.5357 25.9262 14.878 14.0019 13.0984 12.9426 12.7917 34.6742 13.645 12.391
threshold=0.018535000000000006 0.67710000000000015 0.015715000000000003 0.043022101579766138 0.018155000000000001 0.0086600000000000028 0.87495000000000012 2.3606121817678729 0.016945000000000005 -0.067219999999999988 0.038924396103164657 -2.0594445466995235 0.030705000000000003 0.0090700000000000017 0.87404017289600822 0.47369425000000004 30.500000000000004 0.39863045124551028 4.9749000000000008 1.1201237109429929 81.985075006175109 0.99990000000000012 0.0043200000000000001 0.029835000000000004 0.8428000000000001 68.877876352545542 0.093365000000000017 0.36000384055303963 -0.39938078002607885 0.091153470185728266 19.500000000000004 1.1880901403427069 1.0845500000000003 0.0067850000000000002 0.12465000000000002 0.10694500000000001 0.19234500000000002 5.5000000000000009 0.012865000000000001 1.3891487330236891 -0.0031379229543706997 1.9629000000000003 0.98315000000000008 0.020145000000000007 0.044415000000000003 0.019890000000000001 0.11319000000000003 0.023279590532183602 0.0080300000000000007 -0.0023549999999999999 0.47444228579084885 1.24475855 -0.023813558278045596 0.16409500000000002 37.833607305176244 1.0100500000000003 -2.806021928787231 0.99435000000000007 -0.26808499999999996 0.04024500000000001
decision_type=2 2 2 2 2 2 2 2 2 2 2 2 2 2 2 2 2 2 2 2 2 2 2 2 2 2 2 2 2 2 2 2 2 2 2 2 2 2 2 2 2 2 2 2 2 2 2 2 2 2 2 2 2 2 2 2 2 2 2 2
left_child=1 7 4 6 5 13 45 15 28 25 59 12 30 16 17 20 41 47 53 23 33 -6 -23 -8 -15 42 -27 -17 -5 -30 -7 49 -33 36 -35 -36 38 -38 -1 56 -41 -3 -10 -44 -45 -2 50 -4 -49 -12 52 -52 -47 -13 -50 -9 57 -31 -58 -11
right_child=3 2 14 8 21 11 19 55 9 10 31 18 -14 24 -16 27 -18 -19 -20 -21 -22 22 -24 -25 -26 26 -28 -29 29 39 -32 32 -34 34 35 -37 37 -39 -40 40 -42 -43 43 44 -46 46 -48 48 54 -51 51 -53 -54 -55 -56 -57 58 -59 -60 -61
leaf_value=-0.01265711871351767 -0.0013219788307485734 -0.0015952726412221633 0.030977260711044157 0.01873966743993399 0.0187595589241141 0.027153867287209994 0.022187406325531053 0.019216005365802299 0.024642707927812951 0.039896353915707554 0.016732802368650306 -0.01593322723846842 -0.013839733044608752 -0.015754163363513565 -0.013789567881268502 -0.0015652426976652072 0.013726548392521999 -0.012646211282710885 0.017134151060006896 0.036022425541725411 -0.023675381152321252 0.011141305773646077 -0.017831235239827201 -0.015355774005685189 0.02704609106965452 -0.018895211932462724 0.005287736269297006 0.0078145889699439922 0.010970084904570604 -0.0044077510187736412 -0.0060655093548579453 0.026033180119095611 -0.0020487471297693759 0.0072214710100929084 -0.016905402743663624 0.012648736746447769 0.025897885371024377 -0.0047177980810087835 0.0012908185096364394 0.016115377228433706 -0.021995126889697177 -0.021171386191409309 -0.0015393996671415359 0.014702198642480884 -0.0036520227755392765 -0.0024779924162213309 0.0011075980016180434 -0.0037757119465914877 0.0012426630041606722 -0.0072160547119336478 0.043512470355249071 0.0062339482911645365 0.020775693457642366 0.002161353592420479 0.031073990563123589 -0.0068775534224616575 0.021355523254444019 0.026639955847906523 -0.0033966403041313618 0.0086485095000336173
leaf_weight=203.35908058285713 45.763703614473343 23.517138361930847 28.225870758295059 29.451356768608093 29.250417143106461 30.099098801612854 25.227579236030579 56.753405869007111 20.684892669320107 45.93674436211586 17.103428333997726 135.37190155684948 21.015934199094772 9.0460629165172595 21.4169762134552 222.23247544467449 9.8268938213586789 13.492839232087134 12.446460619568823 69.538168787956238 25.7168038636446 22.517773941159248 30.586389616131783 9.1716007292270643 10.444663897156714 34.969746544957161 35.521118745207787 263.17150050401688 83.585006892681122 44.342892408370972 11.328936532139776 47.604752078652382 18.40040996670723 184.66610807180405 68.891114175319672 22.999616429209709 22.28322871029377 62.701602786779404 86.432409062981606 10.27519680559635 39.906352445483208 467.72359243035316 106.3496585637331 109.24110250174999 34.484720692038536 24.263785183429718 42.259306386113167 22.835109665989876 12.299025505781175 35.081356167793274 23.104014232754707 16.848878532648087 28.937313944101334 25.244939595460892 17.631437391042709 10.096612080931662 9.0318107604980451 27.796199530363083 270.78333735466003 9.661168307065962
leaf_count=1095 227 132 132 145 146 153 110 271 100 203 83 789 119 47 118 1114 52 73 65 286 151 117 173 44 56 175 174 1288 412 223 59 217 90 936 364 117 110 321 445 50 199 2887 521 527 166 115 201 124 63 173 103 79 134 136 88 51 44 129 1345 45
internal_value=0.000307186 -0.00428397 -0.0102265 0.00792183 -0.0128015 -0.0145715 0.0169501 0.000342476 0.00538277 0.00926938 0.0191773 -0.00587522 0.00732655 -0.0184516 0.00825826 -0.000544744 -0.0195078 0.0135171 -0.0106808 0.0285294 -0.00347327 0.00339158 -0.00560499 0.0117627 0.00771251 0.00410484 -0.006981 0.00353638 0.00146709 0.000315025 0.0182666 0.010997 0.0184473 -0.00257446 0.00167623 -0.00934787 -0.00569997 0.00389789 -0.00852538 -0.00196217 -0.0137385 -0.0202491 0.00703428 0.00531265 0.0103132 0.00996329 0.0137251 0.0181617 0.0100525 0.00109959 0.0192433 0.0292738 0.0105892 -0.0131013 0.0200057 0.0151531 -0.000184788 0.00812112 -0.00238734 0.0351628
internal_weight=3498.95 2183.63 954.321 1315.33 838.42 756.066 285.114 1229.3 1030.21 515.039 173.788 235.507 62.444 520.558 115.901 1162.45 501.068 94.4843 173.063 103.937 677.05 82.3546 53.1042 34.3992 19.4907 341.251 70.4909 485.404 515.172 485.721 41.428 118.19 66.0052 651.333 276.557 91.8907 374.776 84.9848 289.791 402.136 50.1815 491.241 270.76 250.075 143.726 181.177 135.413 80.9914 52.7656 52.1848 93.154 39.9529 53.2011 160.617 29.9305 66.85 351.954 72.1391 279.815 55.5979
internal_count=18112 11792 5529 6320 4931 4495 1299 6263 5021 2474 811 1321 331 3174 598 5941 3071 480 990 440 3539 436 290 154 103 1663 349 2402 2547 2402 212 563 307 3388 1417 481 1971 431 1540 1990 249 3019 1314 1214 693 859 632 407 275 256 431 182 249 925 151 322 1741 352 1389 248
is_linear=0
shrinkage=0.0226245


Tree=20
num_leaves=61
num_cat=0
split_feature=30 36 44 27 37 16 37 0 28 37 37 12 28 8 16 7 7 15 27 27 1 6 28 8 14 37 3 35 37 13 37 37 28 35 37 16 27 30 27 12 15 16 23 30 9 37 30 28 3 3 12 8 6 12 2 27 34 16 37 37
split_gain=196.173 123.096 86.3129 66.6241 74.7424 107.419 68.7271 55.7503 44.3467 39.7429 38.0348 44.113 32.5101 31.7726 30.6262 32.9604 27.6735 31.6288 26.3999 25.4491 24.9567 22.5702 22.2289 32.7225 25.7557 22.1847 21.08 20.1046 20.0438 70.6148 38.1083 19.8962 19.1036 18.9996 20.6188 21.0256 18.9543 22.0533 18.6789 18.4771 17.2437 17.0559 19.8596 17.9825 15.9697 22.2033 19.5067 15.2221 16.6742 14.8868 14.8825 14.8628 14.8218 16.0544 14.55 15.0959 14.5369 12.7104 15.6598 12.4508
threshold=0.018095000000000003 0.96640000000000004 0.14645000000000002 0.016385 -0.33839999999999998 1.0065500000000001 0.28265000000000001 0.72480789000000001 0.024690000000000004 0.38785000000000008 -0.27154999999999996 -0.0041399999999999987 0.0086250000000000025 0.011386186000000001 -1.0615499999999998 76.766209659686623 60.03262098815194 -0.99924999999999986 0.021605000000000003 0.014055000000000002 -0.037071979966114596 -0.013747424646946598 0.015625000000000003 0.027083218500000002 0.5021500000000001 -0.93724999999999981 0.33857179735319415 15.500000000000002 0.48635000000000006 -0.030554999999999995 -0.31264999999999993 0.27305000000000007 -0.0059449999999999998 5.5000000000000009 0.69580000000000009 1.0690500000000001 -0.0039549999999999993 -0.022784999999999996 0.015235000000000002 0.17670000000000002 -0.98344999999999994 1.0073500000000004 -30.959999999999997 0.036830000000000009 4.5000000000000009 -0.13024999999999998 0.041985000000000008 0.018825000000000005 1.7966190457546733 1.0478281191132592 0.18795000000000003 -0.024768948999999995 0.022912021921726752 -0.11103499999999998 0.031517082962564356 -0.011314999999999999 125.50000000000001 -0.91704999999999992 0.18355000000000002 0.04685000000000001
decision_type=2 2 2 2 2 2 2 2 2 2 2 2 2 2 2 2 2 2 2 2 2 2 2 2 2 2 2 2 2 2 2 2 2 2 2 2 2 2 2 2 2 2 2 2 2 2 2 2 2 2 2 2 2 2 2 2 2 2 2 2
left_child=1 14 18 4 5 52 32 10 9 26 11 -4 -7 -14 -1 22 17 -11 25 21 -21 -12 23 24 51 -2 -6 41 29 -9 -31 -10 -5 36 35 -35 37 -24 -38 -26 -8 42 50 -44 -20 -46 -47 57 -49 -36 -27 -16 53 -3 -43 -56 -25 59 -59 -29
right_child=2 3 7 6 8 12 40 28 31 16 19 -13 13 -15 15 -17 -18 -19 44 20 -22 -23 33 56 39 27 -28 47 -30 30 -32 -33 -34 34 49 -37 38 -39 -40 -41 -42 54 43 -45 45 46 -48 48 -50 -51 -52 -53 -54 -55 55 -57 -58 58 -60 -61
leaf_value=0.0095867784583354172 0.026936662202153384 0.0049654180966709344 0.034765255202687334 -0.022689931924413438 0.011436024531947626 -0.0095208666971134011 0.038275782701114952 -0.020799312406033232 0.030192315807008999 0.017034026824205118 0.018673325586265235 -0.0026979958206625738 0.040074882389801711 0.0022561184997179407 0.019242164537462952 -0.020317259126947484 -0.019704331295942845 -0.010167734130258687 0.01330155617562092 -0.0052779109342223308 0.029067971416060875 -0.016893286608203013 0.00512484819535207 0.024312059578455242 -0.0087395538577942685 -0.012706073722669641 -0.020230252925161136 -0.0061594500301345593 0.041308627324404143 0.04151325171924377 0.00052414045303958651 -0.0059722848288115641 0.0048002302516285192 0.0062797470292038507 -0.018304826866057413 -0.016585172488943169 -0.0021805296183970879 0.034927485207172038 0.022225004741184207 0.0017930373058647111 0.0048319104221573378 0.019468752338312679 0.024620420426978738 0.0053523119396241313 -0.0097686810769009765 0.034836046878821296 -0.00314917072764159 0.0046827882222781276 -0.012652376355188037 0.0020838701073009266 0.0082843176321558531 0.0002248481443252255 0.0053398740692761053 -0.023832660498498241 0.009295933785989639 -0.0046410563409686675 0.0015641410428600098 -0.0031622224866516041 -0.018298914038879423 0.016992956161799966
leaf_weight=163.42067594826221 14.886908352375029 10.782803967595099 42.657217875123024 24.657417118549347 9.2532747685909253 11.78081728518009 27.636333912611008 14.607723355293272 12.222166776657106 37.85154016315937 8.7729020714759809 24.26658008992672 39.272933915257454 16.063177049160004 28.419109895825386 39.801995366811752 40.842339560389519 44.474678784608841 199.22204826772213 19.325973615050316 19.731162264943123 44.667969718575478 24.80454783141613 27.426843658089638 379.76253347098827 24.01507930457592 505.12209929525852 26.182423964142799 46.786331817507744 44.46208743751049 15.480671867728232 14.439496845006941 22.815258502960205 205.79047793149948 40.082587361335754 20.057124957442284 62.993895515799522 25.944330483675003 18.456430673599243 108.56669208407402 11.891044497489927 16.499304458498955 56.990203961730003 45.74522690474987 40.106617599725723 11.197125017642977 12.738726317882536 176.0762544721365 30.917992055416107 31.027701526880264 45.512108966708183 64.312786743044853 13.872364357113836 57.599435806274414 50.844787120819092 150.51919217407703 28.1622713804245 77.586050570011139 63.132687047123909 17.407924622297287
leaf_count=789 68 55 189 145 55 69 123 67 63 203 43 116 174 83 142 231 244 251 938 91 90 233 122 135 2007 121 3146 133 192 180 69 76 123 1030 205 100 315 127 90 544 56 80 269 223 195 50 61 860 154 156 226 334 74 344 241 749 142 385 322 85
internal_value=0.000194067 -0.00400839 0.00699057 -0.0103911 -0.0124025 0.00202667 0.00821263 0.0180809 -0.0156422 -0.0168443 0.00902577 0.021632 0.0227518 0.0297543 0.000534454 -0.000825095 -0.00515107 0.00249256 0.00401071 -0.0004744 0.012881 -0.0103955 -4.41424e-05 -0.00272231 -0.00432697 0.00194101 -0.0195998 0.00136723 0.0294911 0.0208086 0.0314391 0.0119385 -0.00996121 0.0039205 0.000713274 0.00406507 0.0109553 0.0214228 0.00392221 -0.00640114 0.0292305 0.00498417 0.0102411 0.0164225 0.0101819 0.000321942 0.0164601 -0.00224894 0.00195478 -0.00967479 0.000816113 0.00645884 -0.0150827 -0.0192743 0.000747815 -0.0010401 0.0134351 -0.00692734 -0.0101851 0.0035685
internal_weight=3509.95 2169.61 1340.34 900.577 813.577 149.372 87.0001 280.759 664.206 637.544 159.422 66.9238 67.1169 55.3361 1269.03 1105.61 123.169 82.3262 1059.58 92.498 39.0571 53.4409 1065.81 636.65 581.061 796.316 514.375 781.429 121.337 74.5505 59.9428 26.6617 47.4727 429.157 296.958 225.848 132.199 50.7489 81.4503 488.329 39.5274 390.126 172.263 102.735 263.265 64.0425 23.9359 391.303 206.994 71.1103 69.5272 92.7319 82.2546 68.3822 217.863 201.364 55.5891 184.309 140.719 43.5903
internal_count=18183 11753 6430 5284 4837 799 447 1270 4038 3899 762 305 326 257 6469 5680 698 454 5160 457 181 276 5449 3304 3027 3916 3201 3848 508 316 249 139 268 2145 1491 1130 654 249 405 2551 179 1909 839 492 1244 306 111 1939 1014 361 347 476 473 399 1070 990 277 925 707 218
is_linear=0
shrinkage=0.0226245


Tree=21
num_leaves=61
num_cat=0
split_feature=30 44 44 5 0 8 13 12 25 29 2 38 12 30 14 5 31 13 12 29 41 15 30 12 12 28 9 15 5 5 28 33 23 0 33 5 13 31 12 5 3 28 1 28 13 28 2 3 28 14 21 29 3 25 25 34 8 0 9 12
split_gain=187.712 92.0324 82.5734 73.6702 66.0675 41.0359 36.1656 35.3014 30.0605 28.4246 28.3934 27.4272 28.2865 27.3935 44.6336 28.08 26.8366 35.6968 30.6738 23.1119 24.7784 23.4238 22.9057 22.8507 30.9576 22.8254 22.7077 20.4302 19.5866 23.1495 22.6837 19.0282 18.6989 18.7912 17.5237 18.6983 17.0491 22.4427 19.206 16.9606 16.9508 19.5942 16.3493 16.0337 22.6225 15.3072 14.677 14.5979 14.2684 14.1489 14.1466 22.4893 15.4478 14.7416 14.1374 14.6817 14.0732 13.5835 13.2273 12.9924
threshold=0.018095000000000003 1.0000000180025095e-35 0.14645000000000002 -2.4966590404510494 0.43105150500000006 0.024350226000000006 0.26399500000000004 -0.17350499999999996 0.92340000000000011 0.021265000000000003 0.41157755288190073 1.0000000180025095e-35 -0.20009999999999997 0.013645000000000003 1.0000500000000001 1.2463694810867312 0.013475000000000003 -0.11684499999999999 -0.099149999999999988 0.0069750000000000012 0.074364699507835516 -1.0281499999999999 0.047355000000000008 -0.29243499999999994 0.19948000000000002 -0.031289999999999991 1.5000000000000002 1.0218500000000004 5.5738854408264169 -1.0062105655670164 0.0086250000000000025 -0.30999999999999994 77.425000000000026 1.0000000180025095e-35 -0.017949999999999997 -0.86184874176979054 0.22426500000000002 0.066695000000000018 0.066865000000000022 2.1512789726257329 0.29232794209222063 0.013725000000000001 0.041877488077727502 0.024945000000000005 -0.31248499999999996 0.026290000000000004 0.035643704121964957 1.2263050664400506 0.016530000000000003 0.93095000000000006 19.325000000000003 0.074140000000000025 1.0339556282524736 0.20045000000000004 2.5004500000000003 101.50000000000001 0.013860762000000002 0.46066557000000008 1.5000000000000002 -0.12194499999999998
decision_type=2 2 2 2 2 2 2 2 2 2 2 2 2 2 2 2 2 2 2 2 2 2 2 2 2 2 2 2 2 2 2 2 2 2 2 2 2 2 2 2 2 2 2 2 2 2 2 2 2 2 2 2 2 2 2 2 2 2 2 2
left_child=1 10 9 57 7 34 13 45 -7 32 23 50 46 19 15 -15 28 26 59 21 -21 -6 39 54 36 -12 -18 40 29 30 -9 -29 33 -2 -5 -36 37 38 -25 -14 41 -27 56 44 -42 47 -13 -3 -23 -37 51 53 -52 -11 55 -1 -26 -4 -44 -19
right_child=2 4 3 5 6 8 -8 16 -10 11 25 12 22 14 -16 -17 17 18 -20 20 -22 48 -24 24 42 27 -28 31 -30 -31 -32 -33 -34 -35 35 49 -38 -39 -40 -41 43 -43 58 -45 -46 -47 -48 -49 -50 -51 52 -53 -54 -55 -56 -57 -58 -59 -60 -61
leaf_value=0.023799038446475008 0.02421523768777975 0.016922809068891168 0.0076358654299902235 -0.010177466247856076 0.015022941682777806 -0.0044375157520353519 0.019359162314418751 -0.014665614524024968 0.030038277594362256 0.015002965865401934 0.019535152469781568 0.017801987162246926 -0.0009726140919333069 0.025980191749286709 -0.018491465138804775 -0.0071039634590771162 -0.0072695630277709779 -0.0034550902529376197 -0.013964236488972206 -0.0028150856306419663 0.027551332725165068 -0.016486469739884005 0.0093600073217692068 -0.01678937797657035 0.0065249326634364817 0.028951049445510482 0.03313521391355629 -0.0074554207061707156 -0.0020003247882176278 -0.020573610753164717 0.0073524938758639134 0.023083659653276502 -0.016119710884488693 0.00038592024576345927 0.026233675301748367 0.02102873279392764 0.0014872437220063576 0.017292010232155153 -0.0036638310797112877 0.027057458083870368 0.0068920290264055427 -0.0072453543645100297 -0.010505912280598703 0.011105303522163327 -0.007421645424043612 -0.01480564477327352 -0.0030044194427465646 -0.011476136480243227 -0.00099482636770801538 -0.0032289420954158461 0.022822269447802131 0.015072751890521907 -0.0029665524129045742 -0.0090693183073079359 -0.015130865988700134 0.0042211850764215138 0.036560052738817628 0.039046033114988769 0.0071034545859036636 0.032394929374459237
leaf_weight=21.68565160036087 14.682124003767965 35.897646605968475 9.5740761905908567 38.467478856444359 14.15282781422138 15.474497154355047 37.920619770884514 81.00821615755558 59.482985243201256 12.005428239703177 48.694220036268234 18.905950859189034 12.348713666200636 46.514290332794189 21.624623879790306 16.445562943816185 10.365293860435488 8.6038648188114184 130.66568882763386 63.077956438064575 14.549760699272154 137.54376073181629 142.41072152554989 163.56397613883018 24.383459687232971 19.201304122805599 15.0039986371994 12.1532896310091 45.232809528708458 353.86918015778065 31.450769186019897 41.01024466753006 31.055152475833893 471.50871531665325 18.272918581962585 12.638994693756102 73.150327995419502 11.427218839526175 89.823801562190056 88.312152713537216 81.598339051008224 10.224143818020819 34.956000775098801 48.711648970842361 168.78261162340641 13.663659468293188 82.469980522990227 9.9262317866086942 39.346835613250732 56.781723335385323 24.238570168614388 27.659696340560913 20.104534044861794 115.16954551637173 12.429519116878508 106.7345507889986 10.332645192742346 70.468379124999046 48.718605160713196 8.4271223843097669
leaf_count=108 70 185 46 192 71 73 188 479 258 58 230 91 59 217 116 91 62 45 775 330 70 798 681 896 120 96 80 60 247 2214 175 203 162 2338 81 61 368 56 467 404 398 51 174 237 881 69 397 52 210 268 112 132 95 561 62 536 50 291 242 44
internal_value=0.000194753 -0.00392802 0.00683334 0.0176729 -0.00835961 0.0100994 -0.000820729 -0.0123042 0.0230205 0.0039203 0.000977792 0.00751822 0.0113565 -0.00312662 0.00792037 0.0174058 -0.0137531 -0.00591859 -0.0102136 -0.00665184 0.00366173 -0.0108347 0.0155022 -0.00221185 -0.00466673 0.00538909 0.0175722 0.00345098 -0.0163554 -0.0177269 -0.00847792 0.0160778 0.000118103 0.0012445 0.00207844 0.00760797 -0.00813735 -0.0107833 -0.0122304 0.0236877 0.00128509 0.0168513 0.00519843 -0.000393082 -0.0027314 0.00423517 0.00126201 0.0104548 -0.0131121 0.00185195 0.000812859 -0.00245175 0.0116642 -0.0065137 0.00567584 0.00797868 0.017589 0.0356864 -0.000358226 0.0164115
internal_weight=3504.9 2162.87 1342.03 281.161 1135.29 201.119 391.176 744.114 74.9575 1060.87 1027.58 543.625 344.448 353.256 84.5845 62.9599 684.627 173.066 147.697 268.671 77.6277 191.043 243.072 597.206 456.356 430.376 25.3693 381.682 511.561 466.328 112.459 53.1635 517.246 486.191 126.161 87.6936 337.965 264.815 253.388 100.661 328.518 29.4254 118.391 299.093 250.381 59.4875 101.376 45.8239 176.891 69.4207 199.178 154.835 44.3431 127.175 140.85 128.42 34.7161 80.0425 83.6746 17.031
internal_count=18183 11753 6430 1270 6518 933 2091 4427 331 5160 5235 2590 1632 1903 424 308 4121 1006 864 1479 400 1079 1144 3079 2373 2156 142 1926 3115 2868 654 263 2570 2408 602 410 1787 1419 1363 463 1663 147 586 1516 1279 306 488 237 1008 329 958 751 207 619 706 644 170 337 416 89
is_linear=0
shrinkage=0.0226245


Tree=22
num_leaves=61
num_cat=0
split_feature=30 36 44 27 0 28 30 30 21 8 8 8 34 0 13 31 14 23 8 39 35 18 5 6 12 30 27 12 28 0 27 27 35 17 14 22 43 33 17 5 1 35 41 5 35 3 8 5 33 31 33 13 28 27 22 1 35 29 14 34
split_gain=219.441 152.266 91.9276 67.865 62.098 58.9737 47.6148 36.7825 36.6314 34.1565 29.8913 28.1194 31.6094 27.9754 30.976 27.3647 26.3818 33.0304 24.5466 24.2675 23.4161 23.2102 23.1827 28.0901 22.2247 21.2984 20.3357 29.2973 19.889 19.78 18.5981 21.4066 24.4113 18.1413 18.5835 19.2979 17.9844 18.6638 17.9439 17.4821 17.2209 19.1479 18.9866 17.1592 17.0935 25.274 20.7308 17.7719 16.2881 21.6315 17.8684 15.7899 15.7511 15.6882 15.5554 16.7144 15.4655 14.6517 14.3567 13.8354
threshold=0.018095000000000003 0.67965000000000009 0.14515000000000003 0.016385 0.72480789000000001 0.017205000000000002 0.013415000000000002 -0.032229999999999988 17.765000000000004 0.027891099500000006 0.0027513504000000002 1.0000000180025095e-35 183.50000000000003 0.46066557000000008 -0.74358499999999983 0.027975000000000003 0.66505000000000014 -18.594999999999995 0.024350226000000006 0.24375000000000002 28.500000000000004 1.0690500000000001 2.1512789726257329 0.0075256697142774007 0.19948000000000002 0.014930000000000001 0.013645000000000003 -0.17350499999999996 0.022360000000000001 0.14007469500000005 -0.010034999999999999 0.0031150000000000001 29.500000000000004 1.0724500000000001 1.5640000000000003 3.1604500000000004 0.30863434084648889 -0.33954999999999996 1.0172500000000004 1.1617712378501894 -0.37986440967665253 5.5000000000000009 0.85886923314189223 1.9525554180145264 12.500000000000002 0.97815683161467437 -0.024768948999999995 -2.9477823972702022 -0.22524999999999998 0.056330000000000012 0.13025000000000003 0.16547000000000003 0.011995000000000002 0.019170000000000003 0.85230000000000017 -0.11063425616921273 3.5000000000000004 0.013715000000000001 1.0312000000000003 216.50000000000003
decision_type=2 2 2 2 2 2 2 2 2 2 2 2 2 2 2 2 2 2 2 2 2 2 2 2 2 2 2 2 2 2 2 2 2 2 2 2 2 2 2 2 2 2 2 2 2 2 2 2 2 2 2 2 2 2 2 2 2 2 2 2
left_child=1 7 8 5 10 6 24 44 30 29 39 12 19 14 -9 26 -5 -18 22 -8 28 -20 -12 -24 57 -19 27 -16 -7 -10 51 56 40 34 35 -11 37 -15 -31 -4 41 -33 -42 -6 46 -46 -1 -47 49 -17 -50 -2 -14 -28 -48 59 -32 -3 -45 -56
right_child=2 3 4 16 43 20 11 13 9 33 18 -13 52 36 15 48 17 25 21 -21 -22 -23 23 -25 -26 -27 53 -29 -30 38 31 32 -34 -35 -36 -37 -38 -39 -40 -41 42 -43 -44 58 45 47 54 -49 50 -51 -52 -53 -54 -55 55 -57 -58 -59 -60 -61
leaf_value=0.017334510598726715 0.023712666680011707 -0.018595058703104201 0.033282354061293519 -0.015422870141815931 0.037261094731832693 -0.011517060570293574 -0.014948322740184599 0.024833393874569995 -0.01135329728033678 0.016067743312648482 -0.017143449187623425 -0.013854192165317178 0.038757792326049263 -0.0034325073873605568 -0.00076844378272915531 0.040107777606150787 0.023319603487638649 -0.017001463537244122 0.022375321197067564 0.020808224167523485 0.031882578007853817 -0.013938730815880781 0.030165701787649032 -0.010327535749474315 0.016316889934998604 0.01489987471054245 0.011684435474092451 -0.016971543580455432 0.009869661059504686 0.01068673877625516 0.0082756618874692701 -0.0051261920666993751 -0.024244359205126961 0.0034551614964112281 0.0046312054791842984 0.034807451386265321 -0.017285883531648276 0.0091522992329628097 -0.0069949677776188655 -0.00053173051169533281 -0.00042999953448553361 0.027278373927510948 0.014828443930235025 0.0022879478725626691 -0.0038303032574455902 0.0011852581707552845 0.028041194782015378 0.021205171043915907 -0.012047025617258816 -0.0022805681514772454 0.0082186898005377571 0.0041829510614812887 0.0017549461866354327 -0.008092605284565884 0.014142370481306767 -0.0085350200244460762 -0.009048988745279634 0.0047959298623706098 0.027945414098598478 -0.013749687583222149
leaf_weight=117.75368446111679 27.787237152457237 591.35255706310272 30.628108471632004 20.84650507569313 81.479105114936829 40.30576379597187 29.424140244722366 14.350020140409468 37.095821619033813 89.353544980287552 36.326205834746361 51.387034326791763 15.543307423591616 85.578751876950264 82.066226273775101 10.101175323128702 48.816424459218979 23.129230931401253 39.51609268784523 11.084703281521795 10.325725838541983 9.3164663016796094 13.337207615375521 16.770349100232124 7.6574767529964438 15.44349357485771 35.157018572092056 187.18693420290947 43.029986470937729 118.77749373018742 28.978384271264076 12.238768815994261 13.158348158001898 48.329178705811501 36.824664056301117 47.15791192650795 16.539578005671501 191.733841329813 36.502545654773712 10.092324182391165 232.63377583026886 27.88031393289566 47.938666358590126 19.082721397280693 141.75215867161751 45.153387740254402 9.1554159671068174 43.496301785111427 37.136432498693466 11.16204960644245 47.325628563761711 74.028097331523895 9.0711878985166532 41.736059695482254 45.89685420691967 48.633770346641541 163.95210739970207 12.944101512432097 26.040295377373695 8.7552858442068082
leaf_count=567 126 3708 132 110 335 225 165 71 188 422 188 294 75 429 429 51 242 133 180 52 47 44 63 86 40 70 185 1062 224 571 144 59 66 231 173 221 91 947 176 50 1140 134 231 84 703 217 44 211 194 56 236 359 46 214 225 243 824 67 107 44
internal_value=0.000664885 -0.00379558 0.00789737 -0.0106755 0.0192806 -0.0128887 -0.015055 0.00146093 0.00476733 0.00996787 0.0094514 -0.00174781 0.00798786 -0.00159682 -0.00503078 -0.00613111 0.00603356 0.0114822 0.00332507 -0.00442915 0.00390619 0.015055 -0.00556543 0.00868205 -0.0175685 -0.00408046 -0.00919041 -0.0120936 -0.000513428 0.00292252 0.00131187 -0.000416909 0.00304442 0.0159659 0.01934 0.0231294 0.00384737 0.00527326 0.00647825 0.0254222 0.00437085 0.0177129 0.00230176 0.0309095 0.00648528 0.00208577 0.0108082 0.0113678 0.00386302 0.0202475 -0.000795575 0.0100209 0.0267399 0.00104556 0.00371011 0.000848125 -0.00636297 -0.0180736 0.0178864 0.00920739
internal_weight=3476.26 2151.03 1325.23 930.362 282.589 822.126 728.465 1220.67 1042.64 414.041 155.987 116.51 65.1233 760.074 466.222 451.872 108.236 87.3891 115.266 40.5088 93.6615 48.8326 66.4338 30.1076 611.954 38.5727 346.146 269.253 83.3358 192.376 628.596 526.78 333.85 221.665 173.336 136.511 293.852 277.313 155.28 40.7204 320.692 40.1191 280.572 126.602 460.597 230.402 230.195 88.6497 105.725 21.2632 84.4621 101.815 24.6145 76.8931 112.441 103.286 192.93 604.297 45.123 54.6521
internal_count=18051 11717 6334 5498 1269 4943 4447 6219 5065 1982 743 632 338 3965 2498 2427 555 445 561 217 496 224 337 149 3815 203 1890 1491 449 935 3083 2598 1630 1047 816 643 1467 1376 747 182 1564 193 1371 526 2254 1131 1123 428 537 107 430 485 121 399 556 512 968 3775 191 269
is_linear=0
shrinkage=0.0226245


Tree=23
num_leaves=61
num_cat=0
split_feature=30 36 44 37 37 28 0 16 5 27 43 37 28 8 21 7 8 30 33 27 41 41 45 0 31 33 31 27 7 14 14 27 27 44 8 28 37 41 14 37 30 5 25 37 15 8 6 27 23 27 31 41 43 12 37 8 45 28 39 21
split_gain=209.748 146.711 87.8847 81.6059 69.0747 114.307 59.2472 54.4082 53.6251 45.3813 43.7459 35.8179 42.3266 35.1629 34.8144 34.1189 32.3909 32.1238 31.5698 29.6012 22.8316 19.1401 18.2913 17.8487 22.8099 22.2767 21.8347 34.445 20.1118 17.8127 17.961 17.7603 20.4961 17.7182 17.057 17.0208 16.9931 17.9765 21.7631 16.7438 27.0987 16.2823 17.6389 16.2536 16.0685 15.8806 15.4644 14.6912 14.3285 14.1697 13.8494 13.7422 26.3843 15.5102 13.3811 12.4 11.7725 11.2032 11.1685 11.0186
threshold=0.018095000000000003 0.67965000000000009 0.14515000000000003 0.53815000000000013 -0.23454999999999995 0.0079750000000000012 0.72480789000000001 1.0081500000000003 7.8800220489501962 0.010845000000000002 0.63446804153356062 -0.27154999999999996 0.0089200000000000026 -0.028778284999999997 17.765000000000004 71.255367456825823 0.027891099500000006 -0.029819999999999996 -0.019949999999999999 -0.0017349999999999998 -0.39795922573798032 0.27171086157886187 2.1442000000000005 0.49261978000000006 -0.10462499999999998 -0.12424999999999999 0.017890000000000003 0.013475000000000003 51.685107302984967 1.5640000000000003 0.48040000000000005 -0.010034999999999999 0.0031150000000000001 0.19595000000000004 0.008485168000000003 0.0093150000000000021 -0.65444999999999987 -0.092575140983643209 0.53825000000000012 0.4431500000000001 0.0091600000000000015 1.9525554180145264 1.0547500000000001 0.34485000000000005 1.0434500000000002 0.00099134445000000006 0.034444780165714305 0.011710000000000002 35.485000000000007 -0.0034049999999999996 0.0056950000000000013 0.85886923314189223 0.58439804303574328 0.085980000000000015 0.78930000000000011 0.056579590000000006 1.9771000000000003 0.0033650000000000004 0.018550000000000001 21.705000000000002
decision_type=2 2 2 2 2 2 2 2 2 2 2 2 2 2 2 2 2 2 2 2 2 2 2 2 2 2 2 2 2 2 2 2 2 2 2 2 2 2 2 2 2 2 2 2 2 2 2 2 2 2 2 2 2 2 2 2 2 2 2 2
left_child=1 13 14 4 5 46 11 45 17 54 34 12 -4 59 31 23 21 49 -11 -13 -14 -16 29 24 48 -25 27 -26 -28 30 -18 36 43 -21 -9 -32 -2 -38 -39 58 -41 -8 -43 44 56 50 -3 -10 -15 -6 -7 -34 53 -53 -5 -27 -33 -20 -19 -1
right_child=2 3 6 9 8 7 41 10 47 18 -12 19 20 15 16 -17 22 39 57 33 -22 -23 -24 25 26 55 28 -29 -30 -31 35 32 51 -35 -36 -37 37 38 -40 40 -42 42 -44 -45 -46 -47 -48 -49 -50 -51 -52 52 -54 -55 -56 -57 -58 -59 -60 -61
leaf_value=0.0096038258459155822 0.030237677113232459 -0.022129287459432361 -0.015256765944068813 -0.016624565445695103 -0.012876779866900985 0.015037917256196817 0.036362646158549908 0.042441723807395262 -0.0015740153840174034 -0.0073420148704641478 -0.0093694108372158365 -0.018935571440810407 0.00019985354249429477 0.0044328254434763056 0.007511584171659225 -0.01632631830298005 -0.00057630533807315372 -0.0068265018265563785 0.034966292532211722 0.022487587312159954 0.036851845546495669 -0.0077179648341250294 0.0030715777234150568 -0.0022122328649838282 -0.01064061445942565 0.011575084777657953 -0.004668231115190667 0.0048790550886958174 0.01269985678095141 0.0045267428107122051 0.013038474979763955 0.015269981141562127 0.00096355374703805037 -0.0010775287624910895 0.01291067473460842 0.031829613788291772 -0.0029558026518799844 -0.0083678668351571811 0.028008320013983692 -0.023169355646757494 0.012387241608937512 -0.00073852911775190331 0.027724659948718821 -0.012334334778804334 0.02542245565709076 -0.015489039790960217 0.0017045853358357793 0.028667776099090429 0.03275709867511143 0.020176227267546851 -0.012526965823165427 0.031606999488331816 -0.0097777904980375554 -0.0016818772029518637 0.0097353303252608707 -0.0092199005785279335 -0.0064865425674550817 0.0053343136900360303 -0.021993850081861346 -0.0032280054388147271
leaf_weight=269.62461756169796 14.608900502324103 101.29554022848606 11.219276264309881 30.590097531676292 8.7000855207443255 25.218281328678131 81.672447979450226 36.341843411326408 18.805241927504543 14.409897193312643 13.829706892371176 26.547870308160782 10.787714347243307 30.948856696486473 134.22144183516502 64.256530314683914 15.108903199434279 29.707177996635437 35.920913979411125 24.029696017503738 42.750895589590073 58.362995222210884 48.828589543700218 136.32424132525921 260.72859607636929 165.55850978195667 63.941492602229118 99.372405335307121 67.58585213124752 36.888111531734467 44.578887045383453 12.623190641403196 282.8751323223114 40.885389879345894 17.975407019257545 77.539403885602951 52.290237993001938 10.52309565246105 24.72270256280899 18.434641867876053 19.941574677824974 17.206591680645943 27.989785850048065 101.40117952227592 8.9292798936367017 28.174269959330559 15.628268271684645 11.339429467916487 10.805525302886961 13.321717292070387 11.377442970871924 26.517211377620697 15.733553469181059 9.0985835641622526 11.745508909225462 13.953917995095251 69.416319206357002 9.2530480772256833 451.78391872346401 37.753450408577919
leaf_count=1307 66 627 57 176 47 127 335 161 100 71 74 141 51 153 646 370 73 192 159 112 186 289 233 678 1420 811 326 508 340 173 207 63 1384 196 92 361 253 51 115 119 110 76 115 511 43 156 87 56 53 67 60 124 78 44 63 67 351 45 2909 186
internal_value=0.000656297 -0.00371721 0.00771541 -0.0105049 -0.012871 -0.00290163 0.0188355 0.0113445 -0.0171886 0.00840353 0.0250272 0.00924025 0.0217216 0.00143158 0.00465716 -0.000801096 0.0097147 -0.018826 0.0207265 8.07431e-06 0.0298556 0.0028503 0.0155319 0.000425055 -0.00209654 0.0046639 -0.0034843 -0.00635308 0.00433763 0.0189189 0.0226142 0.00128548 -0.000406685 0.00823271 0.0338159 0.0254304 0.00978022 0.00550796 0.0173366 -0.0199593 -0.00511962 0.0301813 0.0174958 -0.00623752 0.000729108 -0.00350604 -0.0189793 0.0113158 0.0134104 0.0071389 0.00617809 0.00297408 0.0134076 0.0236152 -0.00915629 0.00983803 -0.0027328 0.0295831 -0.0211044 0.00801235
internal_weight=3472.01 2144.65 1327.36 923.794 821.875 249.841 283.09 132.917 572.034 101.919 68.147 156.221 64.7579 1220.85 1044.27 913.476 415.528 541.889 59.5839 91.463 53.5386 192.584 222.944 849.219 533.383 315.837 491.628 360.101 131.527 174.115 137.227 628.739 526.594 64.9151 54.3173 122.118 102.145 87.536 35.2458 519.867 38.3762 126.869 45.1964 192.37 90.9688 64.77 116.924 30.1447 41.7544 22.0218 36.5957 334.224 51.3493 35.6158 42.3356 179.512 82.0395 45.174 481.491 307.378
internal_count=18051 11717 6334 5498 4984 1384 1269 670 3600 514 327 743 294 6219 5065 4726 1982 3444 275 449 237 935 1047 4356 2800 1556 2594 1928 666 814 641 3083 2598 308 253 568 485 419 166 3330 229 526 191 968 457 343 714 156 206 114 187 1630 246 168 239 878 414 204 3101 1493
is_linear=0
shrinkage=0.0226245


Tree=24
num_leaves=61
num_cat=0
split_feature=30 36 0 36 29 37 0 37 28 22 1 8 37 15 30 15 29 6 14 16 35 22 9 30 1 37 31 45 45 22 2 16 0 6 12 6 30 29 37 13 37 12 6 34 12 43 29 16 15 43 22 30 33 22 13 33 31 22 12 14
split_gain=202.248 151.049 83.5916 78.8786 71.1679 39.6257 37.0425 34.0233 69.3723 25.8986 30.3549 25.6796 41.8981 46.7007 40.2332 37.6498 27.6971 27.0609 25.3963 24.1673 23.7668 22.4215 22.2897 21.7223 21.27 24.5316 20.3355 19.7459 22.5218 28.1794 22.9725 19.6242 19.4904 18.6528 18.2079 21.7914 18.0278 17.7465 17.5965 69.1752 44.33 28.0758 17.5323 17.3465 17.3237 17.0414 16.2119 16.107 31.4049 15.7798 15.2905 14.587 15.4228 14.1713 14.1181 15.4709 14.8036 13.8722 13.8421 13.8115
threshold=0.013645000000000003 0.72710000000000008 0.71158105000000005 0.74995000000000012 0.011175000000000003 0.54580000000000017 0.47369425000000004 -0.23454999999999995 0.0079750000000000012 4.0288000000000013 0.15670084003253262 0.00059908628500000003 -0.32834999999999998 0.99475000000000013 0.024395000000000003 0.98205000000000009 0.023615000000000001 -0.030609947592099146 0.39285000000000009 -0.9857499999999999 17.500000000000004 2.5599000000000003 4.5000000000000009 -0.11663499999999997 0.16861861629948335 -0.32039999999999996 0.014780000000000001 2.0905 1.9811000000000003 3.5656500000000002 0.58933819803385035 1.0119500000000003 0.48971023000000008 0.019084681571091503 0.091220000000000009 -0.011096949328184698 0.020735000000000003 0.0010650000000000002 0.48635000000000006 -0.030554999999999995 -0.10789999999999998 0.026765000000000004 -0.14471267536523158 226.50000000000003 0.091220000000000009 0.36886142443811698 -0.0062449999999999997 1.0448500000000001 1.01075 0.04635206186979262 1.0743000000000003 0.00087500000000000013 -0.34934999999999994 1.5245000000000002 0.36637000000000003 0.022250000000000002 -0.12208499999999999 2.3182500000000004 0.14760000000000004 1.2559500000000001
decision_type=2 2 2 2 2 2 2 2 2 2 2 2 2 2 2 2 2 2 2 2 2 2 2 2 2 2 2 2 2 2 2 2 2 2 2 2 2 2 2 2 2 2 2 2 2 2 2 2 2 2 2 2 2 2 2 2 2 2 2 2
left_child=1 6 11 43 5 7 27 8 58 10 -10 12 13 -2 16 19 17 26 -9 32 42 -6 46 -8 -19 -26 -13 28 29 -1 -31 -23 -14 -15 35 45 -18 -17 39 -5 -41 -40 -16 49 54 -7 -21 48 -44 53 -46 52 59 -4 56 -56 -30 -22 -3 -25
right_child=2 4 3 38 21 34 23 18 9 -11 -12 14 15 33 20 37 36 24 -20 22 57 31 -24 51 25 -27 -28 -29 44 30 -32 -33 -34 -35 -36 -37 -38 -39 41 40 -42 -43 47 -45 50 -47 -48 -49 -50 -51 -52 -53 -54 -55 55 -57 -58 -59 -60 -61
leaf_value=-0.0031123090657983578 -0.0056971538136004847 -0.021999375541963587 -0.0019298669863501649 -0.019123506643543203 -0.0062802384975635924 0.023921620701903283 0.019476884749447088 0.013662639045807595 0.028469509673031548 -0.019852484390759255 -0.0023665959599048552 -0.0053178525002998992 -0.015731461217597709 0.015707290135935033 -0.010684724410855924 -0.016903916889988067 0.022111039096431952 -0.01709002783186005 -0.019654242839082271 0.0029798050609700553 0.0072985504580841253 0.028683522401532248 -0.00061712255362748392 -0.0083366088109466802 0.018193269128077651 -0.014592045758721474 0.026353645130953094 0.011217445224971615 0.0074713683644300824 0.019587835750269404 -0.015801341409989091 -0.0032010397436444088 0.017400023698088869 0.047944245734681437 0.029923796749787599 -0.018614067060929915 -0.0099227456937685185 0.0057381662057326734 0.0060535571416346391 0.039117671598021937 -0.0015982689845243933 0.043843837486669042 0.0067601315312523112 -0.0061786590081984328 0.020348131829531258 -0.0099704459854222313 0.034200261985416022 0.0030219684529578803 0.024396624454029438 0.0021680606939428792 -0.0028717886478350101 0.012179843679876807 0.0051102743765580154 0.016554319812468785 0.019667942406376666 -0.0082355650308422665 -0.013365435019246433 -0.0039506317224446887 0.0068418564612874157 0.013681104939347708
leaf_weight=162.24804326891899 17.432440996170044 86.314648970961571 24.066895917057991 16.613053143024445 27.090300977230072 16.147075280547146 50.009528174996376 10.094196811318396 34.393443167209625 10.454173445701597 28.353592857718468 23.773592218756676 20.734570637345314 18.876099571585655 21.305641755461693 43.823036432266235 24.103422999382019 134.33666485548019 459.61880794167519 11.452200099825857 77.139336243271828 29.563438430428505 19.461735606193542 93.057070896029472 19.790757894515991 21.215637907385826 14.527561098337172 46.816962659358978 17.098450914025307 55.765690073370934 8.9277197420597059 13.432883620262144 11.943188831210135 27.576961502432823 8.3785932809114438 19.770522788167 11.433866843581198 26.672542154788971 13.477115154266356 54.445408791303635 17.688994690775871 53.822684928774834 151.49194124341011 36.920970365405083 15.04011397063732 10.510528206825255 38.586979448795319 131.87619426846504 78.357940196990967 88.781731754541397 73.66456726193428 87.324793383479118 241.20039811730385 147.23589190840721 13.975036069750784 22.92281100153923 223.90881410241127 184.94893375039101 8.10158923268318 14.513642162084578
leaf_count=835 88 550 116 79 140 77 232 58 172 59 152 125 116 84 102 237 115 721 3009 56 380 151 96 463 96 114 72 227 82 281 46 71 61 115 41 114 55 131 58 224 81 217 739 175 75 58 184 646 371 426 378 431 1182 688 70 117 1243 907 45 71
internal_value=0.000796166 -0.00420121 0.00675195 0.0149332 -0.0119589 -0.0141581 0.00106516 -0.0157407 -0.00683057 0.00949604 0.0150452 0.00344457 0.0100269 0.0252624 0.00167669 0.00406677 -0.00599952 -0.00908426 -0.018859 0.0126963 0.00465523 0.00946001 0.0199958 0.00575634 -0.0128165 0.00138705 0.00770197 -0.0025058 -0.0036374 0.00195024 0.0142368 0.0191482 -0.003192 0.0365336 0.00411174 -0.00202812 0.0118331 -0.00844853 0.0278265 0.0200459 0.0294565 0.0368376 0.00822602 0.00795604 -0.00708451 0.0108906 0.0276084 0.00941581 0.0130011 0.0100085 0.00158342 0.00406495 0.00194966 0.0139685 -0.00983906 0.00299424 -0.011816 -0.000596154 -0.0193947 -0.00508541
internal_weight=3472.61 1888.7 1583.91 453.053 762.224 692.137 1126.47 637.33 167.617 73.2012 62.747 1130.86 236.56 63.8855 894.301 172.674 249.182 213.644 469.713 102.179 645.12 70.0866 69.5009 486.105 175.343 41.0064 38.3012 640.368 593.551 226.941 64.6934 42.9963 32.6778 46.4531 54.8067 46.4281 35.5373 70.4956 156.047 88.7475 72.1344 67.2998 383.032 297.005 366.61 26.6576 50.0392 361.726 229.85 260.085 88.7047 436.096 348.771 171.303 277.905 36.8978 241.007 262.088 94.4162 107.571
internal_count=18105 10430 7675 2064 4697 4335 5733 4045 978 383 324 5611 1168 287 4443 881 1298 1128 3067 513 3145 362 336 2379 931 210 197 3354 3127 1162 327 222 177 199 290 249 170 368 659 384 305 275 1858 1405 1965 135 240 1756 1110 1230 453 2147 1716 804 1512 187 1325 1287 595 534
is_linear=0
shrinkage=0.0226245


Tree=25
num_leaves=61
num_cat=0
split_feature=30 36 0 36 8 28 37 0 37 41 5 8 8 37 15 30 15 23 16 27 9 5 28 37 30 45 45 22 27 2 0 7 23 8 13 0 6 37 13 30 21 5 21 3 15 37 12 13 2 30 5 37 2 34 28 8 31 4 12 5
split_gain=193.471 145.822 79.6697 75.8145 57.7664 37.5503 41.6611 35.3521 33.8022 30.7396 27.1018 42.6796 24.591 39.9797 44.4116 38.4379 36.0004 26.5819 22.909 21.9862 21.0308 27.733 20.8477 22.7869 20.6006 18.8629 21.5994 26.7763 22.5174 21.9323 18.7827 18.6504 40.2675 39.6628 19.1854 17.7041 17.2094 17.202 16.8571 16.474 16.3563 22.8789 15.8889 16.8842 15.7948 14.9553 24.6145 14.6803 23.9948 21.3205 20.6823 18.4286 16.8739 16.6905 16.6279 16.3582 15.4485 14.8255 14.2947 14.2684
threshold=0.013645000000000003 0.72710000000000008 0.71158105000000005 0.74995000000000012 0.013577312500000003 0.018355000000000007 0.54580000000000017 0.47369425000000004 -0.40444999999999992 0.023345997911340417 1.4407197237014773 0.017208934000000002 0.00059908628500000003 -0.32834999999999998 0.99475000000000013 0.024395000000000003 0.98205000000000009 79.965000000000018 -0.9857499999999999 0.013930000000000001 4.5000000000000009 -5.2215430736541739 0.013375000000000001 0.058800000000000012 -0.11663499999999997 2.0905 1.9811000000000003 3.5656500000000002 0.012865000000000001 0.58933819803385035 0.48971023000000008 89.941301839299186 76.325000000000003 0.00080257655000000002 0.16884500000000005 0.31934827500000001 -0.0065639921540502988 -0.67094999999999982 -0.15109499999999995 0.015525000000000002 19.545000000000005 2.6055588722229008 17.085000000000004 0.68179104007875768 1.0000500000000001 -0.22764999999999999 -0.13458499999999998 0.21807500000000005 0.087056242520941365 0.076110000000000011 2.082569003105164 0.30215000000000009 0.039683164574901959 81.500000000000014 0.021535000000000002 0.040350020000000007 0.034350000000000012 4.5000000000000009 0.119215 0.39744357764720922
decision_type=2 2 2 2 2 2 2 2 2 2 2 2 2 2 2 2 2 2 2 2 2 2 2 2 2 2 2 2 2 2 2 2 2 2 2 2 2 2 2 2 2 2 2 2 2 2 2 2 2 2 2 2 2 2 2 2 2 2 2 2
left_child=1 7 12 37 5 6 31 25 -7 -10 -5 -12 13 14 -2 17 18 22 30 59 21 -20 38 -24 -9 26 27 -1 40 -29 -15 32 34 -34 -3 -16 -6 -4 39 -14 -28 -42 -39 -44 -18 -30 -47 48 52 53 56 -51 54 -49 -17 -54 -50 -52 -40 -8
right_child=2 4 3 10 36 8 19 24 9 -11 11 -13 15 16 35 47 44 -19 20 -21 -22 -23 23 -25 -26 -27 28 29 45 -31 -32 -33 33 -35 -36 -37 -38 42 58 -41 41 -43 43 -45 -46 46 -48 49 50 51 57 -53 55 -55 -56 -57 -58 -59 -60 -61
leaf_value=-0.0030475182569136136 -0.005599006337958898 -0.017747780470257192 0.020932384900423179 0.034798187458298775 -0.0031059383378894525 0.03609298354988083 0.0066722560937026911 0.018932967570515196 -0.018686570730950283 0.017005911745659623 -0.007612780779336162 0.029426066301167481 0.027508780156780821 -0.015531322111246601 0.0095390483897235655 -0.0019353331905636198 -0.014002496593555536 -0.022050344515829101 -0.0053399017544847023 0.030448754886190092 -0.00060510442244270611 0.034740480438818513 0.021620334734853978 -0.0029764409435033222 0.0039695430320801743 0.010930349650085377 -0.013243483527894903 0.01900729652089354 -0.0073833271501025045 -0.01561837831882169 0.016976045855655358 -0.025187660980879351 0.02859740111831038 -0.016038274311310958 -7.587577875802374e-05 0.043524307145927123 0.021978599613458435 -5.7410899467950975e-05 -0.016401560184395557 -0.004364567661381733 -0.0093355985926682986 0.018680546134159141 -0.0023462294971097262 0.01607955770068744 0.010120463607090794 -0.013707863224748791 0.018961370030154003 0.0030752621904360025 0.0055507777896090498 0.020482273103153363 0.0065279444359435711 0.0016791370769972318 0.035610839479972803 -0.011617255263629965 0.022732123689807641 0.0038956831114583469 -0.011072435507043685 0.028703458833654657 0.0061280318727986172 -0.019480542987316409
leaf_weight=162.01286283135414 17.387926757335663 417.24788875877857 40.870073929429054 94.724127173423767 24.537073716521263 10.264983206987379 25.485644340515137 50.361283585429192 28.394534155726433 17.649776518344879 25.302716940641403 36.012249186635017 8.9253416508436185 20.565812945365906 12.407293349504469 34.008430242538452 54.13816998898983 40.265123248100281 10.224364966154097 9.9203773438930494 19.456734374165535 40.30194815993309 28.825238272547722 47.654587045311928 436.81442786753178 47.033087968826294 208.51377187669277 56.251412987709045 41.957100495696068 8.8625843673944456 12.03568486869335 110.93818151950836 18.862129583954811 16.590086475014687 34.017522275447845 34.329600095748901 27.858834952116013 131.92934419214725 80.952913835644722 25.850204080343246 41.737363293766975 19.520678132772446 33.994053080677986 91.063481822609901 16.055925309658051 13.989767521619795 39.454481691122055 71.022161781787872 50.076761230826378 36.054156094789505 147.13163168728352 86.595112964510918 30.161620050668716 83.799873411655426 20.39297054708004 12.162078678607939 59.964242875576019 14.897288873791693 15.82385094463825 14.347370624542235
leaf_count=835 88 2707 185 393 134 44 136 232 167 89 117 149 46 116 58 165 289 225 49 44 96 191 135 237 2147 227 1150 281 214 46 61 734 107 105 203 141 146 634 443 132 229 102 162 424 79 71 199 356 246 172 702 422 145 413 96 58 299 71 80 81
internal_value=0.000784022 -0.00411708 0.00660099 0.0145792 -0.0117824 -0.013492 -0.0150287 0.00104489 0.00404703 -0.00480826 0.0272259 0.0144869 0.00337146 0.0098074 0.0246573 0.00164094 0.00398073 -0.0058808 0.0123828 0.00462795 0.0194444 0.0267798 -0.00249163 0.00674409 0.00561901 -0.00245022 -0.00356071 0.00190422 -0.006948 0.0138305 -0.00312476 -0.0166795 -0.0146029 0.00807553 -0.0164246 0.0355842 0.0106835 0.00775576 -0.00789057 0.00530005 -0.0102606 3.17976e-05 0.00545051 0.0111311 -0.00830246 0.00244558 0.0101449 0.00454414 0.00748397 0.000599813 0.00395702 0.00755116 0.0170016 -0.00494447 0.00799228 0.0273296 -0.00355918 0.00903454 -0.0126468 -0.00342867
internal_weight=3467.99 1882.62 1585.36 453.896 756.114 703.718 647.409 1126.51 56.3093 46.0443 156.039 61.315 1131.47 236.903 64.1248 894.564 172.779 248.297 102.585 49.7534 69.983 50.5263 208.032 76.4798 487.176 639.333 592.3 227.127 365.173 65.114 32.6015 597.656 486.718 35.4522 451.265 46.7369 52.3959 297.857 131.552 34.7755 269.772 61.258 256.987 125.058 70.1941 95.4013 53.4442 646.266 368.795 277.471 272.07 122.649 96.7251 154.822 54.4014 42.3237 110.041 162.029 96.7768 39.833
internal_count=18105 10430 7675 2064 4697 4417 4117 5733 300 256 659 266 5611 1168 287 4443 881 1298 513 261 336 240 1073 372 2379 3354 3127 1162 1965 327 177 3856 3122 212 2910 199 280 1405 701 178 1481 331 1220 586 368 484 270 3145 1782 1363 1318 594 464 769 261 203 545 773 523 217
is_linear=0
shrinkage=0.0226245


Tree=26
num_leaves=61
num_cat=0
split_feature=30 43 44 29 37 37 28 8 16 1 43 21 12 31 16 21 29 12 0 2 1 14 37 27 37 28 37 30 27 29 8 5 39 1 37 30 35 37 29 22 27 25 30 29 12 14 5 5 3 29 29 39 22 25 33 35 6 12 31 37
split_gain=193.663 86.4701 65.4445 59.2731 74.118 63.968 97.8925 56.3442 52.7645 50.1357 41.0744 36.1477 35.3889 30.1975 29.1821 29.1022 27.899 27.0939 27.0339 23.7929 23.4986 21.5398 20.5811 21.9605 33.1051 27.6537 23.068 22.2056 20.1188 19.9067 36.8264 20.9775 19.0669 18.9947 20.0457 18.7967 18.3465 20.4392 18.2282 17.7834 16.7892 16.5572 16.4327 22.0044 15.6704 15.6628 22.9225 24.7243 19.9434 20.6446 16.1722 15.0535 14.552 14.0612 13.6615 13.539 12.9821 12.3679 12.3246 11.3704
threshold=0.018095000000000003 0.62348258642217902 0.33550000000000008 0.010725000000000002 0.44980000000000003 -0.23454999999999995 0.0079750000000000012 -0.012882947999999998 1.0011500000000002 0.0078512746776358503 0.22443205154350496 17.765000000000004 -0.13149999999999998 -0.12208499999999999 0.9214500000000001 18.035000000000004 -1.0000000180025095e-35 0.099070000000000005 0.74368170000000011 0.87756496509965531 0.16544246849816838 1.0028500000000002 0.9789000000000001 0.017735000000000004 -0.5018999999999999 0.014775000000000002 -0.32039999999999996 -0.013234999999999999 0.013095000000000001 -0.00023499999999999999 0.00031074882000000004 1.6510894298553469 0.16175000000000003 -0.20355247553117822 -0.0049499999999999987 0.010615000000000001 15.500000000000002 0.18355000000000002 -0.0067749999999999989 3.7632500000000007 -0.0053649999999999991 0.5152500000000001 0.031010000000000003 0.017395000000000004 -0.4599649999999999 0.97665000000000013 -1.2769985795021055 3.7924622297286992 1.0014740248701264 0.019080000000000003 -1.0000000180025095e-35 0.092450000000000018 1.0465500000000001 0.34110000000000007 0.33565000000000006 26.500000000000004 -0.11052759539914649 0.21223500000000003 0.028735000000000004 0.44980000000000003
decision_type=2 2 2 2 2 2 2 2 2 2 2 2 2 2 2 2 2 2 2 2 2 2 2 2 2 2 2 2 2 2 2 2 2 2 2 2 2 2 2 2 2 2 2 2 2 2 2 2 2 2 2 2 2 2 2 2 2 2 2 2
left_child=1 3 11 4 5 6 16 36 20 -10 14 19 40 -3 21 -13 -1 -14 -4 29 -8 32 23 25 -25 35 -27 41 38 -2 31 51 -6 34 -32 52 37 -7 -12 -35 -9 -26 -21 -44 -17 48 50 -48 49 -46 -47 -31 -5 -28 -16 -38 -23 -18 -40 -45
right_child=2 13 18 22 10 7 8 12 9 -11 28 15 17 -15 54 44 57 -19 -20 42 -22 56 -24 24 27 26 53 -29 -30 30 33 -33 -34 39 -36 -37 55 -39 58 -41 -42 -43 43 59 45 46 47 -49 -50 -51 -52 -53 -54 -55 -56 -57 -58 -59 -60 -61
leaf_value=-0.0025698320932133543 -0.0093275200950652653 0.015482479855238138 0.0025494323720514711 -0.023370718053854996 0.010024491013298662 0.016949925934623366 0.0091283025422350273 0.0090386744733654684 -0.0079535490449792173 0.03804824683369798 0.0032254834716227026 0.037102452253994202 -0.019465210261009221 -0.020261085398582089 -0.011437678075692639 -0.010133106278288617 -0.021271923723919207 -0.0043298812365447385 0.034605739433444097 0.028172773983672569 -0.020353174614022879 0.024591296026433326 -0.011070790191842478 -0.001486266658146846 -0.015793991406723756 0.033646513860635011 0.016931065207720492 0.028750626482489189 0.020737667316469331 0.0021173960055396747 -0.0018062829145545232 9.2451665303559151e-05 0.037867220228730056 0.0026176424691348693 0.017600513331000701 -0.016781521356735721 -0.011341003248606147 -0.004383793435242987 -0.016643704167102594 -0.0064133106784515104 -0.011275112894684419 0.014418683982249393 -0.014192512746462958 0.026875482477797367 0.0018293759195692407 0.0049625002069862119 0.00051394075594759397 0.016349418099434451 -0.011447322113298486 0.017052917194143539 0.033482421490123898 0.033505663816505077 0.0041343398487737673 0.0016411780720329324 0.016645045692905619 0.014641188478392075 -0.0006733548504889201 0.0062783749047426495 0.0072849088078393029 -0.0025199272855785338
leaf_weight=152.76278232038021 76.922650128602982 10.865705803036688 18.058708384633064 8.407892704010008 22.277937337756157 46.27365280687809 40.888884216547012 40.51076053082943 14.194050401449202 55.347012385725975 63.240165874361992 17.43567430973053 409.86296881735325 187.27587711811066 27.208566263318062 18.392862677574158 77.856669336557388 73.216047316789627 56.313357323408127 26.269879817962646 17.342566162347794 12.243616968393324 40.250926613807678 57.839552983641624 9.9493215680122358 12.773058190941809 36.303075611591339 57.2167127430439 13.576844274997709 10.444084897637365 47.518869638442993 22.327957108616829 37.207640618085861 252.90444941818714 59.44281293451786 48.768521636724472 68.353079915046692 41.374975174665451 65.098530918359756 195.30956068634987 37.157211557030678 32.478972733020782 15.589074581861494 17.467318907380108 112.3411236256361 14.801510602235792 84.44399818778038 123.26335592567921 28.56096413731575 74.784802317619324 40.22656774520874 33.993006929755211 73.681363523006439 147.16809000074863 9.7545011639595014 9.4439520984888059 32.872222259640694 8.0210330933332425 11.433671340346335 9.3747970014810544
leaf_count=786 384 52 85 42 111 234 213 217 68 260 314 81 2661 1203 140 87 480 412 227 116 95 55 200 280 49 60 180 278 66 51 227 109 170 1239 280 273 352 208 373 963 197 156 78 81 554 71 398 569 137 345 171 149 378 740 48 48 159 41 61 45
internal_value=0.000296139 -0.00398877 0.00695862 -0.00250089 -0.00494805 -0.00766101 5.04304e-05 -0.0115367 0.0158253 0.0287161 0.00507975 0.00572505 -0.0149443 -0.0181064 0.0137423 0.010351 -0.00848406 -0.0172107 0.0272089 0.00259855 -0.000199502 0.0197123 0.00396035 0.00526717 0.0121283 0.00188649 0.0072162 0.01985 -0.00302346 0.00132027 0.0026743 0.0181812 0.0283884 0.000724869 0.00915825 -0.0060895 7.08353e-05 0.00706086 -0.00570523 -0.00133348 -0.000735491 0.00677788 0.015023 0.00560317 0.0092028 0.0100026 0.0136997 0.010007 0.00537733 0.00808047 0.0264422 0.0267089 0.00061748 0.00488243 -0.00335634 -0.00777509 0.00725148 -0.0185779 -0.0129336 0.0173623
internal_weight=3466.69 2110.5 1356.19 1912.36 1387.52 1092.61 366.413 726.193 127.773 69.5411 294.914 1281.82 560.747 198.142 141.564 514.251 238.64 483.079 74.3721 767.564 58.2315 104.601 524.837 484.587 157.485 327.102 196.244 99.645 153.349 698.863 621.941 66.765 59.4856 555.176 106.962 130.858 165.446 87.6486 139.772 448.214 77.668 42.4283 68.7011 42.4312 496.815 478.422 262.735 207.707 215.687 187.126 55.0281 44.4371 82.0893 183.471 36.9631 77.797 45.1158 85.8777 76.5322 26.8421
internal_count=18107 11660 6447 10405 7769 6272 1943 4329 636 328 1497 6135 3487 1255 683 2413 1307 3073 312 3722 308 495 2636 2436 763 1673 980 483 814 3402 3018 309 281 2709 507 693 842 442 748 2202 414 205 320 204 2332 2245 1209 967 1036 899 242 200 420 920 188 400 214 521 434 126
is_linear=0
shrinkage=0.0226245


Tree=27
num_leaves=61
num_cat=0
split_feature=30 43 44 29 37 37 16 8 4 43 30 30 12 21 16 21 16 12 0 7 1 37 37 26 6 22 14 37 7 39 3 29 12 12 45 3 43 37 15 37 37 7 7 7 21 35 13 1 34 8 34 22 34 33 21 6 13 21 7 30
split_gain=185.315 83.8947 62.8207 56.8036 71.4036 61.7777 92.4025 54.7592 46.0107 39.2135 38.0483 37.2396 34.5033 34.3783 27.727 27.5334 26.9814 26.5674 25.9841 23.4603 21.2406 36.0867 29.0856 81.3934 27.3458 22.1738 20.2923 19.7336 18.994 17.9338 17.8005 17.5707 17.4956 23.4865 17.4551 16.735 15.3566 29.3977 21.7637 14.116 13.9112 40.4181 23.3168 18.0485 16.8861 13.6224 19.395 14.9281 34.041 13.5662 13.5783 13.3286 13.1931 13.1547 12.9264 12.4077 12.3445 12.3298 12.024 11.5853
threshold=0.018095000000000003 0.62348258642217902 0.33550000000000008 0.010725000000000002 0.44980000000000003 -0.23454999999999995 1.0011500000000002 -0.012882947999999998 3.5000000000000004 0.22443205154350496 -0.0019449999999999999 0.014015000000000001 -0.13149999999999998 17.765000000000004 0.9214500000000001 18.035000000000004 -1.0528499999999996 0.099070000000000005 0.74368170000000011 1.0000000180025095e-35 -0.20355247553117822 0.19405000000000003 -0.10789999999999998 0.49475000000000008 -0.11052759539914649 4.0496500000000006 1.0028500000000002 0.9789000000000001 65.23365685233567 0.16175000000000003 0.30355854869055354 0.0080300000000000007 0.22386500000000004 -0.099149999999999988 1.9669000000000003 1.1201237109429929 0.37049872064126577 0.15120000000000003 0.99825000000000008 0.21815000000000004 0.45735000000000003 42.264489730738397 21.17837622700328 73.159854331371875 19.335000000000004 24.500000000000004 0.14107500000000003 -0.25240491029648521 22.500000000000004 0.03619930150000001 191.50000000000003 3.7632500000000007 22.500000000000004 0.33565000000000006 14.24 -0.11052759539914649 -0.34228999999999993 14.905000000000003 57.10589517713445 0.070680000000000007
decision_type=2 2 2 2 2 2 2 2 2 2 2 2 2 2 2 2 2 2 2 2 2 2 2 2 2 2 2 2 2 2 2 2 2 2 2 2 2 2 2 2 2 2 2 2 2 2 2 2 2 2 2 2 2 2 2 2 2 2 2 2
left_child=1 3 13 4 5 6 32 30 10 14 -8 -10 35 19 26 -15 -3 -14 -4 -2 21 34 23 56 59 -25 29 28 45 -6 -7 39 33 -1 57 -9 40 38 -38 -24 42 -42 -17 -44 -43 47 -47 52 -49 58 -51 -33 -5 -16 -32 -28 -22 -21 -39 -23
right_child=2 16 18 27 9 7 8 12 11 -11 -12 -13 17 15 53 36 -18 -19 -20 20 22 24 31 25 -26 -27 55 -29 -30 -31 54 51 -34 -35 -36 -37 37 49 -40 -41 41 44 43 -45 -46 46 -48 48 -50 50 -52 -53 -54 -55 -56 -57 -58 -59 -60 -61
leaf_value=0.0017038986891311414 0.028585603972241552 0.008839612360079168 0.0024976964315349551 -0.002227502937176828 0.0097876251284902613 0.021292900805334639 0.0029193808012182311 0.0043712728926635237 -0.019565156059108083 -0.0029563723310551465 0.041113791882850033 0.021800306921193748 -0.019258173428924313 0.035969163088440413 -0.011258527582047446 -0.015615080978289148 -0.02039828219819223 -0.0042449636769902512 0.033919966906140721 0.016930808888925657 0.0091803046002070857 0.014078936236229751 0.00064320666680369636 0.031703873919071042 0.033339946267460036 0.0020754635498758376 0.023987382260738543 -0.010886873082532141 -0.0082034279324519552 0.03672214054134517 0.012169125904631954 0.0043213435240356899 0.010183485065241499 -0.013549078718246411 -0.011824548271607472 -0.020961116406340075 -0.0050914334508972018 0.0053007936595376127 0.024147085055177191 -0.015883045533567827 0.039991759964928854 0.019912375656861329 0.0077059430076171038 0.027413833519142217 -0.00024927088223160754 -0.014011768925601572 0.010742555385987141 0.024781035731263411 0.0026066169515191122 -0.0032581397438789734 0.022971621997015215 -0.0049123565780931399 0.020621586975997294 0.016264941836099372 -0.0053103138135068249 -0.00065951834194508899 -0.0094921178060046272 -0.005667850776727862 -0.018199698922547466 -0.014003400982049304
leaf_weight=73.633853852748871 14.433775573968886 16.124358296394348 18.075456097722054 15.166757196187971 22.369789287447929 15.204246982932089 19.549446299672127 63.843773201107979 22.03632028400898 153.00417104363441 42.645633697509766 17.25429080426693 404.98350659012794 17.666553929448128 27.063836067914963 16.731101751327515 179.79943397641182 73.050838634371758 56.211637362837791 29.144495218992233 20.706076264381409 16.160666689276699 39.028033122420311 57.291290774941444 38.371906593441963 17.008020043373108 12.33959525823593 40.055970564484596 46.777959108352661 37.585562005639076 23.174083575606346 157.29549305140972 24.972512021660805 165.80529861152172 35.704019501805305 13.796826019883154 17.487861692905426 13.701819062232969 39.822993502020836 77.827216282486916 28.899217396974564 37.951251432299614 190.94247023761272 25.24645608663559 44.206680551171303 34.032604426145554 26.126556172966957 38.397517994046211 256.84449584782124 32.874728798866272 11.339618578553198 157.00660939514637 68.14513872563839 9.8234126120805723 127.03945238888264 32.863340556621552 79.958941712975502 18.247673749923706 38.860791921615601 9.6254270076751691
leaf_count=369 61 81 85 74 111 77 98 339 123 814 197 79 2661 81 140 79 1174 412 227 138 100 77 199 256 174 82 55 200 244 170 118 768 126 951 176 75 86 68 185 396 122 178 889 108 210 174 131 187 1291 157 53 772 335 48 647 159 390 87 197 46
internal_value=0.000294639 -0.00390962 0.00680223 -0.00244794 -0.00485292 -0.00752848 4.80173e-05 -0.0113578 0.0181 0.00498143 0.0297717 -0.00115031 -0.0147439 0.00559588 0.01342 0.0100985 -0.0178984 -0.0170033 0.0266546 0.00254499 0.00193864 0.00955674 5.12505e-05 0.00775668 0.0219045 0.0252536 0.0192087 0.00386844 0.00514312 0.0275858 7.46574e-05 -0.00310647 -0.0070015 -0.00889401 -0.000393 -0.000721462 0.0089784 0.0029695 0.0154092 -0.0104813 0.0116229 0.018192 0.00830599 0.010339 0.00942443 0.00661063 -0.00326147 0.00819234 0.00570298 -0.00463057 0.00446638 -0.000293978 0.0165267 -0.00327889 -0.00243468 0.00710657 -0.00550213 0.00840391 -0.0121166 0.00324104
internal_weight=3461.34 2103.51 1357.83 1907.59 1382.04 1086.99 365.897 721.093 101.486 295.05 62.1951 39.2906 555.675 1283.54 142.046 515.732 195.924 478.034 74.2871 767.81 753.376 147.254 606.122 174.964 64.158 74.2993 105.158 525.547 485.491 59.9554 165.418 431.157 264.412 239.439 83.0962 77.6406 498.065 154.088 57.3109 116.855 343.977 111.057 232.92 216.189 82.1579 438.713 60.1592 378.554 295.242 96.777 44.2143 314.302 83.3119 36.8872 150.214 45.2029 100.665 47.3922 52.5626 25.7861
internal_count=18107 11660 6447 10405 7769 6272 1943 4329 497 1497 295 202 3487 6135 683 2413 1255 3073 312 3722 3661 698 2963 828 297 338 495 2636 2436 281 842 2135 1446 1320 401 414 2332 746 271 595 1586 510 1076 997 388 2192 305 1887 1478 475 210 1540 409 188 765 214 490 225 265 123
is_linear=0
shrinkage=0.0226245


Tree=28
num_leaves=61
num_cat=0
split_feature=30 36 0 27 36 13 3 2 31 28 21 3 28 30 39 1 12 34 9 34 35 34 28 31 30 33 3 30 41 6 15 2 35 3 45 39 39 39 13 0 45 16 6 6 3 30 43 35 29 29 21 12 35 13 14 2 34 27 35 30
split_gain=161.204 105.91 62.466 57.6698 53.6394 45.8323 36.6116 27.1513 47.3581 26.9984 24.6991 24.8683 21.649 23.8643 20.9281 31.547 20.644 18.7067 18.0888 21.8192 20.1582 22.1737 20.6275 18.9573 17.9125 17.8124 17.734 17.6859 17.6734 17.5165 17.3417 17.1918 21.4588 16.0823 22.2668 21.7011 15.9835 16.5729 17.6688 15.9633 19.7184 15.7556 15.6026 21.7791 15.578 15.4368 20.6804 13.8495 16.9414 13.6666 13.5455 13.0992 12.9832 12.9549 12.5786 12.4981 12.288 12.069 12.9771 12.0368
threshold=0.018095000000000003 0.67710000000000015 0.72480789000000001 0.016385 0.73795000000000011 0.15419500000000003 2.3606121817678729 0.2965729922251662 0.027500000000000004 0.022165000000000001 16.450000000000006 0.62754335541963691 0.018155000000000001 0.013045000000000003 0.19095000000000004 0.033769067489590555 -0.099149999999999988 208.50000000000003 1.5000000000000002 238.50000000000003 14.500000000000002 41.500000000000007 -0.012969999999999997 0.0038350000000000003 -0.015289999999999998 0.66895000000000004 0.824892817990167 0.0083050000000000016 -1.722159351268844 -0.017867617267941196 1.0056500000000004 0.25017437805161596 16.500000000000004 0.43464608556986711 2.0405000000000002 0.0086500000000000014 0.054050000000000008 0.10615000000000001 -0.24623999999999999 0.33755920000000006 1.9965000000000002 1.0257500000000002 0.045366897066498761 -0.07781000607104939 1.1252833858948514 0.010615000000000001 0.08081004160521707 16.500000000000004 0.011175000000000003 0.0010650000000000002 16.840000000000003 -0.17350499999999996 15.500000000000002 0.57893500000000009 0.71155000000000013 0.55373611895351038 88.500000000000014 0.0014250000000000003 5.5000000000000009 0.035945000000000012
decision_type=2 2 2 2 2 2 2 2 2 2 2 2 2 2 2 2 2 2 2 2 2 2 2 2 2 2 2 2 2 2 2 2 2 2 2 2 2 2 2 2 2 2 2 2 2 2 2 2 2 2 2 2 2 2 2 2 2 2 2 2
left_child=1 6 9 5 10 12 7 8 36 18 59 -12 13 24 15 30 17 41 19 31 23 -22 -23 57 26 53 -3 47 -11 -6 -7 -2 -33 35 42 -9 -1 -38 -39 -15 -41 -10 43 -35 45 46 -5 48 -14 -37 -16 -25 -21 -13 -53 -44 -24 -20 -59 -4
right_child=2 3 4 44 29 14 -8 33 16 28 11 25 27 39 50 -17 -18 -19 20 52 21 22 56 51 -26 -27 -28 -29 -30 -31 -32 32 -34 34 -36 49 37 38 -40 40 -42 -43 55 -45 -46 -47 -48 -49 -50 -51 -52 54 -54 -55 -56 -57 -58 58 -60 -61
leaf_value=-0.014557282307484574 0.00077913911640305471 0.0093422517951331791 0.011311990841248329 -0.020922905379361791 -0.0030502304009245732 0.033454693406148331 0.015757473700612874 0.032788666160607355 0.034666563434841126 -0.016582645705469745 -0.0052689497713988235 0.02426133227977946 -0.020138179585235741 -0.016295656032551949 -0.0085265484828491167 -0.011357375468369299 -0.0020159342686288623 -0.0033825695931744906 0.032208483806242409 0.022529091983007624 0.011868288778818133 0.022027499440069102 -0.019944843127693124 0.019278616752800223 -0.018780221741505461 -0.00096024885918438707 -0.015366790759676152 -0.019151327732091286 0.0091397987965993587 0.027774216684643357 -0.0041817694056276236 -0.020415809746392205 -0.00131499713923488 0.0043413678647698448 0.0085318876779860407 -0.0040517917697454591 0.0036547730625761232 0.0052201354050830095 -0.010723717931064383 -0.019203015165523866 0.0088600761901668056 0.0067247838550972419 0.019149145138550726 -0.0088502822553177835 -0.008846125554102564 0.02097338375643602 0.010912635688055675 0.024845409867946113 0.018165641700773782 0.012409028688297706 0.020909275550336746 -0.010613085203310316 -0.0060249094078549713 -0.00012844288795135298 0.0052082479906012105 -0.00088949652381541068 -0.0045162573540476203 -0.0052988150854658836 0.022763210528559983 -0.003525875865813495
leaf_weight=115.28762397170067 77.527944445610046 23.655975535511971 36.046465292572975 12.07382522523403 9.6413551867008191 11.672216624021532 73.417267367243767 15.763602033257483 27.119708567857742 11.694180414080618 27.40781344473362 96.45475497841835 10.280348345637327 36.664683938026428 8.9435108751058561 86.93061389029026 48.031393960118294 15.695025682449339 20.49448224902153 19.007849663496021 41.515967354178429 9.3542043417692167 34.291464313864708 20.780375331640244 455.83296027779579 21.20535483956337 31.447304159402847 12.688061669468878 320.21702982485294 119.01189497113228 9.9884256422519666 72.276211962103844 50.925823137164116 95.068117454648018 139.63349598646164 40.761970549821854 86.145772367715836 41.697298765182495 191.46207961440086 14.179655969142912 48.735994234681129 18.310775727033615 25.661963328719139 184.88348458707333 25.268595263361931 36.726908966898918 31.733283385634422 13.696088671684263 7.8899509012699118 62.566696763038635 28.452910080552101 32.586090415716171 11.376890838146208 12.521675646305082 90.755794942378998 35.488347783684731 100.39839448034763 15.107918158173563 13.981923863291739 96.658606886863708
leaf_count=623 382 134 167 71 43 59 347 79 129 57 128 436 67 222 50 528 242 79 93 87 204 42 171 99 3075 99 190 77 1519 495 54 361 250 471 679 203 453 210 1008 82 255 90 128 988 135 175 166 64 38 307 143 161 57 59 443 177 500 74 67 467
internal_value=0.000114257 -0.00377961 0.00618474 -0.00961911 0.0134235 -0.0116892 0.000584272 -0.000427138 -0.00407748 0.00293513 0.00789593 0.0138676 -0.0142338 -0.0153399 -0.000216728 -0.00526316 0.00908058 0.0174972 0.000102686 -0.00485164 0.00313561 -0.00218247 -0.0063861 0.00818721 -0.0173105 0.0179236 -0.00482215 0.000934717 0.00809806 0.0254479 0.0176511 -0.0075765 -0.0127318 0.00288561 0.00101749 0.0102236 -0.0074206 -0.00473626 -0.00784333 -0.00502591 0.00196917 0.0244814 -0.00210447 -0.00437195 0.00594828 0.0107361 0.0013857 0.00986066 -0.00329495 0.00598187 0.0137627 0.00386076 0.0122431 0.021528 0.000880895 0.0080048 -0.00878111 0.0198564 0.00902782 0.000659804
internal_weight=3485.1 2123.86 1361.24 906.861 418.948 801.059 1216.99 1143.58 543.75 942.293 290.295 157.59 655.071 610.517 145.988 108.591 109.157 61.1255 610.381 231.115 379.267 185.56 144.044 193.707 510.936 130.182 55.1033 44.5544 331.911 128.653 21.6606 200.73 123.202 599.828 480.735 119.092 434.593 319.305 233.159 99.5803 62.9157 45.4305 341.102 279.952 105.803 80.534 43.8071 31.8664 18.1703 103.329 37.3964 144.122 30.3847 108.976 123.342 61.1503 134.69 49.5843 29.0898 132.705
internal_count=18259 11798 6461 5585 1894 5038 6213 5866 2834 4567 1356 722 4204 3958 834 641 540 298 2991 1137 1854 917 713 937 3399 594 324 246 1576 538 113 993 611 3032 2443 589 2294 1671 1218 559 337 219 1764 1459 547 412 237 169 105 510 193 703 144 495 604 305 671 234 141 634
is_linear=0
shrinkage=0.0226245


Tree=29
num_leaves=61
num_cat=0
split_feature=30 36 0 27 37 28 44 37 3 7 2 28 37 12 41 23 3 21 3 23 41 37 12 12 43 8 30 30 33 30 45 23 13 36 3 45 39 8 28 27 7 13 39 8 28 9 30 27 41 2 39 8 27 30 29 8 27 39 3 29
split_gain=154.16 102.21 59.5539 55.6396 67.1363 61.6193 54.0033 36.5043 34.8099 28.0899 26.0026 25.6206 39.738 34.8145 28.3228 25.6612 24.6281 24.3821 23.9986 23.0765 21.89 21.889 33.9105 21.766 21.6018 19.0218 30.1203 21.9991 17.8886 17.3224 17.1009 21.3159 16.9759 16.8801 15.3404 21.2135 20.528 16.3739 19.6686 15.295 15.8087 14.7357 14.5261 19.7656 17.6976 14.3163 14.2324 14.1731 14.0455 16.8509 14.553 13.6899 13.5911 13.075 13.0098 12.9829 12.4963 12.3936 12.2979 12.2729
threshold=0.018095000000000003 0.67710000000000015 0.72480789000000001 0.016385 -0.44604999999999995 0.013605000000000001 0.14355000000000004 0.29495000000000005 2.3606121817678729 88.558573142757709 0.2965729922251662 0.022165000000000001 -0.34609999999999991 -0.0041399999999999987 -0.39795922573798032 72.465000000000018 1.1629894868081496 16.450000000000006 0.62754335541963691 72.975000000000009 -0.10445926287235102 0.30745000000000006 0.10417000000000001 -0.32943999999999996 0.10612169297907677 1.0000000180025095e-35 0.0077100000000000007 -0.0032649999999999992 0.66895000000000004 0.024395000000000003 1.9651000000000003 46.815000000000005 0.13435500000000003 0.052150000000000009 0.43464608556986711 2.0405000000000002 0.0086500000000000014 0.021174937500000001 0.015245000000000002 0.0031150000000000001 57.261759264006379 0.10167000000000001 0.20115000000000002 0.022850752000000005 0.017205000000000002 4.5000000000000009 -0.018434999999999997 -0.0017349999999999998 -0.056954202850229979 0.58126273267050899 0.080850000000000019 0.013860762000000002 0.060260000000000008 0.072470000000000021 0.0010650000000000002 0.035166055000000009 -0.012529999999999998 0.13885000000000003 1.2490674782483513 0.035315000000000006
decision_type=2 2 2 2 2 2 2 2 2 2 2 2 2 2 2 2 2 2 2 2 2 2 2 2 2 2 2 2 2 2 2 2 2 2 2 2 2 2 2 2 2 2 2 2 2 2 2 2 2 2 2 2 2 2 2 2 2 2 2 2
left_child=1 8 11 4 5 19 17 24 10 23 30 12 13 14 -2 29 57 -4 -19 -3 -7 22 53 -6 -5 26 -25 -27 56 -14 31 -1 -21 -16 36 37 -12 38 -36 47 58 -39 43 -31 -44 52 -33 59 -15 -50 -51 -26 -42 -13 -38 -56 -20 -9 -41 -23
right_child=2 3 6 7 9 20 -8 16 -10 -11 34 21 15 48 33 -17 -18 18 28 32 -22 39 -24 25 51 27 -28 -29 -30 42 -32 46 -34 -35 35 -37 54 41 -40 40 45 -43 44 -45 -46 -47 -48 -49 49 50 -52 -53 -54 -55 55 -57 -58 -59 -60 -61
leaf_value=-0.0019469761691064331 -0.0052824646117897549 -0.017412321722568791 0.00038464363188335466 -0.019431017474630784 0.015178431440647842 0.0041979286794215833 0.025178560413359877 0.0060460964832791475 0.015326019892840208 -0.023653712888822825 0.031774386256228672 0.032448239775788264 -0.010170583123246519 -0.011346872782451087 0.01047391103595223 -0.016304255390135823 -0.006979102011660669 -0.0042790760394426615 0.0086011436386032366 -0.0037973405612090568 0.043027931151115743 0.014598405342196957 -0.0059434413205608164 -0.01301986022979083 -0.0055873442373337214 -0.0019853593161240565 0.0023504917123450229 -0.020373701413565037 -0.0020871608650106085 -0.0022128713727842812 -0.0064090905013875791 -0.0044733995672689795 0.030060235875361233 0.036984545708249404 -0.0082041218237782557 0.0083139066704751487 -0.0039728453639792946 0.017173661795514238 0.0039401161132984388 0.028561981443209435 0.0043019396590255445 -0.011086643280619137 -0.016342287412803462 0.010821239501426733 0.014138772673936054 -0.0097478692805124459 0.027668057618132878 -0.017682032131611524 0.012875936512313826 0.0092320941523425879 -0.024594171043028717 0.019785543774341777 0.029220243366888939 0.0089549427581497639 0.017850825196664179 -0.0047744672459428409 0.026195152953458777 0.039815510229796763 0.005424257538759472 -0.010486562754734212
leaf_weight=115.01926246285439 16.085546106100082 39.207851454615593 132.67883275449276 26.411246031522751 12.655025690793989 11.974131405353544 128.52699983119965 8.7210651785135287 73.852659061551094 126.50137762725353 15.988474324345587 43.301319614052773 82.209735602140427 32.210834890604019 22.597850933670998 65.717621967196465 10.250362694263456 30.346790641546249 33.271473035216331 20.166717901825908 20.1523277759552 19.897339627146721 22.230820640921593 227.48723502457142 22.183250665664673 40.747862696647644 89.950603663921356 197.2932418435812 19.360465332865715 127.67919233441353 397.26328732073307 8.9332859218120593 8.7523971945047361 35.348195120692253 193.55809447169304 140.12271612882614 40.68974195420742 34.232704743742943 102.45631450414658 24.852450639009476 99.585282668471336 10.433907106518744 38.366927862167358 107.42333802580833 10.329276368021963 29.97007904946804 21.304359212517738 24.462031319737434 50.803919583559036 9.6539879143238085 11.651280373334883 16.811929374933243 9.9900466203689557 20.288931891322136 46.723801076412201 16.169856369495392 75.518769770860672 21.547832861542702 23.298197105526924 15.070627465844153
leaf_count=584 76 248 635 157 64 57 535 43 347 856 79 191 413 159 106 350 50 142 152 112 83 96 103 1523 124 242 528 1281 91 635 2102 45 44 151 1042 679 203 165 505 117 481 52 191 516 50 147 103 120 242 46 56 83 44 94 229 78 339 90 110 73
internal_value=0.000114517 -0.00370367 0.00604294 -0.00946739 -0.0115166 0.00565616 0.0131035 0.00580739 0.000575803 -0.0140082 -0.000413621 0.00287009 0.000106954 0.00900591 0.0205534 -0.00360478 0.0219203 0.00757822 0.0134851 -0.00662603 0.0300977 0.0078886 0.0175529 -0.0117516 -0.0046801 -0.0124406 -0.00868254 -0.0172876 0.0176934 -0.00121457 -0.00399263 0.00261222 0.00825114 0.0276356 0.00282412 0.000996967 0.00997404 -0.00205715 -0.00400329 0.00436813 0.00751085 0.0102993 0.00145619 0.00380181 -0.00944638 0.00348888 0.0186107 -0.00544525 0.000477633 0.00599357 -0.00999501 0.00596241 0.00726692 0.0256684 0.00583722 0.0120796 0.0211765 0.0314622 0.0183085 0.00381184
internal_weight=3480.29 2117.56 1362.73 900.814 794.889 100.253 419.703 105.926 1216.75 694.635 1142.9 943.025 610.078 178.352 74.0316 431.726 40.5193 291.176 158.497 68.127 32.1265 332.947 85.8211 568.134 65.4064 555.479 317.438 238.041 128.151 366.008 542.52 145.257 28.9191 57.946 600.376 480.804 119.572 340.681 296.014 247.126 187.696 44.6666 283.799 235.103 48.6962 139.545 30.2376 59.43 104.32 72.1092 21.3053 38.9952 109.575 63.5903 103.583 62.8937 108.79 30.2689 48.1506 34.968
internal_count=18259 11798 6461 5585 5038 544 1894 547 6213 4494 5866 4567 2991 836 333 2155 183 1359 724 404 140 1576 388 3638 364 3574 2051 1523 582 1805 2834 732 156 257 3032 2443 589 1764 1547 1188 899 217 1392 1151 241 672 148 289 503 344 102 207 525 285 510 307 491 133 227 169
is_linear=0
shrinkage=0.0226245


Tree=30
num_leaves=61
num_cat=0
split_feature=0 27 12 12 39 14 16 16 6 5 33 8 13 34 34 8 45 5 29 6 41 44 1 16 16 44 41 2 15 22 5 5 34 7 12 12 27 33 5 44 3 33 27 29 16 34 29 13 29 34 9 25 7 6 33 12 6 3 34 8
split_gain=127.725 129.021 100.565 39.4759 30.3596 28.9124 25.3168 29.2395 24.0337 33.4666 42.1264 38.8897 23.2765 21.8678 21.7972 21.6173 21.8264 26.5726 20.5711 19.8276 19.6674 19.6144 23.3061 26.761 18.7819 18.6246 18.482 21.0421 18.179 17.2611 16.1559 15.9547 17.6989 15.7904 14.8526 18.211 30.8762 17.4334 14.0494 25.2508 19.4763 13.7135 13.7059 20.676 20.8717 15.2993 13.3422 13.0297 12.7134 12.6315 19.1275 16.0995 15.4303 12.314 12.2861 12.2749 12.1944 16.8752 11.9471 11.3201
threshold=0.46616187500000006 0.014795000000000001 -0.055409999999999994 0.19948000000000002 0.17845000000000003 0.82835000000000014 1.0352500000000002 1.0472500000000002 -0.016036520764219544 -2.1429196596145625 0.18135000000000004 0.020616591000000004 0.045900000000000003 242.50000000000003 99.500000000000014 0.0049104691500000009 1.9643000000000002 -0.12819830328226081 0.039615000000000004 -0.060026459618839643 0.074364699507835516 0.17279452000000003 -0.25240491029648521 1.0171500000000002 -1.0495499999999998 0.20805000000000004 -1.3698165194771439 0.14645586297760207 1.0207500000000003 3.2493000000000003 -1.2769985795021055 -1.3986026048660276 177.50000000000003 54.609454664845487 -0.30952999999999992 0.083395000000000011 0.030105000000000003 0.7349500000000001 -1.1540952920913694 0.11357483500000003 2.1344506333022406 0.018300000000000004 -0.009584999999999998 0.0086550000000000012 -0.9857499999999999 82.500000000000014 -0.010019999999999999 0.20934500000000003 0.020145000000000007 75.500000000000014 1.0000000180025095e-35 0.53735000000000011 51.853884965680756 -0.10092283231134488 0.095400000000000013 0.20526500000000003 -0.051701207306294093 0.82923714972265594 126.50000000000001 0.013860762000000002
decision_type=2 2 2 2 2 2 2 2 2 2 2 2 2 2 2 2 2 2 2 2 2 2 2 2 2 2 2 2 2 2 2 2 2 2 2 2 2 2 2 2 2 2 2 2 2 2 2 2 2 2 2 2 2 2 2 2 2 2 2 2
left_child=1 2 4 6 12 20 24 -8 21 10 25 15 31 14 33 16 -11 -18 26 -16 54 42 -23 -24 -4 58 -13 -28 29 -15 -6 32 -1 -14 -3 36 53 49 39 -26 -40 47 -7 44 -44 -45 -46 -17 -22 52 -51 -52 55 -36 -2 -37 -55 -58 -10 -43
right_child=5 34 3 -5 30 8 7 -9 9 11 -12 18 13 28 19 41 17 -19 -20 -21 48 22 23 -25 38 -27 27 -29 -30 -31 -32 -33 -34 -35 35 37 -38 -39 40 -41 -42 59 43 45 46 -47 -48 -49 -50 50 51 -53 -54 56 -56 -57 57 -59 -60 -61
leaf_value=-0.01292116967165245 -0.0024922568557284755 -0.0085715881494739295 0.001414106863809656 0.0042610262758212194 0.0049148752322138375 -0.002194141728076224 0.025635723455425304 -0.0079094034042626361 0.0024367928444662041 0.027134820374344247 -0.0022370630210367566 0.029866687917012379 0.0018723747830484356 -0.0067260845626875097 0.0057210217878414732 -0.019961216126182797 0.016527227374117773 -0.0054191993609866351 0.0057722682049020403 -0.0064444679472944856 0.0028092431008364571 0.015561853165904803 -0.020034937788117085 0.016949556162863293 -0.016974408882295171 0.03382612255349926 -0.011719178708357317 0.017036667651036678 0.031906801862554034 0.018045052737531667 -0.015268417711749005 -0.015917235850503336 0.022391690982987607 0.015831578344369605 -0.008831955546088564 -0.016595372173076512 0.027860055629888223 -0.010321638024757442 -0.017612570302990908 0.00068081961474527816 0.012703671064507352 -0.0085355077835944041 0.0042131748182791537 0.013492523346729214 0.0055330279419353008 -0.0060005003441263947 0.034502030455592747 0.0076552998114456077 0.020858526468144175 -0.01027175323247635 0.0043122286770403149 0.020294258818572903 0.013342056932345978 0.026571350841808998 0.009162750212135317 0.0099191083231908936 -0.011230046424518065 0.011788662693888056 0.025818697016547973 0.013947114817132093
leaf_weight=11.514640852808954 370.02632202208042 26.025118961930275 36.214411646127701 71.500731721520424 24.547394752502441 75.095526993274689 14.612515136599539 52.482601210474968 24.67294006049633 18.806651189923286 33.774519339203835 51.371686413884163 95.612598940730095 24.074683055281639 103.61050547659397 43.380694508552551 40.767954275012016 77.32859094440937 103.40253426134586 190.37481692433357 45.530745849013329 15.559919416904448 50.920907780528069 9.9711627215147001 90.701336443424225 66.831888347864151 13.685658961534498 70.492728307843208 19.579382970929146 29.047065168619156 88.824650958180428 55.410092681646347 12.031248360872267 71.605801105499268 18.373223692178726 30.382375702261925 53.176610812544823 33.214784324169159 516.78626631200314 74.061695173382759 9.1329296231269819 21.481517896056175 37.090473651885986 29.914893090724945 12.262213155627249 52.627349719405174 31.911747306585312 9.1502806544303876 34.241835847496986 18.321233958005905 60.67135201394558 71.100778877735138 19.541329964995384 16.56884691119194 49.996292039752007 10.02839410305023 19.099409133195877 63.315967887639999 18.648260772228241 18.841694593429565
leaf_count=65 1823 126 191 359 131 359 76 268 120 92 163 226 488 130 519 233 203 398 483 1000 227 74 300 47 546 283 66 320 93 154 491 329 61 352 94 151 243 160 3349 441 50 115 178 139 60 255 153 45 159 91 296 350 95 84 240 48 103 309 88 91
internal_value=0.000142108 -0.00350058 -0.00649635 -0.0116922 -0.000282329 0.00532175 -0.0131391 0.000153844 0.00767862 0.0102827 0.0197508 0.00727201 0.0017209 0.00342711 0.00156794 0.000598612 0.00626386 0.00237086 0.0136047 -0.00214295 0.000926637 0.00257214 -0.00722099 -0.0134846 -0.0143618 0.0263774 0.019334 0.0121275 0.01471 0.00705111 -0.0108847 -0.00952986 0.00559814 0.00801755 0.00731284 0.00836446 0.0139825 0.00430798 -0.0151915 -0.00916345 -0.0170195 -0.007691 0.005755 0.00937408 0.017267 0.00128171 0.027295 -0.0150022 0.0110156 0.0067302 0.0101829 0.0131865 -0.00198455 0.00717532 -0.00105174 -0.0097923 0.010313 0.0062542 0.0134881 0.00220011
internal_weight=3459.33 2031.54 1591.73 865.492 726.233 1427.79 793.992 67.0951 927.992 612.638 143.928 468.71 612.861 533.905 461.204 229.757 136.903 118.097 238.953 293.985 499.795 315.354 76.452 60.8921 726.897 110.153 135.55 84.1784 72.7011 53.1217 113.372 78.956 23.5459 167.218 439.819 413.794 170.534 243.26 690.682 164.763 525.919 92.8542 238.902 163.807 81.2644 82.5422 44.174 52.531 79.7726 210.045 150.093 131.772 59.9521 117.357 420.023 40.4108 98.9842 82.4154 43.3212 40.3232
internal_count=18183 11243 9093 5280 3813 6940 4921 344 4491 2926 654 2272 3191 2736 2359 1177 693 601 1095 1519 2449 1565 421 347 4577 491 612 386 377 284 622 455 126 840 2150 2024 833 1191 4386 987 3399 484 1144 785 391 394 213 278 386 1031 737 646 294 590 2063 199 496 412 208 206
is_linear=0
shrinkage=0.0226245


Tree=31
num_leaves=61
num_cat=0
split_feature=30 36 37 28 43 37 16 37 15 28 37 12 35 12 34 39 27 12 37 27 27 12 37 14 37 23 28 15 35 28 37 35 12 35 35 2 22 12 0 2 37 41 29 1 31 27 5 14 2 21 43 30 30 23 3 14 16 27 39 5
split_gain=146.24 90.0879 50.8801 50.2891 50.0231 44.3821 32.2835 31.6407 35.6496 35.5083 61.4731 31.1437 27.8329 30.7149 29.455 27.7666 27.038 26.4488 25.5695 31.8633 25.2685 24.2213 41.1141 33.3044 24.1866 25.4247 23.25 20.8567 19.387 19.387 28.6318 23.6442 21.9669 29.3311 24.6279 23.3306 21.7618 20.9873 25.1103 19.816 19.0915 17.6528 16.7871 16.7622 17.8966 16.6219 16.6206 17.873 16.4771 16.2853 16.16 20.9436 15.9207 19.7167 15.2794 15.066 14.1558 13.9982 13.8909 13.7467
threshold=0.016330000000000004 0.67965000000000009 0.54580000000000017 0.017205000000000002 0.084163146949334536 -0.36819999999999992 -1.1511999999999998 -0.65444999999999987 -0.94704999999999984 -0.0087449999999999976 0.45735000000000003 0.119215 14.500000000000002 0.074245000000000019 242.50000000000003 0.29095000000000004 0.021605000000000003 0.21223500000000003 -0.5281499999999999 0.0060500000000000007 0.010845000000000002 -0.033984999999999994 -0.18364999999999998 1.0103500000000001 -0.37499999999999994 52.910000000000004 0.024690000000000004 1.0361500000000003 1.5000000000000002 0.012665000000000001 0.20275000000000001 3.5000000000000004 0.12190500000000001 5.5000000000000009 8.5000000000000018 0.8184173339613755 3.8452000000000006 -0.25459499999999996 0.60100786500000003 0.10673047031132031 0.8267500000000001 -0.40810226204938155 0.021265000000000003 -0.17112989018934435 -0.034054999999999995 0.018695000000000003 10.708831787109377 0.99435000000000007 0.074893805454873466 16.175000000000001 0.40854949403711693 0.040395000000000007 0.033200000000000007 -40.704999999999991 1.1378980984272753 1.1421500000000002 1.05325 -0.015499999999999998 0.058050000000000011 -2.7265152931213374
decision_type=2 2 2 2 2 2 2 2 2 2 2 2 2 2 2 2 2 2 2 2 2 2 2 2 2 2 2 2 2 2 2 2 2 2 2 2 2 2 2 2 2 2 2 2 2 2 2 2 2 2 2 2 2 2 2 2 2 2 2 2
left_child=1 6 3 17 7 -5 -1 8 -2 10 11 -9 13 14 18 -16 24 21 -6 27 -4 22 23 -3 25 -14 -7 -20 -24 32 31 57 35 -34 -35 37 41 -8 -39 -36 -21 -33 59 44 -23 49 47 56 50 -12 51 -26 -15 -54 -22 -27 -32 -31 -49 -11
right_child=4 2 20 5 12 26 29 9 -10 42 45 -13 16 52 15 -17 -18 -19 19 40 54 43 28 -25 48 55 -28 -29 -30 30 46 36 33 34 39 -37 -38 38 -40 -41 -42 -43 -44 -45 -46 -47 -48 58 -50 -51 -52 -53 53 -55 -56 -57 -58 -59 -60 -61
leaf_value=0.016181186848069781 -0.00078209775731129922 0.015786208248089205 -0.0067924216836906127 0.033864292816210721 0.024645402025660828 -0.015061971846774158 0.0030264070487854284 -0.017334304801214898 0.036093805435922603 0.0092519207194118481 -0.0049047071173173142 0.013495699025987722 -0.011832291998688661 -0.013718092239245581 0.031133017747779306 -0.0077900340759366462 0.0097305195608127469 0.016208922688524391 -0.0044008726580361535 0.024701241070116793 0.024933286371269039 0.011038627588831403 0.016319739965627692 -0.0169053082579835 -0.004482339502015935 0.027577127666462364 0.014163590940002331 0.013380990241242702 -0.017759563345192686 5.2628637845351384e-06 -0.00032552345680940696 -0.016591729199952322 -0.012936080269132417 0.029429059249341465 -0.0081698713249897369 0.0073241247163492399 0.020042683277316901 -0.014503887997242036 0.0026871365252006253 0.0077213114179935519 0.0050557284894291784 0.0051299089115378104 0.0078168057027577786 -0.019588473650552777 -0.012812502081891067 0.038597174981676891 -0.0095380899349130511 -0.0098883260252083573 -0.0070352489622121832 0.028871179648715526 -0.0066408423052200863 0.028815659307648091 0.014942604337571328 -0.0070296806541664059 -0.0015286622196192656 -0.0005392389049898097 -0.021103626619654935 0.031600724523859682 0.012996246660737641 -0.013233073974794934
leaf_weight=58.626428589224815 17.925314456224442 51.601828917860985 38.8355443328619 18.528983756899834 35.549027800559998 34.789442300796509 63.131438910961151 24.951907783746719 49.091690108180046 17.316824704408646 12.04149177670479 39.314581945538521 17.041055426001549 42.151776030659676 49.035517111420631 10.213633656501768 106.08233453333378 12.881113320589064 152.18429413437843 49.252393513917923 33.702339738607407 16.061462819576263 7.0564861893653861 19.873013734817505 15.537980809807776 29.302215293049812 19.374166592955589 40.272372126579285 105.13711619377136 9.1256261318922025 112.16437424719334 22.925743982195854 51.231191366910934 17.456625789403915 53.83160637319088 51.903273239731789 33.741938561201096 227.45335981249809 52.607427775859833 136.04121270775795 52.888166770339012 71.284717053174973 103.53919114172459 325.98292146623135 131.19782474637032 50.490385130047798 86.384510725736618 14.037199571728705 320.21627022325993 13.230141043663023 30.174313306808472 20.030969321727753 35.532720595598221 43.215740099549294 15.615021765232084 13.83876486122608 16.863973140716553 30.754610776901245 79.633935257792473 44.538520991802216
leaf_count=263 82 279 224 79 157 209 318 114 206 81 55 181 87 207 230 48 494 66 756 235 151 97 45 114 78 130 99 189 719 44 569 115 258 86 271 264 166 1296 256 671 250 356 477 2216 898 205 434 71 1617 56 153 95 171 209 78 65 84 148 394 217
internal_value=0.000144158 -0.00377723 -0.00948033 -0.0114074 0.00566037 0.00626102 0.000219631 0.0127645 0.0266061 0.00950617 0.0177694 0.0012946 0.00314229 0.00693567 0.010011 0.0243729 -0.00038093 -0.0133437 0.0072442 0.00492516 0.00659774 -0.0139917 -0.00686524 0.0063925 -0.00283241 0.0101934 -0.00441989 -0.000536869 -0.0152598 -0.000647242 0.00281142 0.010249 -0.00317201 0.00194309 0.00574717 -0.00650927 0.00524595 -0.00864513 -0.0112802 0.00316092 0.0149483 -0.000492706 0.00232503 -0.016699 -0.0100485 0.0311828 -0.00128474 0.00199794 -0.00492424 0.0139265 0.00522093 0.0150265 -0.0029717 0.0030627 0.0169342 0.0190907 -0.00344446 0.0248603 0.00937331 -0.00680605
internal_weight=3454.8 2019.84 830.637 742.484 1434.96 72.6926 1189.2 372.44 67.017 305.423 140.029 64.2665 1062.52 510.296 389.395 59.2492 552.224 669.792 330.146 294.597 88.1529 656.911 183.668 71.4748 446.142 60.182 54.1636 192.457 112.194 1130.57 476.917 167.833 653.656 258.561 207.329 395.095 127.952 343.192 280.061 189.873 102.141 94.2105 165.395 473.242 147.259 75.762 309.084 222.699 385.96 25.2716 65.7433 35.569 120.9 78.7485 49.3174 43.141 129.028 39.8802 93.6711 61.8553
internal_count=18183 11338 5274 4821 6845 387 6064 1674 288 1386 611 295 5171 2452 1865 278 2719 4434 1587 1430 453 4368 1157 393 2225 282 308 945 764 5801 2381 829 3420 1286 1028 2134 637 1870 1552 942 485 471 775 3211 995 316 1552 1118 1943 111 326 173 587 380 229 195 653 192 465 298
is_linear=0
shrinkage=0.0226245


Tree=32
num_leaves=61
num_cat=0
split_feature=30 44 0 29 44 8 2 17 43 45 45 32 29 33 37 12 30 29 1 14 3 23 6 35 3 29 29 7 30 3 16 35 34 17 3 2 28 1 37 28 37 12 35 16 31 16 22 28 12 35 16 28 37 7 8 3 29 16 34 35
split_gain=151.352 101.975 63.0368 55.2698 54.7381 30.7897 24.419 32.5134 24.1743 23.517 23.0204 22.8818 20.1865 20.954 19.9423 57.2214 32.0416 26.3746 25.1692 20.298 24.3291 20.06 22.3868 18.7911 19.2217 18.4853 18.092 36.163 19.6111 17.6356 19.2749 16.9979 16.8774 18.5856 17.0657 16.8143 16.6828 17.0602 16.6117 64.6597 26.5024 23.5893 16.6082 15.29 15.1139 14.9887 14.8143 16.3279 14.0596 17.5127 13.825 15.3261 22.9778 15.1595 13.3745 13.3184 12.8876 12.7772 12.5974 12.2313
threshold=0.013645000000000003 1.0000000180025095e-35 0.72480789000000001 0.0090700000000000017 0.14355000000000004 -0.026681244499999996 0.41157755288190073 1.0218500000000004 0.091167986548881488 1.9629000000000003 1.9811000000000003 1.0000000180025095e-35 0.019635000000000003 0.80175000000000007 -0.36079999999999995 -0.0041399999999999987 0.024395000000000003 0.032045000000000011 -0.090715551296861444 1.0916500000000002 0.81744860997114055 68.465000000000018 0.15005561610492127 23.500000000000004 0.62754335541963691 0.016635 0.020145000000000007 73.787040938529231 0.051815000000000007 0.31544560171657393 -1.0615499999999998 10.500000000000002 175.50000000000003 1.0639000000000003 0.62754335541963691 0.43881203337725078 -0.011104999999999999 -0.10253641554464353 0.45735000000000003 -0.0090049999999999974 -0.070349999999999982 0.026765000000000004 5.5000000000000009 1.0301500000000001 0.15048000000000003 -1.0682499999999997 3.8452000000000006 -0.00048999999999999988 0.11504500000000002 3.5000000000000004 1.0108500000000002 0.011335000000000001 0.64745000000000008 52.172671553004641 -0.004121422799999999 0.69072608346453601 -0.010894999999999998 0.95095000000000007 48.500000000000007 30.500000000000004
decision_type=2 2 2 2 2 2 2 2 2 2 2 2 2 2 2 2 2 2 2 2 2 2 2 2 2 2 2 2 2 2 2 2 2 2 2 2 2 2 2 2 2 2 2 2 2 2 2 2 2 2 2 2 2 2 2 2 2 2 2 2
left_child=1 6 14 5 12 -3 10 29 -9 57 46 -12 56 32 15 19 17 18 23 20 -2 22 36 24 -16 -21 -23 -28 -29 31 -31 -8 33 34 -14 -32 -18 -38 39 -6 -41 -40 -17 45 -34 -11 48 -48 -1 -50 51 54 53 -53 -5 -20 -4 -7 -10 -47
right_child=2 3 4 50 38 9 7 8 58 43 11 -13 13 -15 16 42 21 -19 55 25 -22 26 -24 -25 -26 -27 27 28 -30 30 35 -33 44 -35 -36 -37 37 -39 41 40 -42 -43 -44 -45 -46 59 47 -49 49 -51 -52 52 -54 -55 -56 -57 -58 -59 -60 -61
leaf_value=-0.0052415341989463654 0.0024937586317832789 0.0022437463134972776 0.010027552597680794 0.018816520041671794 -0.018011627845310633 -0.0053143564824664159 -0.0039641412819942518 -0.0032449269804053775 0.0082128881698844431 0.01048596919805202 -0.0073277739970454055 0.017162997665612981 0.0057420295594991693 -0.008531208633178607 -0.012422185510800911 -0.015586650150631425 0.018770414311301418 0.02031335844705999 -0.0015496738118583116 -0.011335508424248717 0.032506679126005099 -0.011641781493928543 0.019817896596917402 -0.020052042419123881 0.012901097058678597 0.020538712066593984 -0.010848830722997454 0.034960297343475236 0.0059960100706423249 0.010143552698198126 0.018860436962022459 0.02625472344897337 -0.005421644102291988 0.00022830386704644594 0.027017557501500915 -0.004104877791717026 0.0086478943040810153 -0.0011575486772555591 0.0011235590900568781 0.034634310464917516 -0.0031997132768967007 0.038399256638990513 0.0024823828664755536 0.0016870435123762248 0.01947301199820816 -0.016615036884159762 -0.0058372200425055986 0.019416880841302681 -0.016620722734367797 0.015335201542028684 -0.010064899931541835 0.029755251625778339 -0.010739923567072112 0.003169392724023945 -0.006701556216911337 -0.016319320087066116 -0.0067857395838259171 0.020519576118685698 0.040114930855512092 0.0065598277843853933
leaf_weight=99.934115618467331 18.366203859448433 65.404318228363991 31.413044333457947 10.016890525817869 19.446048960089684 30.667065620422363 13.324040427803991 13.568568274378775 10.728908300399778 9.1352205723524076 331.04024919867516 18.03739820420742 27.815218403935432 23.483606845140457 18.014570653438568 31.396061435341835 33.447462409734726 15.821121230721472 42.179078817367554 16.877969220280651 60.062730222940445 70.500298783183098 49.964013531804085 13.455557554960249 57.550928950309753 14.87064655125141 49.735134869813919 14.833964481949804 41.849488794803619 79.401665955781937 14.706297576427458 25.462592720985413 37.656092196702957 25.535309106111526 77.663582980632782 228.09541673958302 146.16873945295811 230.99535551667213 10.516839951276777 46.430751785635948 11.158151432871817 52.536097958683968 105.85666494071484 26.384058132767677 15.194954365491865 586.97735653817654 16.568343728780746 44.480402857065201 8.4656661003828031 40.577171012759209 34.215689390897751 29.890703916549683 13.652604624629019 17.644203439354897 54.288183361291885 125.37346209585667 70.292307943105698 10.995358869433401 23.140066355466843 10.463137805461882
leaf_count=513 89 330 151 49 89 180 65 65 53 49 1758 90 128 111 104 155 155 74 222 86 259 369 239 79 289 68 243 67 201 365 76 125 173 121 345 1174 695 1125 45 192 51 214 506 150 70 3977 83 215 45 202 183 145 69 94 297 699 341 56 112 59
internal_value=-4.47804e-05 -0.00442199 0.00504185 -0.00989179 0.0122081 -0.0124882 0.000678858 0.0048659 0.0219105 -0.0139199 -0.00238909 -0.00593163 0.0067768 0.010781 0.00223722 0.00789272 0.000679153 -0.00577821 -0.00759565 0.0198126 0.0258171 0.00345196 0.00592913 0.00209161 0.00662862 0.00406219 -0.0029885 0.00290046 0.0149055 0.00246969 0.000672121 0.0163191 0.0133416 0.0176187 0.0217102 -0.00250819 0.00411229 0.0026794 0.0238106 0.0157762 0.0275012 0.032504 -0.00188721 -0.0149997 0.00237469 -0.01573 0.00349943 0.0126089 -0.000402551 0.00920043 0.00214689 0.00562825 0.0134655 0.020635 -0.00208759 -0.0126907 -0.00145898 0.00239305 0.0314507 -0.0161795
internal_weight=3473.73 1867.27 1606.46 899.735 449.142 740.027 967.531 408.428 47.4375 674.622 559.103 349.078 309.054 207.349 1157.32 247.43 909.889 272.395 256.574 110.178 78.4289 637.494 460.576 89.0211 75.5655 31.7486 176.919 106.419 56.6835 360.99 322.203 38.7866 183.865 131.014 105.479 242.802 410.612 377.164 140.088 77.035 57.5889 63.0529 137.253 632.96 52.851 606.576 210.026 61.0487 148.977 49.0428 159.708 125.493 61.1875 47.5349 64.3051 167.553 101.705 41.6624 33.869 597.44
internal_count=18334 10579 7755 5638 2031 4801 4941 2035 230 4471 2906 1848 1440 948 5724 1163 4561 1467 1393 502 348 3094 2214 472 393 154 880 511 268 1805 1615 190 837 594 473 1250 1975 1820 591 332 243 259 661 4235 243 4085 1058 298 760 247 837 654 308 239 346 921 492 236 165 4036
is_linear=0
shrinkage=0.0226245


Tree=33
num_leaves=61
num_cat=0
split_feature=0 28 37 12 12 5 29 37 23 37 31 44 8 3 6 2 31 27 5 8 34 21 37 26 5 12 2 36 1 41 28 37 27 45 45 41 12 15 45 27 22 37 2 7 29 7 43 6 5 45 27 7 34 2 37 0 41 41 44 12
split_gain=132.238 99.0977 80.6043 73.914 58.5741 41.6794 46.4382 42.8519 43.4479 35.5584 31.9184 32.4031 29.8606 28.0677 30.5866 27.9445 27.8803 25.2167 24.3505 36.3288 22.9072 19.3125 19.0354 37.656 20.3151 19.9301 18.8724 17.2037 20.1999 15.7869 22.3291 19.2098 25.3729 17.0435 17.1009 15.5488 15.0366 16.8402 14.9813 14.2794 13.6973 13.1039 14.1966 12.6015 12.4976 12.4679 13.2468 12.3535 12.228 13.837 12.2981 12.1951 15.879 12.1164 12.094 12.0095 19.2393 16.152 11.8823 11.6101
threshold=0.68677502000000012 0.014005000000000002 0.11370000000000001 0.10694500000000001 -0.16841999999999999 -1.1042830348014829 0.012585000000000001 -0.33839999999999998 37.57500000000001 0.43495000000000006 0.013735000000000002 0.12225000000000001 -0.012145161749999998 1.0382146064256019 -0.062957968652814139 0.27686805947675514 0.0048050000000000011 0.056540000000000007 -1.4466801881790159 0.017208934000000002 4.5000000000000009 15.040000000000001 0.27305000000000007 -0.36354999999999993 10.708831787109377 0.18795000000000003 0.89843643964277009 1.0000000180025095e-35 0.20329386240903033 -0.44379019849376428 0.021285000000000002 0.65820000000000012 0.016955000000000001 1.9749000000000003 1.9537000000000002 0.13144810693814876 -0.40987499999999993 1.0434500000000002 2.0169000000000001 0.00696 2.6363500000000006 -0.77134999999999987 0.53784250016748192 55.000941755127023 0.003735 47.53336695582319 0.40124484350617468 0.065776658441955765 7.1055264472961435 1.9291000000000003 -0.0032149999999999995 80.752827690397439 234.50000000000003 0.47064298189171799 -0.41489999999999994 0.17503327000000005 0.20719508020868507 0.69973188983104151 0.063350000000000004 0.049235000000000008
decision_type=2 2 2 2 2 2 2 2 2 2 2 2 2 2 2 2 2 2 2 2 2 2 2 2 2 2 2 2 2 2 2 2 2 2 2 2 2 2 2 2 2 2 2 2 2 2 2 2 2 2 2 2 2 2 2 2 2 2 2 2
left_child=1 3 13 4 48 7 12 8 -6 26 20 27 21 16 -15 -16 -3 29 -13 44 54 -7 24 -24 25 45 -9 28 -12 36 33 32 -32 34 -31 -18 -4 40 -35 -33 -38 -26 47 53 -20 -5 -47 -43 49 -1 -51 52 -8 -29 -2 57 -57 -27 -10 -17
right_child=10 2 17 22 5 6 51 9 58 -11 11 18 -14 14 15 59 35 -19 19 -21 -22 -23 23 -25 41 55 -28 43 -30 30 31 39 -34 38 -36 -37 37 -39 -40 -41 -42 42 -44 -45 -46 46 -48 -49 -50 50 -52 -53 -54 -55 -56 56 -58 -59 -60 -61
leaf_value=-0.0044743492915514261 -0.0017417272880206624 0.01574873775676067 -0.015416141619641659 -0.018341576026207389 -0.013853241999333412 0.017890622845284056 -0.0019797433381573129 -0.015961596878633966 0.0072162808066918941 0.0071411960079579362 0.013673818003059845 0.030318177105642913 -0.017213506904658834 -0.008792047838934473 0.0090055965952879832 0.037460169122336087 -0.011727821691052819 0.026409500922417253 -0.010194873719561962 0.026475017264522095 0.0011130010425990937 -0.01307732201789473 -0.0012056970428846801 0.029070509029678181 -0.011669767190601508 0.021591633421596521 0.010196354330265223 -0.0073081133890488094 -0.00015056253481081694 -0.0081549286472285699 0.0027001487045091987 -0.015583437547906408 0.034919888343280331 -0.020423972671663043 0.020158683727336594 0.0076451137604264937 -0.0089486991492176426 -0.012364072264848253 -0.0062008083420101966 -0.0015039512906423144 0.017989777413714273 0.028429625563779981 -0.0039905665655321438 -0.018088388978828997 0.01644149977421917 0.0065056241184866248 -0.012887950979947278 0.002536942031913562 -0.0088203003382939515 0.016424645080451539 -0.0072370972941891293 -0.017268731113825569 0.021241426872128558 0.019975340127475812 0.02657368897063481 0.0035308363905442752 -0.016377568102998553 -0.0081704939313536704 0.031397632040502645 0.0090119133333951464
leaf_weight=30.838474467396736 9.994735121726988 82.888262897729874 11.08773799240589 49.743518635630608 21.324250087141991 19.399292349815369 104.35491544008255 146.4711247831583 18.280459210276604 55.138401433825493 187.43102297186852 67.260860159993172 596.28647992014885 13.974922254681585 39.215662553906441 58.881517857313156 42.550212815403938 13.858137205243109 31.799101546406746 37.833935782313347 355.0188602656126 16.420458868145943 49.553851217031479 33.356093525886536 9.4350061565637571 26.827940359711647 13.64027217030525 17.119567617774013 75.501510471105576 23.465366274118423 196.29505597054958 46.386066988110542 10.528752833604811 67.047013029456139 15.897217497229574 37.067429825663567 9.5275954306125623 12.258050605654715 91.087854698300362 149.44717328250408 62.472831234335899 29.33692030608654 14.970173016190527 18.431587859988213 9.3732712566852552 32.984828144311905 33.695479452610016 14.196085706353186 24.390119075775146 69.466485589742661 11.601251721382139 18.349568918347359 14.658029630780218 11.59759049117565 26.628113448619843 98.138332799077034 30.082633525133133 11.765930354595183 30.293331131339073 10.816999182105063
leaf_count=155 46 410 55 282 125 104 535 919 93 283 869 284 3981 72 190 266 218 61 158 158 1721 90 243 167 46 132 75 82 356 118 969 235 47 371 79 177 50 60 471 726 310 143 73 90 45 174 186 69 124 350 62 103 74 54 118 486 150 59 136 49
internal_value=-3.85311e-05 -0.00255292 0.00306563 -0.00599169 -0.00889918 -0.0107005 -0.0134316 -0.00326971 0.0118047 -0.00825647 0.00771161 0.0117613 -0.0160122 0.0131537 0.0212156 0.0251938 0.00679265 -0.00103 0.0204691 0.0113094 0.00294115 0.00377779 0.00199106 0.0115443 -0.000340244 -0.00302293 -0.0135917 0.00750258 0.00974566 -0.00168387 -0.0030477 2.33307e-05 0.00479942 -0.0092189 0.00387705 -0.00275651 0.00673765 0.0100679 -0.0124898 -0.00501721 0.0142171 0.0105107 0.0144691 -0.00484649 -0.00344949 -0.0100872 -0.00342281 0.0206703 0.00497162 0.00812415 0.0129058 -0.00147123 0.00131638 0.00452994 0.0192842 0.00199526 -0.00139822 0.012581 0.0232143 0.0335802
internal_weight=3467.74 2619.75 994.754 1625 1190.91 1054.62 769.469 285.148 69.898 215.25 847.99 456.348 632.106 285.395 122.889 108.914 162.506 709.359 146.267 79.0063 391.642 35.8198 434.087 82.9099 351.177 283.239 160.111 310.081 262.933 695.501 600.155 402.657 206.824 197.497 39.3626 79.6176 95.3462 84.2585 158.135 195.833 72.0004 67.9382 58.5032 47.1487 41.1724 116.424 66.6803 43.533 136.296 111.906 81.0677 137.363 119.013 28.7172 36.6228 166.815 128.221 38.5939 48.5738 69.6985
internal_count=18334 14353 4934 9419 7209 6518 4887 1631 354 1277 3981 2096 4175 1382 577 505 805 3552 645 361 1885 194 2210 410 1800 1469 994 1451 1225 3491 3016 1977 1016 1039 197 395 475 420 842 961 360 331 285 226 203 642 360 212 691 567 412 712 609 136 164 827 636 191 229 315
is_linear=0
shrinkage=0.0226245


Tree=34
num_leaves=61
num_cat=0
split_feature=0 30 36 37 15 14 15 7 21 33 37 15 37 15 30 30 37 15 13 7 37 41 1 30 37 13 13 37 21 5 15 29 31 35 5 29 35 34 24 13 3 1 13 37 43 30 24 1 43 2 31 30 26 31 7 34 24 5 24 22
split_gain=140.556 93.8866 68.032 56.385 57.4037 48.3965 45.3753 38.5611 35.7366 31.4875 28.0697 47.5997 47.451 38.0128 27.9281 23.9102 21.467 50.0347 27.5258 21.1268 20.6543 24.5999 21.775 19.5641 19.3941 19.0109 17.3976 30.2884 22.5536 21.8276 26.2958 17.8639 17.2684 16.3266 16.5865 16.2825 15.8694 24.6558 19.5645 30.3062 22.7014 17.808 19.3952 19.0092 17.4208 18.1526 15.7216 15.4668 15.1619 15.1308 14.9003 14.5772 14.3845 13.4783 13.4297 15.2874 13.2971 13.2593 13.0083 12.7214
threshold=0.68677502000000012 0.022640000000000004 0.6674000000000001 -0.33839999999999998 -0.96274999999999988 0.99060000000000015 1.0000500000000001 88.558573142757709 20.820000000000004 0.26495000000000007 -0.55539999999999989 0.96915000000000007 0.31910000000000005 0.99595000000000011 0.0014650000000000002 -0.028734999999999997 0.38785000000000008 -0.99994999999999989 0.11255500000000002 83.370390398411601 0.70555000000000012 0.094349335998409931 0.088133026959944558 -0.013794999999999998 -0.22139999999999996 0.18901000000000004 0.11843500000000001 0.10250000000000002 15.330000000000002 4.8382496833801278 0.98405000000000009 -0.0033099999999999996 -0.0018849999999999997 3.5000000000000004 7.8800220489501962 -0.0090449999999999992 15.500000000000002 26.500000000000004 0.088410000000000016 0.14908000000000002 0.57514327873506066 -0.19949386002917088 0.19406500000000002 0.27720000000000006 0.58439804303574328 0.093365000000000017 -0.26363999999999993 -0.19146245873780532 0.39138232317810395 0.85401314874769108 0.00075000000000000012 -0.024544999999999994 0.49475000000000008 0.040635000000000011 69.128101057513305 64.500000000000014 0.11270000000000001 0.80365529656410228 0.079635000000000011 3.2646000000000002
decision_type=2 2 2 2 2 2 2 2 2 2 2 2 2 2 2 2 2 2 2 2 2 2 2 2 2 2 2 2 2 2 2 2 2 2 2 2 2 2 2 2 2 2 2 2 2 2 2 2 2 2 2 2 2 2 2 2 2 2 2 2
left_child=1 2 19 4 -4 20 8 15 14 10 11 -7 24 35 -6 56 18 -18 -17 26 21 -2 23 -22 49 -8 29 28 -28 30 51 -31 -33 34 -29 -14 38 48 39 40 -3 -41 -43 -44 45 54 -35 -11 -38 58 -40 -1 -30 -49 55 -39 -5 -50 -12 -26
right_child=5 36 3 7 6 9 25 -9 -10 47 12 -13 13 -15 -16 16 17 -19 -20 -21 22 -23 -24 -25 59 -27 27 33 52 31 -32 32 -34 46 -36 -37 37 44 50 41 -42 42 43 -45 -46 -47 -48 53 57 -51 -52 -53 -54 -55 -56 -57 -58 -59 -60 -61
leaf_value=0.0025171892871654203 -0.00088472798732851178 -0.010637203058661098 -0.018565851177898527 -0.00187003912800673 -0.0040536153962104308 -0.003269631159922984 -0.014359770590719717 -0.025019550071550781 -0.017629474772279372 0.017299731882512159 -0.011743526118945066 0.039503377029662771 0.0099579212706593472 0.006030241002103684 0.031013851365449895 -0.016537916954854848 0.015119461656615095 -0.014052657709529393 -0.0011632547384106458 -0.019280854826529754 -0.00086587820225650835 0.02141312323404275 -0.009499046170988611 0.033915694541503942 -0.020823307819227657 0.015193725645477194 0.0019101351892919056 0.018277682537853925 0.002783739967224229 0.023251306961378577 -0.017206059681808172 0.0066067211369443346 -0.0076353207236880844 0.007796339669641798 -0.0066642709837545552 0.034493193111986974 0.026261243003948876 -0.014136748442911301 0.014512465562989157 0.026588309294328955 0.024499534683134233 -0.010945440707280816 0.018398587247848229 0.0012391325735917323 -0.016405457403699687 0.012321714278688514 -0.0079653025658263533 -0.0078022005576080513 0.019719516745493177 0.03225219789917963 -0.005235801600036654 -0.0071777811836335635 0.029370699662811306 0.0084504117333265415 -0.017547442814087464 0.0022495953141385846 0.027069409567091918 -0.0041505371517902429 0.018823714104582084 0.0010798708032770323
leaf_weight=147.71295334398746 330.57608979940414 8.9202553480863553 50.615232184529305 22.788371056318283 13.519542977213858 16.724238693714142 40.839143827557564 107.0010734796524 9.7314495891332609 31.386546954512596 13.654378503561022 55.312000498175621 20.525944352149963 57.53759241104126 59.602217614650726 336.06483054161072 45.988859191536903 75.605319812893867 72.88068425655365 27.79442885518074 11.392577007412909 24.519277557730675 11.383663535118101 26.068262010812759 21.391156375408173 12.342471122741697 45.996159002184868 35.873041808605194 14.361667126417158 18.234929919242859 76.985374167561531 112.2266059666872 67.284733071923256 40.245027467608452 19.176618784666061 73.710915416479111 24.350338786840439 32.171449452638626 22.35908006131649 15.590420499444006 84.664976894855499 36.748908206820488 46.384773045778275 101.73614209890366 33.732630252838135 48.721624240279198 130.44671292603016 53.753783643245697 15.797914192080496 10.133589848875998 83.913302406668663 165.92456223070621 42.504991427063942 45.574953451752663 24.014392107725143 169.77443155646324 9.4556330293416959 30.743507593870163 9.6461685597896558 30.163456186652184
leaf_count=731 1589 44 342 120 76 78 231 781 52 146 65 231 94 273 274 2335 255 444 473 174 54 114 56 116 112 63 239 176 72 92 429 570 347 200 97 311 113 160 108 71 389 179 220 496 171 233 676 257 77 44 404 907 210 211 124 822 48 149 45 147
internal_value=0.000450804 -0.00217081 -0.00500757 -0.0096144 0.00136742 0.0084525 0.00901628 -0.0126674 0.0192325 0.0136245 0.0175395 0.0298301 0.0134851 0.0209477 0.0246226 -0.010203 -0.0113563 -0.0029243 -0.0138253 -0.000814867 0.00276818 0.000815504 0.0161245 0.024034 -9.24984e-05 -0.00707088 -0.000196266 0.00395325 0.0139453 -0.00252178 -0.00560846 0.00356849 0.00123203 -0.000718592 0.00969008 0.0296049 0.00437737 0.00104684 0.00750293 0.0104847 0.0209318 0.00537898 0.00320825 0.00686223 -0.0017484 0.000203761 -0.00418106 0.00419605 0.0127994 0.0127133 -0.000806372 -0.00263047 0.023116 -0.000316859 -0.00253181 -0.000523612 0.00814622 0.00463153 0.00159206 -0.00863161
internal_weight=3424.28 2580.83 1801.2 856.435 186.65 843.455 136.035 669.785 82.8532 439.515 308.799 72.0362 236.763 151.774 73.1218 562.784 530.54 121.594 408.946 944.768 403.94 355.095 48.8445 37.4608 84.9887 53.1816 916.973 328.604 102.863 588.369 390.623 197.746 179.511 225.741 55.0497 94.2369 779.624 379.306 400.318 294.045 93.5852 200.46 184.87 148.121 308.415 274.682 170.692 130.715 70.8918 33.4341 106.272 313.638 56.8667 99.3287 225.96 201.946 32.244 46.5414 23.3005 51.5546
internal_count=18117 14174 10414 5494 1038 3943 696 4456 402 2014 1400 309 1091 678 350 3675 3507 699 2808 4920 1929 1703 226 170 413 294 4746 1670 521 3076 2067 1009 917 1149 273 405 3760 1849 1911 1399 433 966 895 716 1510 1339 876 614 339 154 512 1638 282 468 1106 982 168 226 110 259
is_linear=0
shrinkage=0.0226245


Tree=35
num_leaves=61
num_cat=0
split_feature=0 30 36 37 15 14 15 7 21 33 37 15 37 27 30 30 37 15 8 7 27 37 41 37 37 36 34 43 2 5 8 12 12 6 22 35 34 12 0 43 8 27 27 37 35 30 12 43 25 0 43 41 41 21 43 29 3 33 39 3
split_gain=134.593 90.0369 65.7931 54.4816 55.4015 46.3456 40.0607 38.1131 36.24 30.2133 27.074 45.7648 45.2139 49.6663 24.4861 23.1491 20.8848 47.9777 25.91 20.5016 19.8766 19.7163 23.4572 18.7048 18.236 15.9899 17.6232 15.4988 14.5213 14.047 13.0653 12.6915 12.5202 12.3872 12.3525 12.1477 24.9002 21.0927 16.7218 28.9164 11.9669 16.783 29.6803 19.5902 15.871 18.0132 13.5686 10.8101 10.266 20.2986 11.0729 10.2063 9.97082 9.59943 9.12755 8.83365 8.74971 11.7571 7.79172 16.7617
threshold=0.68677502000000012 0.022640000000000004 0.6674000000000001 -0.33839999999999998 -0.97984999999999989 0.99060000000000015 1.0000500000000001 88.558573142757709 20.820000000000004 0.26495000000000007 -0.55539999999999989 0.96915000000000007 0.31910000000000005 0.018015000000000007 0.0014650000000000002 -0.028734999999999997 0.38785000000000008 -0.99994999999999989 0.022521436000000002 83.370390398411601 0.060260000000000008 0.70555000000000012 0.094349335998409931 -0.22139999999999996 1.0013500000000002 0.67710000000000015 222.50000000000003 0.66500386880168505 0.85401314874769108 -1.6553658843040464 0.073872030000000019 0.11270000000000001 0.079635000000000011 -0.20665187075375799 3.2646000000000002 15.500000000000002 26.500000000000004 0.088410000000000016 0.60100786500000003 0.37472699031772455 -0.025660842999999996 -0.0054849999999999994 0.013795000000000002 -0.28354999999999991 14.500000000000002 -0.030954999999999996 0.18279500000000001 0.15559814325177032 0.66835000000000011 0.22884706500000002 0.24473650559310006 0.32110695813874385 -0.34174778158270119 18.470000000000002 0.32882131688629607 0.022075000000000001 0.82176315717881698 -0.070549999999999988 0.26895000000000008 0.69072608346453601
decision_type=2 2 2 2 2 2 2 2 2 2 2 2 2 2 2 2 2 2 2 2 2 2 2 2 2 2 2 2 2 2 2 2 2 2 2 2 2 2 2 2 2 2 2 2 2 2 2 2 2 2 2 2 2 2 2 2 2 2 2 2
left_child=1 2 19 4 -4 21 8 15 14 10 11 -7 23 25 -6 31 18 -18 -17 30 27 22 47 28 -23 26 -14 35 32 -8 40 -5 -12 -11 -25 37 51 38 39 -3 44 43 -43 -42 45 -1 -46 58 49 -38 -50 -37 -40 -53 -31 -24 57 -39 59 -2
right_child=5 20 3 7 6 9 29 -9 -10 33 12 -13 13 -15 -16 16 17 -19 -20 -21 -22 24 55 34 -26 -27 -28 -29 -30 54 -32 -33 -34 -35 -36 36 48 56 52 -41 41 42 -44 -45 46 -47 -48 -49 50 -51 -52 53 -54 -55 -56 -57 -58 -59 -60 -61
leaf_value=0.016182706252399499 -0.0030113184480048058 0.022919234430883246 -0.019625515965322023 -0.0018339466360127255 -0.0020953191707742138 -0.0032097714571667959 0.016708906869038535 -0.024875608785182211 -0.018212464938560307 0.020511833397972825 -0.011564068522524567 0.038761689089447535 0.018692574991065525 0.035413284662924954 0.02906652623281333 -0.014644886513266933 0.014700724922737196 -0.013848825179739357 0.016824055456369915 -0.019083281210243826 0.025401671236375087 0.024812083028866411 0.0064747747431064279 -0.020572358580306888 -0.0035394264546864539 -0.0098564670242213877 -0.0085644209634746105 -0.010142461485660389 0.031577730264419172 0.0084624875756830475 0.023592864265263958 0.026359442874227201 0.018405017647211547 0.0011835068077966258 0.0010571596705868794 0.020873242147315417 -0.0030165225797204277 -0.0065422865134911259 -0.017006926611074013 0.0064215142891017379 0.017871523075470755 -0.0080718890358295239 0.0026907336095087372 5.8233257101843175e-05 -0.0074791972299453448 -0.0050184522118487673 0.011223522779257531 -0.015907796764682153 0.0026082774530531588 0.015485711635439253 -0.0096837318816740507 0.013414232088390439 0.005682506586074056 -0.013101664054702821 -0.016326371227299807 0.033850643325269401 -0.0094647719712417401 0.012223192154485425 -0.010072317322532439 0.0081903259824435987
leaf_weight=73.568902790546417 169.20206069946289 86.075987532734871 45.487769618630409 22.768290013074875 15.675049886107443 16.704868614673615 8.0726323872804624 105.22237145900726 10.520166099071501 17.146004274487495 13.598092764616014 55.152139037847519 59.275712952017784 63.073198363184929 61.533668905496597 393.81408640742302 46.307383045554161 75.031559526920319 11.546016678214071 27.480383306741714 19.34609916806221 32.758859768509865 13.790615171194078 21.199700370430946 16.253877252340317 16.360105201601982 13.276804551482199 36.931795790791512 10.177141949534414 7.4578029662370673 8.7827091068029386 9.5672329962253553 9.7074993699789029 113.72389413416386 30.176368325948715 38.236151605844498 88.988752365112305 29.098551586270332 13.75780715048313 148.73454906046391 38.437122479081154 326.52611871063709 216.01774367690086 134.34348849952221 67.603157088160515 26.468614876270294 24.828167840838432 19.890305742621422 57.005055293440819 42.616654351353645 101.33909371495247 12.705489680171015 22.041697055101395 9.8033367544412595 37.431749135255814 10.904038071632383 39.554340451955795 34.296896860003471 30.672929584980011 110.69685469567776
leaf_count=352 821 399 316 120 89 78 40 781 57 78 65 231 277 263 282 2750 255 444 58 174 85 149 66 112 77 75 63 190 44 36 41 48 45 536 147 182 438 141 64 718 198 1782 1075 707 337 134 120 98 273 205 504 60 99 46 218 48 191 165 146 524
internal_value=0.000444921 -0.00212587 -0.00491379 -0.00946683 0.00133504 0.00827121 0.00837083 -0.0124871 0.0175394 0.0133327 0.0171703 0.0292577 0.0131942 0.020467 0.0228927 -0.0100392 -0.0111835 -0.00286462 -0.0136357 -0.000795869 0.00427821 0.00271078 0.000800547 -7.68601e-05 0.0157366 0.00908258 0.0135675 0.0036472 0.0124788 -0.00693817 -0.000189266 0.00798706 0.00157263 0.00410468 -0.00848872 0.00438793 0.00134578 0.00721157 0.0104982 0.0126745 -0.000493569 -0.00184257 -0.00379512 0.00425007 0.00447312 0.0105897 -0.00226722 -0.000865184 -0.00145312 0.00317905 -0.00529108 0.0141644 -0.0036565 0.00168859 -0.0119449 0.0208449 -0.00147835 0.00370012 0.000236097 0.00145725
internal_weight=3418.77 2575.02 1794.49 850.436 186.179 843.741 140.691 664.257 87.7289 439.572 308.702 71.857 236.845 151.986 77.2087 559.035 526.699 121.339 405.36 944.056 780.532 404.17 355.157 84.8588 49.0127 88.9126 72.5525 761.186 33.4827 52.9622 916.576 32.3355 23.3056 130.87 51.3761 724.254 350.695 373.56 270.61 234.811 907.793 715.324 542.544 172.781 192.469 100.038 92.4313 330.462 289.95 131.605 158.344 60.745 35.7995 22.5088 44.8896 24.6947 102.95 63.3954 310.572 279.899
internal_count=18117 14174 10414 5494 1038 3943 722 4456 428 2014 1400 309 1091 678 371 3675 3507 699 2808 4920 3760 1929 1703 413 226 415 340 3675 154 294 4746 168 110 614 259 3485 1708 1777 1280 1117 4705 3762 2857 905 943 486 457 1589 1420 643 777 288 163 106 254 114 497 306 1491 1345
is_linear=0
shrinkage=0.0226245


Tree=36
num_leaves=61
num_cat=0
split_feature=30 36 37 29 37 16 13 36 37 27 37 28 1 37 16 37 9 23 21 12 28 39 29 21 13 34 13 31 8 29 7 21 31 36 1 45 31 36 12 14 31 1 12 37 26 13 30 33 33 31 22 28 25 35 14 5 37 33 38 8
split_gain=128.233 74.6669 52.0222 50.0079 48.1513 70.9639 42.085 33.4308 43.9082 45.2698 54.0991 37.4413 31.5123 37.0103 31.3419 30.5438 30.4638 29.6861 28.7826 22.3173 22.0617 21.272 21.0319 20.6014 19.565 19.4142 18.0589 17.3127 16.4785 16.1873 20.2442 15.5105 14.966 14.9365 14.909 14.722 19.4641 17.7168 28.4452 19.8082 16.0603 14.3096 13.2913 19.6717 23.7438 19.0511 14.5704 13.268 14.5663 14.1791 17.8489 13.0991 12.7213 17.8793 12.5753 12.2418 12.1437 11.8156 11.5415 11.3753
threshold=0.018535000000000006 0.67710000000000015 0.54580000000000017 0.017395000000000004 -0.36819999999999992 1.0136500000000004 -0.11684499999999999 0.69480000000000008 -0.5281499999999999 0.014275000000000001 0.38225000000000003 0.0071850000000000013 -0.19679264695244206 0.22715000000000005 1.0136500000000004 -0.12404999999999998 2.5000000000000004 -28.829999999999995 12.850000000000003 0.21223500000000003 0.0095250000000000022 0.099850000000000008 -0.072929999999999981 19.325000000000003 -0.0088949999999999984 156.50000000000003 0.16201500000000002 0.13035000000000002 0.022521436000000002 0.022075000000000001 69.4647404526401 21.510000000000002 0.023480000000000004 0.50325000000000009 -0.49496421915584127 1.9593000000000003 -0.14120499999999997 0.28125000000000006 -0.21796499999999999 2.8578500000000004 0.015435000000000003 -0.079892575686359532 0.25135500000000005 0.26335000000000003 0.99985000000000013 0.11255500000000002 0.027120000000000002 0.045650000000000003 -0.011749999999999998 -0.097164999999999987 2.7696500000000004 0.012495000000000001 0.11510000000000002 22.500000000000004 1.2038500000000003 3.0367501974105839 0.76085000000000014 -0.42084999999999995 1.0000000180025095e-35 0.017014503000000004
decision_type=2 2 2 2 2 2 2 2 2 2 2 2 2 2 2 2 2 2 2 2 2 2 2 2 2 2 2 2 2 2 2 2 2 2 2 2 2 2 2 2 2 2 2 2 2 2 2 2 2 2 2 2 2 2 2 2 2 2 2 2
left_child=1 22 3 4 5 20 -4 29 14 15 11 28 13 24 -9 16 51 -15 -17 26 -3 -5 -1 -22 -6 32 -14 41 -11 30 33 42 -8 34 -2 47 55 39 -39 40 -38 -20 43 44 58 56 -46 48 49 -24 -51 -10 53 -36 -54 -37 -45 -40 -31 -47
right_child=7 2 6 21 12 -7 25 8 9 10 -12 -13 19 17 -16 18 -18 -19 27 -21 23 -23 35 -25 -26 -27 -28 -29 -30 31 -32 -33 -34 -35 52 36 37 38 57 -41 -42 -43 -44 45 46 59 -48 -49 -50 50 -52 -53 54 -55 -56 -57 -58 -59 -60 -61
leaf_value=0.015869619342123657 0.025266026947728865 -0.017813678555257124 0.026611887583348329 -0.00570002102426867 -0.016751984674121458 0.023907632996523747 -0.021724819895685959 0.0037628806830764315 -0.014602566415528815 -0.022869983496572686 0.031070536296650995 0.026521338494199478 -0.019620260506040651 0.027483212166748497 0.03413135388946778 0.023554911140181295 0.032217847500566776 -0.0095339477684572502 0.0061155867119179743 0.017193000969574348 0.012903564262879095 0.029211160052680058 -0.0096451437605225791 -0.022264793859917829 0.016041149195409995 0.0099896308794847222 -0.0072679394152911306 0.01538053854189856 0.0096458588297228236 -0.0041058931245854446 -0.011264284134195569 0.018856196384820782 0.0078558845303557962 -0.017403856533081848 0.023253897288368821 0.002647683506868264 -0.0064980831210974845 0.030597896198467534 0.019774108793403106 0.014826718052701872 0.00092520700457025134 -0.017384050339765988 -0.0051350379095577809 0.0031902437459509262 -0.0011479695235225033 -0.015428199068891044 0.027786974412906222 -0.00080147018906335122 0.025202450485805102 0.0025296493631595065 0.022439468373462827 0.013560664225418408 0.0033638624068206427 -0.0086041992650808981 -0.0067225084347221605 0.021259220032852161 0.033718309226524641 -0.0064948464340223869 0.012955908247403008 0.0022693360822212058
leaf_weight=40.79451622068882 12.357845008373259 63.992710821330547 33.290947124361992 13.320362895727156 70.23843739181757 42.37190192937851 27.83918385207653 25.123692393302917 15.759285122156145 23.710757955908775 64.471983164548874 14.935060501098631 385.32417653501034 24.642847672104836 60.021478906273842 11.407671421766279 21.730842545628548 16.620590373873711 14.27991436421871 7.4426847398281089 28.691068187355995 19.99401281774044 22.440571367740631 8.8398315310478193 8.3435028195381147 28.619174167513847 77.252706505358219 9.2970113009214383 9.4760299324989301 38.514949768781662 61.339592233300209 43.789305031299591 10.503274291753767 15.813727036118506 27.702155441045761 55.809004917740822 507.11417603492737 17.79671074450016 8.1682528406381589 25.949719965457916 209.93165610730648 79.974316745996475 55.240492179989815 12.713374957442285 10.327822312712668 17.31281153857708 53.069653660058975 131.46048450469971 21.347236230969429 68.874894827604294 32.423395186662674 12.611791387200354 262.74608866870403 11.004658177495001 80.20612134039402 24.607915952801704 12.881243601441382 39.436686739325523 37.659060120582581 230.80203251540661
leaf_count=186 58 427 154 64 503 197 155 115 80 113 274 65 2776 167 254 57 93 96 70 39 140 94 109 52 48 152 513 44 43 180 319 194 53 78 131 260 2699 88 41 125 1073 410 257 58 48 83 237 644 106 343 158 56 1285 55 389 114 56 213 171 1096
internal_value=0.000343605 -0.00318524 -0.00823628 -0.0102377 -0.0114828 0.000252127 0.00693493 0.00577375 0.0116205 0.0071174 0.0179827 -0.000319243 -0.0143327 -0.00386284 0.0255887 -0.000476268 0.0137977 0.0129251 -0.00688322 -0.0169624 -0.0100095 0.015912 0.000457901 0.00361955 -0.0128242 -0.00354457 -0.0176154 -0.0107855 -0.0135564 0.00358915 0.000554838 0.00636099 -0.0136389 0.00239038 0.00330588 -0.000119554 -0.00153927 -0.00260407 0.00844652 -0.00360578 -0.00432975 -0.0137476 0.00508461 0.00647681 0.0133031 0.00289318 0.0232288 0.00441206 0.00905933 0.00576221 0.00934848 -0.00198664 0.0024101 0.0142278 0.000968452 0.00888338 0.0204183 -0.00111286 0.00449448 0.000870857
internal_weight=3419.76 2073.48 867.327 767.075 733.76 143.896 100.253 1346.28 362.8 277.655 112.594 48.1218 589.865 119.845 85.1452 165.061 50.1019 41.2634 114.959 470.02 101.524 33.3144 1206.16 37.5309 78.5819 66.9616 462.577 103.551 33.1868 983.481 471.17 512.311 38.3425 409.831 394.017 1165.36 888.814 808.397 65.4017 742.996 717.046 94.2542 468.521 413.281 139.571 273.709 63.3975 276.547 145.086 123.739 101.298 28.3711 381.659 38.7068 342.952 80.4169 25.5946 47.6049 76.174 248.115
internal_count=18158 11789 5630 5116 4958 816 514 6369 1674 1305 495 221 4142 814 369 810 229 263 581 3328 619 158 6159 192 551 360 3289 524 156 4695 2315 2380 208 1996 1918 5973 4613 4239 342 3897 3772 480 2186 1929 636 1293 285 1360 716 610 501 136 1860 186 1674 374 114 254 351 1179
is_linear=0
shrinkage=0.0226245


Tree=37
num_leaves=61
num_cat=0
split_feature=30 36 27 44 17 43 13 1 31 3 1 34 14 21 17 41 3 13 23 45 23 28 44 31 27 21 31 1 21 33 2 34 24 1 13 34 16 36 33 33 7 29 0 1 13 31 34 9 21 8 21 35 30 9 1 25 43 17 35 3
split_gain=122.754 72.0371 42.9509 39.7838 35.526 24.9101 23.6455 27.5029 24.1973 22.7644 22.6812 22.6255 20.1005 24.9137 18.1509 17.4598 16.4036 16.3798 17.2896 15.5492 19.5237 18.141 24.4039 26.5164 15.5838 15.3515 15.5269 23.352 26.0511 22.9606 23.0558 15.3147 13.9613 19.872 13.6291 16.2791 15.446 17.7225 20.2394 15.0575 14.4407 19.0945 13.5262 12.4053 13.7457 12.7385 11.5805 11.5147 11.5861 11.3642 10.3932 13.5338 12.4 9.95498 9.6107 9.56191 9.56176 9.45488 9.05257 8.53272
threshold=0.018535000000000006 0.67710000000000015 0.018245000000000001 0.33550000000000008 1.0267500000000001 0.58439804303574328 0.15419500000000003 -0.19679264695244206 0.032010000000000004 2.3606121817678729 0.15670084003253262 234.50000000000003 0.54400000000000015 20.700000000000003 1.0009500000000002 1.0073184248039737 0.94336037918712201 0.21807500000000005 -46.624999999999993 1.9651000000000003 59.650000000000006 -0.011544999999999998 0.043998240000000001 -0.023534999999999997 -0.010364999999999997 12.115000000000002 0.033565000000000005 -0.22910548934731031 17.765000000000004 -0.055549999999999995 0.24116739477151378 175.50000000000003 -0.050684999999999994 0.025613430232300703 0.86724500000000015 7.5000000000000009 1.0362500000000001 0.22550000000000003 0.46430000000000005 -0.090549999999999978 68.877876352545542 0.022075000000000001 0.71660228000000015 0.19964195869512352 0.10407500000000001 -0.13399999999999998 98.500000000000014 1.5000000000000002 14.905000000000003 0.024350226000000006 12.660000000000002 24.500000000000004 0.032570000000000009 1.0000000180025095e-35 -0.24453419140949448 0.67595000000000016 0.29508643979142823 1.0394500000000002 1.5000000000000002 1.1824502165069515
decision_type=2 2 2 2 2 2 2 2 2 2 2 2 2 2 2 2 2 2 2 2 2 2 2 2 2 2 2 2 2 2 2 2 2 2 2 2 2 2 2 2 2 2 2 2 2 2 2 2 2 2 2 2 2 2 2 2 2 2 2 2
left_child=1 9 4 17 5 6 7 11 -9 15 14 -3 -4 -14 -8 19 -12 18 47 20 -1 53 24 -24 -23 31 29 49 -29 57 -31 -20 33 -7 36 -36 50 40 39 -39 41 -38 -5 44 45 -11 -37 -2 -49 -28 -19 52 -52 59 -17 -50 -47 -27 -55 -21
right_child=3 2 12 42 -6 32 10 8 -10 43 16 -13 13 -15 -16 54 -18 34 25 21 -22 22 23 -25 -26 26 27 28 -30 30 -32 -33 -34 -35 35 46 37 38 -40 -41 -42 -43 -44 -45 -46 56 -48 48 55 -51 51 -53 -54 58 -56 -57 -58 -59 -60 -61
leaf_value=0.0032480874337490963 -0.0138191866274672 -0.0041628057588981929 -0.015831241397465851 0.0024846701930269855 0.018548565030746558 0.025292046754945053 0.021080949945255948 -0.014675741822607166 0.0087319568013501329 0.022376281727682367 -0.020307583854908152 0.027029272490238454 0.019909275175315523 -0.014820680302079173 -0.0043307825848939172 0.006085364942151162 0.0061327977632458178 0.0086320300185626989 -0.020071553287752921 -0.013327266693547458 0.0299279030406161 0.0047080737765721904 0.032706645354220833 -0.0018566496815287943 -0.0057664618630515023 0.00065877923262528976 0.030554141524486312 -0.0042217836870079833 0.0091739473528813509 0.004954674283326241 0.020359934381090863 0.012636461257938761 -0.021315194615283056 -0.014113250713826846 -0.0023905280504418025 0.025967897121253698 -0.0037510710969759281 0.00075146621956781923 -0.0068701638130966077 0.034439649137696537 -0.0060919017533069657 0.014452884978748564 0.026278411823577454 -0.0091492241221379032 0.032090623193075041 -0.011330406176097142 -0.00082543390704427409 0.022490580028977185 0.010620042209283406 0.0079269963526527633 -0.00037019092167171492 0.010377459084066853 -0.015920372132397862 -0.0057925800555386573 -0.017906524915759187 -0.01005428774051585 0.013166875085493338 0.01995246061285573 0.011402442378344466 0.0097676221284815588
leaf_weight=295.15682549774647 29.222253546118736 114.89111442863941 12.251521304249762 16.083924531936646 19.705483198165894 6.3853214085102108 33.132367536425591 360.6899306178093 22.261181622743607 17.111574798822399 26.939354591071606 10.352636501193045 50.850215584039688 10.912707835435866 22.551007375121117 9.188596770167349 18.303720235824585 19.377265051007271 17.05287961661816 20.113621562719349 11.933039978146551 82.486029058694839 16.786236152052879 26.195274710655212 509.65273140370846 99.731726944446564 21.165342226624489 147.55472415685654 144.3142097890377 74.015486061573029 164.4930452555418 9.1438505649566633 132.75820502638817 19.552265554666519 29.479483887553215 29.535176172852516 55.34570699930191 9.6023950576782244 13.114498451352118 21.445847615599632 95.297340735793114 58.008286684751511 58.414653554558754 9.7024648487567884 17.074699729681015 16.626918852329261 10.843571603298185 9.5573419332504255 15.816214606165884 26.875907510519028 39.165929093956947 15.330103054642676 77.574286729097366 16.750934183597565 39.095935612916946 26.829340562224388 11.13454809784889 12.096334934234617 96.726264655590057 10.174404576420782
leaf_count=1460 142 748 65 75 106 37 172 2462 132 74 178 66 249 69 129 47 98 94 87 98 56 406 83 142 2719 471 98 716 670 350 747 43 983 136 141 140 273 47 63 98 467 270 246 46 81 76 52 46 78 123 193 75 380 81 216 130 54 54 470 50
internal_value=0.000343259 -0.00311762 -0.00810225 0.00565251 -0.00965245 -0.0104431 -0.00829241 -0.0102693 -0.0132598 0.00045441 0.00167042 -0.00103244 0.00813466 0.0133843 0.0110838 -0.000340661 -0.00988491 0.00468214 0.00665605 0.00026721 0.00455445 -0.0014337 -0.00307827 0.012853 -0.00429154 0.00777639 0.00842844 0.00491935 0.00242673 0.0117649 0.015696 -0.00853346 -0.0184019 -0.00284789 0.00134013 0.0103552 -0.000280199 0.00313326 0.0156757 0.024973 0.000300471 0.00569249 0.0214264 0.0125657 0.0162233 0.00860765 0.0191983 -0.00313021 0.00326458 0.019065 -0.00593032 -0.00820616 -0.0108385 0.00574895 -0.0132548 -0.002199 -0.00118954 0.00319629 0.00878325 -0.00539382
internal_weight=3413.93 2067.45 861.537 1346.49 787.523 767.817 609.121 508.195 382.951 1205.91 100.926 125.244 74.0144 61.7629 55.6834 1134.26 45.2431 1271.99 797.869 1085.98 307.09 778.885 635.12 42.9815 592.139 716.444 690.247 339.91 291.869 350.337 238.509 26.1967 158.696 25.9376 474.12 69.8582 404.262 252.814 44.1627 31.0482 208.651 113.354 74.4986 71.6502 61.9477 44.873 40.3787 81.4252 52.2029 48.0412 151.448 132.07 116.74 143.765 48.2845 42.6456 27.7615 111.828 113.477 30.288
internal_count=18158 11789 5630 6369 5247 5141 3985 3408 2594 6159 577 814 383 318 301 5828 276 6048 3755 5565 1516 4049 3350 225 3125 3359 3229 1607 1386 1622 1097 130 1156 173 2293 333 1960 1218 208 145 1010 543 321 331 285 204 192 396 254 221 742 648 573 699 263 208 130 525 551 148
is_linear=0
shrinkage=0.0226245


Tree=38
num_leaves=61
num_cat=0
split_feature=30 36 37 28 37 27 37 26 27 1 15 27 30 30 37 37 16 1 37 28 1 5 6 5 23 43 27 12 12 35 37 37 14 29 5 8 35 43 6 2 12 6 13 27 41 13 1 1 23 12 34 8 35 25 13 37 12 9 16 22
split_gain=119.991 102.131 61.2292 51.9948 90.7975 43.416 38.7712 91.1068 49.8134 46.3241 35.0609 27.8212 24.8007 23.3535 34.0382 23.1139 22.8464 23.1442 22.2709 20.1239 19.7025 19.2641 18.4128 18.3263 18.2759 18.2336 17.4542 38.2378 28.3009 21.3904 21.5955 19.4222 16.5527 20.49 25.7867 18.7176 16.3272 16.0755 15.2675 14.5599 13.9125 13.8285 13.7666 13.6136 14.1715 13.5963 17.1516 13.4897 14.7906 16.1768 14.1908 12.7714 19.4591 18.6354 12.8287 12.7426 12.5651 12.4788 12.4216 12.0378
threshold=0.016635 0.98440000000000005 0.54580000000000017 0.0079750000000000012 -0.25479999999999997 -0.00056499999999999986 -0.54059999999999986 0.61325000000000007 0.021605000000000003 -0.22033848987020882 1.0000500000000001 0.013795000000000002 0.023020000000000002 0.049765000000000011 -0.21609999999999999 0.20775000000000002 1.0081500000000003 0.15670084003253262 1.3158000000000001 -0.04133499999999999 -0.063748963424911792 3.8716188669204716 0.055791037664930758 0.45119319856166845 52.435000000000009 0.39436240420190288 0.015235000000000002 -0.071419999999999983 0.062210000000000008 15.500000000000002 0.33825000000000005 -0.29709999999999998 1.1908500000000004 0.020145000000000007 1.393142104148865 0.023558348500000003 29.500000000000004 0.22705350786579945 -0.011604133242586849 0.22956703466448594 0.026765000000000004 0.082459780549800757 -0.28144499999999995 0.037510000000000009 0.53504405798634169 -0.35565999999999992 0.047132213356383457 0.17369753855944767 66.665000000000006 -0.21277999999999997 17.500000000000004 0.0074535907000000011 9.5000000000000018 0.31875000000000003 0.17397000000000004 -0.51034999999999986 0.16193500000000002 1.5000000000000002 1.0233500000000004 2.3343000000000003
decision_type=2 2 2 2 2 2 2 2 2 2 2 2 2 2 2 2 2 2 2 2 2 2 2 2 2 2 2 2 2 2 2 2 2 2 2 2 2 2 2 2 2 2 2 2 2 2 2 2 2 2 2 2 2 2 2 2 2 2 2 2
left_child=1 19 3 21 10 20 7 45 9 15 16 38 51 14 56 24 17 -5 59 -1 -6 -3 26 -17 -8 -7 27 29 55 30 -21 42 33 34 -14 -35 -31 -12 -4 -9 -13 -22 -28 44 -15 -2 -47 48 49 -24 -49 52 54 -53 -11 -29 -10 -25 -18 -16
right_child=6 2 11 4 5 25 8 39 13 12 37 40 32 43 18 23 58 -19 -20 22 41 -23 47 57 -26 -27 31 28 -30 36 -32 -33 -34 35 -36 -37 -38 -39 -40 -41 -42 -43 -44 -45 -46 46 -48 50 -50 -51 -52 53 -54 -55 -56 -57 -58 -59 -60 -61
leaf_value=0.01182179187456653 0.012911630732726114 -0.019577680266084755 0.010012572517252339 0.020492662792497948 0.014676944130946282 0.028100924580945503 -0.0082667659255786161 0.012198772040113683 -0.013396296284768886 0.022341116614978614 0.017660326343245721 0.0035791310639941573 0.0044788503454050027 0.0055995087411850426 0.012458168240742416 0.035678140372953179 0.040405646301328133 -0.013283809477977642 0.00098262661977627751 0.0092300077719357394 -0.022150873074316454 -0.0032656147018211147 -0.0094654376863827355 0.026824975409593357 0.024003560714411822 -0.0071952361436725875 0.001088226461929581 0.006296888807549042 -0.0025292738918758226 -0.0079650722873733232 -0.0030691242959370655 0.0082524118396450699 -0.0041706993803609016 0.023707246396593811 -0.0095205302221663679 0.0056449429846707824 0.015839360347427583 -0.013586937262288065 -0.014593443895806777 0.035084082571795586 0.034398015761651211 0.0070700275801304649 -0.015167668615549636 0.01474621026789077 -0.015325523392490235 -0.012834237968232009 0.0053782075040155744 0.011426802038172763 -0.010686151744062998 0.018532824279979352 -0.0057469403963008479 0.013394928041644185 -0.011122372671940261 -0.017137950161205506 -0.0055742208304176205 -0.020962816015667071 0.013903950636320691 0.0033377939795151989 0.0093888854537752166 0.035153009584450813
leaf_weight=72.628867715597153 36.565894097089767 334.84541443735361 22.432975992560387 21.614025309681892 6.5476045906543723 12.905927345156671 30.795116797089577 22.698935076594353 17.446989268064502 18.696693778038028 8.505701541900633 12.27894653379917 196.00543795526028 47.574729785323143 20.080025538802147 27.215244054794312 24.600023150444031 15.427882462739943 16.165500149130821 165.76442097127438 147.50378859043121 43.076050415635109 10.375686421990393 15.790533900260924 9.3576260507106763 12.455239370465277 96.262366414070129 8.279635548591612 102.91260792315006 165.3279727101326 126.95936506986618 162.62329398095608 203.31185778975487 34.317323580384254 98.941346630454063 154.94708849489689 13.48696009814739 31.023148238658905 23.569221064448357 72.515082523226738 19.873968198895454 7.4833040982484809 33.81182536482811 40.818310558795929 21.795180782675743 44.340984299778938 57.628742858767509 34.782125040888786 11.077594667673109 76.367221012711525 68.231448456645012 9.4230934679508191 40.594170048832893 85.181293681263924 12.247995525598524 105.80708774924278 12.137583345174788 33.064288392663002 11.53909859061241 61.0778499096632
leaf_count=334 168 2497 118 111 36 65 152 101 82 92 41 57 959 221 93 123 106 86 74 825 1102 271 51 72 43 79 472 48 559 862 642 789 989 159 494 723 69 184 144 306 85 45 172 183 102 213 265 172 62 373 339 46 215 455 61 650 57 152 52 258
internal_value=0.000107305 -0.00346212 -0.0100157 -0.0122021 -0.00509181 -0.0146793 0.00508499 0.0134658 0.00343361 0.00114643 0.0107756 0.00869659 -0.000695491 0.0126631 0.0191848 0.0143639 0.0197861 0.00648147 0.0254819 0.000498956 -0.0189718 -0.0177574 -0.000223898 0.0214709 0.000361389 0.0118043 -0.00150498 -0.00346844 -0.0112597 0.000163821 0.00391781 0.00310256 0.00120862 0.00347866 -0.000264146 0.0092276 -0.00594604 -0.00611735 -0.00271173 0.0301489 0.0238956 -0.0206363 -0.00337537 0.00485325 -0.00132511 0.00161752 -0.00267689 0.00596768 0.0118556 0.0149864 0.000205376 -0.00846082 -0.00115198 -0.0137895 0.01176 -0.0188777 -0.00195492 0.0120044 0.031932 0.0301599
internal_weight=3451.12 2010.38 755.682 677.527 299.606 186.896 1440.73 233.75 1206.99 969.889 112.71 78.1551 853.666 237.096 126.908 116.223 73.181 37.0419 97.3234 1254.7 161.535 377.921 1182.07 76.0701 40.1527 25.3612 981.236 688.538 216.999 471.539 292.724 292.697 687.523 484.211 294.947 189.264 178.815 39.5288 46.0022 95.214 32.1529 154.987 130.074 110.188 69.3699 138.536 101.97 200.834 97.8205 86.7429 103.014 166.143 71.5389 94.6044 30.9447 114.087 29.5846 48.8548 36.1391 81.1579
internal_count=18356 11498 5079 4675 1907 1327 6858 1053 5805 4735 580 404 4193 1070 564 542 355 197 425 6419 1183 2768 6085 347 195 144 5088 3655 1257 2398 1467 1433 3324 2335 1453 882 931 225 262 407 142 1147 644 506 323 646 478 997 486 424 511 869 368 501 153 698 139 224 158 351
is_linear=0
shrinkage=0.0226245


Tree=39
num_leaves=61
num_cat=0
split_feature=30 36 37 28 37 5 37 26 7 37 28 29 5 29 5 7 16 16 15 3 37 37 28 7 5 2 44 12 2 45 12 35 29 30 30 25 7 9 3 2 30 2 3 29 45 3 13 9 12 35 16 12 16 13 30 41 5 14 7 2
split_gain=114.973 98.5234 59.2153 50.7976 87.7374 37.41 37.1229 87.4581 36.7951 59.1706 32.4808 26.0714 23.271 21.7491 25.0596 26.2352 21.1729 21.0069 20.9762 20.593 20.4611 20.4178 21.4809 20.0317 18.9269 18.7715 18.55 17.4737 17.2025 15.9822 18.7059 21.7931 20.1812 15.9593 19.3324 15.7262 15.6057 15.5996 15.4881 14.7464 14.1586 14.1253 13.324 15.5183 13.851 12.8245 12.622 12.5324 12.5211 11.4634 62.2325 20.0261 11.3013 10.6771 10.2033 10.4042 10.0861 9.80232 10.3192 11.5737
threshold=0.016635 0.98440000000000005 0.54580000000000017 0.0079750000000000012 -0.23454999999999995 -0.18339703232049936 -0.54059999999999986 0.61325000000000007 26.738945551571906 0.23710000000000001 0.017205000000000002 0.0090700000000000017 8.6913485527038592 0.020145000000000007 1.393142104148865 68.877876352545542 1.0081500000000003 0.99415000000000009 0.97645000000000015 2.3606121817678729 -0.30564999999999992 0.9789000000000001 0.084100000000000022 82.678746435778507 3.8716188669204716 0.81435444351045383 0.042407600000000011 -0.32215999999999995 0.15032005316730213 1.9819000000000002 0.09666000000000001 5.5000000000000009 0.015825000000000002 0.029380000000000003 0.051815000000000007 1.0783500000000001 75.203367955770304 1.5000000000000002 0.4413530311522757 0.67212657153703592 0.020060000000000005 0.22956703466448594 0.99638277992112168 0.064765000000000017 1.9819000000000002 0.52346658564629822 -0.33128499999999994 4.5000000000000009 -0.27205499999999999 3.5000000000000004 0.87045000000000006 0.12190500000000001 0.99615000000000009 0.18901000000000004 -0.024544999999999994 -0.1774190886095515 -3.469452857971191 0.85590000000000011 49.440235899178653 0.36761799581492677
decision_type=2 2 2 2 2 2 2 2 2 2 2 2 2 2 2 2 2 2 2 2 2 2 2 2 2 2 2 2 2 2 2 2 2 2 2 2 2 2 2 2 2 2 2 2 2 2 2 2 2 2 2 2 2 2 2 2 2 2 2 2
left_child=1 19 3 24 5 16 7 42 9 12 -7 38 -8 14 20 46 17 -5 39 23 35 26 -23 25 -3 29 33 56 -11 49 32 -32 -31 53 -35 37 -29 -10 -6 57 -30 -9 44 -44 45 -2 -16 -47 -48 50 -1 -51 -13 -15 -26 -56 -22 -4 59 -59
right_child=6 2 18 4 11 10 8 41 13 28 -12 52 -14 21 15 -17 -18 -19 -20 -21 27 22 -24 -25 54 -27 -28 36 40 30 31 -33 -34 34 -36 -37 -38 -39 -40 -41 -42 -43 43 -45 -46 47 48 -49 -50 51 -52 -53 -54 -55 55 -57 -58 58 -60 -61
leaf_value=-0.015133918027253675 -0.0034242664187712122 -0.01939369264946679 0.024535669764426074 0.028313784460891507 0.0087951127971590999 -0.011625055885820263 -0.022192455458188324 0.01192447755967924 0.0018720008576423508 -0.0028896716103450392 0.025782128904059981 0.019628711233401944 0.015880943500580759 -0.011094360716259331 0.02011550153670591 -0.019684442235542374 0.033595057778479091 -0.0097245153084797222 -0.010656335458067167 0.011510954314955879 -0.0022967360312380596 -0.0061399947420459934 0.018445813178975555 -0.019330338422593917 0.016751766736999293 0.0080022424872654308 0.020100326612871838 0.00013889467996210922 0.0057419416454698091 -0.0089006280748084154 -0.011926734230284664 0.0069363831739112291 0.001380602368836201 0.017366911065076329 0.0041933380206516562 -0.0041649096897849536 -0.018562182774591682 0.03265223114402329 -0.020625242763084969 0.031603826839619924 0.033322779126076396 0.034425140129960785 -0.013097636985031571 0.014918013106433071 -0.0072383905698670545 0.025495984642099366 0.010702879680141922 -0.00085217956881466779 -0.0066460224051041704 -0.0030755705314812029 0.024248599336325793 0.0094561603693064343 -0.0061026057298535956 0.0082716997119619603 0.011263793996073577 -0.014876968598801209 0.021941081610254043 0.024691372722568033 -0.013177484588638084 -0.0066096533388709635
leaf_weight=29.99123215675354 17.817362383008003 330.45215799659491 9.1212872862815839 9.510479077696802 8.2407330423593503 46.314512938261032 22.014067083597187 22.761517852544785 12.798923313617705 9.2947776913642866 12.796154931187628 10.660705387592314 9.7954543679952604 39.30943164229393 9.2784110754728299 57.468120470643044 33.169995382428169 16.041672855615616 19.559671059250832 78.25546433031559 12.085516124963759 111.15970887243748 18.783375158905983 24.678185552358627 7.6451590210199347 135.47557181119919 53.656109437346458 253.79566170275211 12.827153936028479 301.26543526351452 37.02398219704628 144.74745352566242 142.96028104424477 80.43550206720829 189.52843488752842 14.122680872678755 22.202249124646187 24.063907638192177 138.86564876884222 16.531970620155334 60.153734803199768 72.288997888565063 42.573579177260399 10.419344678521155 23.293752536177635 32.180262565612793 22.785698071122169 12.2971044331789 126.77132993936539 216.93316012620926 53.114923760294914 89.962537780404091 22.024259679019451 19.721308186650276 8.1428792625665647 27.206064820289612 25.011827304959297 9.9894351214170474 13.353406265377997 9.5709339976310712
leaf_count=155 83 2497 44 50 50 272 109 101 59 44 57 54 43 186 45 312 146 89 114 361 57 526 83 165 42 649 241 1263 62 1652 189 723 715 372 887 70 130 109 1056 71 255 306 200 46 112 146 108 59 635 1109 256 445 133 93 49 180 116 48 78 49
internal_value=0.00011003 -0.00339327 -0.00986793 -0.0120371 -0.00499425 0.0100313 0.00497918 0.0131823 0.0033637 0.0154276 -0.00270209 -0.0148447 -0.0101214 0.00206707 -0.000932415 -0.0069812 0.0223742 0.00587267 0.00852899 0.000487538 0.00268791 0.00544942 -0.00226176 -0.000272343 -0.0175686 0.000183515 0.00806537 0.000467373 0.0253137 -0.000878805 -0.00311313 0.00296759 -0.00560439 0.00594448 0.00826092 0.0155666 -0.00154239 0.0228792 -0.0188393 0.0151364 0.028879 0.0295483 0.00158249 -0.00710211 0.0070161 0.012431 -0.00211514 0.0186039 -0.00384987 0.00270404 0.0100052 0.000651923 0.00320346 -0.00454018 -0.00320215 -0.00845858 0.0144498 0.00704196 0.00060332 0.0104971
internal_weight=3444.3 2003.61 749.197 671.07 297.624 117.833 1440.7 233.632 1207.06 114.085 59.1107 179.791 31.8095 1092.98 580.384 216.304 58.7221 25.5522 78.1267 1254.41 364.081 512.594 129.943 1176.15 373.446 1151.47 382.651 313.095 82.2757 1016 625.997 181.771 444.226 328.995 269.964 50.9855 275.998 36.8628 147.106 58.567 72.9809 95.0505 138.581 52.9929 85.5885 62.2947 158.835 44.4774 149.557 390.002 83.1062 306.896 32.685 59.0307 42.9941 35.3489 37.0973 42.0351 32.9138 19.5604
internal_count=18356 11498 5079 4675 1907 614 6858 1053 5805 513 329 1293 152 5292 2904 1100 285 139 404 6419 1804 2388 609 6058 2768 5893 1779 1566 361 5244 3279 912 2367 1538 1259 238 1393 168 1106 290 317 407 646 246 400 288 788 205 743 1965 411 1554 187 279 271 229 173 219 175 97
is_linear=0
shrinkage=0.0226245


Tree=40
num_leaves=61
num_cat=0
split_feature=29 37 28 37 8 28 26 8 15 13 7 31 1 16 44 26 8 3 7 37 37 15 15 37 4 35 35 35 12 5 22 21 16 3 41 37 7 6 12 21 6 28 35 28 28 13 35 16 39 28 37 37 41 37 22 22 4 0 34 34
split_gain=94.8927 70.2332 153.022 113.543 83.5739 77.3903 65.009 55.9142 44.5672 37.2646 30.241 31.4914 30.8696 29.8099 27.9905 26.7216 25.6098 24.9007 23.5921 21.6014 20.8745 49.6963 33.2335 19.7593 21.538 19.6974 19.1981 22.8348 23.9686 18.3475 20.1127 16.5621 16.2871 16.2102 16.2083 16.188 15.9506 20.7457 15.2599 14.5665 14.4821 14.4632 13.3776 13.3251 13.1658 13.0845 12.7848 13.0523 12.4749 12.4136 14.852 12.0672 32.624 11.9638 14.4573 11.8507 11.7925 11.3476 11.3243 11.1514
threshold=0.019635000000000003 -0.37499999999999994 0.013855000000000001 0.44980000000000003 -0.014396220499999999 -0.010334999999999999 -0.99954999999999983 0.022521436000000002 -0.98124999999999984 0.26399500000000004 75.203367955770304 0.015435000000000003 -0.0014290534742276999 -1.0495499999999998 0.12095000000000002 0.79275000000000018 0.0063019096500000005 0.96683494913996215 91.052125537465884 0.88110000000000011 0.26335000000000003 0.9658500000000001 -0.92499999999999993 0.48065000000000008 3.5000000000000004 7.5000000000000009 26.500000000000004 15.500000000000002 0.10694500000000001 -1.1540952920913694 2.1752500000000006 17.765000000000004 1.0293500000000002 0.53489052911137436 0.43413536397120428 -0.71734999999999982 29.136244555902405 -0.028671127345950898 -0.15169499999999997 18.810000000000006 0.14404709090098164 0.018600000000000002 3.5000000000000004 0.022165000000000001 0.011695000000000002 0.19406500000000002 3.5000000000000004 -0.93674999999999986 0.088750000000000009 0.016705000000000001 0.26335000000000003 -0.55539999999999989 -0.19108470980997397 0.38785000000000008 1.8022500000000001 2.7851500000000002 2.5000000000000004 0.39386375500000004 225.50000000000003 203.50000000000003
decision_type=2 2 2 2 2 2 2 2 2 2 2 2 2 2 2 2 2 2 2 2 2 2 2 2 2 2 2 2 2 2 2 2 2 2 2 2 2 2 2 2 2 2 2 2 2 2 2 2 2 2 2 2 2 2 2 2 2 2 2 2
left_child=1 2 8 4 26 6 42 9 55 13 11 23 16 31 20 -4 -13 48 -15 49 22 -22 39 24 -7 32 27 36 -29 35 -31 -6 -23 -30 53 -10 -3 -38 59 46 -34 44 -5 -27 -40 -32 -2 56 -11 50 -16 -17 -53 54 -9 -1 -48 -19 -41 -24
right_child=14 3 15 5 7 10 -8 34 29 17 -12 12 -14 18 19 51 -18 57 -20 -21 21 25 38 -25 -26 43 -28 28 33 30 45 -33 40 -35 -36 -37 37 -39 41 58 -42 -43 -44 -45 -46 -47 47 -49 -50 -51 -52 52 -54 -55 -56 -57 -58 -59 -60 -61
leaf_value=-0.0069772219985836641 -0.016962369497247706 -0.018297589832919257 0.0018568816450778968 -0.0088998528368952248 -0.0064933683123000897 -0.0089016420689635462 0.031549610271057259 -0.0097631882803909612 0.00090161030901530885 0.0023985571456871585 -0.023394830325302429 0.030787240034176166 -0.0035083904905819289 -0.013077258836901341 0.00048129967949630251 0.035923932693800294 0.0050212466124841286 0.0025993366084840347 -0.024929404871190153 -0.0018737871854907604 0.026537208125690645 0.015739489817969951 0.0024690594059075784 -0.007799061951070262 0.03487315533696745 -0.013729846839448967 0.025943121261075012 -0.01414672667368375 0.027636306113868209 0.012743143923813984 -0.012910512781974436 0.023268742753211981 -0.0089811225147322041 -0.0022311850561907254 0.015139639503407555 0.017256221710592788 0.018339733843514193 -0.00030249432238566135 0.022718107497563259 0.013779564347067806 0.017956341502104026 0.029736057602934237 0.0089711922692701854 -0.0015652244816843281 0.00013665641791925728 0.0083646149463577867 -0.0050821676513181334 -0.011912887042743887 -0.01503413736033115 0.029705374210731657 0.029108952515445166 -0.011281246454946122 0.031443476515992212 -0.02152342523913937 0.0072689847882456797 -0.02199886674884962 0.0096763995114329034 0.031614029340059364 -0.0093378393040363626 0.020399246738712091
leaf_weight=64.533042848110199 19.752843573689461 7.9647569954395285 20.102007627487183 25.639154210686684 20.009429186582565 8.9787791073322296 77.704316645860672 37.889426529407501 61.118103057146072 43.195477619767189 27.188964560627937 36.159489765763283 62.162638574838638 743.99969421327114 25.339273691177368 73.580399990081787 42.703754171729088 13.370844870805742 99.850360289216042 24.252220883965492 33.758145838975906 54.226515546441078 60.726225793361664 181.4581553786993 9.5013121217489243 53.267514675855637 16.432896614074707 61.416819676756859 11.344289198517798 27.374928072094917 68.868150264024734 13.941402159631251 36.44962865114212 25.723308622837067 36.253609389066696 60.640870198607445 71.028900176286697 51.926180474460125 24.116953819990158 69.177573382854462 10.936360746622084 50.441651687026024 86.725547075271606 262.81521688401699 25.948874533176422 16.490247547626495 40.116386771202087 27.758485585451126 36.808271087706089 46.631141349673271 11.832194223999975 11.99227601289749 24.135262608528137 10.861759975552557 65.284296721220016 48.854722045361996 77.263696745038033 12.730258569121359 10.677116990089415 22.788963496685028
leaf_count=344 96 44 95 123 102 54 342 190 302 223 167 169 318 4812 116 315 214 70 760 112 149 255 284 969 51 267 83 320 58 139 392 80 173 128 179 292 347 261 112 314 51 219 409 1258 121 85 191 131 202 201 52 60 103 55 321 316 359 62 50 105
internal_value=0.000158509 -0.00225758 0.00549012 -0.00417237 -0.00765051 0.00442137 0.0160283 -0.0102382 -0.00237587 -0.0121968 -0.00164927 0.000266952 0.00835903 -0.0137229 0.00605425 0.0261626 0.0175066 0.000457441 -0.0145601 0.016787 0.00468603 0.00127579 0.00824406 -0.00547856 0.0152781 -0.0009343 0.00426829 0.0024119 -0.00572278 0.00326659 -0.00327454 0.0065952 0.00759779 0.00824829 0.00257228 0.00925834 0.00852269 0.0106407 0.0154321 0.0027223 -0.00208862 0.0213105 0.00477234 -0.00372119 0.0116611 -0.00866089 -0.00114567 0.00129628 -0.00586658 0.0220698 0.0110378 0.0304541 0.0174762 -0.00169873 0.00091837 -0.0138358 0.00463147 0.0184931 0.0104702 0.00788089
internal_weight=3404.22 2415.94 477.69 1938.25 1380.03 558.222 190.069 1134.19 347.88 983.906 368.153 340.964 141.026 877.801 988.277 129.81 78.8632 106.105 843.85 108.055 880.222 451.453 428.769 199.938 18.4801 417.695 245.837 229.404 98.4844 234.492 112.733 33.9508 101.613 37.0676 150.289 121.759 130.92 122.955 184.023 244.746 47.386 100.507 112.365 316.083 50.0658 85.3584 164.891 145.139 80.0037 83.8026 37.1715 109.708 36.1275 114.035 103.174 113.388 117.38 26.1011 79.8547 83.5152
internal_count=18172 13556 2443 11113 8297 2816 874 7056 1870 6311 1942 1775 701 5754 4616 573 383 557 5572 481 4135 2153 1982 1074 105 2004 1241 1158 506 1210 616 182 479 186 745 594 652 608 841 1141 224 452 532 1525 233 477 777 681 425 369 168 478 163 566 511 660 550 132 364 389
is_linear=0
shrinkage=0.0226245


Tree=41
num_leaves=61
num_cat=0
split_feature=29 37 28 37 27 8 8 15 13 16 12 37 15 39 36 26 3 21 30 39 5 27 22 22 33 37 29 13 25 35 35 12 33 21 22 33 37 22 12 35 41 33 27 0 33 35 33 43 25 6 29 43 37 25 13 16 6 13 28 37
split_gain=90.7893 67.4367 146.918 110.067 97.0376 80.0196 54.0218 43.5688 36.0924 31.76 28.6825 26.946 26.7985 26.6065 25.7058 24.9454 24.0058 21.6816 20.4714 26.4182 20.4319 20.3771 19.8162 19.5778 18.6732 18.6092 18.299 19.7896 18.1062 17.7097 20.6378 19.7139 17.2724 17.1384 17.5273 18.1438 16.8243 16.1897 16.1846 16.1511 15.5781 15.5407 14.8142 24.9038 14.4912 14.1731 13.6076 13.3856 24.3798 16.1264 17.2229 14.188 13.2454 32.5375 13.0962 12.6427 12.394 13.082 11.592 11.5483
threshold=0.019635000000000003 -0.36819999999999992 0.013855000000000001 0.44980000000000003 0.016695000000000005 -0.014396220499999999 0.022521436000000002 -0.98124999999999984 0.26399500000000004 -1.0495499999999998 0.022820000000000003 0.92170000000000007 -0.99594999999999989 0.16625000000000004 0.94635000000000014 0.79275000000000018 0.96683494913996215 18.365000000000006 0.0091600000000000015 0.14145000000000002 -1.1540952920913694 -0.016084999999999999 6.2347500000000009 2.1752500000000006 0.11040000000000001 0.70555000000000012 0.0035750000000000005 0.085450000000000012 0.34110000000000007 26.500000000000004 15.500000000000002 0.10694500000000001 -0.24219999999999997 20.305000000000003 6.7595000000000001 -0.59194999999999987 -0.71734999999999982 1.2708000000000002 -0.0070349999999999987 2.5000000000000004 0.43413536397120428 -0.087149999999999991 -0.0071149999999999989 0.68677502000000012 0.018300000000000004 24.500000000000004 1.4427500000000002 0.30272548403426475 0.22305000000000003 -0.090593160228664885 0.035315000000000006 0.33978390571826678 -0.55539999999999989 1.1053500000000003 0.19406500000000002 -0.99464999999999992 -0.10393389898685558 0.49054500000000006 -0.0027449999999999996 0.38785000000000008
decision_type=2 2 2 2 2 2 2 2 2 2 2 2 2 2 2 2 2 2 2 2 2 2 2 2 2 2 2 2 2 2 2 2 2 2 2 2 2 2 2 2 2 2 2 2 2 2 2 2 2 2 2 2 2 2 2 2 2 2 2 2
left_child=1 2 7 5 12 21 8 58 9 41 -6 14 18 26 33 -4 45 -15 25 -20 36 -3 -11 -22 -19 -5 -14 -28 -16 30 32 -32 -23 37 35 -35 -9 56 46 -27 59 -7 43 -30 -38 -10 -13 49 -49 -39 -51 -50 -17 -54 -25 -21 -2 -58 -1 -8
right_child=11 3 15 4 10 6 40 20 16 22 -12 38 13 17 28 52 -18 24 19 55 23 29 -24 54 -26 39 27 -29 42 -31 31 -33 -34 34 -36 -37 44 47 -40 -41 -42 -43 -44 -45 -46 -47 -48 48 51 50 -52 -53 53 -55 -56 -57 57 -59 -60 -61
leaf_value=-0.018939138735072088 0.01513255388045546 -0.012631826695077755 0.0018190100521977913 -0.01174351419558646 0.001565553121048496 -0.0080142804631748912 0.00083275317056497251 0.0008818107012618779 -0.0094253350268414717 -0.015036573053228223 0.03144133389283818 -0.0087519043448991436 -0.0050024264973619189 -0.017754306604731519 -0.0058357128930679415 0.035218239900876351 0.018038694032499789 -0.011298953629842347 -0.0046325712208928052 0.0080120096242841613 0.012119101165165475 0.022034134243950565 0.0065476417715296612 -0.013103800965599403 0.014351707766940541 -0.012575915104528037 -0.0070897913877534489 0.015916409489230326 -0.016136253574906036 0.028637619184817244 -0.01242628146703619 0.0086678734747012449 0.0038516309548067831 -0.0028003282874451058 -0.010381771269272339 0.020437410838069547 0.025465840833457907 -0.0021220416667344145 0.014592742647833484 0.013340779150725858 0.014737039382664843 0.020967096855504228 0.027106007147370031 0.024401545732424267 0.0029678278834989972 0.017647139894387303 0.0043875803321525029 0.014170981054027622 -0.016649312642245194 0.017906931303390078 0.005740789706991125 0.00020357591020624707 0.030996185379790493 -0.0097248837090167101 0.0078065175004985964 0.041304923737543416 -0.013460939622661082 0.01207137343652037 -0.0039664224332867813 -0.021302466544016282
leaf_weight=72.41331397742033 10.230856433510779 29.840202987194061 20.116322860121727 31.058110378682613 21.41869267821312 15.658989012241362 102.29410269856453 61.141277119517326 69.672385670244694 809.65224977582693 72.780660092830658 110.53277032077312 89.204414665699005 86.622601047158241 12.942274838685988 73.416484653949738 26.279833808541298 28.736944496631622 14.081287428736685 10.148385092616079 27.736664935946465 41.216639220714569 20.849660985171795 70.200518935918808 23.977864757180214 12.885311424732206 25.06340454518795 62.669293597340584 11.725607052445413 14.34630064666271 50.842368759214878 36.590678527951241 71.927705265581608 20.145577386021614 12.100565105676649 93.557484090328217 38.902580693364143 55.131481349468231 24.543084785342216 59.752366542816162 36.477806270122528 17.248759493231773 65.751344874501228 13.907115548849104 23.870908737182617 8.7465767785906774 60.397522434592247 50.478916481137276 30.568257436156273 109.21357859671116 135.97847996652126 108.13676416873932 25.002014398574829 13.949471965432165 17.318614840507507 19.449897259473804 53.883226796984673 10.172282025218008 43.683020420372486 10.757327944040297
leaf_count=448 47 154 95 181 101 80 507 302 372 5423 311 533 474 470 61 315 132 151 72 50 140 199 116 403 118 62 138 319 56 71 266 183 360 91 56 425 180 255 111 281 179 96 290 59 120 46 282 240 148 506 627 522 106 70 89 88 260 47 233 55
internal_value=0.000159921 -0.00221096 0.00528009 -0.0041188 0.00433037 -0.00758024 -0.0101417 -0.00234399 -0.0120918 -0.0136082 0.0248974 0.00591981 2.33138e-05 -0.00368594 0.0077669 0.025338 0.000443193 -0.0109754 0.00790131 0.0203707 0.00318696 0.00409767 -0.0144739 -0.00362939 0.000508038 0.00223849 0.00213862 0.00932744 0.0181153 0.00655734 0.00459334 -0.00360345 0.0108594 0.00613219 0.0136057 0.0163528 0.00946521 0.00440361 -0.00158607 0.00843774 0.00247353 0.00764302 0.0215824 0.00610161 0.0174182 -0.00588531 -0.00411333 0.00589645 0.0011549 0.00884379 0.0113055 -0.00377473 0.029397 0.0167487 -0.00884855 0.0316195 -0.00528564 -0.00905983 -0.0135389 -0.00175238
internal_weight=3397.4 2408 487.751 1920.25 557.849 1362.4 1117.64 355.267 968.108 863.41 94.1994 989.397 463.65 316.275 793.924 132.484 104.699 139.337 147.375 43.6796 239.171 244.764 830.502 115.256 52.7148 103.696 176.937 87.7327 104.326 214.924 200.577 87.433 113.144 689.597 125.804 113.703 123.915 563.794 195.473 72.6377 149.529 32.9077 91.3841 25.6327 62.7735 78.419 170.93 489.507 189.184 300.324 245.192 138.705 112.368 38.9515 87.5191 29.5983 74.2864 64.0555 116.096 113.051
internal_count=18172 13556 2501 11055 2816 8239 7006 1915 6265 5715 412 4616 2404 1670 3690 586 550 739 734 210 1234 1233 5539 632 269 524 931 457 466 1079 1008 449 559 3224 572 516 602 2652 926 343 741 176 405 115 300 418 815 2298 910 1388 1133 670 491 176 492 138 354 307 681 562
is_linear=0
shrinkage=0.0226245


Tree=42
num_leaves=61
num_cat=0
split_feature=0 27 12 12 37 26 27 37 12 44 27 6 37 37 2 34 34 39 37 25 34 12 37 1 3 34 34 7 43 12 4 1 2 23 37 37 37 23 5 15 43 41 1 27 2 15 3 27 15 16 34 12 27 25 0 39 34 1 12 34
split_gain=78.5673 84.5989 52.3711 39.6919 38.0796 119.172 41.4385 50.248 71.8499 34.3917 28.1358 25.7541 35.7855 29.064 25.1112 23.9134 32.2703 31.6075 26.6342 21.0238 20.8656 20.401 32.0542 21.2212 23.0173 20.29 23.4135 20.2073 24.5352 19.7885 19.7851 19.2834 19.1354 19.0459 18.9887 19.8853 31.2802 28.8811 25.0735 17.8127 17.6232 36.9576 17.2769 16.9417 16.9377 16.8533 16.2611 15.9663 15.3472 15.2394 14.5739 14.559 14.4664 13.9741 13.4113 13.2659 13.0821 12.8652 11.8132 11.7143
threshold=0.46616187500000006 0.014795000000000001 -0.055409999999999994 0.18795000000000003 -0.43754999999999994 0.79275000000000018 0.018015000000000007 0.48635000000000006 -0.026244999999999997 0.19719325000000001 0.026680000000000006 0.035307929003704212 -0.25479999999999997 0.38785000000000008 0.74787676092023936 99.500000000000014 144.50000000000003 0.17060000000000003 0.23135000000000003 0.34110000000000007 227.50000000000003 -0.34293999999999997 -0.2644999999999999 -0.25730658383133476 1.2949236595440208 133.50000000000003 113.50000000000001 33.203170548169325 0.063446850911237543 0.099070000000000005 3.5000000000000004 -0.34959786664905934 0.74787676092023936 82.355000000000004 -0.55539999999999989 0.92170000000000007 0.35810000000000003 -7.9999999999999991 11.413925170898439 -0.97184999999999988 0.25821845998429882 -0.39795922573798032 0.036222636406122811 0.037510000000000009 0.067461379777333311 0.99775000000000014 0.82176315717881698 0.0060500000000000007 -0.94944999999999991 1.0073500000000004 85.500000000000014 -0.024909999999999998 0.037510000000000009 0.88855000000000006 0.21345378500000003 0.29440000000000005 200.50000000000003 0.29013499974113727 -0.30381499999999995 53.500000000000007
decision_type=2 2 2 2 2 2 2 2 2 2 2 2 2 2 2 2 2 2 2 2 2 2 2 2 2 2 2 2 2 2 2 2 2 2 2 2 2 2 2 2 2 2 2 2 2 2 2 2 2 2 2 2 2 2 2 2 2 2 2 2
left_child=1 2 15 11 5 39 9 10 -9 20 29 13 14 32 53 17 -17 18 19 -1 25 23 44 56 -25 26 51 28 -15 -8 -20 -29 -4 47 48 36 37 38 43 52 -7 -42 -24 -36 -23 -21 -5 -14 -3 -38 -32 -6 -2 -13 -34 58 -18 -27 -37 -40
right_child=4 34 3 46 6 40 7 8 -10 -11 -12 12 33 27 -16 16 21 -19 30 45 -22 22 42 24 -26 57 -28 31 -30 -31 50 -33 54 -35 35 55 49 -39 59 -41 41 -43 -44 -45 -46 -47 -48 -49 -50 -51 -52 -53 -54 -55 -56 -57 -58 -59 -60 -61
leaf_value=0.033007350879995553 -0.016855564188642123 -0.0072198950730890206 -0.018259969334703318 0.015340388332687313 0.0060193826097874083 0.035903448685108814 -0.017253556117171248 -0.0037085447511920242 0.031617576710472294 -0.01147304144532961 0.011517144920218859 -0.0011270980594209057 0.0007980118624206587 -0.016295855678883628 -0.019391089496498308 -0.014222319732944995 -0.016089409537333527 -0.014240535523424299 -0.0069843427039131345 -0.0076317123028418234 -0.0081523383043080842 -0.010743398191478438 -0.0032629311790739503 0.022042515175715309 -0.012654544971888592 0.010068238345203482 -0.015048234833803227 0.014597721597641514 0.02390464872722094 0.0020043690099132813 0.0033469752411228 -0.01364035391181191 -0.013320265263995837 -0.022455395175429899 -0.0017479976609040997 -0.02158566255837668 0.038616261526094167 0.030235823971276245 0.0021356155598576182 0.0053100113017068139 -0.0075422334058541608 0.029402109373045472 -0.016769381398257364 0.023086845082393573 0.017256478502211171 0.019343677565142145 -0.0046023944944114555 -0.016577843019761389 0.014225490159744827 0.0077362324061280097 0.032699017120250515 -0.0041795133454930605 0.0023990264696930491 0.026049842520787438 0.0081402766018568943 0.010567804590909516 0.0080961500161083402 -0.01041538609733959 -0.00031608805684381949 0.027765319657979192
leaf_weight=30.984385535120964 41.76028349250555 80.113814413547516 353.79522036015987 40.72001488506794 179.87745148688555 67.813184067606926 43.341054379940033 43.614938795566559 84.530792132019997 123.39142303168774 79.488440662622452 13.208259113132952 84.512970425188541 8.9844060614705104 8.6303505897521955 107.61054343730211 20.500362679362297 31.085885167121887 55.343029499053955 18.036427766084671 96.113348536193371 12.09518727660179 178.40473433583975 52.18562026321888 9.9117092639207822 198.88214037567377 44.740293428301811 12.417768254876135 21.583119928836823 65.451799750328064 25.722056537866592 70.455957613885403 29.773160092532635 39.936714231967926 145.48728387057781 16.834349617362022 26.12566564977169 23.300305604934692 13.781533583998678 125.50248062610626 19.253124609589577 38.868986740708351 64.724568694829941 12.641453146934508 46.613431558012962 25.930314540863037 38.244907096028328 36.761361554265022 18.694362074136734 13.809177085757254 10.782401040196417 115.25068584829569 34.982896730303764 31.157658323645592 24.79302105307579 30.456871911883354 19.878661528229713 14.710449576377867 41.728343114256859 27.496836498379707
leaf_count=150 225 394 2544 205 862 292 230 205 361 729 367 74 498 54 46 579 102 163 285 91 485 74 960 250 48 956 223 69 116 312 130 431 216 293 744 82 118 104 66 589 91 164 423 57 240 128 193 234 84 65 53 587 165 168 158 140 100 80 198 131
internal_value=0.000151245 -0.00276386 -0.00530744 -0.00921004 0.00421053 0.0109324 0.00216196 0.00901833 0.0197777 -0.00066796 0.00150693 -0.0108435 -0.00416384 -0.0135475 0.0115479 -0.000807425 -0.00338721 0.00581906 0.00973658 0.019475 0.0014263 -0.00042282 -0.00338721 0.00816183 0.0161875 0.00312346 -0.000322121 -0.00331339 0.0117014 -0.00591574 0.00143758 -0.00905947 -0.0163472 -0.00944146 0.00582474 0.00827216 0.0113749 0.00784853 0.00483766 9.74625e-05 0.0279399 0.0173867 -0.00701346 0.000616444 0.0112542 0.00848948 0.00586016 -0.00473251 -0.00287319 0.0291821 0.0137812 0.00203468 -0.00831008 0.0183851 -0.00365031 -0.000951927 -0.00443741 0.00853715 -0.00715855 0.0199087
internal_weight=3392.83 1975.25 1524.78 814.975 1417.57 328.181 1089.39 316.427 128.146 772.966 188.281 736.01 214.207 521.803 52.9963 709.809 511.925 197.885 166.799 74.9511 649.574 404.314 301.838 102.476 62.0973 553.461 339.868 113.441 30.5675 108.793 91.8475 82.8737 408.361 161.211 450.47 351.662 262.642 222.707 199.407 202.246 125.935 58.1221 243.129 158.129 58.7086 43.9667 78.9649 121.274 98.8082 39.9348 36.5045 295.128 76.7432 44.3659 54.5662 89.0196 40.379 213.593 58.5627 41.2784
internal_count=18181 11258 9075 5299 6923 1526 5397 1475 566 3922 909 4901 1313 3588 288 3776 2776 1000 837 369 3193 2197 1697 500 298 2708 1672 670 170 542 468 500 2918 1025 2183 1705 1285 1102 998 979 547 255 1383 801 314 219 398 732 478 183 183 1449 390 242 374 420 202 1036 280 197
is_linear=0
shrinkage=0.0226245


Tree=43
num_leaves=61
num_cat=0
split_feature=30 36 27 37 44 37 28 8 12 7 43 14 37 30 31 45 3 1 12 39 13 12 35 16 34 37 12 45 16 30 23 28 12 31 37 22 28 29 43 37 36 43 12 30 43 7 7 37 43 12 43 28 16 37 4 27 8 31 31 37
split_gain=91.4896 69.0128 42.5285 42.9223 41.6175 41.2382 82.9258 31.373 22.1574 21.6957 21.6654 20.8019 22.4933 19.6963 22.6435 27.8911 20.0569 18.6814 18.169 18.4417 17.0679 19.8386 21.4835 19.3858 17.6773 16.5986 15.7243 15.3375 14.5506 14.4671 14.0771 13.8119 13.8042 13.5676 13.9375 13.3517 16.1926 13.9177 16.5352 15.6245 14.6327 13.2195 12.4674 16.4371 17.6103 16.7006 15.7577 15.5213 32.2108 26.439 11.8742 16.0742 11.6361 11.4876 10.953 10.8696 18.1727 10.8542 10.3132 10.1319
threshold=0.018535000000000006 0.98035000000000017 0.016385 0.35170000000000007 0.31360000000000005 -0.23454999999999995 0.0079750000000000012 0.0043099224500000007 0.10694500000000001 85.676905723749982 0.65706549493097377 0.38215000000000005 0.38785000000000008 -0.032229999999999988 0.027500000000000004 1.9651000000000003 0.59525573609259441 -0.38648041784866943 -0.25459499999999996 0.12335000000000002 0.062320000000000007 0.09666000000000001 5.5000000000000009 0.98835000000000006 55.500000000000007 0.40470000000000006 -0.023064999999999999 2.0437000000000007 1.0548500000000003 -0.0077649999999999993 -24.184999999999999 0.017645000000000004 0.2718850000000001 -0.093159999999999979 -0.29709999999999998 8.0950500000000023 0.084100000000000022 0.021265000000000003 0.099156788383442093 1.0618000000000003 0.36400000000000005 0.36680824399642448 -0.33724499999999996 0.029835000000000004 0.10612169297907677 72.263095957563507 53.413680718892742 -0.32834999999999998 0.18041556868950351 -0.0041399999999999987 0.066405703218714127 0.015245000000000002 1.0017500000000001 0.65820000000000012 3.5000000000000004 -0.016084999999999999 -0.10574537499999999 -0.014924999999999999 0.018125000000000006 0.44980000000000003
decision_type=2 2 2 2 2 2 2 2 2 2 2 2 2 2 2 2 2 2 2 2 2 2 2 2 2 2 2 2 2 2 2 2 2 2 2 2 2 2 2 2 2 2 2 2 2 2 2 2 2 2 2 2 2 2 2 2 2 2 2 2
left_child=1 13 5 8 35 6 58 10 -4 11 26 -7 27 55 16 29 20 -14 19 25 21 -15 -23 24 -22 -18 -8 -13 31 -16 -5 32 -17 -20 -35 37 -37 42 39 -39 -40 -9 46 47 53 -46 -2 49 -49 -44 -6 -52 -33 -45 -31 56 -1 -25 -3 -53
right_child=4 2 3 30 50 9 7 41 -10 -11 -12 12 17 14 15 28 18 -19 33 -21 23 22 -24 57 -26 -27 -28 -29 -30 54 -32 52 -34 34 -36 36 -38 38 40 -41 -42 -43 43 44 45 -47 -48 48 -50 -51 51 59 -54 -55 -56 -57 -58 -59 -60 -61
leaf_value=0.018146819398698038 -0.0002600963411085196 -0.023212826195795382 -0.01536038092254664 0.038619441419079706 0.025506954812394601 0.020605566893853733 0.014791427884435689 0.011500016009259061 0.016608972224611412 -0.02370008478514778 -0.0054962045114622668 -0.01622176803261581 0.020805671969889229 -0.013355561018591046 -0.00081408392664082479 -0.0075403671887964629 0.027583985271069013 -0.0063821387294482985 0.0094803922308744643 -0.006121802530739729 0.045655836254341962 -0.018667054581695933 0.011628274415793376 0.016684050271898777 0.010214201131082469 -0.0027861786615256323 0.040410887176365137 0.0067254550324878778 -0.011768153201640638 0.013424832704923038 0.0088326749192850062 -0.0041986479052698337 0.016646346461147373 -0.0018298185830716138 -0.013236457568156411 -0.0067847456938799249 0.017734701138399436 0.014910137675826919 0.0018808575736043262 -0.0084906288071900891 0.014141819448014365 -0.012262235093769676 0.023015313025567641 -0.016449658702805074 0.0027314827328239772 -0.012663347417439824 0.02427118058218318 0.014675400221069139 -0.0055302577178103253 -0.0034878182402447349 -0.0126192119746374 0.028455359720995544 0.022341572491091682 0.0084049285320583322 0.038590560239672105 0.0057798750396123554 -0.0059625141026323006 -0.0099772228588862529 0.0013585232838573302 0.00036791700300935686
leaf_weight=16.179553121328354 25.5057113468647 62.506479866802692 36.866853252053261 16.668947815895081 56.133601441979408 7.7433637008070937 39.629028089344501 15.73741330206394 12.732725098729132 89.078745685517788 13.772643841803072 279.72032199800014 12.415995597839354 50.497571602463722 16.762193188071251 53.829205647110939 18.388653665781021 81.41734940558672 16.271883115172386 51.940980032086372 8.7742285728454572 12.590340599417685 51.687790796160698 8.4236081689596194 25.337390691041946 15.385389626026152 19.958618216216564 14.227283649146555 41.485698759555817 29.417033821344376 17.713906973600388 11.02549536526203 12.500800147652624 73.296733811497688 227.59369945526123 102.56887555122375 13.049997314810751 156.10231311619282 271.9952238202095 14.235105991363524 58.452675208449364 31.35154028236866 50.824990123510361 53.94293025135994 240.38674464821815 39.458950281143188 25.212680324912071 59.578956872224808 111.47971032559872 28.978618368506432 10.948327720165251 14.073593884706499 24.720462515950203 9.5676902383565885 14.341592103242872 371.56888601183891 97.443085208535194 22.521564230322838 9.7355858907103521 10.85832569003105
leaf_count=73 119 488 234 70 248 45 192 79 67 729 82 2188 71 280 82 288 96 500 80 263 43 69 260 43 134 78 87 85 206 139 80 54 61 400 1313 491 57 687 1276 66 261 191 218 262 1180 213 115 272 587 141 53 62 118 45 65 1794 468 122 63 48
internal_value=0.000150313 -0.00288214 -0.00825601 0.0067485 0.00470267 -0.0101373 -0.00125672 0.0101761 -0.00669039 -0.0136401 0.0191573 -0.0112187 -0.0120021 0.000345526 -0.00186363 0.00457833 -0.00413128 -0.00226997 -0.00692051 0.00226172 0.00212804 -0.00312236 0.00514581 0.0111297 0.022187 0.0146207 0.0248463 -0.0150564 -0.000923336 0.0170757 0.0251499 0.003687 -0.00247683 -0.0094001 -0.0105017 0.0036063 -0.00365184 0.0043461 0.00716684 0.0128454 0.00415361 -0.00411468 0.00213361 0.00118479 -0.00202742 0.000453402 0.0125862 0.00555437 0.00163426 0.013606 0.0191637 0.00807724 0.0144539 -0.0125023 0.0235543 0.00391774 -0.00216407 -0.00191372 -0.0199766 0.0175329
internal_weight=3386.62 2033.26 761.277 83.9824 1353.36 677.294 192.691 120.449 49.5996 484.603 73.3603 395.524 387.781 1271.98 786.792 204.082 582.71 93.8333 402.877 85.715 179.832 114.776 64.2781 65.0568 34.1116 33.774 59.5876 293.948 143.562 60.5208 34.3829 102.076 66.33 317.162 300.89 1261.34 115.619 1145.72 500.785 170.337 330.448 47.089 644.937 594.219 343.356 279.846 50.7184 250.862 171.059 79.8036 92.0138 35.8802 35.746 63.5106 43.7586 485.192 113.623 30.9452 72.2421 24.9319
internal_count=18181 11780 5251 451 6401 4800 1182 631 301 3618 361 2889 2844 6529 4194 1013 3181 571 2230 437 951 609 329 342 177 174 279 2273 727 286 150 521 349 1793 1713 5990 548 5442 2290 753 1537 270 3152 2918 1700 1393 234 1218 859 359 411 163 172 307 204 2335 541 165 551 110
is_linear=0
shrinkage=0.0226245


Tree=44
num_leaves=61
num_cat=0
split_feature=30 36 37 37 28 28 27 5 44 3 3 28 15 31 23 39 2 22 0 5 1 24 16 3 35 3 0 27 37 26 21 27 30 27 27 23 5 1 16 35 30 30 31 0 6 30 35 2 37 28 24 29 9 9 13 28 13 24 30 29
split_gain=94.2561 73.228 33.8385 51.0263 59.1014 44.2561 40.1894 32.6055 28.9676 26.2049 25.8632 21.35 19.1298 18.0046 21.3096 19.7403 17.9616 23.3584 27.4058 21.9114 17.7444 16.9752 16.157 15.7644 15.7188 15.5498 16.1031 14.7192 31.6264 30.0753 20.6665 16.7427 14.593 19.5844 14.8602 14.5288 14.0828 15.4629 13.9717 13.7371 13.5911 12.9026 12.7689 12.7625 12.5842 12.3017 11.5246 11.4968 11.4337 32.5774 31.6258 14.5925 16.1827 12.4395 10.7294 10.5692 10.212 8.96428 8.67984 8.56185
threshold=0.018095000000000003 0.72710000000000008 0.4431500000000001 -0.25479999999999997 0.0079750000000000012 0.024690000000000004 0.018245000000000001 -0.18339703232049936 0.31965000000000005 2.3606121817678729 0.30355854869055354 0.014775000000000002 -0.99994999999999989 0.027500000000000004 62.805000000000007 0.019650000000000004 0.18983372711815746 1.0743000000000003 0.14424631500000004 -1.5855720639228819 0.20329386240903033 0.10984000000000001 -0.98964999999999992 0.60410295770744693 1.5000000000000002 1.2008162192904415 0.23910616500000001 -0.010519999999999998 -0.16274999999999998 0.61325000000000007 22.675000000000001 0.021605000000000003 0.024395000000000003 0.018695000000000003 0.018015000000000007 -27.459999999999997 -7.7109868526458731 0.044295833853986208 1.07535 21.500000000000004 0.004105000000000001 -0.0082199999999999981 -0.051514999999999998 0.71660228000000015 0.094660063057938962 0.0036050000000000001 12.500000000000002 0.23722114289542437 -0.2644999999999999 0.043525000000000001 0.062210000000000008 0.064765000000000017 4.5000000000000009 1.0000000180025095e-35 0.10407500000000001 0.015245000000000002 -0.12425499999999999 0.15724500000000002 0.019395000000000006 0.0016050000000000003
decision_type=2 2 2 2 2 2 2 2 2 2 2 2 2 2 2 2 2 2 2 2 2 2 2 2 2 2 2 2 2 2 2 2 2 2 2 2 2 2 2 2 2 2 2 2 2 2 2 2 2 2 2 2 2 2 2 2 2 2 2 2
left_child=1 9 3 4 23 10 12 25 27 13 -5 -9 22 14 16 -15 36 18 -18 -19 54 24 56 -3 -12 26 -6 28 29 -2 31 32 34 42 58 -24 37 -1 40 -30 41 -17 -34 55 47 -40 -38 -41 51 50 -50 52 -33 -51 -11 -10 -4 -23 -29 -42
right_child=8 2 6 5 7 -7 -8 11 43 20 21 -13 -14 15 -16 38 17 19 -20 -21 -22 57 35 -25 -26 -27 -28 30 39 -31 -32 48 33 -35 -36 -37 46 -39 45 44 59 -43 -44 -45 -46 -47 -48 -49 49 53 -52 -53 -54 -55 -56 -57 -58 -59 -60 -61
leaf_value=0.016397069237899804 0.0030734015755259515 0.0048456615064541618 0.011221635789677147 0.016904035930275584 0.0032845413133679511 0.019628001480471686 0.026313000345721503 -0.012273490371761139 -0.013300254448953502 0.010834053828677571 -0.0049657361356230233 0.014884104279693082 -0.011604786867180117 0.02559245578423092 -0.021218116016980093 0.0040281665769721312 0.036354668667810217 -0.0074998493078230633 0.0047326786269289199 0.0025541629662794623 -0.010338489788043873 0.012353193837286648 -0.00060258431368896378 -0.018820924261756078 -0.019576641840269363 0.0033082081995904787 0.034922036543557418 0.0034249981129527126 -0.0026397602244334567 0.031807661629538082 0.02175333721487718 0.0042062047516076215 0.01808702733050618 -0.011434365964676407 0.011781567673573577 0.036656482039372343 -0.0027267800625043865 -0.01160644649257424 -0.017191287154159303 0.018157344295780583 0.010719454131945493 0.020686905298045483 0.0024339081246268403 0.022446014046367976 0.029427508345211222 0.00747087623729606 -0.012293361533579095 -0.0077585987122710505 0.036988510248635122 0.016680890364485747 0.0091497671448440669 0.017528463731959477 -0.013666393701780924 -0.0060604307482161127 0.031756508538255311 0.014024656089298648 -0.014934572087784448 -0.011025276710667669 -0.011359320742594157 -0.0070813944727700154
leaf_weight=25.654616057872772 31.464048102498055 16.327416092157364 10.280651427805426 9.7574068009853345 11.682914450764654 16.279925495386124 25.119934216141701 40.510021105408669 9.6702315658330935 45.12885257601738 44.739222407341003 19.68948882818222 65.097331784665585 19.677464634180069 24.813564494252205 56.973659366369247 16.342545568943024 156.08310478925705 56.004615098237991 364.51343831419945 11.730767950415609 13.293293282389643 8.9333139657974261 76.709369741380215 355.61618603020906 21.5428716391325 31.437885031104088 23.640189230442047 88.750507175922394 45.420072093605995 25.78509084880352 79.276831522583961 25.325192928314209 47.977656632661819 18.643877848982811 10.151814356446264 133.011648401618 13.103127509355543 25.392130002379417 12.637686952948572 16.553709983825684 40.327557146549225 529.92238102853298 62.273497223854065 12.329253211617468 14.237675845623015 126.1860239058733 17.5063216984272 31.103069618344307 12.822357773780821 61.45378603041172 22.269440859556198 35.037761375308037 54.128033667802811 18.052921712398529 14.379336044192312 15.748701862990854 14.551213689148424 104.83038423955441 45.449616253376007
leaf_count=131 146 100 54 62 64 83 107 244 48 203 348 91 403 95 163 280 81 797 274 1869 58 85 50 579 2815 109 136 123 418 189 112 366 118 231 85 45 707 66 126 59 80 197 2582 276 57 69 684 85 132 58 277 96 169 250 84 65 96 96 532 234
internal_value=0.000172777 -0.00293439 -0.00819708 -0.0102679 -0.00124102 -0.0145629 0.00208751 0.00885306 0.00475442 0.000590943 -0.0159543 -0.00311578 -0.00396576 -0.000279576 -0.00167501 0.00551109 -0.00106378 0.00121537 0.0129989 -0.000484964 0.0132927 -0.0168115 0.00709183 -0.0146466 -0.0179912 0.019652 0.0270958 0.0038758 0.00934625 0.0205864 0.00279174 0.00226582 0.000459997 0.00202193 -0.00585999 0.0214322 -0.00556746 0.006781 0.0031864 0.00245864 0.00617381 0.0113305 0.00323791 0.0172376 0.0126012 -0.00842537 -0.00746841 0.00374483 0.00679332 0.0108546 0.0193423 0.00192364 -0.00147384 -0.00119444 0.0179409 0.00278887 -0.00451451 0.000247872 -0.00862326 -0.00206284
internal_weight=3383.35 2016.71 807.469 672.137 217.9 454.237 135.332 124.863 1366.65 1209.24 437.957 60.1995 110.212 1134.32 915.713 218.612 890.899 592.944 72.3472 520.597 74.9125 428.2 45.1145 93.0368 400.355 64.6637 43.1208 1280.32 208.108 76.8841 1072.22 1046.43 750.34 603.225 147.114 19.0851 297.955 38.7577 198.934 131.224 159.305 97.3012 555.248 86.3231 42.4733 39.6298 259.198 30.144 296.091 159.507 92.5569 136.584 114.315 66.9504 63.1818 24.0496 26.0294 27.8445 128.471 62.0033
internal_count=18239 11765 5567 4812 1323 3489 755 644 6474 6198 3406 335 648 5853 4772 1081 4609 3021 355 2666 345 3344 245 679 3163 309 200 6085 954 335 5131 5019 3671 2931 740 95 1588 197 986 619 791 477 2700 389 201 195 1391 144 1348 717 409 631 535 308 287 113 150 181 655 314
is_linear=0
shrinkage=0.0226245


Tree=45
num_leaves=61
num_cat=0
split_feature=30 43 44 43 30 5 8 30 28 37 37 3 31 37 17 37 28 37 37 17 12 30 16 5 30 34 28 45 35 3 12 28 35 44 2 31 22 0 5 17 5 12 41 37 12 31 5 12 3 6 21 3 22 30 22 37 43 44 8 8
split_gain=90.2507 68.5363 44.2277 31.3589 39.1033 26.0186 39.2846 22.8694 22.4812 43.8695 36.4475 21.8197 20.8858 22.7587 32.1573 26.6645 19.4022 33.5016 20.2099 24.9912 24.0706 20.3066 20.2398 19.4707 18.5515 18.8323 21.8533 18.4151 17.8395 17.0857 20.1701 16.8158 15.6902 15.6147 15.5494 28.4991 22.7131 23.1894 20.2166 18.5073 17.0261 21.6402 13.9766 14.1385 13.7843 13.6805 13.6045 13.3821 13.0401 12.9478 12.2169 11.9868 18.5853 13.3798 16.7013 11.3926 11.2791 11.1425 12.6572 13.783
threshold=0.018095000000000003 0.63446804153356062 0.0051420600000000012 0.084163146949334536 0.04493500000000001 -1.4466801881790159 -0.063501775499999982 0.0096850000000000009 0.016530000000000003 0.45735000000000003 0.012550000000000002 2.3606121817678729 -0.0086649999999999974 0.48635000000000006 -0.95244999999999991 0.19805000000000003 0.021895000000000001 0.11370000000000001 0.22310000000000005 -0.98044999999999993 -0.0045749999999999992 0.026125000000000006 -0.9767499999999999 24.210370063781742 0.010615000000000001 250.50000000000003 -0.0087449999999999976 2.0817000000000001 3.5000000000000004 0.88725118271320336 0.12558500000000003 -0.010979999999999998 24.500000000000004 0.072250000000000023 0.18983372711815746 0.052585000000000007 1.0743000000000003 0.14424631500000004 -7.7109868526458731 0.9940500000000001 -2.1429196596145625 0.25898000000000004 0.76271141695574307 -0.5281499999999999 0.089090000000000016 0.035295000000000007 10.466418743133547 0.12190500000000001 0.88400515121287404 0.089653830486335767 14.580000000000002 1.0814261606871192 4.1784500000000007 0.036830000000000009 5.4792500000000013 -0.86999999999999988 0.36383561750888788 0.37948208000000011 0.025804758000000004 -0.0014963149999999998
decision_type=2 2 2 2 2 2 2 2 2 2 2 2 2 2 2 2 2 2 2 2 2 2 2 2 2 2 2 2 2 2 2 2 2 2 2 2 2 2 2 2 2 2 2 2 2 2 2 2 2 2 2 2 2 2 2 2 2 2 2 2
left_child=1 2 11 4 12 7 -7 48 9 27 -10 34 -2 14 33 -16 18 23 20 22 32 -21 -20 55 -9 26 -26 -8 -23 30 -22 -11 42 -14 35 38 37 -36 -1 -37 49 -42 43 -5 -31 -34 51 -3 -4 -38 -48 52 -19 -53 -55 -18 -32 58 59 -6
right_child=3 47 5 16 57 6 8 24 10 31 -12 -13 13 -15 15 -17 17 46 19 21 29 28 -24 -25 25 -27 -28 -29 -30 44 56 -33 45 -35 36 39 40 -39 -40 -41 41 -43 -44 -45 -46 -47 50 -49 -50 -51 -52 53 -54 54 -56 -57 -58 -59 -60 -61
leaf_value=0.0094606757806585777 -0.0031464528727686032 -0.018640452546188586 0.003046188747578778 0.014662342049887525 0.005911441102397697 0.037969641554967862 -0.013565952900893874 0.03628543301778072 0.016864408014296742 0.024569485473302448 -0.0082260263880686319 0.013921968912631271 0.014042260737358843 0.029334760157099567 0.03224694860339028 -0.0076535124261389604 0.0062622979010729957 0.0065736246998668235 -0.0032006601647389782 -0.023587107178869745 -0.011725562546348598 0.012442526958470366 0.031937020942108776 -0.003793323845595613 0.017033241567143507 0.029868524320672184 -0.007813699858916506 0.0188631841204117 -0.0089762062681972461 0.0023405036120679361 0.0042226059101244749 -0.0003067832022930536 0.037531355954032064 -0.011488224006558185 0.034518908078773156 0.025335546217389183 -0.0079252168506961252 0.0062239274196821126 -0.0081795873364441472 -0.0087323448753498546 0.0020747782706047636 0.023127253601304951 0.024847297747886455 -0.00028329954128787589 -0.016594518312827031 0.003384651158139909 0.013290191597276438 0.011315956217056443 -0.012689655879609785 0.011672024383390413 -0.0066491638653082951 -0.014015257579721394 0.029138785273653503 -0.0061753781612276046 0.012799598726765036 0.032750302171930278 0.024565963093456111 0.022421436414109201 0.0044329785146912928 -0.020077763526295863
leaf_weight=35.941097125411034 21.746633797883987 147.54462345689535 48.152906700968742 41.102571174502373 15.755965158343313 6.7230110168457022 439.86410696804523 9.003823556005953 41.820975556969643 16.007333800196648 84.990998238325119 65.032818585634232 17.227113977074623 73.749017938971519 38.80034975707531 9.5689840167760831 12.371735990047453 82.876404136419296 18.600848779082302 37.528129830956459 34.112303346395493 22.034694373607635 11.72481895983219 12.219553679227827 25.317380145192146 11.030231103301047 47.801944240927696 6.7341648638248435 99.642208859324455 28.766282275319099 83.459605604410172 52.410501062870026 13.470377758145334 28.578460797667503 18.199821010231972 23.826783508062363 129.81162685900927 55.976949542760849 244.73751551657915 10.02286574244499 386.3114400357008 23.903547182679176 14.994401335716246 122.51884967088699 55.263562589883804 10.476284965872763 16.264180213212967 6.199813298881053 55.803444154560566 17.233949527144432 87.385091125965118 20.318287625908852 22.314951837062836 37.826353743672371 55.258451148867607 38.724213644862175 14.341375350952147 10.712103188037871 133.99881812930107 22.946161523461342
leaf_count=182 100 1138 289 180 74 32 3165 54 208 72 463 297 78 320 173 45 56 393 93 205 171 108 55 55 121 50 277 34 507 143 400 320 60 132 91 111 657 273 1321 50 1983 113 69 599 274 52 77 34 347 83 411 98 102 182 260 167 70 47 607 111
internal_value=0.000175531 -0.00287252 -0.00165734 0.00465586 0.0102245 -0.00546645 -0.00764636 0.00171293 -0.0082924 -0.010383 0.000240008 0.00153534 0.0173492 0.0200118 0.0120542 0.0243668 0.0025413 0.00649101 1.78781e-05 -0.00605737 0.00279191 -0.00964619 0.0119825 0.021164 0.00970294 0.00574725 0.00111022 -0.0129587 -0.00489854 -0.00245329 0.00262673 0.00627386 0.00833943 -0.00162253 0.000643934 -0.00344635 0.0026878 0.0142014 -0.00584725 0.0153546 0.00108979 0.00345489 0.00580684 0.00366058 -0.0102502 0.0245678 0.00344535 -0.0172457 -0.00551557 -0.00544748 -0.00324443 0.00661836 0.0120123 0.00144061 0.00513506 0.0270161 0.0078258 0.00270167 0.00112926 -0.0098219
internal_weight=3377.08 2010.4 1856.66 1366.68 373.084 845.661 648.551 197.11 641.828 515.016 126.812 1011 189.671 167.924 94.1749 48.3693 993.596 385.559 608.036 189.531 418.506 159.205 30.3257 63.3155 93.1534 84.1496 73.1193 446.598 121.677 215.943 131.913 68.4178 202.562 45.8056 945.966 314.528 631.437 74.1768 280.679 33.8496 557.261 410.215 178.616 163.621 84.0298 23.9467 322.244 153.744 103.956 147.046 103.649 218.594 105.191 113.403 93.0848 51.0959 97.801 183.413 172.701 38.7021
internal_count=18239 11765 10593 6474 1687 5432 4294 1138 4262 3591 671 5161 848 748 428 218 4787 1801 2986 968 2018 820 148 278 502 448 398 3199 615 1058 641 392 960 210 4864 1664 3200 364 1503 161 2836 2096 848 779 417 112 1523 1172 636 740 488 1035 495 540 442 223 470 839 792 185
is_linear=0
shrinkage=0.0226245


Tree=46
num_leaves=61
num_cat=0
split_feature=43 30 30 37 28 37 13 5 37 15 7 37 27 27 0 16 45 13 31 12 35 39 34 15 35 12 27 28 5 21 8 1 6 41 28 37 6 1 35 21 31 2 12 41 2 21 28 0 45 45 28 7 34 6 45 27 6 2 21 37
split_gain=81.1882 53.0735 50.1391 43.651 51.1609 65.7445 42.6091 30.7535 29.3098 76.2519 40.7222 65.0833 27.8809 27.0066 26.7112 26.3544 26.3385 26.3131 24.5672 20.7177 19.7826 22.831 19.4246 19.7391 18.7864 16.2385 15.2077 14.7838 16.0852 22.7119 19.982 20.3076 17.6628 14.3211 18.8837 59.0408 23.4832 15.2352 13.2744 12.9166 12.7603 12.553 12.2655 15.4239 11.7924 17.6997 16.6527 11.7568 10.8585 10.7372 10.7206 11.462 10.0955 9.53246 11.0813 9.44622 8.74816 8.38574 7.73113 9.01698
threshold=0.65706549493097377 0.018095000000000003 -0.037874999999999992 0.54580000000000017 0.013215000000000003 -0.22764999999999999 -0.12667999999999999 10.466418743133547 -0.59134999999999993 0.99915000000000009 27.661205747380816 0.42010000000000008 0.019170000000000003 0.012405000000000001 0.32238641500000004 0.97845000000000015 1.9939000000000002 0.15419500000000003 0.015435000000000003 0.09666000000000001 2.5000000000000004 0.080850000000000019 22.500000000000004 0.99135000000000006 5.5000000000000009 0.16605 -0.009584999999999998 -0.038594999999999997 -9.7727198600769025 16.070000000000004 -0.023891031499999996 -0.16773518658931488 0.039831745755404761 -2.0793306254657629 0.018825000000000005 0.22310000000000005 -0.10092283231134488 -0.011002456136474948 9.5000000000000018 21.510000000000002 -0.0042349999999999992 0.28087845452958077 0.091220000000000009 0.29813498544043887 0.21763419965994654 20.190000000000001 0.016055000000000003 0.84286042500000014 1.9841000000000002 2.0151000000000008 0.016530000000000003 80.752827690397439 17.500000000000004 -0.076252442276334542 1.8683000000000003 -0.0071149999999999989 0.00059067775830830011 0.17419056429232188 21.075000000000006 -0.49244999999999994
decision_type=2 2 2 2 2 2 2 2 2 2 2 2 2 2 2 2 2 2 2 2 2 2 2 2 2 2 2 2 2 2 2 2 2 2 2 2 2 2 2 2 2 2 2 2 2 2 2 2 2 2 2 2 2 2 2 2 2 2 2 2
left_child=1 2 27 4 7 26 52 17 9 53 11 14 20 15 -10 -7 25 19 42 -4 21 -2 -20 -24 -19 -9 -6 56 57 30 31 -30 -32 47 44 36 -36 -37 39 -31 -28 -13 43 -8 46 -46 -35 -12 -16 -18 51 -11 -5 -3 -55 -40 -1 -29 59 -22
right_child=12 8 3 6 5 13 18 16 10 50 33 41 -14 -15 48 -17 49 24 22 -21 58 -23 23 -25 -26 -27 40 28 29 38 32 -33 -34 34 35 37 -38 -39 55 -41 -42 -43 -44 -45 45 -47 -48 -49 -50 -51 -52 -53 -54 54 -56 -57 -58 -59 -60 -61
leaf_value=0.019277563690546763 0.023098420116617072 0.016652163587163538 -0.014099689716463802 0.034769390958192974 0.028551455831454343 0.0066780451342803833 -0.013986400890628617 -0.013254476469626221 0.022193606523047332 0.025772818238194738 -0.021994498609645495 0.0058246252394277961 0.016904748712731746 0.025249858193453215 0.0018110858702143821 -0.010349745316275192 0.039605034904288808 0.019312985888682872 -0.016099700558141691 -0.0051153848843041999 -0.0011331800718072434 -0.020564683722541815 0.026568271057688199 0.0024515256435848759 -0.0041014455665753392 0.011563345333150685 0.022286763666670404 0.0061157186316583376 0.0057472407995713855 0.002092099455274526 -0.0012178439142348314 0.032740130522736693 0.023540113925687622 0.0074576744270151126 -0.0087819225782030576 0.0059711418085162497 0.02477604200724471 -0.0031640672797730723 -0.015813633883436228 0.024438612537182852 -0.00039818954684693223 0.034353548347356683 0.014383598666059524 0.0046851066111811453 -0.0067193872180014479 0.0055686308163355874 -0.0110769954667371 -0.002395690022817316 -0.022759765018331511 0.0094508998205180186 0.034301694543310043 -0.0013701156475155933 0.01239100643030021 0.014385065049796893 -0.0059282121756314941 -0.00089137538354280041 -0.0013476357201037752 -0.011239343715448644 0.0044082449459786049 -0.021369792508037659
leaf_weight=47.314408123493195 11.302879855036737 11.942718207836149 477.78936094045639 20.273496806621552 38.767985433340073 60.677177101373672 77.375438153743744 35.583586350083351 11.554261878132818 17.002122431993488 19.180110946297646 10.744135484099386 11.539184927940367 12.26299764215946 13.889891564846037 175.58846167474985 8.2667183950543421 19.195028945803642 10.405353516340254 187.13320963084698 12.550484739243982 7.9878766536712638 31.004636019468307 36.974929422140121 82.367551043629646 18.129143014550209 18.938824072480202 17.39284473657608 26.040245428681374 67.839007437229156 64.298652410507202 33.158426821231842 16.150634974241257 126.0202609449625 10.690354958176611 173.37090258300304 84.758964866399765 196.19945189356804 28.804441288113594 13.7639984190464 30.080965772271156 52.993955031037331 10.45002171397209 29.880970925092697 235.44415682554245 77.747356086969376 28.031422346830368 56.978990778326988 22.258791252970695 18.979876279830933 53.654720053076744 12.813215136528013 28.125614255666733 13.513069465756415 83.947319865226746 70.156068503856659 12.860384792089461 50.026182562112808 6.0384152233600608 146.73072592169046
leaf_count=212 68 54 3449 91 172 317 427 189 53 75 94 46 52 58 63 1020 43 104 56 1044 83 59 145 193 488 86 87 85 124 328 323 158 77 618 48 810 374 940 143 65 147 231 51 160 1175 367 140 261 109 100 237 57 139 59 391 342 60 248 47 1079
internal_value=-0.000186357 0.000688065 -0.00175279 -0.00382288 -0.00561914 0.00183624 0.00483815 -0.00857406 0.00417253 0.0122551 0.00275247 0.0155503 -0.0142052 -0.00413657 -0.00437598 -0.0059488 0.00455314 -0.00997252 3.53958e-05 -0.0116043 -0.0163806 0.00469422 0.00964885 0.0140864 0.000736044 -0.004715 0.018338 0.00483178 0.00315227 0.00526686 0.0120181 0.0216875 0.00439692 0.00129774 0.00207596 0.00528929 0.0208697 0.00113447 -6.16538e-05 0.00656897 0.00911954 0.0300062 -0.00644438 -0.00879815 -0.00113493 -0.00364592 0.00394305 -0.0079558 -0.0138838 0.0215231 0.0281475 0.0150184 0.0231972 -0.000282778 -0.00277821 -0.00556062 0.0150099 -0.00669457 -0.0188782 -0.0198239
internal_weight=3384.94 3188.79 1876.06 1428.25 1183.76 336.316 244.49 847.444 1312.74 192.873 1119.86 111.441 196.15 248.529 47.7029 236.266 80.9593 766.485 196.091 664.923 184.61 19.2908 78.3849 67.9796 101.563 53.7127 87.7878 447.805 387.631 320.211 139.648 59.1987 80.4493 1008.42 932.263 465.02 95.4493 369.57 180.564 81.603 49.0198 63.7381 117.706 107.256 467.243 313.192 154.052 76.1591 36.1487 27.2466 83.4701 29.8153 48.3991 109.403 97.4604 98.9605 60.1748 67.419 165.32 159.281
internal_count=18321 16933 10731 8566 7304 1801 1262 5503 6202 873 5329 502 1388 1395 225 1337 418 5085 1032 4493 1336 127 394 338 592 275 406 2165 1893 1560 682 282 400 4827 4472 2172 422 1750 878 393 234 277 638 587 2300 1542 758 355 172 143 369 132 230 504 450 485 272 333 1209 1162
is_linear=0
shrinkage=0.0226245


Tree=47
num_leaves=61
num_cat=0
split_feature=43 30 30 37 28 37 13 37 17 7 37 27 26 0 31 12 13 12 6 1 3 25 34 17 17 45 21 21 3 14 1 28 21 31 28 2 12 41 37 6 7 34 21 28 7 45 31 1 2 28 27 45 2 27 14 34 6 45 45 3
split_gain=78.3876 50.6995 48.0246 41.9445 49.3267 62.787 40.6628 28.2657 73.4432 39.2466 62.6867 27.0161 26.6736 25.7188 23.49 22.6729 22.4748 33.3983 31.5852 22.8953 22.5264 18.9049 18.6644 18.7343 14.8705 28.9136 14.7584 19.8288 14.7173 14.7041 22.5752 15.9793 13.2379 16.2728 12.3327 12.193 11.8118 14.8962 11.7603 17.0679 14.1242 10.723 10.71 10.6925 10.9286 10.5583 10.3977 10.1115 11.4124 9.95805 10.4134 14.9185 9.82122 10.3035 9.78537 9.67626 9.13917 10.642 9.12932 7.51289
threshold=0.65706549493097377 0.018095000000000003 -0.037874999999999992 0.54580000000000017 0.013215000000000003 -0.22764999999999999 -0.12667999999999999 -0.59134999999999993 0.99915000000000009 27.661205747380816 0.42010000000000008 0.019170000000000003 0.72120000000000017 0.32238641500000004 0.015435000000000003 -0.21277999999999997 0.15419500000000003 0.09666000000000001 -0.064388916769872184 -0.21600473755403901 0.34861913898958335 0.11510000000000002 22.500000000000004 0.99135000000000006 1.0211500000000002 2.0079000000000007 17.765000000000004 18.035000000000004 2.060624565380635 1.0344500000000003 -0.14083941896932847 0.0045050000000000012 16.070000000000004 0.030580000000000003 0.024325000000000003 0.28087845452958077 0.091220000000000009 0.29813498544043887 -0.41489999999999994 0.035307929003704212 88.558573142757709 173.50000000000003 19.905000000000005 0.016530000000000003 80.752827690397439 1.9841000000000002 -0.025354999999999999 -0.13005330645638061 0.49015732775323567 -0.038594999999999997 -0.0069149999999999993 1.9229000000000003 0.84639428894087299 0.022665000000000001 0.78930000000000011 17.500000000000004 -0.076252442276334542 1.8683000000000003 2.0963000000000007 1.4143505563520804
decision_type=2 2 2 2 2 2 2 2 2 2 2 2 2 2 2 2 2 2 2 2 2 2 2 2 2 2 2 2 2 2 2 2 2 2 2 2 2 2 2 2 2 2 2 2 2 2 2 2 2 2 2 2 2 2 2 2 2 2 2 2
left_child=1 2 28 4 16 24 55 8 56 10 13 38 -7 -9 36 -14 17 18 -4 -19 -18 34 -16 -24 25 -6 29 -28 32 31 -31 -23 33 52 47 -12 37 -8 39 -2 42 -22 58 44 -10 -15 -30 -11 -49 -34 54 -52 53 -1 -51 -5 -3 -58 -40 -29
right_child=11 7 3 6 5 12 14 9 43 21 35 -13 15 45 22 -17 20 19 -20 -21 41 26 23 -25 -26 -27 27 59 46 30 -32 -33 49 -35 -36 -37 -38 -39 40 -41 -42 -43 -44 -45 -46 -47 -48 48 -50 50 51 -53 -54 -55 -56 -57 57 -59 -60 -61
leaf_value=0.0059830178227534914 -0.01996723853207762 0.016277540610906513 -0.00043301323647968186 0.033929580006346653 0.021761427412590569 0.020454923775849669 -0.013774609957327228 0.02169227205932555 0.025129653052211855 -0.012233518836969654 0.0057169409990125257 0.01653484883968933 0.0023810048246659986 0.0017763654080274311 -0.015907864330087607 -0.011974850456740058 0.029425325234735174 0.01006665413698416 -0.015632191574562408 -0.0065565168605177448 -0.0056005809011551392 -0.0073097280926485734 0.025847116255599694 0.0023975270990029161 0.036698664619289501 -0.0081039569076782857 0.027291906846659442 0.0044135091470422477 0.020186871514403907 0.0060238873106386289 -0.0099255452482868208 0.0042254949207966063 0.014549610694758181 0.029285420662006841 0.027371629863096342 0.033827976566834506 0.014069655554408599 0.0045787795114251685 -0.01625475529087397 0.015080812066602195 -0.024738148705330722 0.013721122191135558 0.012715422044788913 0.03386018163181196 -0.0013451475312450814 -0.022485182188200208 -0.0042726461618903056 0.023570908188703769 -0.0035078659407593751 0.0013010909123650023 0.02155095215440964 -0.0011001758100255533 0.018562243376530872 -0.0091548475132800077 -0.015432493271307909 0.012085041135200768 0.014073064395860705 -0.0058107691780251349 0.0072971112845395302 -0.0032082551335942538
leaf_weight=114.39265130460262 10.121324196457865 12.006988003849981 84.12228462100029 20.375664234161377 50.465356484055519 18.11505725979805 76.838264837861061 11.619933202862738 17.115474373102192 9.662598252296446 10.753233969211577 11.594488486647604 92.94831670820713 13.897439301013945 10.328343242406843 136.82981342822313 9.8500927686691266 52.739202842116356 418.55549636483192 176.86812314391136 85.873940482735634 79.450678497552872 31.226765334606171 37.016985848546028 15.395422816276549 22.257961571216583 14.781027615070341 293.98657397925854 43.031754672527313 58.001670569181442 182.47811511158943 240.18570809066296 17.46625143289566 13.564203158020971 18.718810573220253 52.648575931787491 10.505399972200392 29.949496105313301 61.472015269100666 12.799286186695097 83.47283674031496 14.793442010879515 6.7774125859141341 53.167853474617004 12.809506297111509 22.058478385210037 9.9196072667837125 15.348803758621218 12.973681896924971 28.97475366294384 14.126514345407484 116.7983331605792 22.081527516245842 25.920519977807999 42.147313848137856 28.256961286067963 13.56369364261627 83.76689176261425 8.0040729492902738 82.912404879927635
leaf_count=565 71 54 486 91 226 89 427 53 75 47 46 52 472 63 56 834 52 275 3124 978 508 395 145 193 67 113 66 1378 192 270 905 1162 81 64 82 231 51 160 415 72 694 80 45 237 57 109 47 74 64 140 66 572 100 127 211 139 59 391 39 384
internal_value=-0.000175873 0.000680782 -0.00170879 -0.003742 -0.00550956 0.00180947 0.00474482 0.00408632 0.0120337 0.00269271 0.0152847 -0.0140206 -0.00404821 -0.00428748 3.96578e-05 -0.00621029 -0.00842375 -0.00985397 -0.0131057 -0.00266052 0.00106242 0.0012673 0.00941825 0.0137423 0.0178931 0.0126603 0.00049176 0.00384554 0.00472729 -0.00186118 -0.00605278 0.00131837 0.00316587 0.0077353 0.0136292 0.0295178 -0.00631828 -0.00864219 -0.0161878 -0.000898775 -0.0183267 -0.00245718 -0.0106606 0.0276779 0.0146772 -0.0136736 0.0156207 0.00539913 0.0119911 -0.000549859 -0.00204213 0.00175682 0.00545424 0.00305807 -0.00883082 0.0226284 -0.000262187 -0.00271355 -0.0133581 0.00272515
internal_weight=3377.89 3183.64 1871.74 1423.31 1178.81 336.012 244.498 1311.91 192.43 1119.48 110.978 194.241 247.893 47.5759 195.865 229.778 842.803 732.285 502.678 229.607 110.517 1008.5 78.5721 68.2438 88.1187 72.7233 951.796 391.68 448.423 560.116 240.48 319.636 395.472 175.959 56.7039 63.4018 117.293 106.788 182.647 22.9206 159.726 100.667 76.2535 83.0928 29.925 35.9559 52.9514 37.9851 28.3225 219.513 202.047 130.925 162.395 140.313 71.1221 48.6326 109.338 97.3306 69.4761 376.899
internal_count=18321 16933 10731 8566 7304 1801 1262 6202 873 5329 502 1388 1395 225 1032 1306 5503 4863 3610 1253 640 4827 394 338 406 339 4560 1828 2165 2732 1175 1557 1926 856 267 277 638 587 1336 143 1193 588 499 369 132 172 239 185 138 1070 989 638 792 692 351 230 504 450 454 1762
is_linear=0
shrinkage=0.0226245


Tree=48
num_leaves=61
num_cat=0
split_feature=0 7 28 9 2 37 37 35 28 37 37 15 28 12 3 31 13 12 3 30 12 28 37 37 26 2 7 29 36 12 15 13 14 5 3 15 37 2 30 13 41 37 23 12 35 0 35 16 31 5 37 29 3 23 35 9 15 26 8 29
split_gain=87.1535 62.5238 46.2036 42.5406 36.9482 36.0907 36.0008 31.5366 29.8531 38.715 28.7221 28.6765 28.5937 25.6982 23.2629 22.4061 21.2592 20.1652 20.7882 19.7392 19.1301 18.8574 82.827 75.2492 40.5854 34.2834 27.2656 20.5254 20.1279 17.0488 16.997 16.6566 16.3064 20.8056 15.9734 29.4115 15.0937 14.8414 14.8276 14.4212 15.9715 17.656 29.5331 21.0326 14.607 17.7301 15.1455 14.2708 16.5833 18.1614 16.4702 16.3152 15.7841 14.2708 14.2401 13.7446 18.4484 13.7268 15.7637 13.6056
threshold=0.46616187500000006 83.370390398411601 -0.0023699999999999997 1.5000000000000002 0.85401314874769108 0.29495000000000005 1.0000000180025095e-35 3.5000000000000004 0.022555000000000002 0.30215000000000009 -0.25479999999999997 0.98205000000000009 0.014365000000000001 0.16605 0.80714572333233814 0.042450000000000009 0.081750000000000003 0.083395000000000011 1.1824502165069515 0.029835000000000004 0.23615500000000003 0.016945000000000005 -0.18364999999999998 0.42795000000000005 0.63075000000000003 0.58933819803385035 15.654941090335905 -0.00097499999999999985 0.99875000000000014 0.026765000000000004 1.0233500000000004 0.91360500000000011 1.8952500000000001 -1.1042830348014829 0.74459661569490165 1.0000500000000001 0.50155000000000005 0.48620227000761507 0.033200000000000007 -0.27219999999999994 -1.6372424833051673 -0.39574999999999994 37.57500000000001 0.059730000000000012 5.5000000000000009 1.0513900500000002 8.5000000000000018 1.0961500000000004 0.030580000000000003 24.210370063781742 0.9789000000000001 -0.033319999999999995 1.0656082415676666 57.475000000000001 21.500000000000004 2.5000000000000004 -0.99844999999999995 -0.31479999999999991 -0.07446905999999999 -0.022099999999999998
decision_type=2 2 2 2 2 2 2 2 2 2 2 2 2 2 2 2 2 2 2 2 2 2 2 2 2 2 2 2 2 2 2 2 2 2 2 2 2 2 2 2 2 2 2 2 2 2 2 2 2 2 2 2 2 2 2 2 2 2 2 2
left_child=1 2 3 20 5 13 12 16 11 -10 15 36 14 59 34 -3 -8 18 19 -14 -1 23 24 26 -23 53 -2 -27 47 -29 -30 -13 33 -16 38 -36 -9 -11 -4 44 -41 42 -42 -43 45 -28 -46 48 50 52 51 -24 -50 57 -49 56 -7 58 -25 -5
right_child=21 10 6 4 -6 55 7 8 9 37 -12 31 17 -15 32 -17 -18 -19 -20 -21 -22 22 28 25 -26 27 39 29 30 -31 -32 -33 -34 -35 35 -37 -38 -39 -40 40 41 43 -44 -45 46 -47 -48 54 49 -51 -52 -53 -54 -55 -56 -57 -58 -59 -60 -61
leaf_value=-0.016134001103808887 -0.02053225764723398 -0.009127441946119183 0.0009179950914615457 0.0011122678686376819 0.0220394527507713 0.032303055129825793 -0.010565993191754774 -0.0006808704391758311 0.021885836176316505 -0.0059509239470373699 -0.022377625082611225 -0.012458263334102363 0.019620720832358187 0.0046710598339438133 0.008125553000543323 0.024319913203311175 0.010919115497263925 0.0026405243854602869 0.036078625879922464 -0.01099596139419699 0.00088292486772905581 0.0012170882056536324 -0.017629004990137091 0.018990730440591928 0.030819863036294904 0.005293837703430177 -0.018142274515524064 0.0042703507047994931 -0.017388319341843855 0.03525431872123834 0.014132604628562162 0.014511120544298277 0.022165598980257561 -0.0099254850494305581 0.034969091664706901 -0.012099093723956639 0.024497488240297557 0.0067202804633640549 0.01902389347679917 -0.013697298537530097 -0.0058384505285478065 -0.011761109428595918 0.013848932250500991 0.0034255128865753139 0.027240495000318252 0.011489692076875481 0.0054951829297121531 -0.0077070301302044567 0.025120014311705186 -0.0074215073386689123 -0.011663316904341992 0.0076026463354176817 0.0078726199661302079 -0.018046618772162695 0.011116382649458138 0.0013704035750858885 -0.0025924744914187568 0.015936883015675116 -0.0074473503343033109 -0.016659979718894737
leaf_weight=210.19473221153021 33.356510929763317 50.623977571725845 99.779433101415634 26.479867547750473 29.363312251865864 19.353073954582218 26.160614609718323 60.45472563803196 38.786582306027412 145.91144424676895 107.72046939283609 276.37168449908495 38.464914932847023 52.975364521145821 42.753594771027565 9.8186571151018125 131.71394953131676 42.927697688341141 30.390153117477894 12.459810793399809 39.847441658377647 31.345747008919716 11.461864471435545 13.043903917074202 97.598335295915604 23.645227059721947 23.120993122458458 11.735735282301901 35.362649902701378 57.064610846340656 8.9799860715866071 9.900344252586363 9.3442505523562414 114.91867537796497 22.456738397479061 7.6217865794897071 12.325522139668463 66.624307304620743 27.383523628115654 54.196270994842052 69.418113395571709 107.63202697783709 82.618854627013206 78.993143334984779 17.002741008996964 14.635524094104765 108.42477212101221 71.551773607730865 55.139751553535461 16.880999147891998 29.784121602773666 172.23262719810009 58.349256470799446 9.0260919034481031 25.634495288133621 48.051876537501812 11.284920670092104 53.467159897089005 38.991770207881927 119.27199213206768
leaf_count=1415 213 334 563 137 152 108 155 324 178 722 884 1646 194 275 230 46 656 198 135 58 196 141 56 57 431 107 113 59 209 256 41 50 48 701 126 49 63 324 130 271 355 659 373 402 79 67 519 338 256 80 147 828 274 56 118 260 69 245 184 849
internal_value=0.000652979 -0.00245512 -0.00119321 -0.00657343 -0.000901061 -0.00353161 0.00127869 -0.00169511 -0.00402758 0.0019426 -0.0155189 -0.00818861 0.00635083 -0.00863812 0.00275797 -0.00283137 0.00723283 0.0154516 0.0218917 0.0119412 -0.013443 0.00492736 0.00789866 0.00261501 0.0238082 0.0142497 -0.00152028 0.0243 0.00355615 0.0303548 -0.0105302 -0.0113897 -0.00310273 -0.00497262 0.00892664 0.0230269 0.00435652 -0.00194191 0.00515341 -0.000279401 -0.00262614 -0.000753396 0.00491871 -0.00537884 0.00531756 -0.00665567 0.00899061 0.00503183 0.00718228 0.0134558 0.00322237 0.00577935 0.0166686 0.00573847 -0.00256418 0.00921356 0.020335 0.0082007 -0.000168854 -0.0134723
internal_weight=3352.43 1941.74 1773.57 556.823 306.78 277.417 1216.75 768.249 610.375 251.322 168.163 359.052 448.501 198.727 324.258 60.4426 157.875 124.243 81.3149 50.9247 250.042 1410.7 614.322 796.373 128.944 206.974 589.399 92.4456 485.378 68.8003 44.3426 286.272 167.017 157.672 157.241 30.0785 72.7802 212.536 127.163 556.042 392.858 338.662 152.037 186.625 163.184 37.7565 125.428 441.035 343.849 130.37 213.479 183.694 113.489 114.529 97.1863 78.6899 30.638 105.503 52.0357 145.752
internal_count=18209 11275 10011 3461 1850 1698 6550 4118 3307 1224 1264 2083 2432 1261 1847 380 811 585 387 252 1611 6934 2919 4015 572 964 3051 422 2347 315 250 1696 979 931 868 175 387 1046 693 2838 2060 1789 728 1061 778 180 598 2097 1641 610 1031 884 530 542 456 437 177 486 241 986
is_linear=0
shrinkage=0.0226245


Tree=49
num_leaves=61
num_cat=0
split_feature=0 27 24 31 35 6 37 24 6 2 16 37 8 7 43 23 2 2 2 37 37 24 26 29 29 24 24 27 37 13 8 43 39 43 29 29 14 29 5 37 31 3 5 36 35 21 5 31 39 25 29 5 6 34 7 34 43 27 14 35
split_gain=83.3103 71.6827 63.8745 37.1334 33.4798 27.738 26.7005 32.6877 33.6524 21.6845 20.387 19.871 19.6486 19.1123 23.1415 18.8973 18.7198 18.2961 17.1737 23.7337 43.6619 53.5116 40.5506 37.4308 26.9931 22.3002 21.6898 20.6429 17.114 16.0998 16.1246 15.9873 15.464 15.3805 15.2174 18.6099 15.4708 29.0266 15.2494 15.0953 30.7379 14.7927 14.7749 14.7085 14.5927 14.5669 14.4848 16.993 16.6219 15.5864 24.0535 14.281 13.837 13.0967 12.8881 12.8057 12.4828 20.151 16.4094 18.1153
threshold=0.46616187500000006 0.013930000000000001 -0.033984999999999994 0.044035000000000012 3.5000000000000004 0.011799409756189202 -0.089149999999999993 -0.29243499999999994 0.13853178370478689 0.13840072970507752 -1.0495499999999998 0.26335000000000003 0.013082683000000003 88.558573142757709 0.41394934555424145 -39.664999999999992 0.074893805454873466 0.13458498023715412 0.51430096229215672 -0.43754999999999994 0.42795000000000005 0.030705000000000003 0.92055000000000009 0.010455000000000001 -0.012864999999999998 -0.12828999999999999 0.11504500000000002 -0.010364999999999997 0.30215000000000009 0.22127500000000003 0.055451213500000006 0.07311610483730159 0.17205000000000001 0.076647979861844309 0.016995000000000007 0.012585000000000001 0.99435000000000007 0.010725000000000002 30.710054397583011 -0.59134999999999993 0.013015000000000001 0.56999143137233188 -1.1540952920913694 0.45700000000000007 17.500000000000004 12.705000000000002 5.1020798683166513 -0.035469999999999995 0.17060000000000003 1.5297500000000002 0.035925000000000006 0.37407627701759344 -0.11052759539914649 1.5000000000000002 50.501972652072787 220.50000000000003 0.059983229931125308 -0.010724999999999998 1.0312000000000003 23.500000000000004
decision_type=2 2 2 2 2 2 2 2 2 2 2 2 2 2 2 2 2 2 2 2 2 2 2 2 2 2 2 2 2 2 2 2 2 2 2 2 2 2 2 2 2 2 2 2 2 2 2 2 2 2 2 2 2 2 2 2 2 2 2 2
left_child=1 2 4 10 5 17 13 9 12 -8 44 -11 -9 14 32 -5 -16 54 34 22 23 31 43 25 -23 33 53 -24 -7 52 -31 -22 -6 -21 35 36 37 -2 46 40 -12 -41 -43 -20 -4 -3 48 -48 -36 50 -49 -28 -25 -27 -1 -19 57 -38 59 -58
right_child=18 45 3 15 6 28 7 8 -10 11 39 -13 -14 -15 16 -17 -18 55 19 20 21 24 27 29 -26 26 51 -29 -30 30 -32 -33 -34 -35 38 -37 56 -39 -40 41 -42 42 -44 -45 -46 -47 47 49 -50 -51 -52 -53 -54 -55 -56 -57 58 -59 -60 -61
leaf_value=-0.00047029380993287716 -0.0055594979099186231 -0.00797120260355841 -0.0073870367757881469 0.023647889371007279 0.0052130580115753765 0.034201750189358261 -0.0040299511041192804 -0.016454357234411195 0.012520143345612302 0.027310259185908223 -0.013920951637163578 0.00067221414038161852 -0.0049316591385922962 -0.016633469826063146 -0.006642648211353493 -0.0016422006772413456 0.023290446018237473 -0.0098588480017079497 0.0085637846340544874 -0.0044675670217729545 -0.0054781899367487546 0.0013263370354985806 0.034012951266318772 0.017398105968805175 0.032925673414402799 0.0091338410521922975 0.022121924853458763 0.0060293634370311476 0.0056627017647585213 0.029966403786322288 0.00052584588457938852 0.010685071722522341 -0.015633521515051135 0.026429784358072039 0.014146075363055208 -0.013400541312156795 -0.0020881971629184972 0.029792829139451579 -0.0041750966840565949 -0.0027582745220767271 0.03462764370681564 -0.008250009597457187 -0.017793297778460334 -0.014483171627335261 0.017466668175229631 0.0064097981944159031 -0.0042077912949933238 0.040222988181191015 -0.0042840984047523749 0.009247964191337707 0.0091797009914988612 -0.011289302810370454 -0.0037051121613398035 -0.017607804469289081 0.022972428213119313 0.013902949064223701 0.02184784171975928 0.023062923106066273 -0.002799878163940435 -0.012429041902273778
leaf_weight=20.731988631188869 178.08870121091604 36.848851725459099 28.268118478357792 16.354659855365753 68.910265497863293 25.954791136085987 71.262980341911316 174.04653912782669 30.78103594481945 27.005440235137939 15.500213943421842 27.82449746131897 138.4552838280797 16.338508501648903 11.969301819801329 69.105130888521671 50.953443259000778 53.676226072013378 66.324897259473801 16.845479398965839 57.038447737693787 17.645604938268661 53.897573962807655 19.482621923089027 65.726235538721085 8.5114175826311094 12.487629622220995 19.580207273364067 19.302182465791702 25.559532001614571 14.471194505691527 63.177700459957123 21.512504860758781 12.053060322999952 34.61368228495121 45.797897458076477 25.615643255412579 9.8595090508460981 58.008067697286606 54.596267096698284 7.6330117881298056 119.98182740062475 340.63995907455683 15.061362847685812 16.936951175332069 435.13339995592833 25.045663774013519 24.74952232837677 72.783108651638031 88.040383458137512 27.933481961488724 9.019702732563017 52.547570183873177 104.90548696368933 25.253096014261246 11.91995247453451 29.689475402235985 39.914089500904083 106.99609679728746 8.321083299815653
leaf_count=108 903 189 153 83 374 126 359 1117 148 126 102 139 721 117 66 363 272 298 306 82 271 80 240 87 297 42 60 85 94 117 66 301 132 57 160 233 123 48 270 360 36 756 2628 88 86 2132 120 112 341 403 129 44 259 651 129 61 161 184 558 56
internal_value=0.000643575 -0.00240065 -0.00486959 -0.0100063 -0.000531141 0.00873985 -0.00283557 -0.00560818 -0.00920603 0.00417357 -0.012039 0.0145035 -0.0114412 0.00479936 0.00734869 0.00381334 0.0175547 0.00247826 0.00482235 0.00757713 0.00503461 0.012903 0.0152123 -0.000845482 0.0265065 -0.00768572 -0.0115237 0.0270668 0.0231014 0.00909604 0.0200764 0.00306759 -7.73753e-05 0.00965126 0.00254911 -0.00019279 0.0014108 -0.00328145 0.00619731 -0.0132592 0.00416614 -0.0140605 -0.0153745 0.00394793 0.0024152 0.00524531 0.00842063 0.012559 0.00187107 0.0155678 0.0250979 0.00843253 0.00245412 -0.0154237 0.013001 -0.005136 0.00558736 0.0135586 0.00179032 0.0139957
internal_weight=3346.69 1936.9 1464.91 669.016 795.898 156.838 639.06 469.376 343.283 126.093 583.556 54.8299 312.502 169.684 153.346 85.4598 62.9227 111.581 1409.79 634.336 479.472 203.588 154.864 275.884 83.3718 163.823 134.924 73.4778 45.257 112.061 40.0307 120.216 90.4228 28.8985 775.456 444.282 398.485 187.948 331.174 538.351 23.1332 515.218 460.622 81.3863 45.2051 471.982 273.166 165.769 107.397 140.723 52.683 21.5073 72.0302 113.417 45.9851 65.5962 210.536 65.5297 145.007 38.0106
internal_count=18209 11275 8954 4567 4387 816 3571 2610 1986 624 4121 265 1838 961 844 446 338 596 6934 3133 2414 949 719 1465 377 936 797 325 220 529 183 572 506 139 3801 2266 2033 951 1535 3882 138 3744 3384 394 239 2321 1265 764 501 644 241 104 346 693 237 359 1082 307 775 217
is_linear=0
shrinkage=0.0226245


Tree=50
num_leaves=61
num_cat=0
split_feature=0 8 13 30 30 37 37 17 27 44 12 14 3 2 35 13 12 35 5 27 37 27 37 17 41 16 35 37 37 12 27 37 16 2 39 22 5 2 17 33 6 33 30 5 39 13 17 17 4 0 7 5 6 41 43 41 27 0 17 5
split_gain=65.9788 58.4995 47.6163 35.8056 27.6933 30.1625 26.782 30.2341 24.639 23.5354 22.4151 22.2268 19.2669 21.2874 19.0848 18.279 17.5246 17.4778 17.4338 17.2265 21.6158 22.5724 21.1309 21.0828 27.4982 18.779 20.2262 16.8638 16.8504 48.1041 30.9251 27.457 62.1356 26.0447 23.5895 22.7649 18.6731 17.2006 18.6148 16.332 16.277 15.2904 15.0827 19.5403 13.9896 13.6039 13.2601 14.6715 13.2209 13.1568 13.103 13.0459 12.8509 12.5571 15.8852 17.5333 12.2852 12.1511 11.8876 11.6661
threshold=0.56155845500000012 0.017208934000000002 0.15419500000000003 -0.026534999999999996 0.013645000000000003 0.54580000000000017 -0.15764999999999998 0.98875000000000013 0.016535000000000005 0.23495000000000002 -0.36715499999999995 1.0546000000000002 1.005483677767675 0.26884113329126119 3.5000000000000004 0.47184500000000007 -0.25933999999999996 22.500000000000004 -0.24861906468868247 0.060260000000000008 0.31225000000000008 0.012405000000000001 0.92170000000000007 1.0003500000000003 0.44268956918204116 -0.91704999999999992 3.5000000000000004 -0.19854999999999998 0.59515000000000007 0.0069900000000000006 0.017295000000000001 -0.45749999999999996 1.0136500000000004 0.65533596837944674 0.22345000000000001 4.762150000000001 11.413925170898439 0.98026636032633052 -0.98214999999999986 -0.46725 0.23196128677473127 0.59640000000000015 0.048445000000000009 2.6055588722229008 0.16745000000000002 0.114385 1.0332500000000002 1.0162500000000001 3.5000000000000004 0.040940394500000012 60.22553729574679 -3.9434708356857295 0.00059067775830830011 -0.14397143213844174 0.58110167587670802 0.15694437006462925 -0.016984999999999997 0.28322727000000009 -0.98484999999999989 -2.3287510871887203
decision_type=2 2 2 2 2 2 2 2 2 2 2 2 2 2 2 2 2 2 2 2 2 2 2 2 2 2 2 2 2 2 2 2 2 2 2 2 2 2 2 2 2 2 2 2 2 2 2 2 2 2 2 2 2 2 2 2 2 2 2 2
left_child=1 2 3 45 5 8 14 39 16 17 -9 -11 13 -7 -4 -12 -5 59 -17 20 23 42 -23 25 46 26 -3 -28 31 33 58 32 -2 51 35 37 -36 38 -33 -8 -40 -10 44 50 52 -1 47 -25 -34 -41 -44 -30 -22 -16 55 -55 -38 -26 -31 -6
right_child=28 19 6 4 9 12 7 10 41 11 15 -13 -14 -15 53 18 -18 -19 -20 -21 21 22 -24 24 57 -27 27 -29 29 30 -32 34 48 -35 36 -37 56 -39 40 49 -42 -43 43 -45 -46 -47 -48 -49 -50 -51 -52 -53 -54 54 -56 -57 -58 -59 -60 -61
leaf_value=0.0033889571895324429 0.00075504256417950524 -0.011288186217823921 0.034480763229679211 0.0035750517138487207 0.0084655077830490515 -0.0024975518573529987 0.029001039138154244 0.020658837817657417 -0.0040348815733560889 0.032742098904738254 -0.011996528769716991 -0.0093874763995510178 -0.011677069726069182 0.030582247686748231 -0.0085537658780490029 -0.017329704098250704 -0.015253960131209889 -0.014924797265621844 0.015423163753212945 0.023090169427411641 -0.01346823673911913 0.019779019912931673 -0.0006452963136944727 0.011106422605979131 0.030477024228624063 -0.013192298675397184 0.0025608638055175767 0.019621276300521 -0.014874502122336276 0.013248144350335183 0.031318421449881707 0.0098622868856349955 0.027485183018716046 -0.01586898808111567 -0.0085607874390181849 0.028972825245094935 0.025057922856699742 0.019921307058130881 -0.0040869719188611582 -0.018639570978998845 0.016701797958956485 0.024839353084723573 0.025989121738257744 -0.0089119494241509303 -0.023686808111465719 -0.017599875456244363 0.016989170829736135 -0.0076468945777166588 0.0048169738757522134 0.007464114723754682 0.00050939894181693856 0.0081684572287237644 0.0054000996449861029 0.026853600944634237 -0.011790286213239326 0.0036919359240760647 -0.00013859810363671274 0.0018709263581575182 -0.0094046127901632678 -0.004329080139100514
leaf_weight=197.25537518411875 160.02186203747988 29.267530739307404 13.743578329682348 25.636849150061607 45.946574151515961 19.427442103624344 14.024432748556135 11.820095583796499 46.976310826838017 14.683447390794756 144.65310131758451 8.4321590065956098 21.779833115637302 16.704018488526344 17.48762208968401 9.1458935886621457 487.18375834822655 59.887894339859486 24.986847773194313 20.106501266360283 41.972189530730247 37.404567360877991 72.227846249938011 36.080048456788063 43.372533209621906 33.07820850610733 82.638226866722107 44.304219424724579 11.310444429516791 55.914146572351456 60.541502490639687 89.347523525357246 78.079056605696678 32.259785532951355 173.48485147953033 15.122092351317404 11.435649096965788 24.791624017059803 205.93213177472353 8.3900904431939107 18.385161101818085 8.682869151234625 16.336795881390572 44.953954994678497 31.775357529520988 14.29299385845661 35.937095947563648 44.370582930743694 17.392231538891792 82.718607917428017 22.581818968057632 123.25229848921299 29.290050074458122 32.423123002052307 10.58012895286083 33.825909674167633 31.983014062047005 9.5670586079359037 12.633558839559553 141.56953385472298
leaf_count=1000 764 145 67 138 233 115 67 55 258 67 878 52 124 82 97 49 3812 331 126 86 216 171 345 181 199 162 393 214 54 253 266 438 355 153 899 73 52 110 1023 47 85 43 76 224 176 75 168 220 77 412 113 587 151 156 63 174 148 44 60 786
internal_value=0.000575478 -0.00171222 -0.00418228 -0.00660077 -0.00857032 -0.0111743 0.00245635 -0.0010896 -0.012754 -0.0024862 -0.00643269 0.0180389 0.00420123 0.0139288 0.0119363 -0.00852424 -0.0142979 -0.00459026 0.00597859 0.00381373 0.00312324 -0.00139175 0.00665238 0.006838 0.012568 0.00160017 0.00491548 0.00881967 0.00502911 0.00964185 0.0198491 0.00334867 0.00946745 0.00153964 0.000574394 0.00416604 -0.00525817 0.00282154 0.00130029 0.00851019 -0.00219214 0.00147404 -0.00613954 0.000994952 -0.0118157 0.00175256 0.00612939 0.000856992 0.0236188 0.00456058 0.0122632 0.00595931 -0.00580481 0.00772288 0.0116037 0.0156769 0.00764821 0.0256723 0.00886133 -0.00111304
internal_weight=3309.41 2187.52 1512.26 1108.46 896.911 626.391 403.799 295.739 568.48 270.52 190.606 23.1156 57.9113 36.1315 108.06 178.786 512.821 247.404 34.1327 675.265 655.158 296.543 109.632 358.616 169.327 189.288 156.21 126.942 1121.89 295.912 129.089 825.975 255.493 166.823 570.482 353.579 216.904 338.456 313.665 105.133 224.317 55.6592 186.91 83.8726 103.038 211.548 116.388 80.4506 95.4713 91.1087 38.9186 134.563 71.2622 94.3168 76.8292 66.249 43.4187 52.9396 68.5477 187.516
internal_count=17988 12591 9307 7116 6041 4572 2191 1634 4251 1469 1108 119 321 197 557 1053 3950 1350 175 3284 3198 1472 516 1726 812 914 752 607 5397 1373 579 4024 1196 794 2828 1729 1099 1656 1546 526 1108 301 956 413 543 1075 569 401 432 459 189 641 367 490 393 330 200 243 313 1019
is_linear=0
shrinkage=0.0226245


Tree=51
num_leaves=61
num_cat=0
split_feature=29 0 13 12 28 5 28 35 35 45 37 29 28 5 33 29 37 16 27 37 12 2 13 28 28 35 12 45 12 45 34 0 44 37 26 27 34 37 37 33 28 35 8 35 1 30 29 37 0 1 34 8 27 37 15 7 5 41 12 34
split_gain=69.032 65.1367 44.1372 42.2324 30.9236 29.7536 28.3113 26.9961 30.3859 26.7986 39.655 26.7679 26.1113 21.8779 21.4604 20.7305 27.2729 23.2349 19.6537 34.625 19.4428 25.2715 18.6043 19.1904 17.9364 17.8885 20.524 18.8972 18.3695 17.5211 27.7954 16.8855 20.1157 16.4263 23.123 16.2404 30.1816 23.4801 33.814 33.666 24.2412 19.2817 19.8776 16.8901 16.8429 15.7932 15.7193 17.0896 17.0279 15.159 18.1127 14.073 13.3149 13.2604 12.8101 12.7914 12.4805 19.149 13.3688 16.0984
threshold=0.013475000000000003 0.56155845500000012 0.15419500000000003 0.091220000000000009 0.025605000000000006 -1.3330520987510679 0.084100000000000022 3.5000000000000004 30.500000000000004 1.9749000000000003 -0.27679999999999993 0.011175000000000003 0.022555000000000002 2.3955308198928837 -0.40814999999999996 -0.00023499999999999999 -0.33839999999999998 -1.0899999999999999 -0.010364999999999997 -0.51034999999999986 -0.29243499999999994 0.45905096334280887 -0.29942999999999992 -0.0019349999999999999 0.009955000000000002 7.5000000000000009 0.089090000000000016 2.0057000000000005 -0.038039999999999997 1.9481000000000002 87.500000000000014 0.71158105000000005 0.15485000000000002 0.28265000000000001 -0.36354999999999993 0.016695000000000005 171.50000000000003 -0.25479999999999997 0.92170000000000007 -0.22524999999999998 0.035925000000000006 5.5000000000000009 0.080401420500000015 8.5000000000000018 0.1380455905000901 0.0054100000000000007 0.016415000000000003 0.9789000000000001 0.46616187500000006 0.22584060674361178 227.50000000000003 -0.017775118499999996 0.035495000000000006 0.50155000000000005 1.0326500000000001 34.861988333318983 2.6752760410308842 0.70964823623693518 -0.014884999999999997 114.50000000000001
decision_type=2 2 2 2 2 2 2 2 2 2 2 2 2 2 2 2 2 2 2 2 2 2 2 2 2 2 2 2 2 2 2 2 2 2 2 2 2 2 2 2 2 2 2 2 2 2 2 2 2 2 2 2 2 2 2 2 2 2 2 2
left_child=1 2 3 4 5 15 18 11 9 29 24 20 -12 14 52 17 -17 -1 19 -2 -4 -22 23 -7 -11 26 27 -16 49 -9 -31 32 -30 55 -35 36 56 41 39 -39 -40 -37 43 -43 -41 -36 -38 48 -48 50 -27 -15 -3 -33 -24 -5 57 -20 59 -58
right_child=6 13 7 33 -6 22 -8 8 -10 10 12 -13 -14 51 25 16 -18 -19 35 -21 21 -23 54 -25 -26 28 -28 -29 31 30 -32 53 -34 34 45 37 46 38 40 44 -42 42 -44 -45 -46 -47 47 -49 -50 -51 -52 -53 -54 -55 -56 -57 58 -59 -60 -61
leaf_value=0.015769373204601315 0.032604008611229418 -0.0068023816431249376 -0.0068069510223674632 -0.016279245077692746 0.01280550343494506 -0.0081815545772727215 0.02726687152591957 -0.0018101259717481087 0.034232028753652582 -0.004337421091263261 -0.016281040950734557 -0.019545057413057374 0.0044663479060177624 0.0083995688148786919 0.026360976700988921 0.019179289741233629 -0.0041720017224833672 -0.014617513112511941 -0.0013054950042767144 0.0063138418021025065 0.034645746862400503 0.0038635544201716995 -0.015224644961331706 0.024581226295611495 0.0204071745417733 0.0077233813343782114 -0.0045136215582173879 0.0043409382309667534 0.016282885469581471 0.00025798376709011732 0.036478531368750407 0.0071625658706427594 -0.011080195632838775 -0.00061495966952651408 0.044482878691025206 -0.012111486290970863 -0.0057962905575542779 -0.00023992367648509921 0.024983562903775125 0.026978653408054509 -0.0048591277117968198 0.016078062929965772 0.026327991235793168 -0.0021979426813694301 0.0050373651835122994 0.0089390015460600967 0.0064024439864445257 -0.0087676992045809567 0.021963192094206094 -0.015990147716943896 -0.015925666429078739 -0.0088441186793090307 0.013972158464931076 0.022841313457945451 0.010261105509371022 -0.00026306970468677155 0.0022179789884600224 0.024903799560787233 -0.013466351400721582 -0.011778095195248216
leaf_weight=12.45911832153797 29.315820127725601 84.084087759256363 11.942664280533789 27.111153021454811 27.665369629859924 28.35853785276413 25.260527953505516 42.986437156796455 9.0847827792167646 25.182533390820026 136.47517309337854 8.7018954157829267 38.57132588326931 30.138002499938011 68.140135034918785 34.062644883990288 80.948570780456066 92.788281887769699 73.549469321966171 136.98115377128124 35.19854561984539 22.528691150248051 477.71981924772263 10.05956920981407 31.308516636490822 76.577785834670067 19.983815506100655 29.553851895034313 19.504031613469124 21.654003702104092 18.917116835713387 61.416383668780327 32.742761880159378 43.022248059511185 9.9775899946689623 44.886078149080276 37.378532461822033 43.521943584084511 13.758377641439436 96.846178650856018 82.451804488897324 29.438457921147346 15.550227642059324 127.3627932369709 23.682349652051926 16.533466100692749 96.909586951136589 19.900501519441605 58.051339894533157 25.264083430171013 18.119640715420246 90.694269865751266 16.496030673384666 53.875278264284134 8.4225434809923154 171.65712191164494 122.5658311098814 14.736522763967512 81.398237504065037 60.601805552840233
leaf_count=60 127 413 56 174 137 173 111 212 43 137 865 44 196 143 324 165 535 561 361 632 177 119 3604 53 147 374 103 143 95 116 93 313 195 209 51 214 205 205 62 429 391 135 66 592 107 89 473 99 267 139 90 470 76 241 46 933 602 70 427 299
internal_value=0.000568694 -0.00195596 -0.0045978 -0.00705294 -0.00973019 -0.0106136 0.00479775 0.00175493 -0.00115809 -0.00248059 -0.00643125 0.0134168 -0.0117111 0.00412262 0.00618375 -0.00357395 0.00304473 -0.0106947 0.00426427 0.0114267 0.0181489 0.0233904 -0.0135336 0.00151759 0.00970249 0.00849392 0.0158421 0.0200161 0.00535834 0.00831548 0.0184505 0.0101338 -0.000546953 0.000676826 0.00991249 0.00309338 0.000490846 0.00615182 0.0106966 0.0168534 1.30907e-05 0.000637874 0.00410338 0.00146231 0.0228866 0.0253765 0.00717804 0.0100007 0.0125275 -0.00139259 0.00286033 -0.00444732 -0.00309976 0.014869 -0.014725 -0.00264982 -0.00355714 0.00372054 -0.0059997 -0.00252377
internal_weight=3304.08 2069.93 1443.34 1040.79 772.484 744.819 1234.15 402.552 324.18 315.095 231.538 78.3718 175.046 626.59 505.758 220.259 115.011 105.247 1208.89 166.297 69.6699 57.7272 524.56 38.4181 56.4911 405.178 117.678 97.694 287.5 83.5576 40.5711 167.538 52.2468 268.302 69.5333 1042.59 565.092 477.498 260.261 164.05 96.2102 217.238 172.351 156.801 120.529 26.5111 212.24 174.861 154.961 119.962 94.6974 120.832 100.58 115.292 486.142 198.768 352.852 88.286 264.566 183.168
internal_count=17988 12114 8995 6790 5334 5197 5874 2205 1809 1766 1345 396 1061 3119 2506 1321 700 621 5763 759 352 296 3876 226 284 2017 570 467 1447 421 209 844 290 1456 349 5004 2803 2201 1194 741 453 1007 793 727 536 140 1044 839 740 603 464 613 489 554 3650 1107 1759 431 1328 901
is_linear=0
shrinkage=0.0226245


Tree=52
num_leaves=61
num_cat=0
split_feature=27 37 28 12 45 37 7 6 37 23 37 27 12 37 28 37 28 34 23 0 30 39 35 12 18 13 29 8 13 21 1 12 9 9 37 6 8 34 5 29 15 22 0 21 5 0 27 34 37 18 1 5 2 12 2 6 12 5 22 1
split_gain=76.7368 98.3245 95.7881 75.914 43.0144 36.5437 30.8532 30.636 29.5108 27.0707 24.7143 28.7651 23.6129 56.7177 52.3792 29.667 25.2393 23.4103 22.8594 22.8206 22.767 22.5503 20.2037 19.9805 19.9313 18.7577 17.041 16.5022 16.1202 15.8367 15.7106 15.6531 14.7345 14.436 13.5955 25.5634 17.637 18.8135 14.2679 16.212 26.5723 19.0742 12.8633 12.8544 12.0005 11.9494 11.6093 11.5695 11.5256 10.8406 10.7796 10.7142 10.4813 10.427 10.3235 12.0222 10.1867 10.1039 9.95074 9.48198
threshold=0.016535000000000005 -0.55539999999999989 0.013855000000000001 -0.12493999999999998 2.0383000000000004 -0.2644999999999999 81.985075006175109 0.042300032050995556 0.53815000000000013 72.975000000000009 -0.23454999999999995 -0.011314999999999999 -0.087049999999999975 0.44980000000000003 0.0019800000000000004 0.85985000000000011 0.062765000000000015 27.500000000000004 68.465000000000018 0.080231920000000026 1.0000000180025095e-35 0.055050000000000009 5.5000000000000009 0.18279500000000001 1.0136500000000004 0.43019000000000002 0.019635000000000003 -0.0069328545999999989 -0.24049999999999996 12.985000000000001 -0.26183854822012126 -0.17350499999999996 2.5000000000000004 1.0000000180025095e-35 0.15120000000000003 -0.13943592299749566 0.059275507000000005 207.50000000000003 16.279755592346195 0.00024500000000000005 0.99475000000000013 3.4459500000000003 0.15421334000000003 19.795000000000005 -5.4532322883605948 1.1386971000000001 -0.010204999999999999 1.5000000000000002 -0.42824999999999996 0.9214500000000001 0.21794182921518468 37.605039596557624 0.87056242520941374 -0.019229999999999997 0.53784250016748192 -0.010332298933244348 -0.20354999999999998 3.9870223999023442 1.4009500000000001 -0.32107390697998184
decision_type=2 2 2 2 2 2 2 2 2 2 2 2 2 2 2 2 2 2 2 2 2 2 2 2 2 2 2 2 2 2 2 2 2 2 2 2 2 2 2 2 2 2 2 2 2 2 2 2 2 2 2 2 2 2 2 2 2 2 2 2
left_child=1 2 24 29 6 22 7 8 9 -5 11 -8 15 14 19 -7 42 -10 47 -14 32 -22 52 28 31 44 27 -21 58 30 -3 -1 -9 -18 35 -31 37 -37 39 41 -41 -36 -17 -13 -15 -20 -4 -6 -49 -40 -28 -50 -2 -48 55 -32 -57 -16 -24 -25
right_child=5 3 46 4 18 12 10 20 17 -11 -12 43 13 25 57 16 33 -19 45 26 21 -23 23 59 -26 -27 50 -29 -30 34 54 -33 -34 -35 38 36 -38 -39 49 40 -42 -43 -44 -45 -46 -47 53 48 51 -51 -52 -53 -54 -55 -56 56 -58 -59 -60 -61
leaf_value=0.0036045534622959393 -0.014424878102035021 -0.01050385251829444 0.033995847762764195 -0.012974974867824021 0.020257549017090971 0.026005459298352226 0.026035854983754159 0.017678312014918211 0.020518821810246588 0.0074023576364213393 -0.022709759048049092 -0.018779831654929566 0.026715027941049154 0.0077536372090288453 0.0097590949850593946 0.0044323249356032317 0.029999525938618182 -0.0046067946722933555 -0.013330239563696715 0.003984857036310489 0.0093367833348342432 -0.0090944777364337006 -0.0093563199474231921 -0.0053002866147656346 0.0115697569930881 0.0070221154477598914 0.011484266915348977 -0.012651135494435832 -0.015137137288735988 -0.0088327973154658269 0.024719613177471844 -0.013754140983787131 -0.0028606443370418847 0.0010998373161547601 -0.012437618081974699 0.0017751628284759704 0.034396074793493152 0.018650838205347461 0.0088202994366649839 0.016564040818480969 0.00023211726595597401 0.0042933317251437064 -0.017422849168219293 0.0056045960475916623 0.031825395854357327 0.007838490296081994 0.025506101515736082 0.02303281614798908 0.0023107380605283372 -0.011979557151744303 -0.011898127347797152 -0.019861725978762537 0.0092335214053091905 -0.0013684305926842989 0.035626587121036238 -0.015262156627482253 0.010272903086774253 0.034314313940163321 0.0057405312370463757 0.011148291792064068
leaf_weight=48.836708158254623 57.102969020605087 11.097722291946409 67.486088708043098 522.36817014217377 17.503109350800514 17.472654432058334 9.7734868377447111 44.648743435740471 22.850179672241211 33.82603906840086 128.74045325815678 35.850549228489399 13.25016914308071 14.514182791113852 15.646299675107 17.251562625169754 10.29099729657173 69.644487604498863 70.264236748218536 48.213275551795959 42.069668330252171 139.40498162806034 28.245724886655807 19.252223744988441 49.097827091813087 28.0731251090765 56.93584705889225 75.365015111863613 38.284247405827045 44.965628892183304 17.106317594647404 53.061701655387878 27.510100096464157 27.612822845578194 82.039525933563709 99.623080864548683 11.270764648914335 48.851446904242039 13.004820644855497 61.39055997133255 247.07045650482178 57.216390937566757 50.234846517443657 13.935222044587134 88.067561283707619 14.751566797494887 14.274049371480944 10.200285553932188 207.88907315582037 79.993338286876678 9.6889078766107541 8.894824415445326 9.3516077250242216 12.48257067799568 9.7076200693845731 9.1291340440511686 21.124753341078765 30.196974575519562 76.637508496642113 119.44592216610909
leaf_count=241 284 56 307 3735 83 77 45 239 111 208 1069 232 62 66 73 82 47 386 367 233 225 783 136 90 229 126 257 406 203 216 85 329 146 126 426 496 50 242 63 297 1216 289 242 83 386 67 60 48 1038 395 44 45 44 54 46 44 105 136 370 556
internal_value=-0.00010721 -0.00212003 0.0113963 -0.00361681 -0.00676892 0.00574251 -0.00892817 -0.00714772 -0.00974458 -0.0117038 -0.0172227 -0.0048596 0.00962661 0.0123965 0.00594249 0.00097276 -0.0037612 0.00203427 0.000393473 0.000883213 -0.000471034 -0.00474224 0.000102536 0.00276861 0.000119401 0.0243155 -0.00128953 -0.00621797 -0.00313635 0.00188969 0.0120967 -0.00556476 0.0100394 0.0105171 0.000913145 0.00583566 0.0100483 0.00757799 -0.00097161 0.000720204 0.00360624 -0.00561582 -0.0118834 -0.0120215 0.0287256 -0.00952 0.0289225 0.00391173 0.0024122 -0.00889252 0.0077302 0.0011514 -0.0108493 0.014058 0.0167865 0.0110962 0.00190801 0.0270104 0.0015328 0.00880344
internal_weight=3330.09 2478.96 245.239 2233.72 1420.13 851.134 1090.62 902.322 648.689 556.194 188.3 59.5593 502.814 379.951 249.296 122.863 105.39 92.4947 329.503 203.453 253.633 181.475 348.32 281.866 150.996 130.655 190.203 123.578 143.167 813.592 68.1655 101.898 72.1588 37.9038 745.426 204.711 159.745 148.475 540.715 447.717 308.461 139.256 67.4864 49.7858 102.582 85.0158 94.2427 244.487 226.984 92.9982 66.6248 216.784 66.4546 26.7566 57.0678 47.3602 30.2539 45.8433 104.883 138.698
internal_count=18202 14156 1220 12936 8910 4046 7262 5833 4440 3943 1429 360 2363 1789 1211 574 497 497 1648 1002 1393 1008 1683 1355 799 578 940 639 709 4026 336 570 385 173 3690 1004 788 738 2686 2228 1513 715 324 315 452 434 421 1214 1131 458 301 1083 328 114 280 234 149 209 506 646
is_linear=0
shrinkage=0.0226245


Tree=53
num_leaves=61
num_cat=0
split_feature=27 37 28 12 45 37 7 6 37 37 27 3 12 37 28 37 28 34 0 30 1 35 16 12 28 30 29 8 9 35 30 30 9 41 27 35 21 21 8 12 27 37 37 0 21 1 1 21 27 6 29 34 12 44 27 21 2 8 29 28
split_gain=73.4726 94.337 92.5551 73.0401 41.5277 35.0857 30.2565 30.1017 28.5242 24.5442 31.0663 22.7365 22.5213 54.4457 49.8546 28.3286 24.3052 22.3329 21.8152 20.9378 19.4339 19.3724 19.2349 19.0671 18.8244 18.496 16.2949 15.8987 15.6887 15.2398 19.4822 14.0123 13.784 13.7265 19.0227 13.4138 17.7904 13.2729 19.4831 12.8352 12.636 17.5072 13.7729 12.4464 12.1885 17.0527 19.7469 14.2692 13.3979 13.2454 11.5812 11.5303 11.2743 13.838 11.1429 10.9217 10.733 10.6756 20.8737 10.6574
threshold=0.016535000000000005 -0.55539999999999989 0.016530000000000003 -0.12493999999999998 2.0383000000000004 -0.2644999999999999 80.752827690397439 0.042300032050995556 0.53815000000000013 -0.23454999999999995 -0.011314999999999999 0.58101518185326728 -0.087049999999999975 0.44980000000000003 0.0019800000000000004 0.85985000000000011 0.062765000000000015 27.500000000000004 0.080231920000000026 0.0086600000000000028 0.14154344167778068 5.5000000000000009 1.0136500000000004 0.18279500000000001 -0.010334999999999999 0.0050050000000000008 0.019635000000000003 -0.0069328545999999989 2.5000000000000004 3.5000000000000004 0.043965000000000011 -0.11663499999999997 1.0000000180025095e-35 0.01852197511094569 -0.011504999999999998 8.5000000000000018 14.075000000000001 19.335000000000004 0.051865607500000008 -0.070144999999999985 -0.0019299999999999999 0.9789000000000001 0.33825000000000005 0.15421334000000003 18.425000000000004 0.35295111406749663 -0.21600473755403901 21.885000000000002 0.00033500000000000007 -0.013747424646946598 -0.00097499999999999985 104.50000000000001 -0.031599999999999996 0.27605000000000007 0.056540000000000007 19.795000000000005 0.8899376634613495 0.014055103000000001 -0.0080649999999999975 0.0086250000000000025
decision_type=2 2 2 2 2 2 2 2 2 2 2 2 2 2 2 2 2 2 2 2 2 2 2 2 2 2 2 2 2 2 2 2 2 2 2 2 2 2 2 2 2 2 2 2 2 2 2 2 2 2 2 2 2 2 2 2 2 2 2 2
left_child=1 2 22 29 6 21 7 8 19 10 -8 20 15 14 18 -7 43 -10 -14 -5 -9 56 52 35 -15 39 27 -20 -13 44 31 -31 -18 -27 -35 -23 -37 38 50 -6 42 -42 -33 -17 45 46 -3 49 -48 -46 -32 -26 -1 -54 59 -12 -2 58 -24 -38
right_child=5 3 -4 4 25 12 9 11 17 -11 55 28 13 24 -16 16 32 -19 26 -21 -22 23 57 -25 51 33 -28 -29 -30 30 37 40 -34 34 -36 36 54 -39 -40 -41 41 -43 -44 -45 47 -47 48 -49 -50 -51 -52 -53 53 -55 -56 -57 -58 -59 -60 -61
leaf_value=0.0025778235856376602 -0.014262941326888899 -0.0020941865053522453 0.033402553965631666 -0.015079470406707108 0.02354196426656989 0.025344680923761395 0.025986998227180799 0.023815573768240665 0.019970338017195916 -0.022267305401203086 -0.018212126463735299 0.00054046897024718436 0.026023238561149534 0.030852542976205793 0.026297302506210339 0.0043400790471218786 0.029242329319165261 -0.0045165550749038845 0.0038938596121095128 -0.0058858237508509371 0.00029450840620966662 0.011180518774446518 0.0022156766915908516 0.0085800442834228548 0.0039999507490044309 -0.010495608394571003 0.0075359896666883476 -0.012445536430107047 -0.013131190179806683 0.013198205841447805 -0.0029084606981902949 -0.0028553244648690693 0.0010769497869296499 0.018097615422222005 -0.0040501834492516625 0.011439146127414757 -0.017487381603348215 -0.0070496182494240722 -0.0014564609496145369 0.003735010979114689 0.0044315644407416817 -0.017476486503102618 -0.014012333322987005 -0.017165502179362788 -0.010533552517869598 -0.010716835548587307 0.03132975842892663 0.017422072278835781 0.0065410695761252855 0.0080253191561676079 0.018197285126441275 0.025715817602890878 -0.018883529598934704 0.0079950946707745725 0.0071383398288768548 0.0038105976414026339 0.0097935985530294093 0.00066850130331927622 0.034888779056645794 0.0020683017941053746
leaf_weight=70.785418137907982 56.973039984703064 19.295160084962845 66.273706287145615 331.29355745762587 16.821560308337212 17.596549391746521 10.698522567749022 28.423226051032543 23.024007171392441 132.23393396288157 38.444686993956566 114.18285052478313 13.370156258344648 77.830525562167168 46.138165429234505 17.280775144696236 10.392333999276159 69.488405987620354 48.290409028530121 213.44462852180004 42.398834154009819 24.908261641860008 19.656238004565239 139.13519379496574 34.663908839225769 89.420939765870571 66.795043498277664 74.929562494158745 65.780522190034389 25.022821173071861 14.898609310388563 182.32036120444536 27.623015582561493 23.666479229927063 75.915484696626663 21.158054754137993 65.589233204722404 29.650901898741722 57.688716799020767 123.5681646168232 141.61888048052788 18.569159850478172 80.653987661004066 49.88180810213089 43.766491085290909 10.83406552672386 37.440802931785583 20.379534378647804 17.964323505759239 31.342958211898804 82.493572205305099 17.957556024193764 32.174503311514854 11.723576255142687 14.031939864158629 14.766427017748354 9.1674824953079206 25.588500559329987 18.427717074751854 17.297296121716499
leaf_count=355 285 93 302 2561 87 77 49 148 111 1110 250 640 62 345 209 82 47 386 233 1330 212 120 92 646 155 449 301 406 378 117 72 943 126 106 397 106 339 141 273 609 715 95 416 242 214 52 176 96 86 146 391 78 212 61 63 87 43 118 80 81
internal_value=-9.93148e-05 -0.00207348 0.011182 -0.00354184 -0.00664583 0.00562314 -0.00877827 -0.00696055 -0.00956353 -0.0167872 -0.00497503 -0.00031269 0.00942916 0.0121333 0.00581789 0.000973265 -0.00367334 0.00199828 0.000868459 -0.0115273 0.0102985 9.63294e-05 0.00252392 0.00270014 0.023825 0.000388302 -0.00126518 -0.00609958 -0.00458546 0.00185329 0.000186561 -0.00236269 0.0103 -0.00420759 0.00157565 -0.00307809 -0.00628143 0.00631251 0.00894964 0.0065357 -0.00336623 0.00162698 -0.00639242 -0.0116814 0.00758612 0.0136439 0.0174449 0.0019182 0.0240158 -0.0027785 0.0149778 0.0123646 -0.00302266 -0.0116546 -0.0103694 -0.0122192 -0.0106578 0.0122114 0.0193723 -0.0134742
internal_weight=3323.15 2472.14 244.63 2227.51 1413.57 851.01 1084.18 888.036 637.251 196.144 63.9096 250.785 502.75 379.975 249.523 122.774 105.178 92.5124 203.385 544.738 70.8221 348.261 178.356 282.12 130.452 329.393 190.015 123.22 179.963 813.94 632.917 448.185 38.0153 189.003 99.582 142.985 118.077 184.732 155.081 140.39 423.162 160.188 262.974 67.1626 181.023 85.5344 74.7003 95.489 55.4051 75.1094 97.3922 52.6215 114.683 43.8981 96.9185 53.2111 66.1405 63.6725 38.084 82.8865
internal_count=18202 14156 1220 12936 8910 4046 7262 5766 4388 1496 386 1378 2363 1789 1211 574 497 497 1002 3891 360 1683 918 1355 578 1648 940 639 1018 4026 3163 2286 173 952 503 709 589 877 736 696 2169 810 1359 324 863 407 355 456 262 360 463 233 628 273 483 337 328 290 172 420
is_linear=0
shrinkage=0.0226245


Tree=54
num_leaves=61
num_cat=0
split_feature=30 36 37 37 28 5 5 1 16 7 3 28 44 0 45 45 21 37 41 28 28 6 22 0 14 7 37 16 35 29 39 12 45 37 33 1 28 2 5 17 6 31 37 33 2 25 44 21 2 2 22 39 3 37 2 2 45 2 1 22
split_gain=61.1348 53.561 36.4785 37.3756 47.057 36.4979 32.4102 24.83 31.7347 22.864 24.9366 22.1993 20.9661 20.4905 18.3735 19.7004 17.7962 17.6148 17.1758 16.2435 15.9587 15.8103 14.5357 19.6218 15.6911 14.2885 17.475 14.0989 13.5542 13.5187 13.7072 12.5077 21.1819 20.689 12.4455 12.4338 12.33 15.1917 18.7785 12.0571 12.5768 13.4468 17.6994 13.1075 12.6626 11.9861 14.8658 11.9385 11.6885 14.5918 13.7867 19.6764 11.6024 11.5027 11.405 11.0696 13.4917 10.8885 10.8747 14.935
threshold=0.018095000000000003 0.73360000000000014 0.54580000000000017 -0.25479999999999997 0.0079750000000000012 7.8800220489501962 -0.18339703232049936 -0.19679264695244206 -0.96604999999999985 50.678147779306784 1.0615462696168416 0.017205000000000002 0.33550000000000008 0.48506810000000006 1.9819000000000002 2.0315000000000007 17.765000000000004 -0.52014999999999989 -0.082323841879680504 -0.0098049999999999977 0.0088250000000000012 0.054768498790269605 3.7395000000000005 1.0000000180025095e-35 0.36300000000000004 55.675799425537811 0.10250000000000002 -1.0447499999999998 23.500000000000004 0.030640000000000004 0.065150000000000013 0.083395000000000011 1.9643000000000002 0.30215000000000009 0.052050000000000006 -0.25730658383133476 0.010275000000000001 0.57374075200162167 9.0873656272888201 -1.0712999999999997 -0.079858749644512089 0.039055000000000006 0.093500000000000014 -0.10879999999999999 0.32016677068164484 2.1103500000000004 1.0000000180025095e-35 17.435000000000006 0.40319393089379069 0.56923844558368886 2.9512500000000004 0.095150000000000026 0.52912823217819061 0.22715000000000005 0.12673317021143102 0.18205492424242423 1.9881000000000002 0.25740586644476809 -0.13271719368954069 2.3627000000000002
decision_type=2 2 2 2 2 2 2 2 2 2 2 2 2 2 2 2 2 2 2 2 2 2 2 2 2 2 2 2 2 2 2 2 2 2 2 2 2 2 2 2 2 2 2 2 2 2 2 2 2 2 2 2 2 2 2 2 2 2 2 2
left_child=1 13 3 4 21 7 18 8 53 10 -4 -8 16 14 35 29 22 20 -6 -11 -18 52 24 -24 -2 26 55 -9 -27 -16 -31 32 -26 -34 39 47 -37 38 -38 -15 43 44 -43 -41 -42 46 -28 -1 50 -50 51 -17 -3 -5 -29 -19 -57 -22 -33 -60
right_child=12 2 9 5 6 -7 11 27 -10 19 -12 -13 -14 34 15 48 17 25 -20 -21 57 -23 23 -25 31 28 45 54 -30 30 -32 58 33 -35 -36 36 37 -39 -40 40 41 42 -44 -45 -46 -47 -48 -49 49 -51 -52 -53 -54 -55 -56 56 -58 -59 59 -61
leaf_value=0.018197783418521372 -0.0096278967654459986 0.005271380141715248 0.024460759915588718 -0.014718785434487267 -0.0046861475902155794 0.013623336941665414 -0.01122729265367786 0.015832104808860492 0.026760778249382802 0.012083395778633486 -0.0056505019192475033 0.016651057553533622 0.016549826341923306 0.016750131496780968 -0.010366782787715086 -0.0042151990768990403 0.003038894564946795 0.013269338976580503 0.024800584731474725 -0.017132099137852977 0.0070935414996878832 0.012238503772728832 0.022510364587324635 -0.0043092249422780442 0.02268332301607584 -0.0010708554034686358 0.0024004961779428989 -0.0079483814876603401 0.016172626816853709 0.024898090507065141 -0.0085308192017665759 0.0072255344547214597 0.010502601925308115 -0.0022442040544263481 0.0087319601232982991 -0.0050077635192466909 0.016663248376491208 -0.0090658164182307165 -0.0077493862480303493 -0.010396002670090576 -0.0064158988759908135 0.026986514863141797 -0.00041222908650492157 0.0090051099050351795 0.0058842741198568424 0.029602539701875756 0.020114123845352987 -0.0055959554078469859 0.019505416914535126 0.00020757716798338243 -0.010629125731301521 0.027694505693667548 -0.019930822261942448 0.0022707813939676141 -0.019451596549981898 0.0045534085875357016 -0.016753540446679677 0.02907788709427897 0.0015212248558813576 -0.017779348322939623
leaf_weight=39.882162429392338 39.686123266816139 9.5362294688820821 38.853130295872688 55.619201235473156 11.510450080037115 23.782362930476665 47.635252252221107 4.5151375383138648 12.116542488336561 12.331349685788153 19.839886605739594 17.756718024611473 62.066872134804726 21.533846378326416 228.89570255577564 30.450531765818596 35.634529739618301 22.590215593576431 49.409488148987293 25.54926010966301 19.258462756872177 8.8073434233665449 11.866134211421011 268.7326687425375 37.304328560829163 214.63547497987747 53.814853832125664 59.412572801113129 23.252169027924538 9.2723576128482836 10.749976843595503 48.792551040649414 145.59787438809872 114.63616989552975 185.61957356333733 105.87569031119347 59.760237917304039 24.378094300627708 19.78056001663208 79.190008714795113 75.604878962039948 22.278317138552666 23.019557982683182 20.360414355993271 91.429265663027763 20.012071818113327 42.644281595945358 12.909965395927427 27.824843749403954 57.970663741230965 63.572688162326813 11.34513536095619 68.572193659842014 30.251569032669067 270.16817267984152 33.953424960374832 23.377720355987549 38.265900790691376 52.485367506742477 30.380421921610832
leaf_count=207 196 60 181 478 61 131 290 29 64 61 103 78 299 93 1369 162 165 103 238 165 84 50 51 1320 173 1017 253 512 106 44 53 232 689 568 874 572 290 119 99 386 389 103 109 96 447 87 199 66 138 285 334 59 566 217 2296 154 115 168 257 150
internal_value=0.000260515 -0.00225602 -0.00693557 -0.00880936 -0.000969191 -0.0124473 0.00778739 -0.0139633 -0.00380938 0.00592528 0.0144949 -0.00327236 0.00399246 0.000686194 -0.0018297 -0.0046443 0.00334606 0.00651825 0.0192693 -0.00743885 0.015315 -0.0135358 0.00109718 -0.00295692 0.00352659 0.00454237 0.00901177 -0.0168831 0.000788619 -0.00880184 0.00813866 0.00479926 0.00734804 0.00492452 0.00408347 0.00288662 0.000359033 0.00581448 0.0105332 0.0014427 0.000241565 0.00334522 0.0138739 -0.00628573 0.000302353 0.0144944 0.0105893 0.0123906 0.000819784 0.0068983 -0.00418163 0.00567833 -0.0167755 -0.00885449 -0.0174652 0.000794483 -0.00452215 0.0224099 -0.000994913 -0.00591575
internal_weight=3326.36 1987.37 765.667 669.093 213.228 455.866 126.312 432.083 97.9873 96.5736 58.693 65.392 1338.99 1221.7 702.669 440.082 1276.92 527.439 60.9199 37.8806 93.1589 86.9158 749.482 280.599 468.883 434.28 196.393 334.096 237.888 248.918 20.0223 429.197 297.538 260.234 519.036 262.587 209.795 103.919 79.5408 333.416 311.882 212.332 45.2979 99.5504 167.034 116.471 96.4591 52.7921 191.164 85.7955 105.368 41.7957 78.1084 85.8708 329.581 79.9214 57.3311 57.5244 131.658 82.8658
internal_count=18260 11874 5580 5070 1343 3727 667 3596 759 510 284 368 6386 6294 3797 2444 6087 2451 299 226 417 676 3636 1371 2265 2034 911 2837 1123 1466 97 2069 1430 1257 2497 1353 1080 508 389 1623 1530 1048 212 482 836 539 452 273 978 423 555 221 626 695 2808 372 269 252 639 407
is_linear=0
shrinkage=0.0226245


Tree=55
num_leaves=61
num_cat=0
split_feature=43 30 0 27 28 37 12 1 13 6 14 5 44 35 17 5 13 37 12 37 23 28 37 27 14 31 34 17 5 17 17 21 16 1 35 36 37 7 41 5 28 5 0 17 7 37 37 37 16 1 12 17 16 33 7 30 37 33 2 2
split_gain=59.3628 44.642 31.8985 24.2517 23.4914 47.4164 33.9409 24.0767 23.0204 24.5075 21.2533 23.8177 33.4765 22.7847 18.546 18.3424 18.203 19.7926 17.4125 16.8092 24.2267 22.7253 22.9385 17.9969 16.802 16.5209 16.4983 13.4911 14.3524 13.4412 16.4326 15.8751 19.0581 13.345 24.2377 13.3209 16.6215 13.2851 13.1226 12.7643 12.5086 12.2601 11.5282 12.3912 21.6991 34.663 22.6363 11.403 11.3755 11.0963 10.7136 10.3913 9.92563 9.68855 10.0698 9.67905 11.6747 9.58695 9.58227 13.9688
threshold=0.65706549493097377 0.018095000000000003 0.48506810000000006 0.019170000000000003 0.014515000000000002 1.0000000180025095e-35 0.10984000000000001 -0.25730658383133476 0.24234000000000003 -0.065974689122346677 0.36300000000000004 -2.7265152931213374 0.14645000000000002 7.5000000000000009 -1.0001499999999999 -1.3986026048660276 0.19406500000000002 -0.36079999999999995 0.083395000000000011 0.61310000000000009 -24.184999999999999 0.024325000000000003 0.50155000000000005 0.0081450000000000012 0.72665000000000013 0.040635000000000011 111.50000000000001 1.0013500000000002 -2.806021928787231 0.98875000000000013 0.97335000000000016 19.580000000000002 0.98745000000000016 -0.037071979966114596 5.5000000000000009 0.6101000000000002 0.35170000000000007 45.806858962313356 0.4267615924760656 8.1006140708923358 -0.005154999999999999 2.8179309368133549 0.040940394500000012 -1.0001499999999999 27.661205747380816 0.26335000000000003 0.22715000000000005 0.030250000000000003 -1.0447499999999998 0.0039419301365584509 0.05773000000000001 1.0192500000000002 0.98745000000000016 -0.14919999999999997 51.339778579995858 -0.0082199999999999981 1.0618000000000003 0.044250000000000005 0.84213088261064284 0.34793265132139811
decision_type=2 2 2 2 2 2 2 2 2 2 2 2 2 2 2 2 2 2 2 2 2 2 2 2 2 2 2 2 2 2 2 2 2 2 2 2 2 2 2 2 2 2 2 2 2 2 2 2 2 2 2 2 2 2 2 2 2 2 2 2
left_child=1 2 4 16 6 18 8 14 9 26 -3 12 13 24 -8 -11 48 -18 37 21 23 25 27 -21 -12 35 -1 28 -23 30 -7 52 -33 40 -35 51 -37 -6 57 -32 -9 49 50 -44 45 -45 -46 -29 -2 -27 -13 -4 -31 54 -22 56 -55 -10 59 -15
right_child=3 10 19 -5 5 29 7 33 38 15 11 42 -14 58 -16 -17 17 -19 -20 20 53 22 -24 -25 -26 41 -28 47 -30 31 39 32 -34 34 -36 36 -38 -39 -40 -41 -42 -43 43 44 46 -47 -48 -49 -50 -51 -52 -53 -54 55 -56 -57 -58 -59 -60 -61
leaf_value=0.0072070975400501565 0.0062043832631416152 -0.0093067646163289015 -0.0014286076304868168 0.01595845258082949 0.0066324602886398973 -0.006184690791525083 -0.0025123223496346285 -0.01805394727454411 0.022460748240232052 -0.0033863532031473392 -0.00044378813216115997 0.021451373351422307 0.025479526126908028 0.0058313589816535449 0.033110443270432985 -0.013948303813715845 0.026089695368228121 -0.0090696630801129635 -0.0016347963990674254 0.0086921153834843747 -0.017507895784250781 0.0026473584115907067 -0.013170170798010122 0.032715375560278363 0.031573637950151952 0.030328110816319476 -0.010168446209527766 0.021957093329011159 0.029711482649549145 -0.018791294912221489 0.021153959011509064 0.019227096663342588 -0.0066662060760070765 -0.015385540842220467 0.0087231507259134151 -0.01251386228530363 0.0074912249533760494 0.031903305605414843 -0.0094196711076818627 -0.0073288745778438752 0.0048678454084904749 -0.0035104605433352999 -0.0076031038410230489 -0.00089552827957307209 0.0061997444156464765 0.028565932446245664 -0.0010810353299490455 -0.0041476551044080396 -0.020720503529505909 0.0049628207946252256 -0.0016683828325190213 0.015490792542744677 -0.0052829965082734371 0.025350352524725308 0.0080607861080647242 -0.0038889406128511414 -0.002605980490688312 -0.0025583272616393799 0.015082705819049568 -0.012270295430234075
leaf_weight=67.149893343448639 7.3669162690639487 54.351046800613403 241.01310384273529 12.115133449435232 17.521962091326714 34.468772992491722 11.026633054018022 32.392325632274151 21.365815304219723 111.84672240167856 12.734884575009344 30.247356861829758 61.515727356076241 40.08782747387886 18.096477031707764 367.17945774644613 7.3847171962261191 37.804378591477871 17.346840903162956 42.383163586258888 19.89462070167065 14.545340016484259 15.645184576511381 26.073180660605431 21.253439337015152 15.138645663857458 43.679137781262398 9.3407890349626523 34.433214783668518 47.476208284497261 30.076546214520931 20.693712562322617 35.402988314628601 24.720750078558922 92.226260207593441 110.73720868676901 24.104299709200859 34.088350258767605 15.143091745674608 9.0317298322916013 17.050069555640221 21.82731756567955 51.424318417906761 38.401244953274727 423.87634176015854 40.403651282191277 446.57071614265442 26.323921144008636 115.11084289848804 20.007101498544216 14.287585660815237 17.220192790031433 69.737068697810173 16.975616037845615 9.9536003619432432 24.079146429896355 11.623172491788862 10.77816618978977 14.126480266451834 41.871061354875565
leaf_count=372 40 266 1187 54 91 168 55 204 111 729 61 137 292 196 89 2883 36 237 81 190 101 70 78 113 97 70 234 44 159 270 147 104 189 139 471 748 140 163 80 44 88 104 255 179 1980 181 2149 128 987 98 67 82 387 80 49 118 56 59 67 206
internal_value=0.000260297 0.000988606 -0.00126455 -0.0122781 -0.00358278 0.00165996 -0.00557033 0.00264569 -0.00809206 -0.0093112 0.0042123 0.00482673 0.0121071 0.0053661 0.0206144 -0.0115174 -0.0145545 -0.00209993 0.0178446 0.00253094 0.00914192 0.00067892 0.0102582 0.0187974 0.0204832 -0.0015076 0.00027466 0.0148809 0.0222701 -0.00301478 0.00495564 -0.00642439 0.00336002 -0.000797842 0.00337854 -0.00317345 -0.00885548 0.0241312 0.00677538 0.0145242 -0.0103172 0.00958353 0.00346248 0.00293632 0.00352865 0.014686 0.00247323 0.00382353 -0.0189952 0.0173643 0.0143847 -0.000141217 -0.0110753 0.000767164 -0.00902238 0.0064951 0.0147924 0.0145529 -0.000423557 -0.00351937
internal_weight=3320.75 3140.97 1849.82 179.782 1148.5 315.844 832.655 195.513 637.142 589.855 1291.15 1236.8 191.589 130.074 29.1231 479.026 167.667 45.1891 68.9572 701.319 150.983 550.336 100.288 68.4563 33.9883 450.048 110.829 84.6433 48.9786 246.887 73.577 173.31 56.0967 166.389 116.947 393.075 134.842 51.6103 47.2871 39.1083 49.4424 56.9731 1045.21 1000.68 949.252 78.8049 870.447 35.6647 122.478 35.1457 44.5349 258.233 117.213 82.5262 29.8482 52.6779 28.5988 32.144 96.0854 81.9589
internal_count=18260 16906 10773 1354 7158 1644 5514 1046 4468 4218 6133 5867 919 627 144 3612 1300 273 335 3615 707 2908 479 303 158 2429 606 401 229 1309 359 950 293 902 610 2157 888 254 250 191 292 272 4948 4744 4489 360 4129 172 1027 168 204 1269 657 404 150 254 136 170 469 402
is_linear=0
shrinkage=0.0226245


Tree=56
num_leaves=61
num_cat=0
split_feature=30 7 8 8 31 13 29 35 30 12 28 29 3 33 30 12 29 0 13 7 1 21 34 21 39 7 45 27 3 12 21 29 16 23 45 22 8 9 28 3 0 45 13 21 2 3 15 44 22 1 41 8 27 45 16 16 15 39 23 34
split_gain=63.5506 61.9885 36.5565 34.5214 33.3685 26.9181 28.3619 28.2096 27.9976 23.6269 27.8807 22.719 24.8428 23.8542 22.2944 28.5762 22.8747 19.7214 19.5216 18.8849 17.8947 23.9929 26.5645 18.4455 17.792 17.7662 17.363 16.6981 19.955 16.5289 19.8816 16.4879 15.5886 14.742 17.4992 19.08 17.477 14.6198 14.0737 14.0193 13.7505 13.4575 13.1633 15.2071 12.8212 12.7288 16.906 12.2872 12.1065 12.006 10.8277 10.6302 10.5933 9.89305 9.74015 9.39301 9.22806 8.77996 8.57251 9.45041
threshold=0.013645000000000003 88.558573142757709 1.0000000180025095e-35 0.017014503000000004 -0.075734999999999983 0.15419500000000003 0.011175000000000003 26.500000000000004 0.0066750000000000012 0.093735000000000013 -0.0064349999999999989 -0.00023499999999999999 0.72589162195731294 -0.15399999999999997 -0.00058499999999999991 -0.014884999999999997 0.021585000000000003 0.91765859500000013 0.29466000000000009 4.32160001104375 -0.42691068424340978 17.765000000000004 232.50000000000003 17.925000000000004 0.27705000000000007 66.877527350072015 1.9551000000000003 0.0010950000000000003 1.2574901756946597 -0.32215999999999995 12.430000000000001 0.064765000000000017 1.0448500000000001 -53.664999999999992 2.0625000000000004 5.0005500000000014 0.0025592446500000005 1.5000000000000002 -0.024284999999999998 0.93985678734623168 0.51916937500000016 2.0593000000000008 -1.1335049999999998 14.755000000000001 0.023418401151499853 1.0615462696168416 -0.99464999999999992 0.11858285000000002 3.9998000000000005 -0.013644221992391898 0.70964823623693518 0.018838823000000005 -0.016084999999999999 2.0169000000000001 0.99615000000000009 0.93805000000000016 -0.94944999999999991 0.36625000000000008 56.985000000000007 223.50000000000003
decision_type=2 2 2 2 2 2 2 2 2 2 2 2 2 2 2 2 2 2 2 2 2 2 2 2 2 2 2 2 2 2 2 2 2 2 2 2 2 2 2 2 2 2 2 2 2 2 2 2 2 2 2 2 2 2 2 2 2 2 2 2
left_child=1 4 11 25 42 6 7 9 47 26 -11 12 53 -13 27 16 18 -3 -16 -5 56 22 31 -23 -24 41 -6 29 -29 37 -31 -22 58 36 35 -35 -8 -7 -14 -34 -38 45 -1 -44 -25 46 -4 -9 -17 -48 54 -36 55 -2 -27 -45 -21 -47 59 -15
right_child=2 17 3 19 5 14 33 8 -10 10 -12 13 38 32 15 48 -18 -19 -20 20 21 23 24 44 -26 50 -28 28 -30 30 -32 -33 39 34 51 -37 40 -39 -40 -41 -42 -43 43 52 -46 57 49 -49 -50 -51 -52 -53 -54 -55 -56 -57 -58 -59 -60 -61
leaf_value=0.023076393754683903 0.016846995796684548 -0.021756308957914278 -0.014726571751275612 0.025460553381649927 0.0023886419965532847 0.034718272358763305 -0.0088792462329937098 0.0082852359706777259 -0.018289358340399263 -0.0085478405208871643 0.010252496422849644 -0.0072644447736082349 0.010446012516502293 0.0096887089716149802 0.029132930853085853 -0.021253744631794594 -0.0043758632246752886 0.015962168117946571 0.0060375978992308022 0.0071919971060482989 -0.0047385147577086251 0.030826579988425969 0.017903239542973494 0.022299726551874583 -0.0045853121385897441 0.0054259047579190908 -0.012878261576744477 -0.018438756268104473 0.012449976539982895 0.026431373033034784 -0.0039524068643922283 0.0082689609388339417 -0.018263594170876973 -0.0073394974404649678 0.030981376796586118 0.012820095937010341 0.035408811670530865 0.0001243425637351191 -0.017911571101242901 0.012806418331817863 0.0013370034311282323 0.019450812540075784 -0.0085365361075654799 -0.0069737193271580946 0.0045784328165129323 -0.016691490973412198 0.0091095061794902871 0.03660749326971191 0.0069661146193209277 -0.0047242482858330381 0.0061264813303344495 0.0013940451889263693 0.0075790772002022064 -0.0042759381866639612 -0.020309501150121319 0.012032540754720666 0.030215003058988582 0.00482646739101908 0.023549263151908435 0.028178832611787993
leaf_weight=15.412072733044623 36.94856122136116 100.94883346557617 28.751829460263252 17.104380458593369 40.814718678593636 10.145310938358309 10.120400086045263 26.680166281759739 12.316784165799616 107.65926724672318 60.773597493767738 23.593646481633186 9.6606031954288465 90.029992885887623 46.582449063658714 16.927999779582027 24.459699138998985 5.5894050002098075 33.135310128331184 22.617828503251076 368.81506314873695 12.887418627738951 54.954028651118279 19.648898795247078 24.692225247621536 7.333067759871482 440.32762881368399 49.647541731595993 11.265617311000822 9.042452931404112 142.96235279738903 54.924638286232948 10.408923029899599 132.59979882091284 9.8490901589393633 26.46990017592907 15.291923314332964 12.057182490825651 34.579297035932541 13.971610456705092 9.4479024112224561 11.475931718945501 45.248572021722794 53.07661047577858 351.31525970995426 43.261401049792767 78.346573986113071 9.9197317510843259 10.95262638479471 50.762231089174747 10.185572162270544 12.696572825312613 222.0325653553009 14.470496267080305 60.121732592582703 14.654911041259764 15.078803762793539 10.886590316891668 86.246588975191116 15.811045050621031
leaf_count=68 178 921 159 78 223 47 51 159 77 606 333 116 45 458 249 122 122 28 167 104 1797 56 257 90 119 43 3398 253 54 44 758 251 53 686 47 130 78 60 175 67 47 54 221 250 1614 234 398 68 67 263 60 63 1060 73 363 72 68 54 416 74
internal_value=6.03709e-05 -0.00292075 0.00334335 0.00154437 -0.00181241 -0.00350272 -0.0055744 -0.0077844 0.0084131 -0.00903606 -0.00170574 0.00993481 0.000577416 0.0136122 0.00166286 0.00899863 0.0143755 -0.0194078 0.0200808 0.00367475 0.00319375 0.00251284 -0.0007389 0.00675084 0.0110148 -0.00509185 -0.0115766 -0.00251662 -0.0124205 0.00109263 -0.00168505 -0.00300785 0.0159534 0.00156511 -0.00109214 -0.00381576 0.014432 0.0181119 -0.011458 -0.000988447 0.0238994 -0.00178389 0.0043502 0.00329852 0.00568237 -0.00317969 0.000127795 0.0180807 -0.0105549 0.00368605 -0.0142075 0.0163728 0.00521277 0.0109913 -0.0174036 -0.00253689 0.0178985 -0.0123398 0.0180866 0.0131271
internal_weight=3317.99 1739.11 1578.88 1243.16 1632.57 1282.15 914.967 698.492 48.9167 649.575 168.433 335.721 95.659 240.062 367.179 132.058 104.177 106.538 79.7178 942.039 924.934 887.238 503.386 383.852 79.6463 301.125 481.142 235.12 60.9132 174.207 152.005 423.74 216.468 216.476 181.615 159.07 34.8602 22.2025 44.2399 24.3805 24.7398 223.485 350.425 335.013 370.964 212.009 157.861 36.5999 27.8806 129.109 77.6404 22.5457 289.764 51.4191 67.4548 67.7315 37.6966 54.148 192.088 105.841
internal_count=18246 10529 7717 6062 9580 7909 5966 4864 304 4560 939 1655 471 1184 1943 727 538 949 416 4434 4356 4184 2424 1760 376 1628 3621 1216 307 909 802 2048 1068 1102 926 816 176 107 220 120 125 1162 1671 1603 1704 1108 820 227 189 661 466 110 1382 251 406 322 172 288 948 532
is_linear=0
shrinkage=0.0226245


Tree=57
num_leaves=61
num_cat=0
split_feature=30 31 43 8 5 29 8 13 5 37 37 1 3 6 13 35 33 31 6 13 0 8 14 45 37 34 16 33 5 13 31 29 16 37 2 35 37 15 5 31 16 43 2 25 31 34 30 29 33 41 33 5 16 22 37 31 12 12 30 37
split_gain=60.8157 42.8299 40.0997 34.9137 38.8645 41.7725 33.3101 23.8879 37.3018 31.0728 27.4243 25.6915 22.9808 20.8631 20.5487 20.0321 20.0241 19.2783 18.9904 17.9439 17.6282 17.2268 26.6937 20.3593 29.8512 17.0028 16.4881 15.7616 15.7515 18.391 15.2977 16.5242 15.2911 15.9538 15.0118 14.689 16.4043 14.5574 14.4438 14.4187 14.0101 13.704 16.105 13.7626 13.6361 20.8914 13.0942 13.4943 14.6465 13.9175 13.0465 13.0396 12.6836 12.4581 12.2717 12.0092 11.7949 17.274 12.7961 11.6092
threshold=0.013645000000000003 -0.075734999999999983 0.58110167587670802 1.0000000180025095e-35 1.2463694810867312 -0.00078499999999999989 0.026679992500000003 0.15419500000000003 4.7064726352691659 0.54580000000000017 0.11370000000000001 -0.16067768124807366 0.55985979714839329 -0.029993445364174847 -0.70420999999999989 28.500000000000004 0.028650000000000005 0.015435000000000003 -0.12852030770611725 0.18374500000000002 0.41673064000000004 0.051865607500000008 0.43595000000000006 2.0667000000000004 0.38785000000000008 15.500000000000002 -0.9857499999999999 0.042550000000000011 -2.2425451278686519 -1.0420149999999999 0.0034850000000000007 0.022935000000000001 -0.9767499999999999 -0.41489999999999994 0.58933819803385035 16.500000000000004 0.69580000000000009 1.0310500000000002 1.2035173177719118 0.0011650000000000002 -0.95834999999999992 0.04635206186979262 0.24529750141163184 0.19185000000000002 0.19322500000000001 71.500000000000014 0.11779000000000002 0.064765000000000017 -0.3199499999999999 -2.2798760110936391 -0.062049999999999994 -5.7374553680419913 1.0293500000000002 5.8834500000000007 0.38225000000000003 0.08099000000000002 -0.017899999999999996 -0.043474999999999993 0.0098900000000000012 -0.79274999999999984
decision_type=2 2 2 2 2 2 2 2 2 2 2 2 2 2 2 2 2 2 2 2 2 2 2 2 2 2 2 2 2 2 2 2 2 2 2 2 2 2 2 2 2 2 2 2 2 2 2 2 2 2 2 2 2 2 2 2 2 2 2 2
left_child=1 28 7 4 5 12 13 8 9 11 16 -3 51 18 -10 -13 19 25 -5 -9 32 22 -8 41 -25 -11 -20 -6 29 -1 39 35 -7 -34 -26 53 -37 40 -28 -15 -16 42 -24 -43 46 -46 47 48 -23 -49 -21 -2 -35 -32 -29 -33 57 58 -12 -30
right_child=3 2 -4 6 27 20 21 10 14 17 56 15 -14 30 37 -17 -18 -19 26 50 -22 44 23 24 34 -27 38 54 59 -31 31 55 33 52 -36 36 -38 -39 -40 -41 -42 43 -44 -45 45 -47 -48 49 -50 -51 -52 -53 -54 -55 -56 -57 -58 -59 -60 -61
leaf_value=0.021948185447921948 -0.0013530221907422906 -0.0031078970948405864 -0.015930551139465093 -0.0089127779754093143 -0.008823167471298082 -0.013291696893694983 -0.013851787364199241 0.034595834459445744 0.029471273994387964 0.023019072608882432 -0.0056420525602438867 -0.014857052423569982 -0.0070262681210902633 0.00017994260173946429 0.0047849915633634433 0.0065325121337309836 -0.0011717991542787411 0.020204949591166928 -0.005735959850199676 0.016470338394029886 0.026223380128404854 -0.012837298509579907 -0.0017930703176218677 0.033673383180507332 0.01357857910862567 -0.0064168606891417696 0.0036974638751382915 0.022993020286103318 -0.010711668300081507 -0.0050394588966673984 -0.0066009776149957219 0.010336620822134733 -0.0086563897752167229 0.028777041772697541 -0.014524697044308898 -0.017889523879075289 0.0067546721681877144 0.019455723589369443 0.024835344404203 0.028297719712820576 -0.0072053473821065842 0.017073312799159385 0.024455031699069294 0.0013094798798594098 -0.0057900418934695858 0.020633887696225005 -0.01021797115798352 -0.0047964478741036719 0.0022661045243135454 0.018015538701591574 -0.0028845104435025414 0.029287996477334131 -0.00077474742952148197 0.01356921653612113 -0.0065445276172380502 -0.0098072663638841453 -0.022438029222947495 0.023016610698275791 0.014592614302392583 0.0090942149641457717
leaf_weight=11.630981802940367 11.266009375452997 181.82949870079756 141.76683903485537 32.201904579997063 64.492452070116997 9.6209990903735143 23.850028187036514 17.151821635663509 10.826486244797705 8.8805039376020414 175.17685486376286 349.75949412584305 56.245523303747177 52.262433990836143 101.1102097555995 22.354577116668224 62.289874106645584 23.47235506772995 22.018526487052441 47.540156334638596 106.91758562624454 42.422164633870125 16.657219350337982 37.235647454857826 32.12669475376606 66.246480137109756 29.778704524040222 14.793672218918802 13.921675771474836 116.03394261002541 157.21783825010061 41.729003235697746 9.7526845484971982 27.47757376730442 10.82052558660507 109.43311104923487 14.243318676948546 16.728623390197754 37.966035321354866 8.4826644510030729 93.032414525747299 30.982537120580673 36.439210593700409 177.49611315131187 23.30938333272934 36.637872532010078 59.738956838846207 18.922276854515076 117.33622689545155 38.526580780744553 26.39609033614397 15.298973515629767 9.6462436616420728 14.671218827366827 10.399976819753645 20.247460678219795 13.101408980786799 10.189056374132631 14.809240087866781 210.27769231796265
leaf_count=50 56 1225 1248 153 347 59 115 97 50 41 891 2611 277 275 552 140 331 111 120 230 501 197 74 168 151 354 145 70 67 557 841 190 44 129 50 615 75 82 177 42 503 142 165 844 106 167 274 86 548 171 152 72 49 77 51 94 100 58 76 1003
internal_value=6.52675e-05 -0.00285676 -0.00464892 0.00327514 0.00971437 0.0143151 0.00151612 -0.00332599 -0.00535371 -0.00806865 0.00151291 -0.010144 0.00114474 -0.00269959 0.00263837 -0.0135316 0.00872353 0.00354763 0.00544504 0.0153182 0.0208532 0.00475595 0.00813716 0.00977508 0.0195917 -0.00221281 0.0107133 -0.00296917 0.00416607 -0.00214887 -0.00509552 -0.00687493 0.00990808 0.0151655 0.0060281 -0.00908757 -0.0149618 0.000880533 0.0160757 0.00521431 -0.000982133 0.00658452 0.0165533 0.0038538 0.0010485 0.0105658 -0.00109949 0.00150968 -0.00190139 0.010632 0.00971192 0.0174364 0.0215972 -0.00468328 0.0113814 0.00361173 -0.00371992 -0.00219262 -0.00386955 0.00774356
internal_weight=3313.19 1734.53 1382.66 1578.67 335.912 246.226 1242.75 1240.9 874.241 652.543 366.655 553.944 82.8105 540.252 221.698 372.114 153.378 98.5993 121.965 91.0881 163.415 702.501 365.608 341.758 80.1829 75.127 89.7633 89.6861 351.864 127.665 418.287 357.542 56.4975 46.8765 42.9472 295.565 123.676 210.871 67.7447 60.7451 194.143 261.575 53.0964 208.479 336.893 59.9473 276.946 217.207 159.758 57.4489 73.9362 26.565 37.1238 171.889 25.1936 61.9765 213.277 200.175 189.986 224.199
internal_count=18246 10529 8852 7717 1655 1187 6062 7604 5669 4482 1935 3976 405 2804 1187 2751 810 506 595 479 782 3258 1709 1594 369 395 442 468 1677 607 2209 1892 281 222 201 1608 690 1137 322 317 1055 1225 239 986 1549 273 1276 1002 745 257 382 128 178 918 121 284 1125 1025 967 1070
is_linear=0
shrinkage=0.0226245


Tree=58
num_leaves=61
num_cat=0
split_feature=28 37 37 27 36 30 8 3 37 37 6 27 30 35 27 7 27 28 34 34 28 8 27 23 24 1 35 2 3 8 28 39 35 39 0 14 41 27 1 3 5 27 37 1 23 8 3 2 1 6 45 6 0 28 39 5 3 2 7 14
split_gain=53.8935 104.933 85.0043 79.6815 48.3051 42.6101 42.1771 36.1841 35.6448 43.7649 27.9186 26.5048 26.3584 25.2202 24.3309 24.2871 22.0913 20.4564 17.7128 20.0817 15.8152 15.5605 15.9481 15.5224 24.9567 27.0075 17.7952 16.9674 18.8859 15.7285 15.076 14.8906 14.3392 17.4424 14.1294 14.1273 13.8823 13.7125 22.5012 18.4195 13.5004 13.3535 13.2662 23.1929 22.2503 16.2513 17.9554 12.5419 12.5369 12.0211 11.8969 11.8107 11.5902 11.302 10.9221 11.7359 10.7942 11.344 10.6102 11.8773
threshold=0.016530000000000003 0.53815000000000013 0.22310000000000005 0.011115000000000002 0.88455000000000006 0.0086600000000000028 1.0000000180025095e-35 1.1824502165069515 -0.32834999999999998 0.42010000000000008 -0.017334337378435847 -0.0048849999999999996 0.010375000000000002 3.5000000000000004 -0.012529999999999998 83.370390398411601 0.023125000000000003 -0.038594999999999997 96.500000000000014 133.50000000000003 0.021535000000000002 0.025448858500000001 0.022665000000000001 41.735000000000007 0.12190500000000001 -0.45149239607674285 5.5000000000000009 0.087056242520941365 1.2008162192904415 0.03619930150000001 0.0070250000000000009 0.39995000000000008 26.500000000000004 0.11975000000000001 0.35532223000000007 0.53825000000000012 -0.4856475005311493 0.018445000000000007 -0.17838545856435761 1.0526125826924615 2.881506204605103 0.04586500000000001 0.50810000000000011 -0.0048377306828880995 53.505000000000003 -0.023891031499999996 1.1145221735800661 0.047524938829286607 0.19655147443325768 0.089653830486335767 1.9491000000000003 0.041532150186705759 0.62703478000000012 0.025605000000000006 0.066350000000000006 5.8553917407989511 0.65116916029185201 0.059406173536608306 47.026201360663464 1.0626500000000003
decision_type=2 2 2 2 2 2 2 2 2 2 2 2 2 2 2 2 2 2 2 2 2 2 2 2 2 2 2 2 2 2 2 2 2 2 2 2 2 2 2 2 2 2 2 2 2 2 2 2 2 2 2 2 2 2 2 2 2 2 2 2
left_child=1 4 7 17 15 16 8 18 11 12 -9 -7 -10 14 -4 23 32 -3 35 -20 36 22 48 24 25 -1 30 34 50 -27 -26 -28 -6 -34 47 -2 52 38 39 -5 -37 -12 43 45 -44 -22 -47 -25 -8 -45 -29 56 -15 -42 55 -16 -21 -58 -56 -60
right_child=2 3 13 37 5 6 21 10 9 -11 41 -13 -14 20 54 -17 -18 -19 19 51 42 -23 -24 27 26 29 31 28 -30 -31 -32 -33 33 -35 -36 40 -38 -39 -40 -41 53 -43 44 49 -46 46 -48 -49 -50 -51 -52 -53 -54 -55 58 -57 57 -59 59 -61
leaf_value=0.011646387155733986 -0.0001468127698550441 0.0087876219154635962 -0.016545848914581211 0.015284248727438263 -0.015844028916304601 0.024755103204622358 -0.017335451628512386 0.002328905697831828 0.016257666540686829 0.023995613631500348 0.03056687179038858 -0.013698119298494614 -0.018029795068259483 0.016391088569612106 0.010837419996945806 -0.020431214586126473 0.013698023628649745 -0.0068474625844295251 -0.010701300816875082 3.4437964652703497e-05 -0.0058406351672810365 0.0055538106898304629 0.0075553327738079505 -0.0036135562414816537 -0.010439247090349733 -0.010490388673574306 0.0053861841816500861 0.015136650012909047 -0.01454358028196358 0.0085110715897024469 0.015359536586707056 -0.013644058775666041 -0.013038439932641374 0.023063309964294846 0.027428241216832235 0.027591565870976876 -0.014134694825552083 0.033405351090560906 0.028641948272027252 -0.017245234254177226 0.017909506550821713 0.0063582484686988865 -0.010797681562246498 -0.011840803556779141 0.0012706462522129554 0.02618211737818139 0.00077310075354765926 0.020315751532926769 0.0001102848250913553 0.0054808354622420084 0.0012314524096895083 -0.0064815291285868206 -0.010876219192330934 -0.0054050790894617038 0.00029387279930758836 -0.014563593450130924 -0.0063644528544026767 0.019930174568384997 0.025768698129209684 0.0093289581210407244
leaf_weight=34.395158395171165 25.188267171382904 80.695754319429398 16.525262288749218 19.127113059163097 330.80316591262817 54.227160662412643 123.67244575172663 29.370341569185257 11.830515414476393 20.528575479984283 92.457142926752567 9.0040329024195653 56.504752099514008 14.523545607924463 16.738671228289608 27.958558328449726 12.454152539372442 84.991233296692371 39.160899847745895 31.078308448195457 16.667553678154945 28.503248043358326 17.198443725705147 27.374099433422089 80.110450878739357 259.83274506777525 316.06035570800304 36.047734439373016 30.215878874063492 22.229166686534882 10.862420067191122 19.797615244984627 13.238227337598802 9.0543489158153516 23.01638089120388 43.024159744381905 83.871864408254623 54.449621140956879 33.770121499896049 12.110141053795813 23.141790837049484 15.291217371821402 116.0006444901228 40.977110892534256 226.96078245341778 43.129163071513176 20.872672185301781 15.309279784560202 25.255116038024426 36.100141748785973 168.03826139122248 22.794487744569778 12.044874742627142 16.188711166381836 25.290841400623322 14.842959642410277 8.4514746069908124 53.867918267846107 40.956372946500778 57.482956573367119
leaf_count=168 118 368 79 90 2945 233 817 138 92 107 426 64 392 74 80 200 70 481 196 149 80 133 85 148 403 1441 1528 173 163 102 52 93 101 74 111 203 459 248 158 60 111 67 580 210 1091 201 100 79 172 171 883 104 59 72 126 71 41 265 189 270
internal_value=0.00055411 -0.00164824 0.0043999 0.0110272 -0.00368932 -0.00824273 -0.00252642 0.012844 0.00633272 -0.00293755 0.022179 0.0189196 -0.0116745 5.45628e-05 0.00763828 -0.000647705 -0.0136022 0.000787497 0.00778668 0.00280379 -0.00210369 -0.00944087 -0.0120647 -6.25056e-05 -0.00181573 -0.00660091 0.00175259 0.00425715 0.00134237 -0.00892167 -0.00698033 0.00415747 -0.0146687 0.00258923 0.0141569 0.0147228 -0.00973577 0.0248752 0.0166115 0.0022802 0.0191214 0.0273874 -0.000374027 0.00500088 -0.00286741 0.0132725 0.0182874 0.00571375 -0.0144312 -0.00382312 0.00386478 0.00750491 0.00417503 0.00860007 0.010467 -0.00132086 0.0110106 0.01624 0.0134373 0.0167092
internal_weight=3251.67 2068.67 1183 285.144 1783.52 712.274 346.724 400.015 152.095 88.8638 137.119 63.2312 68.3353 782.985 171.837 1071.25 365.55 165.687 262.896 155.353 611.148 194.629 166.126 1043.29 743.288 316.457 426.831 300.002 234.302 282.062 90.9729 335.858 353.096 22.2926 65.6998 107.543 110.44 119.457 65.0074 31.2373 82.3547 107.748 500.708 157.747 342.961 80.6694 64.0018 42.6834 148.928 77.0773 204.086 116.192 26.5684 39.3305 155.312 31.5816 93.3977 62.3194 123.73 98.4393
internal_count=17964 12234 5730 1405 10829 5285 2095 1890 888 591 631 297 484 3840 815 5544 3190 849 1259 755 3025 1207 1074 5344 3787 1711 2076 1557 1219 1543 455 1621 3120 175 338 504 592 556 308 150 386 493 2433 762 1671 381 301 227 989 381 1056 559 133 183 736 151 455 306 585 459
is_linear=0
shrinkage=0.0226245


Tree=59
num_leaves=61
num_cat=0
split_feature=43 28 37 27 37 36 28 37 17 16 37 3 35 1 8 28 27 37 26 37 33 1 28 27 35 44 7 12 37 22 37 16 1 13 21 21 7 12 7 7 7 13 12 28 39 1 28 35 22 29 3 41 39 9 37 12 28 2 12 14
split_gain=51.7855 42.1405 83.85 79.963 69.5351 28.8605 40.7005 75.8187 44.9756 39.7364 31.3951 28.0086 25.986 25.8045 24.8024 24.2849 24.1594 22.4831 21.3897 24.3319 27.0232 20.068 18.4214 17.4575 19.2696 15.9285 15.4362 15.606 32.1112 15.1459 14.3698 14.1835 14.2907 14.1481 14.1178 13.8947 13.4225 13.2851 12.2444 11.4034 11.3824 11.2967 10.6481 10.6326 10.4579 10.0188 9.82554 21.3974 13.3924 9.81289 9.74888 9.47395 9.27662 8.74311 8.24514 7.80494 8.81051 7.07788 6.91103 6.32663
threshold=0.65706549493097377 0.017645000000000004 0.53815000000000013 0.010845000000000002 0.22310000000000005 0.88455000000000006 0.0079750000000000012 -0.2644999999999999 1.0000500000000001 -0.87244999999999984 0.21815000000000004 1.1824502165069515 3.5000000000000004 -0.19679264695244206 0.0047020316000000008 -0.038594999999999997 -0.012529999999999998 0.42010000000000008 0.56230000000000013 -0.37499999999999994 0.007150000000000001 -0.0024545536134848492 0.023965000000000004 0.015715000000000003 2.5000000000000004 0.17775000000000005 53.589711219056447 -0.25045999999999996 0.73340000000000016 1.86155 -0.54059999999999986 1.1009500000000003 -0.0024545536134848492 0.033405000000000004 19.095000000000002 14.075000000000001 83.370390398411601 -0.14409499999999997 80.752827690397439 18.973068418631701 91.052125537465884 -0.66447499999999982 -0.12828999999999999 0.034245000000000005 0.26895000000000008 0.45120634651911112 0.0091350000000000025 14.500000000000002 4.2708000000000004 0.027880000000000005 0.51196503933589799 -1.2126909940790054 0.017250000000000005 1.0000000180025095e-35 0.35810000000000003 0.091220000000000009 0.014775000000000002 0.28475059067723635 -0.16194499999999998 0.5958500000000001
decision_type=2 2 2 2 2 2 2 2 2 2 2 2 2 2 2 2 2 2 2 2 2 2 2 2 2 2 2 2 2 2 2 2 2 2 2 2 2 2 2 2 2 2 2 2 2 2 2 2 2 2 2 2 2 2 2 2 2 2 2 2
left_child=1 2 5 15 11 38 10 8 21 -9 29 18 16 14 -12 -4 -6 -15 41 -20 22 -8 -21 24 36 26 27 28 -14 59 -26 32 -28 44 -22 -5 -2 -35 39 -1 -10 -3 -11 -29 -13 58 48 -48 -41 -27 -18 -52 -31 -33 -53 56 -17 -57 -32 -7
right_child=23 4 3 35 12 6 7 9 40 42 13 33 25 17 -16 55 50 -19 19 20 34 -23 -24 -25 30 49 31 43 -30 52 45 53 -34 37 -36 -37 -38 -39 -40 46 -42 -43 -44 -45 -46 -47 47 -49 -50 -51 51 54 -54 -55 -56 57 -58 -59 -60 -61
leaf_value=-0.014413277365338373 0.025881520935284862 0.013569143267325773 0.0091034270548394445 0.0014373809262333015 -0.015898019256380694 -0.0084889213163551452 -0.0054187290685442863 0.031264885075419552 0.0020469613084772619 -0.00038452903006590841 0.026403629382851374 0.021187399406424296 0.0079308195040893609 -0.019101171250156861 -0.010489463984062653 -0.017716603445092755 -0.0091140651189255944 0.0046201791746426496 0.029496107838084755 -0.0076257698037656982 0.029172611149450387 0.025846382281919315 0.011714033635294359 0.010327889056411075 0.012583045258509938 -0.022240356195514271 0.011588159121208537 -0.017354349564911664 -0.015729062742543157 0.0019407952706101683 0.0030132566113659116 0.0082949328968204249 0.00013191358591657396 0.010596431238233686 0.0042142070786952137 0.026891587832608643 -0.009542006640999242 0.032004060519987124 -0.016159667346996073 7.009057304692373e-05 -0.01988759477762253 -0.01026813597700587 -0.018549676291552766 -0.00055292927696278448 -0.0026037738139466637 0.0065177318579911171 0.0099965174354376095 -0.0018494670299225254 -0.0093272170059261004 0.00095036436930144986 -0.0016907585449531541 0.032560350067171735 -0.019135932379948609 -0.0080970525120221942 0.012768345011179412 -0.0082899543354089267 0.00058885889702168029 0.013905895448516817 -0.021017262932995343 0.009934460544613756
leaf_weight=24.516399145126343 7.5399755090475109 10.726344704627989 78.244586527347565 12.557574659585951 15.878423489630221 23.705092914402485 11.137565821409224 7.3408067524433127 42.496374234557152 19.826143212616444 23.410552904009819 14.569296166300772 85.737618997693062 43.225809901952744 12.477567084133623 41.771091729402542 8.9613964408636075 35.083239316940308 30.263757333159447 56.374340496957302 32.0458749756217 73.644942715764046 40.988105416297913 14.760530218482016 6.1850823760032645 26.065426424145699 109.25076189637184 59.991867110133171 41.016347542405128 10.74009747058153 5.7436389178037635 18.820840284228325 110.94081632047892 24.176058173179626 19.031889788806438 108.02805677056313 9.1963925510644895 62.669102117419243 21.689987726509571 643.66980624198914 13.797793805599211 39.063602924346924 99.975356660783291 28.086958333849907 19.421397127211094 6.5234447196125975 144.47271684557199 164.33768217265606 85.373116187751293 13.446346133947371 18.776912227272987 11.129630923271177 202.82808475196362 72.827694624662399 109.48571915924549 12.435966387391092 19.002287715673447 11.383104041218756 116.48037876188755 12.062051989138125
leaf_count=142 47 47 355 62 76 147 52 31 231 117 167 64 416 347 88 254 44 216 135 297 149 334 188 68 41 144 516 319 205 90 30 87 552 108 94 502 71 292 134 3253 72 178 855 138 90 45 712 850 459 61 88 52 1696 349 515 61 104 55 1000 72
internal_value=0.000546286 0.0012151 -0.00073076 0.0106062 0.00481034 -0.00261814 -0.0064499 0.000244192 0.0115522 -0.012281 -0.0113518 0.0130675 0.0008253 -0.0014705 0.0137509 0.000191116 0.00866625 -0.00868769 0.00823596 0.0118488 0.00775584 0.0216959 0.000619006 -0.0116362 -0.0139271 -0.00148159 -0.000405292 -0.00503475 9.45428e-05 -0.0158088 -0.0167404 0.00280097 0.00589265 0.0217974 0.0205974 0.0243367 0.00787879 0.0265783 -0.0003739 -8.59635e-06 -0.00403836 -0.00466963 -0.0156235 -0.0121846 0.0084555 -0.0183948 0.000370784 0.00373384 -0.00106287 -0.0148217 0.0115492 0.013036 -0.0180642 -0.00457995 0.0153145 -0.00808078 -0.0122262 0.0026744 -0.0198444 -0.00199725
internal_weight=3245.41 3078.98 1999.23 283.423 1079.75 1715.81 631.751 268.219 141.077 127.142 363.532 349.33 730.417 114.197 35.8881 162.837 164.232 78.309 228.494 178.704 148.44 84.7825 97.3624 166.429 151.669 566.185 526.673 214.833 126.754 249.335 134.933 311.84 220.192 120.836 51.0778 120.586 16.7364 86.8452 1084.06 1062.37 56.2942 49.7899 119.801 88.0788 33.9907 128.747 1037.85 308.81 729.043 39.5118 148.354 139.392 213.568 91.6485 120.615 84.5924 60.7734 23.8191 122.224 35.7671
internal_count=17964 16662 11458 1393 5204 10065 4515 1692 689 1003 2823 1642 3562 818 255 829 775 563 1088 863 728 386 485 1302 1234 2787 2582 1078 621 2005 1116 1504 1068 554 243 564 118 400 5550 5416 303 225 972 457 154 1075 5274 1562 3712 205 699 655 1786 436 567 474 358 116 1030 219
is_linear=0
shrinkage=0.0226245


Tree=60
num_leaves=61
num_cat=0
split_feature=29 37 28 37 8 15 12 8 37 15 28 28 16 39 43 33 16 2 5 37 31 5 22 34 16 12 6 1 6 29 12 37 16 21 35 12 21 3 43 26 16 39 28 23 22 43 34 41 31 13 28 15 13 22 5 8 28 3 22 37
split_gain=50.5681 49.0016 59.9215 92.6382 53.2307 44.0703 35.3188 29.4441 22.9316 43.0362 27.5454 21.9189 25.1787 23.3902 21.7945 21.3078 22.3395 21.0565 20.4076 22.8053 19.2972 18.5501 18.0912 17.5874 17.4372 16.1212 34.3577 17.4848 15.4606 14.7556 18.024 14.7247 14.5819 14.3192 14.1732 15.7811 13.738 13.226 13.0641 12.7526 12.6872 12.5704 18.3546 16.4713 21.1832 12.4749 12.3457 12.3386 11.9247 14.7105 11.595 11.083 11.3201 10.8113 10.7998 10.6598 17.8279 10.4359 10.2355 10.1318
threshold=0.017185000000000002 0.53815000000000013 0.013855000000000001 -0.49244999999999994 -0.015631079499999995 0.97485000000000011 -0.14409499999999997 -0.0073913336499999991 0.27720000000000006 0.98205000000000009 0.018825000000000005 0.023060000000000004 1.0596500000000002 0.017250000000000005 0.022226387955400217 -0.0026499999999999996 1.0100500000000003 0.53393339533235917 -2.3287510871887203 0.43495000000000006 -0.064154999999999976 1.8006073832511904 1.9371500000000001 152.50000000000003 -0.9676499999999999 -0.12493999999999998 -0.0031379229543706997 -0.043820562861943795 0.0029127556527793505 0.04024500000000001 0.10126500000000001 0.22715000000000005 1.0091500000000002 11.920000000000002 5.5000000000000009 -0.050684999999999994 14.075000000000001 1.2326250099942337 0.34226892964752359 0.96425000000000016 -1.0990499999999999 0.26895000000000008 0.015885000000000003 -39.034999999999989 1.9371500000000001 0.40363286710953278 230.50000000000003 0.23972051277928727 -0.0023649999999999995 -0.12667999999999999 0.084100000000000022 1.0123500000000003 0.21437000000000003 3.1311500000000003 5.344557762145997 0.015329063000000002 0.016945000000000005 0.80066332575923915 5.1039500000000011 0.15120000000000003
decision_type=2 2 2 2 2 2 2 2 2 2 2 2 2 2 2 2 2 2 2 2 2 2 2 2 2 2 2 2 2 2 2 2 2 2 2 2 2 2 2 2 2 2 2 2 2 2 2 2 2 2 2 2 2 2 2 2 2 2 2 2
left_child=1 2 4 39 22 7 46 40 10 38 34 13 14 23 -13 -15 -17 24 19 32 21 -20 -1 -5 48 26 47 -28 -22 30 59 -16 -8 -11 35 -2 -24 -31 -10 -4 -3 42 43 -36 -45 -29 51 -7 -9 -50 -35 52 -6 -19 -49 -41 -57 -48 -27 -12
right_child=8 5 3 11 6 25 18 17 9 33 29 12 -14 15 31 16 -18 53 20 -21 28 -23 36 -25 -26 58 27 45 -30 37 -32 -33 -34 50 41 -37 -38 -39 -40 55 -42 -43 -44 44 -46 -47 57 54 49 -51 -52 -53 -54 -55 -56 56 -58 -59 -60 -61
leaf_value=0.0096304741935659532 0.016015322941812432 0.014169133497410077 0.00416743411670177 0.023822165590192221 -0.0032996020397895154 -0.013765081748637116 -0.0087865945753013101 0.020158162480288535 0.022368519462683732 0.016563336179111356 0.029527062257048955 -0.0060592720761477635 -0.010636854747437233 -0.015394240840529367 0.024238115851388749 0.0070539159225084308 -0.011562484769358779 0.034829948646789219 -0.011448081469607891 0.023407137738870078 -0.015619548654493897 0.01529511870238893 0.015976507475137944 -0.010064334725665713 0.028082770555704208 -0.017271219299708578 0.036673945899555353 -0.013526983679598946 -0.0088431095690709397 -0.0010260600672222877 -0.0030234608368527858 0.0064345237830703388 0.0066870142002943287 -0.0034040051656997099 0.0048462783390711426 -0.008253173871678671 -0.0053012955131415684 0.017452364523893815 -0.0051885937112188295 0.031795909005407491 -0.0014465621793203361 -0.0043575145367241355 -0.0090318687961852689 0.0031732565359255454 0.025476911517622873 0.019530691332210158 0.032069796081100763 0.016044178644014487 0.01726064051742509 -0.010406030685469796 0.012165985351683893 -0.013022881753130596 0.018041272520118931 0.010297369149503346 -0.011903656747957105 -0.0092126410747815982 0.026570374569398487 0.00046117759767114137 0.0053378135731139498 0.0098041694797014536
leaf_weight=119.90607054531574 13.992716208100317 34.760238319635391 17.197205901145935 19.694441512227062 26.727610394358635 46.279929667711258 119.59149624407291 12.803604148328303 52.251473486423492 18.307006418704987 59.438179343938828 32.781854405999184 38.925749838352203 104.92203852534294 43.301987700164318 67.848711490631104 59.021862357854843 40.262493193149567 22.409160628914833 13.142098888754843 328.14842399954796 25.170581817626953 15.103731960058211 9.9893259480595571 17.14033742249012 48.460664838552475 13.983713105320932 8.6331484764814395 397.96539737284184 44.031261622905731 13.267461836338041 55.070266231894493 39.437754146754742 407.69352844357491 118.58603374660015 72.291953548789024 112.62346358597279 32.732711687684059 9.3316225558519346 55.815296530723572 89.448078066110611 44.632780224084854 25.108865216374397 34.897467702627182 59.545916497707367 9.0970581173896772 11.075972691178324 15.173334747552873 10.857817620038984 32.006609782576561 23.225010648369789 18.672927603125572 20.174686804413795 15.697990506887434 9.0158821493387205 10.436130851507189 13.806321471929548 8.8013189584016782 11.355751506984232 21.890331193804741
leaf_count=591 63 149 80 99 147 240 733 68 238 88 257 160 191 609 202 381 328 192 117 66 2612 128 77 54 79 289 66 44 2849 195 60 273 218 1969 550 347 591 142 44 260 424 206 116 160 274 46 55 78 50 175 101 99 100 76 47 50 68 46 62 98
internal_value=0.000223892 -0.00170968 -0.00331941 0.0030746 -0.00596414 0.00527721 -0.00822158 0.0111293 0.00430577 0.000859086 0.00754169 -0.00146513 0.004808 -0.00555353 0.0095226 -0.00799627 -0.00167132 0.018591 -0.00947955 -0.00238664 -0.0110432 0.00276522 0.00342378 0.0125373 0.00994935 -0.00389623 0.00160275 0.0201459 -0.0119554 0.0149677 0.0208698 0.01474 -0.00489834 -0.00161184 0.00400403 -0.00392567 -0.00248706 0.00720084 0.0181473 0.0226796 0.00314653 0.00643897 0.00849053 0.0106492 0.0175748 0.00379444 0.00555716 -0.00720765 0.00325453 -0.00274962 -0.0024893 0.000548746 0.0063947 0.0287926 0.00546834 0.0263721 0.011826 0.0199109 -0.0129307 0.0247376
internal_weight=3273.96 2222.74 1807.76 528.811 1278.95 414.977 1031.32 252.977 1051.22 510.809 540.416 431.556 170.08 261.476 131.154 231.793 126.871 128.769 945.865 172.171 773.694 47.5797 247.633 29.6838 72.8084 161.999 102.183 31.7139 726.114 171.36 94.596 98.3723 159.029 449.226 369.056 86.2847 127.727 76.764 61.5831 97.255 124.208 282.771 238.138 213.029 94.4434 17.7302 85.4525 70.4691 55.668 42.8644 430.919 65.5752 46.9023 55.9605 24.1892 80.0577 24.2425 19.8773 59.8164 81.3285
internal_count=18177 13269 11184 2755 8429 2085 7170 1213 4908 2440 2468 2297 826 1471 635 1318 709 640 6723 1017 5706 245 1259 153 372 872 521 156 5461 752 415 475 951 2158 1716 410 668 337 282 458 573 1306 1100 984 434 90 447 365 293 225 2070 346 247 268 125 378 118 101 351 355
is_linear=0
shrinkage=0.0226245


Tree=61
num_leaves=61
num_cat=0
split_feature=43 29 5 8 44 28 29 45 27 16 33 28 23 35 21 13 27 31 33 15 12 30 6 13 12 35 2 31 28 22 8 39 13 23 35 35 12 3 21 16 29 35 12 22 22 23 5 3 45 41 6 29 13 34 34 28 14 33 31 2
split_gain=49.2897 37.2476 29.9649 49.9836 47.0751 42.3855 41.6559 23.3185 22.8471 21.5406 20.8281 19.5145 21.1203 22.9644 18.958 18.1276 17.9919 16.8849 24.8404 16.025 15.7137 16.1655 15.2819 15.1864 14.7518 14.62 14.5 14.3091 13.9931 13.5245 15.3994 13.1287 12.5997 21.2301 15.0779 18.6051 15.9887 12.4409 19.1351 12.8712 12.4397 12.0729 20.5819 15.4708 13.4053 18.7022 11.7434 14.7317 11.4502 13.1099 11.2399 11.2014 10.3724 9.89371 10.5146 13.3613 9.45719 9.30076 9.49186 9.03562
threshold=0.65706549493097377 0.016995000000000007 -0.62968552112579335 -0.014991730249999998 0.12225000000000001 0.015885000000000003 -1.0000000180025095e-35 1.9679000000000002 0.015715000000000003 -1.00335 -0.20329999999999995 -0.011714999999999998 33.780000000000008 3.5000000000000004 20.525000000000002 -0.27219999999999994 0.014055000000000002 -0.0023649999999999995 0.0038500000000000006 -0.99244999999999994 -0.19518999999999997 -0.0072449999999999988 -0.084159359161119981 0.096495000000000011 -0.49323999999999996 7.5000000000000009 0.13053270661966312 -0.093159999999999979 -0.010979999999999998 1.6562500000000002 -0.017775118499999996 0.035850000000000007 0.120935 54.565000000000005 5.5000000000000009 9.5000000000000018 0.10417000000000001 0.97408870417951532 16.630000000000006 1.0108500000000002 0.012140000000000001 12.500000000000002 0.11270000000000001 5.249950000000001 2.2795500000000004 66.305000000000021 60.649160385131843 1.6617121218218684 2.0459000000000001 0.79903920979907894 0.059780289643821607 0.023305000000000003 0.10789000000000001 9.5000000000000018 222.50000000000003 0.017875000000000005 0.72665000000000013 -0.66919999999999991 0.0056950000000000013 0.24116739477151378
decision_type=2 2 2 2 2 2 2 2 2 2 2 2 2 2 2 2 2 2 2 2 2 2 2 2 2 2 2 2 2 2 2 2 2 2 2 2 2 2 2 2 2 2 2 2 2 2 2 2 2 2 2 2 2 2 2 2 2 2 2 2
left_child=1 2 4 40 11 16 15 10 23 -8 -7 27 29 52 24 -6 20 -11 -19 -18 21 -5 -22 -2 -3 31 -15 -1 -21 30 -13 -25 33 34 36 -36 -26 39 -39 -9 53 42 44 56 -16 51 48 -48 49 -34 -50 -46 -14 -4 -55 -56 -43 -29 -59 -17
right_child=8 14 3 5 6 7 9 37 -10 17 -12 12 13 26 41 59 19 18 -20 28 22 -23 -24 25 32 -27 -28 57 -30 -31 -32 -33 46 -35 35 -37 -38 38 -40 -41 -42 43 -44 -45 45 -47 47 -49 50 -51 -52 -53 -54 54 55 -57 -58 58 -60 -61
leaf_value=0.013333760615757811 -0.021781152029653632 -0.011166408144030438 -0.0062919132757474601 -0.01382038298271244 0.019209417454614693 -0.0072952773534122883 -0.012037128671828443 0.0020489378764603494 0.014313704303147264 0.035539743468856987 0.030562933653737804 0.01431761755153209 -0.0039657561061478995 0.0062254829340076933 0.026989762883545151 0.00030237048396784442 -0.010188642433394318 0.017958342109864932 -0.0021755991432923752 0.013545753612466582 0.012320329488089419 0.013039862692145923 -0.012385530393474292 -0.0092034629159939308 0.0099027202605260038 -0.012431222951963382 -0.0069098707415862605 0.012880680767678397 -0.0024091795040833528 -0.013821715625224645 -0.0097043636494666373 0.024027797295620754 0.0040884063008193097 0.025107778255196583 0.019183821657794621 0.004431312533135493 -0.011737374302805864 -0.0048669590066275324 0.013221954461458987 -0.011938822639128736 -0.011502180856172965 0.0038925364290176069 -0.012935299192349876 -0.0057361389432080594 -0.016919722251081067 0.026381954174408289 -0.019568318045670469 0.010674318269649102 -0.0054675121435123165 0.02313710946977841 0.004105537952744571 0.0051854301397998223 0.016913936323600023 0.014123473931560101 0.01126740317283261 -0.017843938286665986 0.02838850625934455 -0.0083711398361364722 0.0044119239985327078 -0.023415276538017633
leaf_weight=64.071677833795547 70.474113419651985 33.605517625808716 16.496127918362617 16.151740252971649 6.6370853185653678 9.2320548295974749 12.787386082112787 66.200597405433655 13.49304588139057 19.055929198861122 22.088416382670403 20.051272258162498 14.794360652565954 56.715928696095943 18.147281020879745 11.781444944441317 83.00273821502924 143.10894771665335 39.206985704600811 37.211111597716808 10.985157109796999 26.094617515802383 446.37992762029171 9.2309502288699168 24.342928245663643 61.878559403121471 154.064209677279 22.726038813591003 92.112780548632145 121.69087282568216 30.865167066454887 10.112657889723776 135.38626448810101 26.412726730108261 51.856272488832474 233.55710932612419 46.715543478727341 52.377957500517368 63.494903922080994 64.150669276714325 13.447116211056708 11.134787186980246 20.417659014463425 9.8336915373802167 11.96958117187023 15.590508654713629 25.39692410826683 9.4847071170806867 131.21113447844982 18.941911205649376 115.25634537637234 52.893819004297256 47.515901148319244 120.10734356939793 15.999423533678057 11.211288496851919 40.902973592281342 58.126978613436222 55.409179300069809 23.770017094910145
leaf_count=290 652 159 80 87 33 47 102 347 61 111 102 99 77 298 81 71 502 778 243 184 67 129 3390 59 114 473 807 111 494 740 167 62 648 120 238 1083 227 292 320 345 65 49 92 45 59 68 123 44 620 87 535 244 225 592 81 54 180 294 263 167
internal_value=0.000226159 0.000871913 -0.000880308 -0.0032712 0.00221159 -0.00525462 0.0103566 0.00222852 -0.0117071 0.0143821 0.0197303 -0.00105212 -0.00368275 0.000250015 0.00437412 -0.00968928 -0.00816909 0.0162065 0.0136622 -0.00260575 -0.0105048 0.00254288 -0.0117184 -0.0142461 0.00294095 -0.00718393 -0.003339 0.00476955 0.0023775 -0.00980658 1.66981e-05 0.00903498 0.00355741 0.00653569 0.00496855 0.00727728 -0.00422654 -0.000200995 0.0051258 -0.00494465 0.00770693 0.0109731 0.00649464 0.0189132 0.0107721 0.00630421 0.000914169 -0.0111572 0.00203718 0.00680912 -0.000995119 0.000557968 0.0120004 0.00945602 0.0113067 -0.00128888 0.0236281 0.000549071 -0.00217794 -0.016124
internal_weight=3267.37 3102.18 2069.12 1166.74 902.379 989.483 256.348 277.545 165.189 214.159 31.3205 646.032 445.698 273.09 1033.06 42.1885 711.938 201.372 182.316 212.327 499.611 42.2464 457.365 151.696 852.167 81.2222 210.78 200.334 129.324 172.607 50.9164 19.3436 818.562 382.885 356.472 285.413 71.0585 246.224 115.873 130.351 177.261 180.89 119.019 61.8715 98.6012 80.4539 435.677 34.8816 400.796 154.328 246.467 64.8634 62.3103 163.814 147.318 27.2107 52.0378 136.262 113.536 35.5515
internal_count=18177 16870 12054 7178 4876 6306 1505 1453 1307 1234 149 3371 2413 1407 4816 271 4853 1132 1021 1180 3673 216 3457 1246 3998 594 1105 958 678 1006 266 121 3839 1782 1662 1321 341 1304 612 692 872 818 544 274 452 371 2057 167 1890 735 1155 303 302 807 727 135 229 668 557 238
is_linear=0
shrinkage=0.0226245


Tree=62
num_leaves=61
num_cat=0
split_feature=29 43 37 28 37 27 7 28 15 28 7 23 36 25 7 37 26 37 31 16 41 44 37 14 22 15 45 28 28 37 3 27 33 37 43 28 7 27 28 25 35 28 37 27 6 31 27 13 6 27 37 37 27 24 37 25 37 39 33 27
split_gain=52.4423 43.4725 32.0523 57.7293 34.8931 48.3469 37.271 32.203 30.9781 29.9632 23.7158 23.5296 22.76 20.2028 18.5291 18.4006 19.6698 18.2608 17.7486 25.1458 17.6782 17.3909 17.6291 19.5461 18.4182 17.2985 16.7315 15.6299 18.0365 17.9575 18.1486 15.5516 14.8991 12.6255 16.1872 12.2074 11.0507 16.4494 10.9401 10.7219 10.2812 10.0762 9.46299 13.1543 9.38329 14.2477 10.542 9.34944 8.98365 8.90197 8.75551 8.69121 9.41228 8.65405 8.32713 8.21181 8.16581 8.26478 8.13982 8.13229
threshold=0.019635000000000003 0.63446804153356062 -0.5018999999999999 0.013725000000000001 0.38225000000000003 0.014795000000000001 33.698843129859505 0.024945000000000005 -0.97754999999999992 0.011695000000000002 98.421661068318357 72.465000000000018 0.89820000000000022 0.41635000000000005 91.052125537465884 0.16840000000000002 0.49475000000000008 0.093500000000000014 0.044035000000000012 1.0668000000000002 -2.0793306254657629 0.053534120000000011 -0.18364999999999998 0.92640000000000011 1.6148500000000003 -0.99994999999999989 2.0375000000000001 -0.010184999999999998 0.021535000000000002 0.51685000000000014 0.88400515121287404 0.016535000000000005 -0.13924999999999996 0.30215000000000009 1.0000000180025095e-35 0.016530000000000003 77.92657417301173 0.037510000000000009 -0.010334999999999999 1.1857500000000003 22.500000000000004 0.013725000000000001 -1.0620499999999999 0.056540000000000007 -0.040205272259505841 -0.048084999999999996 -0.0075749999999999993 -0.40917999999999993 -0.031247758765724398 -0.0099049999999999989 0.23710000000000001 0.26335000000000003 0.023915000000000002 -0.017899999999999996 0.50810000000000011 1.2173500000000004 -0.49244999999999994 0.031550000000000009 -0.56954999999999989 0.029605000000000003
decision_type=2 2 2 2 2 2 2 2 2 2 2 2 2 2 2 2 2 2 2 2 2 2 2 2 2 2 2 2 2 2 2 2 2 2 2 2 2 2 2 2 2 2 2 2 2 2 2 2 2 2 2 2 2 2 2 2 2 2 2 2
left_child=1 2 3 8 6 11 21 10 59 47 26 18 15 -14 17 16 31 -11 25 -20 -7 22 23 -4 -24 -6 -8 54 39 30 58 -2 55 34 -9 51 37 -31 -22 41 -32 -29 43 -33 45 -18 53 -3 -40 -34 -37 52 -15 -46 -17 -5 57 -49 -30 -1
right_child=12 9 4 32 5 20 7 33 -10 14 -12 -13 13 35 -16 27 44 -19 19 -21 38 -23 24 -25 -26 -27 -28 28 29 36 40 42 49 -35 -36 50 -38 -39 48 -41 -42 -43 -44 -45 46 -47 -48 56 -50 -51 -52 -53 -54 -55 -56 -57 -58 -59 -60 -61
leaf_value=-0.017490584673660797 -0.010219548345723254 0.004511490362751041 -0.007849277830044259 0.015955469417776869 0.0053161990814757738 -0.0092713198560217952 -0.003929996498994971 -0.0029569578762819585 0.0056763975648422681 0.038794690587393009 -0.024684475024025959 -0.020574516456083176 -0.0039606316867426663 -0.011119036834459728 -0.015358144986131507 0.00082790316312065528 0.020825501917767889 0.00035604038534743811 0.01751877510146645 -0.0066167008076527221 0.025069004113164775 -0.018988311969666587 0.015674282333972694 0.032055754319663662 -0.015363485748871135 -0.0047407943309858945 0.0040794636733525683 0.0013492654731903494 0.0051223020031440905 -0.0015112498452230071 -0.0062526153955793883 -0.01409897815465058 0.031353866573282048 -0.0060943544400816271 0.021078987712144403 0.032787554914765073 -0.016934355259595045 0.015764746164288853 0.021443934143038371 0.0018619838757577476 0.016233902910447844 -0.019828293005202974 0.0082722989022172688 0.0099731564053507603 0.017715301544931235 -0.0067084957412017693 0.032167509125719806 -0.016995765059039762 0.00085315419444648502 0.012299224359188819 0.012779669386926894 0.021457132724777488 0.012904149591809027 -0.0039825703489655556 0.026696608452958757 -0.010034448369607806 -0.020585764670291846 0.012059994194399128 0.026016565467969134 -0.00060962150248746957
leaf_weight=45.954606607556343 31.016428515315056 8.6260028406977636 11.04172392934561 9.3119066953659075 133.97437047213316 10.958978131413458 744.85268335044384 18.414249271154404 154.44597778469324 8.4735127314925212 22.534113727509975 24.191904656589031 24.301843270659447 14.375611782073976 10.857268668711184 10.216506347060205 13.901338189840315 14.389779798686503 64.131134763360023 31.085260853171349 60.626382037997246 101.8448528200388 9.2327398285269719 9.3690283894538862 58.015049189329147 240.31712745130062 160.04250833392143 14.871267065405844 15.436019301414488 243.3274090141058 33.591543719172478 22.947881102561951 48.507641524076462 16.33395791053772 53.012945234775543 32.644771888852119 17.137973591685295 28.971903756260872 15.533014833927153 29.55840876698494 11.669471800327299 43.033366471529007 194.73679178953171 18.404343858361244 37.937031671404839 20.172684580087662 23.645849704742432 6.6693796217441541 26.981210306286812 23.974248453974724 24.806800976395607 13.343396455049513 13.273488178849218 11.015947937965391 14.905399069190024 9.9439921230077726 108.94441792368889 7.6888459771871567 32.11378601193428 21.146627008914948
leaf_count=295 147 42 63 43 681 49 4695 92 784 48 184 163 114 68 87 46 62 88 306 154 291 798 50 56 405 1318 826 74 72 1165 156 106 236 81 245 141 82 128 71 144 54 221 880 80 167 92 103 51 128 105 110 62 58 52 64 48 1002 59 145 106
internal_value=0.000783122 -0.0010984 -0.000221188 0.00642695 -0.00137871 0.0030314 -0.00360567 -0.00186954 0.000107301 -0.0121587 -0.00311892 -6.70454e-05 0.00512264 0.0141394 0.00644378 0.00380574 0.00757424 0.0173594 0.00110913 0.00967645 0.0161083 -0.0127383 -0.00510218 0.0121732 -0.0106314 -0.0011278 -0.00250493 0.000931675 -4.71495e-05 0.0020874 0.0105839 0.00420885 0.021219 0.0110116 0.0150084 0.0185932 -0.00071484 0.000473238 0.0189844 -0.00914421 0.000171804 -0.0145839 0.00620517 -0.00343364 0.0156674 0.00527513 0.0201559 -0.0169497 0.00926318 0.0257653 0.0251753 0.00831679 0.000543454 0.0128827 0.0173484 0.00297605 -0.0185201 -0.00202283 0.0199165 -0.0124158
internal_weight=3282.78 2291.43 2125.78 313.285 1812.49 607.799 1204.69 1015.19 221.547 165.649 927.429 493.7 991.357 122.746 33.7206 868.611 373.778 22.8633 469.508 95.2164 114.1 189.503 87.6585 20.4108 67.2478 374.291 904.895 494.833 469.711 382.248 92.8108 267.105 91.7378 87.7612 71.4272 98.4441 289.437 272.299 103.141 87.463 45.261 57.9046 236.089 41.3522 106.673 34.074 72.5988 131.929 42.5142 72.4819 57.4516 40.9925 27.6491 48.953 25.1219 19.2559 123.303 14.3582 47.5498 67.1012
internal_count=18243 13650 12273 1617 10656 3161 7495 6123 1185 1377 5705 2622 4593 553 223 4040 1689 136 2459 460 539 1372 574 119 455 1999 5521 2351 2241 1802 427 1213 432 418 337 439 1375 1293 490 439 210 295 1066 186 476 154 322 1154 199 341 251 188 126 219 110 91 1112 110 217 401
is_linear=0
shrinkage=0.0226245


Tree=63
num_leaves=61
num_cat=0
split_feature=8 43 24 34 34 31 5 29 24 35 35 6 6 44 0 35 1 24 0 2 24 24 5 5 3 22 15 24 22 24 4 27 8 24 35 45 13 5 27 24 22 21 43 14 5 5 1 45 43 2 3 5 21 26 41 25 2 8 6 6
split_gain=56.1794 46.5795 28.5871 32.8416 35.8902 43.4886 36.5189 31.3474 30.3976 35.4914 28.9302 21.8118 32.9151 26.2623 25.1752 21.0319 20.2969 20.0608 17.7356 16.5064 15.3749 15.3454 14.7906 14.9074 17.1604 14.6711 14.614 18.0962 16.691 14.6126 14.4377 13.9326 20.5233 22.1297 21.8294 17.2054 23.7518 26.5101 15.3393 13.5914 13.2414 18.0046 18.4564 15.0179 14.4474 12.8539 13.5936 12.7097 12.5645 12.3359 14.9312 12.3179 13.8945 12.0528 11.3897 10.9531 10.7397 13.8315 14.4509 10.6842
threshold=0.017014503000000004 0.59046932764467508 -0.17350499999999996 27.500000000000004 20.500000000000004 -0.0027849999999999997 -1.3986026048660276 0.012835000000000001 0.11504500000000002 5.5000000000000009 14.500000000000002 0.0029127556527793505 0.0053060273761566515 0.2808500000000001 0.26752575000000006 26.500000000000004 0.15117523055452928 -0.25933999999999996 0.24200180000000002 0.80278151543183929 -0.40987499999999993 -0.29243499999999994 7.4692165851593026 -1.0062105655670164 0.69072608346453601 4.432100000000001 0.98405000000000009 -0.43203499999999995 4.7204000000000006 0.026765000000000004 3.5000000000000004 0.016695000000000005 0.041069656000000003 0.085980000000000015 9.5000000000000018 1.9995000000000003 0.120935 3.7924622297286992 0.056540000000000007 -0.041374999999999995 3.4459500000000003 19.290000000000003 0.39638213131696115 1.1421500000000002 3.3537122011184697 -5.4532322883605948 -0.19679264695244206 1.9771000000000003 0.39638213131696115 0.20159696544689534 0.29232794209222063 9.9619250297546404 21.280000000000005 -0.19424999999999998 0.27171086157886187 0.68925000000000014 0.4308846330225144 0.073872030000000019 0.084574096523858708 0.071489435037312407
decision_type=2 2 2 2 2 2 2 2 2 2 2 2 2 2 2 2 2 2 2 2 2 2 2 2 2 2 2 2 2 2 2 2 2 2 2 2 2 2 2 2 2 2 2 2 2 2 2 2 2 2 2 2 2 2 2 2 2 2 2 2
left_child=1 2 10 4 6 -6 18 15 11 -10 22 19 14 -14 -13 -8 29 -2 -4 -5 -12 45 23 24 -1 -26 27 -25 -28 -7 -20 35 33 -33 -35 53 37 -37 56 -39 43 42 -42 44 -38 -22 -47 54 -49 -11 -51 52 -3 -19 -23 -21 -34 58 -58 -43
right_child=17 51 3 8 5 16 7 -9 9 49 20 12 13 -15 -16 -17 -18 31 30 55 21 47 -24 26 25 -27 28 -29 -30 -31 -32 32 38 34 -36 36 40 39 -40 -41 41 59 -44 -45 -46 46 -48 48 -50 50 -52 -53 -54 -55 -56 -57 57 -59 -60 -61
leaf_value=-0.0082024714466806207 -0.0015290728257007895 -0.014556741433682064 -0.0079533395703849478 -0.012697265981761201 -0.014553462960739054 0.049756208336047714 -0.012155262635676525 0.0096894552417927989 -0.012729926416701362 -0.00054761691984488506 -0.013002378223472741 -0.0086669167935248415 -0.0070930044987115035 0.0097868223252585949 0.037867512420666861 0.019482612542381064 0.00031887984381816361 0.011323430449508591 0.021426230498789601 -0.012784902923759327 -0.0066610071898713678 0.011265186655443188 -0.0003255328121602039 0.00069886326880118886 0.020326271261121132 -0.0055923028715697048 0.0032933836021047584 0.03386840538315699 0.024327364409565358 0.014097721043036896 0.0013387615094899064 0.022401201412358088 0.0064810316975391731 -0.0049139300958857667 0.014600313653266105 0.00076592748928842533 0.011044658407305528 0.034672813209441593 0.016062898132497838 0.0043618191575031792 0.0020689003616395649 0.001356167503674355 -0.0148490756244079 0.031021799741807861 -0.0011280747812780335 -0.0028657725636779476 0.025994163633902587 -0.019838618896186412 0.0066551928076486666 0.029172617338963348 0.0065897530455646773 0.0096477760212069965 0.012491992864018305 -0.0083104257137004596 -0.010587874976105078 0.0083917971190132484 -0.0049567359823826027 -0.015927216876141105 0.020094337190342412 0.026042359176991006
leaf_weight=32.414587587118149 214.05355539917946 178.44118961691856 17.963122561573982 294.02203215658665 12.119373403489588 20.435558527708054 141.79338745027781 54.637357696890831 68.739722900092602 117.03674571216106 47.870528399944305 7.7107743844389942 302.42185928672552 53.196562014520168 14.259779103100298 9.0530075356364232 8.786935515701769 17.053631901741028 61.462308034300804 16.037249691784382 13.550126194953917 31.984019324183464 64.992956027388573 10.932072833180426 32.767009243369102 14.758176505565642 58.822746589779854 35.634686842560768 26.69876866042614 11.91352818161249 26.166708871722221 91.090164616703987 84.759439051151276 44.558938965201378 76.922848671674728 31.052788339555264 103.06870243698359 32.540105134248734 40.366123110055923 10.795266412198542 72.70942322909832 20.671309843659401 56.641370132565498 9.7060140967369062 93.420377999544144 11.049566134810442 25.705676600337032 30.516995966434479 10.977998718619345 14.259833484888075 151.55954548716545 10.877542935311793 8.1397393196821195 82.425568111240864 16.082918211817741 34.01201269775629 37.362527668476105 31.397174775600433 13.830157041549681 13.440666437149046
leaf_count=160 1016 1488 103 2067 80 117 969 263 366 597 241 62 1924 318 96 49 53 81 302 111 68 157 314 53 158 71 288 162 123 77 147 417 386 216 351 164 496 151 172 54 351 97 301 46 451 54 124 162 59 68 763 58 68 430 84 203 171 142 62 61
internal_value=0.000770669 -0.00144773 -0.000354384 -0.00193173 0.00391616 0.0205655 0.000902613 -0.00464792 -0.00392207 0.0015251 0.0045064 -0.00657145 -0.0027834 -0.00450936 0.0224273 -0.00992564 0.0311886 0.00471932 0.01154 -0.0106706 -0.00233251 0.00150875 0.00911737 0.0119774 0.00406243 0.0124185 0.0165777 0.0265779 0.0104411 0.0388591 0.0156625 0.00610745 0.00919417 0.0140974 0.00749472 0.00368457 0.00558574 0.0170064 0.00405158 0.0278676 0.00317328 -0.00162471 -0.00550202 0.00694681 0.00532473 0.0111639 0.0177419 -0.00409393 -0.0128523 0.00508317 0.00899872 -0.011824 -0.013204 -0.0047197 0.00376721 0.00127826 0.000930607 -0.00479211 0.00252368 0.0123585
internal_weight=3277.67 2099.8 1902.35 1437.59 364.331 53.2554 311.076 205.484 1073.26 351.596 464.759 721.66 377.589 355.618 21.9706 150.846 41.136 1177.87 105.592 344.071 187.738 139.867 277.021 212.028 79.9398 47.5252 132.088 46.5668 85.5215 32.3491 87.629 963.813 420.287 212.572 121.482 543.525 444.046 74.3882 207.715 43.3354 369.658 163.463 129.351 206.195 196.489 50.3054 36.7552 89.5619 41.495 282.856 165.819 197.458 186.581 99.4792 48.0669 50.0493 167.349 82.5899 51.1927 34.112
internal_count=18243 12627 11013 8735 2160 327 1833 1281 6575 1794 2278 4781 2400 2242 158 1018 247 5616 552 2381 949 708 1329 1015 389 229 626 215 411 194 449 4600 1917 984 567 2683 2172 369 933 205 1803 810 652 993 947 246 178 462 221 1428 831 1614 1556 511 241 314 761 375 233 158
is_linear=0
shrinkage=0.0226245


Tree=64
num_leaves=61
num_cat=0
split_feature=30 44 37 28 37 17 13 8 7 39 8 31 6 5 36 37 27 16 37 27 16 37 17 14 35 12 6 28 14 31 12 31 39 13 27 28 21 21 5 13 6 35 36 37 9 9 45 3 3 43 12 44 6 22 16 3 13 3 30 14
split_gain=47.8532 46.1904 28.7033 30.7537 42.1864 41.6278 27.116 26.8179 24.8577 22.6378 21.9329 21.8352 21.7275 19.6713 18.8148 32.9135 41.2478 25.0019 24.8831 25.1455 17.1541 16.9587 43.5937 15.8101 14.4162 50.9216 21.3777 18.8173 19.7153 18.5764 15.5118 16.3528 16.0799 14.1195 12.6996 11.9815 15.0764 11.5264 10.9275 10.8092 12.2756 10.5211 10.4754 10.3434 15.6288 21.7468 10.0783 9.73577 11.2218 9.70542 9.6684 12.01 13.8391 9.45849 11.3775 9.43953 9.38752 9.21185 12.3746 11.5395
threshold=0.018095000000000003 1.0000000180025095e-35 0.42010000000000008 -0.0023699999999999997 -0.35419999999999996 0.98795000000000011 -0.11684499999999999 0.0027513504000000002 46.663570045727631 0.065150000000000013 0.017419577000000002 0.022030000000000004 0.027937217539481453 -2.0594445466995235 0.80580000000000018 -0.5281499999999999 0.014055000000000002 1.0143500000000001 -0.12404999999999998 -0.011314999999999999 1.0238500000000001 0.24230000000000004 -0.98634999999999995 0.81715000000000015 3.5000000000000004 -0.011579999999999998 -0.084159359161119981 0.026605000000000004 0.52285000000000015 -0.070639999999999994 0.11504500000000002 0.028735000000000004 0.0095500000000000012 0.10407500000000001 0.014055000000000002 0.014515000000000002 18.035000000000004 14.680000000000001 25.690671920776371 0.10544500000000001 0.051147463316605357 29.500000000000004 0.65700000000000014 0.21815000000000004 1.5000000000000002 2.5000000000000004 2.0817000000000001 0.92320309643702514 0.56488499921390434 0.12171002656732634 0.040935000000000006 0.14515000000000003 0.024646289872594804 4.1045500000000006 1.05325 1.3025702212520571 -0.044569999999999992 0.77764966704721206 0.093365000000000017 2.4671000000000007
decision_type=2 2 2 2 2 2 2 2 2 2 2 2 2 2 2 2 2 2 2 2 2 2 2 2 2 2 2 2 2 2 2 2 2 2 2 2 2 2 2 2 2 2 2 2 2 2 2 2 2 2 2 2 2 2 2 2 2 2 2 2
left_child=1 24 3 43 7 -6 8 9 -4 -5 41 50 -11 -9 38 17 18 -16 19 -17 -15 22 -18 -20 25 27 -27 28 -1 -26 31 34 -32 -13 -31 36 -30 -25 -2 -21 -41 -7 -35 46 56 -46 -3 48 -34 -29 -8 -52 -53 54 -33 -49 -45 58 -40 -59
right_child=14 2 6 4 5 10 11 13 -10 12 -12 33 -14 20 15 16 21 -19 23 39 -22 -23 -24 37 29 26 -28 49 35 30 32 53 47 42 -36 -37 -38 -39 57 40 -42 -43 -44 44 45 -47 -48 55 -50 -51 51 52 -54 -55 -56 -57 -58 59 -60 -61
leaf_value=-0.0069943754870401458 0.0024698184918637259 -0.016868651004945279 0.029772454746059121 -0.0088158642790101601 0.007399743461389786 -0.016283179217464586 -0.015440792915352521 0.025592595588034651 0.0015781917072065245 0.0085874182870219369 0.009422639761760639 0.027040085352453124 0.036523911328191092 -0.015220979852419107 -0.00073785899272826546 0.031152165647971006 -0.022001567369296995 0.028342032496828071 0.0026324000594748292 -0.014271850105530658 0.014839775413343073 0.021542613811161286 0.022219493614166919 0.0052372224960716895 0.0048487774559569704 0.010712854636736897 -0.015077200492234486 0.015066705230573237 0.024067088425056359 -0.0094784546796274523 0.0262530855512665 0.0051988997561319703 0.0050818386375807382 0.014242968907553289 0.0024391342221141044 0.033335297664896076 -0.0069349296588667141 -0.018782071199609646 0.010893730440177303 0.023835432634329624 -0.0085357229960565974 0.011077039005251019 -0.016474887233959876 -0.020574895018905446 0.028996576234854143 -0.0094830968292011399 0.0098169634550317481 0.017811843579313189 -0.010873728459930954 -0.004879376596455009 -0.016140861103976705 0.025593842095541112 -0.0080496442058964352 0.012602737745548147 -0.012895388108819001 -0.0015075606194629621 0.007592608792491063 -0.012411902526967339 -0.015239989040345273 0.0057098963215453623
leaf_weight=9.7669876143336278 845.38084793835878 223.43566816300154 24.780678495764732 14.893774680793284 59.779348365962505 210.59600879251957 57.491245277225971 6.6228026002645484 38.790389075875282 35.961336582899094 17.899121314287186 12.704957298934461 23.71568962931633 46.449707180261612 20.396404877305031 15.20348736643791 17.60052564740181 54.192629158496857 37.088715359568596 15.583476565778254 9.6439553797245008 65.070945113897324 22.911576166749001 10.81564639508724 230.64286838471889 20.363736629486084 56.705611787736416 17.90219983458519 18.175421416759495 263.32399199903011 11.568696588277815 43.510384239256382 39.98988701403141 7.8373688310384777 54.018217653036118 40.530049920082092 11.273323826491831 62.764672264456749 32.393981158733368 9.9142598807811755 9.1403351277112943 5.5309238210320464 9.255417585372923 25.656142294406894 10.476997852325439 14.852218084037304 5.7045744433999053 25.033457085490227 45.318994261324406 28.80613124370575 11.633074305951597 10.261716276407244 9.9209529012441617 31.667973406612873 26.026348084211349 23.35379920899868 6.0578406006097785 72.884819835424423 9.8195140808820707 21.692271769046783
leaf_count=49 4005 1872 122 91 342 1814 349 34 207 185 94 66 109 284 95 65 90 271 189 80 48 311 100 56 1092 95 325 82 98 1546 56 225 193 38 275 188 61 343 152 44 47 38 61 230 81 112 29 121 230 137 84 55 50 153 130 112 54 344 46 100
internal_value=-0.000192142 -0.00249301 -0.00620117 -0.00823353 -0.00436891 -0.00917862 0.0017828 0.00590119 0.0133861 0.0148289 -0.013452 -0.00458089 0.0208648 -0.00489963 0.00310721 0.0076658 0.00384053 0.0206594 -0.00338753 0.0095306 -0.00957836 0.0146262 0.00282156 -0.00930004 0.000859162 0.0061864 -0.00812169 0.0148933 0.0213916 -0.000523056 -0.0027341 -0.00493693 0.00358528 0.0114544 -0.00744611 0.0254739 0.0126402 -0.0151868 0.00150811 -0.00162908 0.0092286 -0.0154459 -0.00236697 -0.013953 -0.0050058 0.00777384 -0.0160902 0.00110934 -0.00347287 0.0031982 -0.0101227 -2.6847e-05 0.0101199 0.00291921 -0.00181793 0.00892829 -0.0150094 -0.00436337 0.004227 -0.00820931
internal_weight=3220.78 1897.93 899.952 717.276 431.093 293.805 182.676 137.287 63.5711 74.5708 234.026 119.105 59.677 62.7165 1322.85 340.683 266.094 74.589 160.511 49.8416 56.0937 105.583 40.5121 110.669 997.978 203.523 77.0693 126.454 79.7458 794.455 563.812 418.547 145.265 29.7977 317.342 69.9788 29.4487 73.5803 982.171 34.6381 19.0546 216.127 17.0928 286.183 57.0432 25.3292 229.14 133.696 85.3089 46.7083 89.307 31.8157 20.1827 101.205 69.5367 48.3873 31.714 136.791 42.2135 94.5771
internal_count=17955 11617 6449 5417 3039 2288 1032 751 329 385 1946 703 294 366 6338 1691 1325 366 824 236 332 501 190 588 5168 1035 420 615 396 4133 3041 2329 712 165 1821 347 159 399 4647 171 91 1852 99 2378 477 193 1901 656 423 219 538 189 105 508 355 233 284 642 198 444
is_linear=0
shrinkage=0.0226245


Tree=65
num_leaves=61
num_cat=0
split_feature=31 44 28 43 5 15 29 25 5 36 31 23 14 29 0 0 12 31 5 15 29 16 1 3 0 22 29 35 28 28 35 2 27 16 5 21 12 35 28 35 6 1 8 27 23 31 16 43 45 43 1 27 45 45 3 16 1 12 7 43
split_gain=41.9294 31.6375 25.3508 24.1558 20.8244 20.0126 18.5897 18.5734 25.7766 23.1426 18.0501 16.6167 16.1342 14.0368 14.3219 19.0249 31.0213 20.8937 13.3607 13.3064 12.1109 12.0619 11.9221 11.4049 19.0253 17.5255 11.2433 11.0285 17.0645 19.7194 13.3669 13.9701 11.5582 11.1152 10.8594 10.8048 9.95477 10.527 9.8195 13.1259 9.81527 13.3158 9.66894 9.50662 9.16595 9.06177 8.87885 8.66912 15.8561 9.87433 9.6302 8.79069 8.54747 9.60033 8.34273 11.0232 8.3011 8.23348 21.3976 12.3225
threshold=0.013475000000000003 1.0000000180025095e-35 0.0079750000000000012 0.65706549493097377 -0.94717094302177418 0.98405000000000009 0.013295000000000001 0.08975000000000001 -1.733142554759979 0.7834000000000001 -0.070639999999999994 57.475000000000001 1.3395500000000002 -0.00078499999999999989 0.71660228000000015 0.33175322500000004 -0.12493999999999998 0.022030000000000004 -0.31102231144905079 1.0239500000000004 -1.0000000180025095e-35 1.0043500000000003 0.071760103280342172 0.76377978868813978 0.63715185000000008 3.9998000000000005 -0.020504999999999999 8.5000000000000018 -0.00048999999999999988 0.028695000000000002 3.5000000000000004 0.067461379777333311 0.027255000000000005 0.93405000000000016 1.2463694810867312 13.630000000000001 -0.080624999999999988 14.500000000000002 -0.0049549999999999993 14.500000000000002 0.079865849708705569 0.097371198845251916 -0.011631756999999998 -0.038454999999999996 -42.634999999999998 -0.012439999999999998 1.0417500000000002 0.46786051599503936 2.0369000000000006 0.49853248210941936 0.030278156379415354 0.014055000000000002 2.0229000000000004 2.0437000000000007 1.1378980984272753 1.0081500000000003 -0.74655155166757547 0.10694500000000001 41.754514188489175 0.0040987449310038353
decision_type=2 2 2 2 2 2 2 2 2 2 2 2 2 2 2 2 2 2 2 2 2 2 2 2 2 2 2 2 2 2 2 2 2 2 2 2 2 2 2 2 2 2 2 2 2 2 2 2 2 2 2 2 2 2 2 2 2 2 2 2
left_child=1 10 6 7 11 -6 23 18 9 26 35 21 36 -10 15 17 -17 -15 -2 40 -11 -4 -14 25 -25 56 -9 28 32 30 31 -30 -12 -32 42 -1 37 -5 39 -8 41 -7 -26 -16 -45 -27 -20 57 50 -50 51 -49 -28 -54 55 -21 -3 -29 -59 -60
right_child=3 2 4 12 5 19 38 8 13 20 27 -13 22 14 43 16 -18 -19 46 54 -22 -23 -24 24 34 45 52 47 29 -31 33 -33 -34 -35 -36 -37 -38 -39 -40 -41 -42 -43 -44 44 -46 -47 -48 48 49 -51 -52 -53 53 -55 -56 -57 -58 58 59 -61
leaf_value=-0.0088423085279877318 -0.0022219687488123255 0.012645104956014092 -0.010692070042687735 0.01737540383617326 0.01058651506480093 -0.0043903226052814147 -0.018110960175905629 0.010799121696090213 -0.0071393784519484943 -0.0036308824588864963 -0.0099338875247565479 0.019048866461195541 -0.010899279216802234 0.018445974732806888 -0.012069272073102355 0.0070227889981916876 -0.0071272586213370235 0.0017859885985792232 0.025143840218520105 0.020720420299717345 0.018306905790399362 0.012899544726586209 0.018115335557935933 -0.017034229875964695 -0.0076596128585433871 0.031295974946792947 -0.0058004923695600267 -0.0075782062451245471 -0.0052751572999594609 -0.0075958964424059508 0.016104458834753137 0.024395870139380653 0.014992490686707546 -0.005853504143133733 -0.0187799420865974 0.0058606464990367509 -0.018736601875803324 -0.013333504347414493 0.018004632607783705 0.014070878959813959 0.013481291509064609 -0.017134599814415039 0.015587887106015597 -0.0069107386181295662 0.0079660403336980993 2.4662816527174076e-05 0.0012901931238282474 -0.017092960209383588 0.031339543310668995 0.0034850577250224823 0.0105240602248611 0.006818294954662428 0.02391535957780859 0.00018265071270348127 -0.0098471369605870624 -0.0054117302562895408 -0.010497711061637603 0.022568729934900344 0.014300347279996217 -0.0086574844233559718
leaf_weight=25.541945159435272 17.164748020470142 6.1556727439165106 25.176771245896816 7.6684026122093227 35.496740773320198 85.142022624611855 12.054371535778047 59.124374315142632 95.044017918407917 13.553380876779554 62.63194452226162 36.684590026736259 9.765239246189596 42.69388260692358 11.735140293836592 107.03532768785954 283.72908587008715 254.44780288636684 38.533629924058914 17.310109615325931 110.4996175840497 15.477467358112333 14.847903482615946 203.63198151439428 13.428088806569571 5.9903515428304699 71.62670873105526 264.308363892138 8.7095943838357908 32.873603880405426 16.229130581021309 44.209601566195488 8.5069489479064924 28.200782641768456 9.1402209624648076 282.78514903783798 51.304147757589817 9.566342391073702 14.590980298817156 8.7294550314545614 6.4673862829804412 85.339739464223385 18.956216245889667 20.842466235160828 264.63365501910448 10.18872034549713 10.297473415732382 25.499316409230232 9.7843386530876177 15.116397194564341 12.681667327880858 9.0678998380899412 9.2435339540243131 31.199984535574913 12.803025871515272 12.320566728711126 106.06526581943035 15.062205359339712 11.794549658894537 65.385110750794411
leaf_count=124 89 42 149 37 167 539 64 276 493 78 357 203 56 263 53 501 1554 1304 181 81 583 92 79 1812 67 41 360 1404 50 159 80 216 41 159 50 1328 419 61 72 46 33 680 95 96 1237 79 49 170 47 76 79 48 45 152 65 62 764 69 54 325
internal_value=-0.000183445 -0.00265132 -0.00613554 0.00251749 -0.00147192 -0.00459324 -0.00988732 0.00324392 0.00266351 0.00855337 0.000110946 0.00860944 -0.00848219 0.00103504 0.00184231 4.29582e-05 -0.00322824 0.00433451 0.0147204 -0.0071552 0.0158819 -0.00145012 0.00666799 -0.011368 -0.0142246 -0.00572041 0.00306717 -0.00208291 0.00226259 0.00707769 0.012109 0.0194921 -0.00648371 0.0026612 -0.000234367 0.00457176 -0.0139726 0.000863242 0.00542537 -0.00452626 -0.00985389 -0.0109493 0.00611054 0.0059664 0.00682145 0.0145939 0.0204672 -0.0041255 0.0029346 0.0165529 -0.00478317 -0.0107781 -0.00118098 0.00684128 0.00400894 0.0103395 -0.00894235 -0.00556628 0.000253722 -0.00475914
internal_weight=3214.1 1679.54 741.15 1534.56 332.218 254.88 408.931 1441.4 1375.41 295.248 938.389 77.3388 93.152 1080.16 985.117 687.906 390.764 297.142 65.9959 219.383 124.053 40.6542 24.6131 373.557 245.157 128.4 171.195 630.061 201.362 130.223 97.3491 52.9192 71.1389 44.4299 41.5245 308.327 68.5389 17.2347 35.3748 20.7838 176.949 170.482 32.3843 297.211 285.476 16.1791 48.8311 428.7 72.1496 24.9007 47.2489 34.5672 112.07 40.4435 42.4337 29.6307 112.221 356.55 92.2419 77.1797
internal_count=17955 9989 5203 7966 2071 1627 3132 7314 6995 1494 4786 444 652 5501 5008 3622 2055 1567 319 1460 661 241 135 2950 2024 926 833 3334 1062 664 505 266 398 239 212 1452 517 98 182 110 1252 1219 162 1386 1333 120 230 2272 420 123 297 218 557 197 208 143 806 1852 448 379
is_linear=0
shrinkage=0.0226245


Tree=66
num_leaves=61
num_cat=0
split_feature=27 7 37 2 45 21 37 27 21 45 27 5 37 8 7 5 29 37 37 27 45 37 41 0 0 5 12 29 8 8 4 29 1 21 16 44 27 12 2 31 8 5 7 5 30 0 3 37 29 6 6 22 16 37 27 27 7 6 33 12
split_gain=33.7466 29.6931 61.9818 21.656 18.2229 24.1608 21.1384 17.8357 17.7181 30.7885 20.7223 21.5314 21.1702 17.021 18.6975 16.4218 30.9423 26.2477 25.2178 24.301 20.8072 17.632 16.6701 15.7684 14.9177 25.9868 19.4891 17.1695 28.5395 21.0594 16.8507 18.4287 14.2646 16.8444 15.5391 14.1681 13.0466 13.0301 13.3251 12.6863 12.5928 12.5568 11.6063 10.9893 10.6404 9.42186 9.22565 8.54938 8.29193 7.92247 7.54783 7.47712 7.70374 6.52725 6.17319 5.66421 5.20371 5.19144 4.77445 3.30996
threshold=0.072065000000000018 89.941301839299186 -0.36819999999999992 0.26201372997711675 1.9669000000000003 17.290000000000003 0.53815000000000013 0.016535000000000005 14.905000000000003 1.9525000000000001 0.0099350000000000011 -0.86184874176979054 -0.084249999999999978 0.017208934000000002 30.271736195033224 -1.3986026048660276 0.0080300000000000007 0.16840000000000002 0.41245000000000004 0.012245000000000001 1.9961000000000002 -0.18364999999999998 0.46935994303802425 0.35532223000000007 0.44425248500000009 18.383784294128422 -0.17350499999999996 0.019305000000000006 0.053007245500000001 0.00059908628500000003 2.5000000000000004 0.022635000000000006 0.106953943138215 18.380000000000006 1.0011500000000002 0.0066956400000000018 0.032865000000000012 -0.20354999999999998 0.075160026583651063 -0.040819999999999988 0.023558348500000003 2.9556931257247929 35.551551930678009 21.699372291564945 -0.012299999999999998 0.41673064000000004 1.2135238436977305 -0.63824999999999987 -0.0045349999999999991 0.089653830486335767 0.04315400486942756 3.8452000000000006 -0.93674999999999986 0.51685000000000014 -0.0099049999999999989 0.017545000000000002 44.816738222121963 -0.021018088470463245 0.18945000000000004 0.10126500000000001
decision_type=2 2 2 2 2 2 2 2 2 2 2 2 2 2 2 2 2 2 2 2 2 2 2 2 2 2 2 2 2 2 2 2 2 2 2 2 2 2 2 2 2 2 2 2 2 2 2 2 2 2 2 2 2 2 2 2 2 2 2 2
left_child=1 4 3 47 6 24 8 49 9 39 11 12 -10 14 -8 20 18 22 21 -19 51 -17 -18 -20 26 27 37 29 -29 -26 46 -32 33 -22 -34 -13 44 38 -6 -1 -39 48 -41 -38 -12 -5 -28 -3 -16 -4 58 52 -7 -52 -47 -15 -43 -2 -27 -11
right_child=57 2 7 45 5 15 13 -9 10 59 36 35 -14 55 41 16 17 19 23 -21 32 -23 -24 -25 25 50 30 28 -30 -31 31 -33 34 -35 -36 -37 43 40 -40 42 -42 56 -44 -45 -46 54 -48 -49 -50 -51 53 -53 -54 -55 -56 -57 -58 -59 -60 -61
leaf_value=-0.01179520602237155 0.0088225678870694144 0.0077031410466623373 -0.023207815479160503 -0.0031545864683646722 0.008798285904001597 0.0049700918990577044 -0.017569632696517647 0.015956496850099668 0.0061876322193578862 0.03539626158196349 0.0032687635078996278 0.0071926118456980938 -0.012261335346285752 0.0071429430898760447 0.0026802176530258156 -0.00055697772947133756 0.0072830013018514031 -0.0058840843999899617 -0.0082484786161652317 0.0081768931754434507 0.021058421479976063 -0.012904702838766548 0.024821456676483375 0.013219016433704461 0.0042893479084727829 -0.021262908444159331 -0.00059713470189152193 0.016279115013852687 -0.0052249421311554882 -0.0074005480704993111 -0.0097493521048301491 0.0026097939194747819 0.0051248863999906608 0.0024906290863582099 0.029247348246550835 0.02669980973770093 0.0067549174048903296 0.028810985704467839 -0.0056713966026975425 -0.0067446489678687875 -0.0021398568102212875 -0.011800262941773599 0.012191827152424834 -0.010178214354775367 -0.010449334046881354 0.028033351121039694 0.018669781763996796 -0.016415767255790872 0.026569402964767293 -0.00029772010941153784 0.0077513560705493711 0.007571630665060388 -0.017316602246746759 -0.013855588802941023 0.0071786379015436018 0.031303001030945174 0.0071833925693312681 0.032162782892542895 -0.0040627717883279808 0.014061231816670442
leaf_weight=20.421105697751045 10.623665630817415 9.5610978975892085 96.901086263358593 9.3885898962616903 47.624938100576401 9.4700626656413061 11.306634113192557 4.9257513880729666 79.88291522115469 17.101372316479686 34.681326240301132 67.769687846302986 48.863243997097015 8.6798373311758024 11.356970101594923 94.491939797997475 147.5571076720953 157.74276059865952 23.493826739490032 100.53328178822994 28.452746465802193 156.80633552372456 32.760730989277363 51.471899256110191 187.13740593194962 34.486338123679161 68.848633781075478 89.162421599030495 46.355257287621498 131.99429388344288 442.74269567430019 70.445585131645203 25.015014201402664 128.89786425232887 31.715088084340096 25.67483139783144 73.683021724224091 13.827343553304674 88.871066033840179 20.617946431040764 10.632334515452383 10.165791600942613 58.072138287127018 23.590687617659569 142.32889212667942 22.414491549134251 12.666391558945177 18.158789366483688 23.388125240802765 8.4572152346372587 14.207944318652155 12.394511073827742 25.849343299865723 9.448811471462248 13.783416770398619 23.434441357851028 14.188807457685469 15.362790465354918 12.652993708848951 11.950286008417605
leaf_count=101 45 61 944 54 234 52 58 22 389 88 176 326 252 41 55 598 714 775 143 467 146 1196 166 260 993 168 372 414 218 723 3095 337 121 678 162 130 328 71 444 100 52 50 284 106 733 112 65 113 111 54 66 64 142 46 65 112 66 65 60 61
internal_value=0.000112646 -0.000105727 -0.00886859 0.00709683 0.000432301 -0.000552627 0.00354794 -0.0193911 0.00195655 0.00935585 3.30268e-06 0.00510295 -0.000929862 0.0129242 0.00621551 0.00203015 0.000347885 0.00426109 -0.0049038 -0.000380917 0.00688752 -0.00832097 0.0108111 0.00643465 -0.00262233 0.000306086 -0.00465201 0.00231262 0.00896791 -0.000568673 -0.00653553 -0.00804768 0.00987934 0.0061677 0.0193754 0.0131932 -0.00413792 0.00229977 -0.00054491 0.00303615 0.0165533 0.0113735 0.0071669 0.00247292 -0.00775219 0.0163042 0.00293385 -0.00815472 0.0195671 -0.021426 -0.0121646 -0.00633336 -0.0114169 -0.00144786 0.0212113 0.025903 -0.00115184 0.0244606 -0.017148 0.0286884
internal_weight=3244.49 3218.51 183.59 73.3064 3034.92 2307.76 727.158 110.284 624.637 128.163 496.475 222.191 128.746 102.521 70.4063 1026.65 764.858 438.594 326.264 258.276 261.795 251.298 180.318 74.9657 1281.1 525.445 755.659 454.649 135.518 319.132 594.703 513.188 214.081 157.351 56.7301 93.4445 274.284 160.956 136.496 99.1112 24.4597 59.0997 78.6901 97.2737 177.01 45.5865 81.515 27.7199 34.7451 105.358 70.7961 47.7139 35.3194 23.6568 36.1979 32.1143 24.3546 25.9865 47.1393 29.0517
internal_count=18144 18034 1425 405 16609 13042 3567 1020 3074 634 2440 1097 641 493 340 5684 4319 2122 2197 1242 1365 1794 880 403 7358 2688 4670 2348 632 1716 3869 3432 1107 824 283 456 1343 801 678 485 123 282 384 434 909 231 437 174 166 998 340 258 194 112 177 153 116 110 228 149
is_linear=0
shrinkage=0.0226245


Tree=67
num_leaves=58
num_cat=0
split_feature=27 7 37 13 27 0 1 14 5 37 7 39 37 1 27 5 27 35 41 14 34 24 2 0 24 37 34 5 37 34 1 37 34 5 8 36 25 13 7 1 0 35 13 3 2 31 0 8 13 3 6 2 31 8 3 35 1
split_gain=32.3483 28.6539 60.2418 23.1999 17.4523 16.4284 23.7522 22.3654 21.7637 21.582 19.8931 16.5628 16.7299 25.9987 16.238 17.7541 16.228 14.6186 26.0232 14.0386 13.6906 12.1858 21.5251 13.8645 21.266 30.9589 24.7309 13.9198 13.1368 12.0866 11.0674 10.8472 10.4396 11.0661 14.9215 10.4363 14.6608 12.0736 9.4742 12.0238 9.1591 14.1946 8.87554 7.99828 8.29511 7.99623 7.96711 6.85272 6.81613 4.94535 4.92969 4.4394 3.83803 2.8735 2.50887 1.19131 1.06539
threshold=0.072065000000000018 89.941301839299186 -0.36819999999999992 0.096495000000000011 0.016535000000000005 0.68677502000000012 0.20329386240903033 0.89775000000000016 32.778190612792976 -0.16274999999999998 21.17837622700328 0.044150000000000009 0.50155000000000005 -0.083820637080713287 -0.011314999999999999 -0.21523579955101008 0.030105000000000003 14.500000000000002 0.40257337370464918 1.2816500000000002 232.50000000000003 0.2718850000000001 0.15032005316730213 0.44425248500000009 -0.045229999999999992 0.054350000000000002 27.500000000000004 19.047982215881351 -0.43754999999999994 80.500000000000014 0.32815669618561361 -0.60589999999999988 169.50000000000003 -2.3287510871887203 0.0067862868500000008 0.18000000000000002 1.0783500000000001 0.83202000000000009 63.123122361949136 -0.015405421917610298 0.47369425000000004 5.5000000000000009 0.26038500000000003 0.38318367504737233 0.47064298189171799 -0.022844999999999994 1.0655544500000003 -0.0063701272499999987 0.19674000000000005 0.91056295771393336 -0.021018088470463245 0.34017324026574719 0.050385000000000006 0.022151708500000002 0.49368989546501041 2.5000000000000004 0.44013370152887049
decision_type=2 2 2 2 2 2 2 2 2 2 2 2 2 2 2 2 2 2 2 2 2 2 2 2 2 2 2 2 2 2 2 2 2 2 2 2 2 2 2 2 2 2 2 2 2 2 2 2 2 2 2 2 2 2 2 2 2
left_child=1 5 3 55 42 10 7 32 19 30 11 17 16 -14 -5 -16 51 49 -19 20 -9 23 40 24 25 -12 -26 28 -25 -21 52 -17 33 47 -35 36 -11 -38 39 -34 41 -23 54 -24 -45 -29 -10 -7 -32 -1 -2 -13 -8 -40 -4 -3 -56
right_child=50 2 4 14 -6 6 9 8 46 35 21 12 13 -15 15 31 -18 18 -20 29 -22 22 43 27 26 -27 -28 45 -30 -31 48 -33 38 34 -36 -37 37 -39 53 -41 -42 -43 -44 44 -46 -47 -48 -49 -50 -51 -52 -53 -54 -55 56 -57 -58
leaf_value=-0.018553984484092408 0.0086531857023856833 -0.0049031689352549927 -0.0041627894588478652 0.030056237840984157 0.015728486624974041 0.0126752945104881 -0.013278618995382654 0.016983830426301957 -0.017741128578940328 0.016444046970520678 0.0085186348583840433 -0.011430650868159814 -0.018862388249235248 0.02150418322809514 0.019972313278156212 0.010032796429787093 0.013336341012289804 0.038415824906612196 -0.013714154291657723 -0.0052150484237624513 -0.00036104518253287797 -0.018186511991152381 -0.003827031136519016 0.011588961324703481 0.0010978937030427648 -0.0017896719888674962 -0.0077355714152873983 0.0045221318426542012 0.0020579404219479443 0.0092161553703927999 0.02431691042775504 -0.018675145655610109 0.0086859533784268105 -0.014171834684395538 0.00023529009942348261 -0.022940886108578959 -0.016957977389630122 0.0022573967343570834 0.0073106582576584443 -0.011476888768750347 -0.015398787522866293 0.0072683581530668352 -0.0011831606537803299 0.021176685174898579 0.0016824971128926996 -0.013374029780544493 0.0038864296591074069 -0.0048758309278911852 0.00075329888243635338 0.0030673344704840308 0.031390385170773569 -0.024399719288193608 0.0045622154355096376 0.027173220635602596 -0.024961738485017145 -0.021053991605028296 -0.0071126259592835172
leaf_weight=8.4623119160532969 10.642958104610445 5.7110388055443755 4.6639209762215605 17.171371877193451 4.9260299801826468 30.820386722683907 9.6608651429414767 162.70362245291471 17.260510712862018 9.9803926050662977 202.4042502194643 29.912342429161072 12.579952314496042 14.458051502704619 18.258753329515457 8.6536797583103162 6.1849939525127402 9.6993312984704954 6.0954213589429846 40.413857161998749 26.967483058571815 11.309865623712538 9.6982069015502912 90.63327694684267 256.67051737755537 542.60441015660763 435.02239272743464 16.987658977508545 364.17758316546679 95.087407529354095 16.594679683446888 14.506206691265108 45.061644189059734 57.887448884546757 93.02039235830307 23.726125046610832 42.707283198833466 25.47217033803463 9.3717769682407397 19.314539566636086 17.427807599306107 50.786226809024811 10.492880083620546 51.765066742897034 14.708098024129866 37.354071572422981 13.834524139761923 15.28626239299774 9.5549598783254606 9.0093566551804525 15.454780474305151 49.886609278619289 9.9848093241453153 9.8410895764827711 83.968696087598801 8.7023654356598836 4.607852689921855
leaf_count=65 45 43 43 89 22 146 46 798 81 47 1104 226 69 70 82 42 26 62 50 188 130 59 46 438 1607 2850 2863 80 1948 437 78 80 213 279 427 135 204 120 44 94 85 243 74 246 69 184 64 74 46 69 65 410 45 44 836 69 45
internal_value=0.000114877 -9.96314e-05 -0.00875502 0.00698449 -0.0192367 0.000426739 0.00323911 0.00513242 0.00887152 -0.0048674 -0.00055775 -0.00854104 -0.0125994 0.00271483 0.0132788 0.00481499 -0.0173467 0.00515194 0.019289 0.0106041 0.0145493 8.93873e-06 0.00603982 -0.000481862 -0.00161848 0.001033 -0.00446676 0.00271641 0.0040185 0.0048929 0.0077085 -0.00802526 0.000342971 -0.0025017 -0.00545377 -0.0105768 -0.00613868 -0.00997925 0.00690717 0.00240309 -0.00219675 0.00202892 -0.0212788 0.0144047 0.0171135 -0.00783364 -0.0086068 0.00691193 0.0166397 -0.00855255 0.0239067 -0.0201083 -0.00478908 0.0197093 -0.0234365 -0.0165441 -0.0242876
internal_weight=3240.15 3214.05 181.663 73.0034 108.659 3032.39 784.552 636.871 356.267 147.681 2247.84 146.288 113.022 27.038 58.59 41.4186 85.9839 33.2664 15.7948 325.172 189.671 2101.55 155.695 1945.85 1436.7 745.009 691.693 509.153 454.811 135.501 45.7953 23.1599 280.604 197.014 150.908 101.886 78.1598 68.1795 83.5891 64.3762 79.5239 62.0961 103.733 76.1714 66.4732 54.3417 31.095 46.1066 26.1496 17.4717 26.0977 79.799 19.6457 19.2129 93.2405 14.4134 88.5765
internal_count=18144 18034 1425 405 1020 16609 3740 3019 1698 721 12869 1047 801 139 293 204 662 246 112 1553 928 11822 748 11074 8424 3954 4470 2650 2386 625 215 122 1321 926 706 506 371 324 395 307 387 302 998 361 315 264 145 220 124 134 110 636 91 88 924 112 881
is_linear=0
shrinkage=0.0226245


Tree=68
num_leaves=61
num_cat=0
split_feature=43 27 30 1 13 12 37 35 12 35 1 39 36 37 37 15 37 16 6 22 37 23 27 44 25 15 35 29 0 35 27 21 43 43 13 37 27 15 1 4 22 35 1 27 37 39 3 43 37 6 6 1 43 6 30 12 37 6 4 3
split_gain=36.2247 28.5766 22.6796 22.1229 24.8756 33.2562 30.9658 27.4639 22.2611 20.3941 18.6392 17.948 17.1909 17.2479 17.1555 28.2813 23.2421 46.6492 31.1379 19.0216 16.9031 21.0179 26.232 21.6668 16.8265 25.6941 15.2347 14.2276 23.3198 15.3255 12.5439 12.3833 12.4854 23.3508 14.7463 12.221 12.0093 11.981 11.8287 14.7304 11.7995 11.7504 11.5223 10.6314 12.6685 10.1898 14.9808 14.62 13.503 9.92384 14.9374 11.3806 15.1869 10.6285 10.8964 16.0712 10.4527 12.5517 10.4375 9.8316
threshold=0.6751756281075928 0.015715000000000003 0.022640000000000004 -0.25240491029648521 0.15419500000000003 0.18279500000000001 0.19805000000000003 5.5000000000000009 -0.078729999999999981 2.5000000000000004 -0.33998753395423453 0.073850000000000013 0.73360000000000014 -0.65444999999999987 0.53815000000000013 0.97645000000000015 -0.37499999999999994 0.99945000000000006 -0.084159359161119981 2.7851500000000002 0.11370000000000001 -22.609999999999996 0.010745000000000001 0.094283340000000007 0.83415000000000006 -0.98544999999999994 3.5000000000000004 0.0050150000000000012 0.10052948000000002 3.5000000000000004 -0.00026499999999999994 21.510000000000002 0.46786051599503936 0.19619152997392883 0.064055000000000015 -0.49244999999999994 -0.0068449999999999995 1.0139500000000001 0.27657304301021396 3.5000000000000004 1.2943000000000002 28.500000000000004 0.12651384036690685 0.023915000000000002 0.012550000000000002 0.19635000000000002 1.0656082415676666 0.19126251338776115 -0.34609999999999991 -0.15864062681157262 -0.061592335478855197 -0.13005330645638061 0.36886142443811698 -0.037211181655314847 0.050830000000000007 -0.28681499999999993 0.25250000000000006 -0.19491278878839849 4.5000000000000009 1.1326148128606459
decision_type=2 2 2 2 2 2 2 2 2 2 2 2 2 2 2 2 2 2 2 2 2 2 2 2 2 2 2 2 2 2 2 2 2 2 2 2 2 2 2 2 2 2 2 2 2 2 2 2 2 2 2 2 2 2 2 2 2 2 2 2
left_child=2 9 3 10 5 14 26 42 27 11 20 -2 49 -14 16 19 17 -5 -18 -16 24 22 59 -24 25 -1 38 29 -29 -8 41 32 33 -12 -35 -11 -23 -17 39 -6 -9 -28 -7 45 -45 47 -47 -15 -48 56 51 52 -51 -52 55 -55 -4 -58 -56 -22
right_child=1 -3 12 4 6 7 8 40 -10 35 31 -13 13 43 15 37 18 -19 -20 -21 21 36 23 -25 -26 -27 30 28 -30 -31 -32 -33 -34 34 -36 -37 -38 -39 -40 -41 -42 -43 -44 44 -46 46 48 -49 -50 50 53 -53 -54 54 58 -57 57 -59 -60 -61
leaf_value=-0.0088575363280808811 0.024836248136178445 0.017466094278708617 -0.015689160587089818 -0.0087095079430355455 0.034912429685081063 -0.020852780901905392 0.0079410302063061145 -0.0023284199960273196 -0.015834825259554115 0.0068980346283824103 0.019373424953706288 -0.017611006166577153 0.022319005680068584 0.020435513377439186 0.025717826297811403 -0.020981412960131382 0.0024895718211130143 0.014611231626138569 -0.012134895653954834 0.0025350485409751352 -0.0081295353038395319 0.015340773044605958 0.0042649638262305094 0.050657275454156693 -0.013377555339961381 0.023973115965940862 0.0017018774403031059 0.0286867173855525 0.00094600496421233895 -0.013219149884161015 0.023517530140985631 -0.0064335570978179572 0.031869316428662121 -0.0074908777288743887 0.014899369144353374 -0.019491288942445031 -0.011504132953076144 0.00032099974488997108 -0.00082072504945551099 0.0032202594578442591 0.011242525409087614 0.023144292024539048 0.0015104175983949261 0.0017064307927054101 0.026809986027946521 -0.01847496540609244 0.020632165376986956 0.0024228022538084742 -0.0034324440915191579 0.013102196999809681 -0.0083820968721067327 0.021145145952859733 -0.0080570095267265621 -0.016826723015586152 -0.0015269312121455206 0.0067503004690349418 0.010917094971189449 -0.015385282043686018 0.011504585875257448 0.014851198831479636
leaf_weight=28.459102749824524 9.8850822150707227 13.992204949259756 30.256717473268509 119.94140081852674 22.948992595076561 24.731024563312531 22.643201991915703 42.061319902539253 53.856231637299061 8.3817327022552472 61.045670352876186 5.8883106261491767 35.979293584823608 29.966373965144157 22.202452406287193 27.853130370378494 88.511805899441242 65.437704637646675 440.58587367087603 67.900132246315479 18.341888673603535 8.5224841833114606 8.7874577939510363 11.912295229732988 64.448673605918884 17.204493634402752 178.3609167188406 15.382817104458807 104.01368622481823 56.218913890421391 14.434298887848852 18.505518026649952 12.842204503715037 42.634602136909962 19.603778123855591 105.6912435516715 32.570929430425167 23.959154509007931 11.275567211210726 11.475435331463812 133.05109536647797 11.285512730479239 19.938021093606949 18.6124447286129 21.339847832918167 19.78426194190979 13.568538203835486 80.615329831838608 41.194063045084476 41.058974057435989 51.330934748053551 31.670036122202873 26.212592914700508 12.958414539694784 358.51209433376789 261.00324497371912 23.787577211856842 11.385118305683134 31.570665284991264 14.489648327231405
leaf_count=174 65 62 141 725 103 139 109 202 334 61 308 56 192 137 108 157 465 337 3408 343 132 41 42 69 401 81 955 73 517 298 72 96 73 264 97 963 185 128 68 52 635 55 103 82 107 108 64 398 205 184 242 146 124 62 1680 1251 108 53 147 68
internal_value=0.000208113 -0.010775 0.000730964 -0.000759372 -0.00191388 -0.00385047 0.00223684 0.00396151 -0.00334038 -0.0141326 0.00428512 0.00871655 0.00325753 0.00832398 -0.0058619 0.00130097 -0.00728416 -0.000379385 -0.00968815 0.00886993 -0.000213373 0.00669072 0.0156905 0.0339007 -0.00616584 0.00420309 0.00783999 0.000232562 0.00511414 -0.00707748 0.00504468 0.0101358 0.0124754 0.00977081 -8.98246e-05 -0.0174296 -0.00529383 -0.0116345 0.0192794 0.0254165 0.00799794 0.00330645 -0.0113861 0.00583202 0.01602 0.0034207 -0.00297846 0.0077006 0.00326596 0.00173173 0.00241919 0.0105288 0.0048651 0.00125967 0.00203812 0.00547092 -0.00656425 0.0018809 -0.000395312 0.00239377
internal_weight=3222.08 143.839 3078.24 1937.44 1578.07 1076.17 501.896 219.781 252.115 129.846 359.369 15.7734 1140.81 261.06 856.392 141.915 714.477 185.379 529.098 90.1026 204.737 94.6247 53.5313 20.6998 110.112 45.6636 249.781 198.259 119.397 78.8621 204.081 154.632 136.126 123.284 62.2384 114.073 41.0934 51.8123 45.7 34.4244 175.112 189.646 44.669 225.081 39.9523 185.129 74.5469 110.582 54.7626 879.746 814.317 98.9416 67.2716 715.375 664.044 273.962 65.4294 35.1727 390.083 32.8315
internal_count=18055 1207 16848 11417 9386 6750 2636 1079 1331 1145 2031 121 5431 1293 5671 736 4935 1062 3873 451 1193 537 311 111 656 255 1305 997 590 407 1082 838 742 669 361 1024 226 285 223 155 837 1010 242 1101 189 912 377 535 269 4138 3836 454 308 3382 3140 1313 302 161 1827 200
is_linear=0
shrinkage=0.0226245


Tree=69
num_leaves=61
num_cat=0
split_feature=43 27 30 33 35 39 36 37 30 31 13 37 5 5 31 34 23 37 27 28 23 37 27 43 14 9 37 34 3 27 37 39 3 43 37 5 43 38 22 29 28 37 6 29 34 22 29 21 23 5 31 9 31 37 28 12 23 4 34 34
split_gain=34.9056 27.6231 21.641 20.703 19.8187 17.2769 16.581 16.6851 16.3127 19.6883 24.7679 29.5496 21.7036 20.5584 17.9115 15.9696 20.3235 15.2115 14.8812 12.868 12.8599 12.7907 12.7005 12.8762 14.2653 12.516 11.9531 11.8951 15.799 10.2853 12.3312 9.75067 14.5099 14.0123 13.0265 9.739 10.8597 10.3941 10.3424 10.5334 12.9128 16.6072 16.1073 12.6074 9.73568 9.40843 9.32398 8.75866 8.22199 8.2665 7.63847 7.57989 7.08754 6.61914 9.44265 6.35133 5.56008 5.20999 8.20634 5.78928
threshold=0.6751756281075928 0.015715000000000003 0.022640000000000004 -3.0606499999999994 2.5000000000000004 0.073850000000000013 0.73360000000000014 -0.65444999999999987 -0.036494999999999993 0.013475000000000003 0.15419500000000003 0.19805000000000003 4.8382496833801278 0.10823570191860198 0.0045050000000000012 161.50000000000003 -9.8099999999999969 0.38785000000000008 -0.013114999999999998 0.016530000000000003 49.475000000000001 -0.22139999999999996 0.025705000000000002 0.29321221207392517 0.85905000000000009 2.5000000000000004 -0.49244999999999994 205.50000000000003 1.4276057359953704 0.023915000000000002 0.012550000000000002 0.19635000000000002 1.0656082415676666 0.19126251338776115 -0.34609999999999991 25.690671920776371 0.53489269480243518 1.0000000180025095e-35 8.0950500000000023 -0.0062449999999999997 0.021535000000000002 0.23135000000000003 -0.15070018755488868 -0.048249999999999994 24.500000000000004 3.0001500000000005 -0.072929999999999981 20.865000000000006 -66.204999999999984 11.413925170898439 -0.027149999999999997 1.0000000180025095e-35 0.15557500000000005 0.8267500000000001 0.010520000000000002 0.076205000000000009 -5.1099999999999994 4.5000000000000009 175.50000000000003 168.50000000000003
decision_type=2 2 2 2 2 2 2 2 2 2 2 2 2 2 2 2 2 2 2 2 2 2 2 2 2 2 2 2 2 2 2 2 2 2 2 2 2 2 2 2 2 2 2 2 2 2 2 2 2 2 2 2 2 2 2 2 2 2 2 2
left_child=2 4 3 -1 5 -2 35 56 21 10 12 19 13 -10 -14 16 17 -11 -18 -12 -13 46 23 24 -23 -25 -6 28 -17 31 -31 33 -33 55 -34 38 37 -37 39 43 42 -42 -41 -4 -35 -29 -5 52 -48 -50 -45 -40 -28 54 -39 -9 -8 59 -59 -53
right_child=1 -3 6 8 26 -7 7 29 9 15 11 20 14 -15 -16 27 18 -19 -20 -21 -22 22 -24 25 -26 -27 47 45 -30 30 -32 32 34 44 -36 36 -38 53 51 40 41 -43 -44 50 -46 -47 48 -49 49 -51 -52 57 -54 -55 -56 -57 -58 58 -60 -61
leaf_value=0.019693708436852118 0.024177539579327965 0.017078202201831892 0.015651969066052172 0.012917820668215689 0.0067607928076164484 -0.017495746493834671 0.0040336352979984625 0.026613578577508377 -0.004107423863617639 -0.00020684598508627163 0.0059579588430199682 0.0019224208829873722 0.0037029984787954932 -0.012947962618959672 -0.015439774932516722 0.017911037482617395 0.0089221141855915214 0.015965278025408133 -0.0084569638689522587 0.023901265094030268 -0.014350018898519968 -0.0065265144507561518 0.019781111427078214 0.0034654800807098706 0.0058692449887796901 0.018816229860598707 -0.02210543200452178 0.0085100453103246262 -0.011211343163186943 0.0016724708913814226 0.026474706752973375 -0.018237533177590345 0.020297505768475416 0.018569749463598264 -0.0033621916374959051 -0.013746490131966198 0.013296211584482673 0.0099936016183270263 0.0076682563853643186 -0.015980478752424674 0.018900131697664087 0.0051527360186084392 0.0030511441548247667 0.0086000477845499749 -0.0012621759334359925 -0.0036195466409665164 -0.017316931019618478 0.0070086447065462239 -0.0051496690240131742 0.011572890864388183 -0.010260485247787533 -0.019643765492056837 0.0038113037639014263 0.010853604418807151 -0.012324922606821827 0.0037398447006052027 0.026528269530247246 0.012614049822467487 -0.010809812455652027 -0.00049677679125821963
leaf_weight=22.172768957912922 10.002109535038469 14.051263451576231 11.773038491606711 13.695007026195524 8.4167132377624494 5.8129203468561164 8.3368368893861753 20.006705790758136 286.61892994493246 88.653680235147476 74.304051727056503 49.911945559084415 154.74646103382111 257.92428044229746 26.851992763578892 59.907158337533474 26.863678961992264 41.875375911593437 178.89177026599646 27.04130095988512 45.477226465940475 87.155839033424854 24.98830258846283 70.486850276589394 97.733334362506866 43.162363059818745 94.545661233365536 59.172087892889977 9.2190631255507451 18.619386613368988 21.159868940711021 19.62784431874752 13.528361991047857 12.589822843670843 41.164123840630054 51.290623769164085 13.183045685291289 12.056237131357191 16.382775083184242 21.597110792994499 57.353958785533905 192.87472392618656 324.84994140267372 10.872368454933165 68.094171032309532 66.764018185436726 20.441262289881706 4.8262698203325263 84.49920928478241 15.485279887914656 63.740196347236633 24.120932653546333 4.8886153548955908 17.112148076295853 25.903811201453209 9.9925080984830839 27.421016871929169 10.730880454182627 14.59367775917053 11.754050850868223
leaf_count=104 65 62 53 63 61 56 38 89 2055 527 429 275 840 1959 161 318 132 214 1053 132 265 424 112 343 448 208 891 328 48 82 107 108 64 62 205 241 62 54 74 103 247 903 1551 52 336 389 99 46 417 74 309 115 26 80 120 48 154 49 69 56
internal_value=0.000208934 -0.0106222 0.000720569 -0.000737295 -0.0139607 0.00852309 0.00318791 0.00816998 -0.00100364 -0.00217546 -0.00416832 0.00291946 -0.0060926 -0.00834107 0.000674724 0.0012897 -0.00169838 0.00521499 -0.00609566 0.0112761 -0.0060295 0.00271019 0.00513236 0.00372815 1.53898e-05 0.00961786 -0.0172509 0.00639066 0.0137327 0.00572203 0.0157661 0.00335287 -0.00292101 0.00753274 0.00321564 0.00169126 -0.00424269 -0.00671107 0.00263641 0.00352836 0.00459671 0.00848373 0.00174222 -0.00376067 0.00236792 0.00214271 -0.00311752 -0.0193195 -0.00520138 -0.00230709 -0.0072937 -0.0050611 -0.0207595 0.000200183 -0.00503063 0.0199937 0.0219783 -0.00866107 -0.000608498 -0.0138758
internal_weight=3217.32 142.544 3074.77 1934.04 128.492 15.815 1140.73 260.541 1911.87 1454.22 922.876 196.735 726.142 544.543 181.598 531.347 336.285 130.529 205.755 101.345 95.3892 457.647 323.527 298.538 184.889 113.649 112.677 195.062 69.1262 224.783 39.7793 185.004 74.3203 110.683 54.6925 880.19 119.546 106.363 760.644 683.061 596.676 250.229 346.447 86.3856 80.684 125.936 134.121 104.261 120.426 99.9845 74.6126 77.5823 99.4343 55.0722 37.96 29.9992 35.7579 61.1995 25.3246 35.875
internal_count=18055 1207 16848 11417 1145 121 5431 1293 11313 9125 6116 1101 5015 4014 1001 3009 1926 741 1185 561 540 2188 1535 1423 872 551 1024 1083 366 1101 189 912 377 535 269 4138 557 495 3581 3218 2804 1150 1654 414 398 717 653 963 590 491 361 363 917 254 174 137 192 289 118 171
is_linear=0
shrinkage=0.0226245


Tree=70
num_leaves=61
num_cat=0
split_feature=0 27 30 7 37 26 35 37 12 28 13 13 12 37 34 12 28 8 12 1 12 1 12 29 7 8 34 37 35 12 2 35 15 13 3 36 0 15 2 25 4 34 36 13 8 9 13 2 37 37 13 1 35 28 37 12 7 37 15 37
split_gain=50.7711 38.7365 27.4581 24.877 22.9349 72.9707 22.8148 21.9773 50.5286 35.3089 28.0994 20.0035 24.5218 27.642 25.3786 19.9928 19.9135 32.1767 19.6399 19.2124 19.1462 18.6204 18.1989 17.9497 17.5816 17.5464 16.6874 16.0251 25.225 21.2059 15.3279 15.3105 15.2537 14.9401 16.1148 14.9112 14.2868 14.0829 16.2947 14.4299 21.1854 13.913 16.5154 21.756 16.0041 13.5743 13.3098 15.1808 12.0634 43.6999 30.5416 15.4412 13.9887 15.6215 11.3301 10.5118 10.101 14.834 22.0254 12.0188
threshold=0.46616187500000006 0.014055000000000002 0.016330000000000004 88.558573142757709 -0.45749999999999996 0.79275000000000018 17.500000000000004 0.22715000000000005 0.026765000000000004 0.022360000000000001 -0.31248499999999996 -0.27219999999999994 -0.029609999999999997 -0.089149999999999993 173.50000000000003 -0.17350499999999996 0.016530000000000003 0.015329063000000002 0.22959000000000004 -0.38648041784866943 -0.30381499999999995 -0.25240491029648521 -0.028434999999999998 0.047460000000000009 77.571114698802688 1.0000000180025095e-35 38.500000000000007 0.45735000000000003 23.500000000000004 0.10417000000000001 0.13458498023715412 26.500000000000004 -0.94384999999999986 -0.35565999999999992 0.65651979235733082 0.15125000000000002 0.54469933000000015 1.0326500000000001 0.098629912551967014 0.44230000000000008 4.5000000000000009 227.50000000000003 0.99875000000000014 -0.11337999999999998 0.034481316000000005 1.5000000000000002 0.28261000000000008 0.059406173536608306 0.93950000000000011 0.17715000000000003 -0.0088949999999999984 0.077338762274579767 23.500000000000004 0.0070250000000000009 0.32575000000000004 0.22959000000000004 68.606660523240549 0.28880000000000006 0.99965000000000015 0.70555000000000012
decision_type=2 2 2 2 2 2 2 2 2 2 2 2 2 2 2 2 2 2 2 2 2 2 2 2 2 2 2 2 2 2 2 2 2 2 2 2 2 2 2 2 2 2 2 2 2 2 2 2 2 2 2 2 2 2 2 2 2 2 2 2
left_child=1 2 3 11 5 32 37 9 24 10 36 45 13 14 -13 -15 17 -7 19 -14 -11 -10 -19 31 41 26 -8 29 30 -23 -29 35 33 34 -2 -12 -6 38 46 54 -41 42 44 -44 -9 -1 47 -4 49 50 52 -51 53 55 -40 -3 57 58 -27 -59
right_child=4 48 6 -5 7 16 25 8 21 20 23 12 18 15 -16 -17 -18 22 -20 -21 -22 27 -24 -25 -26 56 -28 28 -30 -31 -32 -33 -34 -35 -36 -37 -38 -39 39 40 -42 -43 43 -45 -46 -47 -48 -49 -50 51 -52 -53 -54 -55 -56 -57 -58 59 -60 -61
leaf_value=-0.0069516393566569799 -0.011938319642921726 -0.0067196215116884696 0.0054424780959051984 -0.019690586800554594 0.023576728853015011 0.02829421755293296 0.025056103656350637 0.0084542825304818221 0.025022854914168547 -0.0073665741999217708 -0.0067827435097860232 -0.0045282816164910729 -0.00034251036455458376 -0.0019100732331075333 0.015533015058882209 -0.013504508758696443 0.030143219006657868 0.013066960355679981 0.0048647361003108019 -0.015894450718030344 0.016122779929213751 -0.019918114384155996 -0.021829502331963267 0.01193198195273964 -0.015314567751545155 -0.013899889796675287 -0.0035288822978756813 -0.0017604837809766919 -0.012631644562868954 0.012772124951924316 0.021310976134115964 0.0093065531489705065 0.006314929617908571 -0.012565206452977923 0.015694566514946565 -0.018254254020236851 0.00075901067322961709 0.013307117529257177 0.013449411290163291 -0.011774487356975066 0.01693642111193433 -0.0088892927979319046 0.017204300544038875 -0.020575173278699541 -0.0022705475288700198 0.013928000324576797 -0.0081366046326259121 0.033125916474542098 -0.0049187190688757682 0.025839399816242292 0.027874060883200765 0.00044293176519274449 -0.012940441768388581 0.0090132923488476704 -0.0051616359446137712 0.0053066925639021706 -0.016874903576069862 -0.018232623441828296 0.014510852002979097 0.0049800118386164908
leaf_weight=23.619567900896072 15.537231922149656 116.81205020844936 25.718408942222595 73.133481353521347 14.071331903338431 22.722977697849274 13.279390752315519 187.69552652537823 49.409772329032421 22.139573305845261 127.32245867699385 63.353801988065243 48.445707343518734 171.31261204183102 60.849710173904896 135.76446190476418 65.893767789006233 11.070973530411722 31.840308636426926 254.41919241845608 64.881771311163902 17.881248727440834 14.542491644620894 16.5881307721138 34.561379387974739 20.270346276462078 27.905594773590565 17.446915745735168 14.802323207259176 17.149718329310417 79.320756778120995 15.927764184772967 90.654730215668678 65.71849911659956 23.666634812951088 112.94470792263746 82.888337627053261 57.952148988842964 36.834188207983971 88.429293140769005 12.759635426104067 59.887350127100945 8.0648259073495847 27.359235800802708 112.09114146232605 38.555078245699406 11.846234329044817 15.52914723753929 85.284657031297684 53.139406599104404 16.850903302431107 15.81605990976095 41.232253015041351 78.780861094594002 26.840208694338799 51.461468696594238 57.51636878401041 44.300831899046898 32.548858478665352 13.660786911845205
leaf_count=134 74 641 128 791 68 99 63 891 253 102 636 370 398 894 378 985 337 51 162 2188 295 104 69 72 199 115 147 79 67 81 370 88 419 340 110 770 389 266 181 474 66 292 37 154 528 211 62 78 403 251 73 74 206 360 135 247 327 229 157 67
internal_value=-0.000580264 -0.00303838 -0.00492222 -0.00725248 0.00267865 0.00807654 -0.00057795 0.00111629 0.00386325 -0.00264708 -0.00570279 -0.00608937 -0.00709289 -0.00348966 0.00542993 -0.0071144 0.0221997 0.01028 -0.0116661 -0.0134336 0.0101019 0.0132913 -0.00695053 -0.00939559 -0.00049793 -0.00616162 0.00672721 0.0089296 0.013041 -0.00416067 0.0172208 -0.0108943 -0.000375613 -0.00617074 0.00467518 -0.0123283 0.00465758 0.00368134 0.000981156 -0.00255929 -0.00778398 0.000900037 0.00271007 -0.0113245 0.00446084 0.00603951 0.011539 0.0173529 0.0026434 0.00439192 0.000647844 0.0202667 -0.00120466 0.000881058 0.00572095 -0.00301417 -0.00937613 -0.00515244 0.003452 -0.012785
internal_weight=3238.3 1846.06 1386.69 901.294 1392.24 309.807 485.391 1082.43 625.67 456.764 369.743 828.16 765.986 431.281 124.204 307.077 114.23 48.3364 334.705 302.865 87.0213 196.011 25.6135 272.783 429.659 209.482 41.185 146.601 111.57 35.031 96.7677 256.195 195.577 104.922 39.2039 240.267 96.9597 275.909 217.957 164.863 101.189 395.098 335.211 35.4241 299.787 62.1746 53.0938 41.2476 459.378 374.093 305.138 68.9555 288.287 247.054 63.6744 168.274 168.297 110.781 52.8192 57.9616
internal_count=18235 11261 9006 6511 6974 1499 2495 5475 3055 2420 2023 5720 5375 2627 748 1879 556 219 2748 2586 397 954 120 1566 2101 1105 210 701 516 185 449 1494 943 524 184 1406 457 1390 1124 856 540 1902 1610 191 1419 345 268 206 2255 1852 1527 325 1454 1248 316 888 895 568 272 296
is_linear=0
shrinkage=0.0226245


Tree=71
num_leaves=61
num_cat=0
split_feature=0 27 31 37 28 7 35 37 15 28 23 37 12 7 13 12 1 37 2 1 28 0 12 37 35 31 29 13 3 23 15 45 35 34 12 1 8 9 7 16 12 27 37 37 13 1 21 21 31 35 2 29 15 2 8 31 22 16 21 3
split_gain=48.65 37.2068 30.3682 24.555 28.9186 27.4313 23.175 22.0516 61.3744 28.5078 22.1496 23.1263 38.7369 32.2674 20.9144 20.7504 21.3489 19.2615 18.4882 18.0921 17.0386 15.6631 18.525 15.1135 24.0974 22.9205 15.0301 14.3807 15.4498 13.9713 13.4097 17.9332 16.9175 12.8111 17.3608 15.5032 13.5045 12.2122 12.8113 12.1341 12.0846 12.0212 11.5554 41.5756 29.2745 14.6273 13.7465 24.9937 13.1227 12.7205 11.5614 11.1224 10.8682 10.5654 9.62467 9.52284 8.28125 8.05797 7.99336 7.83175
threshold=0.46616187500000006 0.014055000000000002 0.045660000000000013 -0.35419999999999996 0.014195000000000001 88.558573142757709 17.500000000000004 -0.45749999999999996 -0.94384999999999986 0.016530000000000003 77.865000000000023 0.22715000000000005 0.026765000000000004 31.767375511201625 -0.27219999999999994 -0.033984999999999994 -0.38648041784866943 -1.0000000180025095e-35 0.89714601255521986 -0.25240491029648521 0.022360000000000001 1.1022475 -0.25045999999999996 0.45735000000000003 23.500000000000004 0.047835000000000009 0.003735 -0.35565999999999992 0.65651979235733082 -66.804999999999993 -0.97984999999999989 2.0057000000000005 21.500000000000004 227.50000000000003 -0.076919999999999988 -0.25730658383133476 0.034481316000000005 1.5000000000000002 52.648327773191433 1.0448500000000001 -0.013669999999999998 -0.0080249999999999991 0.93950000000000011 0.17715000000000003 -0.0088949999999999984 0.077338762274579767 14.905000000000003 12.115000000000002 -0.062629999999999977 23.500000000000004 0.57755489044757724 0.016995000000000007 0.97155000000000014 0.39201514178823632 -0.013765334999999998 0.087800000000000017 1.22645 1.0206500000000001 21.860000000000003 0.54444472223479112
decision_type=2 2 2 2 2 2 2 2 2 2 2 2 2 2 2 2 2 2 2 2 2 2 2 2 2 2 2 2 2 2 2 2 2 2 2 2 2 2 2 2 2 2 2 2 2 2 2 2 2 2 2 2 2 2 2 2 2 2 2 2
left_child=1 2 3 4 30 14 39 8 27 41 11 13 33 -9 37 17 -17 -16 -12 -14 26 22 -22 25 -25 -21 54 28 -2 -28 -1 32 -32 34 36 -36 -13 -5 -39 -4 53 51 43 44 46 -45 47 -3 56 -50 -49 -10 -11 55 -15 -41 -48 -33 -29 -35
right_child=7 42 6 5 -6 -7 -8 10 9 52 18 12 19 20 15 16 -18 -19 -20 23 21 -23 -24 24 -26 -27 29 58 -30 -31 31 57 -34 59 35 -37 -38 38 -40 40 -42 -43 -44 45 -46 -47 48 50 49 -51 -52 -53 -54 -55 -56 -57 -58 -59 -60 -61
leaf_value=-0.015819055364047797 -0.011755709263166937 -0.018487495788501507 0.013180847549956815 -0.0068590282076052469 0.025262385451552218 -0.022330302439171404 -0.0061597442057672973 -0.018400855077333248 0.0073098188771849463 0.0033445071018482504 -0.01944014045393519 0.0091058907315751652 0.02449689080400207 0.00030767685677150628 0.0039705732036937665 0.0019910422226056303 -0.014460320881565614 -0.0071606500530930674 0.010184942993671087 -0.01565215369096213 -0.0030273707402047275 -0.006412663746866964 0.024010368994312147 0.016822469591965001 -0.012428791177479855 0.020589933045874052 0.024619782227330321 -0.01605434652563557 0.015304976144657909 0.00021064183275449315 0.0010003637223365367 -0.016765618889300834 0.024061696568973161 0.0079684618218995827 0.014700199773477559 -0.010258267241078348 -0.0017488038105518524 0.034302384214230014 0.0050209350347873273 -0.012078947791587798 0.021950123781239009 0.020850777848477192 -0.0048195335954957534 0.025135996394080779 0.0272472257235266 0.00043440862996922799 -0.0075452248652297027 0.018434512035709977 -0.0042160851466727448 -0.020763161356842027 -0.0021996494049909992 -0.013130321496985151 0.029001012985535247 -0.0099282861076143408 -0.012800263393835205 0.010173709800989118 0.01168914175199084 0.0055592645320589121 0.0032490176261894418 -0.01229319817945616
leaf_weight=26.871910609304905 15.467337042093275 13.700045168399809 78.503613851964474 23.421743862330914 19.662071660161018 61.46044248342514 116.11275408416986 51.63045047223568 86.925262100994587 10.549915641546248 42.102291628718376 166.47493194788694 49.391068935394287 43.863860562443733 99.610547803342342 46.133915066719055 287.77529377490282 363.53183110058308 12.165403522551058 24.521138601005077 18.143323719501495 21.300252005457878 37.926554918289185 94.773694172501564 14.751350671052931 10.431709222495554 10.026023477315901 52.781076021492481 23.792170159518719 170.10225056111813 62.914072975516319 28.670170225203037 19.205025143921375 9.8751035481691343 12.647760510444639 73.520349733531475 88.510529652237892 7.9039338603615752 30.836007282137871 10.150093272328375 9.8810417354106885 26.955204054713249 85.131862178444862 53.467666976153851 16.914355158805847 15.818243682384489 14.268722154200075 46.062769763171673 134.67992043495178 26.663374230265617 18.614390015602112 13.344043627381323 66.47856231033802 39.398027822375298 79.177765741944313 39.90192548930645 34.023160427808762 9.6030059680342656 12.595163449645041 49.802501499652863
leaf_count=241 74 74 389 131 89 710 595 335 404 45 276 800 253 213 630 369 2332 2117 63 136 82 101 168 440 67 49 49 282 110 821 355 191 100 47 56 368 414 45 164 53 52 122 403 251 73 74 69 224 698 136 91 61 343 194 492 194 162 55 58 245
internal_value=-0.000566189 -0.00297662 -0.00482883 -0.00656896 0.00139431 -0.00801262 0.00161087 0.00262563 0.00792738 0.015074 0.00109377 0.0018519 0.00473679 -0.00212302 -0.00691697 -0.00790352 -0.0121898 -0.0047568 -0.0126195 0.0129586 0.000207646 0.00948445 0.015542 0.00861063 0.0126643 -0.00408849 -0.00222707 -0.00605332 0.00456845 0.00193695 -0.00221769 0.00111807 0.00702897 0.000695823 0.00240367 -0.00623632 0.00536064 0.00552166 0.0129635 0.00670192 0.00135332 0.00819039 0.00258953 0.00429912 0.000638056 0.01974 -0.00118002 0.00674779 -0.00419556 -0.00726821 0.0126559 0.00429764 0.0257354 -0.00153815 -0.00822756 0.00524757 0.00590065 -0.011167 -0.0123553 -0.00872694
internal_weight=3230.92 1840.89 1381.55 1087.6 166.926 920.674 293.947 1390.03 308.889 204.253 1081.14 1026.87 594.7 432.17 859.213 797.052 333.909 463.142 54.2677 193.869 380.54 77.3701 56.0699 144.478 109.525 34.9528 303.17 104.636 39.2595 180.128 147.264 120.392 82.1191 400.831 341.154 86.1681 254.985 62.1617 38.7399 177.835 99.3311 127.225 459.345 374.213 304.927 69.2859 288.012 78.3772 209.635 161.343 64.6772 100.269 77.0285 89.45 123.042 50.052 48.2919 38.2732 65.3762 59.6776
internal_count=18235 11261 9006 7529 1031 6498 1477 6974 1499 975 5475 5136 2875 2261 5788 5448 2701 2747 339 945 1926 351 250 692 507 185 1575 524 184 870 942 701 455 1930 1638 424 1214 340 209 882 493 587 2255 1852 1527 325 1454 389 1065 834 315 465 388 441 705 247 231 246 340 292
is_linear=0
shrinkage=0.0226245


Tree=72
num_leaves=61
num_cat=0
split_feature=29 37 27 37 28 7 15 7 15 25 29 8 8 39 36 25 12 43 37 8 31 12 37 23 39 28 1 33 7 30 37 2 22 2 23 22 36 16 1 37 28 27 29 6 6 21 22 28 22 31 16 2 13 37 37 5 33 12 2 22
split_gain=38.3547 31.4428 57.4555 51.7785 78.285 44.4394 32.1452 31.9828 27.3503 26.21 22.886 19.6727 24.6865 18.3032 17.784 20.1195 17.5388 22.2584 17.1856 17.0091 16.8507 16.9258 16.169 16.078 15.7618 15.5369 15.3017 14.9492 14.9258 14.597 14.0553 13.3171 14.1348 13.2207 13.1372 13.0673 13.4268 12.9226 12.619 12.5862 12.4691 13.0746 16.6494 12.0686 16.5849 12.0655 11.9098 11.6418 13.0531 17.7903 16.0438 16.0206 10.9246 11.9201 10.6691 10.4998 10.0262 9.99319 9.76105 12.6959
threshold=0.019635000000000003 0.44980000000000003 0.018015000000000007 -0.33839999999999998 0.0097050000000000018 81.985075006175109 -0.99594999999999989 31.767375511201625 -0.98344999999999994 1.5297500000000002 -0.00577 0.022521436000000002 -0.030717700499999997 0.022150000000000006 0.62570000000000003 0.42120000000000007 -0.15519999999999998 0.50173894544683295 0.5232500000000001 -0.021219313499999996 0.014485000000000003 0.025950000000000004 -0.71734999999999982 76.325000000000003 0.016150000000000001 -0.0031499999999999996 0.0078512746776358503 0.42360000000000003 52.483710019750625 -0.035109999999999995 -0.44604999999999995 0.85401314874769108 1.2708000000000002 0.30062135727205735 37.57500000000001 2.5908000000000002 0.6503000000000001 1.0151500000000002 -0.29224863029736964 -0.23454999999999995 0.0014750000000000002 0.032245000000000003 -0.0075649999999999997 -0.058650195207287495 0.03357172528654976 16.175000000000001 2.0001500000000005 0.084100000000000022 4.5599500000000006 -0.031004999999999994 1.1009500000000003 0.031683292552857713 0.13157000000000002 0.18965000000000001 -0.19164999999999996 -1.0634566545486448 -1.1762499999999998 -0.17350499999999996 0.18578155035745914 2.2432500000000002
decision_type=2 2 2 2 2 2 2 2 2 2 2 2 2 2 2 2 2 2 2 2 2 2 2 2 2 2 2 2 2 2 2 2 2 2 2 2 2 2 2 2 2 2 2 2 2 2 2 2 2 2 2 2 2 2 2 2 2 2 2 2
left_child=1 3 6 4 8 7 20 13 40 26 -4 12 29 24 31 -16 17 18 33 -20 21 28 -11 -14 -5 -17 30 -18 -3 -9 37 32 -2 -8 -28 -23 -37 -6 -30 -7 41 -1 -43 46 -45 54 -13 48 51 -50 -51 -34 -27 -54 -15 -29 -33 -53 -10 -60
right_child=14 2 10 5 9 39 16 11 58 22 -12 43 23 45 15 25 27 -19 19 -21 -22 35 -24 -25 -26 52 34 55 38 -31 -32 56 47 -35 -36 36 -38 -39 -40 -41 -42 42 -44 44 -46 -47 -48 -49 49 50 -52 57 53 -55 -56 -57 -58 -59 59 -61
leaf_value=-0.019935858230404127 -0.008440141885496558 0.039556435624432978 -0.010161808071963516 -0.0083128049602126629 0.0014156169698766974 -0.0014032342579277293 0.021176485773121513 0.011464698368894771 0.0069702878631085364 0.012787885399361959 0.026090419148320998 -0.0014938138049510818 -0.0064637147742361966 0.012403896362322924 -0.0053673598085731446 -0.003636453488770897 -0.01303634778219164 0.027864230731820365 0.0086002497722494509 -0.010886663608643748 0.020612343302728466 0.019242539262750932 -0.015680474861176279 0.012644387043040764 0.029248490544929808 0.026439454772700363 -0.003583726764424343 0.020456537300492256 0.021649725544563833 -0.0046631194760155719 -0.012691228491170079 -0.0089594282628746164 0.019080525281320936 -0.0086580789281681479 0.023806525741162765 0.0013592018840562323 -0.01825654466866997 0.028041358114076084 -0.009483504298324251 -0.023015562155238572 0.0018210151081810065 0.019773211508520117 -0.017845161547964408 -0.0080468815579831272 0.010108204941594374 -0.023713270987459283 0.025013101933295048 0.018854916440050679 -0.017091378370610619 0.0031309611717345448 -0.012345419983055689 -0.0020785391306623645 0.022751214191257522 -0.00049899645612354348 -0.012773111196349642 -0.0051325898445559728 0.013036653733450591 0.0055526491103544814 0.004919105219623127 -0.010119567156697675
leaf_weight=79.3266381919384 65.197950780391693 8.1477542668581027 8.7398301362991315 13.132802061736585 21.739017464220524 16.719439961016178 22.286743804812435 72.128771975636482 79.35200310498476 15.166787430644034 63.091379299759865 12.752106085419653 654.51023698598146 7.6411536261439315 28.353795513510704 17.250380992889404 122.46852651238441 11.630804121494291 28.970223680138588 82.028775572776794 38.628389976918697 11.416745111346243 20.842032328248024 20.734620988368988 6.1532444804906836 48.075531542301178 8.9790792390704137 9.964113116264345 10.077823311090471 44.477838084101677 12.401336371898649 10.067895665764807 31.565968424081802 8.9998053312301618 109.1566556096077 63.697115436196327 21.74143398553133 13.898101828992365 11.234394513070582 88.050404846668243 24.137009285390377 9.1269186437129992 9.1845290809869748 49.378604173660278 47.909400746226311 65.646630264818668 22.327370673418045 18.394430711865425 32.588681787252426 177.27738274633884 39.453205123543739 132.17056411504745 17.377890765666962 25.19476268440485 59.479068882763386 20.394023269414902 81.605042964220047 251.80466136336327 50.636730276048183 59.76742447912693
leaf_count=579 308 37 39 109 110 140 109 337 447 74 313 63 4303 45 132 82 741 55 140 420 177 56 115 150 38 211 46 49 45 224 64 47 144 46 542 294 133 62 68 944 130 43 49 252 237 554 106 79 160 831 188 624 79 117 465 115 359 1164 249 321
internal_value=-6.74671e-05 -0.0016995 0.0030244 -0.00321706 0.00276824 -0.00582088 0.000103711 -0.00442092 -0.00434204 0.0136308 0.0214568 -0.00281621 -0.0041665 -0.01394 0.00366782 0.0111665 -0.00421887 0.00117627 -0.00151697 -0.00571136 0.00807654 0.00386729 -0.00363028 -0.00582552 0.00592267 0.0155381 0.0173693 -0.00957343 0.0180373 0.00534897 0.00611818 0.00241752 0.00140091 0.0125878 0.0216887 -0.000840753 -0.00406673 0.0131252 0.00606604 -0.019697 -0.0125753 -0.0160843 0.00104416 0.00517782 0.000927236 -0.0168902 0.0159974 0.0023716 0.00183585 -0.00224057 0.000188149 0.00428025 0.0191867 0.00983516 -0.00951274 0.00431504 0.0104207 0.00292995 0.0010511 -0.00327256
internal_weight=3214.65 2238.27 543.518 1694.76 513.714 1181.04 471.687 1076.27 311.531 202.183 71.8312 924.219 791.851 152.053 976.378 136.252 306.743 153.916 142.286 110.999 164.944 126.315 36.0088 675.245 19.286 107.899 166.174 152.827 29.46 116.607 48.0385 840.126 748.453 31.2865 118.136 96.8553 85.4385 35.6371 21.3122 104.77 121.775 97.6381 18.3114 132.367 97.288 132.767 35.0795 683.255 664.86 249.319 216.731 415.541 90.6482 42.5727 67.1202 30.3581 91.6729 383.975 189.756 110.404
internal_count=18160 13635 2837 10798 2831 7967 2485 6883 1818 1013 352 5672 5014 1211 4525 621 1675 770 715 560 810 633 189 4453 147 489 824 905 150 561 236 3904 3498 155 588 483 427 172 113 1084 801 671 92 658 489 1064 169 3190 3111 1179 1019 1932 407 196 510 164 406 1788 1017 570
is_linear=0
shrinkage=0.0226245


Tree=73
num_leaves=61
num_cat=0
split_feature=31 13 12 35 37 12 1 27 37 15 12 7 37 26 7 8 37 16 7 28 26 25 22 28 25 28 3 37 37 15 22 6 1 27 16 22 22 6 31 6 1 21 35 21 31 28 33 12 0 37 37 22 12 8 8 0 1 8 37 28
split_gain=33.487 23.4481 40.5448 39.0056 31.82 28.8762 28.6632 28.0632 25.8353 23.3608 21.8557 22.543 21.6114 53.7596 44.1436 20.7748 20.1086 66.6819 21.3179 28.3662 19.2146 22.8573 17.6761 17.4993 17.4402 17.2909 17.0952 16.4028 16.221 15.5743 15.0517 14.703 14.5613 15.0029 14.149 14.112 28.1945 17.8399 16.8029 14.0029 13.9952 15.6807 13.9555 13.8662 14.1759 13.1632 12.9837 12.6471 11.9656 13.0829 10.9663 10.8384 10.7555 10.6102 11.9806 10.4244 10.2262 10.2244 9.82771 19.1408
threshold=0.013475000000000003 -0.28144499999999995 -0.033984999999999994 15.500000000000002 0.27720000000000006 -0.047699999999999992 0.0078512746776358503 0.017545000000000002 -0.15764999999999998 -0.99464999999999992 -0.17350499999999996 52.790826412528638 -0.58029999999999993 0.61325000000000007 84.476076881134063 0.010287851250000002 0.4431500000000001 0.9930500000000001 26.738945551571906 0.005085000000000001 0.53155000000000008 0.97395000000000009 2.8742000000000005 0.011815000000000001 0.40160000000000007 0.024945000000000005 0.61736066749694352 -0.089149999999999993 0.9789000000000001 1.0233500000000004 7.1134000000000013 -0.020475926655573195 -0.0083132970351257988 0.014275000000000001 1.0961500000000004 5.8834500000000007 7.6806500000000009 0.15595622408309512 0.015925000000000005 0.11197062457094696 0.08209156664321661 14.075000000000001 15.500000000000002 19.795000000000005 0.041745000000000011 0.03197500000000001 0.086750000000000008 0.47734000000000004 0.32238641500000004 0.23710000000000001 0.19405000000000003 1.7108500000000004 0.33345500000000006 0.0044974089000000004 0.024350226000000006 0.35784101500000004 -0.25240491029648521 0.038992285500000008 -0.38809999999999995 0.010275000000000001
decision_type=2 2 2 2 2 2 2 2 2 2 2 2 2 2 2 2 2 2 2 2 2 2 2 2 2 2 2 2 2 2 2 2 2 2 2 2 2 2 2 2 2 2 2 2 2 2 2 2 2 2 2 2 2 2 2 2 2 2 2 2
left_child=1 52 3 8 6 58 56 9 20 22 28 -12 13 -2 16 -13 18 40 19 48 51 29 -6 26 -19 43 39 -7 45 -22 -30 -24 34 -34 -26 37 50 38 -20 -8 41 42 -18 -16 -45 -10 -11 -39 49 -14 -37 -3 -1 -25 -55 -28 -4 -43 59 -5
right_child=12 2 4 5 7 27 23 -9 10 46 11 15 14 -15 25 -17 17 24 35 -21 21 -23 31 53 32 -27 55 -29 30 -31 -32 -33 33 -35 -36 36 -38 47 -40 -41 -42 57 -44 44 -46 -47 -48 -49 -50 -51 -52 -53 -54 54 -56 -57 -58 -59 -60 -61
leaf_value=0.0021862571904060555 -0.00016887227500580527 0.017581413175555047 -0.0096482007017622724 -0.0076545797603136808 0.02281551649297018 0.039842667221712508 0.0095639126923289727 0.025010868946318637 0.0035184242377291832 -0.018802281627794893 -0.014987678192689471 -0.0087189087300362893 -0.011974673202550058 0.023514652969599547 -0.022673926578891307 0.022068923968913363 0.01772723360508038 -0.0087173026087405178 0.016781943864749394 0.020584979941179051 -0.0025086414754471893 0.034120546508143619 0.010923003606709716 0.016801950496698994 0.013356879229155344 0.0064834438975829908 -0.01984657752521788 -0.003178718739547315 -0.023492377541102848 0.029263769652584055 0.0098165060891541624 -0.0095168620498540992 -0.0062233881012724807 0.0090182188719555873 -0.0038787011791905873 0.036456254398360761 -0.0063237758758952498 0.013925184951303802 -0.0021950001055200479 -0.019398092212434468 0.0020128474327005485 0.025995145583278395 -0.015446278541698527 -0.013995355771321489 0.017580837826489497 0.016545155513326883 0.0077207912778640992 -0.0061792090856640329 -0.021337521668656968 0.020893024118127958 0.006347270436705273 -0.006039459866248425 0.022467821273927945 -0.0097904389942172036 0.016662337130533496 -0.0049124570075457907 -0.020826293175179991 0.0027526893902395321 -0.008965521059813783 0.020823972878772152
leaf_weight=326.35798362642527 124.08945993334055 11.596578791737555 71.053789377212524 33.353889033198357 17.48957335203886 7.9212343022227287 32.845112890005112 17.871380925178528 130.77843065559864 46.851773262023926 66.279416635632515 21.321159981191158 16.29766916483641 78.200049981474876 59.392023392021656 18.378312490880489 10.601970672607424 80.382258027791977 22.27641125023365 10.472954787313936 25.064546965062618 31.997142262756824 27.76418911665678 21.059945084154606 89.185684412717819 18.194954626262188 62.599509857594967 7.1301768422126752 15.110754802823068 8.3782515376806241 9.2127200216054899 40.838697649538517 105.48302685469389 44.738844528794289 31.662285730242729 17.41642448306084 21.857530787587166 70.036372542381287 469.26792170852423 8.3812176436185819 24.988236844539642 103.92306681722403 9.6482171118259412 16.830593347549442 8.6835832148790342 55.572340622544289 9.9637347981333715 18.698660239577293 50.791763469576836 6.276091441512107 10.974254071712492 28.902400247752666 11.128570884466169 27.717235267162323 9.4288642108440381 41.523366011679173 139.5850674957037 11.459090515971182 277.48160097002983 15.25556832551956
leaf_count=1631 577 55 583 171 98 48 178 82 648 365 464 166 125 399 518 89 53 392 139 47 147 159 193 118 417 88 522 62 78 36 43 245 547 205 150 79 104 327 2459 42 116 504 49 134 42 257 59 91 348 34 54 145 50 161 42 268 1252 54 1583 68
internal_value=-6.23769e-05 -0.00227026 -0.00361272 -0.000190785 -0.00813434 -0.00585475 -0.0114306 0.000409337 0.00439022 -0.00310235 0.00111125 -0.00714989 0.0023533 0.00918899 0.00129556 0.00606459 0.00250077 0.00590883 4.38157e-05 -0.0104759 0.013901 0.021222 0.00431208 -0.00526435 0.000352747 -0.012718 -0.00940957 0.0222352 0.00530756 0.007147 -0.0111737 -0.00113734 0.00310602 -0.0015995 0.00885599 0.00148404 0.0126437 0.000459763 -0.00124182 0.00279007 0.0178447 0.0206585 0.00196634 -0.0169108 -0.00255248 0.00759673 -0.0140021 0.0096273 -0.0155226 -0.00150115 0.0264811 0.00144523 0.00304031 0.0050422 -0.00235704 -0.0141848 -0.0172375 0.0238107 -0.00733542 0.00195061
internal_weight=3208.02 1676.19 1338.71 763.735 574.973 341.142 414.194 160.779 422.592 142.908 316.653 105.979 1531.83 202.29 1329.54 39.6995 1226.44 512.073 714.366 83.8385 105.939 65.4399 86.0925 203.555 351.452 103.101 145.349 15.0514 210.674 33.4428 24.3235 68.6029 271.07 150.222 120.848 630.528 50.2482 580.279 491.544 41.2263 160.621 135.632 20.2502 84.9062 25.5142 186.351 56.8155 88.735 73.3655 22.5738 28.3907 40.499 337.487 58.206 37.1461 104.123 210.639 115.382 326.091 48.6095
internal_count=18160 10108 8427 4219 4208 1932 3166 1042 2287 960 1745 719 8052 976 7076 255 6294 2487 3807 554 542 342 536 1331 1711 782 1010 110 1026 183 121 438 1319 752 567 3253 237 3016 2598 220 776 660 102 694 176 905 424 418 507 159 133 200 1681 321 203 790 1835 558 1822 239
is_linear=0
shrinkage=0.0226245


Tree=74
num_leaves=61
num_cat=0
split_feature=28 37 37 27 3 3 16 37 23 8 43 7 13 22 30 21 28 2 21 41 33 12 8 37 3 41 34 2 31 35 37 45 29 45 37 12 45 21 6 7 34 21 34 3 27 3 6 13 45 45 16 29 33 6 8 31 6 37 7 22
split_gain=33.4731 66.8329 53.9586 53.2038 30.4042 27.1234 30.4105 26.8362 31.6581 26.3554 25.0822 22.3256 21.4458 20.6792 19.8839 17.8459 30.5059 26.1206 18.7107 16.7865 22.4051 16.7171 21.5322 17.8816 18.7192 18.8385 16.1935 16.1123 15.7949 15.637 15.6175 15.4227 15.4168 15.6442 16.2872 15.1694 14.6651 15.7639 14.3706 14.2241 14.1367 13.1621 12.9973 14.2447 12.8408 20.1752 19.0866 20.6153 16.3661 12.8398 12.7751 13.1095 12.29 12.1703 12.0424 11.9789 11.9526 11.9398 11.5325 11.4655
threshold=0.014775000000000002 0.53085000000000016 0.18965000000000001 0.012865000000000001 0.8041400969916076 1.0700522378196957 1.0151500000000002 -0.27154999999999996 58.070000000000007 0.0055826306500000008 0.59046932764467508 85.676905723749982 -0.12165499999999999 2.9651500000000004 -0.11663499999999997 14.030000000000001 -0.0035349999999999995 0.35587608385240982 13.630000000000001 0.23972051277928727 0.37120000000000003 0.028095000000000005 0.019258827000000003 0.21815000000000004 1.0199959078667289 -0.23025639623780952 102.50000000000001 0.16633728590250327 0.044805000000000005 1.5000000000000002 1.0000000180025095e-35 1.9635000000000002 0.0013400000000000003 1.9689000000000003 0.77455000000000018 0.091220000000000009 2.0871000000000008 17.435000000000006 0.016628847222806904 57.427157246053703 180.50000000000003 14.075000000000001 109.50000000000001 1.6299180757505329 0.012245000000000001 1.1451204537897415 -0.093523207294482588 0.12742500000000004 2.0139 1.9669000000000003 -1.0528499999999996 0.025585000000000004 0.55445000000000011 0.05207784271110541 0.00031074882000000004 0.20181500000000005 -0.095906205319531826 -0.43754999999999994 47.53336695582319 1.7279000000000002
decision_type=2 2 2 2 2 2 2 2 2 2 2 2 2 2 2 2 2 2 2 2 2 2 2 2 2 2 2 2 2 2 2 2 2 2 2 2 2 2 2 2 2 2 2 2 2 2 2 2 2 2 2 2 2 2 2 2 2 2 2 2
left_child=1 4 5 12 11 19 42 8 13 10 -10 15 -3 58 -4 16 18 54 -1 26 -21 22 29 50 -25 -26 56 -5 57 39 -8 59 -16 34 -34 52 37 -33 -11 -9 -24 -29 -7 -44 45 48 -46 -48 -35 -15 -23 -52 -14 -40 -18 -47 -2 -28 -6 -17
right_child=2 3 14 27 7 6 30 21 9 38 -12 -13 35 49 32 31 17 -19 -20 20 -22 23 40 24 25 -27 28 41 -30 -31 -32 36 33 44 -36 -37 -38 -39 53 -41 -42 -43 43 -45 46 55 47 -49 -50 -51 51 -53 -54 -55 -56 -57 -58 -59 -60 -61
leaf_value=-0.0096616137649237627 -0.0098091813214286182 0.0066126175610583416 0.020981815107571852 -0.0064482418044600857 -0.004346014269594003 0.014012909574640294 0.029506878800201825 0.018809662836124359 0.029477411114298888 0.011714026874518434 -0.0012569017977581971 -0.018118176718743932 -0.020896670740276596 -0.0037830046607271644 -0.0068517653610271449 -0.0014212473529271131 0.045615400817347621 0.0019706538756036171 0.023224271037896933 0.019309860141296598 -0.010472143324832204 0.0070903666201821572 -0.0094310492083082582 -0.007127591238203921 -0.0089336161625991842 0.022386760038996662 0.011669147169969888 0.00018650794008206423 -0.018745080251650673 -0.018967661303148135 0.0057497479229085 -0.0091094073688463301 0.017487942522258708 -0.008282394048839915 -0.010409012403089789 0.0082644804317710645 0.01027675024239757 0.00012766095778810738 -0.020181287609530436 -0.012204801861975735 0.01904101985432426 0.027170956067840778 -0.011642678628093801 0.014137904152180438 -0.011055224075765153 -0.011223639284579012 0.02671712294545308 0.0040902926721981623 0.0040562564735349494 -0.018006949862057527 -0.014693547130395631 0.0048429413896744376 0.0091379941353634028 0.0036407733149625343 0.016029719299732435 0.008657794584950607 0.01172194428954554 -0.0063706765137108348 0.01156692503705147 0.0093109602662986065
leaf_weight=46.080726154148579 13.771613731980322 112.43958263099194 18.82710474729538 8.53372675180435 60.76101915538311 47.577836617827415 72.849974006414413 9.4260570481419581 35.17125328630209 20.996979773044586 20.784398406744003 31.566673152148724 38.395030736923218 57.647482842206955 176.08952572196722 98.433010295033455 14.855219781398771 27.620506942272186 7.9750472381710997 59.731379829347134 14.304884046316145 17.942130401730537 17.556839905679229 47.44378487020731 12.329550243914126 28.982747510075569 27.30879807472229 10.458907663822172 28.123769447207451 185.45818307995796 19.414626657962799 201.32551457732916 45.793837785720825 70.543333075940609 11.637044072151182 15.793365791440008 33.289840459823608 175.9870632737875 22.735315382480621 16.741177543997765 13.06152483820915 80.109332084655762 28.581383988261223 14.023024812340735 31.359978809952736 138.04501728713512 21.680812239646912 138.27123589813709 216.8855130597949 77.601338841021061 131.50213769823313 18.814575284719467 6.6696530282497397 17.869433015584946 20.104368306696415 15.295607745647429 70.583072878420353 46.778574384748936 33.955554291605949 101.2783961892128
leaf_count=282 63 521 85 39 324 229 368 73 162 111 136 356 261 282 939 478 79 166 46 276 65 85 97 306 73 170 122 48 132 1702 92 1225 211 373 57 76 154 1061 152 160 62 390 158 61 149 702 97 640 1072 568 947 84 38 92 112 71 341 262 176 506
internal_value=8.62479e-05 -0.00185672 0.00283262 0.00844829 -0.00361741 0.00924944 0.0158798 -0.00655667 -0.00170769 0.00772515 0.0185606 -0.000323673 0.000804183 -0.0065658 -0.000401516 0.000517766 0.00851336 0.0189141 -0.00387651 0.00448415 0.0133781 -0.00990265 -0.0141536 -0.00578304 0.00238747 0.0130662 0.000804313 0.0214134 -0.00518934 -0.0166909 0.0248346 -0.0010432 -0.000934951 0.000598405 0.0116071 -0.00974033 -0.00354447 -0.00483282 -0.00250812 -0.000272202 0.0033099 0.024157 0.00623099 -0.00279763 -0.000450155 -0.00257202 0.00440393 0.00757741 0.000975625 -0.0121504 -0.0100605 -0.0122029 -0.0161683 -0.0101526 0.0311268 -0.00911686 0.00799806 0.000467396 0.00153239 0.00407651
internal_weight=3205.18 1877.7 1327.48 272.4 1605.3 443.049 182.447 846.781 347.523 117.557 55.9557 758.516 173.298 229.965 884.429 726.95 116.636 62.5801 54.0558 260.602 74.0363 499.259 242.244 257.015 88.7561 41.3123 186.566 99.102 102.211 211.625 92.2646 610.314 865.602 689.512 57.4309 60.858 410.602 377.313 61.6017 26.1672 30.6184 90.5682 90.1822 42.6044 632.081 440.769 191.312 159.952 287.429 135.249 168.259 150.317 45.0647 40.6047 34.9596 153.341 84.3547 74.0874 94.7166 199.711
internal_count=18165 11600 6565 1373 10227 2169 908 5762 2003 653 298 4465 896 1350 4396 4109 685 357 328 1261 341 3759 2094 1665 549 243 920 477 516 1935 460 3424 4311 3372 268 375 2440 2286 355 233 159 438 448 219 3104 2218 886 737 1445 850 1116 1031 299 244 191 773 404 384 500 984
is_linear=0
shrinkage=0.0226245


Tree=75
num_leaves=61
num_cat=0
split_feature=30 7 37 30 5 31 31 5 37 45 16 14 14 5 15 0 39 21 16 7 1 8 34 39 7 12 30 30 1 41 0 2 30 30 15 33 41 5 29 5 37 7 21 7 2 43 41 2 16 3 30 14 33 45 14 7 34 0 0 34
split_gain=26.271 31.2437 21.6868 20.8328 18.2521 20.437 20.9565 28.1448 33.1504 17.1853 22.949 15.2566 16.7124 29.3425 14.6029 14.7306 14.2896 14.8352 14.5111 15.8396 13.8776 13.8467 22.6844 19.2285 13.6428 16.3969 13.2476 12.962 12.8642 12.6505 12.5968 12.4063 12.2947 29.9756 12.2935 12.1336 12.1027 12.0405 13.3905 11.8555 11.8367 11.2299 10.3235 10.3013 10.2777 13.0387 12.7863 13.8294 11.718 19.0418 10.5166 10.4624 10.1294 10.9428 10.0908 9.99484 9.79949 9.2337 9.09894 8.77834
threshold=0.018975000000000002 89.941301839299186 -0.58029999999999993 -0.11663499999999997 6.9179646968841562 0.013735000000000002 -0.013854999999999998 0.1951604709029198 -0.15079999999999996 2.0347000000000004 -0.9283499999999999 1.1908500000000004 0.86915000000000009 -3.3225991725921626 1.0352500000000002 0.72480789000000001 0.017250000000000005 16.450000000000006 1.1858500000000001 27.661205747380816 0.23758651496991304 -0.00058376787999999985 132.50000000000003 0.16625000000000004 41.59915104008757 -0.19079999999999997 0.015755000000000002 -0.011759999999999998 -0.092726867523199544 0.63598381699628259 0.91765859500000013 0.27686805947675514 0.041350000000000005 0.031955000000000004 0.98505000000000009 -0.55249999999999988 0.65073041079553096 2.082569003105164 0.019635000000000003 6.2979090213775644 -0.51034999999999986 74.149341152577406 20.375000000000004 47.358233942594786 0.091153470185728266 0.55895899676104799 0.094349335998409931 0.28475059067723635 1.0352500000000002 0.66503637564290596 0.023285000000000004 0.5021500000000001 0.55445000000000011 2.0285000000000006 0.42990000000000006 51.160068755939704 2.5000000000000004 1.1022475 0.52928325000000009 6.5000000000000009
decision_type=2 2 2 2 2 2 2 2 2 2 2 2 2 2 2 2 2 2 2 2 2 2 2 2 2 2 2 2 2 2 2 2 2 2 2 2 2 2 2 2 2 2 2 2 2 2 2 2 2 2 2 2 2 2 2 2 2 2 2 2
left_child=1 3 -3 34 5 6 -5 8 -8 10 40 12 44 -14 15 52 -13 35 19 -19 -16 31 23 -23 -11 28 30 -24 -26 54 -4 55 33 -21 57 -18 -27 -17 -39 -9 -6 -37 -33 -42 45 48 47 -46 49 51 -49 -2 53 -15 -12 -7 -48 58 -1 -58
right_child=11 2 26 4 9 21 7 39 -10 24 29 16 13 14 20 37 17 18 -20 32 -22 22 27 -25 25 36 -28 -29 -30 -31 -32 42 -34 -35 -36 41 -38 38 -40 -41 43 -43 -44 -45 46 -47 56 50 -50 -51 -52 -53 -54 -55 -56 -57 59 -59 -60 -61
leaf_value=0.0078222955949808111 -0.000409556696894294 0.011468612169960059 -0.021457829058790266 -0.0014361547659478501 -0.0052524469489244616 -0.0041175189234419571 0.0093527971710764043 -0.015146225730087432 -0.0089680907498844529 0.030610761045404555 0.0075729070534489556 0.014540557703743672 0.020579136049870758 0.00073307387761631718 0.021250667277284981 0.019754201031458366 0.011271899539212704 0.024042997708482793 0.02061743725087184 -0.0052087787186884185 -0.006735168368148357 0.0062636860767543399 -0.0073520034846410376 -0.01096863025708905 0.0063654456768801725 0.017135729179714791 0.0056551546017010847 0.016276615738430169 -0.019814202490181329 0.0089234230355366966 0.012023047160928797 -0.014150710354817953 -0.0061060271590322734 0.023669952480392029 0.030240380682430325 -0.010582231975168183 -0.0077826486984027884 -0.01108486441052642 0.012357210502259157 0.011035159206516956 -0.00037684011976405791 0.0049593861138077233 0.0050176442693117169 0.015534769842547374 -0.012796114697618538 -0.013292634030262802 0.018499970918669426 0.016119466546987433 0.02695885599678513 -0.011924414496817965 -0.0022998623945158178 0.025183493712641093 0.016475923056387547 -0.012250225646145427 -0.01191041863694409 0.013341747989103449 -0.016341141742739495 0.015472569218330097 -0.0098765581975716454 0.0035890429388953579
leaf_weight=31.965358540415764 12.766265317797659 14.177136763930319 84.350207559764385 527.12399362027645 30.278186962008476 36.302355974912643 76.301602147519588 199.88178212195635 137.26517041772604 11.995589166879652 13.623176112771032 25.749074012041092 71.180053025484085 138.24649268388748 40.089481800794601 35.833833649754524 15.479225262999533 10.474538192152975 16.810257345438004 47.516768530011177 10.006516963243483 75.955982834100723 12.012811020016668 54.317977048456669 19.14335161447525 57.458670854568481 10.871290571987627 86.189049072563648 14.531631991267203 20.364156022667885 4.3662987500429145 58.578327260911465 112.0163801908493 26.339359685778618 9.8034511655569059 150.35441583395004 10.199348196387289 19.08305911719799 26.101924434304237 7.2714441418647757 30.101475641131401 26.402513965964317 17.140056751668453 63.730158381164074 60.240519464015961 9.3962268233299238 18.692600667476654 15.096069917082785 17.488757655024529 17.222840115427971 131.62005615234375 19.401417255401611 12.988086223602293 40.730716459453106 102.44479790329933 26.813290365040302 9.2819647714495641 29.879887104034424 23.036585718393326 164.50580194592476
leaf_count=144 62 89 937 3006 149 186 500 1608 1135 55 68 117 369 703 182 181 74 48 74 232 47 471 63 363 93 282 73 518 74 101 24 309 518 121 44 734 52 93 116 45 161 136 97 325 289 49 89 75 78 81 624 89 61 201 539 135 51 129 102 794
internal_value=8.76317e-05 -0.00160939 -0.0129537 -0.000866048 -0.00145095 -0.00270417 -0.00445607 -0.0082041 -0.00238499 0.00294438 -0.000279747 0.00256056 0.00428074 0.00770814 0.00471497 0.00257517 -0.000915846 -0.00199366 0.00210749 0.000246406 0.015598 0.00181609 0.00521557 -0.00100351 0.0101792 0.00697801 -0.016656 0.0132585 -0.00560533 -0.00661762 -0.0194823 -0.00377058 -0.00144247 0.00559414 0.00930124 -0.006505 0.0132142 0.0104837 0.00238548 -0.0140879 0.00667937 -0.00821824 -0.0097866 0.0105716 0.00141074 0.00885786 -6.47869e-05 -0.00394212 0.0123921 0.0060278 -0.000129576 0.0158305 -0.000868679 -0.00236942 -0.00949503 0.00355921 0.00410077 0.0059659 0.000286246 0.00227443
internal_weight=3198.59 1897.47 113.765 1783.71 1689.02 1315.15 947.844 420.72 213.567 373.871 260.542 1301.12 869.973 394.26 323.08 272.984 431.143 405.393 213.157 196.347 50.096 367.31 228.476 130.274 113.329 101.333 99.5878 98.2019 33.675 136.432 88.7165 138.834 185.873 73.8561 94.6853 192.236 67.658 81.0188 45.185 207.153 124.11 176.757 75.7184 93.8316 475.713 76.2755 399.437 206.957 66.8793 49.3905 146.716 32.1677 191.965 178.977 116.068 63.1156 192.48 84.8818 55.0019 173.788
internal_count=18165 11877 1123 10754 10335 8436 6294 3288 1635 1899 1343 6288 4234 1953 1584 1355 2054 1937 993 919 229 2142 1415 834 556 501 1034 581 167 708 961 727 871 353 419 944 334 390 209 1653 635 870 406 486 2281 359 1922 988 310 232 699 151 965 904 607 321 934 375 246 845
is_linear=0
shrinkage=0.0226245


Tree=76
num_leaves=61
num_cat=0
split_feature=43 27 27 37 26 27 31 31 5 37 45 37 0 12 15 12 13 37 15 12 37 37 18 27 5 7 23 13 7 34 2 34 3 39 39 27 2 3 37 12 1 3 2 13 30 18 3 22 30 3 41 6 37 3 0 44 21 22 27 3
split_gain=37.3018 21.5219 19.5761 34.2942 62.8494 28.8315 27.282 26.878 25.48 19.783 23.1448 32.2363 19.7728 19.6673 19.1748 29.0526 19.1137 23.6544 28.2356 21.3056 21.4612 19.5892 18.4643 18.3657 17.5706 16.6737 16.1302 15.8362 14.8575 13.6522 14.579 13.6417 15.2633 13.1979 12.4366 16.3297 15.8483 12.3726 12.4949 14.7659 12.0333 11.7296 11.5391 12.9547 10.8106 10.5288 10.5211 12.9178 14.7062 14.6767 10.0102 9.89794 9.8604 8.95345 8.49929 8.0878 7.98587 7.79321 7.33502 7.24845
threshold=0.61650335085213392 0.019170000000000003 0.018015000000000007 -0.51034999999999986 0.89350000000000007 -0.010364999999999997 -0.066244999999999984 0.044035000000000012 -2.1429196596145625 -0.32039999999999996 2.0001000000000002 0.41245000000000004 0.41673064000000004 -0.30381499999999995 1.0009500000000002 -0.013669999999999998 0.054335000000000008 0.27720000000000006 -0.9857499999999999 -0.058029999999999991 0.18965000000000001 -0.27679999999999993 -1.0528499999999996 0.028465000000000001 24.210370063781742 88.558573142757709 39.260000000000012 -0.3901099999999999 34.076804888942775 186.50000000000003 0.11892156507234286 241.50000000000003 1.3473516287069358 0.019650000000000004 0.18985000000000005 0.023125000000000003 0.32918470418470419 0.72126607922516239 -0.13024999999999998 -0.012464999999999999 -0.33269167376717707 1.0245655679517667 0.26491106719367596 0.087515000000000023 0.038865000000000004 -0.87244999999999984 0.29232794209222063 2.8444000000000007 -0.00093499999999999996 0.73442441747737519 -0.66102099491120148 0.037138834642005202 -0.61954999999999993 0.85390554405030272 0.63090622500000015 0.028145165000000003 14.905000000000003 1.0986000000000002 0.04395000000000001 0.91056295771393336
decision_type=2 2 2 2 2 2 2 2 2 2 2 2 2 2 2 2 2 2 2 2 2 2 2 2 2 2 2 2 2 2 2 2 2 2 2 2 2 2 2 2 2 2 2 2 2 2 2 2 2 2 2 2 2 2 2 2 2 2 2 2
left_child=2 25 3 4 45 -6 8 16 22 46 11 23 53 -12 -14 -16 17 27 -19 20 -18 -21 -5 28 31 37 -13 -8 -11 34 -31 33 -33 -9 35 -15 -36 -2 39 -39 -10 -30 43 -42 -25 -1 -4 48 49 58 -44 -26 -27 -7 -53 -49 -50 -47 -48 -40
right_child=1 -3 9 6 5 12 7 24 40 10 13 26 14 29 15 -17 19 18 -20 21 -22 -23 -24 44 51 52 -28 -29 41 30 -32 32 -34 -35 36 -37 -38 38 59 -41 42 -43 50 -45 -46 57 47 55 56 -51 -52 54 -54 -55 -56 -57 -58 -59 -60 -61
leaf_value=-0.015206939145391901 -0.01652252955269114 0.011332691562855598 -0.015702547219887765 0.0060675654074640777 0.029721505265736501 0.0066615479208308459 0.0054524285588754742 0.017388479497959606 -0.0060284985574365797 -0.014989859640626343 -0.016123014812362786 0.027734164750678834 0.028188464426099853 -0.0059560879537391594 0.022889186705932648 -0.01749298143060227 0.0076336688370696858 0.0050009164102422492 -0.011627142663484266 0.0039636771413235888 -0.0022815835937545002 -0.012035885154394183 -0.013322398931029125 0.024307284586421302 -0.017122697829400006 0.010834391041235366 0.0013635962687528135 -0.012157700154624116 0.0094291687007106058 -0.0085661268695616764 0.021826331897881541 0.022816562490352008 -0.0060919008804354744 0.0014093418369444815 0.0069945596376346448 0.015683483118292818 -0.014543992977074049 0.032305174174925171 0.0098564487846886234 -0.0032992673312198704 0.0152226667952771 -0.010888470787308388 -0.0014179178673103452 -0.0056250896480978018 0.0024669502459607503 0.015268393543033183 -0.01551098397404049 -0.0018096791755204847 0.022533595518725958 0.0089344343732635292 0.02037875306092064 -0.0098552384525138533 -0.020809571749686305 -0.021344642655733544 0.012902839439402838 -0.016786733384370117 0.0065424592273819792 -0.0023342595075156679 0.0042426324872319281 -0.0092485879933919928
leaf_weight=27.075097486376762 31.791168637573719 22.183815896511078 17.955797769129276 48.688437789678574 59.747205331921577 8.1506983935832995 26.930518120527267 25.565955176949501 17.387084901332855 22.749669805169106 24.531543031334877 68.361032739281654 26.335489273071289 27.176734447479248 14.89533667266369 15.858169570565222 172.32236186414957 139.34543727338314 79.78385853767395 52.772740438580513 305.92983742803335 136.89379784464836 46.496618181467056 30.489008873701096 31.420950219035149 3.6656816303730002 14.618040740489958 305.9288527071476 59.75470270216465 8.7174644619226438 32.945887267589569 32.497920170426369 11.292307347059248 388.35452303290367 27.150033831596375 43.059188529849052 40.172149866819382 8.491828605532648 10.174882806837557 11.51025780290365 26.522675856947899 16.317689687013626 11.905426949262617 29.371318325400352 18.875724881887436 11.900445669889448 35.298205316066742 72.927819535136223 18.040117219090462 29.331384524703026 83.694765411317348 14.984523236751558 74.592474281787872 11.14937414228916 12.967314109206198 22.217474319040775 88.669220708310604 96.354350216686726 11.446495115756987 48.116478607058525
leaf_count=192 218 99 91 216 322 46 142 120 83 127 118 352 116 135 65 83 913 844 499 287 1609 1078 232 137 153 28 68 2487 289 43 151 150 54 1889 126 199 192 48 67 97 129 85 55 145 83 54 179 336 83 143 396 76 830 60 61 112 418 467 52 329
internal_value=0.000458074 -0.00868223 0.00110653 6.90607e-05 0.00757081 0.0182598 -0.000958093 -0.0019901 0.00577832 0.00431965 0.00737379 0.0122292 0.00853772 0.00177109 0.0150553 0.0023521 -0.00381976 -0.00692385 -0.00112586 -0.00123564 0.00131545 -0.00759147 -0.00351768 0.0057075 0.00232365 -0.0111755 0.0232911 -0.0106982 -2.78639e-05 0.00443763 0.0153237 0.00383701 0.0154462 0.00251014 0.000892729 0.0074059 -0.00592742 -0.00527335 -0.000279573 0.0139881 0.0109888 0.0048317 0.0130183 0.00452971 0.0165551 -0.00333896 -0.000197484 0.000955634 0.00445451 -0.0030851 0.0177024 -0.00897909 -0.0189939 -0.0101903 0.000922337 -0.00569916 0.00976932 -5.2139e-05 -0.0107084 -0.00560533
internal_weight=3213.86 210.527 3003.33 2272.52 271.466 136.136 2001.06 1736.99 264.066 730.805 434.919 231.166 76.3891 203.753 57.089 30.7535 1219.91 551.989 219.129 667.919 478.252 189.667 95.1851 148.187 517.083 188.343 82.9791 332.859 98.8221 179.221 41.6634 457.711 43.7902 413.92 137.558 70.2359 67.3222 110.085 78.2934 20.0021 168.881 76.0724 151.494 55.894 49.3647 135.33 295.887 277.931 182.785 76.0761 95.6002 59.3728 78.2582 19.3001 27.9518 95.1453 106.709 108.255 46.7447 58.2914
internal_count=18258 1716 16542 13023 1405 692 11618 10362 1256 3519 2105 1141 370 964 264 148 7859 3972 1343 3887 2522 1365 448 721 2503 1617 420 2629 501 846 194 2213 204 2009 652 334 318 759 541 145 808 374 725 274 220 713 1414 1323 875 374 451 290 858 106 137 448 501 521 231 396
is_linear=0
shrinkage=0.0226245


Tree=77
num_leaves=61
num_cat=0
split_feature=43 28 37 27 28 37 3 35 35 30 30 37 45 37 28 7 24 37 18 37 14 13 15 30 29 37 18 21 8 14 24 24 15 39 34 2 29 13 39 27 2 15 7 37 3 22 30 3 3 29 28 29 34 33 14 24 29 31 1 24
split_gain=35.8451 21.1025 23.9701 18.718 35.0209 58.9005 28.2124 23.6388 24.9505 20.6949 19.8295 18.9658 22.2585 31.3895 23.6878 19.2684 18.939 18.0043 30.5093 22.7534 21.4277 18.2044 17.4482 16.3928 15.5982 15.5444 15.4988 15.4326 15.2962 17.5187 15.2153 14.4798 13.0577 19.2724 13.0059 12.8143 12.0119 14.9241 11.9015 15.5711 15.2563 11.4641 11.2127 11.0851 10.1698 12.3966 14.0424 14.1004 9.72405 8.71872 12.1726 8.38558 8.36897 8.05976 8.00951 8.24113 7.88482 7.87797 7.81318 7.94161
threshold=0.61650335085213392 0.011695000000000002 0.093500000000000014 0.018015000000000007 0.018155000000000001 -0.52014999999999989 0.30355854869055354 29.500000000000004 3.5000000000000004 0.00087500000000000013 -0.11663499999999997 -0.32039999999999996 2.0001000000000002 0.41245000000000004 -0.0037249999999999996 49.609498999150269 -0.30381499999999995 0.53815000000000013 -0.96604999999999985 -0.089149999999999993 1.0712500000000003 -0.25314999999999993 0.98205000000000009 -0.033569999999999996 0.0080300000000000007 0.23135000000000003 -1.0447499999999998 19.095000000000002 -0.00096124409999999991 0.79935000000000012 -0.30952999999999992 0.022820000000000003 -0.98544999999999994 0.17060000000000003 186.50000000000003 0.12276214833759592 -0.009524999999999997 -0.12667999999999999 0.18985000000000005 0.023125000000000003 0.32918470418470419 1.0762500000000002 91.971431209715391 -0.0049499999999999987 0.29232794209222063 2.8444000000000007 -0.00093499999999999996 0.73442441747737519 0.60948227270511268 -0.0035949999999999997 0.00050500000000000013 -0.0080649999999999975 85.500000000000014 0.0016500000000000002 1.4947000000000001 0.11504500000000002 -0.0039499999999999995 0.0034850000000000007 -0.38648041784866943 0.16605
decision_type=2 2 2 2 2 2 2 2 2 2 2 2 2 2 2 2 2 2 2 2 2 2 2 2 2 2 2 2 2 2 2 2 2 2 2 2 2 2 2 2 2 2 2 2 2 2 2 2 2 2 2 2 2 2 2 2 2 2 2 2
left_child=3 26 42 4 6 -6 9 8 28 51 56 44 13 14 24 48 -14 18 21 20 -20 43 -21 -23 -13 -12 -2 -26 30 -30 -7 -15 36 52 38 -36 -19 -38 39 -18 -40 -4 -3 -8 -5 46 47 -46 -16 -11 -51 -1 -34 -35 -47 -56 -10 -53 -48 -60
right_child=1 2 41 11 5 7 17 -9 10 49 25 12 16 31 15 -17 34 32 19 22 -22 23 -24 -25 27 -27 -28 -29 29 -31 -32 -33 33 53 35 -37 37 -39 40 -41 -42 -43 -44 -45 45 54 58 -49 -50 50 -52 57 -54 -55 55 -57 -58 -59 59 -61
leaf_value=0.036260430963581378 0.0050328864860199156 0.028503792106826555 -0.011857356327591165 -0.015486104039867783 0.025332065856090928 0.0016210292494032209 -0.0082478303198422025 0.024200761636308025 0.0025541161118079621 -0.015437900870416561 0.0043416263009809766 -0.013574187031702968 -0.015887140972057911 0.0027235119231709963 -0.0092407824886339054 0.03704858560253764 -0.00584653853931647 0.0020922914906525507 0.0055058753799459622 0.0029668461037909706 -0.0060158796827153036 0.0081626417658057348 -0.0083431673482405339 -0.013539258123866612 -0.0038897092802188658 -0.0040130194838429792 -0.017160602155236963 0.018695818663374202 0.016494946894520125 -0.0024579092362121344 0.024396268934038345 0.027386672952380994 -0.0056088798569907247 -0.025882071434646676 -0.0073070540217138073 0.021081606627973471 0.028642779885938167 0.0039462370484591872 0.0068365350311169514 0.015278072866083136 -0.014301684591860793 0.012130198953555603 -0.0034398396753723909 0.007895423798398778 -0.01052983150278628 -0.01117871931725763 0.025207088061238857 0.0087220902386203284 0.013848399597082117 -0.0074711117240170702 0.020769925689890788 0.00095990184323414092 0.014022597176989695 -0.0032930028398103451 0.016992489496505277 -0.0041252398993525301 0.029773780298114689 0.024674452293834297 -0.0025761957320480206 0.01119040202687498
leaf_weight=12.24635326862335 17.425080060958862 15.308061599731447 47.294552348554134 17.836634680628777 57.03729547560215 22.718009456992149 39.639982759952545 21.045769885182381 9.6731597036123294 11.397930204868315 154.15199290215969 32.299249187111855 24.377220124006271 15.599390745162962 10.521051943302153 14.369727686047552 27.114495530724525 94.555943489074707 289.39811989665031 91.653741255402565 112.50212072581053 17.239284701645374 274.32002928107977 262.1011034026742 36.695964455604553 414.58296982198954 111.40275438129902 22.950138419866562 33.195217378437519 79.067163936793804 44.036682158708572 66.722870171070099 17.348822042346001 17.969598174095154 8.9365579634904844 32.900329992175102 21.523205056786537 27.960416451096535 27.215251624584198 43.275973856449127 39.9797168597579 10.299562647938727 7.3141506463289252 41.715601064264774 46.518490523099899 53.255453735589981 11.730790600180624 29.434931918978691 31.50129833817482 14.257988795638086 11.882345803081988 15.056772395968439 22.938074633479118 14.764574468135832 10.189339198172091 31.521984368562698 11.603735134005545 11.236948408186434 29.909694470465183 65.402984470129013
leaf_count=60 89 79 280 91 306 106 230 104 44 59 741 184 118 72 50 68 135 427 1584 480 622 92 1862 2262 172 2086 1166 100 154 384 201 348 97 110 44 150 97 150 126 199 192 46 56 223 231 258 54 143 147 78 63 89 121 82 47 143 50 59 150 297
internal_value=0.000450361 -0.00854263 0.00058491 0.00108483 6.91827e-05 0.00370344 -0.00209938 0.0020553 0.00136083 0.011054 -0.000893539 0.00422757 0.00722021 0.0119899 0.00557662 0.016731 0.00172963 -0.00286516 -0.00401188 -0.00144947 0.00226069 -0.00941197 -0.00550964 -0.01213 -0.00156622 -0.00173802 -0.0141141 0.00526327 0.00868695 0.00341984 0.0170347 0.0229644 0.00307138 -0.00460296 0.00433726 0.0149371 0.00697597 0.0156769 0.000872809 0.00723119 -0.00581141 -0.0071926 0.0189566 1.65375e-05 -0.000195232 0.00093534 0.00435764 -0.00302261 0.00784464 -0.00103573 0.0061563 0.0220799 0.00575912 -0.0167882 -0.00559309 0.00180077 0.0191858 0.0125359 0.00953613 0.00692167
internal_weight=3208.12 209.044 80.2163 2999.08 2268.82 847.112 1421.71 790.075 769.029 76.0783 590.012 730.26 434.459 230.66 148.337 56.3921 203.8 1345.63 1128.57 767.874 401.9 360.696 365.974 279.34 91.9454 568.735 128.828 59.6461 179.017 112.262 66.7547 82.3223 217.061 73.0211 179.422 41.8369 144.04 49.4836 137.585 70.3905 67.195 57.5941 22.6222 81.3556 295.8 277.964 182.997 75.9534 42.0224 37.5383 26.1403 38.5401 40.2869 32.7342 94.9668 41.7113 21.2769 26.2937 107.043 95.3127
internal_count=18258 1716 461 16542 13023 4176 8847 3870 3766 408 2921 3519 2105 1141 721 265 964 8439 7355 4548 2206 2807 2342 2354 456 2827 1255 272 845 538 307 420 1084 410 846 194 674 247 652 334 318 326 135 453 1414 1323 875 374 197 200 141 208 218 192 448 190 94 148 501 447
is_linear=0
shrinkage=0.0226245


Tree=78
num_leaves=61
num_cat=0
split_feature=28 37 27 37 26 27 36 37 26 23 33 28 5 31 23 37 12 15 22 28 36 27 41 43 5 5 12 41 21 3 21 3 1 12 1 27 12 1 5 33 29 37 1 39 34 27 1 14 29 13 37 35 31 37 14 13 28 31 29 22
split_gain=31.8158 37.347 73.7594 30.565 56.2398 43.214 35.054 27.0167 32.1992 25.3109 20.9503 19.5165 19.4677 18.3465 25.4454 21.3362 18.7285 17.9981 17.6558 17.3844 17.1221 16.9012 16.3413 15.8064 15.2722 26.7431 24.1701 19.4604 18.5853 24.664 15.234 13.281 15.6117 13.1965 18.3916 16.0833 13.0219 18.3385 12.8066 12.5922 12.5682 11.9723 11.959 11.6526 11.3159 10.8041 10.2099 10.1564 9.9847 11.0381 9.75159 9.85568 9.79636 9.61094 13.4186 9.46388 9.44282 10.7747 9.27885 8.97261
threshold=0.022165000000000001 0.43495000000000006 0.016695000000000005 -0.34609999999999991 0.49475000000000008 0.026680000000000006 0.87495000000000012 0.12455000000000001 0.92055000000000009 89.780000000000015 -0.055549999999999995 0.0095250000000000022 -0.38576792180538172 0.0028750000000000004 51.925000000000004 -0.089149999999999993 0.12190500000000001 -0.99594999999999989 2.5749000000000009 -0.009474999999999999 0.87870000000000015 0.037510000000000009 0.53504405798634169 0.29065122947655014 10.242186546325685 -0.24861906468868247 -0.078729999999999981 0.58297463211969458 20.820000000000004 1.1094372635494369 11.700000000000001 0.61736066749694352 -0.082221391756046827 -0.17350499999999996 -0.17112989018934435 -0.0048049999999999994 -0.087049999999999975 -0.23390446217454197 -2.7265152931213374 0.13635000000000003 0.014515000000000002 -0.63824999999999987 0.044295833853986208 0.060450000000000011 52.500000000000007 -0.0081449999999999977 0.24779301176544882 0.9103500000000001 -0.067269999999999983 -0.28144499999999995 -0.47849999999999998 12.500000000000002 0.13035000000000002 1.2283000000000002 1.4804000000000002 0.10544500000000001 -0.010334999999999999 0.022415000000000001 0.021585000000000003 3.9121500000000005
decision_type=2 2 2 2 2 2 2 2 2 2 2 2 2 2 2 2 2 2 2 2 2 2 2 2 2 2 2 2 2 2 2 2 2 2 2 2 2 2 2 2 2 2 2 2 2 2 2 2 2 2 2 2 2 2 2 2 2 2 2 2
left_child=1 3 17 4 20 6 30 8 22 11 -7 -6 55 14 16 -16 -8 19 -10 -3 42 24 -2 44 25 27 28 -9 29 -27 -5 32 -32 34 -19 -36 37 -26 -35 -33 -22 -14 48 45 -21 -15 -23 -30 -1 -50 52 -52 -44 54 -38 -11 -40 -58 -28 -4
right_child=7 2 59 5 9 10 13 21 18 12 -12 -13 41 43 15 -17 -18 33 -20 23 40 46 -24 -25 36 26 58 -29 47 -31 31 39 -34 38 35 -37 53 -39 56 -41 -42 -43 50 -45 -46 -47 -48 -49 49 -51 51 -53 -54 -55 -56 -57 57 -59 -60 -61
leaf_value=0.012568872118165687 -0.0073238323833616035 0.0013016607335828111 0.025720912372605206 0.016796607283569881 -0.0010562220138311828 0.0018814903931338154 -0.01163196239969622 -0.010072179128616255 0.0048419996214017985 -0.0060351814894467467 0.024461241142196034 0.020347706416356512 0.0070262361796136017 -0.02216413174811065 0.026812953569700176 -0.0058774921825783455 0.018907302446616918 -0.012324113022108167 0.025070180183405302 0.043068092434288358 -0.019361610925197167 0.021294837645655561 0.016123993992870598 -0.0051726971248907613 0.0090553109137683999 0.018663883996200104 -0.01674638883982572 0.014593600531512072 -0.014301293342907003 0.0036272863752743706 -0.0060547412898061025 -0.0091811135423211249 0.0044825227030642718 0.0068295029356573887 -0.0090976349268910156 0.019389062990400139 0.00063259806448511674 -0.010622973138990655 0.0056607842466860755 -0.00099468106599365463 0.005049503476394825 -0.023364140147575721 -0.0025447649284718304 -0.017824107115429172 0.01209706573436857 -0.0006048055143395108 -0.0036372481703656465 0.0058390353968309676 -0.00098644451187155117 -0.011153562767716601 -0.0032633857099488295 0.023154044053109394 0.017308834287447668 -0.010171604168577235 0.027878822751008513 0.018873109488167759 -0.020235328678269177 -0.0048845660348169825 0.0008706225849734701 0.0027056121965530681
leaf_weight=13.865248829126356 50.019499063491821 123.23966410011053 74.751982435584068 16.787508919835091 26.512331441044807 58.063561975955963 144.04083698987961 97.810095980763435 33.210116006433964 10.167183779180052 30.575596056878567 113.11160945892334 7.9311694055795696 13.047031521797178 17.689268432557583 18.611700609326363 8.4851065799593908 22.212569266557693 74.362369604408741 10.205894351005556 47.23493118584156 30.87677013874054 18.464737638831139 9.8151100277900678 27.07193449139595 122.04303652048111 23.14287019520998 16.910848215222359 21.088408313691616 104.04869665205479 117.40749806910753 249.42430111020803 176.26255717873573 21.145564407110214 12.160668417811392 32.923061341047287 23.312098249793053 135.31574989855289 12.752708226442335 156.67064944654703 12.439431726932524 19.010786466300488 80.44627645611763 187.08886031806469 17.490374520421028 47.60424093157053 10.183899939060209 25.056818202137947 120.32393828034401 98.221282549202442 9.6703238338232058 19.745170846581459 12.123300597071646 11.732628911733626 12.601628363132475 19.829089537262917 56.295473396778107 42.61668798327446 36.473275035619736 10.579511255025862
leaf_count=64 223 579 381 87 171 269 1455 482 153 61 135 546 41 115 121 168 50 115 373 49 401 134 79 78 127 573 137 81 105 500 607 1447 916 111 62 170 113 655 61 830 60 123 383 1688 91 393 44 117 586 503 47 92 52 58 60 94 395 245 170 49
internal_value=4.62837e-05 -0.00135083 0.00450595 -0.0027664 0.00137373 -0.00480076 -0.00597628 0.00371413 0.0115589 0.011249 0.0101972 0.0163445 -0.00143215 -0.0110104 -0.00557337 0.0108555 -0.00961272 -2.74948e-05 0.0191157 0.00555573 -0.00335963 0.00169493 -0.000604497 0.0184381 0.000782188 0.00314354 0.00638756 -0.00616668 0.00923178 0.0118772 -0.00287725 -0.00341644 0.000251802 -0.00452793 0.00353435 0.0116198 -0.00421298 -0.00724127 -0.00860146 -0.00605219 -0.0142747 -0.0146038 -0.001421 -0.0150423 0.0265034 -0.00604049 0.0152786 -0.00366567 -0.0044143 -0.00564191 0.00425204 0.0149545 0.000500987 0.0059316 0.0115586 0.0106421 -0.0116223 -0.0139482 -0.00642666 0.0230498
internal_weight=3172.31 2298.58 446.189 1852.39 610.632 1241.76 1153.12 873.725 176.057 196.562 88.6392 139.624 56.9382 436.567 188.827 36.301 152.526 360.858 107.572 160.751 414.07 697.669 68.4842 37.5114 656.608 446.574 331.853 114.721 272.237 226.092 716.553 699.765 293.67 200.107 67.2963 45.0837 210.034 162.388 132.81 406.095 59.6744 26.942 354.396 247.74 27.6963 60.6513 41.0607 46.1452 232.41 218.545 121.985 29.4155 92.5696 47.6464 35.9137 29.9963 111.665 98.9122 59.6161 85.3315
internal_count=18075 13891 2386 11505 3224 8281 7877 4184 828 1036 404 717 319 3990 1794 289 1505 1956 526 797 2188 3356 302 218 3178 2165 1602 563 1295 1073 3887 3800 1523 1159 347 232 1013 782 812 2277 461 164 1727 2196 140 508 178 222 1153 1089 574 139 435 231 173 155 701 640 307 430
is_linear=0
shrinkage=0.0226245


Tree=79
num_leaves=61
num_cat=0
split_feature=28 37 43 37 26 36 37 26 7 16 45 8 28 6 31 37 3 15 5 41 5 34 44 41 6 6 3 33 24 2 28 22 24 41 28 5 28 28 6 3 22 2 2 34 21 24 21 14 34 5 35 8 25 1 41 29 21 15 6 31
split_gain=30.4435 35.8497 40.0553 29.3411 53.7805 40.1104 25.8977 30.7952 24.0598 23.9664 20.5107 19.7425 18.8783 17.2049 17.1422 21.0224 17.0219 16.7677 16.1368 24.2796 21.7225 23.699 15.9087 15.684 15.3861 16.7995 15.1616 15.7543 14.8559 13.7111 16.5455 13.2112 13.1938 14.6828 13.6697 13.1546 12.9561 16.2189 13.5063 12.8461 12.757 12.549 12.2684 19.5168 12.1349 12.109 16.4208 18.8751 15.0557 11.9356 11.4652 27.0172 11.925 11.4638 10.7892 10.895 10.7717 10.4503 11.1114 10.4101
threshold=0.022165000000000001 0.43495000000000006 0.25346436491675417 -0.34609999999999991 0.49475000000000008 0.50325000000000009 0.12455000000000001 0.92055000000000009 89.941301839299186 0.97110000000000007 1.9629000000000003 0.0064320863500000004 0.0095250000000000022 0.12478899199465786 0.0028750000000000004 -0.089149999999999993 0.76846425595139367 -0.99644999999999995 -0.67361637949943531 0.58297463211969458 10.242186546325685 69.500000000000014 0.060886580000000017 0.53504405798634169 0.028536230246022903 0.046860948241245405 0.64168398338182475 0.25665000000000004 0.35731000000000007 0.53393339533235917 -0.006324999999999999 3.9998000000000005 -0.087049999999999975 1.0769533601872072 0.066810000000000022 -3.3225991725921626 0.012665000000000001 -0.0031499999999999996 -0.25297649966081542 0.4413530311522757 3.2923000000000004 0.45477272727272727 0.79866600790513853 90.500000000000014 20.925000000000001 -0.073149999999999979 20.820000000000004 0.9103500000000001 117.50000000000001 5.461620807647706 15.500000000000002 -0.0083034039999999986 0.68185000000000018 0.10073444471417921 0.013959292798304001 0.023305000000000003 19.045000000000005 1.0460500000000004 0.046075218878931908 0.047835000000000009
decision_type=2 2 2 2 2 2 2 2 2 2 2 2 2 2 2 2 2 2 2 2 2 2 2 2 2 2 2 2 2 2 2 2 2 2 2 2 2 2 2 2 2 2 2 2 2 2 2 2 2 2 2 2 2 2 2 2 2 2 2 2
left_child=1 3 9 4 17 26 7 23 12 29 49 24 -6 14 15 -12 41 -1 19 -8 21 -20 -16 -2 -10 -26 36 28 59 30 -3 -31 33 34 39 -29 37 38 -5 -22 54 -9 43 -4 -37 46 48 -48 -23 -7 51 -45 -52 -39 -19 -56 -53 58 -38 -28
right_child=6 2 42 5 8 10 18 16 11 -11 13 -13 -14 -15 22 -17 -18 40 20 -21 32 45 -24 -25 25 -27 27 35 -30 31 -32 -33 -34 -35 -36 44 57 53 -40 -41 -42 -43 -44 50 -46 -47 47 -49 -50 -51 52 56 -54 -55 55 -57 -58 -59 -60 -61
leaf_value=-0.010686719635576858 -0.0071809193358527666 0.0038211822489101271 -0.013248447016644269 0.017542080993755649 -0.0011271152321172509 -0.0048337769555753703 -0.011531286525464523 -0.010758651186653978 -0.012494368203223813 -0.011006091734292702 0.0041923941027370432 -0.015131426330837819 0.019879922900862115 0.01726001919073741 -0.0054014064736708596 -0.011844390407658837 0.024964421147466657 -0.0025549842989108047 -0.0031295689255468073 0.016929878413892162 0.011962760686306079 0.024520066028746144 -0.019260657132959453 0.015784139017677497 0.035847348012527577 -0.0013286327177575072 -0.01107156345741551 -0.012959359477338422 0.01147616094857341 0.024447255261685018 0.027062086892064553 0.0048417657578853999 0.0069762217943474154 0.012011380347426364 0.010609636749587561 0.0024466223570540875 -0.012547656628597758 0.017737030932262567 -0.0021136756409968643 -0.011998415808784205 -0.0082885204913769103 0.01485453099635041 0.016416018515248012 -0.013752493826536392 0.02450506204366527 -0.0059290356958742072 -0.018346280360120155 0.011019815090011773 0.010077241475345125 0.016115448821125377 0.004254002507211134 0.022720531126375922 -0.014590224488973512 -0.0001879121979494683 0.011754047793741309 -0.0035181616797622184 -0.0019778505947852191 0.015334555590254052 0.0047538307517639633 -0.00065732584509359379
leaf_weight=110.99501632153988 49.919506773352623 98.989532306790352 72.314297519624233 17.696634262800217 26.606474600732327 33.687382228672504 83.946954891085625 13.08517950773239 8.5610652789473551 21.028100498020649 60.036213353276253 25.83194575458765 113.40736440569162 8.0985422581434232 58.701219707727432 126.49960200488567 71.190809912979603 115.99723049998283 95.789418123662472 15.967928767204283 10.244500383734701 49.216489434242249 181.93634399026632 18.4974604845047 11.358435437083246 10.688881188631056 202.88285087049007 21.373445220291615 17.865571558475494 69.661022379994392 16.067995294928551 25.436068147420883 55.992538794875145 19.329146340489388 16.180113464593887 97.319893680512905 59.66144897043705 61.060179099440575 133.90918359160423 129.30014283955097 76.728114701807499 23.245363041758537 13.271375715732573 18.646379396319389 11.961764156818388 21.128875538706779 17.050641126930714 22.735308259725571 160.88696856051683 19.763424731791019 31.803454950451851 34.520053185522556 32.090946294367313 25.477929674088955 76.865652740001678 32.559504479169846 11.340369403362272 9.0141629576683027 25.461382701992989 65.043054327368736
leaf_count=692 223 468 456 79 172 219 416 61 58 120 521 151 547 41 501 1234 361 571 467 76 49 230 1666 79 53 55 1206 117 85 361 84 119 266 89 72 511 309 311 683 630 394 104 61 92 57 114 86 106 755 104 166 196 198 149 383 148 65 41 127 320
internal_value=4.87742e-05 -0.00132114 0.00442323 -0.00271038 0.00134825 -0.00470824 0.00363531 0.0113191 0.0110051 0.0108942 -0.0097299 -0.00143154 0.015946 -0.0113466 -0.0120014 -0.00669775 0.0187098 -0.00328826 0.00165916 -0.00663433 0.00307046 0.00647398 -0.0159842 -0.0005835 0.0104385 0.01976 -0.00140558 -0.00426853 -0.00722134 0.0132053 0.00765096 0.0195011 -0.00234615 -0.00539296 -0.00773295 0.00220684 0.00218841 0.00498274 0.000466147 -0.0100321 -0.000494847 0.00551618 -0.00261978 -0.00409381 0.00543081 0.00986551 0.0112536 -0.00195565 0.0137475 0.00334178 0.00124025 0.00779915 -0.00543242 0.0126243 0.0022293 0.00723617 0.016858 -0.00481831 -0.00738633 -0.0085774
internal_weight=3165.93 2292.22 445.17 1847.05 609.6 1237.45 873.707 175.938 196.454 231.183 488.723 56.4403 140.014 435.272 427.173 186.536 107.521 413.146 697.769 99.9149 597.854 366.808 240.638 68.417 30.6084 22.0473 748.728 416.447 285.791 210.155 115.058 95.0971 231.046 175.054 155.725 130.655 332.281 238.144 151.606 139.545 302.151 36.3305 213.987 200.716 109.282 271.018 249.889 39.7859 210.103 53.4508 128.401 64.5068 63.8944 86.5381 225.422 109.425 45.8604 94.137 85.1228 267.926
internal_count=18075 13891 2386 11505 3224 8281 4184 828 1036 1152 4286 317 719 3963 3922 1755 526 2188 3356 492 2864 1758 2167 302 166 108 3995 2296 1611 1032 552 480 1106 840 751 685 1699 1222 762 679 1496 165 1234 1173 568 1291 1177 192 985 323 717 353 364 460 1102 531 261 477 436 1526
is_linear=0
shrinkage=0.0226245


Tree=80
num_leaves=61
num_cat=0
split_feature=30 7 13 23 28 37 27 1 37 6 13 34 7 2 16 12 8 27 37 37 37 27 43 33 13 5 34 45 5 39 14 29 33 15 39 1 7 31 16 8 1 30 12 6 5 2 15 21 45 30 30 1 37 14 12 43 38 5 27 28
split_gain=26.9928 25.9514 23.3676 22.2274 20.8974 36.2987 31.9205 28.4019 27.1767 22.846 22.7397 23.2687 20.2654 19.783 17.6582 19.9753 17.5117 27.4441 17.488 17.4576 15.1008 30.9217 14.2902 14.1991 13.9993 14.6481 13.5248 15.3767 13.382 13.3211 13.0677 12.9163 12.6074 12.5086 12.297 12.237 25.4565 11.7942 19.725 17.8909 14.0262 15.6316 13.015 13.0109 11.8112 11.3312 21.3001 17.1236 12.8166 15.1386 11.1982 11.1284 10.7994 10.5026 10.4895 10.1881 10.0194 12.6095 9.63394 10.7778
threshold=0.024395000000000003 89.941301839299186 0.28261000000000008 74.705000000000013 0.014195000000000001 0.42010000000000008 0.017295000000000001 -0.45149239607674285 0.22310000000000005 0.055791037664930758 -0.24623999999999999 173.50000000000003 29.731292061196381 0.20562394127611519 1.0690500000000001 -0.023064999999999999 0.0069697500000000011 0.0086050000000000015 -0.23454999999999995 -0.5018999999999999 -0.18364999999999998 -0.0064349999999999989 0.28275664326571531 0.037250000000000005 0.083375000000000019 -0.21523579955101008 15.500000000000002 1.9611000000000003 67.758991241455092 0.0040500000000000006 3.9253500000000003 0.020485000000000007 0.047150000000000004 1.0666500000000003 0.28795000000000004 0.10368891744735746 33.203170548169325 0.025625000000000005 1.0719500000000004 0.031866192500000008 0.012259720150150252 -0.0082199999999999981 -0.15169499999999997 0.059780289643821607 -3.1857056617736812 0.091153470185728266 1.0639000000000003 13.630000000000001 1.9593000000000003 0.032570000000000009 0.0068100000000000009 0.15670084003253262 0.27305000000000007 0.72050000000000014 0.036805000000000011 0.37237455187828156 1.0000000180025095e-35 2.4625643491745 -0.012529999999999998 0.020175000000000002
decision_type=2 2 2 2 2 2 2 2 2 2 2 2 2 2 2 2 2 2 2 2 2 2 2 2 2 2 2 2 2 2 2 2 2 2 2 2 2 2 2 2 2 2 2 2 2 2 2 2 2 2 2 2 2 2 2 2 2 2 2 2
left_child=1 4 3 28 5 7 16 23 12 10 -9 -12 -6 33 15 19 17 -7 24 -14 -5 -22 -17 26 -3 -26 -1 -28 30 -15 45 51 -23 53 -8 36 -11 39 40 42 41 -39 44 -42 -10 48 47 -47 -2 -50 -18 -31 58 -4 -20 -19 -54 -58 59 -33
right_child=2 18 13 20 8 6 34 9 37 35 11 -13 14 29 -16 22 50 55 54 -21 21 32 -24 -25 25 -27 27 -29 -30 31 -32 52 -34 -35 -36 -37 -38 38 -40 -41 43 -43 -44 -45 -46 46 -48 -49 49 -51 -52 -53 56 -55 -56 -57 57 -59 -60 -61
leaf_value=0.023566197631935216 -0.0033590497574254221 -0.018005038575387308 0.001165536384131602 0.024051360928846174 -0.015565236087709175 -0.0012492657378622082 0.026890116999754486 -0.00034150470834277925 -0.011032867288519198 -0.014016894630278762 -0.01238405863841395 -0.003323583211371862 0.033471261531663167 0.025348903223703017 -0.010218916894766866 -0.012290301274566075 0.010530623583500098 0.0215290495346292 -0.021735052763957669 0.012198140920715306 -0.019157268115119971 -0.0015563322155744432 0.0083446147808179123 0.023494145954172322 0.016492295839765386 -0.007969027957449755 0.019170089236761074 -0.014590487981963472 -0.012406113035885047 0.0023343689421557552 -0.014534659008574955 -0.011666097162817019 0.029163793673662754 0.0088779777705630183 -0.00058688622174483702 -0.00069280590868119637 0.025833558152881284 -0.0024247901293077191 -0.010093712026958818 -0.016929849366336725 -0.018834353315544877 0.025956823924307003 -0.010615752576806824 0.0087739758218024905 0.0040873351906300518 -0.01029562724587095 -0.01832149844204866 0.0056503124631342369 -0.004062282320026451 0.01796503326433007 -0.014276174421906424 -0.012534441548658473 -0.0075417537788682485 -0.019417857950449684 0.010518676564685799 -0.003204412040717748 0.019199009073735129 -0.00026494675126896062 0.02779462164944357 0.016069138004997343
leaf_weight=7.7180462554097167 25.111520633101463 17.517381750047207 15.961182117462156 48.281045839190483 14.84542568027973 124.75793550908566 37.25521782040596 221.99878280609846 28.681805521249771 9.488113731145857 366.24568296223879 243.6098879352212 21.849182292819023 8.4131218492984754 18.945614323019981 23.846322499215603 9.3564487099647504 46.897211492061615 58.332433935254812 147.59928289800882 14.487329877912996 9.9386537075042742 45.20667377859354 22.772322319447994 22.149081632494926 22.547740638256073 6.7073634117841747 22.764833211898804 22.078088849782944 44.819475680589676 15.196239486336706 9.8304050564765948 17.203885525465012 11.519246459007261 10.367951989173887 93.995668463408947 24.90514724701643 12.96843747794628 29.436151936650276 40.548581182956696 10.219782114028929 33.9159294962883 54.366386659443378 23.301494389772415 161.20324942469597 34.745340332388878 19.21503572165966 440.43293333053589 18.187344595789909 88.93440654873848 44.42776944488287 55.33376882225275 43.455543145537376 53.552695974707603 3.9491914808750144 9.4541307985782606 21.612411096692085 55.64991694688797 13.585055097937582 13.920756831765173
leaf_count=36 114 160 79 258 98 637 180 1175 149 78 2822 1821 99 39 92 129 50 226 732 738 84 57 216 122 112 150 33 142 102 224 71 43 85 53 48 498 126 64 148 208 58 157 328 118 813 170 91 2111 91 405 278 280 208 270 32 72 98 260 59 61
internal_value=0.000289333 -0.00121853 0.00315184 0.00538332 -0.00057759 -0.00224356 0.00489864 -0.00422965 0.00267217 -0.00518107 -0.00654991 -0.00879759 0.00813029 -0.00169113 0.00965446 0.0113367 0.00137232 0.00474388 -0.0111155 0.015457 0.0157748 0.00523683 0.00101096 0.0105435 -0.00241485 0.00441809 0.00149023 -0.00588033 0.00391368 0.00131084 0.00452822 0.000255432 0.0188484 -0.0112732 0.021217 0.00363676 0.0146053 -0.00112553 0.00508724 -0.00354875 0.0108025 0.0184215 -0.00115516 -0.000470477 0.00167214 0.00505518 0.00344342 0.00442908 0.0108785 0.0142167 -0.0096434 -0.00600172 0.00425701 -0.0148338 -0.0193137 0.0174255 0.000852713 0.00567597 0.0144111 0.00456927
internal_weight=3195.62 2094.15 1101.47 753.812 1969.66 1302.72 282.517 1020.21 666.934 960.243 831.854 609.856 272.293 347.654 257.447 238.501 234.893 181.109 124.496 169.448 89.9109 41.6299 69.053 59.9626 62.2142 44.6968 37.1902 29.4722 663.901 266.62 641.823 258.207 27.1425 81.0331 47.6232 128.389 34.3933 394.642 109.842 284.8 80.4056 46.8844 244.251 33.5213 189.885 626.627 494.393 475.178 132.233 107.122 53.7842 100.153 158.054 69.5139 62.2816 56.3513 120.718 77.2623 37.3362 23.7512
internal_count=18258 12945 5313 3639 11759 8344 1491 6853 3415 6520 5818 4643 1372 1674 1274 1182 1263 935 1186 837 484 226 345 333 422 262 211 175 3155 1272 3053 1233 142 402 228 702 204 2043 545 1498 397 221 1290 176 962 2982 2372 2281 610 496 328 504 729 349 764 298 566 358 163 104
is_linear=0
shrinkage=0.0226245


Tree=81
num_leaves=61
num_cat=0
split_feature=30 7 7 31 16 1 24 35 35 39 5 30 37 37 34 44 1 23 37 30 34 27 25 37 14 44 6 6 36 37 30 21 24 31 34 41 27 0 9 24 35 25 24 37 27 37 15 37 22 27 21 23 31 29 15 45 24 35 30 5
split_gain=25.814 25.1429 19.2812 23.4455 22.6291 21.4838 20.7503 32.3462 19.8787 18.5958 18.1716 17.2707 17.6276 17.1379 16.8062 16.7424 15.5708 28.754 26.8673 14.6043 14.3461 14.5891 13.4411 17.2758 13.4185 14.8732 13.0857 11.8573 11.7438 11.6318 11.3445 10.9434 14.3664 15.0394 12.0233 12.8499 11.297 10.8791 10.6946 10.5141 12.7189 10.3676 10.3108 9.82386 18.3773 19.2979 17.0717 21.0128 9.46935 9.11892 9.06623 14.8226 11.1597 9.54918 8.95372 11.5174 8.54395 8.38686 8.0807 7.72102
threshold=0.024395000000000003 89.941301839299186 10.123639052196511 0.014485000000000003 1.0668000000000002 -0.28015588081816062 -0.033984999999999994 3.5000000000000004 30.500000000000004 0.20425000000000001 11.732307434082033 -0.0068099999999999992 -0.098049999999999984 -0.23454999999999995 64.500000000000014 0.14645000000000002 0.022350274017647751 54.285000000000004 0.4431500000000001 0.014930000000000001 233.50000000000003 0.010845000000000002 0.42120000000000007 -0.34609999999999991 1.1968500000000002 0.067845840000000004 0.031466089749272605 0.041532150186705759 0.77505000000000013 0.90055000000000007 -0.079024999999999998 18.540000000000003 -0.32215999999999995 0.049035000000000002 12.500000000000002 0.89853806205811881 0.011905000000000002 0.15102075500000003 2.5000000000000004 -0.0041399999999999987 17.500000000000004 1.3594000000000002 0.036805000000000011 -0.5281499999999999 -0.0062849999999999989 -0.16999999999999996 -0.98344999999999994 0.48635000000000006 4.7204000000000006 -0.012529999999999998 14.24 57.475000000000001 0.092320000000000013 0.024955000000000001 1.0239500000000004 1.9819000000000002 -0.059524999999999995 19.500000000000004 0.04493500000000001 16.279755592346195
decision_type=2 2 2 2 2 2 2 2 2 2 2 2 2 2 2 2 2 2 2 2 2 2 2 2 2 2 2 2 2 2 2 2 2 2 2 2 2 2 2 2 2 2 2 2 2 2 2 2 2 2 2 2 2 2 2 2 2 2 2 2
left_child=1 2 19 5 16 10 7 9 -9 -7 20 12 -8 26 56 24 17 18 -5 37 21 -4 38 -24 25 48 -3 -28 -17 -13 -12 34 -33 57 -26 -36 -37 -1 -18 40 -29 -32 -15 -30 45 -45 47 -46 50 -19 51 -2 -52 -54 55 -27 -6 -34 -53 -35
right_child=15 13 3 4 14 6 11 8 -10 -11 30 29 -14 42 -16 28 22 49 -20 -21 -22 -23 23 -25 31 54 27 39 43 -31 41 32 33 59 35 36 -38 -39 -40 -41 -42 -43 -44 44 46 -47 -48 -49 -50 -51 52 58 53 -55 -56 -57 -58 -59 -60 -61
leaf_value=0.0031565574068638941 -0.01384197322279861 -0.014199474158035902 -0.0062960097158353771 -0.0010085143859537003 0.015877014456624743 0.0045156274210990414 -0.0080447072291715757 -0.0035387569208155394 0.020672943304870375 0.02448362553697183 -0.0035451576291369168 -0.010487555771021426 0.003294467844182821 -0.021628582342901825 -0.015429156341601472 -0.0063319030823703448 0.020326272711271083 -0.00013967425955120657 0.017654599963824066 0.0054729276617246359 0.021599637100927837 0.0059097159285190319 0.0091210677512542464 -0.0063998393024869158 0.0099337952382628682 0.0039681493120302469 0.022506159983261553 0.021701020371521364 0.021186863834274865 0.013143905685717256 0.03230800747805046 -0.011902603498886168 0.027221936020168005 0.0049943332281139428 -0.0089714368724119302 -0.011076216707624716 0.011801823417415614 -0.021254147985705029 -0.0028294398416503943 -0.020686029735722946 -0.012077972736626046 0.0039451257942175093 0.010370576159769071 0.014218010378758238 -0.019039101922662491 -0.019639232473722897 0.022499595511535658 0.016567253651125491 0.020439590759390117 0.026246090173538177 0.007883501498314684 0.021997403490544017 -0.004998243359530515 0.0057420139665767056 0.0089271121389326337 -0.022591348317719979 -0.0089850322009575791 0.003900971853603657 -0.00020532402474167505 -0.015733800166097898
leaf_weight=10.631013862788675 32.28361502289772 24.94119681417942 96.896510936319828 120.6446880698204 15.785590291023256 76.378847204148769 125.39583159983158 424.827069029212 15.234554052352903 33.055436812341213 9.1534210592508298 291.82845126837492 152.40110270678997 57.319129154086113 45.929972141981125 18.647521123290062 26.55292409658432 7.5985232740640631 55.59184955060482 18.326439462602139 13.942597329616545 97.826911181211472 50.477154694497585 114.99447897821665 24.279261037707329 11.470139890909193 11.484380118548868 9.6610243469476718 40.214673772454262 8.6879460141062719 20.369322240352634 18.911205932497978 21.529928162693977 33.456045061349869 166.37839885056019 13.800215572118757 30.702157571911812 47.464000724256039 14.650978699326513 7.955134920775893 7.9299596250057212 10.455051973462103 3.9561942368745795 11.738986641168596 12.86307702958584 18.653601661324501 42.904251761734486 15.488745287060736 16.66684328019619 52.179070636630058 315.68361216783524 8.9456500411033613 78.43808901309967 85.610269874334335 9.4614337384700757 21.843793615698814 9.0196686387062055 13.292549580335615 28.628581285476685 9.4229099452495557
leaf_count=95 158 207 597 717 73 416 712 2490 86 165 42 2213 828 732 236 86 134 36 265 98 76 571 258 679 118 53 65 50 236 47 99 87 97 151 809 70 139 379 93 40 60 50 32 54 69 101 221 90 74 259 1491 43 378 384 43 116 45 62 139 44
internal_value=0.000284562 -0.00119263 -0.000563632 -0.000104839 0.00400783 -0.00164408 -0.00297148 0.000179682 -0.00257103 0.0110223 0.00434169 -0.00595162 -0.0018541 -0.0109847 -0.00765701 0.00308306 0.00590932 0.00984434 0.00506855 -0.0114917 0.00156262 -0.000167212 0.00134184 -0.00158979 0.00191541 0.00390317 -0.00237942 0.00603361 0.00977192 -0.00968555 0.0177629 -0.00173569 0.0045848 0.00888081 -0.00435657 -0.00611404 0.00446419 -0.0168492 0.0124471 -0.00290749 0.00691804 0.0238518 -0.0191881 0.011973 0.00784233 -0.00646272 0.013958 0.000145575 0.00488447 0.0230404 0.00430818 -0.0032023 0.0054145 0.000609008 -0.00857357 -0.0138602 0.00684226 0.0193019 0.00627512 -0.000267144
internal_weight=3190.86 2089.55 1966.3 1889.88 513.425 1376.45 1127.81 549.496 440.062 109.434 248.644 578.313 277.797 123.247 70.7352 1101.32 442.69 236.014 176.237 76.4215 208.666 194.723 206.676 165.472 940.805 609.032 61.9717 37.0305 160.511 300.516 39.9778 331.773 96.6126 77.7014 235.16 210.881 44.5024 58.095 41.2039 25.5461 17.591 30.8244 61.2753 141.863 101.649 30.3926 71.2561 28.3518 566.257 59.7776 549.59 69.8578 479.732 164.048 42.7754 33.3139 24.8053 34.8225 37.5742 42.879
internal_count=18258 12945 11759 11187 2795 8392 6957 3157 2576 581 1435 3800 1540 1186 354 5313 2441 1277 982 572 1244 1168 1164 937 4456 2879 422 215 857 2260 191 1577 441 354 1136 1018 209 474 227 150 110 149 764 771 535 155 380 159 2667 295 2593 340 2253 762 212 169 118 159 182 195
is_linear=0
shrinkage=0.0226245


Tree=82
num_leaves=61
num_cat=0
split_feature=27 37 28 7 13 8 35 1 0 5 37 37 13 13 30 35 13 24 37 0 21 35 22 37 2 3 24 37 28 7 13 5 28 22 21 35 0 13 35 22 13 24 29 1 15 16 25 25 21 7 34 0 3 15 0 7 16 16 13 1
split_gain=24.9758 51.8408 82.772 38.3555 26.3569 26.4875 26.2763 25.0326 22.7316 22.1486 21.8541 21.5822 20.8591 20.043 19.9087 28.8594 19.0869 20.3411 18.5412 19.6177 18.4896 17.6169 16.1449 15.9887 15.674 20.2294 15.665 30.7524 40.3619 32.9801 28.4686 15.1251 17.7714 13.5373 13.5341 16.2962 13.2571 13.1149 12.7455 12.5652 14.4864 12.4234 15.0813 13.4394 12.3598 12.0876 11.718 11.2825 12.2523 11.8809 9.4312 9.1807 8.95633 9.33194 8.90086 8.62567 8.52656 7.92697 7.89519 9.40809
threshold=0.017295000000000001 -0.5018999999999999 0.016530000000000003 88.558573142757709 0.10544500000000001 1.0000000180025095e-35 3.5000000000000004 0.15670084003253262 0.21345378500000003 4.1768746376037607 -0.54059999999999986 -0.31264999999999993 -0.096204999999999999 0.62691000000000019 0.0089400000000000018 26.500000000000004 -0.24623999999999999 0.26477000000000006 0.074700000000000016 0.39675834500000001 13.395000000000001 21.500000000000004 1.5245000000000002 -0.18364999999999998 0.57374075200162167 0.52912823217819061 -0.15169499999999997 0.47330000000000005 0.0091350000000000025 21.17837622700328 0.18901000000000004 22.888230323791507 0.0097050000000000018 10.529150000000003 19.045000000000005 3.5000000000000004 0.30609987500000008 0.083375000000000019 3.5000000000000004 4.2122000000000011 0.26038500000000003 -0.25045999999999996 0.00024500000000000005 -0.23390446217454197 -0.97914999999999985 -0.99974999999999992 0.55985000000000007 2.5004500000000003 13.760000000000002 37.186733796092007 137.50000000000003 1.5306693000000002 2.5510817748001693 1.0521500000000004 0.91765859500000013 43.754397520322819 0.99945000000000006 -0.99974999999999992 -0.97262999999999988 -0.029845117518179046
decision_type=2 2 2 2 2 2 2 2 2 2 2 2 2 2 2 2 2 2 2 2 2 2 2 2 2 2 2 2 2 2 2 2 2 2 2 2 2 2 2 2 2 2 2 2 2 2 2 2 2 2 2 2 2 2 2 2 2 2 2 2
left_child=1 2 12 4 5 8 24 31 22 16 36 37 -1 55 15 -10 45 -18 -11 -20 -16 -15 57 -24 41 -26 33 28 29 -28 -29 32 -8 38 35 -31 -2 -5 -12 47 -41 43 -43 -6 -30 -7 -36 48 -14 -50 -32 58 -35 -54 -13 -9 -33 -3 -38 -60
right_child=10 3 -4 11 6 9 7 13 14 18 26 54 39 21 20 -17 17 -19 19 -21 -22 -23 23 -25 25 -27 27 30 44 34 50 56 -34 52 46 -37 51 -39 -40 40 -42 42 -44 -45 -46 -47 -48 -49 49 -51 -52 -53 53 -55 -56 -57 -58 -59 59 -61
leaf_value=-0.018309531905477863 0.0060881414586796438 -0.0047571573667894041 0.029125061961055007 -0.01641559019518667 0.021934025854589985 0.01464389153989791 -0.0090907994836333505 0.0025631379819460488 -0.0028781777170079552 -0.011323011038955492 0.0090333430369727609 -0.02276272622160885 -0.011735749281716647 -0.0071444984819844454 0.032743596838269086 0.027380095105068412 -0.016805517122612267 0.0046699261629379726 0.013571088214739796 -0.0051370738665624388 0.0063437613470378896 0.011073354066640491 0.0057194037480016212 -0.014354252580797899 0.019857325149174987 -0.010867605553848745 -0.019856212414253165 0.025196375824128859 0.0046725714649577896 -0.014065403014474415 -0.0015445377492798529 0.0024325031181627894 0.0047406091367060907 0.02238035736102971 -0.0038566883377450759 0.0030681932925319512 0.0098267626116567783 0.014356914780367481 -0.015286935172664447 -0.015683017599274294 0.013097579478475825 0.028534429831639157 0.009611113344597539 -0.0032850085297649349 0.032493322270807597 -0.010022027422302916 0.015035592337846642 -0.0097937299905285491 -0.0039595655317265889 0.013994273995038638 0.019357133694755679 0.010543841374233255 -0.0150821971906538 0.010187604172945387 0.0055692660538471678 -0.014216912056610876 -0.013591182452651621 0.019771235978978598 -0.016047367446876622 -0.0036364093761874707
leaf_weight=22.599916718900204 59.632978215813637 10.688003651797773 68.501298911869526 8.5617078915238398 11.254893735051153 18.451398976147175 50.663768507540226 16.93701034784317 248.48599097132683 63.948695003986359 12.397848233580588 75.677566595375538 11.364994034171103 60.115796357393265 13.730895586311815 14.351708918809889 210.83585771173239 24.007565870881081 51.31213204562664 58.567499846220016 87.634636737406254 44.890276446938515 23.072673581540585 110.78078729659319 12.136818468570707 38.008390255272388 31.057954639196396 76.993738442659378 12.687590733170508 30.460594356060028 42.603482618927956 25.477174669504166 433.99443124979734 10.757970005273817 20.456252381205559 189.15437342971563 9.4026043564081174 15.879239417612551 42.926062703132629 28.142211727797985 10.074377387762068 32.044253818690777 69.983525343239307 43.630012586712837 27.449822932481766 16.683209054172039 70.661406494677067 16.964566998183727 21.746453016996384 100.14394861459732 11.857229709625242 12.567431330680845 9.9220929741859454 15.080817833542822 5.02436289936304 125.86211271584034 43.923204988241196 11.945641145110129 58.257491610944271 68.544205747544765
leaf_count=183 283 57 371 73 49 104 321 114 1567 369 57 934 59 293 73 81 1621 118 294 310 501 215 178 884 55 189 202 395 58 154 193 124 2224 49 97 918 42 85 208 167 49 167 345 201 115 93 338 83 121 486 52 54 47 67 26 782 222 66 286 323
internal_value=0.000148583 -0.00103074 0.00806661 -0.00226372 -0.00154274 -0.00421128 0.00101305 -0.000849628 -0.000739457 -0.00825338 0.00356127 -0.0153921 0.000929732 -0.0067839 0.00236245 -0.000945897 -0.0122762 -0.01458 -0.00190669 0.00372332 0.0107292 0.000731684 -0.00787063 -0.0108463 0.00813891 -0.0027536 0.00573256 0.00726103 0.00395142 0.00133992 0.0165846 0.00182594 0.00324937 -0.00284061 0.00362211 0.000539776 -0.00272869 0.00298059 -0.00965872 0.00347913 -0.00770818 0.0116067 0.0161773 0.00272563 0.0246045 0.00306003 0.010806 0.00641713 0.00864519 0.0107735 0.00375287 -0.00631154 0.00764065 -0.000364296 -0.0208671 -0.0122153 -0.00784678 0.00896176 -0.00805373 -0.00956926
internal_weight=3170.97 2358.1 279.538 2078.56 1973.42 964.497 1008.92 801.864 520.69 443.806 812.872 105.143 211.036 247.805 364.203 262.838 269.978 234.843 173.828 109.88 101.366 105.006 156.487 133.853 207.058 50.1452 604.467 513.382 381.928 341.791 131.454 554.059 484.658 91.0848 310.733 219.615 208.405 24.4409 55.3239 188.437 38.2166 156.913 102.028 54.8849 40.1374 35.1346 91.1177 150.22 133.255 121.89 54.4607 148.772 35.7609 25.0029 80.7019 142.799 69.4004 22.6336 136.204 126.802
internal_count=18192 14254 1519 12735 11617 6316 5301 4295 3407 2909 3938 1118 1148 1404 2222 1648 1936 1739 973 604 574 508 1185 1062 1006 244 2950 2522 1882 1709 640 2891 2545 428 1507 1072 988 158 265 965 216 762 512 250 173 197 435 749 666 607 245 705 163 114 960 896 346 123 651 609
is_linear=0
shrinkage=0.0226245


Tree=83
num_leaves=61
num_cat=0
split_feature=27 37 28 12 6 13 37 13 12 37 28 23 13 13 37 37 15 15 23 23 31 1 1 16 35 21 15 21 23 5 5 13 23 0 22 21 35 0 2 35 22 13 15 5 25 25 41 44 25 22 14 23 2 37 6 33 25 44 14 23
split_gain=23.9394 49.65 80.3747 36.2253 22.9957 26.3214 20.9286 20.1775 14.977 29.7143 38.7375 31.8348 27.6178 14.4564 23.6537 20.1194 31.0122 20.6854 16.035 14.4176 14.24 16.5811 18.2186 13.9397 13.7202 19.4228 20.4361 16.7078 16.3327 14.0481 17.5528 15.516 16.0311 13.0969 13.0182 12.8962 15.6877 12.6942 12.3701 12.3096 12.0068 13.9982 11.8585 11.7216 11.6505 11.8701 11.3574 11.1767 11.1476 10.9813 13.2798 10.6089 10.1691 14.7006 12.9389 11.9972 10.0978 9.97543 9.77635 9.62639
threshold=0.017295000000000001 -0.5018999999999999 0.016530000000000003 -0.12493999999999998 0.053020603438576008 -0.28144499999999995 -0.54059999999999986 -0.096204999999999999 -0.15169499999999997 0.47330000000000005 0.0091350000000000025 -20.159999999999997 0.18901000000000004 0.15419500000000003 -0.077449999999999977 0.27720000000000006 -0.98344999999999994 1.0352500000000002 57.725000000000001 66.665000000000006 0.043075000000000009 0.17808104848993836 -0.065373516910381943 -0.95834999999999992 3.5000000000000004 18.425000000000004 1.0060500000000003 21.885000000000002 51.650000000000006 -3.8009862899780269 6.1494305133819589 0.062320000000000007 42.250000000000007 0.084754037000000018 10.529150000000003 19.045000000000005 3.5000000000000004 0.30609987500000008 0.19388435816614133 3.5000000000000004 4.2122000000000011 0.26038500000000003 -0.97914999999999985 -12.087692260742186 0.75635000000000008 2.2530500000000004 0.72382486305297811 0.23495000000000002 0.55985000000000007 0.94720000000000015 0.56205000000000016 63.775000000000013 0.091153470185728266 -0.22139999999999996 0.21593715548382098 -0.015649999999999994 0.18230000000000005 0.026130980000000005 0.45255000000000006 77.425000000000026
decision_type=2 2 2 2 2 2 2 2 2 2 2 2 2 2 2 2 2 2 2 2 2 2 2 2 2 2 2 2 2 2 2 2 2 2 2 2 2 2 2 2 2 2 2 2 2 2 2 2 2 2 2 2 2 2 2 2 2 2 2 2
left_child=1 2 7 24 5 23 37 -1 34 10 11 35 -11 15 18 17 -17 -7 -15 20 21 22 -6 -5 25 26 -3 44 -28 38 31 32 -31 46 39 36 -10 -2 43 -8 47 -42 -12 -26 -27 -46 -32 58 -37 -22 -51 -35 59 55 -55 -54 -23 -40 -9 -21
right_child=6 3 -4 4 19 13 8 40 9 12 42 -13 -14 14 -16 16 -18 -19 -20 52 49 56 -24 -25 29 27 28 -29 -30 30 33 -33 -34 51 -36 48 -38 -39 57 -41 41 -43 -44 -45 45 -47 -48 -49 -50 50 -52 -53 53 54 -56 -57 -58 -59 -60 -61
leaf_value=-0.018135133561451501 0.0059445090040889529 0.023533303729809194 0.028795615949505395 0.004218616170490708 -0.015702289314899347 -0.013630152986452336 0.0088464045113308652 0.018537731026669214 -0.013853046613884076 0.024835262597220825 0.0045817447066242734 -0.019624368866005416 0.0036864007509205955 0.028131834335172107 -0.0082063163751299132 0.0026745581484871358 -0.015070324192964838 0.021099724111716071 -0.00096427950006800357 0.025817988323109328 0.029397623982390118 0.011123281530181287 0.012314598270280386 -0.016410947170504418 0.015978424830442556 -0.015557603710129762 -0.017859131861797946 0.017332989217477654 0.012001403904273743 0.0033954631984651879 0.027416767754858899 0.0064714270163412331 -0.02068455327249143 -0.0080124050386690491 0.0074846307750132202 -0.0037850600190515106 0.002996318438049888 -0.0061848676542612061 -0.020642123883576436 -0.01504942230960935 -0.015462495740622424 0.012815027522055204 0.031820032907462784 -0.0093208387922674614 0.0078543966901407098 -0.01718913617063849 -0.0043922598001026308 0.019270982779299183 0.014639641893535869 -0.01312171060517733 0.0098249378283695558 0.004570298389041696 -0.009013013562078568 -0.015449388623734447 0.00076662033119543488 0.021155724664497097 -0.013089044357126952 0.005095308002054085 0.00072074921395424453 -0.0058557888087216476
leaf_weight=22.331902854144573 59.760490365326405 49.753243699669838 67.759039610624313 137.19605946540833 12.574542306363581 385.1976878978312 12.434119477868078 15.563662514090536 30.274290196597576 76.394892349839211 12.703524574637411 30.751582376658916 54.487147927284241 16.423590444028378 72.775676596909761 129.90670857951045 78.773053094744682 6.5041376128792754 19.093137450516224 7.1224826797842962 9.8153593391180021 8.1110419631004316 51.08538868278265 16.179993003606796 13.736475110054014 28.847573593258858 11.991387277841566 19.167215466499329 22.467463791370392 33.248634085059166 9.4588304460048693 287.61530791968107 20.909467324614525 163.04719479382038 35.822305038571358 20.42687314003706 189.37639908492565 148.381114192307 38.043020233511925 42.665661722421646 27.941341683268547 10.126722127199171 27.457555487751961 18.667505636811256 37.993940472602844 9.8337886333465558 9.455050051212309 24.923456028103828 71.004865095019341 12.547657221555708 85.374007530510426 41.19483508169651 9.6421188563108462 80.440892904996872 35.716668233275414 12.752115964889525 55.413975037634373 8.2628296092152578 109.90692511200905 7.943000465631485
leaf_count=183 283 231 371 715 101 3536 57 70 154 395 58 202 245 82 472 850 594 31 120 41 46 41 258 88 70 140 60 89 102 185 46 1410 132 811 163 97 918 705 197 208 167 49 115 96 175 46 47 114 338 62 410 201 49 545 169 71 307 45 565 64
internal_value=0.000148197 -0.00100816 0.00791121 -0.00221528 -0.00463768 -0.00669153 0.00349076 0.000899032 0.00561662 0.00711136 0.00386388 0.00130522 0.016301 -0.00852452 -0.000888219 -0.00989103 -0.00413827 -0.012903 0.0135955 -6.50374e-05 0.00344497 -0.00168305 0.00633847 0.00177882 0.00146593 0.00693324 0.0146659 -9.16578e-05 0.00103168 -8.76957e-05 0.00117414 0.00438216 -0.00647869 -0.00373227 -0.0027742 0.00353594 0.000524077 -0.00266857 -0.00886498 -0.00948457 0.00339458 -0.00756629 0.024091 0.00183425 -0.00491931 0.00201845 0.0130419 0.00625948 0.0105335 0.00938444 0.00659237 -0.00544611 -0.00539728 -0.00735163 -0.0105657 0.00862086 -0.00964765 -0.0160199 0.0032988 0.0108649
internal_weight=3164.78 2352.84 278.553 2074.28 1250.59 862.05 811.941 210.794 603.799 512.877 381.995 341.834 130.882 708.674 108.292 600.382 208.68 391.702 35.5167 388.539 234.922 127.185 63.6599 153.376 823.694 180.055 84.2121 95.8425 34.4589 643.639 564.929 341.773 54.1581 223.156 90.9221 311.082 219.651 208.142 78.7098 55.0998 188.462 38.0681 40.1611 32.404 76.6753 47.8277 18.9139 150.394 91.4317 107.737 97.9217 204.242 153.617 138.552 116.158 22.3942 63.525 46.3058 125.471 15.0655
internal_count=18192 14254 1519 12735 8652 6488 3938 1148 2950 2522 1882 1709 640 5685 674 5011 1444 3567 202 2164 1225 707 359 803 4083 843 393 450 162 3240 2832 1727 317 1105 428 1507 1072 988 408 265 965 216 173 166 361 221 93 749 435 518 472 1012 939 834 714 120 348 242 635 105
is_linear=0
shrinkage=0.0226245


Tree=84
num_leaves=61
num_cat=0
split_feature=43 8 8 30 5 23 44 30 37 13 8 33 30 35 37 28 1 37 27 35 8 37 37 29 29 29 31 1 45 27 8 28 23 16 15 37 27 37 21 8 27 25 35 6 4 12 27 31 27 37 28 35 25 6 35 16 43 29 33 15
split_gain=25.8707 20.326 22.7949 39.366 33.0816 38.6945 25.1075 19.3588 19.1569 18.8811 18.7347 18.1803 15.9364 15.9427 14.6109 17.2694 14.4057 13.7523 13.6843 13.6815 13.4586 13.0054 12.8464 15.962 14.4873 12.7945 12.4838 12.1914 12.1571 13.7739 11.9007 15.0766 25.0553 22.5109 20.3379 17.4326 17.1823 15.9481 15.7087 15.36 13.9159 12.6967 11.8329 11.4831 11.183 10.6891 10.4624 10.4102 12.2283 10.4046 12.0722 10.3881 10.3331 9.90067 9.72449 8.83155 8.42349 7.93104 11.5256 11.1906
threshold=0.65706549493097377 0.017014503000000004 0.00031074882000000004 0.0086600000000000028 1.2463694810867312 71.635000000000005 0.17279452000000003 0.0043200000000000001 -0.5018999999999999 0.41389500000000007 0.0077059268500000002 -0.15399999999999997 -0.11663499999999997 26.500000000000004 0.37025000000000002 0.0086250000000000025 0.14932376460983257 -0.58029999999999993 0.072065000000000018 12.500000000000002 -0.0018394887499999996 -0.61954999999999993 0.53815000000000013 0.024650000000000002 0.016635 -0.0045349999999999991 -0.062629999999999977 -0.19679264695244206 1.9679000000000002 0.011710000000000002 0.051865607500000008 0.018825000000000005 58.070000000000007 -0.94364999999999988 1.0076500000000002 0.48065000000000008 -0.010519999999999998 -0.32039999999999996 14.905000000000003 0.028278559500000005 0.016695000000000005 0.80705000000000016 10.500000000000002 -0.045791963722620094 2.5000000000000004 0.11504500000000002 0.015715000000000003 0.19322500000000001 -0.011314999999999999 0.8267500000000001 0.077050000000000021 10.500000000000002 0.067250000000000018 -0.011096949328184698 19.500000000000004 1.0108500000000002 0.42659061867083647 0.016635 0.1484 1.0475500000000004
decision_type=2 2 2 2 2 2 2 2 2 2 2 2 2 2 2 2 2 2 2 2 2 2 2 2 2 2 2 2 2 2 2 2 2 2 2 2 2 2 2 2 2 2 2 2 2 2 2 2 2 2 2 2 2 2 2 2 2 2 2 2
left_child=1 2 3 6 5 14 12 9 21 10 28 51 19 16 15 -5 -14 -2 30 -1 -15 -9 23 43 42 -16 -8 -13 29 -4 31 33 39 37 -34 -36 41 38 -3 54 -39 -35 -24 -10 -6 -21 47 48 -19 57 55 -12 -46 -41 -33 -51 -38 -32 59 -59
right_child=17 18 7 4 44 -7 26 8 22 -11 11 27 13 20 25 -17 -18 46 -20 45 -22 -23 24 -25 -26 -27 -28 -29 -30 -31 49 32 34 36 35 -37 56 40 -40 53 -42 -43 -44 -45 52 -47 -48 -49 -50 50 -52 -53 -54 -55 -56 -57 -58 58 -60 -61
leaf_value=0.017908668457677968 0.019986277134234367 0.012376933204170711 0.01990946530973747 -0.00702090443681794 0.012299861590279662 0.027401713390306406 0.0071351754811973178 -0.0040018312645043195 -0.0020007949274387345 0.020445636028529165 0.0062506798488852228 0.026055399218149072 -0.0014138090360010832 0.0030244864437296531 -0.0010687078520772201 0.0091868117471564405 -0.010241224300398375 0.0052905692375682708 0.01905893444285902 -0.0069789830265588656 0.032480535878738725 0.01830146742452134 -0.0078179103010800992 0.007378807836977975 -0.017666569824875009 0.017520910140383626 -0.017022886520362292 0.0054089621208911398 -0.010806858955839389 -0.0091915496128925338 -0.0079815556382126368 0.016337848150772716 -0.0063027052784975354 0.024472876756520816 0.025441999913982889 0.009074125324720593 -0.010671866302375176 0.0013395273262349441 -0.0091109162576790415 -0.011744021144452752 0.01590134463115226 -3.8721065620612545e-05 0.011451551076939947 -0.015445474304178525 0.015620411762786611 0.014766717871411305 0.0071188634064344239 0.014505663259144617 -0.01690253117977748 0.0016293833438616762 0.0076924586007873609 -0.01797255214139247 -0.010496135036724802 0.0025276647326615003 -0.0013857197370263695 -0.015384494336448883 -0.0011014343146245802 -0.0063939514185187198 0.0099548799788539716 0.006101220127830897
leaf_weight=36.790662840008736 5.0431611016392699 22.772849418222904 13.585872888565065 64.466417081654072 13.756259173154829 52.441921032965183 11.11241330206394 32.083490751683712 39.187707163393497 18.482484742999077 13.526274703443049 18.646714635193348 513.3106394559145 28.205520406365395 25.174665048718452 64.403012953698635 113.49518318474293 12.992142811417578 21.680498272180557 33.534117549657822 8.5577817484736425 19.128214091062546 24.93059016764164 18.502890706062317 18.775019198656082 70.021860331296921 74.397703781723976 52.652028672397137 104.44706224650145 14.325525306165217 39.411848992109299 36.615517839789391 21.71113982796669 13.513807311654089 60.952868342399597 80.632689952850342 114.10271077603102 54.163763232529163 51.590529099106789 48.524678632616997 88.088557675480843 31.722318015992641 37.139166601002216 219.42266777157784 6.0416934490203849 14.064061373472212 12.679555803537367 4.4431516230106345 109.00233770534396 19.973820596933365 19.387051984667778 18.919231057167053 75.810380846261978 46.569499209523201 25.752806141972542 61.081933006644249 79.994294941425323 81.795712798833847 71.524931669235229 61.893843412399292
leaf_count=160 32 107 79 393 69 277 58 172 235 90 72 95 3013 147 119 326 699 87 90 153 54 105 139 84 95 370 734 303 810 79 192 172 106 62 299 382 574 286 251 231 430 156 203 1592 28 61 57 22 1126 96 85 110 448 217 124 296 424 370 321 278
internal_value=-0.000466862 -1.60313e-05 -0.00147265 0.000382845 0.00647284 0.010412 -0.00234912 -0.00482985 -0.0078603 7.42487e-05 -0.00174859 0.00536659 -0.000997445 -0.00218435 0.00613697 0.00110278 -0.00305189 -0.0097337 0.0023424 0.0080985 0.0117505 0.00486172 -0.00970479 -0.0120001 -0.00169443 0.0127183 -0.0137526 0.011614 -0.00732111 0.00551263 0.0019744 0.00353888 0.00727377 0.000882081 0.0134016 0.0164889 -0.00387938 0.00612472 -0.00231342 0.000791716 0.010494 0.00831452 0.00370831 -0.0134529 -0.00489059 -7.56709e-05 -0.0111963 -0.0131512 -0.0144712 -0.0014488 -0.00750527 -0.00818888 -0.00810095 -0.00488654 0.0092824 -0.0112802 -0.00680167 0.000997751 0.00272619 -0.000997466
internal_weight=3166.96 3022.8 1869.34 1205.58 372.116 276.508 833.468 663.755 409.17 254.585 236.103 103.744 747.958 663.569 224.066 128.869 626.806 144.16 1153.46 84.3888 36.7633 51.2117 357.958 277.113 80.8448 95.1965 85.5101 71.2987 132.358 27.9114 1131.78 776.708 320.759 455.949 163.297 141.586 239.333 216.616 74.3634 157.463 142.252 45.2361 62.0698 258.61 95.6083 47.5982 139.117 126.438 121.994 355.069 100.443 32.4455 81.8521 95.0942 62.3683 81.0558 194.097 254.626 215.214 143.69
internal_count=18245 16921 11372 7109 2030 1485 5079 4263 2625 1638 1548 580 4287 3913 1208 719 3712 1324 5549 374 201 277 2348 1911 437 489 792 398 968 158 5459 3821 1531 2290 787 681 1216 1074 358 744 716 218 342 1827 545 214 1292 1235 1213 1638 477 182 476 448 296 392 998 1161 969 648
is_linear=0
shrinkage=0.0226245


Tree=85
num_leaves=60
num_cat=0
split_feature=43 2 35 29 8 37 37 28 16 23 37 27 28 39 13 28 29 37 22 31 8 23 45 39 36 28 43 27 21 31 41 13 31 28 21 37 14 31 43 35 34 34 31 21 39 14 39 39 8 21 27 6 8 22 45 37 21 7 30
split_gain=24.8824 19.7607 21.7545 17.6584 14.0158 13.11 12.986 44.1472 21.2876 20.6735 17.6942 34.4007 26.5112 22.1955 20.4875 17.8839 14.625 11.2246 11.9506 12.5436 11.2166 11.0116 11.994 10.7187 14.9337 15.8659 15.8041 10.2231 10.2519 11.2492 9.76495 9.74193 24.4267 12.4351 9.63955 9.509 16.4095 9.26411 8.39788 8.03734 6.86681 9.96496 6.70772 6.62434 6.48638 12.9574 5.83688 5.75731 5.51906 5.44368 5.41179 5.26165 4.79933 4.42624 2.81102 1.74205 1.57453 0.652409 0.616181
threshold=0.65706549493097377 0.97767108830163696 19.500000000000004 0.019635000000000003 -0.020487397499999997 -0.56724999999999992 -0.51034999999999986 0.012085000000000002 1.0143500000000001 80.675000000000026 0.45735000000000003 0.012865000000000001 -0.0067849999999999985 0.14775000000000002 -0.18269499999999997 -0.038594999999999997 -0.0067749999999999989 0.92170000000000007 1.0986000000000002 -0.080814999999999984 0.015329063000000002 72.975000000000009 1.9551000000000003 0.029350000000000005 0.43930000000000008 0.016530000000000003 0.31502055434379017 0.015715000000000003 21.280000000000005 0.19322500000000001 0.023345997911340417 0.13631500000000005 -0.0039249999999999988 0.084100000000000022 17.48 -0.28354999999999991 1.0000500000000001 0.043075000000000009 0.25555490835905392 2.5000000000000004 110.50000000000001 36.500000000000007 0.052585000000000007 21.075000000000006 0.52880000000000005 2.2444500000000005 0.13615000000000002 0.073850000000000013 -0.031933157999999996 19.605000000000004 -0.00081499999999999986 0.053020603438576008 0.024350226000000006 2.9797000000000007 2.0139 -0.19164999999999996 16.260000000000002 52.9098901686611 0.098705000000000015
decision_type=2 2 2 2 2 2 2 2 2 2 2 2 2 2 2 2 2 2 2 2 2 2 2 2 2 2 2 2 2 2 2 2 2 2 2 2 2 2 2 2 2 2 2 2 2 2 2 2 2 2 2 2 2 2 2 2 2 2 2
left_child=1 3 4 6 -3 -2 7 21 40 10 12 15 13 -8 -14 -12 -13 18 19 -5 -10 22 38 34 26 -26 -25 28 29 39 -24 32 -19 44 42 36 -11 57 -1 47 41 -9 -20 46 45 -33 -6 -7 -41 -36 -37 -50 -22 -4 -39 -48 -42 -21 -46
right_child=5 2 53 17 43 27 9 8 20 35 11 16 14 -15 -16 -17 -18 31 23 37 52 -23 30 24 25 -27 -28 -29 -30 -31 -32 33 -34 -35 49 50 -38 54 -40 48 56 -43 -44 -45 58 -47 55 -49 51 -51 -52 -53 -54 -55 -56 -57 -58 -59 -60
leaf_value=0.0071198106080654702 0.017969098369669909 -0.0019055012627832656 -0.015076497081594269 0.013279275642752138 0.037911741918635576 0.014107627259241941 -0.0029996030786961386 -0.0057210281430149137 0.030846214895468679 0.017108151280771096 0.0075504932395401179 -0.010304435289982278 0.0075767821125301803 -0.015155613494907065 -0.0025970137043397805 -0.004288855419130125 0.014491984968943029 -0.012103819855584858 0.027118984017429407 -0.022842686755999913 -0.003764321446605259 0.014971599909716726 -0.01561690477323089 0.0042541775853033705 0.00081312373397495288 0.018126128259036516 -0.0044526138708918051 0.0069778670954703751 0.011509465305504243 0.014254188249047004 -0.001839489988774915 -0.010034476904963769 0.025073352969843459 0.010706530905278904 -0.010220016753848399 -0.022739830996475686 -0.019514142485420133 -0.0069792013559270344 -0.0080864529658118862 0.003865684898155761 -0.00013454366256063856 0.02318199706749766 0.0040345738386380571 0.0062942047720001993 -0.022712902414977337 0.0073028575153915153 0.021253788897834924 -0.012014167388791505 -0.022635785911099059 0.01099872864995218 0.0011784310259535624 -0.0096524300144534871 0.017035432238179719 0.0038667530329966494 0.0080590837115149354 0.0057529979194045101 -0.013102182013244675 -0.0098721423425856183 -0.0098306286778055002
leaf_weight=52.108764454722404 5.8698900789022437 14.450307235121725 13.165199823677542 10.903448849916456 15.753343209624289 5.9104452878236753 160.07561772316694 9.6103518307209033 37.239218607544899 9.8244373649358767 81.347223609685898 11.553830981254576 114.41254697740078 148.31234553083777 742.68845995515585 288.80035471916199 112.32937304675579 14.489403739571573 22.638053953647614 16.493472456932071 8.8404276371002215 13.000977553427218 57.541537739336491 383.24796572327614 46.619221583008766 62.753734812140465 144.82085476815701 12.701294794678686 6.1478317752480498 4.4699653536081305 48.205522172152996 74.952770836651325 16.537838488817215 18.864959329366684 9.127223417162897 39.348960172384977 9.4549970999360067 9.8309797197580355 25.303173325955868 4.6977887004613867 8.1218504905700701 10.354547858238218 10.149897277355192 11.72096463292837 11.559411182999613 28.396971866488457 10.353633262217041 5.6173320040106773 68.450134582817554 9.8804492205381376 5.1560824885964385 29.117560084909201 9.5774051547050458 8.8011752665042859 9.8506724834442121 9.1991682574152982 9.0203919559717161 10.252164989709852 11.090657532215117
leaf_count=255 38 64 70 49 68 38 1072 48 197 45 360 51 630 1115 4755 1590 573 73 102 81 43 73 344 1750 222 283 694 57 60 22 266 370 76 80 44 383 56 45 132 24 41 48 46 59 56 133 51 58 781 44 35 246 61 48 44 46 47 50 53
internal_value=-0.0004526 -1.14961e-05 0.0106568 -0.000325031 0.017352 -0.0095787 -0.00151282 0.00290567 0.0155156 -0.00225725 -0.00175768 0.00182312 -0.00327627 -0.0089323 -0.00121801 -0.00164854 0.011997 0.00226261 0.00347226 -0.00623509 0.0240169 -0.00319635 -0.0046987 0.00430241 0.00345941 0.0109578 0.00185511 -0.011105 -0.0130677 -0.0145897 -0.00955264 -0.00284477 0.00816019 -0.00531547 0.0139452 -0.0146147 -0.00105457 -0.0113282 0.00203711 -0.0160481 0.00194952 0.0103056 0.0208795 0.023037 -0.00790081 -0.00520158 0.0276976 0.00152177 -0.0180161 0.000805409 -0.0200659 -0.0191507 0.00789565 -0.00791959 0.00061543 0.0156426 -0.00786502 -0.0193198 -0.018233
internal_weight=3161.11 3018.13 83.4438 2934.69 61.4774 142.982 2012.23 288.924 92.7642 1723.3 1659.52 494.031 1165.49 308.388 857.101 370.148 123.883 922.46 746.568 57.3307 55.6571 196.16 183.159 689.237 637.442 109.373 528.069 137.112 124.411 118.263 105.747 175.892 31.0272 144.865 51.7956 63.7845 19.2794 46.4273 77.4119 113.793 37.1071 19.9649 32.788 47.0271 126 103.35 35.3061 11.5278 102.265 19.0077 44.505 97.5677 18.4178 21.9664 19.6817 19.5528 17.1422 26.7456 22.6501
internal_count=18245 16921 406 16515 288 1324 12220 1555 485 10665 10146 2574 7572 2187 5385 1950 624 4295 3454 269 301 1070 997 3185 2949 505 2444 1286 1229 1169 610 841 149 692 236 519 101 220 387 1147 184 96 148 224 612 503 165 96 1051 88 418 1027 104 118 89 97 88 131 109
is_linear=0
shrinkage=0.0226245


Tree=86
num_leaves=61
num_cat=0
split_feature=27 28 37 23 28 8 3 28 37 35 35 37 30 8 9 14 1 31 34 15 8 30 35 44 9 21 18 18 2 9 1 8 14 35 45 43 1 23 22 27 39 15 35 37 5 37 35 35 41 12 13 39 34 37 27 28 34 21 5 1
split_gain=24.5292 35.5117 63.0649 23.5862 22.5213 22.8358 20.8543 20.7561 20.671 17.2396 15.8376 14.371 14.3507 14.0916 15.0344 13.5189 13.2943 16.9145 14.5738 13.0198 12.4529 25.5112 27.6158 16.5395 21.5167 19.885 15.4573 15.1314 15.8345 12.0506 11.5802 11.488 15.4847 14.7676 14.6912 11.2858 16.6115 12.1028 11.2677 11.1989 13.7934 11.1319 10.1684 12.0772 9.90912 11.9001 11.4311 18.2017 9.84514 9.52135 13.1839 9.43656 9.17679 9.79568 9.04998 14.6049 13.9872 9.04506 9.8784 9.03147
threshold=0.016695000000000005 0.013855000000000001 -0.51034999999999986 77.425000000000026 0.016155000000000006 0.015329063000000002 0.58610516136342172 -0.038594999999999997 -0.5018999999999999 29.500000000000004 3.5000000000000004 0.30745000000000006 0.10441500000000002 0.022521436000000002 4.5000000000000009 0.47305000000000003 0.15670084003253262 0.19322500000000001 3.5000000000000004 1.0639000000000003 0.00031074882000000004 0.0083050000000000016 26.500000000000004 0.12490000000000001 1.5000000000000002 20.460000000000004 -1.03345 1.0301500000000001 0.11478351733224292 2.5000000000000004 0.27657304301021396 0.022521436000000002 0.56205000000000016 3.5000000000000004 1.9395000000000002 0.40124484350617468 0.044295833853986208 -25.814999999999994 6.5245000000000006 0.072065000000000018 0.30700000000000005 -0.94384999999999986 19.500000000000004 -0.22139999999999996 13.173339843750002 -0.79274999999999984 7.5000000000000009 5.5000000000000009 0.033209809830400311 0.11270000000000001 0.045900000000000003 0.030350000000000005 44.500000000000007 -0.13654999999999998 0.037510000000000009 0.049325000000000008 159.50000000000003 15.905000000000003 1.0142211914062502 0.041877488077727502
decision_type=2 2 2 2 2 2 2 2 2 2 2 2 2 2 2 2 2 2 2 2 2 2 2 2 2 2 2 2 2 2 2 2 2 2 2 2 2 2 2 2 2 2 2 2 2 2 2 2 2 2 2 2 2 2 2 2 2 2 2 2
left_child=1 6 4 9 5 -3 13 -8 39 10 11 15 31 14 49 -4 17 -12 -18 -13 21 22 29 25 -25 -23 -22 38 -29 -9 -11 33 48 59 -35 37 -37 -36 -28 40 41 44 43 -5 46 -46 47 -2 -33 50 -1 -51 -16 -54 55 56 -34 -15 -59 -10
right_child=8 2 3 42 -6 -7 7 20 12 30 16 19 -14 57 52 -17 18 -19 -20 -21 26 23 -24 24 -26 -27 27 28 -30 -31 -32 32 54 34 35 36 -38 -39 -40 -41 -42 -43 -44 -45 45 -47 -48 -49 -50 51 -52 -53 53 -55 -56 -57 -58 58 -60 -61
leaf_value=-0.016833700200276646 -0.0098689891749622963 0.020045152750232061 -0.010943770421443627 0.014125891332064251 0.026480392135972562 -0.016831347772669675 0.0054094600016089938 -0.0047933155309676711 -0.00027366500001439065 0.0294332982583538 0.00043388631195043475 0.0040720705231722942 -0.0047892547486945852 0.023268337615149747 0.022869051814335215 0.016776609541165943 0.0090852739633583736 0.021934335229384896 -0.0088792448439729346 -0.018661387412577866 0.015390453955952269 -0.011392251123148657 0.020874005274795292 -0.005813515831490694 0.017354446897101708 0.01949882217326521 -0.012210686246645829 0.019855644792925672 -0.0062365733708174501 -0.014198736578148276 -0.00069686477051000156 0.0090675143413460439 0.019431875366234481 -0.012009046630751818 0.014070270012242161 -0.0074574615684019647 0.022209580017085274 0.0016755557623361547 0.0077648322407925813 0.013107575955657966 -0.018123186692962923 0.011551890429207831 -0.019484096097278296 -0.0098283486169694432 -0.0053128998201475821 0.016322172409472421 -0.012391197750943042 0.022274962879941362 -0.0160557103735878 0.020095238959013318 -0.00085112420198570125 -0.0017251711537624944 -0.009163326722322087 0.012113441027734081 0.02368557460605427 -0.0046346128521867385 0.0036056060735464111 0.015524024452154716 -0.011043013290966856 -0.020402230894487953
leaf_weight=41.735610611736774 19.159819394350052 14.911640241742136 8.2010070830583555 11.883485585451124 67.280399926006794 13.768897712230681 89.569256938993931 180.9983245395124 38.859336107969284 15.843526795506479 516.71519257128239 128.24386501312256 53.151347294449806 21.435515731573105 15.729666627943514 73.735866636037827 25.099471263587475 16.546947330236435 141.19580303132534 11.432498559355734 10.561421625316141 47.145680271089077 14.541028957813976 28.155513018369675 62.609842803329229 10.779909841716288 320.43368985876441 14.285326614975927 36.040033280849457 115.72137668728828 9.8198953196406347 12.603760212659838 80.412797421216965 17.492071986198425 140.63936861604452 42.560385532677174 9.3832973092794401 57.274039417505264 13.256628148257731 20.212589278817177 25.630620911717415 26.807349041104317 34.850728761404753 37.750877186655998 26.033546149730682 21.207821547985077 70.691918954253197 12.458292797207834 13.924617797136305 11.552671961486338 65.554890334606171 32.749630473554134 16.422546908259392 23.437765188515186 36.291758745908737 24.721794351935387 45.886800572276115 12.063892081379892 10.983855992555617 13.308385670185087
leaf_count=312 100 68 38 61 375 63 403 1589 214 75 2604 613 239 106 92 350 122 76 765 54 67 311 100 200 376 58 2490 74 206 948 51 59 383 88 686 211 41 333 81 85 125 117 219 247 122 99 350 58 65 57 376 177 100 150 159 117 212 58 54 68
internal_value=0.000612575 -0.000569717 0.00230827 0.000651778 0.019571 0.00242128 -0.00328191 -0.00482161 0.00399867 0.00168492 0.00114451 0.00637321 0.00621669 0.00248325 -6.13434e-05 0.0137235 -0.000531307 0.00121579 -0.00605879 0.00187042 -0.00590864 -0.00334647 -0.00700838 0.00430657 0.0102101 -0.00498936 -0.0088492 -0.00962595 0.00184652 -0.00856314 0.0190013 0.00733341 0.0113747 0.00455089 0.00669484 0.00812675 -0.00120931 0.0105592 -0.0113572 -0.00186049 -0.00352225 -0.00114201 -0.0105991 -0.00363102 -0.00359348 0.00478087 -0.0074855 0.00360179 -0.00440139 -0.00375912 -0.00734706 0.00484772 0.00970948 0.00332035 0.013642 0.0108286 0.0138914 0.013615 0.00304319 -0.00621081
internal_weight=3131.76 2323.04 1127.28 1031.32 95.9609 28.6805 1195.76 944.098 808.712 946.834 921.171 221.613 586.51 251.666 207.183 81.9369 699.557 533.262 166.295 139.676 854.529 459.952 311.261 148.691 90.7654 57.9256 394.577 384.016 50.3254 296.72 25.6634 533.358 213.842 319.517 267.349 249.857 51.9437 197.913 333.69 222.202 201.989 176.359 84.4851 49.6344 149.551 47.2414 102.31 31.6181 26.5284 151.593 107.291 44.3023 55.59 39.8603 187.313 151.021 126.3 44.4833 23.0477 52.1677
internal_count=18097 14166 5781 5275 506 131 8385 6903 3931 4748 4622 1055 2875 1482 1264 388 3567 2680 887 667 6500 3582 2637 945 576 369 2918 2851 280 2537 126 2636 995 1641 1359 1271 252 1019 2571 1056 971 846 527 308 729 221 508 158 124 922 688 234 342 250 871 712 595 218 112 282
is_linear=0
shrinkage=0.0226245


Tree=87
num_leaves=61
num_cat=0
split_feature=27 37 7 26 27 8 37 37 7 1 35 35 12 6 12 1 37 16 3 15 31 23 6 2 16 2 2 34 5 44 27 3 27 39 15 12 16 37 37 35 2 27 43 43 15 27 41 6 5 37 35 35 15 45 3 16 35 2 31 43
split_gain=23.4176 29.4161 38.8067 37.0805 31.3385 24.8617 20.1731 19.7104 19.0589 17.0686 16.6579 23.6907 34.5908 25.7505 17.3268 21.4025 15.9124 18.7649 21.9461 16.4096 16.2244 14.792 13.3482 17.9719 13.1795 12.9512 12.3257 12.3243 11.9484 11.6674 11.5658 11.4421 10.737 13.3567 10.6506 10.3472 9.9433 9.61301 32.9544 27.8214 25.6874 19.2659 12.4324 10.352 9.54741 10.5249 10.364 16.1577 9.51625 11.3731 11.0348 17.4547 9.26146 8.77079 8.63602 8.48924 8.32151 8.16666 8.1353 7.98074
threshold=0.016695000000000005 -0.55539999999999989 88.558573142757709 0.61325000000000007 -0.010364999999999997 0.014055103000000001 -0.32039999999999996 -0.5018999999999999 31.27044576581422 0.27657304301021396 15.500000000000002 21.500000000000004 0.07269500000000001 0.12098446161385647 -0.20808999999999997 -0.03878080122975424 0.20275000000000001 1.0005500000000003 0.91961544983087651 -0.99714999999999987 0.032010000000000004 19.105 0.029245977506996104 0.46653491436100142 -0.98964999999999992 0.94468224622502339 0.26491106719367596 210.50000000000003 2.3321971893310551 0.11725000000000001 -0.016554999999999997 0.29232794209222063 0.072065000000000018 0.30700000000000005 -0.94384999999999986 -0.031599999999999996 1.0143500000000001 0.92170000000000007 0.48635000000000006 3.5000000000000004 0.42692188124528135 0.026680000000000006 0.35756546199583022 0.18315310523817055 0.95445000000000013 0.06571500000000001 -0.96384669378711973 0.026350812653575053 13.173339843750002 -0.79274999999999984 7.5000000000000009 5.5000000000000009 -0.97584999999999988 1.8951000000000002 0.66503637564290596 1.0573500000000002 9.5000000000000018 0.43490542864161141 -0.0033849999999999996 0.33978390571826678
decision_type=2 2 2 2 2 2 2 2 2 2 2 2 2 2 2 2 2 2 2 2 2 2 2 2 2 2 2 2 2 2 2 2 2 2 2 2 2 2 2 2 2 2 2 2 2 2 2 2 2 2 2 2 2 2 2 2 2 2 2 2
left_child=1 3 8 27 -5 36 22 32 16 10 14 12 -12 -13 15 -10 17 -3 -19 24 21 -21 -4 -24 -18 -16 29 -1 30 -11 -28 52 33 34 48 -31 56 38 39 42 43 -42 53 -41 -39 46 47 -46 50 -50 51 -2 -9 -33 -51 -40 -6 -26 -48 -52
right_child=7 2 6 4 5 -7 -8 31 9 26 11 13 -14 -15 25 -17 19 18 -20 20 -22 -23 23 -25 57 -27 28 -29 -30 35 -32 37 -34 -35 -36 -37 -38 44 55 40 41 -43 -44 -45 45 -47 58 -49 49 54 59 -53 -54 -55 -56 -57 -58 -59 -60 -61
leaf_value=0.0018625107872369589 -0.0097129701452116305 -0.018030362486452584 -0.0173364790850952 0.028419748795791004 -0.0084126363155397725 -0.010488875534022411 -0.020732184097931414 0.0043532412904547313 0.005131308392333246 -0.017001867129648813 -0.010516406034989286 -2.1779212761964269e-05 0.010790613300960603 0.020047609142873641 -9.1331775825804421e-05 0.02380397719924535 -0.0064471309563403035 0.034561010886443706 -0.017037860159334513 -0.023098817538027842 0.018547472893143131 0.0031296474729967136 0.025591463870659494 -0.0079270041314331817 0.032418189501506225 0.015524227493192405 -0.013438010226105889 -0.015792587056181129 -0.0078771428483462424 0.019084969285753754 0.0084445211882722346 0.0065875865942888927 0.012821619995071375 -0.017865074720418692 0.011285158734528058 -0.010412016989571986 0.029770188796130487 0.01833799680813878 0.023748881819549598 0.0072094623485497592 -0.0047261304813426335 0.010814467213837135 0.011710292784556188 0.021132400501322184 0.024534092299437274 0.017399728095367144 -0.017085565428947982 -0.010721170140708785 -0.0052136132716527235 -0.00099642822406128162 -0.016404245128025838 0.021735130021587425 -0.018981539686102875 -0.016985963172997796 0.026520530318440434 0.0004924330883477342 0.018545345251189452 0.0045125257588251024 -0.0020200350929864726 0.00089223369874425016
leaf_weight=93.274908304214478 19.074582017958164 78.956195361912251 13.86425334215164 52.714768558740616 9.7847972959280032 27.898651428520679 74.866485167294741 16.453115195035938 259.35785070061684 63.134611815214157 224.04862620681524 406.85362114012241 44.639479629695415 32.693815976381302 535.25584214925766 33.398395046591759 12.645835332572458 5.8284207880496961 5.6846797466278076 27.521542221307755 6.9771719351410857 16.270770058035851 12.203781701624395 15.691728338599203 10.906470760703089 25.746756926178932 12.446576803922651 22.79315110296011 76.802518635988235 7.9061747491359737 64.14114435762167 8.2305632233619672 20.259849235415459 25.456457167863846 26.887556627392769 11.173434063792227 14.354514904320238 12.302886322140692 71.671753220260143 48.862629860639572 89.162495464086533 70.678481101989746 10.623286008834837 74.598012417554855 12.600232362747194 11.691748052835463 23.699599072337151 9.4210514128208143 25.984756082296371 9.2288656234741229 52.60742911696434 12.54963691532612 13.746768072247503 41.832374855875969 12.099575892090796 9.1439277678728086 8.2908616885542852 10.56254383176565 62.255227074027061 17.728019937872887
leaf_count=499 100 705 117 315 58 135 922 79 1232 388 1398 2390 254 155 3304 155 94 40 58 197 40 106 63 84 53 134 62 126 404 57 362 38 85 125 117 90 67 58 375 230 476 317 54 353 58 48 120 44 122 44 261 58 66 229 55 41 46 56 289 89
internal_value=0.000603389 -0.000553769 -0.00140058 0.00709062 0.0161432 0.00460653 -0.0139192 0.00391071 -0.000641278 5.83314e-05 0.000917521 -0.00164415 -0.00689924 0.00159229 0.00304093 0.00747362 -0.00769776 -0.0141438 0.0107779 -0.000587825 -0.00856255 -0.0137636 -0.001153 0.00776324 0.0110216 0.000701282 -0.00557988 -0.00190421 -0.00171376 -0.0124896 0.00452858 0.00607395 -0.00181663 -0.00344816 -0.00110982 0.00271403 0.0173883 0.00681557 0.00846369 0.00531343 0.00828551 0.00221566 -0.00830677 0.0159133 0.00144263 -0.000686135 -0.00304742 0.00995751 -0.00351457 0.00467987 -0.00734137 0.00354225 -0.00699915 -0.0129621 0.0159166 0.0212255 0.00480466 0.0208551 -0.00659502 -0.0121816
internal_weight=3127.54 2318.69 2089.58 229.112 113.044 60.3288 116.626 808.851 1972.95 1797.6 1561.99 708.236 268.688 439.547 853.759 292.756 175.354 90.4693 11.5131 84.8843 50.7695 43.7923 41.7598 27.8955 34.1148 561.003 235.604 116.068 153.39 82.2142 76.5877 586.974 221.877 201.617 176.16 19.0796 32.4302 556.774 424.804 343.988 283.302 159.841 60.6862 123.461 131.971 119.668 107.976 22.0213 149.273 47.3132 101.96 31.6242 30.1999 50.0629 21.3284 80.8157 18.0757 21.469 85.9548 70.3354
internal_count=18097 14166 12920 1246 621 306 1186 3931 11734 10385 9022 4197 1652 2545 4825 1387 1349 803 98 546 343 303 264 147 203 3438 1363 625 828 535 424 2875 1056 971 846 147 171 2730 2113 1697 1376 793 321 583 617 559 511 102 729 221 508 158 145 267 99 416 104 109 409 350
is_linear=0
shrinkage=0.0226245


Tree=88
num_leaves=61
num_cat=0
split_feature=8 25 37 15 23 5 37 28 22 39 8 37 15 45 27 6 0 30 0 13 31 21 22 37 0 12 30 28 37 22 28 31 8 21 21 36 27 27 36 37 43 37 27 5 27 3 14 12 12 31 5 37 41 33 37 39 5 21 41 5
split_gain=34.4995 19.0564 22.4991 47.7341 37.4112 24.0434 22.3656 35.3632 27.7923 19.2387 17.8653 17.7373 17.345 15.6082 24.021 15.5129 14.0893 12.4847 11.9358 14.5592 11.5946 11.4891 11.401 11.2946 11.2029 11.0439 13.639 17.8692 10.246 10.3816 11.2335 9.43279 10.9917 9.14233 11.5128 8.77989 17.5063 21.5427 14.4461 11.5982 15.7709 11.3336 10.5209 9.62913 9.42508 8.16019 14.1213 10.7992 10.0881 9.19792 8.73477 8.14452 8.12945 8.01575 9.16453 7.29312 7.16588 6.99502 6.24018 6.15013
threshold=0.017208934000000002 2.0848500000000003 -0.32834999999999998 0.9940500000000001 67.335000000000022 -0.38576792180538172 0.38785000000000008 0.023305000000000003 1.5503000000000002 0.092450000000000018 -0.0073913336499999991 -0.23454999999999995 -0.99464999999999992 1.9669000000000003 0.027830000000000004 -0.071169241824161247 1.1192722500000001 0.018535000000000006 0.10622210250000001 0.22127500000000003 0.077220000000000025 17.180000000000003 3.9998000000000005 -0.15079999999999996 1.7886195000000003 -0.47718499999999991 0.048445000000000009 0.038800000000000008 0.018950000000000005 2.1932000000000005 0.016155000000000006 -0.014924999999999999 0.010599434500000003 12.850000000000003 20.820000000000004 0.80005000000000015 0.016955000000000001 -0.010519999999999998 0.50325000000000009 0.070200000000000012 0.27212780264436992 -0.30564999999999992 -0.0071149999999999989 7.650393009185791 0.0089650000000000025 0.86890999088331322 0.56695000000000007 0.39552000000000004 -0.44325499999999995 0.19322500000000001 9.9619250297546404 -0.73504999999999987 0.065444061682776222 -0.79994999999999994 0.67965000000000009 0.098750000000000018 1.9525554180145264 17.765000000000004 0.20258561591499419 -52.599962234497063
decision_type=2 2 2 2 2 2 2 2 2 2 2 2 2 2 2 2 2 2 2 2 2 2 2 2 2 2 2 2 2 2 2 2 2 2 2 2 2 2 2 2 2 2 2 2 2 2 2 2 2 2 2 2 2 2 2 2 2 2 2 2
left_child=1 2 3 13 6 33 7 8 23 53 16 22 -12 55 56 -10 -11 31 19 -13 52 58 -6 -4 25 26 -2 -28 59 30 -30 -7 -33 -5 -35 38 37 41 45 40 43 -37 -39 -38 -44 46 50 -48 -47 -50 -27 -23 -9 -8 -55 57 -15 -1 -16 -3
right_child=24 28 4 5 11 17 9 20 15 10 12 18 -14 14 21 -17 -18 -19 -20 -21 -22 51 -24 -25 -26 35 27 -29 29 -31 -32 32 -34 34 -36 36 39 42 -40 -41 -42 -43 44 -45 -46 48 47 -49 49 -51 -52 -53 -54 54 -56 -57 -58 -59 -60 -61
leaf_value=0.018751147142757038 -0.016209005135370269 0.0065867903888255069 -0.0048890389538391978 -0.0022798735889199102 -0.0085861880823462165 0.016766022201061208 0.011632567330022717 0.0065019561495528828 0.0016049376195440639 -0.0024193485747740057 0.019088443238178852 -0.014075349797851036 0.0049637114044420666 -0.018427806766193103 -0.01320603139900804 -0.0084584927938947535 0.019568871729167176 0.019623144257731203 -0.019450902543483424 0.018142163560764528 -0.0085874135866574833 -0.0008275980476334004 0.021519521706824401 0.0088684479263274937 0.017097739480250534 0.0040073561494773941 0.024091749605167585 -0.013380549288437332 0.019701805885521777 -0.0061013514534084545 -0.0087483343954012256 0.0018277072950588348 -0.020467347229341501 0.026714958713238812 0.0030568927803971543 0.027314086484879579 -0.017513201788930184 -0.014281935820831005 -0.010670041354921771 0.02452505032232246 0.023253405488840927 0.00048408454392650493 0.0092534124284047829 0.0093986418661474273 -0.0067091733137500924 0.020180272404179779 0.010091227889031672 -0.0085035028781448724 -0.00029890955202700633 0.010653635187262896 -0.0079498111636960092 0.025360764526680738 0.022174106282120694 -0.0097480755136915703 0.0023284305341793542 -0.00041194821237912902 -0.0041037251785885085 -0.00049060401896182425 0.0069147155899716966 -0.013977818751633212
leaf_weight=24.227739542722702 28.733047038316727 6.4061592370271674 42.343337692320347 7.2914517223834983 11.16672568768263 8.4568798989057523 13.783448085188864 38.887566819787025 93.631167143583298 118.80501659214497 77.657595604658127 15.372785560786726 105.85907147824764 58.227033197879791 15.172953553497793 454.30058197677135 14.108235031366346 15.462236866354941 95.097005281597376 8.9536028280854207 11.431820079684256 9.209103539586069 9.3507169485092145 94.222301326692104 28.86809179186821 87.589175403118134 10.77552190423012 9.8600036948919279 15.997304126620294 99.414995133876801 9.2546426951885206 30.661247178912163 14.670502580702303 71.352337241172791 13.208967864513395 20.242619395256042 11.914822220802309 25.376949571073055 35.671508997678757 40.101141661405563 13.493798807263373 12.530438661575316 38.370804250240326 10.079054877161978 32.242741823196411 11.302070260047911 243.87271301448345 14.958930462598799 394.0432275608182 40.680306166410446 44.896171420812607 14.025865405797957 32.790805697441101 79.448237165808678 51.245729707181454 58.718855336308479 28.117736205458641 14.804931759834288 11.569106265902517 94.330412451177835
leaf_count=118 144 31 221 38 99 42 68 185 531 568 446 176 601 459 76 3716 62 72 915 59 53 44 64 498 130 421 48 46 80 534 50 199 99 379 80 121 59 135 175 211 59 60 207 44 178 51 1145 69 1879 183 213 65 147 460 254 301 186 72 57 558
internal_value=0.00070308 -0.00110319 -0.000306503 0.00442928 -0.00168055 0.0137917 -0.000405391 -0.00276736 -0.00446929 0.003521 0.00662545 -0.0126399 0.0111443 -0.00210419 -0.00698987 -0.00673943 0.00028168 0.0034976 -0.0159273 -0.00154927 0.0109286 0.00530493 0.00609777 0.00458985 0.00380706 0.00342362 -0.00677306 0.00674285 -0.00725389 -0.00280902 0.00944735 -0.00190268 -0.00618233 0.021209 0.0232428 0.00390776 0.00810542 0.00289951 0.00290165 0.0165397 0.00634782 0.0179273 -0.00260557 -0.00552122 0.00198749 0.00351457 0.00588783 0.00893443 0.00140787 0.000789635 -0.00012789 0.0160384 0.0142536 -0.00327482 -0.00506489 0.00471427 -0.0140475 0.0119224 -0.00467594 -0.0125226
internal_weight=3144.64 1989.04 1763.63 395.177 1368.46 161.104 1228.51 767.608 684.497 460.907 316.43 139.941 183.517 234.073 136.322 547.932 132.913 69.2509 119.423 24.3264 83.1102 49.977 20.5174 136.566 1155.6 1126.74 49.3686 20.6355 225.404 124.667 25.2519 53.7886 45.3317 91.8528 84.5613 1077.37 204.352 128.764 873.014 75.5888 35.4877 32.7731 95.9905 21.9939 70.6135 837.343 391.317 258.832 446.026 434.724 132.485 23.235 71.6784 144.477 130.694 97.7515 86.3448 39.0327 26.7421 100.737
internal_count=18241 12663 11410 2287 9123 909 7810 5351 4966 2459 1677 1313 1047 1378 887 4247 630 412 1150 235 385 242 163 719 5578 5448 238 94 1253 664 130 340 298 497 459 5210 1074 701 4136 373 162 181 520 103 385 3961 1848 1214 2113 2062 634 109 332 782 714 491 645 190 133 589
is_linear=0
shrinkage=0.0226245


Tree=89
num_leaves=61
num_cat=0
split_feature=29 25 37 16 7 37 28 27 22 33 16 1 6 22 28 7 13 7 34 2 44 2 28 37 44 28 33 33 35 0 33 0 0 45 45 37 7 37 38 25 37 21 34 0 24 29 27 14 13 6 30 45 33 27 45 25 34 25 37 14
split_gain=34.4363 20.2452 20.9129 39.1874 38.7462 25.1078 39.9559 35.411 21.9064 20.99 17.7606 17.237 16.3049 15.5054 13.8784 13.5916 13.0653 20.413 14.8822 12.9964 12.6094 12.2485 11.6419 17.6803 15.2804 13.1933 12.4601 11.1862 14.2495 14.7726 13.5217 14.3514 10.5343 10.3664 10.4949 10.134 9.90332 9.18107 13.5682 9.19256 9.13719 8.80875 8.61116 9.40006 9.01997 8.51927 8.48467 12.2241 8.46711 7.9257 7.11084 10.4162 6.92734 6.71559 6.57229 9.63377 7.05022 6.33381 6.04271 5.96742
threshold=0.017395000000000004 2.3183000000000002 -0.33839999999999998 1.0136500000000004 88.558573142757709 0.44980000000000003 0.023965000000000004 0.018015000000000007 1.5729500000000003 -0.66919999999999991 1.0690500000000001 0.0078512746776358503 -0.052621646733765438 4.2432500000000006 0.016355000000000005 34.076804888942775 -0.11337999999999998 46.663570045727631 98.500000000000014 0.87756496509965531 0.052501380000000007 0.63253206420908292 0.084100000000000022 0.9789000000000001 0.10460000000000001 0.025205000000000002 1.3799000000000003 0.77990000000000015 1.5000000000000002 0.21888248000000002 1.0041000000000002 0.3506294450000001 0.91765859500000013 2.0119000000000002 2.0285000000000006 1.0013500000000002 64.740263454681624 0.5232500000000001 1.0000000180025095e-35 2.8835500000000005 -0.54059999999999986 20.280000000000005 10.500000000000002 0.46066557000000008 -0.089984999999999982 -0.018584999999999994 0.025705000000000002 0.86915000000000009 0.23000000000000001 0.055791037664930758 0.027900000000000005 2.0459000000000001 -0.041949999999999994 -0.00026499999999999994 1.9651000000000003 1.3713500000000003 162.50000000000003 1.4703500000000003 0.69580000000000009 1.3395500000000002
decision_type=2 2 2 2 2 2 2 2 2 2 2 2 2 2 2 2 2 2 2 2 2 2 2 2 2 2 2 2 2 2 2 2 2 2 2 2 2 2 2 2 2 2 2 2 2 2 2 2 2 2 2 2 2 2 2 2 2 2 2 2
left_child=1 2 3 11 5 6 8 16 14 -10 21 12 54 20 -4 -13 17 -7 -18 22 -5 -8 23 24 27 -25 50 28 29 -2 -29 -32 -6 40 -35 -9 48 38 39 -3 -17 -30 43 -21 -44 -41 -14 -48 -28 -40 -27 -52 58 -54 56 -56 -1 -45 -39 -26
right_child=19 37 4 13 32 7 10 35 9 -11 -12 15 46 -15 -16 33 18 -19 -20 42 -22 -23 -24 25 59 26 36 30 41 -31 31 -33 -34 34 -36 -37 -38 52 49 45 -42 -43 44 57 -46 -47 47 -49 -50 -51 51 -53 53 -55 55 -57 -58 -59 -60 -61
leaf_value=0.016429210978057378 -0.0045032654897236733 0.011612841687517627 0.0054595294048140983 0.0058669463088037738 -0.020571053274090107 0.025316219466303913 0.020816022670624941 0.024894829168565662 0.011313113214646831 -0.0069422697285599017 -0.0060816379528585273 -0.012137072320076504 -0.015731199509282007 -0.0039941509364928244 -0.012552297877390513 0.0042952722742250673 -0.0093866960522717129 0.0025250379296504278 0.0020359365966090477 -0.0066126448687726155 0.023125158561091028 0.0006589808052508432 0.01884432707638467 0.017346182048708532 0.0080061102909817425 -0.019994022423361044 -0.0015483577403281371 -0.019329862509214736 0.0013983671794458898 0.020092731154861605 0.011995051968091607 -0.010792875670562311 0.0054064752955891061 -0.016108643190079496 0.0072369090833120089 0.0015199035360414553 -0.0091147917454685885 -0.019526978441202342 -0.019687509102649207 0.0036017028365219416 0.019548309109351465 0.0089044971368824489 0.0033178237212066462 0.01946114058163682 0.024817259537147796 -0.020142674748903508 -0.013361517594486587 0.018428288131008112 0.020888041303338344 -0.0016832268712009171 0.010845404435584389 -0.010922597285406715 -0.0054380409685610307 0.017331177842691416 -0.0084925824145370924 0.015289768212186562 -0.0042703539460611541 0.00073253081757750104 0.0010163116126674582 0.020565030230201724
leaf_weight=21.355366468429565 15.523731917142866 15.819819219410418 148.49087020754814 33.976627215743065 62.826745938509703 22.645521111786366 56.757204592227936 43.700453147292137 31.316647432744503 672.28089960664511 23.76392525434494 16.76977626234293 65.454861581325531 18.436084173619747 22.807319633662701 39.772960625588894 82.82936392724514 98.588070325553417 180.74291957169771 20.229921922087669 71.933776155114174 21.077381558716297 20.847268864512444 10.480280235409735 63.752494469285011 29.051455445587635 15.809826210141184 21.183920726180077 456.9215307161212 46.221791490912437 26.77553416788578 24.173261761665344 7.8913436010479918 13.036246374249457 23.068680815398693 12.416848748922346 19.754214555025101 9.4671323373913783 68.967033676803112 13.810794577002524 42.549459233880043 94.555878788232803 15.411874309182165 19.7577885389328 31.90072900056839 12.778166964650156 10.828501723706724 8.4007040336728078 15.084443107247351 15.849267359822987 11.969778120517729 47.536900520324707 9.216148644685747 13.702413961291311 36.513802714645863 8.3943653777241689 11.375269547104834 16.012181095778942 17.348127961158752 30.330383852124214
leaf_count=106 73 79 787 163 859 111 263 266 164 5085 116 102 510 98 120 212 465 480 963 91 407 105 88 52 306 151 75 103 2157 210 122 114 42 85 121 58 93 52 452 66 223 424 70 87 140 65 56 43 70 90 55 230 43 65 216 43 58 71 79 141
internal_value=0.000691894 -0.000991546 -0.00030775 0.00412155 -0.00156896 -0.000736284 -0.00275782 0.0037295 -0.00432488 -0.00608673 0.0104827 -0.000368896 -0.00529639 0.0146299 0.00289271 0.00553422 0.00121745 0.00727307 -0.00161661 0.00402102 0.0178919 0.0155768 0.00317037 0.00276128 0.00412843 -0.00430089 -0.00625058 0.00292479 0.00391913 0.0139841 -0.00535345 0.00118397 -0.0175736 0.00826632 -0.00176184 0.0200509 0.00261697 -0.0082484 -0.0114087 -0.000842686 0.012575 0.00272512 0.0115434 0.00512375 0.0184087 -0.00866594 -0.0119941 0.00111998 0.0102567 -0.0164897 -0.0112446 -0.00624408 1.86125e-05 0.00859154 0.00217747 -0.00339075 0.00947248 0.0117596 -0.00743145 0.0125476
internal_weight=3140.25 2086.96 1910 421.866 1488.14 1417.42 976.494 440.923 874.896 703.598 101.599 297.52 162.323 124.346 171.298 135.197 384.806 121.234 263.572 1053.29 105.91 77.8346 949.973 929.125 779.439 149.687 139.207 685.356 613.223 61.7455 72.1327 50.9488 70.7181 118.427 36.1049 56.1173 50.6485 176.959 127.225 42.4088 82.3224 551.477 103.312 55.9999 47.3126 26.589 84.6841 19.2292 30.8943 84.8163 88.5581 59.5067 49.7338 22.9186 77.6388 44.9082 32.7306 35.77 26.8153 94.0829
internal_count=18241 13318 12327 2443 9884 8983 6640 2343 6156 5249 484 1775 1032 668 907 743 2019 591 1428 4923 570 368 4464 4376 3650 726 674 3203 2864 283 339 236 901 641 206 324 238 991 752 210 435 2581 459 249 210 131 609 99 145 542 436 285 239 108 423 259 164 158 131 447
is_linear=0
shrinkage=0.0226245


Tree=90
num_leaves=61
num_cat=0
split_feature=43 30 33 35 7 36 36 31 21 21 14 13 30 27 29 37 25 0 28 14 5 37 37 44 3 35 16 7 25 21 24 5 7 16 43 14 0 16 24 27 2 37 27 21 13 5 9 0 3 33 0 4 37 31 33 37 7 17 29 37
split_gain=23.0382 17.0944 16.0976 15.988 29.4721 19.2365 24.7302 15.9885 15.9616 16.7814 21.1265 19.1555 17.2299 16.6782 15.5366 16.5383 15.1324 18.5313 17.8712 16.9151 15.4103 18.7343 14.6348 13.9988 13.6731 13.3122 14.0086 14.9571 14.6195 12.8656 12.129 11.8622 11.7745 13.5781 12.5461 11.0461 10.8609 10.4452 11.5535 10.232 9.81197 9.62396 11.2076 9.41442 9.21675 11.0462 9.67397 9.11472 10.7641 10.9455 11 10.4124 9.32627 9.80587 8.5426 12.2518 17.8051 14.4531 11.6087 11.1868
threshold=0.6751756281075928 0.0096850000000000009 -0.19719999999999996 26.500000000000004 59.192500877517098 0.50325000000000009 0.41550000000000004 0.0041750000000000008 17.290000000000003 18.145000000000003 1.0712500000000003 0.21437000000000003 0.068745000000000014 0.018015000000000007 0.0090700000000000017 0.68895000000000006 1.5675500000000002 0.68677502000000012 0.0010350000000000001 0.89775000000000016 3.2752969264984135 -0.27154999999999996 0.58615000000000006 0.11858285000000002 0.77302353665891943 15.500000000000002 -0.91124999999999989 61.30307637257993 0.15155000000000002 17.765000000000004 -0.43203499999999995 12.330916404724125 65.967047271461439 0.9990500000000001 0.22914660624734992 1.1281500000000004 1.1386971000000001 1.1263500000000002 0.16193500000000002 -0.020089999999999997 0.89843643964277009 -0.49244999999999994 0.015715000000000003 21.280000000000005 -0.27219999999999994 1.6510894298553469 2.5000000000000004 1.5950067500000003 0.99638277992112168 -0.058649999999999994 0.64552435000000019 3.5000000000000004 -0.75134999999999985 0.073815000000000019 0.022250000000000002 0.45735000000000003 64.002649429361043 0.99875000000000014 0.0096650000000000017 0.46425000000000005
decision_type=2 2 2 2 2 2 2 2 2 2 2 2 2 2 2 2 2 2 2 2 2 2 2 2 2 2 2 2 2 2 2 2 2 2 2 2 2 2 2 2 2 2 2 2 2 2 2 2 2 2 2 2 2 2 2 2 2 2 2 2
left_child=1 3 -2 5 7 6 25 23 16 10 11 13 -12 -10 15 44 17 18 22 40 21 -20 31 35 -6 37 27 -27 -28 -13 -22 -3 33 34 -16 -5 54 38 -1 -38 -19 -4 43 -43 45 -7 -46 48 49 51 -51 -18 -50 -54 55 56 -11 -57 -56 -60
right_child=2 8 41 4 24 14 -8 -9 9 36 12 29 -14 -15 32 -17 47 19 20 -21 30 -23 -24 -25 -26 26 28 -29 -30 -31 -32 -33 -34 -35 -36 -37 39 -39 -40 -41 -42 42 -44 -45 46 -47 -48 -49 52 50 -52 -53 53 -55 58 57 -58 -59 59 -61
leaf_value=0.0039395247241087806 0.011553151805596048 -0.011768598214609887 0.0077426239568491075 -0.018572783009982163 0.045433604709120272 0.017411527274000332 0.024278946865003682 0.018154784323419056 0.041123103922383553 -0.0023671821554031988 -0.0057224437738103099 -0.010021344203524022 0.023206806725742359 0.0071985776207631625 -0.002065039099276455 0.009785672396429565 -0.014183208889625334 -0.0075556189593884663 0.016756900814149905 0.018853475062683082 0.01927502476329029 0.0026650359854771661 0.010558318397310692 0.016729287645931516 0.010876625463841738 0.0051619551136814039 0.0094856810076171961 -0.0071936153661894316 -0.010736111815941312 0.020737545993004664 -0.0032347097133541762 0.0099689925580585884 -0.018146552726429642 -0.0076890723636521743 0.022111462211495004 0.008919224929821978 -0.0021016937122254817 -0.018281544159333085 -0.0046363810951874813 0.016907943565625107 0.015993207554606724 -0.018001879047586843 0.008208933383487339 0.010157788834072439 -0.0071841733694440277 -0.011870974213284435 -0.016260345041815512 0.0077612971606361211 0.0066968528352156992 -0.0033464947131448242 0.017733590190491016 0.0061331805041977524 -0.019700091769380732 -0.0020637643832645725 -0.0068867789583726795 0.021019730665167154 0.010873175735345381 0.00072717818735473035 0.0083053101766151233 -0.0033805478520605062
leaf_weight=433.96000710874796 14.891210682690142 108.51356455683708 9.7777747474610788 30.544246762990952 9.7147697508335131 11.736633509397508 18.414018779993057 14.389460690319536 24.622850492596626 146.95362285524607 38.012127928435802 12.47818209975958 11.322647467255591 12.112718150019644 16.263359814882278 22.78261811286211 38.31008992344141 27.46380415558815 64.532854609191418 55.690834604203701 10.208440005779265 175.34624008834362 19.76550056040287 7.6436443030834189 15.680139794945715 125.72520950436592 18.517682164907455 79.318439528346062 150.68658632040024 10.013347454369066 190.99807789176702 12.307505533099173 8.2909189686179143 20.135148130357265 28.254409931600094 7.735725410282611 19.206907212734222 9.9716780483722669 95.986777275800705 49.598225511610508 10.018372491002081 87.421364609152079 8.8725220263004285 4.715349353849887 182.15439734235406 9.3235369026660901 94.688577204942703 23.680651322007179 10.25480682402849 25.7977249994874 20.651105418801308 16.830117002129555 55.077308259904385 23.381221637129784 93.978516764938831 41.953038118779659 76.909616269171238 30.331354461610317 88.379271276295185 75.302231341600418
leaf_count=2229 96 674 72 184 54 77 95 78 121 787 194 66 50 64 86 124 195 133 314 306 46 961 92 50 79 655 106 393 816 47 976 65 53 111 150 42 87 48 476 226 46 973 39 48 1834 59 949 108 51 147 100 81 292 115 505 221 409 148 414 352
internal_value=0.000449208 0.000846214 -0.00893185 -0.000972535 0.0083366 -0.00159099 0.000183265 -0.000572467 0.00243026 0.00489929 0.0130005 0.0217829 0.0018345 0.0312794 -0.00576521 -0.00789659 0.000389862 0.00205318 0.000530103 0.0112593 0.00277087 0.00661058 -0.00641431 -0.00716856 0.0273907 -0.000377139 -0.00364114 0.000348755 -0.00840077 0.0044751 -0.00183563 -0.00937292 0.00354876 0.00698899 0.013692 -0.0127807 0.00343312 0.00189266 0.00236946 0.0117306 -0.000566367 -0.0119093 -0.0139742 -0.0162953 -0.00932999 0.0045796 -0.0104246 -0.00481318 -0.00647072 -0.00135827 0.00651577 -0.00798544 -0.0120974 -0.0147047 0.00234662 0.0049485 0.00226228 0.0128604 -0.000665625 0.00296381
internal_weight=3157.6 3031.92 125.678 1411.92 85.708 1326.21 932.58 60.3131 1620 731.175 108.562 59.2271 49.3348 36.7356 393.63 320.686 888.828 674.845 581.672 93.173 441.086 239.879 140.587 45.9236 25.3949 914.166 374.248 205.044 169.204 22.4915 201.207 120.821 72.9438 64.6529 44.5178 38.28 622.613 539.918 529.947 68.8051 37.4822 110.787 101.009 92.1367 297.903 21.0602 276.843 213.983 190.302 101.589 46.4488 55.1402 88.7133 78.4585 553.808 296.148 223.863 72.2844 257.66 163.682
internal_count=18369 17141 1228 8748 487 8261 4818 354 8393 3691 542 298 244 185 3443 3043 4702 3613 3128 485 2297 1275 831 276 133 4723 1970 1048 922 113 1022 739 400 347 236 226 3149 2753 2705 313 179 1132 1060 1021 2919 136 2783 1089 981 523 247 276 458 407 2836 1565 1196 369 1271 766
is_linear=0
shrinkage=0.0226245


Tree=91
num_leaves=61
num_cat=0
split_feature=43 30 33 21 21 14 6 30 44 45 25 27 38 23 3 37 23 8 17 3 12 26 37 33 45 8 37 16 23 22 17 31 45 21 31 37 27 21 44 39 3 14 36 31 8 27 30 17 8 17 27 3 33 4 30 16 31 3 36 9
split_gain=22.1406 16.3858 15.547 15.2722 16.0982 20.1139 24.4919 16.5326 14.6813 17.4029 14.5152 16.4051 15.6504 13.9667 13.4611 14.5687 14.8087 13.2446 15.6889 14.7081 12.0665 11.7228 11.6876 10.9964 10.8558 9.58625 10.2326 28.1019 16.9551 16.4272 14.7633 11.011 9.88111 12.9954 11.5069 9.34984 10.9082 9.20636 9.12644 19.8563 32.0239 11.5856 10.8397 15.9406 12.9756 12.3971 10.1514 9.10235 16.1863 11.5266 8.84817 11.4373 10.5526 9.61225 8.81611 8.58225 11.5003 10.1744 9.00491 8.38531
threshold=0.6751756281075928 0.0096850000000000009 -0.19719999999999996 17.290000000000003 18.145000000000003 1.0712500000000003 0.079865849708705569 0.068745000000000014 0.16675000000000004 2.0459000000000001 1.5675500000000002 -0.010364999999999997 1.0000000180025095e-35 -51.17499999999999 1.0879883100171852 0.21815000000000004 27.400000000000002 0.00031074882000000004 -0.99494999999999989 0.64690117926585089 -0.059524999999999995 0.52725000000000011 -0.43754999999999994 -0.033049999999999989 1.9651000000000003 0.026679992500000003 0.43495000000000006 0.9930500000000001 72.055000000000021 1.5947000000000002 1.01285 0.012655000000000001 2.1489000000000007 19.855000000000004 0.19322500000000001 -0.49244999999999994 0.015715000000000003 21.280000000000005 0.11858285000000002 0.13055000000000003 0.7967961803742214 0.98035000000000017 0.67965000000000009 0.0071900000000000011 0.0078701375000000007 -0.0032149999999999995 -0.026534999999999996 1.0394500000000002 0.05409914200000001 -0.96164999999999989 -0.020089999999999997 0.99638277992112168 -0.058649999999999994 3.5000000000000004 0.022640000000000004 1.07535 0.075605000000000019 0.58610516136342172 0.39885000000000004 1.5000000000000002
decision_type=2 2 2 2 2 2 2 2 2 2 2 2 2 2 2 2 2 2 2 2 2 2 2 2 2 2 2 2 2 2 2 2 2 2 2 2 2 2 2 2 2 2 2 2 2 2 2 2 2 2 2 2 2 2 2 2 2 2 2 2
left_child=1 8 -2 10 5 6 24 -7 38 14 11 12 -3 -13 22 20 23 19 -19 -15 -16 -14 -10 -17 -5 26 28 31 29 -6 -30 -28 47 34 -34 -4 37 -37 42 40 -40 -41 55 44 -44 -46 -45 49 -49 -27 -12 52 53 -52 -54 56 58 -58 -1 -48
right_child=2 3 35 4 25 7 -8 -9 9 -11 50 13 21 17 15 16 -18 18 -20 -21 -22 -23 -24 -25 -26 32 27 -29 30 -31 -32 -33 33 -35 -36 36 -38 -39 39 41 -42 -43 43 46 45 -47 59 48 -50 -51 51 -53 54 -55 -56 -57 57 -59 -60 -61
leaf_value=-0.00021484778509050397 0.011283471026261947 -0.0065817711793522693 0.0075809261702561546 0.0099523356270728083 0.0092864136673191048 -0.0056127605783890637 -0.0036466780559541653 0.022684811504007415 0.0021692550273250885 0.013034413128164597 0.0076765536954828033 -0.015338555316206353 -0.0017914094442861616 -0.0077598003009318843 0.0063376351533647344 -0.00071560222986936364 -0.011296444417693589 -0.018502722353596013 0.00056243544189195978 0.011142778036157319 -0.017649811177915035 0.021993986439497348 -0.020301199466333821 0.033729032099889172 0.036350443531756191 0.013913235176708314 0.0042095244401306681 -0.0073130934644414485 0.018667908585633407 -0.0075992434103149351 -0.0062585726915945711 0.022780439530848778 -0.0063328401666003474 -0.016231202658425991 0.020662574198439171 -0.017834093231674227 0.0080599206358740825 0.009970608065530075 0.049857539867255073 -0.010431132812232279 -0.0064438761400605052 0.0091885549668357727 -0.013551759720561109 0.027201512999804507 -0.015939555119635088 0.015008626988115732 0.011179575665540762 0.026860618522704233 0.0037667745188812553 0.001115974485470721 -0.013989996909717322 -0.012000259344371499 -0.0061232017276808453 0.0057021540796349654 0.013530818609995016 -0.0099909207776045731 -0.0040068780670040735 0.021813481573731679 0.010724110838298476 -0.0078290583115396568
leaf_weight=895.70710176974535 14.970379475504158 17.076919853687286 9.8215877339243871 14.130327872931955 33.291241496801376 37.935545332729816 14.651958659291266 11.386940971016882 13.861991837620733 16.765637896955013 23.652243629097939 23.607159592211246 12.974372096359728 23.793781697750092 14.011200103908775 7.303683370351794 8.8618428036570531 20.416726522147655 421.28457329422235 108.65218330174685 30.517438229173422 46.565570704638958 61.805719032883644 10.047456972301008 30.692372046411037 52.179633423686028 29.339930281043053 44.117639936506748 31.122846648097038 163.0399350002408 17.120813094079494 39.085449501872063 14.776837125420572 18.397427499294281 12.595526173710821 86.287542082369328 8.8854419738054258 4.7491030395030966 9.316202253103258 24.671841837465763 7.9461640641093245 32.046229224652052 99.733640804886818 5.8412756621837607 7.4042432904243496 16.147900484502316 18.010162398219109 30.225120477378368 31.334291815757751 105.82851298898458 35.634129725396633 91.148374889045954 15.994453355669974 16.968383997678757 30.044850692152977 36.914795130491257 10.449425905942919 20.924449861049652 37.354166708886623 24.62968622893095
leaf_count=4649 96 79 72 69 159 194 76 50 97 96 110 147 61 130 107 56 60 124 2206 627 330 239 683 74 153 238 157 220 175 937 94 192 67 83 55 973 39 48 83 183 84 244 940 30 53 94 160 142 141 489 183 470 98 81 147 184 51 95 197 198
internal_value=0.000444825 0.000832936 -0.00878761 0.00238401 0.00479831 0.0127231 0.0212655 0.00181491 -0.000949007 -0.00726838 0.000386322 0.00201481 0.0116705 0.000726952 -0.00980083 -0.00252836 0.0101824 0.00146111 -0.00043345 0.00765363 -0.0101757 0.016968 -0.0162563 0.0211994 0.0291364 0.0033607 0.000924898 0.0064813 -0.00167777 -0.0046427 0.0099682 0.0153113 0.00659371 -0.00282427 0.00687665 -0.0117451 -0.0138046 -0.0161212 -0.000107244 0.00744557 0.0267355 0.00056203 -0.000600696 -0.00580174 -0.0100582 0.00459972 0.00497895 0.00856815 0.0158024 0.00551626 -0.00471701 -0.00635362 -0.000942647 -0.00767153 0.00674439 0.000305602 0.000728417 0.0136013 0.000254867 0.000399822
internal_weight=3154.05 3029.34 124.714 1619.07 731.252 108.797 59.4747 49.3225 1410.27 163.175 887.814 674.371 76.6169 597.754 146.409 70.7416 26.213 574.147 441.701 132.446 44.5286 59.5399 75.6677 17.3511 44.8227 622.455 357.118 112.543 244.575 196.331 48.2437 68.4254 265.337 45.7698 27.3724 109.744 99.9221 91.0366 1247.1 73.9804 17.2624 56.7181 1173.12 171.767 123.286 23.5521 48.4811 219.568 61.5594 158.008 213.442 189.79 98.6418 52.6025 46.0393 1001.35 964.435 31.3739 933.061 42.6398
internal_count=18369 17141 1228 8393 3691 542 298 244 8748 1503 4702 3613 379 3234 1407 627 190 3087 2330 757 437 300 780 130 222 3149 1934 569 1365 1096 269 349 1215 205 122 1132 1060 1021 7245 594 167 427 6651 1475 1087 147 388 1010 283 727 1089 979 509 264 245 5176 4992 146 4846 358
is_linear=0
shrinkage=0.0226245


Tree=92
num_leaves=61
num_cat=0
split_feature=30 7 37 30 5 0 44 6 37 24 27 27 37 24 37 39 9 35 37 34 21 7 15 25 27 15 24 7 25 30 8 31 27 25 15 24 30 22 9 30 8 8 9 8 27 35 7 0 5 31 25 0 37 37 44 8 44 45 37 7
split_gain=16.8731 26.3874 19.1606 16.7999 16.9773 14.6772 14.5041 13.5798 14.6891 13.2643 15.3868 12.7612 29.1865 15.7538 25.5628 23.5537 17.9949 17.7 16.199 15.6131 15.1998 17.6951 13.7706 12.5768 12.4749 18.2379 14.5944 12.004 12.5636 13.0293 12.6007 11.8688 12.9786 11.785 16.6795 12.0798 11.3907 10.5096 10.7651 9.63031 13.3613 9.53686 10.5673 10.2079 13.895 9.74095 9.49791 10.7525 18.1142 12.9685 9.57248 9.10853 8.99827 8.69075 9.07393 8.35935 11.9488 10.0973 13.1041 17.8234
threshold=0.022640000000000004 89.941301839299186 -0.58029999999999993 -0.11663499999999997 -20.922814369201657 0.91765859500000013 0.012679480000000002 0.05207784271110541 0.20275000000000001 -0.014884999999999997 -0.0062849999999999989 0.015235000000000002 -0.20394999999999999 -0.033984999999999994 -0.17709999999999995 0.042250000000000003 1.5000000000000002 30.500000000000004 0.023800000000000005 231.50000000000003 14.24 56.08676425913054 -0.94384999999999986 0.84955000000000014 0.022665000000000001 -0.98044999999999993 0.13052500000000003 61.487714158973596 0.84955000000000014 0.11319000000000003 0.08316129500000001 0.033565000000000005 0.013475000000000003 0.20815000000000003 -0.97104999999999986 -0.31652499999999995 0.0073250000000000008 1.1191500000000001 4.5000000000000009 0.015755000000000002 0.00099134445000000006 0.033153622500000007 1.0000000180025095e-35 0.011386186000000001 0.0027550000000000001 19.500000000000004 64.261674629145304 0.52383362000000011 3.6323400735855107 0.050385000000000006 1.0712500000000003 0.37712712500000006 -0.27679999999999993 0.37025000000000002 0.0012712150000000002 0.021522104500000003 0.028145165000000003 1.9643000000000002 -0.34609999999999991 61.888985410770651
decision_type=2 2 2 2 2 2 2 2 2 2 2 2 2 2 2 2 2 2 2 2 2 2 2 2 2 2 2 2 2 2 2 2 2 2 2 2 2 2 2 2 2 2 2 2 2 2 2 2 2 2 2 2 2 2 2 2 2 2 2 2
left_child=1 3 -3 4 -1 39 27 11 9 10 36 13 20 14 15 -5 19 -16 -18 -15 21 -13 -22 -11 25 -14 -26 33 29 -29 -31 53 -33 34 -2 -36 -9 -6 51 -4 -41 42 -35 44 -44 -45 -30 48 -48 -49 -51 -39 -25 -10 -55 57 -57 -8 -59 -60
right_child=6 2 5 7 37 -7 55 8 31 23 -12 12 24 16 17 -17 18 -19 -20 -21 22 -23 -24 52 26 -27 -28 28 46 30 -32 32 -34 41 35 -37 -38 38 -40 40 -42 -43 43 45 -46 -47 47 49 -50 50 -52 -53 -54 54 -56 56 -58 58 59 -61
leaf_value=-0.012607396550699309 -0.0060736551215539603 0.0083674279386461489 -0.021653854458065905 0.027998348918342669 -0.0033644059957279732 0.013629679485307246 0.017838488941234451 0.00014491280750877585 -0.021965206908112489 0.012290366236169121 0.03031281786618574 0.019250986657316137 0.0093158370592967311 -0.014544321307848683 -0.0042913443666039598 0.0032911011744663908 -0.0086842322073205202 0.02034006497847507 0.0023741984954673591 0.0029880407426657097 -0.010764238024448989 -0.011111213282674457 0.012630476277152723 0.0055649612561909636 0.019675296534404807 -0.0071493670084615572 -0.0029701978341915816 -0.011871555571286658 -0.0095340387751523432 0.011048821714617784 -0.011584640128318663 -0.0012677919838974942 0.023717230579698687 -0.0051399685487197727 -0.0023711129483598723 0.022660162584631056 0.024164217741227258 -0.0047123503887751914 0.029740111970417454 0.015934507830184873 -0.018034203466124343 -0.0021373261456081377 -0.0072665920909304686 0.0064558019183717699 0.010124464502797598 0.022029853440586538 0.030204881113187299 0.019199116715122415 0.00044607737688908127 0.015296289606846246 -0.0066499232096019151 0.01491951413870731 -0.010170706199532104 0.0036712217865399886 -0.016126547697865409 0.023985452680200105 0.007073352521536235 0.011060215476190913 0.0031532010980146394 -0.016364226551828977
leaf_weight=14.778110653162001 19.842057764530182 18.767657414078712 70.352522570639849 19.863704614341259 17.804089337587357 6.1139707788825026 15.854673236608503 34.675450064241886 16.510879099369049 39.700425073504448 20.668498277664185 21.927959986031055 87.162483237683773 153.97494281828403 465.66826814413071 158.48331013321877 118.27112767845392 12.594886332750319 151.83389749377966 30.104473806917667 126.36854451149702 13.831676766276358 11.878098741173742 31.137224443256855 58.291308887302876 53.118436567485332 18.210932016372681 101.93652184307575 28.766476348042488 29.35858678817749 17.838406473398209 41.586784608662128 11.288752064108847 43.888437166810036 11.972702890634535 42.236713767051697 11.391355127096174 15.087223097681997 17.831820711493492 8.1057777740061301 10.041041512042282 202.94320611655712 44.806710094213486 63.24258828163147 43.55681300163269 30.607757017016411 15.951440855860708 12.121158629655836 23.760182648897171 9.0434356182813627 69.756271973252296 41.145499676465988 38.703717961907387 30.481059387326241 15.701069556176661 22.888048708438873 161.47659153491259 37.054955795407295 61.472001679241657 35.592190593481064
leaf_count=66 94 110 968 109 79 32 74 176 101 218 101 109 511 1305 2824 864 1016 71 1087 261 681 72 52 159 285 268 84 516 137 138 82 210 50 210 54 191 51 69 77 45 78 927 215 299 209 145 76 56 121 41 334 181 245 154 100 102 789 228 333 215
internal_value=0.000185116 -0.00106194 -0.0115247 -0.000421035 0.00818174 -0.0156018 0.00237335 -0.000944956 0.00349816 0.00756059 0.0152931 -0.00181358 0.0016937 -0.00304868 -0.000799806 0.00644589 -0.0062742 -0.00352429 -0.00250866 -0.0116752 -0.00516022 0.00755422 -0.00853646 0.00257747 0.00719069 0.00306264 0.0143728 0.000731947 -0.00276581 -0.00742181 0.00231925 -0.00273153 0.00501985 0.00288056 0.0110378 0.0172916 0.00716128 0.0118087 0.0154456 -0.0179888 -0.00275617 0.00140815 0.00457729 0.00696159 0.00135507 0.0120419 0.00164495 0.00425992 0.013639 -0.000130763 -0.00367875 0.00967934 -0.00321287 -0.00920222 -0.00361336 0.00631749 0.00951103 0.00228591 0.000109546 -0.00426999
internal_weight=3159.42 2013.46 113.381 1900.08 106.647 94.6133 1145.97 1793.43 291.845 176.277 66.7353 1501.58 390.789 1110.79 656.61 178.347 454.184 478.263 270.105 184.079 174.006 35.7596 138.247 109.541 216.783 140.281 76.5022 811.629 308.532 149.134 47.197 115.569 52.8755 503.097 74.0515 54.2094 46.0668 91.8686 74.0645 88.4993 18.1468 429.046 226.102 182.214 88.3635 93.8503 159.399 130.632 39.7116 90.9209 78.7997 56.2327 69.8409 62.693 46.1821 334.338 184.365 149.974 134.119 97.0642
internal_count=18455 12869 1233 11636 472 1123 5586 11164 1565 950 328 9599 2062 7537 3868 973 3669 2895 2103 1566 914 181 733 622 1148 779 369 3845 1501 736 220 615 260 2344 339 245 227 406 327 1091 123 2005 1078 868 424 444 765 628 197 431 375 250 404 355 254 1741 891 850 776 548
is_linear=0
shrinkage=0.0226245


Tree=93
num_leaves=61
num_cat=0
split_feature=43 30 30 8 17 1 13 37 29 2 34 7 31 2 31 12 13 22 6 34 39 6 34 33 34 33 21 16 13 1 37 17 8 31 7 30 21 31 30 37 34 37 13 6 25 43 12 7 39 12 6 17 17 25 31 31 2 34 1 36
split_gain=19.5539 13.8664 16.5909 14.5911 14.6822 13.9941 21.6916 22.2257 20.8281 25.8228 17.2588 16.5772 16.0656 16.2723 18.0296 14.0199 13.3363 13.2701 14.2314 13.4273 12.6556 19.4112 12.4343 14.6497 11.9129 11.7075 10.6661 10.4531 12.1462 13.3667 25.3938 12.6517 11.6816 14.7876 10.4019 11.1938 10.3376 9.71664 9.58454 9.04981 15.3621 9.46421 8.74129 9.30311 13.0142 11.0079 14.8734 10.4458 11.851 11.7197 24.4235 8.74088 17.9834 8.40468 8.23434 9.35263 11.3943 10.1031 6.88905 6.42554
threshold=0.6751756281075928 0.022640000000000004 -0.11663499999999997 0.051865607500000008 1.0394500000000002 -0.25240491029648521 0.15419500000000003 0.20275000000000001 -1.0000000180025095e-35 0.047524938829286607 233.50000000000003 22.046100118184352 0.011590000000000001 0.8184173339613755 -0.013854999999999998 -0.027234999999999995 0.14619500000000005 4.0009500000000005 0.0029127556527793505 141.50000000000003 0.025250000000000005 -0.024827802640450047 92.500000000000014 -0.35954999999999993 221.50000000000003 -0.32884999999999992 12.030000000000003 1.0961500000000004 0.69048000000000009 0.066349727862902413 0.27720000000000006 -1.0008499999999996 0.021849781500000002 0.17504000000000003 88.558573142757709 0.016635 19.375000000000004 -0.049694999999999996 0.058235000000000002 0.093500000000000014 23.500000000000004 -0.27679999999999993 -0.20987499999999998 0.11197062457094696 0.29535000000000006 0.31110680158573828 -0.014884999999999997 59.500817766261143 0.59315000000000018 -0.26808499999999996 -0.12329716254547808 1.0558500000000002 1.0460500000000004 3.0536500000000006 0.011855000000000003 -0.031004999999999994 0.15032005316730213 73.500000000000014 -0.0048377306828880995 0.14200000000000004
decision_type=2 2 2 2 2 2 2 2 2 2 2 2 2 2 2 2 2 2 2 2 2 2 2 2 2 2 2 2 2 2 2 2 2 2 2 2 2 2 2 2 2 2 2 2 2 2 2 2 2 2 2 2 2 2 2 2 2 2 2 2
left_child=1 2 22 4 27 8 12 17 54 37 11 -11 13 14 -7 24 -6 18 -8 -19 21 -14 23 -1 -9 -24 -22 28 29 31 -31 -3 59 -34 39 -36 -15 -10 -30 40 -2 -42 58 47 -45 53 -47 49 -49 50 -44 52 -18 -46 55 57 -57 -4 -5 -29
right_child=34 3 5 42 16 6 7 15 9 10 -12 -13 20 36 -16 -17 51 19 -20 -21 26 -23 25 -25 -26 -27 -28 32 38 30 -32 -33 33 -35 35 -37 -38 -39 -40 -41 41 -43 43 44 45 46 -48 48 -50 -51 -52 -53 -54 -55 -56 56 -58 -59 -60 -61
leaf_value=0.014805897701886169 -0.0084885855536651952 -0.0068073731215073478 0.0039796507558735456 0.0014249104085292731 0.02917485053581419 -0.0036527084666155697 -2.0699077098633802e-05 0.001295541027397696 0.0084860320378075151 -0.008280499481283829 0.031562030208127041 0.010603125587794911 0.033632956416067825 -0.0016331476963079195 -0.01147750458554974 -0.01955559617952432 0.01587635388659012 -0.010014988915649536 0.013415514706742992 0.013017134839594 -0.019431149916257575 -0.00096454691216033906 -0.002419267468536017 -0.0095084238710807616 -0.011839004349140396 0.020673822127234131 -0.00018813332111569021 -0.014494898700073281 0.029260713263118996 0.0041025036463314809 -0.012618113556424655 0.0070108579520029605 -0.010417201218627742 0.019859930128510159 -0.020380968315564085 0.0035957286520589171 0.015964039348609203 -0.017897138321400149 0.0033506206788153662 -0.010026755604583101 -0.0026076429819955984 0.031342691418370032 -0.010892715896107297 -0.016734376133270546 -0.0040572623718534446 0.027994871941581841 -0.0045177910221904675 -0.014622048156277375 0.00403800605641418 -0.0070215302330924748 0.028878350191987368 0.020376528829328062 -0.015332525239136884 0.015749923573317396 -0.019961627915952469 0.02802769044438284 -0.0025161815889636003 -0.014355037730038305 0.019797783215689445 0.0049734627474906142
leaf_weight=17.354646980762482 16.619775354862213 34.928840309381485 23.920416593551636 34.064901128411293 18.624793216586113 351.87248051166534 57.398087948560715 184.80472427606583 7.7664571106433895 25.909996256232262 14.781089194118975 151.57316832989454 11.236270457506182 52.267071880400181 266.36429006233811 20.671367287635803 15.706641986966131 39.13760544359684 132.89155480638146 15.937228165566919 12.711928497999905 19.745862729847431 14.244736239314078 31.07091997563839 40.690242849290371 41.943244576454163 268.5183311291039 40.695650652050972 14.42869606614113 144.91248512268066 64.964992538094521 380.21911277621984 12.397702351212503 15.69565926492214 44.551624439656734 11.626133222132919 22.169625945389271 23.989882536232471 14.102149114012716 34.124010749161243 5.6494917459785929 9.8547882884740812 12.230247959494593 13.029545575380324 50.941854581236839 17.14933076500893 10.130674973130224 80.796166628599167 20.639312520623207 39.616900309920311 14.659633904695509 13.398457437753676 16.321767598390579 10.877938091754912 14.005355909466742 7.097884617745879 15.580227248370646 35.593987017869949 12.505615308880804 9.2906302958726865
leaf_count=75 148 179 118 154 88 2078 292 952 39 191 82 926 60 338 2272 173 71 226 730 78 102 111 64 138 217 185 1651 199 67 768 335 1855 60 71 681 82 124 167 66 228 51 76 57 58 231 77 47 385 98 179 64 63 80 48 83 40 97 183 53 44
internal_value=0.0001858 0.000547088 -0.000616908 0.00255397 0.00418428 -0.0011263 -0.00204511 0.00184238 0.00314726 0.0069034 0.0100285 0.00775777 -0.00394647 -0.00586033 -0.00706174 -0.00294556 0.0143465 0.00662434 0.00942302 -0.003033 0.000314397 0.0133833 0.00802097 -0.000451196 -0.00119447 0.0149874 -0.00124694 0.00324162 0.00417763 0.00346957 -0.00117431 0.00580918 -0.00446238 0.00677319 -0.00857245 -0.0154857 0.0040089 -0.0112748 0.0179415 -0.00230734 0.00604341 0.0205066 -0.00154361 -0.00311675 0.00223041 0.0054428 0.0166452 -0.00635122 -0.0108185 0.000629086 0.0114881 0.00688418 1.94033e-05 -2.36232e-05 -0.00554596 -0.00249437 0.00913251 -0.00714286 0.00722799 -0.0108022
internal_weight=3156 3033.58 1921.25 1112.33 795.688 1816.64 1496.42 491.531 320.218 224.021 192.264 177.483 1004.89 692.673 618.237 246.166 64.0517 245.364 190.29 55.0748 312.212 30.9821 104.614 48.4256 225.495 56.188 281.23 731.636 653.556 625.025 209.877 415.148 78.0796 28.0934 122.426 56.1778 74.4367 31.7563 28.5308 66.2481 32.1241 15.5043 316.642 270.072 102.129 89.0998 27.28 167.942 101.435 66.5068 26.8899 45.4269 32.0284 61.8198 96.1979 82.1925 22.6781 59.5144 46.5705 49.9863
internal_count=18455 17189 11792 5397 3946 11330 9404 2668 1926 1405 1199 1117 6736 4812 4350 1342 302 1326 1022 304 1924 171 462 213 1169 249 1753 3644 3270 3137 1103 2034 374 131 1266 763 462 206 133 503 275 127 1451 1244 461 403 124 783 483 300 121 214 151 279 521 438 137 301 207 243
is_linear=0
shrinkage=0.0226245


Tree=94
num_leaves=61
num_cat=0
split_feature=35 7 37 13 35 13 34 22 35 2 27 6 45 37 6 27 1 2 1 35 31 34 37 21 28 35 13 35 27 33 28 12 23 37 21 36 15 33 22 1 33 8 2 21 27 13 3 28 8 29 22 22 13 30 4 0 29 2 9 7
split_gain=22.1591 19.2223 23.1646 18.8237 46.1432 38.2655 24.1921 22.6135 22.3479 28.2976 24.2309 22.5611 20.5333 20.4881 19.1684 19.7163 22.8637 17.6349 15.7401 21.0165 18.9341 18.4887 15.7774 15.5197 14.7407 16.9289 23.4907 19.1346 14.5346 14.5092 14.388 14.103 22.8287 33.3887 17.9196 17.3055 13.8674 12.7689 11.7116 14.4433 11.4463 12.4565 11.1994 11.0364 14.6841 11.0289 10.7915 10.467 12.1983 10.0343 9.84097 13.9706 14.5567 9.76677 9.76254 9.27714 9.24905 8.535 8.51882 8.04446
threshold=8.5000000000000018 89.941301839299186 -0.37499999999999994 0.10407500000000001 5.5000000000000009 -0.22301499999999999 189.50000000000003 1.6562500000000002 3.5000000000000004 0.57374075200162167 0.00033500000000000007 0.086147270604140361 2.0025000000000008 0.47330000000000005 -0.032209590356466644 0.030555000000000002 0.71988201057927681 0.0039604115691071516 -0.25240491029648521 29.500000000000004 0.19322500000000001 149.50000000000003 0.21815000000000004 14.24 0.035925000000000006 15.500000000000002 -0.096204999999999999 26.500000000000004 0.014515000000000002 0.068450000000000025 -0.016834999999999999 0.18795000000000003 -29.859999999999996 -0.5018999999999999 21.335000000000004 0.7642500000000001 1.0448500000000001 0.61415000000000008 4.676400000000001 -0.11063425616921273 0.0038500000000000006 0.0041034519500000007 0.23348390739695088 17.215000000000003 0.021895000000000001 0.23330000000000004 0.59076158766685749 0.019000000000000003 0.0069697500000000011 0.019305000000000006 3.6040500000000004 2.8444000000000007 -0.12425499999999999 -0.026534999999999996 3.5000000000000004 1.24475855 0.014200000000000003 0.031517082962564356 1.5000000000000002 42.014328547231138
decision_type=2 2 2 2 2 2 2 2 2 2 2 2 2 2 2 2 2 2 2 2 2 2 2 2 2 2 2 2 2 2 2 2 2 2 2 2 2 2 2 2 2 2 2 2 2 2 2 2 2 2 2 2 2 2 2 2 2 2 2 2
left_child=3 17 47 4 13 23 43 -8 9 10 37 46 40 14 50 16 30 -2 19 24 31 22 -22 -6 25 26 -19 -27 -4 -12 -16 32 34 -34 -20 55 -14 57 39 54 41 -10 -38 -7 -45 -31 -11 48 -3 -47 51 53 -53 -1 -15 -33 -9 -5 -17 -52
right_child=1 2 28 8 5 6 7 56 12 11 29 -13 36 38 15 58 -18 18 20 -21 21 -23 -24 -25 -26 27 -28 -29 -30 45 -32 35 33 -35 -36 -37 42 -39 -40 -41 -42 -43 -44 44 -46 49 -48 -49 -50 -51 59 52 -54 -55 -56 -57 -58 -59 -60 -61
leaf_value=0.0096022322952427474 -0.016645914931560101 0.0079480675355341028 -0.022775424071428307 0.0040360734190910035 -0.0019180746590088914 -0.0010916552863531057 0.021022604296815496 -0.022163997649882323 0.0069305007731238506 0.010314431739828966 -0.010449928046887479 0.010509536060405918 -0.014260393719471109 -0.012180770159812412 0.0055635720300574983 -0.010525408901673503 0.023025861030679256 0.0057895314790924286 -0.0095627420936807515 -0.017930988811075133 0.018626395158400554 0.025174174856019322 -0.0081947437346552646 0.027970925404409718 -0.0081870483207772023 0.0007126601661854474 0.028697501384143634 0.023051357559812809 0.015684025511561499 0.019771516698856993 -0.017404342341387519 9.5953497065852719e-05 0.010076347765109669 -0.0022481731898107132 0.013022180024714492 0.02329205094932733 -0.013407341033062193 -0.0029409241638901273 -0.0043789874709249813 0.024712601371591814 -0.0018047388071214597 0.03494612381564445 0.012098894500422522 0.023578144527013158 -0.0056350057824121735 0.016307554401485954 -0.017323716961693676 0.020971551445419179 -0.020381009160875412 -0.0085618557570058419 0.0065759754204495133 -0.0023478362593325401 0.036370578929094489 -0.0074930475537404078 0.013270627360557894 0.014432626194414587 0.0022543702367251997 0.024057083806340487 0.012226112516371275 -0.019683552954004899
leaf_weight=27.069715663790703 30.217706054449081 15.989879325032236 51.31692935526371 13.448963180184363 10.100249692797659 27.29427532851696 7.4473495706915847 31.21066676825285 25.612657189369202 6.9172823429107657 21.852656416594982 41.272479146718979 53.55741623789072 12.565986797213554 14.041948951780794 9.886826351284979 5.8490214720368376 58.775467999279499 259.17367701232433 17.298576138913631 14.435500994324682 24.380718514323235 29.041447684168816 54.503886178135872 31.417496159672737 160.92825011909008 36.801271252334118 19.494298584759235 3.5366598367691031 27.620354518294334 148.60574460402131 201.16152659058571 124.65388765186071 952.85347671061754 16.83582204580307 18.028864994645119 10.486429259181021 10.646461322903631 31.225780688226223 23.097675397992134 27.511594884097576 10.527722775936125 23.430230468511581 34.056705892086029 10.290025435388086 10.100252091884615 34.529365871101618 9.0915930643677694 10.506721168756483 20.128016903996468 7.2915801182389286 7.6642318814992931 9.6985101923346502 36.976891223341227 12.511402256786823 23.214423701167107 9.6969326585531217 114.47151350975037 23.013257369399071 14.647238876670597
leaf_count=134 211 98 693 62 53 166 35 270 157 33 108 194 298 66 70 46 35 330 1750 113 63 108 137 254 148 921 212 106 17 127 1163 947 638 5545 100 89 52 50 152 117 157 52 109 204 52 47 212 63 63 94 45 58 53 218 64 100 45 554 108 106
internal_value=0.000589928 -0.000734793 -0.0107729 0.00332123 0.000574158 0.00978362 0.00206564 -0.00995361 0.00675133 0.0102874 0.0145101 -0.000968765 -0.00035203 -0.00389145 -0.0065504 -0.0105683 -0.0136602 -0.000270295 2.36911e-06 0.00453592 -0.000888765 0.0105675 0.00131689 0.023416 0.00595553 0.00763365 0.0151941 0.003452 -0.0196342 0.00435237 -0.0153588 -0.00139412 -0.00229476 -0.000799216 -0.00806433 0.00360253 -0.00736887 0.0201441 0.00618521 0.0128929 0.00919196 0.0170766 0.00377877 0.0102497 0.0168695 0.0101755 -0.0123389 0.00333452 -0.00418546 0.000446161 0.00135392 0.00500722 0.0213848 -0.000164819 0.000576242 0.0017441 -0.016609 0.022088 0.00509079 -0.0112064
internal_weight=3130.01 2109.15 90.4418 1020.86 568.746 184.6 119.996 48.3549 452.113 300.987 218.268 82.7191 151.126 384.146 304.745 201.397 168.497 2018.71 1988.49 324.715 1663.78 67.8577 43.4769 64.6041 307.417 275.999 95.5767 180.423 54.8536 79.7013 162.648 1595.92 1353.52 1077.51 276.009 242.405 87.4741 138.567 79.4008 48.1751 63.652 36.1404 33.9167 71.641 44.3467 57.8486 41.4466 35.5882 26.4966 30.2283 103.348 81.4093 17.3627 64.0466 25.0774 224.376 40.9076 127.92 32.9001 21.9388
internal_count=18272 12452 934 5820 3514 1079 772 350 2306 1481 1042 439 825 2435 2036 1422 1268 11518 11307 1830 9477 308 200 307 1717 1569 542 1027 710 376 1233 9169 8033 6183 1850 1136 459 666 399 247 366 209 161 422 256 268 245 224 161 141 614 463 111 352 130 1047 315 616 154 151
is_linear=0
shrinkage=0.0226245


Tree=95
num_leaves=59
num_cat=0
split_feature=43 27 37 36 26 3 27 25 28 27 27 21 35 12 1 37 33 37 21 12 37 12 13 43 37 35 45 21 13 43 12 39 35 37 39 15 37 13 30 23 33 34 30 2 31 29 27 34 21 45 31 39 35 3 13 15 34 12
split_gain=32.0495 18.6344 30.0327 38.9603 26.7832 21.9843 18.0909 16.9127 15.9736 15.5479 14.8175 14.6109 12.7522 20.0395 30.2946 37.3533 23.2438 19.5589 19.0447 18.6117 18.1863 17.663 16.603 20.7742 17.8959 13.6853 12.3117 11.9417 10.1342 10.9548 9.84781 13.7779 13.6583 9.4031 9.2958 10.7805 7.63656 13.0633 6.55862 6.48233 11.0874 5.99378 5.62121 5.45155 5.06764 5.02137 4.89965 4.50349 4.35231 3.58371 3.34965 5.77131 2.48969 6.46075 3.63717 2.11364 1.77083 0.835202
threshold=0.65706549493097377 -0.010519999999999998 -0.15079999999999996 0.64285000000000014 0.67515000000000014 0.55487405145210789 0.072065000000000018 0.65895000000000015 -0.015504999999999998 -0.011314999999999999 0.019455000000000004 13.395000000000001 15.500000000000002 -0.033984999999999994 -0.16412583401258293 0.50155000000000005 -0.15929999999999997 0.9789000000000001 13.995000000000003 0.10694500000000001 0.13065000000000002 -0.25045999999999996 0.15419500000000003 1.0000000180025095e-35 0.22715000000000005 29.500000000000004 2.0095000000000005 22.335000000000004 -0.81539499999999987 0.07311610483730159 -0.23627999999999996 0.099850000000000008 19.500000000000004 -0.55539999999999989 0.14665000000000003 -1.0712999999999997 -0.40444999999999992 0.13435500000000003 0.00087500000000000013 -70.894999999999996 0.53565000000000007 240.50000000000003 -0.0016749999999999998 0.32016677068164484 0.19322500000000001 0.081145000000000009 -0.011314999999999999 40.500000000000007 20.990000000000006 1.9757000000000002 -0.031004999999999994 0.16485000000000002 5.5000000000000009 0.76377978868813978 -0.29942999999999992 0.96915000000000007 132.50000000000003 -0.14132499999999998
decision_type=2 2 2 2 2 2 2 2 2 2 2 2 2 2 2 2 2 2 2 2 2 2 2 2 2 2 2 2 2 2 2 2 2 2 2 2 2 2 2 2 2 2 2 2 2 2 2 2 2 2 2 2 2 2 2 2 2 2
left_child=1 2 4 9 30 -6 8 -5 11 27 36 -3 13 17 16 -16 -15 18 -10 22 25 -19 23 -14 -24 -21 28 39 -13 -30 32 47 33 43 42 -36 37 -2 -7 -4 -41 -22 -28 -1 48 -8 -40 -32 49 -38 -33 -52 53 -51 -54 -9 -11 -57
right_child=10 6 3 7 5 38 45 55 12 56 -12 26 19 14 15 -17 -18 21 -20 20 41 -23 24 -25 -26 -27 34 -29 29 -31 31 50 -34 -35 35 -37 44 -39 46 40 -42 -43 -44 -45 -46 -47 -48 -49 -50 52 51 -53 54 -55 -56 57 -58 -59
leaf_value=0.027319580332132359 -0.015216656408327301 -0.013864550560899264 0.017410567883392274 0.0071683050782955409 -0.009971203438404028 0.0039039207365206157 0.0061426099361053688 -0.0058211320697726986 0.01893763042621131 0.010319239451993487 0.011769546919982192 -0.0071209754383622101 0.010268444748890214 -0.0086073028961616942 -0.0077919482202655722 0.010627418745773649 0.010373352486249307 -0.016049069382434653 0.0043004614157295708 0.0020967704519742653 0.024093426722621041 0.0034874170858207598 0.0065467713309695277 -0.0083024629769788 -0.0039576725226398738 -0.021973087816333389 0.014955945403701345 -0.016333158801953788 0.020717723847661261 0.0010984453113574992 0.01649493729051562 -0.01951878195570772 -0.0064289103641411473 -0.0017329220269497495 0.011607475944341672 -0.01085302015967716 0.0032706346430021798 0.018069883219775592 0.028443957976339213 0.0051742911828952633 -0.0071314408555925952 0.0026097292875693584 -0.0042171154048520924 0.0076163189364885668 0.0059294242937085913 0.025611892774432151 0.010025115876766053 -0.00093291637152860605 0.0017136334399245629 0.0086500139428667931 -0.014765966231578978 0.0042304637262669557 0.00071383934455801089 -0.016929429849187692 -0.021456083179473409 -0.0087428915816116903 0.028134374333153068 -0.025148041300827893
leaf_weight=24.109121143817902 9.8690764233469981 14.346181474626063 13.487608909606932 11.658868104219435 9.6042920500040037 8.9602027237415296 15.2061714977026 6.2384528145194045 48.42146285623312 10.364542081952097 11.850100249052046 9.0410764962434751 30.899727404117584 40.736504785716534 369.38485822826624 63.813318751752377 137.89131914451718 40.490957260131836 437.79489771649241 188.21925030648708 22.429555810987949 50.355020195245743 122.18713916093111 409.72442803904414 244.0099014043808 10.016923576593397 26.587500214576721 13.540274798870085 62.017824277281761 19.217544816434383 16.287474960088733 10.942800939083098 16.844654485583305 11.267532825469969 12.63074469566345 35.51413344591856 3.288805663585662 8.559404104948042 63.097379930317402 172.88227858394384 44.943189404904842 10.054570510983465 9.1921584606170637 13.797546684741972 4.195770636200904 14.270864665508268 13.07117538154125 12.070328116416929 5.9924761727452269 5.6631991825997856 12.785844236612322 15.078605778515337 3.8149039000272742 11.18220245093107 65.741507757455111 5.9351874440908423 10.439124301075934 34.95992524176836
leaf_count=115 97 68 57 73 44 44 64 38 261 51 52 42 205 233 2418 349 881 197 2281 950 118 242 663 2915 1284 56 122 64 311 94 74 60 84 55 53 166 27 50 362 818 215 54 45 65 20 58 76 59 64 54 59 73 32 110 794 39 48 269
internal_value=0.0005822 0.00106362 0.0048051 0.000363831 0.0110436 0.0200636 0.000213486 -0.0158539 -1.1701e-05 0.0040851 -0.0102844 0.00625987 -0.000550251 0.00104833 -0.00180079 -0.00502613 0.00597655 0.00406301 0.00586154 -0.00237985 0.0032573 -0.00544668 -0.00399774 -0.00694165 -0.000428852 0.000581955 0.00811663 0.00236191 0.0137825 0.0162739 0.00433755 -0.00175737 0.0103519 0.016138 0.0017657 -0.00463651 -0.0127216 0.000597563 0.0236686 0.0036445 0.00257508 0.018201 0.010083 0.0211965 -0.0151268 0.017015 0.0257656 0.00967698 -0.0161971 -0.01741 -0.0102047 -0.00505495 -0.0182777 -0.00832226 -0.0202601 -0.021634 0.0216022 -0.0235021
internal_weight=3126.98 2996.82 552.366 324.449 227.917 94.7331 2444.45 58.7924 2414.98 265.657 130.157 188.547 2226.43 1188.89 611.826 433.198 178.628 577.062 486.216 1037.54 230.72 90.846 806.821 440.624 366.197 198.236 174.201 244.853 90.2764 81.2354 133.184 67.1651 66.0189 49.1742 83.9245 48.1449 118.307 18.4285 85.1288 231.313 217.825 32.4841 35.7797 37.9067 99.8789 29.477 76.1686 28.3578 95.6831 89.6906 38.8073 27.8645 86.4018 16.8454 69.5564 47.1336 20.8037 40.8951
internal_count=18272 16972 2842 1672 1170 526 14130 419 14008 1253 1300 901 13107 6862 3881 2767 1114 2981 2542 6245 1178 439 5067 3120 1947 1006 833 1154 447 405 644 325 319 235 386 219 1248 147 482 1090 1033 172 167 180 1101 122 438 133 1081 1017 192 132 990 164 826 346 99 308
is_linear=0
shrinkage=0.0226245


Tree=96
num_leaves=61
num_cat=0
split_feature=28 37 27 37 2 13 24 35 35 2 1 30 8 1 37 43 39 43 7 27 16 35 44 29 37 0 27 31 45 28 37 39 29 37 34 6 21 27 39 43 37 5 16 6 1 6 31 5 21 7 44 39 24 1 1 13 16 34 30 31
split_gain=22.3459 32.6797 47.2739 30.945 23.3628 22.217 30.7756 29.4765 23.16 24.6221 21.5547 21.0211 24.1388 18.9206 17.4907 17.0688 16.6951 16.5884 15.5673 14.9309 14.4796 13.5778 12.9102 13.4758 14.044 12.8958 12.8411 14.7303 12.7021 18.7187 32.7929 14.9626 12.5102 12.7666 17.7382 12.335 12.4134 12.3104 12.2409 11.669 11.3505 11.3191 10.8097 10.7195 10.5956 23.5172 15.8823 12.3049 12.6679 18.7714 13.8603 11.9364 10.5381 10.4172 10.3408 10.017 14.7334 9.7912 9.36067 9.19083
threshold=0.013855000000000001 0.70555000000000012 0.0031150000000000001 0.12455000000000001 0.28087845452958077 0.17397000000000004 0.10417000000000001 5.5000000000000009 3.5000000000000004 0.47444228579084885 -0.45149239607674285 0.012245000000000001 1.0000000180025095e-35 -0.16067768124807366 -0.41489999999999994 0.51912292265691595 0.096550000000000011 0.11291743601455599 91.971431209715391 0.015235000000000002 -0.93674999999999986 8.5000000000000018 0.16555000000000003 0.0096650000000000017 1.0271500000000002 0.22884706500000002 -0.012304999999999998 -0.0050649999999999992 1.9825000000000002 0.022360000000000001 -0.36819999999999992 0.055050000000000009 0.022365000000000006 -0.29709999999999998 95.500000000000014 0.049481105841621305 17.385000000000005 -0.024784999999999998 0.41800000000000009 0.65706549493097377 0.15120000000000003 7.4692165851593026 1.0020500000000003 0.03357172528654976 0.090159735319324655 0.067129521452981053 0.11260000000000002 67.758991241455092 18.405000000000005 55.000941755127023 0.065654820000000016 0.05705000000000001 -0.11925499999999999 0.86130628423840683 -0.26742697712029634 0.041400000000000013 0.98285000000000011 57.500000000000007 0.087605000000000016 0.041745000000000011
decision_type=2 2 2 2 2 2 2 2 2 2 2 2 2 2 2 2 2 2 2 2 2 2 2 2 2 2 2 2 2 2 2 2 2 2 2 2 2 2 2 2 2 2 2 2 2 2 2 2 2 2 2 2 2 2 2 2 2 2 2 2
left_child=1 5 20 4 55 6 10 40 9 -7 17 13 16 15 21 -12 -13 -1 32 54 26 -9 39 -24 -25 -19 -3 -28 59 30 35 -32 33 57 -35 -30 -37 -31 -21 44 -8 -33 -39 -42 47 -46 51 48 49 -5 -50 -47 -14 -15 -16 -2 -57 -10 -23 -6
right_child=3 2 -4 22 28 8 7 14 18 -11 11 12 52 53 19 -17 -18 25 -20 38 -22 58 23 24 -26 -27 27 -29 29 37 31 41 -34 34 -36 36 -38 42 -40 -41 43 -43 -44 -45 45 46 -48 -49 50 -51 -52 -53 -54 -55 -56 56 -58 -59 -60 -61
leaf_value=-0.010277028170262003 -0.0095023804094735553 -0.0038152088976678719 0.023281524735196929 0.00089201262358760091 0.0084244658119843972 0.030701754560044568 -0.012480093316734161 0.013422690967611641 0.013774533230422142 -0.0083772673002213277 -0.0013868331415224885 -0.0099930580716937976 0.0041862573685506341 -0.014666647623610446 0.014890709322643846 -0.019589701758050169 0.010915914731644908 -0.0020910563174435948 -0.020748763848934777 0.010643033864073413 -0.019231893428540033 -0.010442418118081659 -0.021721836031774581 0.0077419635616988022 -0.018302165983387582 0.027368187369528424 0.0011771916417381155 0.032974588294049152 0.024926706338616877 -0.0028201243208002642 0.014405852473169873 -0.014988902293172932 0.018530960004391459 -0.013971903288046776 0.0071981876236898905 -0.015028986880630889 0.016364926444470709 0.0078013304080766285 -0.012988081268821951 -0.013340714327401157 0.020443100976885058 0.0083209186206412919 0.030139250716316755 -0.010614598910457181 -0.010944269460852783 0.023250718339389985 -0.0052510328764015885 -0.014371530391635117 -0.002168456908539145 0.011663815038236765 0.015309916421586229 0.0042247022433139873 -0.010266647811212405 0.0080366044661187019 -0.0037336756429679459 0.017108388119110092 -0.0024827202372784537 -0.0012107750647641319 0.0091919535907593764 -0.0078051641029734699
leaf_weight=14.394378952682017 40.553122475743294 56.994605958461761 60.983208157122135 161.58705458045006 46.851525105535984 25.702673479914665 98.195791140198708 15.755908437073229 42.090773351490498 10.129020817577837 154.58678079396486 23.063411191105843 29.978012159466743 280.79348385706544 15.194201745092867 29.033040013164282 80.364867057651281 11.016254588961603 13.071284763514994 198.87367323040962 16.396224111318588 82.970695421099663 24.385057792067528 28.363431103527546 13.154950201511381 19.172884196043015 18.773141354322437 9.7308041453361493 48.239625282585621 8.3009058833122236 15.982803173363207 37.68764429166913 19.169239580631256 49.953021451830864 30.54950300604105 8.2065567374229449 12.694913968443869 16.87939340621233 9.4958777055144292 25.99032935872674 9.2731197401881236 12.350265845656393 53.935564026236534 8.1824733689427358 100.19909089058638 19.432690471410751 70.937387347221375 17.451419144868851 220.1400588080287 168.08995405584574 23.031516343355179 77.132989779114723 137.05857754871249 9.00273948907852 94.975306510925293 25.818724617362022 60.401325456798077 43.442594461143017 12.23722383379936 25.15703284740448
leaf_count=84 197 262 316 817 213 127 531 74 203 55 1084 156 148 2796 85 315 464 76 158 936 106 417 181 139 63 110 87 46 234 36 83 251 89 358 166 41 67 80 45 157 52 58 288 48 543 93 339 86 1066 791 113 379 887 90 569 116 325 211 52 113
internal_value=0.000166852 -0.00153854 0.00801977 0.00233094 0.00747718 -0.00254454 -0.00367287 0.00046116 0.00384946 0.019854 -0.00652243 -0.00744365 -0.00237699 -0.0103062 0.0031989 -0.0045242 0.00610835 0.00836501 0.000713245 0.00588124 -0.00150476 -0.00445492 7.71972e-05 -0.00936456 -0.00116451 0.0173752 0.00241287 0.0140705 0.0110275 0.0137624 0.00835426 -0.0030399 0.0025238 0.000390027 -0.00596708 0.0189195 0.00370989 0.0223811 0.00940299 0.000809354 -0.00953608 -0.00909518 0.02533 0.0064449 0.00128138 -0.00243455 0.00275524 0.00297022 0.00356809 0.00643785 -0.000352484 0.0086184 -0.00764565 -0.0138889 -0.000849753 -0.000607515 0.00374872 0.00637277 -0.00772209 0.00267192
internal_weight=3093.56 1730.6 162.878 1362.96 413.059 1567.73 1333.62 545.154 234.108 35.8317 788.464 743.881 270.465 473.416 429.503 183.62 103.428 44.5835 198.276 318.539 101.895 110.964 949.896 65.9034 41.5184 30.1891 85.4986 28.5039 286.286 214.278 135.162 66.0207 185.205 166.036 80.5025 69.1411 20.9015 79.1159 208.37 883.992 115.651 50.0379 70.815 17.4556 858.002 267.702 167.503 590.3 572.849 329.677 243.172 96.5657 167.037 289.796 110.17 126.773 86.2201 85.5334 95.2079 72.0086
internal_count=18072 11203 817 6869 2102 10386 9019 2809 1367 182 6210 5940 1655 4285 2178 1399 620 270 1185 1635 501 543 4767 383 202 186 395 133 1464 1138 734 392 1027 938 524 342 108 404 981 4384 631 309 368 100 4227 1354 811 2873 2787 1608 1179 472 1035 2886 654 638 441 414 469 326
is_linear=0
shrinkage=0.0226245


Tree=97
num_leaves=61
num_cat=0
split_feature=43 23 37 37 27 13 30 35 1 13 43 27 45 6 12 8 37 35 3 3 14 27 27 39 18 6 37 2 35 15 35 44 34 43 0 27 6 29 3 43 18 36 26 39 39 13 14 43 34 3 13 18 35 35 34 18 25 25 13 27
split_gain=20.2946 15.6647 37.7529 31.3095 37.243 33.7851 33.4991 25.4517 30.4084 36.8032 24.877 24.4729 21.3859 24.6649 17.7775 21.9212 20.2209 19.5551 16.6362 16.2658 19.3947 16.7378 17.4295 15.5081 14.9734 14.699 16.8276 24.5539 14.7264 14.5568 13.8909 14.6072 16.2155 16.1337 14.2545 13.3083 12.8931 12.68 13.336 12.4219 12.197 12.1813 12.1358 12.1076 11.9578 11.4145 11.2217 12.8377 17.9342 10.8188 10.5815 10.4894 9.72904 27.5536 12.879 10.843 9.47581 9.44461 9.04998 8.85666
threshold=0.65706549493097377 40.635000000000012 -0.34609999999999991 0.38785000000000008 0.018015000000000007 -0.28144499999999995 -0.033569999999999996 29.500000000000004 0.094911465818498672 0.32468000000000002 0.29321221207392517 0.012065000000000001 1.9811000000000003 -0.11536690450659358 0.18795000000000003 0.025804758000000004 -0.49244999999999994 14.500000000000002 0.78170370006893386 0.94336037918712201 1.0762000000000003 -0.010364999999999997 -0.0071149999999999989 0.055050000000000009 -0.94954999999999989 0.035307929003704212 0.11945000000000001 0.44672441342191571 17.500000000000004 1.0076500000000002 3.5000000000000004 0.32255000000000006 47.500000000000007 0.04635206186979262 0.27306461000000004 0.0031150000000000001 0.019084681571091503 0.003735 1.1201237109429929 0.23173964081800355 1.0005500000000003 0.35485000000000005 0.99985000000000013 0.013750000000000002 0.17605000000000001 0.44407500000000005 0.45255000000000006 0.33978390571826678 198.50000000000003 0.60948227270511268 -0.15780499999999997 -1.0528499999999996 8.5000000000000018 5.5000000000000009 3.5000000000000004 -0.98284999999999989 0.058550000000000012 1.2417500000000004 -0.17132999999999995 -0.015054999999999997
decision_type=2 2 2 2 2 2 2 2 2 2 2 2 2 2 2 2 2 2 2 2 2 2 2 2 2 2 2 2 2 2 2 2 2 2 2 2 2 2 2 2 2 2 2 2 2 2 2 2 2 2 2 2 2 2 2 2 2 2 2 2
left_child=1 3 19 5 30 36 10 8 12 11 39 57 13 -4 15 40 -17 -16 -15 46 42 29 -23 43 58 51 27 28 -27 -22 44 32 34 -34 -32 49 52 -14 -39 -7 -8 -19 -21 -11 -5 -25 -3 59 -49 -9 -12 -2 53 54 -1 -55 -54 -10 -6 -48
right_child=25 2 7 4 24 6 14 35 9 23 50 -13 37 18 17 16 -18 41 -20 20 21 22 -24 45 -26 26 -28 -29 -30 -31 31 -33 33 -35 -36 -37 -38 38 -40 -41 -42 -43 -44 -45 -46 -47 47 48 -50 -51 -52 -53 56 55 -56 -57 -58 -59 -60 -61
leaf_value=0.017107032050962381 0.0070771333108751947 0.019027886168250109 -0.008152707614001279 0.0016798301388375031 0.0067628414289998091 0.0018266947931469444 -0.014090338319793519 0.0068452183885911342 -0.011652409374178111 -0.0077380586362715831 0.0031282551830525093 0.012481921879990846 -0.0054120577952952017 0.022504185706410076 -0.0098917104585949014 -0.015503193979996926 0.016116708280954538 0.00014911894888508612 0.00506367705490473 -0.0014914285246263369 -0.002987800367634511 -0.016657190588484843 0.016557434026768927 0.0092096925321985112 -0.0062801661828881337 0.03320633026272813 -0.012774679860225431 -0.014529217554038023 -0.0038755714931308677 0.025617318900659481 -0.0042216788322656951 -0.02017229567267043 0.013374893750236325 -0.0029285765990048926 0.020524550916158481 0.00024525945136964306 0.013277403127572184 0.0055239907562139477 -0.0020647583943149178 -0.017090318809085667 0.0013447518381419598 0.019031670871843202 0.02528089654742555 0.017799838269326369 -0.017762924919098935 -0.0043797630250016336 -0.0016043952271459203 -0.017979305019722558 0.0098656852184943085 0.042826998965923284 0.026902664536733779 -0.01916321148597799 -0.021322176800830633 0.027444071056813943 -0.0068630094512852407 -4.7396304392194764e-05 -0.00074999513822216857 -0.024713819052783616 0.027272718871949164 0.015447947315924391
leaf_weight=11.346845895051954 7.4584420695900908 17.258324861526489 27.494035303592682 30.319826424121857 17.102152556180954 85.117299363017082 318.77579400315881 8.0912480875849777 118.03630650788546 10.673179969191549 16.085878364741802 15.719453707337378 128.88005745410919 63.614960685372353 97.697689108550549 13.611152336001394 25.326031431555748 86.483043119311333 52.01870883256197 9.4742875099182111 13.349007040262221 22.136777572333816 9.2640087902545911 35.51518302410841 9.5640963762998563 15.522651601582767 28.900850001722574 11.841287858784197 7.0132929421961299 22.454948425292969 14.709077127277849 9.9443603679537755 37.882058545947075 127.81431151181459 44.910605445504189 11.507507652044294 47.272747546434402 293.14008068665862 195.66270536184311 19.421937555074692 28.00651191920042 19.042297713458538 70.433623485267162 36.617977112531662 30.766392007470131 178.68177951872349 28.695914626121521 29.653980784118176 16.294888749718666 10.817759722471235 24.35881832242012 56.794848743826151 9.2957980409264547 28.575730696320534 56.886702872812748 9.565529912710188 196.62922057136893 41.169269744306803 47.439176209270954 30.003058537840843
leaf_count=51 40 76 132 156 79 418 2834 42 968 53 84 72 780 304 481 66 121 409 254 43 66 123 45 178 43 106 233 125 70 129 93 50 180 703 222 56 219 1442 967 100 237 92 379 175 177 868 132 167 87 53 119 720 46 134 298 46 991 314 283 141
internal_value=0.000165218 0.000549473 0.00217509 -0.00111347 0.00454816 -0.00303845 -0.00581449 0.000484438 -5.81485e-05 -0.00480066 0.00386753 -0.0127419 0.0026701 0.0104576 -0.00820524 -0.0110442 0.00475557 -0.00273736 0.0149735 0.00980297 0.0148027 0.00549476 -0.00628782 0.000592992 0.0185677 -0.00856947 -0.000712048 0.00963323 0.0225379 0.015526 0.000896767 0.00340302 0.00468606 0.000964277 0.0145063 0.0199917 0.00262891 0.000825266 0.002492 -0.00205331 -0.012843 0.00397344 0.0221654 0.0119222 -0.00847289 -0.00203383 0.00356617 0.000572969 -0.00810503 0.0303816 0.0182871 -0.0159435 0.000909976 0.00637294 -0.00234322 0.021032 -0.00196119 -0.0154108 0.0223613 0.00742772
internal_weight=3088.14 2960.61 1496.66 1463.95 370.452 1093.5 733.926 1227.64 1197.22 436.413 144.984 174.925 760.811 143.128 588.943 385.719 38.9372 203.223 115.634 269.019 147.113 67.2047 31.4008 261.488 74.1054 127.531 63.2781 34.3772 22.5359 35.804 296.347 235.26 225.316 165.696 59.6197 30.4165 359.573 617.683 488.803 104.539 346.782 105.525 79.9079 47.2912 61.0862 214.197 121.906 104.648 45.9489 18.909 40.4447 64.2533 312.3 106.375 68.2335 38.1413 205.925 159.206 64.5413 58.699
internal_count=18072 16778 8046 8732 1986 6746 4961 6658 6507 2628 721 1354 3879 690 4240 3258 187 982 558 1388 785 363 168 1274 405 1294 534 301 176 195 1581 1248 1198 883 315 151 1785 3189 2409 518 3071 501 422 228 333 1046 603 527 254 95 203 760 1566 529 349 180 1037 1282 362 273
is_linear=0
shrinkage=0.0226245


Tree=98
num_leaves=61
num_cat=0
split_feature=0 7 23 37 34 22 30 45 36 14 16 6 37 2 34 31 1 22 34 35 1 41 33 16 45 1 41 44 45 31 22 6 7 7 7 16 5 7 37 0 16 37 1 1 6 45 31 8 5 34 41 2 37 21 13 12 41 44 7 16
split_gain=18.583 23.7051 15.3964 24.7307 16.0098 20.3527 15.7219 15.6691 15.3735 15.1028 13.9876 12.625 14.4342 18.4847 10.9204 17.541 22.447 15.2722 15.5515 17.0121 15.3724 17.0796 15.4 12.9567 11.4655 10.444 14.2798 15.9395 12.4637 10.5203 9.43866 9.42793 11.444 8.87454 13.5737 8.66064 8.2363 8.22787 32.3962 19.7037 23.3057 12.4625 37.4848 17.9921 20.3349 14.8949 13.9909 18.8451 14.8171 13.692 13.507 15.5792 12.8383 12.8061 18.1341 12.7182 11.4183 11.7743 11.4034 12.8396
threshold=0.43606426000000004 88.558573142757709 73.785000000000011 0.081650000000000014 23.500000000000004 4.0829000000000013 0.024795000000000001 1.9679000000000002 0.86420000000000019 1.0916500000000002 1.0020500000000003 0.031466089749272605 -0.32039999999999996 0.38340944930266851 231.50000000000003 -0.062629999999999977 -0.25730658383133476 2.4492000000000007 101.50000000000001 30.500000000000004 0.0152051553049474 0.26048462151915114 0.13025000000000003 0.99695000000000011 1.9999000000000002 -0.15705739881887368 0.31649661225600717 0.024381450000000002 1.9291000000000003 0.066695000000000018 1.3126500000000003 -0.29804180198406321 50.678147779306784 56.714306339543505 60.590346150686017 1.0213500000000002 7.1055264472961435 29.136244555902405 0.29495000000000005 0.71660228000000015 -0.94954999999999989 -0.38194999999999996 -0.083820637080713287 0.0039419301365584509 0.078094333967652904 1.9907000000000001 -0.016529999999999996 0.024350226000000006 0.1951604709029198 237.50000000000003 -0.67838116425867334 0.10288554513223291 0.24230000000000004 20.865000000000006 0.064055000000000015 -0.038039999999999997 -0.84587546218714127 0.33550000000000008 83.370390398411601 1.0129500000000002
decision_type=2 2 2 2 2 2 2 2 2 2 2 2 2 2 2 2 2 2 2 2 2 2 2 2 2 2 2 2 2 2 2 2 2 2 2 2 2 2 2 2 2 2 2 2 2 2 2 2 2 2 2 2 2 2 2 2 2 2 2 2
left_child=1 2 7 4 9 10 -5 25 -8 -4 -6 -3 13 -13 17 -16 -17 20 24 -20 22 -22 -9 -18 -19 30 27 29 -29 -27 -1 -32 -33 -28 -35 -12 -14 38 -2 -40 -41 42 -39 49 46 -44 48 -48 -45 53 -46 -52 -51 56 -55 -53 -43 -58 -47 -60
right_child=37 11 3 6 5 -7 8 14 -10 -11 35 12 36 -15 15 16 23 18 19 -21 21 -23 -24 -25 -26 26 33 28 -30 -31 31 32 -34 34 -36 -37 -38 41 39 40 -42 43 45 44 50 58 47 -49 -50 52 51 55 -54 54 -56 -57 57 -59 59 -61
leaf_value=-0.0073633498376128193 -0.013252039561759356 -0.022022390786274538 -0.015172385444605545 -0.020658659626493936 0.052817976459026396 -0.0051448830408536549 -0.003560666993781561 -0.0067215243953014595 0.023663316442823625 0.022768124899730038 -0.0011164348583624156 0.024307757777020669 -0.021586418784422311 -0.013268338934596332 0.022629241711319546 0.024408660959980493 -0.0083902402991861205 -0.0093353342067772488 -0.010311421171459861 0.015550627411053961 -0.0019131629968978418 0.013882631522337379 0.011636776074703216 0.0043832300484949651 0.00044558184534007909 -0.0030664941514943968 -0.0085840201031783941 -0.003836090742591875 0.025979946334647178 0.014329269211485652 -0.0083257276126554817 0.018985807717227673 0.00077167356205309868 0.022431962057906887 -0.0080046836131296949 0.028675805865467949 0.0097719906029557074 -0.0048459086088184101 -0.0057784325838359752 0.023691459734947167 -0.012636088604316231 0.0013554167712056776 0.0040604905678561475 -0.01022860695215729 -0.0037994232410485753 0.020620994582068029 -0.014591278728798821 0.0012356865476706258 0.010714040814730942 0.010048060564678048 -0.014059746103103591 0.0031521439036102709 -0.012230895939189074 0.010446298181261254 -0.010141205950784361 0.018247421807494359 0.01090739254570381 -0.012198257627759904 -0.011667309947518032 0.013185696982965917
leaf_weight=13.856449156999586 71.70369341224432 36.822319727391005 10.650832496583464 14.589645836502312 10.742132768034937 7.600957863032817 35.360715053975582 141.0351914614439 11.933716915547846 6.0067126080393782 7.7170634269714382 12.429045259952547 18.591198261827234 9.4360042661428434 17.119102597236633 14.830580927431582 83.682989776134491 78.548964250832796 279.09272403642535 11.153481237590311 65.918363086879253 70.435624942183495 25.207426935434341 74.091863974928856 247.66047567129135 78.004620648920536 88.754246845841408 8.8183121979236585 24.406142435967922 19.930143371224403 9.1751908510923368 59.533736914396286 24.974285617470741 10.811904758214952 14.197928875684736 10.252040259540079 3.5598952770233145 96.163772962987423 33.719707012176514 38.440892271697521 9.5771099999546987 109.60713202506304 83.805482782423496 25.536520719528198 75.737373754382133 96.401772975921631 114.49877043813467 56.674921706318855 41.541404701769352 16.46620212495327 12.05254817008972 58.789336040616035 40.821945957839489 33.536744922399521 52.185519650578499 55.524788193404675 268.86580938473344 9.4709248617291433 12.083806268870829 36.322517156600952
leaf_count=67 484 568 88 143 66 51 183 819 60 38 59 69 265 56 79 86 668 571 1815 65 378 365 136 433 1649 400 458 44 136 94 45 282 133 53 81 49 19 485 189 241 46 520 393 124 358 488 804 268 198 96 59 278 206 164 249 268 1348 60 60 229
internal_value=0.000629942 -0.00100611 -0.000382199 0.00748949 0.0184094 0.0263044 -0.00226203 -0.00101449 0.00427656 -0.000146239 0.0343392 -0.0127368 -0.00408972 0.00843574 -0.00233473 0.0025777 0.000248729 -0.00335373 -0.00538934 -0.00917394 0.000804995 0.00636523 -0.0037864 -0.0024208 -0.00197093 0.00312386 0.000513148 0.00554453 0.0183927 0.000783096 0.00890057 0.0114547 0.0138068 -0.00528116 0.0061145 0.0175002 -0.016 0.00249837 -0.00242071 0.00720911 0.0161396 0.00308482 0.00690302 0.00179142 -0.00158484 0.0118439 -0.00602959 -0.00941755 0.00264785 0.004585 0.003666 0.00812531 -0.00565203 0.00584994 -0.0020087 0.0107537 0.00758846 0.0100038 0.0161807 0.0066734
internal_weight=3106.46 1656.93 1576.09 114.854 52.9697 36.3122 61.8841 1461.24 47.2944 16.6575 28.7112 80.8385 44.0161 21.865 1108.78 189.725 172.605 919.052 616.456 290.246 302.597 136.354 166.243 157.775 326.209 352.463 244.923 131.159 33.2245 97.9348 107.54 93.6832 84.508 113.764 25.0098 17.9691 22.1511 1449.53 153.441 81.7377 48.018 1296.09 324.777 971.31 440.356 228.614 238.252 171.174 67.0779 530.954 202.104 126.367 57.2881 473.666 85.7223 114.314 387.944 278.337 144.808 48.4063
internal_count=18186 10571 9594 737 351 225 386 8857 243 126 174 977 409 125 7064 1266 1187 5798 4100 1880 1698 743 955 1101 2220 1793 1266 674 180 494 527 460 415 592 134 108 284 7615 960 476 287 6655 1655 5000 2357 1170 1394 1072 322 2643 963 605 302 2341 413 546 1928 1408 777 289
is_linear=0
shrinkage=0.0226245


Tree=99
num_leaves=61
num_cat=0
split_feature=13 16 37 26 7 28 8 1 35 29 37 12 27 34 39 1 45 39 6 35 9 35 34 45 6 12 6 30 23 1 27 12 45 6 28 35 8 34 1 1 4 36 1 29 9 34 35 6 8 37 28 35 29 1 29 31 7 39 14 7
split_gain=17.2674 31.4462 27.1344 48.1098 31.5012 24.6629 25.5212 23.1499 19.0302 22.5022 18.9006 31.2355 16.4789 16.931 17.1646 16.8681 15.833 18.795 16.4501 15.8002 15.7354 15.8248 20.5345 15.0777 14.5728 14.1387 29.7547 13.8 13.5943 13.1797 18.6305 12.6693 12.5669 12.1218 16.9291 11.9492 16.6877 11.4104 11.2544 13.3363 11.2113 10.8117 11.1135 17.8859 10.1762 9.87295 10.2956 9.67648 9.66657 9.61828 9.14808 8.75833 9.68081 8.64399 14.524 9.6245 8.25221 11.0216 8.23241 8.12172
threshold=-0.28144499999999995 -0.98874999999999991 -0.38194999999999996 0.49475000000000008 88.558573142757709 0.016945000000000005 0.014993011750000002 0.14932376460983257 15.500000000000002 -0.00023499999999999999 0.15495000000000003 0.12190500000000001 0.018245000000000001 231.50000000000003 0.15025000000000002 -0.074655183955426294 2.0013000000000001 0.24375000000000002 0.050394118953435658 30.500000000000004 1.5000000000000002 5.5000000000000009 66.500000000000014 1.9643000000000002 0.099091931395292918 -0.076919999999999988 0.022912021921726752 -0.024544999999999994 -37.864999999999988 -0.33269167376717707 0.010845000000000002 0.14357500000000004 1.8921000000000003 0.079865849708705569 0.023060000000000004 10.500000000000002 0.010287851250000002 19.500000000000004 -0.12401168100848313 -0.18086136161910119 2.5000000000000004 0.12535000000000004 -0.30224461091432481 -0.012864999999999998 1.0000000180025095e-35 125.50000000000001 16.500000000000004 -1.0000000180025095e-35 -0.023891031499999996 -0.33839999999999998 0.005085000000000001 14.500000000000002 0.034340000000000002 -0.076883114964743829 0.0056750000000000004 -0.004664999999999999 83.370390398411601 0.21435000000000001 1.2559500000000001 49.08766429431325
decision_type=2 2 2 2 2 2 2 2 2 2 2 2 2 2 2 2 2 2 2 2 2 2 2 2 2 2 2 2 2 2 2 2 2 2 2 2 2 2 2 2 2 2 2 2 2 2 2 2 2 2 2 2 2 2 2 2 2 2 2 2
left_child=20 10 3 37 7 6 25 8 16 58 11 27 13 28 15 -15 17 -4 -18 24 41 38 35 -11 49 -5 -27 -2 29 30 -12 -24 -26 -6 -35 36 -23 -3 39 -22 -39 42 43 -1 47 46 -13 -44 -37 -9 -42 -50 -53 54 -33 -56 57 -8 -10 -47
right_child=1 2 4 5 33 -7 56 19 9 23 12 45 -14 14 -16 -17 18 -19 -20 -21 21 22 31 -25 32 26 -28 -29 -30 -31 -32 53 -34 34 -36 48 -38 40 -40 -41 50 -43 44 -45 -46 59 -48 -49 51 -51 -52 52 -54 -55 55 -57 -58 -59 -60 -61
leaf_value=-0.0093571024034125663 0.007284169171380841 0.013150989684246763 0.004997552976175418 0.029225411006392702 -0.019464752481672381 0.024714050154245992 -0.010703100769436829 0.011896975897154301 -0.013394474796986357 0.010798517779527004 -0.0087727289019907811 -0.0036639494314672418 0.015485016483467956 0.041442525665515539 -0.0087374821745526132 -0.0027196181044249145 -0.0011406775642469758 0.01796078824165534 0.010525878937014274 0.015558034132417704 -0.0042964022378171778 -0.004062195702453004 0.0038533990088797021 -0.00069073515980650521 -0.02282152157140609 -0.011590580899137663 0.018562721802291716 -0.020246905530659741 -0.020197874599833236 -0.0066453214662694909 0.037125757208817611 0.027189274996354186 0.00055262375253853086 -0.018198216484839887 0.024484227013839805 0.010093478156245389 0.029283502378498784 0.0020674568036576691 -0.015931029812793686 0.023395360927448417 -0.0037792824568334258 -0.012134305688431176 -0.014509870138088962 0.021243048381455156 0.0051650826662581429 -0.012534821389554564 0.022925342011468869 0.0063360565101106582 -0.01882144002047241 -0.0098341031115726976 -0.019037785944764199 -0.0064990656461466267 0.014296283463657831 0.027730834847221872 0.013922903836343092 -0.011935558904893116 -0.015353475481445606 0.01811613402271639 0.0023907674059003223 0.0014226883390743095
leaf_weight=12.45742456614971 8.7361223846673948 22.14036363363266 263.63567718863487 22.489787429571152 55.287797577679157 68.645232729613781 11.302335113286974 8.5779881253838521 86.092905718833208 65.391472168266773 7.0118029713630659 13.174799762666227 25.954403311014175 9.072564981877802 10.704823069274424 6.4924208745360401 309.75963209569454 71.7560780569911 74.277808524668217 17.54169438034296 26.727937757968903 12.007371596992018 30.104467861354351 404.75334335118532 9.5597775280475599 22.576976381242275 48.151244260370731 109.53226532414556 27.689918890595436 64.671741131693125 6.5145691186189651 15.311036244034765 214.04620494693518 6.6424315534532052 6.674111619591713 27.581265270709991 15.730208098888395 103.9488839507103 18.791985668241978 9.9730500504374486 67.70222058147192 31.696170896291733 37.744613409042358 27.248034864664078 48.876880560070276 37.170718066394329 12.438420996069906 13.92212553322315 15.014255255460737 216.43571620807052 26.995232820510864 35.515291109681129 13.439573913812636 47.658975630998611 11.06303970515728 12.716203287243843 21.134193241596222 10.277373149991034 19.900052860379219 44.538806796073914
leaf_count=58 57 107 1489 111 737 406 55 48 496 341 57 67 139 63 78 54 1642 395 359 89 127 59 148 2355 44 152 263 1217 222 453 37 71 1029 64 30 127 72 503 96 52 371 195 189 125 239 201 61 64 77 1491 128 191 57 219 50 59 110 47 109 234
internal_value=0.000619254 -8.98342e-05 0.000930839 0.00605753 -0.000268264 0.0138809 0.00800922 0.000328661 0.00188436 -0.00117718 -0.0060522 -0.0102136 -3.78786e-05 -0.00335284 0.0120541 0.0254821 0.00433103 0.00790088 0.00117759 -0.00397992 0.00463199 0.00780732 0.0103383 0.000963531 -0.00483868 0.0145054 0.00886026 -0.0180879 -0.00739409 -0.00230144 0.0159788 0.0169688 -0.000725359 -0.0149902 0.00374525 0.003595 0.0158278 -0.00127724 -0.00294118 0.00438784 -0.00305106 -0.000793683 0.00196267 0.0116588 -0.00208531 -0.0012893 0.0102643 -0.0088545 -0.000482468 -0.00886516 -0.00856443 -0.00528194 -0.000310902 0.0212489 0.0119798 0.00029985 -0.0061885 0.00354089 -0.010446 -0.00513818
internal_weight=3102.98 2639.4 2255.7 425.364 1830.33 204.577 135.932 1761.73 1295.57 576.138 383.703 225.591 158.112 132.158 26.2698 15.565 719.429 335.392 384.037 466.161 463.58 291.635 236.142 470.145 448.62 93.218 70.7282 118.268 105.888 78.1981 13.5264 116.854 223.606 68.6043 13.3165 119.288 27.7376 220.787 55.493 36.701 198.646 171.945 140.249 39.7055 100.544 107.323 25.6132 51.6667 91.5504 225.014 94.6975 63.9691 48.9549 86.7493 39.0903 23.7792 42.7139 21.5797 105.993 81.7095
internal_count=18186 15911 12971 2253 10718 1144 738 9887 7186 3301 2940 1837 1103 964 195 117 3885 1884 2001 2701 2275 1405 1130 2696 2612 526 415 1274 769 547 94 547 1073 831 94 583 131 1109 275 179 1002 870 675 183 492 563 128 253 452 1539 499 325 248 399 180 109 212 102 605 435
is_linear=0
shrinkage=0.0226245


Tree=100
num_leaves=61
num_cat=0
split_feature=6 7 37 25 23 16 29 14 34 6 34 21 37 26 7 13 29 0 37 27 39 28 30 45 21 30 22 15 34 31 43 37 5 25 37 28 16 26 33 0 14 28 28 0 34 31 16 6 6 15 29 14 0 34 31 5 25 28 35 15
split_gain=17.0614 17.7426 25.1887 15.1728 14.2721 17.6233 21.6504 19.7824 14.3486 13.7015 13.1299 12.7526 13.3929 27.4687 14.5607 13.519 11.9559 15.7013 14.6199 24.427 26.2204 24.4204 23.0445 19.0172 15.8403 17.9823 15.2286 14.0413 12.1166 11.8968 11.8129 11.7196 17.8477 11.018 10.7751 10.3674 10.3051 10.2043 10.772 10.9148 9.99293 9.62153 9.44326 8.42962 8.4657 8.37902 8.27097 7.99419 9.07075 7.17221 8.64121 7.16226 7.79346 6.58142 5.58432 5.39988 5.06776 7.78365 4.8099 3.92069
threshold=0.076560353947975321 88.558573142757709 -0.32039999999999996 1.2173500000000004 73.350000000000009 1.0017500000000001 0.016820000000000005 0.99990000000000012 86.500000000000014 0.50574881528829474 243.50000000000003 11.700000000000001 0.20775000000000002 0.99985000000000013 77.188562596483933 -0.15780499999999997 0.0080300000000000007 1.4725451000000003 0.26835000000000003 -0.0084149999999999989 0.024450000000000003 -0.0019349999999999999 -0.039154999999999995 2.0169000000000001 14.075000000000001 0.0057850000000000011 1.4009500000000001 0.99135000000000006 214.50000000000003 -0.15870499999999996 0.37049872064126577 -0.38194999999999996 3.8716188669204716 0.88855000000000006 0.68895000000000006 0.018355000000000007 1.0961500000000004 0.6785500000000001 -2.0679499999999993 0.54088612000000014 1.0064500000000003 0.016355000000000005 -0.0075049999999999987 1.3130466500000002 3.5000000000000004 0.15048000000000003 1.0668000000000002 0.027937217539481453 0.063649349103435712 -0.98704999999999987 0.0058550000000000008 0.92640000000000011 0.64552435000000019 170.50000000000003 0.029940000000000005 13.666166305541994 0.80705000000000016 -0.0077649999999999993 10.500000000000002 1.0000500000000001
decision_type=2 2 2 2 2 2 2 2 2 2 2 2 2 2 2 2 2 2 2 2 2 2 2 2 2 2 2 2 2 2 2 2 2 2 2 2 2 2 2 2 2 2 2 2 2 2 2 2 2 2 2 2 2 2 2 2 2 2 2 2
left_child=1 4 3 33 16 7 10 -6 -8 11 30 -2 13 15 37 56 18 36 21 29 28 22 42 -22 27 -26 -24 -23 -21 -20 -7 -15 35 -3 -4 -33 43 51 -39 -40 -9 -5 -1 44 -18 -38 -10 -35 -49 50 -17 -14 -53 -51 -31 -34 -13 -58 -47 -32
right_child=9 2 34 41 5 6 8 40 46 -11 -12 12 14 31 -16 49 17 -19 19 20 23 24 26 -25 25 -27 -28 -29 -30 54 59 32 55 47 -36 -37 45 38 39 -41 -42 -43 -44 -45 -46 58 -48 48 -50 53 -52 52 -54 -55 -56 -57 57 -59 -60 -61
leaf_value=-0.0034093311302406228 0.024423990926816797 -0.010178214064106581 -0.02141009458968882 -0.02285442108361849 -0.0077749435080485679 0.0082222375302583011 -0.0082715844234656239 0.042346209585624683 0.029564971535306586 -0.015720558872513241 0.013539381320427587 0.023511962489745561 -0.0025678037656272378 0.032023455098733236 -0.015006286513220377 -0.0045824283178662059 0.012551968188770324 0.016276904438547984 0.007130548562919733 -0.022350296939171219 0.0090719149416145419 0.021312548353796614 0.00079713048518822137 -0.0033454854807558813 -0.0063312447102668156 0.0041087145656833529 -0.013975710971436978 -0.0011557630353302294 0.0059793798359874207 -0.014485232528158332 -0.0052715153732645643 0.0069748819053478683 -0.013408091830870092 -0.0051653472162349499 0.010828872186716226 0.029797841568304791 -0.019297738598325662 0.018080068813247783 0.0023912108592561514 -0.0090490756812512743 0.0089050140887188441 0.0068029236129595223 0.011316825273489924 -0.014174822010573976 0.0008528883957716946 -0.0090923823571486383 0.0067013272473983925 0.025924898857067172 -0.0013818486638375539 -4.9794191973614378e-05 0.015785557490364737 0.0052846196293803611 0.029004018110076253 -0.011329216473867964 0.00046733560795094012 0.0056914883155982626 0.018381535296127054 -0.0055523014410382909 0.010595643554017547 -0.021708993955107874
leaf_weight=78.202474512159824 12.584815308451651 11.106125719845293 58.386169530451298 14.875443913042547 7.7882864251732853 10.386788442730902 10.294184163212774 12.892156399786474 18.344151481986046 15.610196784138678 10.820445254445074 13.858006134629248 12.317314609885214 19.124389797449112 27.386403404176235 16.924782119691372 29.973879046738148 30.396670833230019 18.498473286628723 23.993724636733532 234.09606684744358 27.425952196121216 41.780532762408257 84.321499615907669 204.43374713137746 139.92921680957079 231.56697994843125 26.308137029409409 9.3943098410963994 72.054768949747086 13.083531491458414 20.446473192423582 10.916878350079061 7.9067993536591521 4.0799327418208113 23.217177174985409 20.979972153902054 11.675880849361418 105.3777142316103 67.857262223958969 9.1184249371290189 6.5784808769822112 27.856116861104965 15.561091199517248 886.14106574654579 10.141215249896051 16.604161739349365 20.346393197774891 8.1202979236841184 81.859541490674019 21.823492035269737 16.276589721441272 12.348810620605944 36.266009360551834 15.199691861867903 14.243340224027632 10.236477985978125 12.659645915031435 9.5047251582145673 26.214924715459347
leaf_count=383 58 81 874 108 62 74 52 75 85 73 63 62 58 106 173 93 142 132 79 152 1449 143 233 425 1413 795 2103 211 50 416 92 131 62 67 25 100 101 54 532 328 73 41 141 72 4472 47 82 120 42 376 103 77 60 169 73 67 47 59 43 200
internal_value=-5.36105e-05 -0.00085434 -0.00885493 0.000658816 -0.00040114 0.00664934 0.00210035 0.0211781 0.0134921 0.0034948 -0.00664458 0.00412253 0.00351598 0.00688496 -0.000265401 0.00203695 -0.000836242 0.000997638 -0.00232395 0.0008819 0.00375167 -0.00420687 -0.00829096 0.00578308 -0.00028279 -0.00209014 -0.011733 0.0108149 -0.0145379 -0.00851055 -0.0115434 0.0171536 0.0118966 0.00772188 -0.0189183 0.020208 0.000473098 0.00168918 -0.000627847 -0.00216501 0.0311362 -0.0140325 0.00065619 0.000972863 0.00127397 -0.0102907 0.0200451 0.0135347 0.0187264 -0.000929587 0.00718861 0.0115046 0.01724 -0.00370079 -0.011949 -0.00312355 0.0138428 0.00600947 0.000569844 -0.0169733
internal_weight=3067.72 2504.71 131.4 68.9335 2373.31 135.547 105.748 29.7989 45.2425 563.011 60.5057 547.401 534.816 281.576 253.24 193.628 2237.76 1002.7 1235.06 457.559 351.806 777.503 379.406 318.418 398.097 344.363 273.348 53.7341 33.388 105.753 49.6852 87.9483 68.8239 47.4796 62.4661 43.6637 972.302 225.854 184.911 173.235 22.0106 21.4539 106.059 931.676 916.115 40.6259 34.9483 36.3735 28.4667 156.874 38.7483 40.9427 28.6254 118.126 87.2545 25.1602 36.7541 22.8961 19.6459 39.2985
internal_count=18079 15291 1358 459 13933 858 648 210 219 2788 429 2715 2657 1375 1282 909 13075 5009 8066 2644 2076 5422 2860 1874 2562 2208 2336 354 202 568 366 466 360 310 899 231 4877 1109 914 860 148 149 524 4686 4614 191 167 229 162 741 196 195 137 545 489 129 168 106 90 292
is_linear=0
shrinkage=0.0226245


Tree=101
num_leaves=61
num_cat=0
split_feature=6 1 28 37 27 13 37 1 25 25 3 1 27 1 27 5 9 28 34 9 28 15 21 13 15 25 30 35 45 13 12 39 1 21 30 35 21 23 37 8 27 28 21 5 27 3 15 27 28 33 45 30 12 35 44 6 29 12 5 25
split_gain=16.4154 17.3032 22.7489 29.1338 34.0583 30.3393 23.4887 40.7886 22.0507 25.998 20.1471 20.1215 19.3042 18.7406 18.0723 18.0567 20.2627 19.7522 19.3833 30.8015 22.8601 19.4791 17.5542 16.2041 15.9072 15.9889 15.5461 15.0638 14.9346 14.6846 14.3923 13.9093 13.7194 14.1316 13.6845 12.9179 15.3742 14.4423 12.7699 12.7023 12.4894 12.3383 11.5913 11.8418 11.5474 13.3602 11.5313 10.6843 10.1246 10.1244 9.62558 8.91745 9.37088 8.78865 12.0019 11.3759 8.44894 8.41528 8.39186 8.07509
threshold=0.076560353947975321 -0.25240491029648521 0.0079750000000000012 0.45735000000000003 0.011115000000000002 -0.27219999999999994 -0.25479999999999997 0.079953309361965014 1.5297500000000002 0.98875000000000013 0.53489052911137436 0.090159735319324655 0.019455000000000004 -0.17838545856435761 -0.011504999999999998 11.732307434082033 4.5000000000000009 -0.014434999999999998 233.50000000000003 1.5000000000000002 0.016155000000000006 -0.99844999999999995 12.340000000000002 -0.28144499999999995 0.99215000000000009 0.45980000000000004 0.017215000000000005 29.500000000000004 2.0459000000000001 0.16884500000000005 -0.35048999999999997 0.33115000000000006 0.29771200054610242 11.700000000000001 -0.00039499999999999995 8.5000000000000018 17.290000000000003 -52.854999999999997 -0.63824999999999987 -0.023891031499999996 0.027255000000000005 0.031075000000000002 13.095000000000001 24.210370063781742 -0.0064349999999999989 1.1044262390858315 -0.97444999999999993 -0.0023549999999999999 0.0093150000000000021 -0.59194999999999987 1.9921000000000002 0.12751500000000002 -0.075399999999999981 15.500000000000002 0.059405000000000006 -1.0000000180025095e-35 0.017395000000000004 -0.13149999999999998 -1.0062105655670164 0.15155000000000002
decision_type=2 2 2 2 2 2 2 2 2 2 2 2 2 2 2 2 2 2 2 2 2 2 2 2 2 2 2 2 2 2 2 2 2 2 2 2 2 2 2 2 2 2 2 2 2 2 2 2 2 2 2 2 2 2 2 2 2 2 2 2
left_child=1 15 3 5 -5 35 8 22 9 14 11 57 27 -6 -4 16 18 -18 19 44 -20 34 47 -16 25 -24 -26 29 -10 -9 -12 -17 33 -2 -21 36 37 -3 -30 -23 48 -19 -35 59 45 -1 58 -8 -11 -32 -46 52 -34 55 -55 -37 -38 -7 -15 -44
right_child=32 2 6 4 13 10 7 12 28 40 30 -13 -14 46 23 31 17 41 20 21 -22 39 24 -25 26 -27 -28 -29 38 -31 49 -33 51 42 -36 53 56 -39 -40 -41 -42 -43 43 -45 50 -47 -48 -49 -50 -51 -52 -53 -54 54 -56 -57 -58 -59 -60 -61
leaf_value=-0.0064601342854235235 0.028630058977506506 -0.020482026462728592 0.023364207020647457 -0.0064969827568073036 -0.008382656337606419 0.0052318558206184505 0.030409173790496381 -0.018181500984669943 -0.012298950311473086 0.03466746437890756 0.01035209752353573 0.016344693067116372 0.01135709641993767 0.008003269717823943 0.011888110606247974 0.0075855335127593656 0.012290424623746051 -0.019547214630059193 0.035455143924591488 0.0080381387581935412 -0.0017377238733959654 -0.016084401989713747 -0.0026190079708348734 -0.0080229165663764368 -0.0061617703753454028 0.012109050112600991 0.0021715070651992909 0.011342685120128166 0.024866581979411922 -0.0066170383770925104 0.001747695599089347 0.03103581185982867 0.011307149301033831 -0.00822570891725629 0.030950154831142277 -0.018196405064334124 0.024558368508647309 0.010846194423910636 -0.0086545279600391441 0.0055032201141788145 -0.0056851067247885474 0.0051118872507921933 -0.0051395949241640317 -0.0050282933239393732 -0.0017541945805580733 0.022266710562364359 -0.0047919764086390652 0.0030548225373245442 0.014713059050611453 -0.01409340474091807 -0.016483118805840264 -0.012621491073752105 -0.0030716464691773289 -0.002310132138200356 0.022175634137055214 0.0056612528398131742 0.0029677164139754134 -0.013559034163741405 0.026763661930661205 0.0082763152640814731
leaf_weight=18.448646023869518 10.368483781814573 12.163908466696741 13.042422249913214 85.50585900619626 15.185147054493426 16.27355595678091 13.855176124721767 106.45931413769722 46.982569202780724 15.33767920732498 11.827115148305891 24.347598023712635 19.734618037939072 21.135444484651089 26.154823794960976 70.113223224878311 15.091690063476561 49.713242094963789 16.880272276699547 33.143382847309113 14.33116829395294 13.977523453533648 57.942443236708641 72.490235313773155 200.13858652487397 100.73440442979336 260.63823259621859 12.766266629099844 10.055416710674765 126.71430353820324 21.35679853707552 14.016518488526343 27.980696946382523 30.024392828345299 23.240557141602039 32.003818813711405 23.936590988188982 12.465650193393229 8.5083875954151136 78.451146021485329 11.016351222991942 11.644303739070891 22.906109288334846 43.189886376261711 38.926403731107712 10.89284288138151 8.9851355999708158 14.245210722088812 95.634023394435644 334.76499571278691 54.314024314284325 31.102185472846031 90.514060754328966 91.444998428225517 8.6032937802374345 12.865196794271467 15.538823977112768 34.246067620813847 42.701881550252438 306.88588732108474
leaf_count=89 47 68 62 472 79 79 74 1058 253 79 57 145 91 119 118 335 71 352 96 191 68 69 287 416 1229 485 1248 69 57 747 115 66 132 153 158 200 130 64 45 440 50 53 119 206 231 50 46 72 541 2990 378 144 455 465 53 63 71 219 228 1532
internal_value=-4.92021e-05 -0.000835667 -0.00173312 -0.00462331 0.0035701 -0.00681046 0.000240642 -0.00156401 0.0057107 0.00894204 -0.0101457 0.000539397 -0.008978 0.0132466 0.000984816 0.00309894 0.000957602 -0.00923775 0.00359642 0.00155887 0.0196785 0.00840315 0.00150416 -0.00255536 0.000669594 0.00678031 -0.0014639 -0.0107228 -0.00570009 -0.0120551 -0.0123071 0.0123943 0.00343105 0.00554548 0.0185317 0.000297266 0.00853431 -0.00515235 0.010407 0.00184953 0.0160357 -0.0148479 0.00475175 0.00585169 -0.00675212 0.00524551 0.0179048 0.0181217 0.0182817 -0.013137 -0.0105719 -0.00240599 0.000512175 -0.00344211 0.000359355 -0.0114271 0.0168426 -0.00755041 0.0211687 0.00730789
internal_weight=3063.96 2500.99 2037.8 825.352 173.513 651.838 1212.45 913.229 299.222 233.676 442.816 74.8672 265.675 88.0076 111.687 463.185 379.055 76.4492 302.606 271.395 31.2114 148.813 647.554 98.6451 619.454 158.677 460.777 245.94 65.5464 233.174 367.949 84.1297 562.972 413.375 56.3839 209.022 64.105 24.6296 18.5638 92.4287 121.988 61.3575 403.006 372.982 122.582 29.3415 72.8225 28.1004 110.972 356.122 93.2404 149.597 118.495 144.917 100.048 44.869 39.4754 50.5196 63.8373 329.792
internal_count=18079 15291 12644 5663 944 4719 6981 5360 1621 1266 3605 443 1965 472 596 2647 2246 476 1770 1606 164 858 3395 534 3249 772 2477 1874 355 1805 3162 401 2788 2057 349 1114 333 132 102 509 670 405 2010 1857 748 139 393 146 620 3105 609 731 587 781 518 263 201 298 347 1651
is_linear=0
shrinkage=0.0226245


Tree=102
num_leaves=61
num_cat=0
split_feature=28 37 37 27 13 35 37 12 1 37 12 5 1 35 28 7 15 30 30 31 35 21 31 31 5 1 37 16 28 28 3 1 43 3 12 37 21 28 34 44 35 37 8 0 4 6 33 21 21 13 30 5 26 37 3 41 34 27 6 3
split_gain=27.1501 35.4821 29.6197 38.426 21.7992 45.0964 27.8465 22.9495 23.859 24.8371 29.8524 24.135 25.8549 23.0855 20.6707 20.2975 19.2215 16.8161 16.1728 18.2109 15.365 15.3059 14.8081 18.674 13.5333 13.464 13.3367 13.0237 13.1475 13.0199 20.9041 17.0096 20.8195 16.2626 12.7322 12.0767 11.9071 14.4361 14.9677 13.6208 11.7649 11.6069 15.0071 13.2621 11.1958 10.9668 10.8925 10.7626 10.0694 11.0117 10.0139 9.63869 9.61405 9.55239 9.46865 9.34737 9.25237 11.5695 9.08198 10.4217
threshold=0.022165000000000001 0.19405000000000003 0.4431500000000001 0.018445000000000007 0.11255500000000002 3.5000000000000004 0.20275000000000001 0.17670000000000002 -0.19374024237116164 0.22715000000000005 0.059730000000000012 7.2427406311035165 0.4110234068058608 3.5000000000000004 -0.0079549999999999985 87.580083557605505 0.99065000000000014 -0.025624999999999998 0.05290000000000001 -0.093159999999999979 28.500000000000004 12.430000000000001 0.068870000000000015 0.092320000000000013 -1.5855720639228819 0.36775495192309338 -0.54059999999999986 0.98365000000000014 0.0073550000000000013 0.066810000000000022 1.1451204537897415 -0.021280646482243547 0.29065122947655014 1.0199959078667289 -0.033984999999999994 -0.54059999999999986 12.030000000000003 -0.0062049999999999996 26.500000000000004 0.022972300000000005 15.500000000000002 0.53085000000000016 -0.023891031499999996 0.22376469500000004 2.5000000000000004 -0.043418744248991038 1.0000000180025095e-35 17.765000000000004 19.045000000000005 0.17957000000000004 0.082485000000000017 2.2115581035614018 0.28750000000000003 0.8267500000000001 1.2135238436977305 0.65073041079553096 19.500000000000004 -0.0051249999999999993 0.11197062457094696 1.4143505563520804
decision_type=2 2 2 2 2 2 2 2 2 2 2 2 2 2 2 2 2 2 2 2 2 2 2 2 2 2 2 2 2 2 2 2 2 2 2 2 2 2 2 2 2 2 2 2 2 2 2 2 2 2 2 2 2 2 2 2 2 2 2 2
left_child=2 18 4 16 7 15 20 8 9 17 40 12 35 -9 -12 25 36 51 19 -2 27 -15 56 -24 -18 48 -23 28 -7 30 31 33 50 41 -31 -10 -4 38 -38 -39 -11 42 -3 -43 -40 -19 -14 -29 -6 -50 -33 -1 -21 -34 -32 -28 57 -8 -56 -60
right_child=1 29 3 -5 5 6 22 13 11 10 14 -13 46 21 -16 -17 24 45 -20 52 -22 26 23 -25 -26 -27 55 47 -30 34 54 32 53 -35 -36 -37 37 39 44 -41 -42 43 -44 -45 -46 -47 -48 -49 49 -51 -52 -53 -54 -55 58 -57 -58 -59 59 -61
leaf_value=-0.0016727852284543184 -0.0058577551124317758 -0.0054995698109008544 -0.014319596118075229 0.02037857816590221 0.027945166052208738 -0.0022752227392159804 -0.014981705518416308 -0.012614011114607731 -0.0028270245703129952 0.011044486024331925 0.0063759053130722455 0.0017954312550878164 0.028848750678985364 -0.015946138529482394 0.056727769598263748 -0.0090342090861787513 0.012598059272065759 -0.0017663618353244833 0.00052816551101562232 0.0052692311772749014 0.019882074966856532 -0.003834395765804118 0.020117744737464742 -0.010698426799988257 -0.009758252050975939 -0.0059046420900466072 0.0087767411731380276 -0.0060276737271311547 0.015205561979746266 0.014463107306151746 -0.018785338632223085 -0.013005802517582685 0.011117198333687477 0.023458382905755616 -0.0076732092344805394 -0.013178021868311889 0.014312342790582864 0.0066727908883264407 0.018466172511793492 0.034704403173457132 -0.012888938340842577 -0.014490013060068736 0.018458126741379484 0.0048586980779765122 -0.0015501135462237961 -0.013683010694908165 -0.0066391892184031829 0.0032783542328677635 0.026787120118775425 0.0015757078520164474 0.0064781288085524876 0.014051556499878695 0.021487450259396312 -0.0071655809544701639 -0.0056925267079134317 -0.0071634255264832192 -0.021447649132219939 0.019796528664368533 0.0234775132098743 -0.00063962810846977173
leaf_weight=51.183468922972679 16.502264633774757 16.704163074493408 13.482661508023737 60.464005783200264 46.014588922262192 38.150083541870117 9.2626511715352517 53.556840665638447 69.298922181129456 21.759872682392597 8.1928430870175379 92.338840272277594 9.164860434830187 17.330413162708282 7.8180436491966239 14.707672283053396 13.631644330918787 74.406002182513475 48.021696105599403 25.437935024499893 18.28185360878706 72.129644781351089 12.278910115361212 27.018200993537903 93.688627894967794 9.4540680050849897 193.0540055334568 162.44611440226436 47.144414488226175 58.507129147648811 20.219407811760902 68.319850362837315 56.860539503395557 27.601876959204674 14.990237206220625 406.42559765279293 46.608439732342958 24.42593240737915 12.782294966280459 12.895012207329271 15.449102390557526 21.711280018091202 47.487307265400887 66.057163685560226 160.65039148181677 83.879307236522436 5.5572563931345931 101.02999820560217 11.206555515527723 24.966487109661102 14.77999886870384 29.267207652330399 103.78215123713017 17.152840599417686 191.08405489474535 18.67324310541153 57.312718395143747 5.313153311610221 9.1868949085473997 37.496540859341621
leaf_count=257 74 79 77 360 240 200 100 282 448 144 44 501 68 87 45 100 76 421 211 112 91 343 64 143 594 44 919 1035 248 259 104 347 288 126 67 3659 232 127 59 69 116 105 218 315 824 754 52 590 52 118 70 135 544 87 931 93 378 35 44 179
internal_value=0.000118532 0.0035267 -0.00118831 0.00406995 -0.00246418 0.00112893 -0.00185637 -0.00417125 -0.00613425 -0.000841958 0.0127271 -0.00876824 -0.010756 0.000679638 0.0358812 0.0142472 0.00132748 -0.003983 0.0119751 0.0156636 0.0011692 0.00314103 -0.011621 -0.00035021 -0.00666241 0.0181458 0.00445549 3.28212e-05 0.00756862 0.00103589 -9.31589e-05 0.00360739 -0.00181889 0.00830889 0.00982859 -0.0116964 0.00453038 0.0056661 0.00333921 0.018158 0.000894298 0.0051703 0.0122554 -0.000237141 0.000203832 -0.00821356 0.0165621 -0.0024624 0.0210191 0.0107916 -0.00943901 0.00433667 0.0184801 0.00676988 -0.00490888 0.00729327 -0.0175301 -0.00112515 -0.00351721 0.00519925
internal_weight=3114.61 861.903 2252.7 438.629 1814.07 584.587 478.238 1229.49 874.741 291.956 53.2199 582.785 490.447 354.744 16.0109 106.349 378.165 238.736 193.744 145.722 367.052 301.187 111.186 39.2971 107.32 91.6417 283.857 348.771 85.2945 668.159 594.662 336.675 157.113 179.562 73.4974 475.725 270.845 257.362 220.041 37.3209 37.209 151.96 64.1915 87.7684 173.433 158.285 14.7221 263.476 82.1876 36.173 83.0998 80.4507 129.22 74.0134 257.987 211.727 71.8885 14.5758 237.767 46.6834
internal_count=18384 4160 14224 2418 11806 3438 2884 8368 6644 1916 349 4728 4227 1724 89 554 2058 1567 941 730 2164 1442 720 207 670 454 1355 2073 448 3219 2893 1635 792 843 326 4107 1388 1311 1115 196 260 717 297 420 883 1175 120 1625 410 170 417 392 656 375 1258 1012 513 135 1154 223
is_linear=0
shrinkage=0.0226245


Tree=103
num_leaves=61
num_cat=0
split_feature=28 37 37 27 13 35 37 2 12 1 37 12 5 1 35 28 15 22 12 21 35 31 31 0 13 33 13 27 34 22 7 5 8 21 7 12 18 28 18 28 5 5 2 12 37 43 41 7 9 37 35 2 37 13 34 31 37 31 29 43
split_gain=25.9339 33.9025 28.4301 37.128 20.9428 43.0574 26.8356 22.1474 22.0008 23.0739 23.8829 28.4314 23.3166 24.9896 22.1701 19.327 18.4266 15.2773 18.958 14.7452 14.7288 14.4273 17.9194 13.9898 13.7259 16.1964 13.3831 17.1213 13.2094 13.6449 13.1088 13.0254 12.9345 18.9754 12.8792 12.7226 12.4429 12.4983 12.4388 12.4123 16.5041 14.5559 14.4717 13.1716 18.3355 14.4392 12.5667 12.1234 11.9694 11.9593 11.3206 10.963 13.1093 10.7508 10.6785 10.3322 9.95106 9.45249 9.40741 9.30979
threshold=0.022165000000000001 0.19405000000000003 0.4431500000000001 0.018445000000000007 0.11255500000000002 3.5000000000000004 0.20275000000000001 0.47064298189171799 0.17670000000000002 -0.19374024237116164 0.22715000000000005 0.059730000000000012 7.2427406311035165 0.4056888679950697 3.5000000000000004 -0.0079549999999999985 0.99065000000000014 2.7043500000000003 -0.20808999999999997 12.430000000000001 28.500000000000004 0.068870000000000015 0.092320000000000013 1.1474606000000003 0.033405000000000004 -0.3199499999999999 -0.26382499999999992 -0.0067449999999999993 27.500000000000004 3.8452000000000006 87.580083557605505 -1.5855720639228819 0.028278559500000005 19.830000000000002 56.406103668707225 -0.24543499999999999 0.98365000000000014 0.0080900000000000017 -0.98624999999999985 0.066810000000000022 10.708831787109377 -0.21523579955101008 0.63253206420908292 -0.087049999999999975 1.0271500000000002 0.056831857881912598 0.47891318072572991 22.046100118184352 4.5000000000000009 -0.54059999999999986 15.500000000000002 0.11892156507234286 0.31225000000000008 -0.45707999999999999 111.50000000000001 1.0000000180025095e-35 1.3158000000000001 0.0097950000000000016 0.021585000000000003 0.29065122947655014
decision_type=2 2 2 2 2 2 2 2 2 2 2 2 2 2 2 2 2 2 2 2 2 2 2 2 2 2 2 2 2 2 2 2 2 2 2 2 2 2 2 2 2 2 2 2 2 2 2 2 2 2 2 2 2 2 2 2 2 2 2 2
left_child=2 23 4 16 8 7 20 30 9 10 26 50 13 49 -10 -13 17 -4 -19 -16 36 -8 -23 24 -2 55 53 -28 47 -30 35 -18 38 -34 -15 -6 37 -7 -21 40 41 46 56 44 45 -43 -3 -20 57 -11 -12 -42 -53 -1 -38 -26 -41 -14 -45 -9
right_child=1 39 3 -5 5 6 21 59 14 12 11 15 48 34 19 -17 31 18 28 32 -22 22 -24 -25 25 -27 27 -29 29 -31 -32 -33 33 -35 -36 -37 54 -39 -40 42 51 43 -44 58 -46 -47 -48 -49 -50 -51 -52 52 -54 -55 -56 -57 -58 -59 -60 -61
leaf_value=-0.0012941700642126379 0.0035791722345859282 -0.0086714898748556108 0.01456625917411008 0.020098612865823356 0.0077649621357893375 -0.001966500176317716 -0.017318131291852452 0.011188520459264101 -0.012411076865413075 -0.0027684077121596954 0.010767764264681783 0.0062591745419216371 0.011677646613376121 -0.0077842399908349914 -0.015731870343902735 0.054775581049956695 0.01230211382291945 0.031353539679914173 -0.013283642560342685 0.013534070423209964 0.019445300991211549 0.019614965417457324 -0.010527674629652307 -0.0035817578708855807 0.017091694094641327 0.022302809840012889 0.0042956835989716533 -0.014199041344572068 -0.012308455251907045 0.0015622254625728754 -0.0022138133717225887 -0.0095931164876153184 -0.0089206951851083256 0.011612184062145136 0.027765139197943742 0.030870977393647241 0.0008013058125699074 0.015017509076074201 0.0018403207765386343 0.032474787427436341 0.0029830084318987239 -0.0033896226157605607 -0.0033225218257815809 -0.014976601013148913 -0.0040940934338896855 0.012766428595094949 0.01013558254892011 0.014994712198722688 -0.014158682496384255 -0.013081779010504991 -0.012728297522046602 0.0090342897524197333 -0.012315415279446856 0.017441374446068872 -0.008783133531776054 -0.0091779341248575987 0.0091576013087308616 -0.0042476831103517203 0.0025985258426354002 -0.011246164233142345
leaf_weight=100.39321555197239 48.319589361548424 85.429931700229645 56.783631548285484 59.965230368077755 19.847539961338043 39.403726063668728 71.165574934333563 13.958543635904787 53.251843735575676 69.227245021611452 21.886987142264843 8.2105624005198496 46.727314494550228 6.9141072705388096 17.209801003336906 8.014282360672949 13.712396845221518 7.5391994565725318 7.1074091270565978 93.124563254415989 18.333954840898514 12.381675496697424 26.883693560957909 25.454400479793549 10.245358414947988 94.22837195917964 34.127229120582342 87.901059240102768 51.365223154425621 108.06534263491631 10.627523757517336 93.20063965767622 67.247776582837105 31.487376540899277 10.351900767534969 43.504711784422398 176.67383440211415 46.138852465897799 92.446683764457703 12.383429065346716 48.48365493118763 32.677532985806465 27.252020865678787 23.56092045083642 58.434239447116852 167.75982864201069 20.310881987214088 40.239621378481388 16.641576118767262 400.58126692473888 15.328036736696957 14.874589487910269 106.63155803084373 15.618016485124825 86.502929992973804 15.580711439251898 34.048709481954575 29.036319151520729 36.257731437683105 18.783246204257011
leaf_count=478 215 419 281 360 88 209 513 71 282 448 144 44 254 67 87 45 76 35 39 455 91 64 143 134 46 474 173 827 300 530 57 594 307 134 82 212 1156 239 459 54 236 152 123 142 287 788 96 203 91 3630 116 67 536 89 469 72 149 156 170 126
internal_value=0.000120303 0.0034502 -0.0011593 0.00399567 -0.00241112 0.00111047 -0.0018148 0.013901 -0.00408824 -0.0060174 -0.000812314 0.0124589 -0.00861852 -0.0105852 0.000658209 0.0348862 0.00130797 0.00443724 0.00159526 0.00306244 0.00114781 -0.01144 -0.00032886 0.0117061 0.0140388 0.0180653 -0.00390554 -0.00904694 9.26378e-05 -0.00304629 0.0205402 -0.00653473 0.00434713 -0.00222841 0.014455 0.0242874 3.37415e-05 0.00738563 0.00782625 0.00101487 -8.9138e-05 0.00229757 0.0095881 0.00470333 0.00690302 0.0101217 -0.00488524 0.0102292 0.00175481 -0.0115883 0.000870084 -0.00598704 -0.00955247 0.00159101 -0.0024102 0.00191505 0.0169162 0.00564245 -0.00469526 -0.00154976
internal_weight=3109.85 861.933 2247.91 437.979 1809.93 584.206 477.484 106.722 1225.73 870.959 291.479 53.4399 579.48 487.075 354.768 16.2248 378.013 271.1 214.317 301.516 367.053 110.431 39.2654 193.828 168.374 120.054 238.04 122.028 206.778 159.431 73.9798 106.913 284.306 98.7352 17.266 63.3523 348.719 85.5426 185.571 668.105 594.421 424.431 73.6842 318.69 258.872 200.437 105.741 47.347 92.4052 469.809 37.215 169.99 121.506 116.011 263.177 25.8261 46.4321 75.7636 59.8187 32.7418
internal_count=18384 4160 14224 2418 11806 3438 2884 554 8368 6644 1916 349 4728 4227 1724 89 2058 1388 1107 1442 2164 720 207 941 807 592 1567 1000 1072 830 357 670 1355 441 149 300 2073 448 914 3219 2893 2054 326 1539 1227 940 515 242 501 4078 260 839 603 567 1625 118 203 410 312 197
is_linear=0
shrinkage=0.0226245


Tree=104
num_leaves=61
num_cat=0
split_feature=30 7 6 0 37 37 27 45 33 28 45 7 28 8 33 34 16 12 21 8 5 21 21 1 41 39 21 1 35 34 41 31 45 39 34 21 12 8 14 30 0 8 15 8 30 8 30 39 12 5 8 35 30 1 28 8 30 7 5 8
split_gain=20.2429 24.051 18.4555 23.8408 18.2399 16.9044 22.6858 15.4882 14.8872 14.8653 18.7567 15.443 14.3206 14.2719 14.7736 13.2932 12.9574 15.8458 13.3335 12.8139 16.8644 10.9377 25.0252 12.8873 19.07 14.7463 14.4938 12.8184 10.794 12.3387 10.9672 10.7262 10.0043 11.6749 9.96007 19.4652 10.7937 9.84575 9.77976 9.73249 9.72875 9.62662 10.24 9.50051 11.1612 9.41996 9.34866 9.28942 9.27924 9.029 11.4029 8.71148 8.16592 7.61719 9.8403 9.1298 7.58218 7.56263 7.4916 11.4902
threshold=0.024395000000000003 83.370390398411601 0.046075218878931908 0.47369425000000004 0.21815000000000004 -0.23454999999999995 -0.011314999999999999 1.9601000000000002 0.0038500000000000006 -0.008119999999999997 1.9395000000000002 40.730556123734743 -0.0072149999999999992 -0.018506586499999995 -0.35954999999999993 248.50000000000003 1.0668000000000002 -0.024909999999999998 19.375000000000004 -0.0098179579999999999 -1.2093867063522337 17.765000000000004 18.220000000000002 0.0098888985492843525 0.290760398373964 0.067650000000000002 22.065000000000005 0.059294106835112902 12.500000000000002 94.500000000000014 -0.082323841879680504 0.039055000000000006 2.1395000000000004 0.32245000000000007 247.50000000000003 15.330000000000002 -0.25459499999999996 -0.10574537499999999 1.5883500000000004 0.017215000000000005 0.54088612000000014 0.0029696524000000003 -0.99494999999999989 0.028798312000000003 0.054130000000000005 -0.042439043499999989 -0.014514999999999998 0.17205000000000001 0.040935000000000006 6.2979090213775644 0.055451213500000006 3.5000000000000004 0.0083050000000000016 -0.072610776515633094 0.035925000000000006 0.030024350000000002 -0.06971999999999999 72.529513457513772 1.6510894298553469 -0.012145161749999998
decision_type=2 2 2 2 2 2 2 2 2 2 2 2 2 2 2 2 2 2 2 2 2 2 2 2 2 2 2 2 2 2 2 2 2 2 2 2 2 2 2 2 2 2 2 2 2 2 2 2 2 2 2 2 2 2 2 2 2 2 2 2
left_child=1 2 3 7 12 6 -3 9 32 -1 45 -12 31 14 -9 -8 17 46 -19 -15 -21 34 -23 24 26 49 -24 -27 51 30 -30 -4 33 57 41 36 -36 -34 -35 53 -31 58 -43 47 -45 -11 -14 -29 -7 50 -25 52 -6 55 -55 -10 -16 -5 59 -2
right_child=21 5 4 8 28 48 15 13 39 10 11 -13 16 19 56 -17 -18 18 -20 20 -22 22 23 25 -26 27 -28 43 29 40 -32 -33 37 38 35 -37 -38 -39 -40 -41 -42 42 -44 44 -46 -47 -48 -49 -50 -51 -52 -53 -54 54 -56 -57 -58 -59 -60 -61
leaf_value=-0.0094299328398262244 -0.00081865285359252035 0.024256092867604762 -0.0089039703506607632 0.00083773938981273959 0.0081663981070254528 -0.02031825784405928 -0.012529667292151247 0.015350869602762055 0.011087145919603917 0.012936412811960554 0.033233882141659336 0.0076731200829890057 0.0098398492760943378 -0.016527786668471867 -0.010945544061348301 0.014110148637905702 -0.0066596831743813267 0.012796206793272971 -0.00744931862862555 0.0021474500739712943 -0.0070504125107626395 0.021901514581213557 0.0071696278555526015 0.030058592235548177 -0.010874442807321047 0.016811768416476448 -0.012493116787965932 -0.015464540039232746 0.0087940207439692608 0.02410591235970835 -0.014391123885256311 0.011802852233441321 -0.0019772791878864822 -0.01948577589080671 -0.0013974179443944469 -0.014029586817546204 0.024023944580418753 0.024289284662558915 0.0052781446798263344 0.020854385716133683 0.0014153130924518852 -0.01678857855230783 -0.00027119321872912008 0.019348784643685616 0.00070497407333004313 -0.0057918350173315888 0.03352060979017113 0.0023033064131428535 0.012463559526363929 0.00085995436332753962 0.0033615872053812043 -0.015768309075089502 -0.0149066479833824 0.0031908726678726903 -0.016848159262074884 -0.0055801681666420569 0.0022565979141089508 -0.014091519961195176 -0.0033324195292982741 0.018851546690267864
leaf_weight=36.62872576713562 24.439223110675812 10.838439881801603 33.132340140640736 281.32577518746257 21.025454699993137 58.951192792505026 49.759847480803728 29.912556640803814 110.29192610830069 15.045127257704733 15.22416093200445 44.490639194846153 16.716392412781715 52.497098781168461 30.658676885068417 9.1959377676248533 15.226472958922384 80.259323686361313 18.775710619986057 128.82962464913726 467.55019952356815 41.605297245085239 123.91824619472027 28.203168332576752 57.21668553352356 30.477848410606384 19.902320094406605 24.478977277874947 15.441369764506815 17.01545324921608 22.02993743121624 17.013989627361298 12.842531546950342 27.436899837106466 11.205641329288477 10.761799812316893 29.448424920439724 12.897653311491011 9.7360659390687925 19.981484115123749 19.561160378158092 17.131988927721977 476.31368494778872 20.443468943238258 56.379881463944912 56.275129340589046 25.984637796878815 32.068468123674393 2.8832875639200202 12.694409817457197 12.199207946658133 33.724394463002682 8.8003080636262876 81.696667060256004 11.834976702928541 17.934566125273705 64.017662055790424 15.606025338172911 23.551504872739315 36.331837698817253
leaf_count=205 117 55 206 1572 101 922 404 147 541 71 76 253 77 350 144 57 71 455 109 892 3798 189 585 134 270 148 95 123 82 81 126 80 54 165 53 50 146 57 46 102 100 89 2361 111 251 285 120 174 19 60 52 186 55 430 58 82 352 89 121 204
internal_value=0.000617805 -0.000723267 -6.44108e-05 -0.00112365 0.00464604 -0.00996601 -0.00214717 -0.00336827 0.00238717 0.00282808 0.00638432 0.0154243 0.00884314 -0.00471699 0.00225398 -0.00790869 0.012154 0.014268 0.00885539 -0.00605953 -0.00506271 0.00310006 0.00574241 0.00399447 -0.000143429 0.0077804 0.00425593 0.00426755 -0.0017233 0.00408438 -0.00489121 -0.00161776 -0.000536156 -0.00162288 0.00115249 0.0104161 0.0173894 0.0123081 -0.0130869 0.00669364 0.0129642 0.000280332 -0.000939176 0.00110487 0.00618844 -0.00149076 0.0254628 -0.00576644 -0.0183009 0.0178399 0.0227609 -0.00837363 0.000642325 0.00516557 0.000225814 0.00868423 -0.0022163 -7.52712e-05 0.00721127 0.0112633
internal_weight=3107.82 2019.05 1887.42 1542.71 344.707 131.629 69.7942 941.13 601.585 167.664 131.035 59.7148 207.109 773.466 124.589 58.9558 156.963 141.736 99.035 648.877 596.38 1088.77 459.588 417.983 201.037 216.945 143.821 163.849 137.598 74.0479 37.4713 50.1463 359.845 334.105 629.184 51.4159 40.6541 25.7402 37.173 241.74 36.5766 577.768 493.446 133.371 76.8234 71.3203 42.701 56.5474 61.8345 53.0968 40.4024 63.5502 29.8258 221.758 93.5316 128.226 94.6763 296.932 84.3226 60.7711
internal_count=18408 13075 11618 9769 1849 1457 516 6573 3196 890 685 329 1118 5683 643 461 832 761 564 5040 4690 5333 2192 2003 950 1053 680 807 731 389 208 286 1983 1872 3141 249 199 111 211 1213 181 2892 2450 659 362 356 197 297 941 246 186 342 156 1111 488 623 496 1661 442 321
is_linear=0
shrinkage=0.0226245


Tree=105
num_leaves=61
num_cat=0
split_feature=30 7 13 2 31 5 28 18 34 29 25 39 34 3 3 27 0 2 33 45 45 23 21 21 1 25 21 39 1 25 33 30 0 25 29 2 15 8 30 7 25 25 39 21 37 37 7 45 25 1 37 45 30 37 12 29 25 39 13 29
split_gain=19.3494 23.1765 18.9045 14.0612 15.0592 14.2139 14.5079 15.9429 16.4295 13.3537 13.085 14.5745 11.3301 11.5307 16.3206 10.9157 10.8578 12.5573 14.5476 10.906 11.8991 10.8785 10.472 23.855 12.3637 15.9484 14.8743 14.0154 12.2392 11.8178 11.7349 9.7484 10.4905 15.5164 12.4721 10.6671 10.6385 9.13468 10.747 9.04972 20.3759 13.3412 8.97562 8.89 8.62544 8.40837 8.35627 8.27258 7.95334 7.90013 14.9819 7.76886 6.8877 6.54538 8.09916 6.17603 8.86717 6.11492 6.11459 5.98642
threshold=0.024395000000000003 83.370390398411601 0.26399500000000004 0.90530548836843461 0.026255000000000004 39.979614257812507 0.054740000000000004 1.0637500000000004 77.500000000000014 0.060905000000000008 0.33415000000000006 0.14015000000000002 248.50000000000003 0.99638277992112168 1.0879883100171852 -0.013964999999999998 0.042343330000000005 0.76692193675889342 -0.39734999999999993 1.9601000000000002 1.9575000000000002 72.975000000000009 17.765000000000004 18.220000000000002 0.0098888985492843525 0.47585000000000005 21.885000000000002 0.067650000000000002 0.059294106835112902 0.24875000000000003 0.19595000000000004 0.024985000000000004 0.60100786500000003 1.5426000000000002 0.012140000000000001 0.5969626616524043 -0.99494999999999989 0.028798312000000003 0.054130000000000005 69.4647404526401 0.99990000000000012 0.82550000000000012 0.17205000000000001 19.355000000000004 -0.59134999999999993 -0.31264999999999993 56.406103668707225 2.0105000000000008 0.073050000000000018 0.14154344167778068 0.04685000000000001 2.0571000000000006 0.0028450000000000007 0.15120000000000003 0.0091550000000000017 0.0010650000000000002 0.83415000000000006 0.21435000000000001 -0.3901099999999999 0.077265000000000014
decision_type=2 2 2 2 2 2 2 2 2 2 2 2 2 2 2 2 2 2 2 2 2 2 2 2 2 2 2 2 2 2 2 2 2 2 2 2 2 2 2 2 2 2 2 2 2 2 2 2 2 2 2 2 2 2 2 2 2 2 2 2
left_child=1 3 12 4 9 6 7 8 -6 16 -5 44 13 -3 -15 -9 17 18 -1 20 -18 -21 31 55 25 -25 30 29 -29 48 46 -2 33 36 -35 58 -33 42 -39 41 -41 -38 -30 -32 -12 -37 -27 -14 -26 50 -47 57 -16 -46 -55 -24 -57 -13 -34 -60
right_child=22 2 -4 10 5 -7 -8 15 -10 -11 11 51 47 14 52 -17 19 -19 -20 21 -22 -23 23 24 27 26 -28 28 37 -31 43 32 35 34 -36 45 39 38 -40 40 -42 -43 -44 -45 53 49 -48 -49 -50 -51 -52 -53 -54 54 -56 56 -58 -59 59 -61
leaf_value=0.014473102689878812 0.017905869784555994 -0.02262361050059777 0.01557798044026389 -0.0069097759722568774 -0.0023147573350036223 -0.014631982895042053 0.027978118580924353 0.0081867941460823379 0.0096041324521222906 0.016037907564707292 -0.0021062464366294925 -0.016681770388570379 0.017698345495258314 0.013672182474167887 0.00093858040248271724 -0.014375476443585939 0.0013182165556399647 0.01111157922117509 -0.014880752118578177 -0.0029083937916576995 0.019049916052638446 0.0080886347538421718 0.0044421613825672357 -0.011285898937860533 0.018649467997444151 0.017154913033395822 -0.011313417059471224 0.016416867956087943 -0.015235998265741051 0.028137313246669196 0.0089645478437350538 -0.012771256619148566 0.0064315883024420473 0.034875382634205011 0.0068137468221237656 0.014349055037633542 0.007466148763964702 0.018993024754263069 0.00068968865409141866 -0.011166055750465398 0.015186737133366129 -0.0033831949616999536 0.0022549817600103568 -0.01107182069460569 0.027941945237570199 -0.016213517453325478 0.0028574617644073165 -0.011304841437762102 -0.003565510389704226 -0.0083356612707294001 0.016236436446698005 0.013635056267111182 -0.019101280181944794 -0.0051365599064526219 0.021909536430536544 0.0078480411726736428 0.034502838718639836 0.0021182820808986979 -0.010967677467630641 0.0052719192792594835
leaf_weight=7.3520281538367263 14.352274946868418 50.663852762430906 11.167181745171545 25.632770150899887 85.091540902853012 17.848854623734951 10.362716317176817 13.332174897193907 184.66798456758261 18.684209793806076 8.6917771697044355 10.808434739708899 8.2948122657835466 12.169848490506409 11.619764827191828 34.536387376487255 246.2672703191638 11.573880314826964 79.421404503285885 982.16685874015093 18.192355893552303 45.560610838234425 10.181285217404364 46.997783944010735 11.952338576316835 48.812169849872589 26.234124876558781 30.573317639529705 24.329141035676003 24.544374905526638 16.286576479673386 22.800867080688477 12.292832702398298 9.7747072428464872 28.056200593709946 20.443680681288242 190.2062501758337 20.409778065979481 56.389574244618416 56.146345488727093 17.401831306517124 80.92999105155468 32.076513946056366 25.222855299711227 29.584482230246067 7.7605516910553005 37.438504204154015 6.5235273055732241 16.866989880800247 35.339340001344681 21.371617846190929 14.646299764513968 29.980188891291618 9.5408836454153079 8.4813917949795705 11.857225000858309 19.71628499776125 23.501549366861582 100.89495194703341 11.358968690037726
leaf_count=41 84 732 81 151 498 90 45 61 954 85 40 73 70 104 126 183 1259 74 658 6532 95 308 51 226 55 234 126 148 123 109 72 117 56 48 139 113 899 111 251 318 94 395 174 116 148 37 176 62 82 173 124 64 282 56 44 52 86 159 492 52
internal_value=0.000607233 -0.000705448 -0.00982216 -6.09187e-05 -0.000598918 0.0036126 0.0047247 0.00372038 0.00585981 -0.00163776 0.00700998 0.0104941 -0.0125134 -0.0150941 -0.00720659 -0.00798297 -0.00190807 -0.00904647 -0.012007 -0.00134578 0.00273093 -0.00239954 0.00303315 0.00561739 0.00390878 -0.000145653 0.00339962 0.00761426 0.00418185 0.0173919 0.00660442 0.00112702 0.000653281 0.00277214 0.0160267 -0.00342866 0.00129311 0.00108437 0.00606681 0.00232203 -0.00459204 0.00422624 -0.00566442 -0.00313839 0.0180501 0.00270362 0.011243 0.00516885 0.00650834 -0.00144661 0.00690818 0.0012825 -0.0138065 0.02164 0.00886108 0.0213656 0.0259918 -0.0046406 -0.00757612 -0.00923319
internal_weight=3105.38 2016.37 130.419 1885.95 1755.06 345.84 327.991 317.628 269.76 1409.22 130.888 105.255 119.252 104.434 53.7698 47.8686 1390.53 98.3473 86.7734 1292.19 264.46 1027.73 1089.02 459.889 418.134 200.992 153.994 217.142 163.778 53.3637 127.76 629.13 614.778 405.316 37.8309 209.462 367.485 133.205 76.7994 344.684 73.5482 271.136 56.4057 41.5094 56.2985 84.9152 86.2507 14.8183 28.8193 64.4715 29.1322 48.9563 41.6 47.6068 18.0223 41.7548 31.5735 34.31 124.547 112.254
internal_count=18408 13075 1457 11618 10883 1831 1741 1696 1452 9052 735 584 1376 1244 512 244 8967 773 699 8194 1354 6840 5333 2192 2003 950 724 1053 807 246 598 3141 3057 2010 187 1047 1823 659 362 1706 412 1294 297 188 288 447 410 132 137 334 161 296 408 248 100 189 138 232 600 544
is_linear=0
shrinkage=0.0226245


Tree=106
num_leaves=61
num_cat=0
split_feature=28 7 37 27 37 6 12 27 28 44 37 44 13 37 31 21 37 37 23 5 21 2 0 37 12 37 5 0 27 8 31 37 27 41 35 27 33 0 2 5 5 13 5 8 28 30 34 34 35 37 27 13 12 13 21 12 5 13 23 6
split_gain=22.5221 21.9959 19.0195 36.0686 18.4214 18.4883 18.991 14.4918 14.2922 18.1806 17.0505 16.4399 15.2851 20.02 15.0744 13.9349 18.0464 13.6665 13.1244 12.8205 12.5687 12.1649 12.4025 21.3204 12.0875 11.3453 10.5564 13.3198 12.937 11.2423 10.5417 22.0622 17.8079 13.6917 11.9604 15.2298 11.2438 11.0511 11.1981 15.3232 23.9905 10.7125 17.9249 13.8397 10.6709 10.6175 10.4284 16.7407 10.0287 9.66765 28.2047 9.57496 8.96035 8.76771 8.36 7.93415 7.83462 7.79664 7.50021 7.48995
threshold=0.022165000000000001 91.052125537465884 0.53815000000000013 0.018445000000000007 0.13065000000000002 -0.065974689122346677 0.119215 -0.024784999999999998 -0.0068749999999999992 0.16235000000000002 0.42795000000000005 0.20495000000000002 -0.28144499999999995 -0.15764999999999998 0.031220000000000001 11.700000000000001 0.064650000000000013 -0.33839999999999998 75.225000000000009 -0.31102231144905079 14.905000000000003 0.074893805454873466 0.32238641500000004 -0.34609999999999991 -0.0041399999999999987 0.28265000000000001 -2.4254871606826778 1.1923910000000002 0.016385 -0.0049575566999999999 -0.0039249999999999988 0.50810000000000011 -0.0034049999999999996 -0.29287171710672771 21.500000000000004 -0.012529999999999998 0.65115000000000012 0.061523376000000005 0.63693181818181832 14.11000442504883 7.8800220489501962 0.16884500000000005 8.8722896575927752 -0.020487397499999997 0.036545000000000008 -0.039154999999999995 131.50000000000003 201.50000000000003 8.5000000000000018 0.9789000000000001 0.014055000000000002 0.13435500000000003 -0.10165999999999999 0.45806000000000008 14.905000000000003 -0.087049999999999975 60.649160385131843 -0.049319999999999996 -55.904999999999994 0.082459780549800757
decision_type=2 2 2 2 2 2 2 2 2 2 2 2 2 2 2 2 2 2 2 2 2 2 2 2 2 2 2 2 2 2 2 2 2 2 2 2 2 2 2 2 2 2 2 2 2 2 2 2 2 2 2 2 2 2 2 2 2 2 2 2
left_child=1 2 8 18 5 -2 7 -7 9 26 -11 12 13 54 -15 16 -14 19 20 24 -4 -13 -23 -24 51 -17 28 56 58 -29 31 32 33 -6 35 -32 49 -36 39 40 -39 46 43 -43 -38 -34 -37 -48 -30 50 -33 -3 -41 -40 -10 -44 -28 -12 -1 -22
right_child=4 17 3 -5 30 6 -8 -9 11 10 57 21 15 14 -16 25 -18 -19 -20 -21 59 22 23 -25 -26 -27 27 29 48 -31 34 36 45 -35 37 41 44 38 53 52 -42 42 55 -45 -46 -47 47 -49 -50 -51 -52 -53 -54 -55 -56 -57 -58 -59 -60 -61
leaf_value=-0.015333786615800708 -0.0039954670825953142 -0.00099807419902468958 -0.0066758850184783633 0.024345997247249611 -0.014363078758968589 -0.0081926796311561391 -0.0040161101077158222 0.020912802124491033 0.0071710480383384212 -0.018704393543310931 -0.009746998970434885 -0.012052526495320926 -0.010947035318609742 0.024913986468648248 -0.0036432573907142097 -0.0015893771975278828 0.029095912242389173 -0.019823402123746964 -0.021193737198688698 -0.014214461994700858 0.0067795976272581743 0.026407586605785752 0.016746069730574534 -0.0056047334137844405 -0.013021904245158398 -0.0081934185965722717 -0.0076457235398404728 -0.012370181827755664 0.025878590691281379 0.011809410913674687 -0.011663015802978693 -0.013054392908339896 0.033537456514779296 0.0077993674174758965 -0.012947335536231291 -0.0051909570130397494 0.015302941309591273 0.010723919374316934 -0.014687990446933337 -0.0076150440895350665 0.040544265413125578 -0.012932092038895542 -0.01350023946858166 0.007242620485629749 -0.0072713762202092124 0.0071314863414882433 0.027935879482652241 0.0019180100782825984 0.0034805566098348654 -0.023978408221429961 0.024412196447950823 0.027735872840301188 0.015346445644063006 0.0068319803814365599 -0.0039504256561017316 0.0023331574175429865 0.011625902403237687 0.01609455756517772 0.00063986163234752572 -0.0057869439359639297
leaf_weight=15.417930603027342 36.268684595823288 10.176784016191965 57.275715410709381 37.427355453372002 22.573443293571472 8.1526312679052335 22.968765079975128 90.009980648756027 54.067515484988689 71.485325425863266 8.2895209193229693 11.566257510334252 7.1702437214553383 32.482729036360979 11.999528571963308 748.6747506596148 12.777823843061922 48.043579302728176 9.7139533758163434 26.081123638898134 175.35428505390882 17.406082972884178 43.275399543344975 39.374279983341694 8.7976761013269407 159.68420630320907 270.76790509000421 10.599915593862532 14.495606794953344 35.80563797056675 40.288224928081036 64.875384047627449 11.853859588503836 29.676908105611801 8.9431589841842634 14.742124803364275 15.210787296295164 50.374543890357018 11.485435172915457 20.725071623921398 18.085650965571404 17.234615489840508 49.8816257417202 134.94314174354076 23.515282854437828 21.021712228655815 23.96825797855854 24.80971821397543 27.517630554735661 24.007546529173851 9.3909249901771528 10.728367328643797 10.88999731838703 26.835900500416756 85.255205519497395 22.27814032137394 8.7503641396760923 10.364403970539568 83.23912463337183 25.845576554536819
leaf_count=97 164 66 304 235 108 35 101 474 263 675 53 100 64 169 59 4714 63 812 75 189 875 116 253 358 65 1025 1722 48 67 155 191 331 52 139 46 74 75 244 62 102 82 83 241 635 113 100 106 120 131 129 43 55 52 123 429 109 43 61 454 127
internal_value=-9.44365e-05 -0.00131026 -0.000796598 0.00439175 0.00301353 0.00993193 0.014098 0.0183301 -0.00169286 -0.00468798 -0.013832 -0.000322396 -0.00116006 0.00475273 0.0174582 -0.00234193 0.0151388 -0.0113294 0.00137692 -0.0033972 0.00245036 0.00784186 0.0104157 0.00626863 0.00651946 -0.00277266 -0.00284712 -0.0050693 0.00229987 0.00588444 0.00141798 -0.00262842 0.00628689 -0.00202644 0.00331275 0.000883935 -0.0081835 0.00860085 0.0102299 0.0141156 0.0199262 0.00273858 0.000370814 0.00475912 0.00204255 0.0185951 0.0107205 0.0155509 0.0123778 -0.0121564 -0.00757909 0.0153267 0.000917449 -0.000195923 0.00042356 -0.00871034 -0.0069295 0.00484383 -0.00222209 0.00510616
internal_weight=3044.92 2189.91 2086.08 305.617 855.012 157.4 121.131 98.1626 1780.47 556.733 90.1393 1223.73 1112.11 183.805 44.4823 928.307 19.9481 103.828 268.19 55.784 258.476 111.622 100.056 82.6497 29.7028 908.359 466.594 325.924 140.67 46.4056 697.611 222.126 85.1259 52.2504 475.486 328.146 137 147.34 138.397 100.075 68.4602 287.858 224.338 152.178 38.7261 32.8756 63.5201 48.778 42.0132 98.2739 74.2663 20.9052 31.6151 38.3213 139.323 72.1598 279.518 18.6539 98.6571 201.2
internal_count=18056 13922 12735 1616 4134 774 610 509 11119 3506 789 7613 6786 920 228 5866 127 1187 1381 375 1306 827 727 611 186 5739 2717 1968 749 203 3360 1090 399 247 2270 1559 691 711 665 480 326 1368 1068 718 188 152 300 226 198 503 374 121 154 185 692 350 1765 114 551 1002
is_linear=0
shrinkage=0.0226245


Tree=107
num_leaves=61
num_cat=0
split_feature=43 37 23 35 9 13 30 37 27 1 5 22 5 0 2 37 15 27 1 13 31 26 15 37 37 27 3 13 12 0 5 8 1 35 5 37 31 15 23 12 14 2 3 9 37 37 12 27 33 23 13 2 27 16 14 33 27 35 23 3
split_gain=19.6212 13.4952 13.115 24.801 17.2375 19.4996 19.9925 20.0126 20.6847 19.176 18.2983 17.1632 16.7562 16.5576 16.0515 15.2285 27.2473 30.6179 24.5955 31.5891 24.0759 15.4661 14.0337 13.7298 13.1924 14.0778 12.886 12.3514 12.2686 12.2021 12.1771 11.9399 15.4148 13.664 14.1521 18.2675 14.0622 10.9639 10.9059 15.3059 12.9896 10.8398 12.1436 11.9106 10.4202 33.8789 12.4249 10.0036 9.91391 9.81621 9.68714 11.2641 9.60884 8.39934 8.20898 15.041 8.17056 9.36099 7.63194 7.45039
threshold=0.65706549493097377 -0.49244999999999994 52.910000000000004 29.500000000000004 1.5000000000000002 -0.24623999999999999 -0.11663499999999997 0.13660000000000003 0.010625000000000001 0.0098888985492843525 13.666166305541994 5.6993500000000008 12.747944831848146 0.17964037500000005 0.48620227000761507 -0.32834999999999998 1.0051500000000002 -0.010519999999999998 0.077338762274579767 0.31981500000000007 0.049035000000000002 0.61325000000000007 -0.96274999999999988 0.11370000000000001 0.23135000000000003 0.0062750000000000011 0.77764966704721206 -0.32048999999999994 -0.041374999999999995 0.34119467500000006 0.13844286650419238 -0.0053304731999999988 -0.33269167376717707 8.5000000000000018 0.80365529656410228 0.42795000000000005 0.020165000000000006 1.0285500000000003 -54.104999999999997 0.079635000000000011 0.58465000000000011 0.423102662233097 0.89869949700092222 2.5000000000000004 -0.064549999999999982 0.24230000000000004 -0.13879499999999997 -0.022859999999999995 0.25665000000000004 94.38000000000001 -0.81539499999999987 0.47882115643209328 0.010845000000000002 1.0548500000000003 0.44480000000000003 -0.10014999999999998 0.030105000000000003 3.5000000000000004 57.475000000000001 0.58101518185326728
decision_type=2 2 2 2 2 2 2 2 2 2 2 2 2 2 2 2 2 2 2 2 2 2 2 2 2 2 2 2 2 2 2 2 2 2 2 2 2 2 2 2 2 2 2 2 2 2 2 2 2 2 2 2 2 2 2 2 2 2 2 2
left_child=2 -2 4 11 10 38 -7 9 13 22 31 15 24 -9 26 16 20 21 23 52 49 -18 -8 29 -13 -26 -12 -3 -14 -17 -10 32 -1 37 35 -35 -36 -33 40 -40 54 43 -43 -41 46 -46 -34 -25 -21 -4 -42 -52 -20 -5 55 -6 57 -29 -27 -11
right_child=1 27 3 53 5 6 7 8 30 59 14 12 28 -15 -16 18 17 -19 19 48 -22 -23 -24 47 25 58 -28 56 -30 -31 -32 33 44 34 36 -37 -38 -39 39 41 50 42 -44 -45 45 -47 -48 -49 -50 -51 51 -53 -54 -55 -56 -57 -58 -59 -60 -61
leaf_value=-0.0153563552847687 0.012156563178840491 0.015226847148623249 0.024154318506152354 0.027332908422827484 -0.010258805817844991 0.017952579598458061 -0.015759953923206602 -0.012029595002847226 0.015430609135114374 0.0065568477753345632 -0.011554071628462134 0.026531536076943887 -0.0059205506988887473 0.001044905855615477 0.017577521835290842 0.020225739071526173 -0.0040438475523841217 -0.013729911991353899 -0.016032061243552172 0.0039439180889759952 -0.0080981055506259628 0.023544969241619827 -0.0036833577224665102 0.019375475215384474 -0.0056959932502030431 0.026117713796870359 0.0081302726703940988 -5.8355862178032181e-05 0.01558907256126413 0.0013764515196686207 0.0031655024637523813 -0.017925699952092474 0.006955369986487602 -0.014638219544168878 -0.0049994398044113661 0.003483430727861263 0.0088429519132857126 0.007618411398905154 0.02935381283350208 0.025714919660901097 0.018069469515089441 0.0066723705698126445 -0.013117543841272814 0.0058449672497995087 0.021402472585519292 -0.0028558888847540266 -0.011993171043193382 -0.0007570680021422785 -0.0079510689531093453 0.0043220021732353255 0.0087168912666136175 -0.0082731892162380815 0.010556097001077156 0.0019500295454706509 -0.016248828373462532 0.019160523886976037 0.012432372743426576 -0.017996226165945602 0.0086355793105934373 -0.0029380953151958789
leaf_weight=29.436753794550896 11.535808075219391 5.9517791345715514 57.200443424284458 23.626687750220299 21.327363140881062 24.98460890352726 103.34152739867568 63.716407798230648 63.041962474584579 56.61269448697567 29.774012610316277 24.902852509170771 57.09290187060833 192.40197165682912 33.031580895185471 35.294598035514355 16.873238250613213 53.249474339187145 120.66869732737541 114.23891595005989 18.257154561579227 21.454894326627254 96.090995565056801 10.41942775249481 25.343101121485233 15.924561873078344 32.71065017580986 18.181241005659103 14.662135124206541 33.41530653834343 116.991753783077 76.205315269529819 25.283267423510551 110.10622803866863 112.83338126540184 36.770957104861736 52.736154034733772 8.0424660593271238 15.739185094833372 23.038722202181816 23.631230354309082 50.585002481937408 19.68707962334156 44.124193102121353 41.397906832396984 86.385377444326878 46.422164499759674 245.04701663553715 48.80518302321434 18.06121389567852 48.304638858884573 29.978767976164818 5.4542054384946814 9.5448123365640622 24.038548156619072 11.169098168611525 3.86964426934719 79.899027165025473 58.106435254216194 143.43245663121343
leaf_count=155 88 31 305 124 107 113 929 447 396 282 151 123 281 1078 149 184 73 300 1049 554 88 135 512 46 132 69 157 166 69 182 651 545 123 933 742 224 268 39 86 110 105 233 93 214 212 427 267 1217 246 111 245 148 26 44 120 51 17 992 267 825
internal_value=-9.05107e-05 -0.00896762 0.000280976 0.00233514 -0.000835793 0.000857554 -0.00090146 -0.00152517 0.00182145 -0.00516587 -0.00358084 0.0016617 0.00760778 -0.00230573 0.00552278 0.000179631 0.00581575 -0.00293737 -0.00154056 -0.00630667 0.0142182 0.0119679 -0.0100771 0.00272899 0.0125412 0.00838391 -0.00134546 -0.0114845 -0.00109151 0.0114849 0.00763647 -0.00498976 -0.000858301 -0.00735047 -0.00508206 -0.0101217 -0.000514279 -0.0153152 0.00567907 0.00992649 0.00146867 0.00714238 0.000828623 0.0134414 0.00146993 0.00530284 -0.00530123 0.000271775 0.000306733 0.0197312 0.00623623 0.00214748 -0.0146713 0.0207716 -0.00701085 0.000592175 -0.013421 -0.0147681 0.0132369 -0.000195842
internal_weight=3040.46 119.437 2921.02 1027.64 1893.37 1172.24 860.614 835.63 436.152 399.478 721.136 994.472 196.032 256.118 95.5162 798.44 185.096 91.5776 613.343 289.167 93.5188 38.3281 199.433 324.176 124.277 99.3741 62.4847 107.902 71.755 68.7099 180.034 625.62 228.925 396.695 312.447 146.877 165.57 84.2478 311.624 153.174 158.45 137.435 70.2721 67.1629 199.489 127.783 71.7054 255.466 163.044 75.2617 101.915 78.2834 126.123 33.1715 56.535 32.4965 101.95 98.0803 74.031 200.045
internal_count=18056 1294 16762 5625 11137 6745 5233 5120 2572 2548 4392 5457 941 1525 457 4516 1012 508 3504 1875 504 208 1441 1629 591 468 308 1206 350 366 1047 3935 1184 2751 2167 1157 1010 584 1512 736 776 650 326 324 1029 639 390 1263 800 416 498 393 1075 168 278 158 1175 1158 336 1107
is_linear=0
shrinkage=0.0226245


Tree=108
num_leaves=61
num_cat=0
split_feature=7 37 31 1 5 1 28 25 41 37 13 28 8 28 5 30 44 35 33 41 9 16 28 37 14 43 29 29 30 1 37 31 7 30 5 25 29 22 12 37 0 29 30 29 44 14 37 37 39 6 1 37 1 6 8 28 41 29 38 45
split_gain=15.9183 28.2116 20.7264 14.888 13.3706 14.3599 18.3472 11.4667 11.9886 16.0492 12.1526 18.106 11.9222 17.9365 18.1249 17.2961 21.6208 22.7182 16.9912 16.9445 16.29 12.7264 18.0202 11.5556 11.4137 11.2299 11.2598 17.5288 11.9669 11.1016 10.5381 10.148 21.6428 11.3322 9.97395 9.56917 9.37619 9.27197 8.58432 8.29686 8.28108 9.49771 14.7974 9.13256 7.97601 7.85382 7.62176 7.51755 7.32676 7.29179 7.2198 7.06911 12.4556 7.56493 7.01579 6.41221 6.39816 6.32852 6.20682 6.10742
threshold=88.558573142757709 -0.23454999999999995 0.022415000000000001 0.084012720761681023 2.8179309368133549 0.30338291871593309 0.084100000000000022 1.9671500000000004 0.29813498544043887 -0.58029999999999993 0.39878000000000008 0.016155000000000006 0.00031074882000000004 0.017645000000000004 -2.4254871606826778 0.0081550000000000008 0.17279452000000003 26.500000000000004 -0.10879999999999999 0.16248969571722788 1.0000000180025095e-35 0.9920500000000001 0.021075000000000003 0.55305000000000015 1.5640000000000003 0.28074115624620649 0.014200000000000003 0.026820000000000004 0.030435 -0.43658560485078041 1.1727500000000004 -0.024334999999999999 58.397265664704634 0.018535000000000006 -0.72821924090385426 1.5930000000000002 -0.026344999999999997 3.8015500000000002 0.013185000000000001 0.40470000000000006 1.5950067500000003 -0.009524999999999997 -0.054389999999999987 0.0022750000000000005 0.22012088000000005 0.57880000000000009 0.22715000000000005 0.18965000000000001 0.019650000000000004 0.031466089749272605 0.40016009526390051 0.65820000000000012 -0.22392200497183043 0.15595622408309512 0.023558348500000003 0.018600000000000002 -0.86608914095366252 0.056520000000000008 1.0000000180025095e-35 2.0085000000000002
decision_type=2 2 2 2 2 2 2 2 2 2 2 2 2 2 2 2 2 2 2 2 2 2 2 2 2 2 2 2 2 2 2 2 2 2 2 2 2 2 2 2 2 2 2 2 2 2 2 2 2 2 2 2 2 2 2 2 2 2 2 2
left_child=4 2 44 34 7 6 30 8 12 37 29 -12 15 14 23 16 17 -1 45 -16 -20 22 -15 -14 -23 26 -7 -28 -29 -11 40 -32 33 -33 -4 -30 -31 48 -3 -13 41 42 -6 -43 -2 -17 -18 50 -10 -46 -27 53 -53 54 56 -56 58 -34 -9 -54
right_child=1 38 3 -5 5 25 -8 51 9 10 11 39 13 21 19 18 46 -19 20 -21 -22 24 -24 -25 -26 47 27 28 35 36 31 32 57 -35 -36 -37 -38 -39 -40 -41 -42 43 -44 -45 49 -47 -48 -49 -50 -51 -52 52 59 -55 55 -57 -58 -59 -60 -61
leaf_value=0.00094464902212636215 -0.018621147055902652 -0.02120042468996533 0.01113539612413229 0.021274903588721052 -0.0036387555038550918 -0.015253920520377343 0.023804090374008553 -0.00594926581342486 -0.0033476319871337452 0.0087149747607115895 0.025592832788366566 0.0096843581452531659 0.00077515173044162924 0.018077309144728725 -0.010426183184106498 -0.016046427746233924 -0.020254971888933392 0.025942517266844396 -0.0032834031150712644 0.0061290558435906379 0.013959648986172558 0.012331455939090685 -0.014613304124518675 0.023173204343273395 -0.0097591490465252298 -0.013329866455355674 0.03107520803492975 -0.019746181203274645 0.021143642819826811 0.0019474299102896827 -0.020932322369321795 -0.0015915002668958117 -0.0010928688755157878 0.030920971465702177 -0.019231356353164242 -0.0036108912327201077 -0.0089396062357995736 -0.0067869747452840449 0.0041112405245588403 -0.0082330131567224605 0.014262112063338297 -0.0042026834468661071 0.026372771690229939 0.003309324822074685 -0.011291742612646984 0.004980551892669851 -0.0011776968248027443 -0.016300908165534981 0.019228860469014574 0.014764999498100732 0.0077664613332203225 0.02121480015409178 0.009205588440586443 0.0075939505861381497 0.01000283037579385 -0.01001387800294345 -0.0030081170192036593 -0.017006605124483289 -0.019200906921976409 -0.0099787109902588975
leaf_weight=275.34054273366928 20.947153527289629 54.002088844776154 8.2905991151928919 27.653120219707489 12.848262473940851 11.280575871467589 18.879390373826027 31.361233204603195 8.5848570987582189 21.319242402911186 12.812754347920416 17.597519099712372 62.709192678332329 9.3006234094500524 186.59025888517499 16.555522143840793 28.592212855815887 17.087218254804611 32.798859857022762 35.992729380726814 157.69126688688993 86.956345401704311 27.622623063623905 11.690957568585871 11.620063923299311 11.537609785795214 9.3943873196840268 8.6829641312360746 11.08975261449814 46.486826375126839 13.422764480113981 8.8694924414157885 26.47818037122488 10.432868987321852 8.3069109432399255 17.03878690302372 269.06355879455805 12.80179864913225 6.8311731778085223 34.714455232024193 32.172931030392647 88.885384388267994 18.432541087269783 885.96789818629622 8.3773313574492949 15.08853931725025 16.823245786130428 42.348286882042885 28.715187311172485 7.8786078169941893 16.719712123274803 10.071596533060072 9.4996819645166379 12.819372713565825 15.194212429225447 12.103686243295668 34.676957190036774 22.650940239429474 55.335112657397985 25.65544855594635
leaf_count=1770 214 840 44 187 59 72 79 155 41 120 61 80 352 45 1347 83 376 99 218 231 960 434 130 64 56 73 45 44 51 227 73 44 129 47 48 81 1794 67 83 169 142 518 91 4535 68 79 157 234 142 41 104 43 48 60 70 55 188 112 351 118
internal_value=0.000291198 -0.0070213 0.00174109 0.0118576 0.00065432 0.00239979 0.00320911 -0.00068695 3.0527e-05 -0.00301193 -0.00452777 0.0042748 0.00142119 -0.00139559 -0.00449664 0.00359266 0.000352798 0.00264515 0.00845224 -0.00770481 0.010986 0.00535307 -0.0056636 0.00503031 0.00952341 -0.00470887 0.00266165 0.00767664 -0.000123553 -0.00625143 0.00280158 -0.00489364 -0.00102623 0.0177208 -0.00466118 0.00721001 -0.00733259 0.00873356 -0.0183004 -0.00201396 0.00342014 0.00303355 0.0147811 0.00261398 -0.010279 -0.00644276 -0.013682 -0.0105785 0.0141656 0.00165935 -0.00128504 -0.00563199 0.00216628 -0.00781568 -0.00926401 0.00101828 -0.0115465 -0.00896768 -0.0147542 -0.00448879
internal_weight=3060.69 142.287 81.4537 44.2506 2918.41 1267.13 1139.04 1651.27 1444.56 452.096 401.994 65.1247 992.46 432.483 296.983 559.977 337.843 292.428 222.134 222.583 190.49 135.5 36.9232 74.4002 98.5764 128.092 57.4865 46.2059 36.8115 336.87 1120.16 81.8542 68.4315 19.3024 16.5975 28.1285 315.55 50.1018 60.8333 52.312 1038.31 1006.13 31.2808 974.853 37.2031 31.6441 45.4155 70.6056 37.3 16.2559 28.2573 206.717 45.2267 161.491 148.671 27.2979 121.373 49.1291 86.6963 35.1551
internal_count=18248 1525 602 279 16723 6533 5829 10190 9102 2701 2451 310 6401 2659 1994 3742 2402 1869 1340 1578 1178 665 175 416 490 704 293 221 176 2141 5750 405 332 91 92 132 2021 250 923 249 5345 5203 150 5053 323 162 533 411 183 109 177 1088 209 879 819 125 694 241 506 166
is_linear=0
shrinkage=0.0226245


Tree=109
num_leaves=61
num_cat=0
split_feature=7 37 31 1 5 1 28 1 37 6 16 6 15 39 14 28 28 37 37 6 5 2 2 7 2 2 14 1 1 22 41 31 6 34 39 27 37 14 12 31 7 30 5 2 0 41 39 21 0 34 35 14 44 2 31 43 28 41 21 15
split_gain=15.3875 27.4398 19.9941 14.3746 12.7647 13.7501 17.5909 10.9272 25.5596 20.5575 22.9951 16.3039 16.273 15.5903 16.8519 14.4695 17.247 26.2758 21.4429 20.3564 18.943 15.9387 14.2072 14.1992 14.1963 13.7418 12.9676 12.8944 18.2821 11.7295 10.874 13.2165 11.1215 11.0831 10.6196 10.598 10.0932 10.0647 12.9076 9.89377 20.8474 10.8707 9.68114 9.62846 9.45711 9.075 8.96498 8.31081 7.9151 8.81326 12.6198 10.1567 7.77365 10.888 7.70236 7.67389 7.64885 11.3254 7.49339 7.36178
threshold=88.558573142757709 -0.23454999999999995 0.022415000000000001 0.084012720761681023 2.8179309368133549 0.30338291871593309 0.084100000000000022 -0.25730658383133476 0.21245000000000003 -0.047495028437107491 -1.0060499999999999 0.055791037664930758 -0.98344999999999994 0.13765000000000002 0.89005000000000012 0.043525000000000001 0.0086250000000000025 -0.11424999999999998 0.42795000000000005 -0.047495028437107491 -0.31102231144905079 0.32414324805629163 0.85401314874769108 22.046100118184352 0.57755489044757724 0.51106389644976213 1.0916500000000002 0.15670084003253262 -0.072610776515633094 4.0009500000000005 0.21816996569232641 0.03969000000000001 0.026350812653575053 153.50000000000003 0.059350000000000007 0.023125000000000003 1.1727500000000004 0.95625000000000016 0.10984000000000001 -0.024334999999999999 58.397265664704634 0.018535000000000006 -0.72821924090385426 0.16210874906527076 0.061523376000000005 0.35775138625791869 0.24215000000000003 13.995000000000003 1.5950067500000003 52.500000000000007 19.500000000000004 0.65955000000000008 0.22012088000000005 0.27686805947675514 0.21447500000000003 0.19371044415936903 0.017205000000000002 -0.82027455585184439 18.525000000000002 -0.99644999999999995
decision_type=2 2 2 2 2 2 2 2 2 2 2 2 2 2 2 2 2 2 2 2 2 2 2 2 2 2 2 2 2 2 2 2 2 2 2 2 2 2 2 2 2 2 2 2 2 2 2 2 2 2 2 2 2 2 2 2 2 2 2 2
left_child=4 2 52 42 7 6 36 8 12 22 -11 15 37 27 -15 16 18 20 19 -9 -18 -19 29 -12 -20 58 -27 28 -13 55 31 32 33 -7 -30 -3 48 -1 47 -38 41 -41 -4 -31 -29 46 -14 -39 49 50 -6 -51 -2 -54 -46 -10 -33 -58 -16 -25
right_child=1 35 3 -5 5 30 -8 11 9 10 23 13 45 14 25 -17 17 21 24 -21 -22 -23 -24 59 -26 26 -28 44 34 43 -32 56 -34 -35 -36 -37 39 38 -40 40 -42 -43 -44 -45 54 -47 -48 -49 -50 51 -52 -53 53 -55 -56 -57 57 -59 -60 -61
leaf_value=-0.017019389435935922 -0.018444901734694517 -0.020416834204004752 0.010965738373512992 0.020936899682075422 0.0028101027406800148 -0.0094798970979024493 0.023276337410194508 -0.00024376390786147816 0.0018646196824813946 -0.013460704147990872 0.0078397988979571603 -0.014767842658302872 -0.0047359219180171568 -0.012973131155148716 -0.0094118440535718526 -0.016230972388104475 0.016135362107561578 0.0013643193508635447 -0.0029300078553677941 -0.011185721511967421 -0.00019700687881371416 -0.0089508837830881843 0.024154439452321451 0.043970694896050252 0.011838233212890228 0.024249719682148833 0.00082100743694947466 0.017815851729936275 0.0069046539877570499 0.019569907966796623 -0.01298586289096774 -0.0042488732341268917 -0.017189972289254684 0.02225648860888154 0.025161480436362824 0.014195817187985068 -0.020720694917490141 0.014493935167357162 0.021159852480536836 -0.0015651114468323694 -0.0088172832530715745 0.030258221476899806 -0.01899941088741482 -0.0048462365840739189 -0.0030802143718356113 0.019069704189618879 0.015416903376078145 -0.013531637886738142 0.013925422656880512 -0.00028791552148171547 -0.0083471406527391018 0.0056120740457046544 -0.015707589349723609 0.016235106680997351 0.015592801779409473 -0.018864497735853719 0.00096394142658981128 0.029257507033445377 0.0068170664382770953 0.014337683972088892
leaf_weight=42.015842378139496 20.699334233999252 57.034352596849203 8.2733476012945193 27.512131363153458 151.51738651841879 9.9374280869960803 18.935555696487427 127.31395552679896 15.025681078433989 6.6242980659008017 15.82676988840103 7.941360116004943 42.130352415144444 49.802046649158001 42.767842411994934 37.299237132072449 77.734749644994736 188.4545189589262 87.809042170643806 273.0644958242774 66.066628150641918 125.64334578439593 10.386025659739969 18.938989400863647 49.982448041439056 19.501044616103172 26.748129956424236 13.582127168774603 31.470363222062588 15.090117350220682 46.548764556646347 12.800888918340204 24.47199772298336 7.3730173930525771 39.105833619832993 2.9085811078548423 13.284196570515631 4.3141714707016972 7.4282412379980078 8.8638236373662966 48.957266300916672 10.482945933938025 8.2540069334208948 13.580311417579649 85.850779369473457 14.65909457951784 12.193166159093378 23.030588440597057 32.274075120687485 200.44849380850792 75.311544813215733 579.85749606415629 7.3048960603773621 8.9005344510078412 10.07100363075733 18.696240082383156 14.003780096769331 12.57183149456978 18.92224794626236 10.173420965671541
leaf_count=286 214 909 44 187 791 61 79 802 71 47 108 50 210 252 235 179 426 1023 488 2346 403 868 44 101 277 114 128 67 162 70 255 67 144 51 191 14 73 37 41 44 241 47 48 62 423 72 58 239 142 1011 412 2989 59 50 45 114 68 58 89 62
internal_value=0.000286362 -0.00693966 0.00171013 0.0116604 0.000641914 0.00234644 0.00313675 -0.000670024 0.00346784 0.0108849 0.0214108 -0.00148602 -0.00294748 0.00275073 -0.00247309 -0.00290736 -0.00236287 0.000863533 -0.00509799 -0.00773307 0.00877583 -0.00280591 0.00289379 0.0270544 0.00256024 0.00258361 0.0115458 0.00710437 0.0139296 -0.00155867 -0.00462117 0.000458133 -0.00813759 0.00528851 0.0176131 -0.018161 0.00273752 -0.0099427 -0.000741461 -0.00480647 -0.000995173 0.0173708 -0.00459994 0.00862031 0.00197786 0.00492602 0.000338116 -0.00814628 0.00334138 0.0029633 -0.000952752 0.00410099 -0.0101481 0.0016378 -0.00072057 -0.0102103 0.0095119 0.0159068 -0.00435147 0.0358473
internal_weight=3057.77 140.887 80.9443 44.0395 2916.89 1267.64 1139.93 1649.24 270.113 124.342 51.5635 1379.13 145.771 345.763 157.741 1033.37 996.069 457.899 538.17 400.378 143.801 314.098 72.7784 44.9392 137.791 107.939 46.2492 188.021 78.5176 62.3923 127.708 81.1589 41.7824 17.3104 70.5762 59.9429 1121 76.7888 34.773 81.5882 68.304 19.3468 16.5274 28.6704 109.504 68.9826 54.3235 27.3448 1039.41 1007.13 226.829 780.306 36.9048 16.2054 95.9218 33.7219 39.3765 26.5756 61.6901 29.1124
internal_count=18248 1525 602 279 16723 6533 5829 10190 1622 679 318 8568 943 1756 818 6812 6633 2720 3913 3148 829 1891 361 271 765 566 242 938 403 317 704 449 256 112 353 923 5750 603 317 405 332 91 92 132 535 340 268 276 5345 5203 1203 4000 323 109 468 185 193 126 324 163
is_linear=0
shrinkage=0.0226245


Tree=110
num_leaves=61
num_cat=0
split_feature=21 13 7 7 29 27 13 16 37 24 37 26 1 6 5 37 29 7 34 27 31 27 28 45 28 17 6 29 35 35 41 2 3 1 1 37 5 0 22 0 34 5 37 8 21 5 5 22 35 41 36 34 43 16 0 5 43 29 7 29
split_gain=10.4188 13.9656 14.0602 15.4637 12.5249 11.2683 10.5933 18.4421 23.4556 25.5274 21.6554 30.4224 29.1597 28.5099 27.8154 38.6901 20.2553 22.2962 21.6709 18.8056 15.1809 16.619 15.1641 14.7727 13.9045 16.3239 13.2034 12.7194 12.4262 30.6909 15.7398 12.0373 11.954 11.897 11.4371 12.3342 20.8484 11.3886 11.8368 11.3091 10.3036 12.3934 11.2104 10.2187 9.97978 14.2428 12.9428 9.64573 9.63156 9.54814 9.44386 9.34715 9.62851 12.3004 10.0282 9.00522 8.97686 8.34412 8.16714 7.97948
threshold=12.210000000000003 0.15618000000000001 70.950568665952417 62.949145735637536 -0.011649999999999999 -0.004154999999999999 -0.28144499999999995 -0.98744999999999994 0.27720000000000006 0.18795000000000003 -0.33839999999999998 0.49475000000000008 0.077338762274579767 0.043978599401236357 -0.21523579955101008 -0.54059999999999986 -0.00023499999999999999 61.888985410770651 31.500000000000004 0.015915000000000002 -0.0089499999999999979 0.019765000000000001 0.016530000000000003 1.9175000000000002 -0.013234999999999999 -0.99494999999999989 -0.084159359161119981 0.024955000000000001 3.5000000000000004 8.5000000000000018 -0.90064568620050334 0.58933819803385035 0.4413530311522757 0.20889258099628077 -0.27390141814150315 0.11945000000000001 -0.093381512910127584 0.19751058500000004 3.9608500000000002 0.20726579500000003 111.50000000000001 -2.0594445466995235 0.77455000000000018 0.071851430000000008 14.075000000000001 -1.5855720639228819 -0.4991407692432403 2.9512500000000004 14.500000000000002 -0.34174778158270119 0.018950000000000005 186.50000000000003 0.29508643979142823 -1.0247499999999998 1.03711255 4.2712538242340097 0.34644210512274071 0.0076550000000000012 37.186733796092007 -0.0062449999999999997
decision_type=2 2 2 2 2 2 2 2 2 2 2 2 2 2 2 2 2 2 2 2 2 2 2 2 2 2 2 2 2 2 2 2 2 2 2 2 2 2 2 2 2 2 2 2 2 2 2 2 2 2 2 2 2 2 2 2 2 2 2 2
left_child=1 4 3 5 -1 -3 28 8 9 34 11 58 16 19 -13 22 37 18 -18 26 24 39 -16 -15 -10 -26 -14 48 51 30 -30 -17 -32 -25 35 -8 -37 -12 -39 -22 44 42 -42 -19 45 -31 49 -41 -11 -46 -48 52 54 -54 -2 -6 -47 -36 -9 -50
right_child=6 2 -4 -5 55 -7 7 10 20 27 12 14 13 23 15 31 17 43 -20 -21 21 -23 -24 33 25 -27 -28 -29 29 40 32 -33 -34 -35 57 36 -38 38 -40 47 41 -43 -44 -45 46 56 50 -49 59 -51 -52 -53 53 -55 -56 -57 -58 -59 -60 -61
leaf_value=0.0063031020395994571 -0.017170719239959917 0.013262580019387024 -0.015289013485803166 0.022784232433035227 -0.01986387956464971 -0.01380407836373697 -0.010369676784043311 -0.005684550270869464 4.4795122809562989e-05 -0.0019382881599490545 -0.013868436715899875 0.020864000778589586 0.0092396460731443159 -0.01822944709729692 0.0054603659529983408 -0.013681333243876093 0.019488899703473686 -0.00048939368037013108 0.0041183284513931747 0.01024884487757975 0.0093770776419437509 0.017919982323124493 0.027652664056418485 0.0051165620297673976 0.033731050798018969 -0.0020976517269316679 -0.014111283230378645 -0.010858284518241338 -0.0063161886370288762 -0.010638886949778659 0.0070129082205244286 0.006372063225341334 0.030204209886144719 -0.0031294638812387312 -0.021344762583932041 0.040522463341104806 -0.013603271180863949 -0.0059679928765727624 0.0068827072871854673 0.0024041165980204582 -0.014543419656404004 0.015097495150817828 0.01114067550060952 -0.012605846614646881 0.015303376327632606 0.005489116983778756 -0.0033095469913485094 -0.020971072731807421 -0.0014622452151219283 -0.001208957499683776 -0.018248247267308115 -0.021639686594098928 -0.0053973569839819531 0.023522002939385434 0.0074103376615950933 -0.0021219219635289668 0.031677657223921164 -0.0071805369323522678 0.0029778754021447008 0.023525323677570823
leaf_weight=15.595681514590977 21.174327522516251 10.805122390389442 13.803696595132349 19.254088163375854 51.890498373657465 15.754228964447975 30.140054184943438 94.630769304931164 26.244945891201496 28.692030727863312 48.056544475257397 86.497818738222122 11.298876926302908 20.058635629713535 33.905470132827759 46.328173693269491 48.411354079842567 157.21183678507805 603.18955638259649 17.853645339608192 10.788675393909214 11.487263090908526 29.793631576001644 156.66490972787142 17.803130514919761 9.0238385722041112 194.84690060466528 26.752695485949516 9.606259271502493 10.311504185199736 18.726792350411415 20.200430773198605 38.111827708780766 201.30029232800007 84.326895963400602 4.6928710639476776 4.9243449084460718 102.39583964645863 53.512175537645817 11.726784154772757 15.828845113515856 53.577412322163582 13.465327635407446 43.274270042777061 25.170525956898928 16.038854852318767 87.03158213198185 29.794545829296112 8.8950662612915057 48.565687507390976 26.788637027144432 11.040839716792105 13.787195332348348 11.679686516523359 11.076193094253538 21.012510884553194 10.84238590300083 33.437997169792652 127.16792581602931 18.842486441135406
leaf_count=80 104 49 82 89 487 76 322 492 131 151 285 491 55 98 177 296 309 980 3327 81 83 64 177 892 125 65 1664 122 43 51 87 100 176 1098 1056 47 53 556 268 63 78 246 59 205 121 77 411 208 44 251 170 54 71 66 49 120 53 205 619 91
internal_value=0.000173103 -0.00562092 0.00277692 0.0088051 -0.011187 -0.00257128 0.000474649 -0.000107973 -0.00483551 -0.00883876 0.000703855 0.0051573 -0.000480911 -0.00444297 0.0111266 0.00434603 0.0017837 0.00331654 0.0053414 -0.0107831 0.0034239 -0.00396375 0.0165906 -0.000632732 0.0120505 0.0226479 -0.0127212 0.00128905 0.00368335 0.00530628 0.0189101 -0.00758053 0.0232731 0.000491512 -0.0141138 -0.00331748 0.0160707 -0.00457673 -0.00151219 -0.00945672 0.0022191 0.0088909 -0.0027971 -0.00324682 -0.000322679 0.00994213 -0.00247833 -0.0146425 0.00729673 0.00479251 -0.00719069 -0.00500352 -0.000940171 0.00891192 -0.00881331 -0.0150264 0.0181037 -0.0175916 -0.000743539 0.0161306
internal_weight=3045.11 148.116 59.6171 45.8134 88.4987 26.5594 2897 2454.17 357.574 240.704 2096.6 438.524 1658.07 602.023 216.726 130.228 1056.05 852.087 651.601 223.999 116.869 63.7973 63.6991 378.024 53.0719 26.827 206.146 83.1823 442.824 374.066 66.4449 66.5286 56.8386 357.965 157.522 39.7573 9.61722 203.965 155.908 52.31 307.621 82.8716 29.2942 200.486 224.749 37.1927 187.556 41.5213 56.4296 73.7362 113.82 68.7582 57.7174 25.4669 32.2505 72.903 26.8812 117.765 221.799 27.7376
internal_count=18150 983 296 214 687 125 17167 15000 2830 2091 12170 2352 9818 3888 1241 750 5930 4821 3636 1800 739 418 354 2088 321 190 1719 408 2167 1823 306 396 263 1990 1683 422 100 1109 824 354 1517 383 137 1185 1134 181 953 271 286 372 581 344 290 137 153 607 130 1261 1111 135
is_linear=0
shrinkage=0.0226245


Tree=111
num_leaves=61
num_cat=0
split_feature=16 16 37 1 6 23 3 29 37 7 27 27 37 39 44 1 13 16 45 8 15 1 30 30 37 37 27 5 16 37 39 0 34 29 8 28 7 6 16 27 39 12 13 9 21 44 12 3 12 45 0 29 28 37 8 33 37 39 6 5
split_gain=10.2256 15.6683 18.1521 31.2319 28.1561 24.4195 18.9375 18.0968 17.9149 19.5739 17.0431 15.7273 22.8413 16.9958 18.513 16.5674 15.6733 17.504 15.3526 14.1347 23.3143 15.4251 13.6216 13.5497 13.2748 12.7563 12.1889 12.1859 14.2971 12.1512 14.0488 11.6794 17.6276 11.5859 11.5809 11.2714 10.6997 10.6975 10.6744 10.6727 12.4657 11.6675 10.6032 9.34244 11.0152 10.6024 8.7583 8.70156 8.32616 8.11788 9.1384 9.61793 7.89697 10.8211 9.0478 13.2099 7.48098 10.3301 7.96932 7.47822
threshold=-1.0528499999999996 -0.98874999999999991 -0.33839999999999998 0.077338762274579767 0.043978599401236357 38.755000000000003 0.94727886333151357 -0.00023499999999999999 0.9789000000000001 88.558573142757709 0.015915000000000002 0.016955000000000001 0.0071000000000000013 0.14895000000000003 0.10875000000000001 -0.30974585454833242 -0.18970999999999996 -1.0287499999999998 1.9175000000000002 0.014179736250000002 1.0223500000000001 0.0018446371468946504 0.00038500000000000009 -0.046329999999999989 0.7198500000000001 0.47330000000000005 0.013645000000000003 -1.0062105655670164 1.0472500000000002 -0.12024999999999998 0.16845000000000002 0.15421334000000003 17.500000000000004 -0.010019999999999999 -1.0000000180025095e-35 0.024945000000000005 42.523699411912453 0.078094333967652904 -1.0141499999999997 -0.010204999999999999 0.21825000000000003 -0.033984999999999994 0.76658500000000007 1.5000000000000002 21.200000000000006 0.015701155000000005 0.19948000000000002 1.2574901756946597 -0.041374999999999995 2.0101000000000004 0.40087251500000004 0.069780000000000023 -0.0010249999999999999 -0.97034999999999993 0.019916475000000003 -0.070549999999999988 -0.51034999999999986 0.093850000000000003 0.026350812653575053 2.5174798965454106
decision_type=2 2 2 2 2 2 2 2 2 2 2 2 2 2 2 2 2 2 2 2 2 2 2 2 2 2 2 2 2 2 2 2 2 2 2 2 2 2 2 2 2 2 2 2 2 2 2 2 2 2 2 2 2 2 2 2 2 2 2 2
left_child=43 11 5 7 10 49 39 27 9 26 23 12 46 14 16 -16 17 -14 -6 21 -21 -8 34 -5 -18 33 -9 29 36 -4 -31 32 -20 38 -15 -10 -29 -33 -13 48 41 -41 -25 44 45 -1 -2 -23 -7 50 56 -52 54 -54 -35 -56 57 -3 -58 -51
right_child=1 2 3 4 18 6 19 8 35 -11 -12 25 13 22 15 -17 24 -19 31 20 -22 47 -24 42 -26 -27 -28 28 -30 30 -32 37 -34 52 -36 -37 -38 -39 -40 40 -42 -43 -44 -45 -46 -47 -48 -49 -50 59 51 -53 53 -55 55 -57 58 -59 -60 -61
leaf_value=-0.00057972942267834455 -0.019263178901522515 -0.0073086016511255654 0.0096715074821516599 0.0059826815248290458 -0.018536984627113472 0.0039949321264942219 0.00016636515974921662 0.0032464328795373961 0.014130062705735578 -0.020285313401238816 0.0092053251809389343 0.021611133442794871 -0.011570954759011983 -0.0072677641974584258 0.044307100203505749 0.0020687290014149108 -0.012582125393896491 0.025618953266955437 -0.0032212173763273527 -0.0073959572890175684 0.018329814268255352 0.031782562311667831 -0.017883998970285964 -0.015332776769666059 0.01753244881271868 0.018191893531758752 0.0098201738116196965 -0.0028393482652314789 -0.01633123290097066 -0.016232948929625821 -0.00022905326984805967 -0.0090032740529498445 0.017191068100181204 -0.013700953456688567 0.01897687902862237 -0.0068333146517566877 0.012337294577624709 0.00055060672430491621 -0.005507319561688726 0.00063240526382173957 0.016101186690056942 -0.021113157667012508 0.0059494067386007153 0.0079214184333767246 0.016992254898580791 -0.021998507016097023 0.0007830948661343999 0.013691913592226183 0.02287405850693737 -0.022163569366558111 -0.0060107461221436441 0.011995476789035456 -0.01227046299690677 0.007594720044559496 -0.011174245437613931 0.016246145293347208 0.0035818988748113744 0.011226930200770098 0.029764056127637471 0.0029276252577914836
leaf_weight=66.122022598981857 78.883561335504055 30.18515794724226 14.916775263845919 17.267188630998135 20.998721100389957 67.001215152442455 16.497652061283588 601.7902828976512 12.013627879321573 13.378532264381645 18.29811680316925 16.900215178728107 7.8879253678023842 26.105900820344687 6.951883681118491 9.7703517749905568 44.370026919990778 15.577456705272196 39.801983170211315 33.107603579759598 33.81064960360527 37.915438957512379 45.116743043065071 189.81854727491736 6.2929705232381812 16.724503621459007 189.48934267833829 42.324427589774132 15.642017558217047 77.30604112893343 43.33079905807972 77.366445407271385 42.66335678845644 51.390451036393642 9.3484339378774148 117.67256154119968 48.877905189990997 236.37118407338858 10.331756785511969 26.235011473298069 9.0674926266074163 21.172518268227581 11.311295345425604 153.88371933996677 11.596684247255324 11.559719108045099 12.662174090743063 31.577906891703606 12.198390655219553 13.94023595005274 108.53193020820618 14.840509936213492 16.48698402941227 48.479451298713684 16.666814804077152 13.784514278173445 13.652724705636503 25.943917643278837 9.0883093029260618 8.5644676834344846
leaf_count=311 972 155 81 83 104 312 101 3395 64 187 83 84 52 157 46 86 446 103 262 187 196 202 393 1737 34 93 1026 228 85 429 226 535 237 326 80 569 256 1178 55 142 47 141 56 713 55 67 67 184 65 84 552 62 78 239 76 62 84 134 41 45
internal_value=0.000171189 -0.000217485 0.000528808 -0.000527016 -0.00448044 0.00427595 0.00859773 0.00167543 0.00310379 0.00436161 -0.0106625 -0.00405176 -0.007609 -0.00263799 0.00402388 0.0235732 -0.00110578 0.0132194 -0.000923843 0.0139838 0.00582291 0.0199383 -0.010029 -0.0124257 -0.00809648 0.000892247 0.0048507 -0.00380195 0.00189194 -0.00823572 -0.0106246 0.00013723 0.0075637 -0.00104038 0.000561649 -0.00462538 0.00542341 -0.00186605 0.0117814 0.00236223 -0.00500419 -0.00973487 -0.0140685 0.00459309 -0.00121225 -0.00444244 -0.0165514 0.0244379 0.00760633 -0.00131209 0.000199087 -0.00361954 -0.00360047 0.00224515 -0.00815906 0.00157065 0.00608916 0.00138911 0.0162237 -0.0133687
internal_weight=3040.86 2797.7 2343.97 1830.64 653.897 513.331 288.584 1176.74 934.344 804.658 236.695 453.732 262.967 171.422 90.8506 16.7222 74.1284 23.4654 417.202 152.909 66.9183 85.991 80.5711 218.397 50.663 190.765 791.28 242.398 106.844 135.554 120.637 396.203 82.4653 174.04 35.4543 129.686 91.2023 313.738 27.232 135.675 56.475 47.4075 201.13 243.162 89.2784 77.6817 91.5457 69.4933 79.1996 224.747 202.243 123.372 146.808 64.9664 81.8418 30.4513 78.8701 56.1291 22.741 22.5047
internal_count=18150 17004 13555 10821 4275 2734 1577 6546 5241 4608 1959 3449 2436 1397 767 132 635 155 2316 870 383 487 630 1876 480 1013 4421 1305 569 736 655 2212 499 920 237 633 484 1713 139 707 330 283 1793 1146 433 378 1039 386 377 1157 1028 614 781 317 464 138 414 289 125 129
is_linear=0
shrinkage=0.0226245


Tree=112
num_leaves=61
num_cat=0
split_feature=43 37 37 1 5 21 13 21 8 23 9 0 39 34 31 21 13 1 21 21 34 21 37 31 23 23 29 37 39 39 31 30 28 1 39 31 39 23 25 35 5 34 13 23 22 28 39 31 16 23 13 30 31 5 1 5 5 29 1 36
split_gain=17.1274 11.9288 17.2799 16.5304 16.1415 12.3734 25.0347 12.2256 12.1499 14.0069 12.0053 16.4178 20.2789 19.3366 12.2016 11.0397 16.7488 20.5675 14.1733 11.7533 10.3302 13.0922 10.289 11.3755 10.2716 10.2113 10.0875 9.68197 9.54956 8.71797 8.52646 7.41428 6.59102 6.54543 6.79073 8.2128 9.34593 7.95686 7.90697 5.96816 6.1205 8.66872 8.61103 5.88743 4.41904 6.38226 4.30342 9.56137 11.7757 4.26322 4.25187 8.06576 3.33577 3.17685 3.00422 3.47791 1.03456 1.52225 0.872369 0.722688
threshold=0.6751756281075928 0.9789000000000001 0.77455000000000018 0.07461544119847692 11.97088146209717 12.115000000000002 0.15618000000000001 17.460000000000004 -0.036529212999999991 58.775000000000013 1.5000000000000002 0.48971023000000008 0.14665000000000003 224.50000000000003 -0.015454999999999998 12.850000000000003 0.43019000000000002 -0.24801656841330882 13.095000000000001 14.030000000000001 72.500000000000014 15.155000000000003 -0.54059999999999986 -0.14120499999999997 68.935000000000016 -68.984999999999985 0.025995000000000001 1.2728500000000003 0.34000000000000002 0.27705000000000007 0.13035000000000002 0.035945000000000012 0.014775000000000002 -0.39938078002607885 1.0381000000000002 -0.031004999999999994 0.40875000000000006 59.650000000000006 1.1779000000000002 8.5000000000000018 0.50427722930908214 23.500000000000004 0.10407500000000001 -68.984999999999985 3.1455000000000006 0.025205000000000002 0.16845000000000002 0.0074950000000000008 -0.99194999999999989 67.655000000000015 0.28847000000000006 0.020060000000000005 0.068870000000000015 4.07354760169983 0.44013370152887049 6.1494305133819589 -1.5855720639228819 0.023305000000000003 -0.035027128654486088 0.25450000000000006
decision_type=2 2 2 2 2 2 2 2 2 2 2 2 2 2 2 2 2 2 2 2 2 2 2 2 2 2 2 2 2 2 2 2 2 2 2 2 2 2 2 2 2 2 2 2 2 2 2 2 2 2 2 2 2 2 2 2 2 2 2 2
left_child=1 2 5 4 8 6 46 -6 -4 28 11 12 13 -7 -14 16 17 -12 32 -20 53 -22 -2 -24 31 -13 39 29 -10 44 -27 -8 -17 -29 35 43 37 -37 -38 40 41 -25 -43 -35 45 -3 56 48 -48 -36 51 -31 -46 -5 55 -41 -1 -58 -45 -49
right_child=22 27 3 20 7 10 24 -9 9 -11 15 25 14 -15 -16 18 -18 -19 19 -21 21 -23 23 26 -26 30 -28 33 -30 50 -32 -33 -34 34 49 36 38 -39 -40 54 -42 42 -44 58 52 -47 47 59 -50 -51 -52 -53 -54 -55 -56 -57 57 -59 -60 -61
leaf_value=-0.0062396196663436349 0.015279193872447243 0.0077559851649086969 -0.0046712522853557571 -0.020163241890965102 0.012272097187916931 -0.003026790764671963 0.023904781023229286 -0.014852193467589066 0.031809757612015134 0.0035700707999453698 -0.016462628298510303 -0.018290300218490475 0.0035491803603258099 0.01006415719780519 -0.013242834689400797 -0.02251031158686877 -0.016628700798658042 0.020044879332104439 0.013975545690305754 0.0019024124825417741 -0.0087853339031896023 0.023173542180580788 0.016535198312624039 -0.014070649396302573 -0.0098712081067032099 0.0021599631431021547 0.004878907414650603 0.015422260128431039 0.0048748852241500594 -0.005626602130632632 0.013550018896505164 0.00067971665902556819 0.0005278222206027308 0.0022710268874344391 0.018098446371087189 0.013807809970860303 0.0027458128415007565 -0.0018689513088986922 -0.018966019807287904 -0.023161481357806366 -0.016616807345194617 -0.00371211316493847 0.030626075209764705 -0.020536507892368671 -0.020722790173004414 -0.015067244735984314 -0.012509935959829636 -0.0062759279533697206 0.025085122330824723 -0.00085193807666910639 -0.0092530086565965324 0.018486620712861914 -0.0054867328734945625 -0.00250934158792994 -0.00095362993341888038 -0.0026308568679022943 -0.023834051696628784 -0.0063030976567007352 -0.0079739396084598652 -0.021937864137293924
leaf_weight=5.5530203059315673 6.3384032323956481 10.009316995739939 9.1918004006147367 11.587367206811907 14.333647757768633 314.64100795611739 14.727487474679949 13.93061915040016 41.724582023918629 17.696120262145996 6.9733024388551703 8.6857410781085473 25.492459662258625 67.714432623237371 125.20218232274055 14.621813707053663 7.343026027083396 52.710929606109858 39.77435651794076 1365.1849428527057 10.868256114423277 10.194006055593489 5.2404080033302298 6.9681361019611421 10.176890715956686 335.31979189813137 14.128432333469389 9.7500052303075773 9.3122567832469922 13.618067942559721 34.767350152134895 12.003134936094282 9.7729208543896657 10.050632208585737 10.497728377580644 26.826421156525612 14.250069439411165 36.118137218058109 16.498961940407753 41.925472095608711 12.592904165387152 6.4942769333720189 4.4532558508217335 17.028357535600662 35.095172047615051 9.6001588553190214 5.8983154371380806 5.3270044326782218 5.7437666133046168 10.669624760746954 13.241587936878203 9.9859661161899549 12.358745872974394 9.613994434475897 4.4236243255436412 5.5444443151354781 26.774309944361448 5.5733288228511801 9.8043428659439105 8.5585903227329236
leaf_count=34 40 50 42 65 72 1982 66 70 201 84 34 58 167 413 978 98 37 322 230 7885 57 47 24 85 66 1781 69 46 58 63 155 55 55 44 44 130 64 175 83 656 133 83 27 86 182 50 50 31 39 47 67 52 58 49 51 37 222 26 48 85
internal_value=0.000484412 0.00081497 0.00127286 0.00869781 0.0133603 0.000823945 -0.00684864 -0.0012342 0.0185087 0.0216721 0.00115145 -0.00089322 -0.00344458 -0.000650233 -0.0103888 0.0023967 0.0111832 0.0152155 0.00196291 0.00227222 -0.00312213 0.00761282 -0.0082395 -0.0100861 0.00759591 0.0026962 -0.0119704 -0.00373331 0.0274204 -0.00901839 0.00332679 0.0145607 -0.0142031 -0.000233889 -0.00150956 -0.00347813 0.000173203 0.00512538 -0.00953298 -0.0149269 -0.00616573 0.00246882 0.0137372 -0.0120917 -0.0137095 -0.00391781 -0.0152184 -0.00690128 0.00733866 0.00959207 -0.000103358 0.00547907 -0.0172981 -0.0134205 -0.0194801 -0.0210525 -0.0199336 -0.021579 -0.0171692 -0.0180477
internal_weight=3030.51 2922.4 2656.99 148.453 106.189 2508.54 100.336 28.2643 77.9248 68.733 2408.2 911.823 533.05 382.355 150.695 1496.38 67.0273 59.6842 1429.35 1404.96 42.2636 21.0623 108.109 101.771 36.9075 378.773 96.5305 265.403 51.0368 103.909 370.087 26.7306 24.3947 161.494 151.744 130.577 93.6936 62.9446 30.749 82.4021 30.5086 17.9157 10.9475 36.8833 67.0634 19.6095 63.4283 25.5277 11.6421 21.1674 36.8456 23.604 47.4539 21.2014 51.8935 47.4699 37.9007 32.3476 26.8327 13.8856
internal_count=18108 16903 15614 745 527 14869 674 142 385 343 14195 5534 3540 2395 1145 8661 393 356 8268 8115 218 104 1205 1165 187 1994 1141 1289 259 522 1936 121 153 767 721 630 452 305 147 1072 328 195 110 178 340 100 487 205 89 91 182 115 240 114 744 693 282 248 134 116
is_linear=0
shrinkage=0.0226245


Tree=113
num_leaves=61
num_cat=0
split_feature=43 45 45 1 27 8 27 37 37 1 2 21 13 23 37 12 1 35 15 6 35 14 37 21 8 21 39 3 37 37 28 37 30 1 35 37 30 33 8 2 15 9 39 43 8 27 15 12 2 9 8 13 33 28 37 43 37 8 21 8
split_gain=16.4614 11.7097 16.0366 16.2335 12.2656 17.7092 11.4204 13.5657 14.9241 17.2091 12.1857 11.9668 20.4181 13.7583 22.2734 18.219 10.8102 10.7291 16.0349 10.5205 13.8987 10.0379 9.97054 9.4709 9.3654 9.32168 10.9915 8.93809 8.63221 13.232 14.6111 13.9551 9.11074 8.39292 9.99499 8.30253 8.05259 7.34512 7.24491 7.14344 6.77892 6.62773 6.45989 6.55913 8.30585 6.44063 6.33566 5.59124 5.6489 5.47772 5.17369 4.71093 4.26585 3.60754 3.55118 2.85696 2.19342 1.65471 1.64989 0.351558
threshold=0.6751756281075928 1.9629000000000003 1.9525000000000001 -0.31474993537068946 1.0000000180025095e-35 0.022521436000000002 0.06571500000000001 0.9789000000000001 0.77455000000000018 -0.018811427617558996 0.56227539462311793 12.115000000000002 0.15618000000000001 72.975000000000009 -0.25479999999999997 0.10984000000000001 -0.32107390697998184 1.5000000000000002 0.93855000000000011 -0.07781000607104939 14.500000000000002 2.6237500000000007 -0.54059999999999986 15.155000000000003 -0.0012520253499999998 17.290000000000003 0.061650000000000003 0.64168398338182475 0.55915000000000015 0.21815000000000004 0.031075000000000002 0.041150000000000006 -0.037874999999999992 0.45120634651911112 14.500000000000002 -0.23454999999999995 -0.0058599999999999989 0.048850000000000011 0.030980050500000005 0.37945546301524563 0.99995000000000012 1.5000000000000002 0.073850000000000013 0.87828095848128029 0.00080257655000000002 -0.0048849999999999996 -1.0206499999999996 -0.25459499999999996 0.20958179268137192 2.5000000000000004 0.025804758000000004 0.16884500000000005 0.96860000000000002 -0.0084649999999999986 0.67135000000000011 0.30058590319531647 -0.5281499999999999 0.035166055000000009 20.235000000000003 0.027519941000000003
decision_type=2 2 2 2 2 2 2 2 2 2 2 2 2 2 2 2 2 2 2 2 2 2 2 2 2 2 2 2 2 2 2 2 2 2 2 2 2 2 2 2 2 2 2 2 2 2 2 2 2 2 2 2 2 2 2 2 2 2 2 2
left_child=1 2 17 55 25 35 7 8 11 19 39 12 45 15 -15 -13 52 18 37 20 -10 28 -2 47 41 49 -27 -14 29 31 -31 -19 -30 34 42 -6 -21 -1 -7 -11 -26 -25 43 44 -24 -3 -36 -18 -49 -5 -46 -45 -9 -37 -34 -4 -23 -12 -48 -8
right_child=22 6 3 4 5 38 59 16 9 10 57 13 27 14 -16 -17 23 21 -20 36 -22 56 33 24 40 26 -28 -29 32 30 -32 -33 54 -35 46 53 -38 -39 -40 -41 -42 -43 -44 51 50 -47 58 48 -50 -51 -52 -53 -54 -55 -56 -57 -58 -59 -60 -61
leaf_value=-0.0096884270862215103 0.014978379274374731 -0.0018196668221599902 0.013731791706432513 0.033243317321063233 0.0070562367550107471 0.027730253092358506 0.0080333173140004679 -0.00072256866688221203 0.014286866202275527 -0.0014867458537226419 -0.021420140465228547 -0.0015973172654185411 0.02040859267109844 0.012380249700640028 -0.0022604685691284621 0.0044522472894503234 -0.022348155459953532 0.00028585088122856211 0.026401146291245195 0.0032088837107340806 -0.015984856137490237 -0.0050476762671064551 0.021573033497102417 -0.02033655884750963 0.016561100610770672 0.018355009510953292 -0.012725075381732311 -0.003022899382823371 -0.0080826380818405947 -0.014363028734046074 0.011166379345792083 0.013424768942203347 0.026150748496678856 0.012973483381641605 0.0065594549543566121 -0.021960526204209716 0.027409145396909907 0.011921523178492696 0.0024669525238645096 0.016698954417393823 -0.0010106971419530262 -0.0019428417124257654 -0.017982086277668792 -0.01909145355776291 -0.011333898524944536 -0.022093664198358166 -0.022216918767046769 3.5978550714188696e-05 -0.013091647733912117 0.0089802746433557158 0.010792730977427658 0.0067312222274266073 0.018353086078512507 -0.0062396557836186164 0.008855422327368306 0.036642591554655345 -0.02070854753438529 -0.0057039921482280442 -0.0045958527852157129 0.018803627422166184
leaf_weight=14.885028265416624 6.3770638331770888 10.83365250751376 10.868938848376276 13.06783861666918 14.087837584316729 10.631649628281595 9.9573230594396609 10.878305628895761 19.477477788925174 28.032560512423515 8.8613814041018504 1271.3155854083598 9.6191448867320997 113.89698266983032 96.262787483632565 315.64445621520281 19.631303429603577 306.49128296226263 18.514792546629906 9.918403819203375 9.1091441512107831 11.324349798262121 8.9920003451406973 18.464013963937759 10.114401727914808 8.459884241223337 9.1484136730432493 23.158894300460815 8.1349714547395688 49.913483776152134 12.338888198137282 44.968794614076614 10.432809844613077 5.3322005011141291 3.4662700146436682 10.577405981719492 31.281024217605591 11.822544008493422 11.277699761092661 14.922750778496264 80.69735099375248 20.182171955704689 9.4824868254363519 8.2868424132466298 10.577477369457485 35.530216366052628 40.131954323500395 25.536599569022655 45.935634084045887 10.894704371690748 6.2541170269250861 3.5744476765394202 9.9354748576879484 25.087312147021294 20.456397034227848 9.5772065445780736 9.358419440686701 8.8852400332689268 4.7625203765928736 11.680610388517378
leaf_count=83 40 99 55 63 76 56 44 54 91 149 47 8115 43 687 706 1676 100 1469 81 49 44 52 74 87 48 44 47 125 39 272 57 223 52 43 17 61 152 55 54 75 391 95 146 121 98 300 546 132 229 57 30 24 44 136 107 45 46 43 66 48
internal_value=0.000471961 0.000794834 0.00345918 0.01036 0.00662192 0.000796915 2.56803e-05 -0.000141668 0.000470451 0.00778294 -0.00106046 -4.93039e-05 -0.00849993 0.000335905 0.00573446 -0.000388151 -0.00517604 0.00163289 0.0118128 0.0152113 0.0040581 0.000594634 -0.00811566 -0.00666726 -0.00263112 0.0159581 0.00268996 0.00495061 0.00133597 0.000342285 -0.00903168 0.00206284 0.0111198 -0.00995277 -0.0115762 -0.00665924 0.022176 0.000107568 0.0165308 0.00548585 0.00139718 -0.0115352 -0.00379522 0.000801836 0.0070496 -0.0177415 -0.0185226 -0.0121451 -0.0085822 0.0243677 -0.00273494 -0.0115153 0.00951133 -0.0122 0.0164361 0.0276752 -0.0138055 -0.015454 -0.0207391 0.0153793
internal_weight=3029.32 2922.08 652.321 133.679 113.233 71.6619 2269.76 2248.12 2006.75 130.488 60.7019 1876.26 79.1419 1797.12 210.16 1586.96 241.375 518.642 45.2224 69.786 28.5866 473.419 107.237 220.561 129.458 41.5708 17.6083 32.778 452.737 413.712 62.2524 351.46 39.0242 100.86 95.5281 49.7526 41.1994 26.7076 21.9093 42.9553 90.8118 38.6462 47.1674 37.6849 25.8236 46.3639 48.3607 91.1035 71.4722 23.9625 16.8316 11.8613 20.8138 35.6647 30.8892 20.4461 20.6828 17.7466 44.8945 21.6379
internal_count=18108 16903 3230 694 594 383 13673 13581 12401 650 314 11751 567 11184 1393 9791 1180 2536 219 336 135 2317 1205 1082 621 211 91 168 2219 2021 329 1692 198 1165 1122 273 201 138 110 224 439 182 493 347 202 399 629 461 361 120 128 145 98 197 159 100 98 90 612 92
is_linear=0
shrinkage=0.0226245


Tree=114
num_leaves=61
num_cat=0
split_feature=6 27 37 24 37 28 1 13 15 31 37 1 14 1 37 29 30 0 13 13 3 37 8 26 39 3 37 28 3 30 15 41 35 16 24 21 21 1 31 21 35 6 21 41 33 24 31 16 45 34 16 33 37 31 2 27 8 37 33 43
split_gain=17.0324 17.0659 30.6467 26.6191 22.3856 23.0526 22.0631 17.5561 22.5984 17.1636 22.2631 21.0994 21.7223 16.0034 15.6592 17.9525 21.6007 14.7419 14.0185 19.7248 20.3238 20.1682 20.9328 16.0418 13.6109 24.2742 14.5829 13.4764 11.8075 11.6742 11.1203 11.0729 13.6165 15.2193 11.048 10.7355 16.07 15.1252 14.3128 16.5012 14.8649 10.6804 12.0507 14.4574 13.6008 10.5896 11.3243 10.3408 10.1927 13.5189 10.3065 10.4158 12.2275 10.1341 10.0488 10.6127 13.2458 9.73298 10.0377 9.78616
threshold=0.053020603438576008 0.012865000000000001 0.35170000000000007 0.026765000000000004 -0.59134999999999993 0.013855000000000001 -0.11298800758895514 -0.28144499999999995 -0.92499999999999993 -0.070639999999999994 -0.33839999999999998 -0.0014290534742276999 1.1835500000000001 0.079953309361965014 -0.20394999999999999 0.019890000000000001 -0.0035749999999999996 0.038286411500000006 0.11843500000000001 -0.28144499999999995 1.0105932121158434 0.03525000000000001 0.00080257655000000002 0.99460000000000004 0.14015000000000002 1.075212751818676 -0.22139999999999996 0.012785000000000001 1.7152991190092763 -0.013794999999999998 -0.97514999999999985 0.50838861695469439 12.500000000000002 0.97845000000000015 -0.30381499999999995 12.430000000000001 14.905000000000003 -0.18786184854556731 0.037465000000000005 17.290000000000003 15.500000000000002 0.071489435037312407 19.045000000000005 0.68518895092103105 -0.26614999999999994 -0.29243499999999994 0.015925000000000005 0.98455000000000015 2.0133000000000005 162.50000000000003 1.02275 -0.49889999999999995 0.73340000000000016 0.075605000000000019 0.47882115643209328 -0.00081499999999999986 0.070268868000000012 0.48065000000000008 -0.049849999999999992 0.10910062303558475
decision_type=2 2 2 2 2 2 2 2 2 2 2 2 2 2 2 2 2 2 2 2 2 2 2 2 2 2 2 2 2 2 2 2 2 2 2 2 2 2 2 2 2 2 2 2 2 2 2 2 2 2 2 2 2 2 2 2 2 2 2 2
left_child=1 4 7 31 5 45 18 35 14 -8 11 -11 -13 17 -9 16 -16 -12 19 20 29 47 -23 -20 41 -26 30 -25 -29 -6 -27 32 -4 -34 -15 -3 37 -37 39 -38 -40 42 43 44 -2 -1 -47 -21 49 -43 -50 -52 53 -53 -28 -56 -57 59 -59 -5
right_child=24 2 3 57 6 -7 9 8 -10 10 13 12 -14 34 15 -17 -18 -19 23 21 -22 22 -24 27 25 26 54 28 -30 -31 -32 -33 33 -35 -36 36 38 -39 40 -41 -42 48 -44 -45 -46 46 -48 -49 50 -51 51 52 -54 -55 55 56 -58 58 -60 -61
leaf_value=0.011429178121214205 0.00038598614465406298 -0.011425168130283598 0.015000601339829975 -0.011194273271336005 0.0069026447700600091 0.022681396009148744 0.0049603501770877001 -0.014260890401688405 0.016686746963205389 -0.011908788337861201 0.0091848996293065303 0.012371308960226165 -0.018872594621985355 0.0097686584356302085 0.012770094158570795 0.015499096205573791 -0.014295656957082813 -0.0061429582095293544 -0.011293555687790705 -0.017638734147760463 -0.0029337182661413959 0.0059987216876235061 -0.0074702738745534916 0.029982769802354356 -0.0057906442521771639 -0.006104863982938945 -0.004023875163949895 0.0090704084574846564 -0.010778449624638486 0.033747188232205155 0.017612251082225951 -0.0055897306769771647 -0.016125611505855317 0.0089985268222147839 -0.013367359282465839 0.0065708926434276784 -0.0035488632237374649 0.030909643254726619 -0.023850711417387985 0.010182050891401208 0.0015416246829517517 0.0050627644924964221 -0.0042821840028688506 -0.0021791569774848732 0.029719240310265453 -0.0098599806801512868 0.010486802208213514 0.0067016492606227522 0.017382090937876585 -0.0089244324163069277 -0.01032267014124677 -0.0037017080466610281 -0.007491209314071841 0.018796148213551495 -0.0032124000242913361 0.022119218191177646 -0.00063858384049110192 0.009091644424945004 0.02773491008652754 0.017158079672226885
leaf_weight=31.409844025969505 10.217526458203791 22.714374199509621 50.418014571070671 9.7232707440853137 18.452347029000521 32.810798995196819 79.982287026941776 98.636433217674494 18.076011061668396 33.751215279102325 32.479857694357634 81.444126691669226 10.543032906949518 9.091518282890318 18.393494695425034 21.580876305699348 51.197606973350048 384.1491093300283 20.383448258042336 60.816066581755877 35.102001491934061 115.72420508041978 114.77826277539134 11.585245147347448 171.69702127203345 10.622997179627417 80.770170077681541 117.99568876624107 15.094212725758551 15.631546650081871 58.216091886162758 50.101042360067368 18.653440721333027 26.075073689222336 222.324841465801 51.658623218536377 82.257924489676952 15.758786499500273 19.086821287870407 92.606432594358921 24.775276765227318 109.03456781432033 13.772995762526987 13.39769437164068 37.447355262935162 45.488283790647984 17.034506268799305 8.8404902815818769 46.67956517636776 48.83230759203434 17.311691626906395 12.427063181996344 17.156925454735756 39.222130328416824 31.33769453316927 29.924226984381676 21.514788031578064 26.220670863986015 48.525436773896217 9.5538734793663007
leaf_count=151 53 116 237 51 101 201 388 621 78 258 248 474 68 45 124 97 429 2647 99 611 168 767 704 52 970 54 403 546 71 93 325 239 100 121 2010 242 400 75 91 449 114 573 76 82 201 297 86 43 222 247 82 65 85 183 157 152 99 141 284 46
internal_value=0.000575491 -0.00041115 0.0023596 0.00900135 -0.00179575 0.00720322 -0.00263065 -0.000748753 -0.00578856 -0.00488139 -0.00591337 0.00274734 0.00832404 -0.00759854 -0.00814734 -0.00129804 -0.00691774 -0.00489291 0.000972037 -0.00148177 0.00917072 -0.00400126 -0.000717576 0.00639381 0.00347757 0.000605513 0.00534439 0.00905837 0.00663784 0.0208912 0.0138536 0.0028128 0.00727174 -0.00182212 -0.012349 0.00266563 0.00388734 0.0132978 0.000851054 0.00377022 -0.0102999 0.0066231 0.0141141 0.0182696 0.0238133 0.00128052 -0.00409776 -0.0144054 0.00457435 0.000653394 0.00912216 0.00422546 0.00815466 0.0134737 0.00158418 0.00700746 0.0130733 0.0181921 0.0217774 0.0032624
internal_weight=3040.51 2270.93 756.013 239.271 1514.91 126.743 1388.17 516.743 207.884 853.766 773.784 125.738 91.9872 648.045 189.808 91.172 69.5911 416.629 534.404 369.345 69.1859 300.159 230.502 165.059 769.583 404.083 232.386 144.675 133.09 34.0839 68.8391 145.248 95.1465 44.7285 231.416 308.858 286.144 67.4174 218.726 174.864 43.8621 365.5 74.8356 61.0626 47.6649 93.9326 62.5228 69.6566 290.664 157.867 132.797 86.1178 68.8061 51.6492 163.547 82.7767 51.439 94.0233 74.7461 19.2771
internal_count=18212 14183 4055 1219 10128 735 9393 2836 1349 6138 5750 800 542 4950 1271 650 553 2895 3255 2487 362 2125 1471 768 4029 2160 1190 669 617 194 379 697 458 221 2055 1487 1371 317 1054 849 205 1869 412 336 254 534 383 654 1457 820 637 415 333 248 811 408 251 522 425 97
is_linear=0
shrinkage=0.0226245


Tree=115
num_leaves=61
num_cat=0
split_feature=6 27 37 23 37 7 28 7 0 23 13 39 3 37 0 30 2 13 12 37 12 6 37 39 5 41 15 13 21 21 6 21 41 33 12 31 23 45 34 5 30 2 27 8 27 15 37 27 15 39 23 0 39 14 7 6 37 5 34 39
split_gain=16.2701 16.3615 29.3805 26.255 21.5088 23.9602 22.334 17.911 22.2783 20.2608 14.2848 12.9587 23.2561 13.9545 12.9198 13.7465 15.9823 12.5363 17.5219 17.8409 29.8824 23.2741 15.3473 22.0083 16.5563 11.8094 10.667 10.3691 13.8002 10.2275 10.1616 11.4653 13.6984 12.8242 10.1155 10.8949 9.95486 9.71388 12.9603 10.3492 16.6184 9.62485 10.1482 12.6299 8.83762 8.70411 8.25247 10.383 7.78884 10.6713 8.91287 8.90456 8.26277 7.74728 8.03401 7.47747 7.46386 8.66453 7.33315 7.18794
threshold=0.053020603438576008 0.012865000000000001 0.35170000000000007 -15.429999999999998 -0.59134999999999993 88.558573142757709 0.013855000000000001 35.551551930678009 0.25782451500000009 -37.254999999999988 -0.15109499999999995 0.14015000000000002 1.075212751818676 -0.22139999999999996 0.77350700000000006 0.033200000000000007 0.30833521965489025 -0.28144499999999995 -0.033984999999999994 -0.089149999999999993 -0.16194499999999998 -0.023165022981497096 0.064650000000000013 0.098750000000000018 -2.806021928787231 -2.2798760110936391 -0.97514999999999985 -0.30400499999999991 19.010000000000002 20.305000000000003 0.071489435037312407 19.045000000000005 0.68518895092103105 -0.26614999999999994 -0.29243499999999994 0.015925000000000005 69.370000000000019 2.0133000000000005 160.50000000000003 6.2979090213775644 0.024395000000000003 0.47882115643209328 -0.00081499999999999986 0.070268868000000012 0.015055000000000001 -0.98044999999999993 -0.41489999999999994 0.016955000000000001 1.0093500000000002 0.16625000000000004 -31.764999999999997 0.41231340500000008 0.21620000000000003 0.57880000000000009 47.026201360663464 0.086147270604140361 -0.36819999999999992 -0.38576792180538172 133.50000000000003 0.16845000000000002
decision_type=2 2 2 2 2 2 2 2 2 2 2 2 2 2 2 2 2 2 2 2 2 2 2 2 2 2 2 2 2 2 2 2 2 2 2 2 2 2 2 2 2 2 2 2 2 2 2 2 2 2 2 2 2 2 2 2 2 2 2 2
left_child=1 4 7 25 6 17 34 8 -3 10 46 30 36 26 15 29 58 27 19 21 -21 -19 24 -24 -20 -4 -14 28 -6 44 31 32 33 -2 -1 -36 48 38 55 -39 -41 -15 -43 -44 -5 -27 -9 -48 50 -50 51 -13 -52 -40 -55 -32 57 -7 -17 -53
right_child=11 2 3 14 5 56 -8 9 -10 -11 -12 12 13 41 -16 16 -18 18 22 20 -22 -23 23 -25 -26 45 -28 -29 -30 -31 37 -33 -34 -35 35 -37 -38 39 53 40 -42 42 43 -45 -46 -47 47 -49 49 -51 52 59 -54 54 -56 -57 -58 -59 -60 -61
leaf_value=0.011147178075014572 0.00037913371948072731 0.010504136502485106 -0.0020643205442452631 0.0073479838562464416 0.0073405783325092124 0.0074235556770086315 0.022384274101451336 -0.0032099614848103697 -0.016788802924748172 0.01888259533768908 -0.012827652179600678 -0.016407821986028678 -0.0060078052528598162 -0.0039414464641250695 0.014903102331037617 0.026508780540579823 -0.012241411840340879 -0.0043618870139732306 0.0053887921387436094 6.5119174843346125e-05 -0.010456658563725451 0.011844659817157589 -0.014022237859494377 0.0028826561522478159 -0.016343478767232657 0.027366996719753556 0.017238253286535016 0.023662282286098287 -0.012461669715920424 0.0069006412879974444 -0.0083267040549002396 -0.0042070230321572871 -0.0021402332787311519 0.028836928305949333 -0.009693003411646587 0.010261795050702851 -0.014564153964216552 0.012999719552951169 -0.019914465426066383 0.0176065075015065 -0.010540968622872335 -0.0031492832899727916 0.021580832453764343 -0.00062594939814321967 -0.016152091440622716 0.0069003605056757629 -0.0049573532098219743 0.0062670839540125839 -0.010883965054672144 0.014837523259540212 -0.017869200950381456 0.016093786467011224 0.0044746461377262675 0.0068538794661174938 -0.014257577358157992 0.0074489770998592457 -0.021698785706656763 -0.018101216158948229 0.0068924530791314911 -0.0020026032137529996
leaf_weight=31.547416970133781 10.219105966389177 17.943389493972063 10.799166560173033 8.2833459675312024 72.716370791196823 12.253731027245523 32.535683959722519 136.86459864675999 61.086682584136724 27.574067771434784 38.628893401473761 9.2682011574506742 10.597419969737528 80.655554629862309 35.961289927363396 13.672086700797079 13.191389605402945 74.547179155051708 19.845392793416977 550.87672017514706 181.50893509015441 108.36502430588007 56.053673215210438 116.79530371725559 111.11950171366334 50.215549573302269 58.196428798139095 11.149575259536503 20.844976149499416 18.159743182361126 15.839199326932428 13.753785692155359 13.385471329092978 37.804295610636473 45.277270868420601 17.077102869749069 44.275885462760925 92.115005794912577 16.73266775906086 13.779484093189238 27.273885369300842 31.300941437482834 30.047575287520885 21.51089908182621 40.984466299414635 16.299770198762417 52.328914828598499 181.5733300447464 9.7223721072077733 22.665277823805809 33.213661778718233 15.959773510694502 9.7591470181941968 20.133719004690647 12.555012762546538 92.640118777751923 39.320118494331837 9.7622245736420137 31.338487297296524 26.444948509335518
leaf_count=151 53 104 50 42 360 82 201 684 447 126 284 52 54 403 211 61 62 404 156 2735 1373 628 547 924 1191 256 325 67 101 94 107 76 82 201 297 86 318 438 87 65 134 157 152 99 210 88 321 870 48 107 193 74 51 100 64 462 742 83 145 127
internal_value=0.000566827 -0.000399253 0.00231536 0.00882345 -0.00175679 -0.002576 0.00707467 -0.000730227 -0.0104399 0.00108295 -0.000239965 0.0034019 0.000595553 0.00523221 0.00350128 -2.44065e-05 0.00782649 -0.00191678 -0.00256505 -0.000993402 -0.00257339 0.00527446 -0.00724588 -0.00274001 -0.013005 0.0194195 0.0135593 0.0054968 0.00268726 -0.0068444 0.00646581 0.0137552 0.0177866 0.023147 0.00125962 -0.0040152 -0.00567455 0.00446661 0.000636718 0.00889768 -0.000556144 0.00155401 0.00685588 0.0127747 -0.0120126 0.0228483 0.00116064 0.00372603 -0.00232087 0.00685677 -0.00557172 0.00082672 -0.0128326 -0.00866411 -0.00175431 0.00498905 -0.0160768 -0.00468204 0.014092 0.00540097
internal_weight=3036.35 2266.5 754.905 238.905 1511.6 1385.16 126.437 516 79.0301 436.97 409.396 769.85 403.618 232.309 161.591 125.63 58.202 1323.82 1219.11 915.298 732.386 182.912 303.814 172.849 130.965 77.3145 68.7938 104.711 93.5613 67.4276 366.232 75.1627 61.4089 48.0234 93.9018 62.3544 171.309 291.069 157.901 133.168 41.0534 163.515 82.8594 51.5585 49.2678 66.5153 370.767 233.902 127.033 32.3876 94.6457 51.6729 42.9728 49.4214 32.6887 108.479 61.3361 22.016 45.0106 42.4047
internal_count=18212 14183 4055 1219 10128 9393 735 2836 551 2285 2159 4029 2160 1190 825 614 268 8486 7958 5140 4108 1032 2818 1471 1347 394 379 528 461 346 1869 412 336 254 534 383 970 1457 820 637 199 811 408 251 252 344 1875 1191 652 155 497 253 244 251 164 569 907 165 206 201
is_linear=0
shrinkage=0.0226245


Tree=116
num_leaves=36
num_cat=0
split_feature=27 6 29 5 14 22 8 29 8 28 23 15 29 28 32 5 23 29 16 31 28 5 8 27 29 5 34 33 8 27 22 34 37 37 35
split_gain=18.9877 12.2527 10.722 17.2359 25.4581 16.3588 11.1979 11.7335 28.8775 14.9028 14.765 10.6597 9.65142 9.5277 8.38919 10.908 8.21902 7.45451 7.52898 10.863 14.6983 7.32462 8.61789 7.08743 7.02153 6.71006 6.38388 5.32347 4.61989 5.16586 4.18499 4.04901 3.11404 3.64556 0.0930898
threshold=0.072065000000000018 0.50574881528829474 -0.00023499999999999999 -2.7265152931213374 0.78930000000000011 4.5965500000000015 -0.066932289999999992 0.003735 0.00031074882000000004 0.016055000000000003 59.365000000000002 -0.98284999999999989 0.0043500000000000006 -0.0079549999999999985 1.0000000180025095e-35 -0.24861906468868247 87.110000000000014 -0.072929999999999981 1.0690500000000001 0.085535000000000014 -0.011544999999999998 -1.3986026048660276 0.0054171085500000016 -0.06346499999999998 -0.020504999999999999 -31.455775260925289 40.500000000000007 -0.45079999999999992 0.03619930150000001 -0.0051849999999999995 3.7395000000000005 134.50000000000003 0.44980000000000003 1.3158000000000001 10.500000000000002
decision_type=2 2 2 2 2 2 2 2 2 2 2 2 2 2 2 2 2 2 2 2 2 2 2 2 2 2 2 2 2 2 2 2 2 2 2
left_child=1 2 14 4 27 11 -5 8 10 -10 -8 13 26 -6 17 24 -14 23 19 25 -21 22 -20 -1 -16 -19 -9 -4 29 -29 -2 -13 -25 -34 -23
right_child=30 -3 3 6 5 -7 7 12 9 -11 -12 31 16 -15 15 -17 -18 18 21 20 -22 34 -24 32 -26 -27 -28 28 -30 -31 -32 -33 33 -35 -36
leaf_value=-0.0069523366288685093 0.024713453920041369 -0.019398417474896883 0.0084941791056265536 0.020954094679227556 0.011446717442424606 -0.0082651319899825545 -0.0016701154097372227 0.028302002198687573 -0.012953556586386366 0.001575537909446315 0.0092988736473123869 0.014082547857495556 0.0010928392285141236 -0.01289500663556528 0.009664478841246377 0.020802787788566555 -0.0086698385240050174 -0.010887560268529526 -0.011239713345744248 -0.010939654114419687 0.020733971201334581 -0.011318512181880104 0.011728608443573117 0.019485602182846534 -0.015353623517928214 -0.0026084705867076537 0.0049396634277994577 0.0026703873026222326 0.0030334591618367554 -0.017061576683154622 0.0071592118026514743 0.027013044644194247 -0.0043026322403236367 0.012702663910391914 -0.023784256905656106
leaf_weight=13.744328737258909 14.876490965485575 13.834189057350157 9.3872960656881315 10.335429668426512 30.090947844088078 14.63801424205303 217.30696430429816 7.624576140195134 151.71824362501502 46.398211192339659 85.093318536877632 39.625674523413181 1474.6691764853895 8.3335825651884061 8.2990004867315275 15.151513978838919 42.628115139901638 53.12905702739954 21.618616238236431 9.1903530061244982 18.963954336941242 10.061207696795465 9.9520887434482557 11.458833649754522 9.1451315283775347 520.27313347160816 17.626994952559471 8.0075140967965073 12.123346671462057 25.341869868338112 16.970608040690422 33.52261820435524 10.298058882355692 10.552593618631361 13.176650419831274
leaf_count=62 62 66 50 46 204 87 2100 40 1503 281 764 269 7566 65 40 74 367 275 106 43 90 50 47 52 54 2971 119 42 58 146 70 199 44 45 71
internal_value=0.000104544 -8.90166e-05 1.97306e-05 0.000799698 0.00743411 0.0129381 0.000205031 7.05858e-05 -0.00292939 -0.00957716 0.00147532 0.0158585 0.00104767 0.00563411 -0.00234523 0.00841706 0.00080258 -0.00287713 -0.00349984 -0.00273574 0.0103387 -0.0113285 -0.00362248 0.00567992 -0.00376934 -0.00342639 0.0141779 -0.00524204 -0.00841626 -0.0124886 0.0167344 0.0208106 0.0111835 0.00480262 -0.0202377
internal_weight=3015.17 2983.32 2969.49 2234.47 181.071 126.211 2053.4 2043.07 500.517 198.116 302.4 111.573 1542.55 38.4245 735.015 32.5956 1517.3 702.419 656.365 601.556 28.1543 54.8086 31.5707 46.0538 17.4441 573.402 25.2516 54.86 45.4727 33.3494 31.8471 73.1483 32.3095 20.8507 23.2379
internal_count=18128 17996 17930 13906 1120 824 12786 12740 4648 1784 2864 737 8092 269 4024 168 7933 3856 3653 3379 133 274 153 203 94 3246 159 296 246 188 132 468 141 89 121
is_linear=0
shrinkage=0.0226245


Tree=117
num_leaves=51
num_cat=0
split_feature=6 21 13 21 28 29 5 22 21 8 44 35 13 3 5 30 45 37 26 6 22 35 29 30 32 14 41 14 44 30 29 8 22 7 36 34 39 31 1 16 15 39 13 21 21 5 5 39 31 3
split_gain=13.843 11.0832 32.6156 15.7928 13.4066 12.7677 15.7207 26.7376 22.4097 15.9807 14.3842 13.018 13.4392 10.8426 10.2702 13.3463 9.93793 15.8753 34.0744 13.7262 11.4773 12.3407 9.52429 14.4813 8.37155 9.54721 10.1417 9.83854 8.03363 7.8036 9.50694 7.63908 7.47686 7.22056 6.76752 6.01794 5.99817 5.65649 5.1626 5.00034 4.87414 4.8698 3.4054 4.53234 2.68376 2.07205 1.6944 1.00664 0.866928 0.426785
threshold=0.50574881528829474 12.210000000000003 0.15886500000000003 11.700000000000001 0.018155000000000001 -0.00023499999999999999 -2.7265152931213374 2.7696500000000004 17.290000000000003 -0.066932289999999992 0.2226216 21.500000000000004 -0.089529999999999985 0.88725118271320336 -0.62968552112579335 -0.0032649999999999992 1.9621000000000002 -0.51034999999999986 0.79275000000000018 0.20025945362618444 1.2472500000000004 3.5000000000000004 -0.016134999999999997 0.031010000000000003 1.0000000180025095e-35 0.36300000000000004 -0.28455371035855009 0.56205000000000016 0.19595000000000004 0.00087500000000000013 0.016125000000000004 -0.052769094499999995 2.6508000000000007 54.238884906320472 0.7834000000000001 43.500000000000007 0.69295000000000007 0.067620000000000013 -0.24453419140949448 -0.96494999999999986 -0.98484999999999989 0.053050000000000007 0.47184500000000007 11.920000000000002 20.865000000000006 -4.1273107528686515 -9.7727198600769025 0.45295000000000002 0.053725000000000002 0.73010596353439039
decision_type=2 2 2 2 2 2 2 2 2 2 2 2 2 2 2 2 2 2 2 2 2 2 2 2 2 2 2 2 2 2 2 2 2 2 2 2 2 2 2 2 2 2 2 2 2 2 2 2 2 2
left_child=1 2 29 4 -4 10 7 34 11 -8 13 12 -9 24 22 31 20 18 -18 -19 35 -22 36 -24 25 26 -3 -27 -13 30 38 -16 -26 -17 37 -11 -15 41 -1 -36 -40 -7 43 -5 49 -46 -39 -12 -31 -10
right_child=-2 5 3 42 -6 6 9 8 44 16 47 28 -14 14 15 33 17 19 -20 -21 21 -23 23 -25 32 27 -28 -29 -30 48 -32 -33 -34 -35 39 -37 -38 46 40 -41 -42 -43 -44 -45 45 -47 -48 -49 -50 -51
leaf_value=0.0041269253432946957 -0.020197059808135697 0.024034967187341619 0.035416310052302807 0.011737621798058002 0.0036435372298732789 -0.011228870198067025 0.026150207232105892 -0.011389365077839877 0.013854747613690124 0.0060783332432893895 -0.023054322914457408 -0.019069892601839021 0.018027354644513639 0.0039740820821510658 -0.0018809677392853882 -0.014955213239190768 -0.0044323051614633497 -0.0014920456460475911 0.01535880817279682 0.0082798554004985814 -0.003934470694625612 0.007272047946327324 -0.013526159092471858 0.010901393881289839 -0.0040636817911735776 -0.012264703167730274 -0.00054298555534801828 -0.0035675244934127216 0.0091570189513380199 -0.021732511051598402 0.011970177132060821 0.019576403823080606 0.021408654550469853 0.0087941671433876788 -0.0051986459675504009 -0.011027945072085829 -0.010180060788282302 -0.022596394884557152 -0.021516794411251889 0.017904949048833378 0.00050802628405759154 0.0053539132507741515 -0.013273956489978483 -0.0079905864491595108 0.019135176315273929 0.0025387453844260615 -0.0064998305873351257 -0.0066252478529388236 -0.0065396380857493325 0.031487574726071041
leaf_weight=6.8603461235761598 14.203516975045202 7.7433044761419287 11.114858105778696 8.8054316304624134 14.663514196872709 12.152075491845606 9.7686462402343732 8.1985312998294813 7.8490721732377997 12.541826963424681 14.176979873329403 12.615008924156429 31.155091341584921 135.91704481467605 10.032742738723753 12.598434843122961 81.061885174363852 1330.1681159436703 93.219027608633041 75.01486624777317 59.112341426312923 282.69121348112822 48.801748279482126 13.958607681095598 9.7237022742629069 91.489795472472906 44.126558564603329 239.97379764914513 5.6293071508407584 40.818866178393364 8.6716774404048902 39.317009676247835 9.5748462378978711 8.8521456606686098 6.4679378867149344 34.254357561469078 14.44186896085739 9.1169162094593066 18.652822282165289 8.5572137087583524 6.582861762493855 20.019698515534401 9.4726705849170667 9.3566088676452619 9.2714381068944949 7.1108024716377249 9.1937777549028379 5.5696862414479247 5.282425381243228 27.471504501998425
leaf_count=34 68 37 47 51 67 68 42 55 44 58 120 89 199 662 45 72 455 8889 524 348 302 1386 343 68 54 478 225 1351 55 393 42 210 46 51 50 166 63 46 131 51 61 104 49 48 61 44 46 30 28 172
internal_value=0.000103818 0.000219327 -0.00592393 0.00773196 0.0195343 0.000526449 0.00139233 0.00783905 0.0145541 0.000811927 -0.00210748 0.00445969 0.0115386 -0.00151571 0.00185926 0.00914074 0.000647961 -0.00015159 0.00623142 -0.000954436 0.00387486 0.00531719 -0.000649706 -0.00785217 -0.0038919 -0.0046447 0.00420176 -0.00605346 -0.0102989 -0.0142992 -0.006415 0.0153514 0.00971727 -0.00527379 -0.00350667 -0.00635622 0.00244806 -0.00742301 -0.0119614 0.00872547 -0.0163099 -0.00131925 -0.00408512 0.00187242 0.0249672 0.0133938 -0.016504 -0.0198593 -0.0204807 0.0289147
internal_weight=3013.42 2999.22 140.282 53.4131 25.7784 2858.94 2152.64 174.808 109.301 1977.83 706.298 57.5979 39.3536 686.552 283.92 70.8003 1968.06 1579.46 174.281 1405.18 388.6 341.804 213.119 62.7604 402.632 383.333 51.8699 331.464 18.2443 86.869 40.7677 49.3498 19.2985 21.4506 65.5076 46.7962 150.359 50.4825 32.096 15.0252 25.2357 32.1718 27.6347 18.162 51.7028 16.3822 18.3107 19.7467 46.1013 35.3206
internal_count=18128 18060 951 262 114 17109 13254 1084 719 12170 3855 398 254 3705 1514 378 12128 10216 979 9237 1912 1688 1136 411 2191 2091 262 1829 144 689 268 255 100 123 365 224 725 264 226 101 192 172 148 99 321 105 92 150 421 216
is_linear=0
shrinkage=0.0226245


Tree=118
num_leaves=61
num_cat=0
split_feature=43 27 28 37 3 37 27 15 29 12 14 41 37 12 7 12 5 1 27 21 13 30 27 9 6 25 34 34 43 0 15 45 29 13 34 5 34 34 45 12 16 8 14 21 30 6 21 27 7 34 1 29 25 37 39 44 16 9 28 27
split_gain=14.6058 12.9064 12.1032 34.9671 24.5488 19.7346 23.8937 15.8831 12.8843 12.6613 16.6758 21.3599 15.8436 11.8374 21.7093 20.8657 21.3034 15.9818 12.9532 12.1276 11.7262 11.3885 16.5596 10.9705 10.7287 10.6754 9.98018 13.2106 9.62544 16.6588 14.1059 15.0597 10.9871 9.16946 9.08356 8.70929 14.2868 31.7222 12.3867 9.35507 8.70598 8.68302 8.67494 8.43546 8.27941 8.15022 8.71949 8.28233 8.15017 7.72555 11.1357 9.10647 7.19656 7.15566 7.7737 9.96862 11.239 6.75146 6.50947 4.87688
threshold=0.65706549493097377 0.019170000000000003 0.014775000000000002 0.22310000000000005 1.1824502165069515 0.53815000000000013 0.018445000000000007 0.98035000000000017 -0.072929999999999981 -0.016504999999999995 0.53825000000000012 0.060474169964051826 -0.5018999999999999 0.10694500000000001 40.261370480026919 -0.061464999999999992 -9.7727198600769025 -1.019126843961869 0.019455000000000004 20.280000000000005 -0.10144499999999999 -0.00093499999999999996 0.016385 4.5000000000000009 0.084574096523858708 0.53735000000000011 72.500000000000014 75.500000000000014 0.076647979861844309 1.5306693000000002 0.9779500000000001 2.0005000000000002 0.039615000000000004 0.21807500000000005 230.50000000000003 10.708831787109377 204.50000000000003 197.50000000000003 1.9439000000000002 -0.06457499999999998 1.0113500000000004 0.10543376000000002 0.32680000000000003 12.115000000000002 0.036830000000000009 -0.0065639921540502988 16.260000000000002 0.042240000000000007 53.939281427456926 26.500000000000004 -0.024756682259032495 -0.022099999999999998 0.36445000000000011 -0.58029999999999993 0.079650000000000012 0.051250000000000011 1.0206500000000001 2.5000000000000004 0.006895000000000001 -0.016554999999999997
decision_type=2 2 2 2 2 2 2 2 2 2 2 2 2 2 2 2 2 2 2 2 2 2 2 2 2 2 2 2 2 2 2 2 2 2 2 2 2 2 2 2 2 2 2 2 2 2 2 2 2 2 2 2 2 2 2 2 2 2 2 2
left_child=2 53 5 4 9 8 7 43 -1 10 42 12 -12 14 19 16 -16 -17 21 40 23 24 -23 44 -15 58 28 -28 29 59 -30 -32 -33 -22 -27 36 37 -29 -38 41 -10 -37 -4 -7 -11 46 -6 -47 -8 51 -51 -45 -44 -2 55 -55 -57 -13 -20 -5
right_child=1 -3 3 26 45 6 48 -9 13 20 11 57 -14 18 15 17 -18 -19 25 -21 33 22 -24 -25 -26 34 27 35 30 -31 31 32 -34 -35 -36 39 38 -39 -40 -41 -42 -43 52 49 -46 47 -48 -49 -50 50 -52 -53 -54 54 -56 56 -58 -59 -60 -61
leaf_value=0.015088735889518637 0.012315250706872855 0.014207064879423302 0.0087022757859072444 -0.0016532998758259896 -0.0080751077202317577 -0.015878544861189274 0.024734087566559697 -0.016344498485602613 -0.0078327574744922364 0.00042819097850470912 0.018858247064595362 0.023491057019755315 -0.0010184285621829413 0.014101307303077333 -0.012212893277387359 0.02195117847852009 0.0063620352925829 -0.0053688860948884502 -0.015937443978868222 -0.019304765017401315 -0.021209867124980405 -0.0047853111004231364 0.012212307179333184 -0.0098583771427698634 -0.0049708495470787992 0.0013742030461768126 0.021131298032713401 0.0030746397456643954 0.017944174078845933 0.0093717999656771685 -0.017472824678209414 0.0047383602047229223 -0.0097773895436327595 0.0021547336841530188 -0.012794424230068093 -0.0073486904375573538 -0.023000880674796602 0.033536558864220321 -0.0012750936307558385 0.011948802131272227 0.013304883659896927 0.010762523475107932 0.0050161175781785108 -0.0017590637443625535 0.024252761512143312 0.022627388456597529 0.014067856204823755 0.00489137664040351 -0.0014766473619731782 -0.0035844161294225525 0.0087679351088019355 0.020852959992104687 -0.01657789576258276 -0.010377553159676679 -0.020390476474417277 -0.0082509654480668188 0.029309806724166644 0.0085637238264071377 0.00092589585865630734 -0.021551419754552627
leaf_weight=20.004860401153564 4.7137771993875495 10.127005144953726 14.135272130370138 8.0557863414287549 12.754991017282007 7.6438046842813483 33.396716572344303 19.069439675658941 163.94911662861705 15.304743885993959 23.133871987462044 48.43298052996397 95.909625716507435 77.029289431869984 34.330830514431 8.4625675044953805 211.44001092389226 399.32166282832623 38.770123571157455 49.619494587182999 21.92028784006834 93.583358678966761 39.268753983080387 16.125793665647507 17.056935027241707 195.60780788958073 13.257696807384489 245.0790013410151 13.930658742785452 12.360453709959982 29.834220122545958 77.68844310566783 37.017777010798454 12.40031612664461 23.329295679926872 138.16800913214684 12.134161025285719 16.034818336367607 130.75725074857473 14.416345879435537 8.0335115939378721 12.439065709710119 9.3563966602087003 12.804641574621199 11.886563867330549 71.744840510189533 19.818306185305119 18.741555407643318 6.9149183034896842 73.606326721608639 70.568890765309334 25.499912403523922 25.777728714048862 59.408170480281115 30.591800708323717 6.4252374991774541 5.0121759697794914 29.201002381742001 15.876362740993498 37.928232848644257
leaf_count=89 32 44 65 39 68 39 244 140 1362 67 130 222 521 450 172 55 1193 3199 189 413 122 567 200 75 85 925 66 1214 66 58 171 412 175 71 117 689 61 74 654 70 48 56 43 55 50 401 96 81 31 385 325 119 127 594 513 86 32 146 74 196
internal_value=0.000245466 -0.00751722 0.000564898 0.00224461 0.00729264 -0.000708692 0.00511567 0.00192412 -0.00175834 0.00395276 0.00645022 0.00937381 0.00319992 -0.00203447 -0.00361755 -0.00152516 0.00365546 -0.00465129 0.000738391 -0.00968929 -0.00390632 0.00470368 0.000392021 0.00386797 0.0105985 -0.00256561 -0.00059302 0.000952945 -0.00470282 -0.0123275 -0.00172494 -0.00393554 -7.13604e-05 -0.0132566 -0.000282691 0.000378303 0.00216549 0.00529227 -0.00353984 -0.00395894 -0.00664161 -0.00567817 -0.00509295 0.00397398 0.0121738 0.0157823 0.00544557 0.0192193 0.02044 0.00504041 0.00251514 0.0137012 -0.010883 -0.00991171 -0.0112575 -0.00666848 0.0108026 0.0183857 -0.0112378 -0.0183698
internal_weight=3007.21 116.278 2890.93 1245.75 446.644 1645.19 249.505 209.193 1395.68 323.585 245.947 196.677 119.043 1375.68 875.157 653.555 245.771 407.784 500.522 221.602 77.6377 226.938 132.852 43.3171 94.0862 273.584 799.102 582.286 216.816 58.3445 158.471 144.54 114.706 34.3206 218.937 569.029 404.005 261.114 142.891 165.023 171.983 150.607 49.2694 190.124 27.1913 123.06 32.5733 90.4864 40.3116 182.48 144.175 38.3046 35.1341 106.151 101.437 70.8456 11.4374 77.634 54.6465 45.984
internal_count=18063 1301 16762 6286 2285 10476 1338 1063 9138 1639 1254 1019 651 9049 6442 4619 1365 3254 2607 1823 385 1302 767 192 535 1305 4001 2884 1117 293 824 758 587 193 1042 2818 2003 1288 715 815 1410 745 235 923 117 646 164 482 275 884 710 174 170 1257 1225 712 118 368 263 235
is_linear=0
shrinkage=0.0226245


Tree=119
num_leaves=61
num_cat=0
split_feature=43 31 28 35 35 29 21 24 21 8 31 1 29 24 35 14 39 27 27 25 7 24 1 1 28 13 13 31 23 43 24 3 6 28 1 14 21 29 22 43 39 41 1 3 21 24 44 15 27 27 24 36 9 34 39 21 35 7 13 3
split_gain=14.0253 13.2403 11.6084 12.8777 15.2312 14.9117 12.1692 25.8939 17.2783 17.2993 24.0228 15.7348 14.1164 13.2562 24.4038 16.2038 16.6547 15.882 12.1975 13.2202 11.8373 11.8047 11.2598 11.0832 10.9533 14.9688 11.8982 10.8943 10.7351 10.3341 9.99714 16.6495 17.1552 9.83857 10.1309 11.4992 10.0437 9.82734 9.8044 9.05858 9.05801 8.59073 7.94076 7.13794 6.5179 6.51406 6.34452 5.86215 5.84151 7.18017 5.5069 5.43106 4.95389 4.79093 4.69772 4.33543 4.49437 4.10133 3.87903 3.70378
threshold=0.65706549493097377 -0.13399999999999998 0.014775000000000002 29.500000000000004 3.5000000000000004 0.035315000000000006 12.115000000000002 -0.061464999999999992 12.850000000000003 0.0022403895500000006 0.00030500000000000004 -0.25240491029648521 0.0051750000000000008 0.10694500000000001 5.5000000000000009 1.0462500000000003 0.30700000000000005 0.019455000000000004 0.022310000000000003 0.48330000000000006 44.423913872330992 -0.024909999999999998 -1.019126843961869 -0.16412583401258293 0.019745000000000002 0.071650000000000005 0.16884500000000005 0.026795000000000003 55.905000000000008 0.42236383900700186 -0.010769999999999998 1.2188369843292364 0.24864119840051727 0.015095000000000003 0.15974347672602718 1.4250000000000003 18.365000000000006 0.050425000000000005 2.8015000000000003 0.0040987449310038353 0.34500000000000003 -0.014338717743740041 -0.094018032265359638 1.1824502165069515 16.260000000000002 -0.082524999999999987 0.072250000000000023 -0.96434999999999993 -0.010519999999999998 -0.0084149999999999989 -0.0036849999999999995 0.077600000000000016 2.5000000000000004 116.50000000000001 0.031550000000000009 21.280000000000005 2.5000000000000004 44.816738222121963 -0.075989999999999988 1.4005778675251159
decision_type=2 2 2 2 2 2 2 2 2 2 2 2 2 2 2 2 2 2 2 2 2 2 2 2 2 2 2 2 2 2 2 2 2 2 2 2 2 2 2 2 2 2 2 2 2 2 2 2 2 2 2 2 2 2 2 2 2 2 2 2
left_child=2 -2 6 4 21 28 7 -1 9 10 41 -9 -11 15 29 16 22 23 19 -17 -19 24 -10 -16 48 57 -27 55 -5 39 33 51 44 36 37 -36 -6 -35 -29 -15 -18 -8 -14 -20 -33 -40 54 -44 -4 -50 52 53 -23 -32 -47 56 -3 -26 -53 -48
right_child=1 27 3 5 30 -7 8 11 13 12 -12 -13 42 14 17 18 40 20 43 -21 -22 50 -24 -25 25 26 -28 38 -30 -31 31 32 -34 34 35 -37 -38 -39 45 -41 -42 -43 47 -45 -46 46 59 -49 49 -51 -52 58 -54 -55 -56 -57 -58 -59 -60 -61
leaf_value=0.018044392367908505 0.018435408491699563 0.0025875926549665728 0.02673198764308286 0.003452286652740237 -0.0035288731992108506 -0.0086237636541540083 0.017353413779443695 0.01354595470999318 0.021469053822934847 -0.017127032645050763 0.036607115652281585 -0.019288237032661946 -0.0077622868191274232 0.0024561899308167762 0.018896304514845148 0.00062828686304022645 0.026521319908039211 0.0053721591480209371 -0.0087908956770523395 -0.011681319747937045 -0.005144042082299299 -0.0013926416381694873 -0.0016718448488701916 0.0060367703985408239 -0.00042271215183663403 0.017006394788046872 0.0035708798295992772 -0.014327871583529793 0.031972442536058861 0.0090112753049869428 -0.0001597195659986696 0.025934074393234672 -0.010580441532786833 0.0017037147044718477 -0.0090151823454304378 0.003809368987295766 0.028617076534636784 -0.0061135032835799149 -0.009082386466003043 -0.01317568705630563 -0.00033520612233971974 -0.0098726331621351755 0.029583603866611109 0.015003365602253538 0.0094001684768014963 0.00084409915769450411 -0.014769083068418867 0.0029754494164958684 -0.0041716369957293612 0.016015910227399285 0.0055398854080300685 0.013758450342901263 -0.023361594175193661 -0.014344201657582012 0.024641934417760698 0.0050081973025126805 -0.019596252025449873 -0.021527718491513137 -0.0018904163650005042 0.0095881857203546968
leaf_weight=11.961205102503298 6.7995637208223334 4.4510375298559657 17.976153075695038 11.243270069360735 7.680245220661166 9.0381292477250081 7.1548098251223591 6.487943857908248 8.0615485161542875 13.814823422580956 18.794429622590542 55.333499524742365 7.4641558453440675 23.612410686910152 41.247017107903957 58.588585548102856 14.576013125479223 104.78487652540207 7.3458569124341038 181.16619241982698 108.65483202040195 10.354868762195114 644.12242375314236 180.97826716676354 7.8400664180517223 44.723782390356064 123.61213837563992 17.647368248552084 17.551604568958282 15.46207360178232 29.64103277027607 28.590451031923294 10.531185686588286 499.50649544596672 132.77039957791567 46.750983022153378 8.7776488959789258 95.56700699031353 9.472384959459303 79.291235439479351 10.057367362082003 11.632863633334635 7.0483394712209693 16.630151346325874 28.346288092434406 6.3452136442065301 4.6043495349586001 8.6530560925602913 11.261594198644159 28.265364348888397 10.686802752315996 13.205843493342401 8.6614866256713867 17.887812748551369 11.380199778825043 3.456286843866109 48.279670067131519 9.3905943408608419 15.106318581849335 2.9947772622108459
leaf_count=61 30 56 90 59 52 44 38 32 50 107 94 481 43 116 204 377 104 491 41 1235 517 60 4640 972 42 201 563 122 89 97 138 139 48 2528 762 233 47 445 56 430 70 91 36 96 142 44 92 53 54 132 67 57 51 82 75 38 768 56 105 20
internal_value=0.00024293 -0.00739205 0.000555199 0.00220046 0.00177375 0.0147221 -0.00069321 -0.00949418 -0.000262667 0.0101576 0.0203795 -0.0153908 -0.000955328 -0.000801141 0.00196868 -0.00243374 -0.000570205 0.00444349 -0.00715809 -0.00870158 2.14949e-05 0.0064471 -0.00129225 0.00863578 0.00809227 0.00526662 0.00736748 -0.00944496 0.0221684 -0.00702893 0.000393746 0.00582952 0.0137592 -0.000608655 -0.0010031 -0.00566793 0.0153305 0.000424782 -0.00183167 -0.00961964 0.0166731 0.00142743 0.00951915 0.00755141 0.0185551 0.00511893 0.0108175 0.0176643 0.0165217 0.0103719 -0.006539 -0.00147099 -0.0131625 -0.00601493 0.0174369 -0.0161134 -0.0176864 -0.0133663 0.00600738 -0.00517245
internal_weight=3003.32 115.431 2887.89 1244.97 1207.13 37.833 1642.92 73.7826 1569.14 74.5625 37.5821 61.8214 36.9804 1494.58 554.031 940.548 676.817 435.665 263.731 239.755 213.44 272.773 652.184 222.225 243.07 185.567 168.336 108.631 28.7949 118.366 934.362 143.309 67.4679 791.053 774.595 179.521 16.4579 595.074 52.4443 102.904 24.6334 18.7877 23.1656 23.976 56.9367 34.7969 25.3245 15.7014 57.5031 39.527 29.7032 75.841 19.0164 47.5288 17.7254 56.187 52.7307 17.2307 28.3122 7.59913
internal_count=18063 1301 16762 6286 6094 192 10476 574 9902 462 223 513 239 9440 2827 6613 4864 2184 1749 1612 1008 1316 4690 1176 1138 862 764 1271 148 643 4778 711 329 4067 3968 995 99 2973 409 546 174 129 132 137 281 287 231 89 276 186 178 382 111 220 119 862 824 98 162 112
is_linear=0
shrinkage=0.0226245


Tree=120
num_leaves=61
num_cat=0
split_feature=28 37 37 27 37 15 3 1 35 27 1 37 44 31 16 8 28 37 5 12 30 15 2 1 16 27 7 14 15 29 39 28 5 7 21 21 2 2 0 34 35 0 45 12 27 34 2 13 14 37 7 21 8 27 7 28 8 8 12 28
split_gain=13.7272 27.9716 22.131 27.9492 14.6097 25.243 24.7921 16.1269 24.1447 15.778 18.6222 14.0605 13.8109 13.8064 17.3328 13.6315 16.0042 14.0676 12.8589 23.0951 12.7468 12.8632 12.7169 12.6592 18.1589 12.6424 12.3355 20.4614 11.8172 11.8017 11.4602 11.4335 11.2659 11.0323 15.357 10.9623 10.6404 15.0637 10.1799 10.0921 9.74895 22.203 13.5338 10.4431 9.03216 8.72332 12.3637 10.7292 10.0632 8.71017 10.8734 10.0481 8.5128 8.2547 10.3648 8.14856 8.57698 8.13336 9.75276 11.9628
threshold=0.022165000000000001 0.48065000000000008 0.53815000000000013 0.012865000000000001 -0.34609999999999991 -0.98344999999999994 0.66503637564290596 -0.090715551296861444 30.500000000000004 0.028465000000000001 -0.089148078833128336 -0.15079999999999996 0.095621225000000018 0.032830000000000005 -1.0287499999999998 0.014993011750000002 0.013375000000000001 -0.47849999999999998 9.3164858818054217 0.077375000000000013 0.0051450000000000011 1.0293500000000002 0.4308846330225144 -0.10787590511201378 -0.9797499999999999 -0.014429999999999997 38.074046890612202 0.36300000000000004 -1.0191499999999998 0.017185000000000002 0.17060000000000003 0.084100000000000022 -0.18339703232049936 41.404622477380961 22.065000000000005 21.200000000000006 0.57374075200162167 0.51430096229215672 0.080231920000000026 1.0000000180025095e-35 21.500000000000004 0.042343330000000005 2.0169000000000001 -0.13458499999999998 0.009130000000000001 101.50000000000001 0.17419056429232188 0.27773500000000007 4.3697000000000008 1.3158000000000001 73.490574833822777 14.905000000000003 0.044782311500000005 0.0034200000000000003 72.889618550546217 0.012255000000000002 0.0074535907000000011 0.016575217500000003 -0.039329999999999997 0.013375000000000001
decision_type=2 2 2 2 2 2 2 2 2 2 2 2 2 2 2 2 2 2 2 2 2 2 2 2 2 2 2 2 2 2 2 2 2 2 2 2 2 2 2 2 2 2 2 2 2 2 2 2 2 2 2 2 2 2 2 2 2 2 2 2
left_child=2 12 4 20 5 9 11 18 13 -1 -11 55 33 14 -9 16 35 -18 23 29 44 32 -15 30 -25 -13 27 -27 -12 -20 -8 36 -22 34 -2 38 37 45 -7 -28 41 -35 -42 -43 49 -3 48 -48 -47 50 51 -4 -39 -38 -55 56 -6 -17 59 -59
right_child=1 31 3 -5 6 15 7 8 -10 10 28 25 -14 22 -16 57 17 -19 19 -21 21 -23 -24 24 -26 26 39 -29 -30 -31 -32 -33 -34 40 -36 -37 53 52 -40 -41 42 43 -44 -45 -46 46 47 -49 -50 -51 -52 -53 -54 54 -56 -57 -58 58 -60 -61
leaf_value=-0.013622522284037908 0.019136693768284758 0.0039964980421781943 -0.011200346730346216 0.015886823411194018 0.0027952028946579429 -0.0098136668520785366 4.5885634368591401e-05 0.0045688130467341935 0.024124017387894322 -0.0094359882496680321 -0.0068692150842241716 -0.013741593758676241 0.016857416922997422 0.0033719350579343174 -0.012731138619591435 -0.016229314131759296 0.024109968398313503 -0.0013818329535800447 -0.016850635996658977 0.02876445132768465 0.0011140191002327786 0.015033023475970492 -0.010102014451056129 -0.0082062779720192842 0.030104072605281602 0.020222063434331528 -0.016141873655852498 -0.013481544489495029 0.022096329675576464 0.011294407784011423 -0.010082802661676464 0.012500455657280762 -0.014185429231734608 0.024993200429960429 -0.0068205750738933027 -0.010109466510519948 -0.017330080857323231 0.024562990890991943 0.0076626075248719247 0.0064628458577271732 -0.0021933636813414397 -0.0075512805119662824 0.016943927352479373 0.0044368124367236738 0.023591703866493355 -0.0014057911060613162 -0.015410222821802246 0.00030931744243526603 0.019100413986625767 0.012609640216218817 -0.018585380057306349 0.0079990122165183256 -0.0007396814665635396 -0.0083972927281450432 0.012218110773505661 -0.019683253602705678 -0.010200290748888037 -0.0016354216335398171 -0.0020824457254447742 0.022378781771821961
leaf_weight=77.886277679353952 49.219292789697647 101.28602655231953 16.204831719398499 82.651932314038277 54.859589606523514 16.452405154705048 119.52298437803984 31.276076331734657 9.0250783041119558 35.641978174448013 8.6898352503776568 18.775077976286411 62.603811208158731 78.301366470754147 312.80647617578506 12.930492512881754 40.837422356009483 14.437050551176069 13.291953407227995 16.273029834032059 42.518178939819336 11.972998060286043 61.669030729681253 10.116808749735357 10.561607025563715 9.0953276231884939 7.7633164152503005 38.904400993138552 21.099378824234009 11.706259876489638 106.68350471928716 27.433225765824318 54.420416206121445 13.348235085606573 13.41079932451248 21.795714348554611 32.109119936823845 16.001231119036678 169.7377635166049 301.14260265976191 30.048556335270405 90.891783148050308 45.551133435219526 59.185399025678635 10.149340607225893 114.94003197550774 61.15162368118763 33.864460855722427 10.782727256417273 33.776849761605263 11.532423112541435 49.861348092556 10.379855781793593 46.630080342292786 13.926259532570837 15.594172254204748 44.943354733288288 20.775264069437981 143.98035409301519 18.071010932326317
leaf_count=634 221 499 93 474 317 112 967 191 46 179 43 98 366 427 3034 76 223 68 75 75 213 61 373 120 50 48 52 264 101 55 850 116 346 60 59 117 160 73 919 1743 146 421 211 281 52 564 300 166 49 154 65 244 49 227 66 83 242 94 693 87
internal_value=0.000243126 0.00271002 -0.000698236 0.00484256 -0.00162965 0.00126902 -0.00300171 -0.00549846 -0.00797226 -0.00693152 0.00127261 0.000979203 0.00738628 -0.00871045 -0.0111336 0.00385683 0.00719037 0.0177141 -0.00122825 0.0100411 0.000733377 -0.00482034 -0.00264881 -0.00320662 0.0126538 0.00310137 0.00409077 -0.00630862 0.0137865 -0.00386611 -0.00479798 -0.000948737 -0.00763705 0.00527923 0.0135227 0.00418893 -0.00186124 -2.66843e-05 0.0059918 0.00575025 0.00298335 -0.000161376 0.00953686 -0.00282904 0.00570706 -0.00142697 -0.00393506 -0.00996399 0.000742928 0.00352127 -0.000745607 0.00301739 0.0155179 -0.0085492 -0.00331535 -0.00583646 -0.00317936 -0.00066562 0.000670733 0.0103124
internal_weight=3020.5 832.764 2187.74 313.088 1874.65 602.335 1272.31 781.234 493.078 143.317 65.4312 491.078 364.259 484.053 344.083 459.017 263.26 55.2745 288.156 41.2712 230.436 108.912 139.97 246.885 20.6784 375.681 356.906 47.9997 29.7892 24.9982 226.206 468.505 96.9386 301.655 62.6301 207.986 441.071 348.406 186.19 308.906 239.025 163.425 75.5997 150.077 121.525 322.025 220.739 95.0161 125.723 111.375 77.5986 66.0662 26.3811 92.6655 60.5563 115.397 99.8029 195.757 182.827 38.8463
internal_count=18192 4034 14158 1702 12456 3346 9110 6263 4071 957 323 2847 1765 4025 3225 2389 1439 291 2192 205 1228 620 800 1987 170 2205 2107 312 144 130 1817 2269 559 1399 280 1148 2153 1700 1031 1795 1119 762 357 702 608 1578 1079 466 613 556 402 337 122 453 293 642 559 950 874 181
is_linear=0
shrinkage=0.0226245


Tree=121
num_leaves=61
num_cat=0
split_feature=28 36 45 12 45 21 45 23 30 6 6 22 39 39 28 44 2 28 1 21 30 41 43 25 8 35 5 21 12 21 4 23 6 23 27 45 45 3 15 0 6 23 25 45 27 6 2 41 3 34 35 21 23 0 33 12 31 21 22 2
split_gain=13.1695 19.07 12.2227 15.582 13.5348 16.5507 13.0029 12.7983 17.3724 12.0995 11.6875 11.2665 10.7511 13.7959 10.9948 12.753 11.236 11.6424 10.6717 12.0848 14.3182 11.5538 10.2924 11.0724 11.1807 15.3377 12.4309 9.95665 14.5683 17 9.55967 8.94302 8.58274 8.25304 8.14181 15.1127 14.4956 13.7438 11.1119 12.1423 8.0757 8.05715 7.79788 15.5766 7.70801 7.3588 6.35128 6.11177 6.04054 5.96577 5.91263 5.62234 5.53391 5.24504 4.9706 3.53333 3.41691 3.21917 2.90442 2.87131
threshold=0.022165000000000001 0.81105000000000016 1.9669000000000003 0.34568000000000004 1.9525000000000001 17.585000000000004 1.9725000000000001 -35.479999999999997 0.0033200000000000005 0.086147270604140361 -0.050623914765622148 4.762150000000001 0.0078500000000000011 0.014950000000000001 0.084100000000000022 0.22012088000000005 0.074893805454873466 0.026605000000000004 -0.35519464550378427 17.085000000000004 0.0043200000000000001 0.10001136430778296 0.53871527558739363 0.41635000000000005 0.0043099224500000007 23.500000000000004 13.173339843750002 12.115000000000002 -0.061464999999999992 11.700000000000001 3.5000000000000004 59.105000000000011 0.12478899199465786 53.765000000000008 0.015515000000000003 1.9889000000000003 1.9899000000000002 1.4830698055725295 -1.0001499999999999 0.30090755000000008 0.076560353947975321 -34.79999999999999 0.24875000000000003 1.9331000000000003 0.0064150000000000014 -0.10092283231134488 0.70377865612648238 0.47891318072572991 1.2326250099942337 46.500000000000007 19.500000000000004 15.550000000000002 -53.244999999999997 0.19898955000000004 -0.035149999999999994 -0.0045749999999999992 0.0038350000000000003 17.435000000000006 14.656800000000002 0.61663372859025045
decision_type=2 2 2 2 2 2 2 2 2 2 2 2 2 2 2 2 2 2 2 2 2 2 2 2 2 2 2 2 2 2 2 2 2 2 2 2 2 2 2 2 2 2 2 2 2 2 2 2 2 2 2 2 2 2 2 2 2 2 2 2
left_child=2 12 4 6 11 18 46 52 -9 -5 44 22 33 -14 15 16 31 -18 -6 20 21 -20 23 42 25 -25 -26 28 29 -8 40 -15 -11 -2 35 37 -37 -29 41 -40 48 -36 43 -1 -3 -30 57 -13 56 -22 -10 -34 -7 -44 -53 -47 -12 -4 -16 -50
right_child=1 10 3 9 5 7 27 8 50 32 30 47 13 14 58 -17 17 -19 19 -21 49 -23 -24 24 26 -27 -28 34 45 -31 -32 -33 51 -35 38 36 -38 -39 39 -41 -42 -43 53 -45 -46 55 -48 -49 59 -51 -52 54 -54 -55 -56 -57 -58 -59 -60 -61
leaf_value=0.010358683942766888 -0.0014696335930220674 0.0078901282357487171 -0.020510998003557174 0.023982682012614959 0.028396170659802593 0.002257053889532339 0.02330902409888063 -0.013465476243792693 0.025769020783017963 -0.013981625161846933 0.0038510644594459084 -0.015700832413596932 -0.019555631444117302 0.0024789824619878523 0.0055275293155882584 -0.021639722110403759 0.0059934923268121828 -0.0019622902080815023 0.025787565521848039 0.028853481153378841 0.0095222711730647645 0.00053760461177578423 0.019906714719674506 0.011638596215610204 -0.0044568308555690637 -0.012665109712440618 0.0079367341759020507 -0.011469907289664353 0.0058072147903639338 -0.014673290536206293 0.023243143087272447 0.016347139870493042 -0.0030567644820889452 0.023839519574900832 -0.00070472667274921476 0.023095342152165615 -0.0015670867328829903 0.013567519714561655 0.015989792080254306 0.0019508377472429519 0.017962987543515996 -0.01916968900518367 -0.0042198158735002609 -0.017260581933815154 -0.016707146443187128 -0.0054620792804676533 0.0027904437436376429 0.0026829084923870971 0.017751263833501025 -0.0093168620412980296 0.0025381180886440307 0.0019657333561929544 -0.018117204524574035 -0.024014928277394758 0.020848941603343954 -0.022006918676297064 -0.014157504537109636 -0.0054774320570219054 0.021996047921051674 -1.5074301116431797e-05
leaf_weight=23.324887409806252 9.7470695376396197 11.523630991578104 29.469126999378204 16.283992379903793 16.958420641720295 8.9623505882918852 10.29914451390505 11.270171105861662 14.237354613840582 9.6173284202814084 7.1330972313880947 30.491729766130447 13.882180616259573 62.45991775393486 12.598215818405153 10.029920384287832 117.55169310420752 428.48879706859589 19.088166907429695 10.782389760017393 9.2619738578796369 16.266900688409805 11.61497365683317 89.556513711810112 139.1619766280055 13.077946811914442 55.613436162471771 122.23719577491283 5.8339951038360587 8.4759688824415189 36.510210119187832 36.879900738596916 16.394094005227089 15.621966838836668 143.53807305544615 9.4692420810461027 967.82060698792338 9.9125264324247819 43.396136932075024 102.03629079088569 21.399192720651627 10.343950062990187 13.39579974114895 14.493907690048216 9.2155343741178495 10.801065787672995 9.7761402390897256 11.761898867785929 7.8488637432456043 28.294149719178677 9.3662078455090505 13.188347980380058 19.545003451406956 15.244167186319826 14.567006230354309 35.571809738874435 11.093410119414328 12.870650805532931 12.394344344735144 8.2094643935561162
leaf_count=109 46 54 199 74 85 61 46 66 74 48 38 159 74 299 54 50 564 2036 99 53 48 92 58 443 719 68 256 981 31 59 173 170 81 70 715 81 7125 63 223 648 120 86 68 78 43 101 70 58 46 159 47 60 103 77 67 333 78 87 51 68
internal_value=0.000240402 0.00265637 -0.000683048 -0.00170258 0.00211876 0.00756432 -0.00218536 -0.00147735 0.00746243 0.00852263 0.0111786 -5.68581e-05 0.0012796 0.000719708 0.00121443 0.000619656 0.00106062 -0.000226999 0.0131402 0.00920348 0.00530732 0.0150895 0.00121815 0.000469277 0.00234742 0.00827942 -0.000853755 -0.00178008 -0.00988066 0.006492 0.0145479 0.00794446 0.00285488 0.0149601 -0.00135251 -0.00224499 -0.00126067 -0.00934142 0.00194538 0.00637015 0.00798039 -0.00227678 -0.00768288 -0.000700474 -0.0037467 -0.0158006 -0.0129937 -0.0107393 0.000836651 -0.00432195 0.0178344 0.00715682 -0.0120938 -0.0159928 0.0129089 -0.0187004 -0.00754728 -0.0165837 0.0151294 0.0100524
internal_weight=3016.26 832.587 2183.67 1601.9 581.77 164.033 1531.85 63.3811 34.8737 70.0508 112.933 417.737 719.654 694.285 680.403 655.41 645.38 546.04 100.652 83.6936 72.9112 35.3551 375.484 363.869 297.41 102.634 194.775 1479.74 70.982 18.7751 92.1942 99.3398 53.7668 25.369 1408.75 1109.44 977.29 132.15 299.314 145.432 55.684 153.882 66.4588 37.8188 20.7392 52.2069 52.1159 42.2536 34.2848 37.5561 23.6036 44.1494 28.5074 28.64 27.7554 46.3729 18.2265 42.3398 24.9926 16.0583
internal_count=18192 4034 14158 11178 2980 887 10848 351 187 330 620 2093 3414 3298 3224 3119 3069 2600 536 451 398 191 1876 1818 1486 511 975 10492 570 105 523 469 256 116 9922 8250 7206 1044 1672 871 350 801 332 187 97 465 356 217 230 207 121 208 164 145 127 434 116 286 105 114
is_linear=0
shrinkage=0.0226245


Tree=122
num_leaves=61
num_cat=0
split_feature=13 35 16 37 12 35 37 26 28 27 22 12 8 37 8 27 5 5 15 27 22 35 2 35 35 34 15 6 31 44 37 37 5 39 37 8 14 1 41 2 13 22 4 28 37 8 35 31 1 4 2 37 30 37 43 37 23 22 23 5
split_gain=18.327 16.2731 14.7999 19.6701 28.5681 19.7091 13.6923 23.4939 23.4778 20.6704 20.3516 17.6728 18.9658 16.9952 19.729 17.177 15.2502 13.7257 26.2276 17.3846 14.2263 14.1017 13.6208 12.9865 29.325 13.6252 12.7321 17.5768 13.5253 12.6666 12.4925 23.2417 12.6067 12.4918 16.4486 12.1275 11.7559 10.9812 10.9426 10.8261 10.752 10.2468 10.187 10.778 8.96584 8.9159 10.5475 8.8424 10.702 8.82751 8.76217 8.67275 8.31628 8.28933 15.8287 8.66621 8.18228 8.01733 7.79614 9.91258
threshold=-0.28144499999999995 29.500000000000004 -0.98874999999999991 0.26835000000000003 0.18795000000000003 15.500000000000002 -0.34609999999999991 0.49475000000000008 0.016055000000000003 0.013795000000000002 2.3343000000000003 -0.12828999999999999 0.017836004500000002 -0.23454999999999995 1.0000000180025095e-35 -0.0067449999999999993 -2.3287510871887203 -1.2769985795021055 0.98315000000000008 0.0014250000000000003 2.9651500000000004 12.500000000000002 0.80870279146141233 5.5000000000000009 8.5000000000000018 2.5000000000000004 1.0030500000000002 0.076560353947975321 0.016300000000000005 0.22095000000000004 -0.044949999999999997 0.93950000000000011 13.666166305541994 0.060450000000000011 0.16840000000000002 0.028278559500000005 1.4129500000000002 -0.78652513639942967 0.53504405798634169 0.22956703466448594 -0.063954999999999998 1.8194500000000002 3.5000000000000004 -0.0031499999999999996 -0.43754999999999994 0.073872030000000019 2.5000000000000004 -0.028214999999999994 0.34284960686893667 2.5000000000000004 0.20159696544689534 -0.38194999999999996 -0.027669999999999997 0.03525000000000001 0.29860359590068858 0.10865000000000001 -68.984999999999985 1.3338000000000003 -59.354999999999997 1.2975001335144045
decision_type=2 2 2 2 2 2 2 2 2 2 2 2 2 2 2 2 2 2 2 2 2 2 2 2 2 2 2 2 2 2 2 2 2 2 2 2 2 2 2 2 2 2 2 2 2 2 2 2 2 2 2 2 2 2 2 2 2 2 2 2
left_child=1 23 3 4 37 57 7 10 16 11 -4 17 13 14 -13 -15 44 21 19 -19 -20 38 29 25 41 -1 28 -28 -18 40 32 45 -11 34 -14 -7 -35 -2 -8 -10 50 -25 43 53 -9 46 -32 -33 -49 -12 -5 -41 -23 54 -26 -55 -44 -6 -45 -60
right_child=2 -3 6 22 5 35 9 8 39 30 49 12 33 15 -16 -17 26 18 20 -21 -22 52 -24 24 42 -27 27 -29 -30 -31 31 47 -34 36 -36 -37 -38 -39 -40 51 -42 -43 56 58 -46 -47 -48 48 -50 -51 -52 -53 -54 55 -56 -57 -58 -59 59 -61
leaf_value=0.018446885549073182 0.0088925850556232852 -0.020891400945761637 0.0050866765813930457 -0.0098194371577684497 0.0055115518882348615 0.021861712966242151 -0.0030093190324628604 0.0052654192201571507 -0.00030677335743554398 -0.01204903810313466 0.00059186044458865315 0.015496529995841678 0.027207951442844401 -0.015492868905105201 -0.011167508066363876 -0.0054079656831420705 0.015306295162269799 0.017515479483617719 0.0040910458040293897 -0.002358535954289062 -0.0036906644417938712 -0.023809407029246096 0.021234632529926446 0.009383091205359774 0.0020425916951579241 -0.0061842154720495729 -0.012221925397696858 0.020565050943151291 -0.0083403779656461112 -0.016791679243157193 -0.00044414260382393564 -0.013784784077500858 0.011600750465971553 -0.0053317930545618087 -0.00056650921390927081 -0.0053694126906371261 0.0082046587520795012 -0.015513883559602676 0.017395796492924082 0.02528568914235433 0.021066709762869701 0.030475688703313328 -0.0030396281305415575 0.017748085951628221 0.029882819698903062 -0.0086523654086724643 0.015246359542406164 0.0041772728698886543 -0.013571729735563599 -0.012966589640594658 0.0055634467158993959 -0.00097284774432409985 -0.00716486693176878 0.020563927045194698 -0.01574291789533987 7.8640646650273915e-05 0.016365363164869026 -0.014753916623901032 -0.009640801002171951 0.0083335700221899792
leaf_weight=10.557062700390814 8.2544483840465528 10.003702715039251 114.00012693181634 27.584586136043072 13.265174210071562 25.766172081232071 59.011585012078285 18.567291766405109 12.64004299789667 40.193176411092281 36.483674146234989 30.553829986602068 16.308224208652973 138.0466096252203 22.015798635780811 237.45545534789562 33.511079087853432 75.911127083003521 206.93941059708595 30.66862478852272 278.83508663997054 20.271803207695484 14.345920599997042 24.372847571969032 59.378853932023048 77.920652076601982 53.159875147044659 7.1501129716634741 16.505980040878057 16.996930781751871 26.031499721109867 20.092359572649002 13.185948207974432 130.03470733016729 25.022086933255196 10.446746945381163 40.833919420838356 148.60387710481882 14.318785689771174 56.345689609646797 11.523440688848494 29.211078990250826 13.231502830982206 25.792764909565449 12.012943193316458 8.7360295504331571 131.01020772010088 108.9244284555316 17.724862642586231 70.921533204615116 47.241579812020063 6.9876739233732215 58.877280451357365 11.352016508579252 41.399248730391264 41.073429808020592 47.474688649177551 26.467535734176636 18.6823450922966 56.43229353427887
leaf_count=52 83 47 545 172 66 125 294 95 60 220 177 203 78 1336 186 2089 194 352 1016 141 1414 118 82 110 279 389 335 35 101 135 145 104 61 692 130 47 205 1692 65 369 78 137 71 125 59 40 698 510 85 394 295 33 321 56 243 196 221 137 95 255
internal_value=0.000173755 0.0042791 -0.000584929 -0.00488117 -0.00865682 0.00267354 0.000108413 0.00367105 0.00891281 -0.000787915 -0.0015123 -0.00205173 -0.00479908 -0.00752548 0.00432967 -0.00920561 0.00330528 0.000319361 0.00188123 0.0118854 -0.000371059 -0.00567022 0.00261579 0.00495822 0.00681753 -0.00275423 -0.00073414 -0.00757142 0.00747327 -0.000476512 0.00397478 0.00570201 -0.00591083 0.000728146 0.0114555 0.0141898 -0.00201411 -0.0140917 0.00148396 0.0188103 0.00317506 0.0218537 0.00408258 0.00203035 0.0166829 0.0114309 0.0126844 -0.000865905 0.00144562 -0.00846623 -0.000261771 0.0224725 -0.0121171 -0.00175332 -0.00549898 0.00535793 0.0121899 -0.00807306 0.00766377 0.00367123
internal_weight=3006.67 466.882 2539.79 350.496 232.804 75.9456 2189.29 438.286 216.881 1751 221.405 1385.1 640.271 428.072 52.5696 375.502 140.907 744.834 592.354 106.58 485.774 152.479 117.692 456.879 368.401 88.4777 110.327 60.31 50.0171 103.347 365.899 312.519 53.3791 212.199 41.3303 36.2129 170.869 156.858 73.3304 75.9734 86.3496 53.5839 314.817 254.111 30.5802 165.778 157.042 146.742 126.649 107.405 74.8262 63.3334 79.1491 153.204 100.778 52.4254 60.7062 39.7327 100.907 75.1146
internal_count=18088 2276 15812 2912 2150 375 12900 2397 1281 10503 1116 8640 4919 3814 389 3425 819 3721 2923 493 2430 798 762 2229 1788 441 665 370 295 680 1863 1582 281 1105 208 172 897 1775 359 462 545 247 1541 1249 154 883 843 699 595 571 467 402 439 774 522 252 292 203 475 350
is_linear=0
shrinkage=0.0226245


Tree=123
num_leaves=61
num_cat=0
split_feature=13 35 8 45 5 21 1 31 12 33 35 35 34 37 26 27 15 12 1 21 1 7 1 37 22 34 21 12 13 31 37 13 37 16 0 28 45 28 2 37 26 8 39 3 21 8 35 7 2 15 29 33 22 27 28 30 34 31 16 37
split_gain=17.5509 15.747 14.3831 20.7999 17.1026 17.3623 15.0174 15.958 13.5892 13.5215 12.39 27.9169 13.0949 11.5254 37.4866 27.7446 19.7065 17.9269 15.5406 14.5182 13.1079 11.9739 17.6126 12.6644 12.6052 11.474 15.8628 11.3781 13.7902 11.1108 10.9248 10.7073 14.7116 19.7309 16.8357 18.635 15.9611 14.1569 14.1154 13.746 15.2763 12.6727 12.5234 12.2187 11.5404 11.3256 14.9621 10.679 10.4008 10.3122 10.0068 9.85513 9.68039 9.26602 9.16599 8.98424 8.74265 15.7802 18.7556 9.4139
threshold=-0.28144499999999995 29.500000000000004 0.017208934000000002 1.9593000000000003 -1.0062105655670164 18.810000000000006 -0.024756682259032495 0.03969000000000001 -0.22893499999999997 0.40990000000000004 5.5000000000000009 8.5000000000000018 2.5000000000000004 -0.32834999999999998 0.49475000000000008 0.010625000000000001 1.0039500000000003 -0.17350499999999996 0.08209156664321661 20.820000000000004 0.16861861629948335 17.937325608032278 -0.74655155166757547 -0.098049999999999984 3.0093500000000004 164.50000000000003 13.395000000000001 0.10984000000000001 0.16201500000000002 0.033565000000000005 0.42010000000000008 -0.12165499999999999 0.30745000000000006 -0.94954999999999989 0.25505623500000002 0.018155000000000001 1.9977000000000003 0.017205000000000002 0.083334645607294103 0.012550000000000002 0.81270000000000009 0.022521436000000002 0.27945000000000003 1.3473516287069358 20.865000000000006 0.021522104500000003 17.500000000000004 33.698843129859505 0.44286286085955878 -0.97444999999999993 0.056520000000000008 -1.4282999999999999 1.8194500000000002 -0.010364999999999997 0.0091350000000000025 0.033780000000000011 64.500000000000014 -0.038839999999999993 -0.9283499999999999 0.22715000000000005
decision_type=2 2 2 2 2 2 2 2 2 2 2 2 2 2 2 2 2 2 2 2 2 2 2 2 2 2 2 2 2 2 2 2 2 2 2 2 2 2 2 2 2 2 2 2 2 2 2 2 2 2 2 2 2 2 2 2 2 2 2 2
left_child=1 10 3 4 -2 6 8 -8 9 -6 12 52 -1 14 18 17 19 25 -5 29 -20 24 -23 -24 30 26 -15 28 -19 -16 -17 42 34 -34 36 38 47 -35 -36 40 -37 -40 55 -41 54 46 -39 -33 -27 -10 56 -47 -12 -18 -38 -4 59 -58 -59 -13
right_child=2 -3 31 13 5 -7 7 -9 49 -11 11 50 -14 15 16 21 53 27 20 -21 -22 22 23 -25 -26 48 -28 -29 -30 -31 -32 32 33 37 35 39 44 45 41 43 -42 -43 -44 -45 -46 51 -48 -49 -50 -51 -52 -53 -54 -55 -56 -57 57 58 -60 -61
leaf_value=0.018045896009073817 -0.0024580923362484217 -0.020645222491520201 -0.0078497359912621228 -0.015262608524397078 0.021690771835186921 -0.0030011870355294676 0.029964121447302299 0.0026681870721678709 0.010326516021086174 -0.006103267655581072 0.0091715815141997295 -0.0040647711280031749 -0.0060632276371683303 0.018963428798994861 0.020345086107767571 -0.01041621347499022 0.011829110068622122 -0.013683381540645693 0.019574150094699434 -0.0080823169252091029 -0.007461097740867644 0.033161275980331147 -0.0080969475783848055 0.005265015881631141 -0.018891418437763787 0.0074467879572235173 -0.0088002718379237756 -0.00021647896292667076 -0.0053738498870521028 -0.0012892812383076789 0.010469329169067102 0.014353052484589939 0.018166827469143512 -0.012373115655256348 0.010614671699960542 -0.0054772458357672535 -0.0059334993278210716 0.025157636215275319 -0.016931099381962866 0.0077984460150553256 0.024252891048480267 -0.0012290554537101699 -0.02131731020184529 -0.013527966981694209 0.03539588937616521 0.010429246928966763 -0.0040424222718323131 -0.013033890456863923 -0.010031062787995837 -0.01658382942512392 0.01773546337387685 -0.002210804420454199 0.029638057328800288 -0.0085440673238891662 0.016563218807306997 0.007037752000558963 -0.00084583374295894962 0.018162403204391823 -0.011791946919319545 0.01013271964028742
leaf_weight=10.611139886081217 135.73487744480371 9.9293038547039014 44.154094494879246 68.822086069732904 26.517212599515915 47.775394562631845 34.730650715529919 16.329342231154442 9.1955793462693709 11.35499297082424 24.436747565865517 115.50953157991171 77.737248063087463 8.972422778606413 74.638960141688585 21.397480599582195 12.984504982829092 255.24591956473887 12.141811817884443 11.830847196280954 20.934789292514324 7.2760458737611762 42.547574929893017 180.5718233063817 23.779701136052608 86.223329849541187 103.29710532724857 65.799921251833439 178.87526065483689 14.014741666615008 24.266856461763382 9.3099477291107195 25.219509921967983 49.973532743752003 32.429381817579269 10.001295655965803 9.5641338601708394 17.224061906337738 33.254319489002228 54.52603705227375 39.389256291091442 98.590274885296822 17.405272260308266 15.27100360393524 14.389866352081297 31.861623182892799 14.969689220190046 15.311919786036013 19.012831598520279 16.610332034528255 22.203500285744667 344.55339670926332 29.436195306479931 38.680070679634809 53.429819010198116 34.297734037041664 74.914171643555164 64.705903694033623 10.644925363361834 27.093761324882507
leaf_count=52 687 47 232 573 119 244 172 77 63 54 110 612 389 44 445 195 68 3015 58 80 105 44 306 1173 211 433 533 374 1249 91 150 41 166 288 152 44 49 82 190 247 224 468 86 69 64 149 79 76 93 104 93 1666 137 264 256 160 357 306 50 123
internal_value=0.000172913 0.00418809 -0.000571137 -0.00190625 0.00344745 0.00833666 0.0130153 0.0218459 0.00529294 0.0135156 0.0048537 0.00666633 -0.0026872 -0.0031672 0.0011331 -0.00424131 0.00818612 -0.00664912 -0.00933327 0.0138965 0.00323895 0.00152831 0.00400888 0.00264592 -0.00653262 -0.00120508 -0.00616079 -0.00899714 -0.0103178 0.0169923 0.000645114 0.00159933 0.00239457 -0.000236691 0.00567426 0.00277656 0.0134279 -0.00135633 -0.00216433 0.00947646 0.0182626 -0.00546799 -0.00547106 0.00277967 0.0183204 6.85361e-05 0.0123659 -0.00225793 0.00410516 -0.00692017 0.00399403 -0.0010695 0.021295 -0.003068 0.013037 -0.0013223 0.00278894 0.0065442 0.0136511 -0.00121947
internal_weight=3001.91 467.222 2534.69 1569.56 298.248 162.514 114.738 51.06 63.6781 37.8722 457.293 368.945 88.3484 1271.31 254.048 1017.27 152.149 717.427 101.899 100.485 33.0766 299.839 230.395 223.119 69.444 217.506 112.27 499.921 434.121 88.6537 45.6643 965.126 869.269 483.802 385.467 283.462 102.006 458.582 164.274 119.188 49.3906 131.845 95.8571 69.797 77.3838 408.609 32.1938 24.6219 105.236 25.8059 315.072 376.415 53.8729 51.6646 62.994 78.4518 292.868 150.265 75.3508 142.603
internal_count=18088 2276 15812 11024 1520 833 589 249 340 173 2229 1788 441 9504 1684 7820 948 5741 736 616 163 2079 1523 1479 556 1103 577 4638 4264 536 345 4788 4310 2430 1880 1394 486 2264 810 584 268 658 478 316 369 1976 161 117 526 167 1541 1815 247 332 305 392 1448 713 356 735
is_linear=0
shrinkage=0.0226245


Tree=124
num_leaves=50
num_cat=0
split_feature=27 43 31 16 25 2 35 31 0 6 37 30 25 2 13 16 16 37 27 31 15 27 6 6 7 12 29 25 35 45 12 5 27 16 35 5 0 12 14 3 0 15 37 15 0 0 44 35 27
split_gain=15.796 13.378 10.6655 12.8784 13.064 11.8692 16.5138 14.0129 22.8931 23.7852 21.6261 12.344 15.3353 12.317 10.7606 10.2779 13.1852 10.9477 12.5004 10.7894 9.55156 9.47726 8.55788 12.5208 13.1463 8.4023 7.85193 6.75342 10.7172 7.85581 7.70971 7.21177 6.15649 6.03517 5.26888 4.37517 4.25974 3.79385 3.78794 3.74581 3.32149 2.7434 2.65784 4.28396 2.58538 1.31729 1.20692 1.17193 0.639564
threshold=0.072065000000000018 0.58439804303574328 0.15557500000000005 1.0961500000000004 0.31875000000000003 0.98026636032633052 19.500000000000004 0.015435000000000003 0.17503327000000005 0.039831745755404761 0.44980000000000003 0.07776000000000001 2.4999500000000006 0.43490542864161141 1.0635850000000002 -1.0495499999999998 1.0206500000000001 1.0000000180025095e-35 -0.0062849999999999989 0.19322500000000001 -0.98184999999999989 -0.010724999999999998 0.035307929003704212 0.038924396103164657 81.985075006175109 -0.061464999999999992 0.069780000000000023 1.5297500000000002 14.500000000000002 2.0571000000000006 -0.15169499999999997 10.708831787109377 -0.020089999999999997 1.2223500000000003 17.500000000000004 16.986981391906742 0.33755920000000006 -0.049654999999999991 0.99435000000000007 0.91485905656477851 1.3785586000000003 1.01075 0.34485000000000005 1.0000500000000001 0.36259661000000004 0.16669433500000003 0.13565000000000002 8.5000000000000018 0.015235000000000002
decision_type=2 2 2 2 2 2 2 2 2 2 2 2 2 2 2 2 2 2 2 2 2 2 2 2 2 2 2 2 2 2 2 2 2 2 2 2 2 2 2 2 2 2 2 2 2 2 2 2 2
left_child=1 2 3 5 -5 7 20 11 9 -9 -10 12 -1 -13 27 34 21 18 25 35 -7 -17 42 -24 -25 -18 -2 29 31 30 -4 -29 -6 36 -3 39 -31 -32 -8 -19 -30 -20 48 -44 -34 -27 -22 -46 -23
right_child=26 15 14 4 32 6 38 8 10 -11 -12 13 -14 -15 -16 16 17 19 41 -21 46 22 23 24 -26 45 -28 28 40 33 37 -33 44 -35 -36 -37 -38 -39 -40 -41 -42 -43 43 -45 47 -47 -48 -49 -50
leaf_value=-0.00081790379287712087 0.0012531313031069911 -0.0012879127083918957 -0.0068728426469640046 0.010114063580591659 -0.00034743811520301194 0.0025126726891442621 -0.015497534047235004 0.0027691931842575256 -0.0017764260868822325 0.020692087823064316 0.0060463844612165928 0.021560440473168289 -0.0087314858541670797 -0.0058721278021480134 -0.010965544821787437 0.0082565614514997256 0.013342779576119514 -0.004798924335090598 0.0068311561196445969 0.010683751576125057 0.03117732058330281 -0.022749671928984101 0.020130718591059773 0.0050695012384849069 -0.022219834651931829 -0.019451528363469518 0.023335279607337556 -0.018577807090183703 0.020084278878020716 0.008279725522405695 0.020276458916912651 0.0049477037757760635 -0.0055689534543487389 0.0024909363339816037 0.018506606536791283 0.00098964717322476111 0.028248895753166796 0.0025504810766322338 0.0036766712898187431 -0.019935576387929661 0.0020268634123997418 0.029274474889831197 0.0067222967268558949 -0.016504620177170144 -0.0098750885543459239 -0.0034400179143203023 0.013013728427605306 -0.022153870827247582 -0.0051003587041557183
leaf_weight=1326.7649460993707 13.625617355108259 14.053888998925688 16.287314802408218 13.633163869380949 16.480648472905159 13.905275739729403 8.9764175303280371 94.627593953162432 567.5059906616807 61.544359385967255 262.05081675946712 20.512180238962177 135.63627964630723 11.452303513884543 13.843645408749579 8.6147175617516023 6.8132370933890334 15.934036774560807 6.593967728316783 12.577993273735045 14.652911901474001 44.66841009631753 5.4046572148799887 14.126183941960333 18.432214021682739 6.1174082867801207 19.398854225873947 12.957363456487657 9.7358791977167147 11.01756492257118 11.029261663556101 9.8128003329038602 12.682034000754355 10.337828829884527 9.9722534939646703 11.683025665581225 22.425777524709702 12.842516675591467 7.8586824983358374 22.627895805984735 10.114282861351965 8.8871949799358827 4.8989520445466024 6.7251725569367409 13.383787676692007 5.8426121510565281 9.5824525803327543 26.181047737598419 3.0632284879684439
leaf_count=8432 58 73 76 62 75 68 53 517 3248 297 1356 91 740 52 67 71 33 122 67 60 64 718 39 96 224 49 79 63 44 49 50 45 66 47 50 62 101 58 49 148 45 46 67 55 63 49 56 130 17
internal_value=0.000144854 -3.45767e-05 0.000402149 7.30326e-05 -0.00857634 0.000363495 0.0104924 0.000127005 0.0022173 0.0100801 0.000707158 -0.00125344 -0.00156767 0.01206 0.00641221 -0.00527786 -0.00694402 -0.000855708 0.00898721 -0.00638204 0.0183166 -0.0123522 -0.0143623 -0.00539742 -0.010932 -0.00349884 0.0150592 0.00851565 0.00106362 0.0121378 0.0044272 -0.00902434 -0.0125427 0.0184977 0.00803359 -0.0110033 0.0228533 0.0120468 -0.00731997 -0.0144525 0.0123118 0.0222958 -0.0195787 -0.00732637 -0.0161694 -0.0138234 0.0261493 -0.0189562 -0.0219733
internal_weight=3017.9 2984.87 2757.84 2617.43 82.3607 2535.07 54.9757 2480.09 985.729 156.172 829.557 1494.37 1462.4 31.9645 140.404 227.037 203.011 97.0774 34.2544 62.823 38.1406 105.934 97.3188 37.9631 32.5584 18.7733 33.0245 126.561 42.6203 83.9403 40.1591 22.7702 68.7275 43.7812 24.0261 50.245 33.4433 23.8718 16.8351 38.5619 19.8502 15.4812 59.3558 11.6241 52.2469 11.96 24.2354 39.5648 47.7316
internal_count=18247 18110 16064 15419 396 15023 290 14733 5418 814 4604 9315 9172 143 645 2046 1923 636 244 392 188 1287 1216 359 320 131 137 578 197 381 184 108 334 197 123 332 150 108 102 270 89 113 857 122 259 98 120 193 735
is_linear=0
shrinkage=0.0226245


Tree=125
num_leaves=48
num_cat=0
split_feature=27 43 33 21 12 31 16 2 35 31 0 37 8 30 2 13 0 41 17 35 22 28 2 13 29 45 27 30 12 27 35 30 16 37 2 22 17 2 29 41 45 22 37 21 35 35 44
split_gain=15.1744 12.8528 10.5522 17.3751 12.3342 10.2509 12.4084 11.4291 15.9039 13.3961 21.8298 20.6453 13.3694 11.8219 11.775 10.3572 10.3386 9.38954 9.19278 8.47547 8.23339 7.90816 7.77286 13.8205 7.57832 7.41296 7.19653 6.64478 5.8911 5.74514 6.78811 5.46314 12.7136 5.2317 12.61 10.3279 8.12671 8.06438 7.0602 6.75313 4.86729 3.25153 3.09273 2.93685 2.10708 1.15229 1.1236
threshold=0.072065000000000018 0.58439804303574328 0.086750000000000008 20.460000000000004 -0.0028949999999999996 0.15557500000000005 1.0961500000000004 0.98026636032633052 19.500000000000004 0.015435000000000003 0.17503327000000005 0.44980000000000003 0.047727763500000006 0.07776000000000001 0.43490542864161141 1.0635850000000002 0.36259661000000004 -0.90064568620050334 -0.98184999999999989 3.5000000000000004 2.6508000000000007 0.0045050000000000012 0.023857707509881403 0.13435500000000003 0.077265000000000014 2.0215000000000001 -0.020089999999999997 0.0083050000000000016 0.040935000000000006 -0.0089349999999999985 21.500000000000004 0.062890000000000015 1.0388500000000003 0.57615000000000005 0.18205492424242423 3.9828500000000004 1.0599500000000004 0.52843708016121826 0.025995000000000001 -1.4605400203831509 2.0415000000000005 2.9797000000000007 -0.61954999999999993 17.385000000000005 5.5000000000000009 8.5000000000000018 0.13565000000000002
decision_type=2 2 2 2 2 2 2 2 2 2 2 2 2 2 2 2 2 2 2 2 2 2 2 2 2 2 2 2 2 2 2 2 2 2 2 2 2 2 2 2 2 2 2 2 2 2 2
left_child=1 5 3 22 19 6 7 9 18 13 12 -12 -11 17 -15 33 20 -1 -9 -4 -8 28 23 -3 -2 42 -18 -5 -6 -27 -31 32 40 34 -7 -35 -37 43 -39 -38 -21 -10 -24 -36 -44 -28 -20
right_child=24 2 4 27 21 15 16 8 41 10 11 -13 -14 14 -16 -17 26 -19 46 31 -22 -23 25 -25 -26 29 45 -29 -30 30 -32 -33 -34 35 37 36 39 38 -40 -41 -42 -43 44 -45 -46 -47 -48
leaf_value=-0.0060715932917257331 0.0029708320974292388 -0.013440666375452852 0.010185677934155557 -0.0084877323088737369 -0.010985930693501978 0.022960577680572594 0.01509999349701174 0.0024646230201484406 -0.014966756630316283 0.012184787462487457 -0.0017374789092898745 0.0059031264287738427 -0.0076883854135245096 0.021036195491520322 -0.005774495427471704 -0.01079888574505399 -0.00075830024924924998 -0.00080823844537946722 0.030537581995019526 -0.02070223383528998 -0.0078047129615850417 0.024154988925409085 0.00096306360864141147 0.027625580395219257 0.024415335311785552 0.0081051248006584389 -0.009719123218749336 0.017229381166082702 0.012131506989034178 -0.016262885166112181 0.0055616502374001651 -0.018368545584701673 0.015264685691044321 0.028940756869370785 -0.01784832747648692 -0.0044722251282971869 0.00051448805275960551 -0.0034214253536864574 0.014154064914525592 0.025037682603856731 0.0030462178662099197 0.0028777086361421347 -0.0073866961779576468 -0.001257363127612512 -0.02129616182109512 -0.021884964279136363 0.012798272084349596
leaf_weight=198.48256512358785 16.574534967541695 7.1600664723664504 11.94905201345682 5.3343343101441887 7.7998818270862165 11.985067233443258 11.979465678334238 13.911953054368494 8.7009627409279364 138.86790942400694 567.16854378581047 262.40376068279147 17.755189508199692 20.618570953607559 11.43159571290016 13.784575060009955 16.041907697916031 1262.9849320687354 14.681675538420679 11.401818756014114 14.780266836285589 12.337611649185417 3.7464979179203501 4.3947667889297009 16.456466481089592 9.4445927962660772 13.33784708380699 13.917478717863558 9.0967463478445989 22.155226893723015 8.5984339825808984 17.678811743855476 9.9191260412335378 13.488632097840307 10.587233126163484 17.30326147377491 9.7333914637565595 21.802566409111023 20.28870952129364 11.596653759479524 5.4276206828653804 8.0848115384578687 10.688691914081572 9.9739470630884153 54.817976659163833 25.941411480307579 9.5721392855048162
leaf_count=1088 70 123 67 79 76 52 55 68 52 732 3248 1356 82 91 52 67 73 8084 64 111 75 67 27 30 67 57 63 82 49 161 55 93 54 61 50 82 46 104 88 50 28 50 138 45 749 130 56
internal_value=0.000144042 -3.19405e-05 -0.00518535 -0.00894427 0.00106398 0.000395201 7.23121e-05 0.000357017 0.0102985 0.000124965 0.00216783 0.000691444 0.00983331 -0.00122556 0.0117868 0.00628422 -0.00843218 -0.00153364 0.0179655 -0.00509031 0.00292156 0.0123221 -0.0121081 0.004582 0.0147606 -0.0139427 -0.0137965 0.00992545 0.0014137 -0.00564933 -0.0102072 -0.00957051 -0.00253035 0.00834148 0.00423623 0.0136881 0.00671759 -0.000200776 0.00541553 0.0152452 -0.0137195 -0.00721212 -0.0183371 -0.0109482 -0.019435 -0.018704 0.0256465
internal_weight=3016.19 2983.16 225.869 140.258 85.6107 2757.29 2616.75 2534.66 54.9515 2479.71 986.195 829.572 156.623 1493.52 32.0502 140.544 82.0809 1461.47 38.1658 56.3764 26.7597 29.2342 121.006 11.5548 33.031 109.451 55.3212 19.2518 16.8966 40.1983 30.7537 44.4274 26.7486 126.759 74.6375 52.1219 38.6333 62.6525 42.0913 21.33 16.8294 16.7858 69.2532 20.5612 65.5067 39.2793 24.2538
internal_count=18247 18110 2046 1501 545 16064 15419 15023 290 14733 5418 4604 814 9315 143 645 396 9172 188 353 130 192 1340 153 137 1187 266 161 125 273 216 286 193 578 339 239 178 287 192 96 139 102 914 95 887 193 120
is_linear=0
shrinkage=0.0226245


Tree=126
num_leaves=59
num_cat=0
split_feature=30 21 13 21 21 28 21 36 35 29 3 15 3 37 37 30 15 41 16 13 35 37 41 37 21 27 22 35 28 37 24 8 34 24 27 0 5 33 39 3 24 34 35 0 7 5 2 36 39 22 41 31 6 30 37 22 37 2
split_gain=12.5376 10.7772 12.1533 15.2766 16.291 13.2745 11.8415 11.3655 17.4906 10.6516 10.2023 9.52824 10.0526 9.49116 11.6863 8.98695 10.2438 8.59544 12.1089 16.6011 20.0596 20.1556 18.2225 16.7731 20.6589 20.4687 15.4448 8.56112 10.6769 17.438 13.0147 10.6403 9.44779 8.78189 8.7473 10.9046 11.0846 10.1449 11.1588 8.28686 7.41187 6.75435 6.69149 6.39345 6.24305 5.60584 5.1518 5.70206 4.93889 4.32532 4.0513 3.18338 2.64522 1.97794 1.80767 1.70739 1.40401 0.16847
threshold=-0.16525999999999999 13.230000000000002 0.15618000000000001 12.115000000000002 12.850000000000003 0.028005000000000006 12.705000000000002 0.088250000000000009 16.500000000000004 0.086250000000000007 2.3606121817678729 0.98615000000000008 1.2135238436977305 0.44980000000000003 -0.24864999999999995 0.00087500000000000013 -0.96774999999999989 0.56284326585556721 1.1009500000000003 0.10167000000000001 7.5000000000000009 -0.093649999999999997 0.48575906999188007 0.21815000000000004 13.875000000000002 0.017545000000000002 1.7658000000000003 12.500000000000002 0.018355000000000007 0.26835000000000003 0.12558500000000003 -0.040626942999999992 215.50000000000003 0.066865000000000022 0.002415 0.074336380000000021 -1.3986026048660276 -0.59194999999999987 0.06975000000000002 1.6617121218218684 -0.17805999999999997 86.500000000000014 5.5000000000000009 0.67528060000000012 70.677275611612373 11.093722343444826 0.16210874906527076 0.41785000000000005 0.21035000000000001 4.0009500000000005 -0.1774190886095515 0.073815000000000019 0.094660063057938962 0.093365000000000017 -0.10789999999999998 1.91815 -0.71734999999999982 0.28475059067723635
decision_type=2 2 2 2 2 2 2 2 2 2 2 2 2 2 2 2 2 2 2 2 2 2 2 2 2 2 2 2 2 2 2 2 2 2 2 2 2 2 2 2 2 2 2 2 2 2 2 2 2 2 2 2 2 2 2 2 2 2
left_child=41 2 3 15 6 7 13 11 -9 17 52 -4 40 14 -5 16 55 18 19 23 21 -21 -22 24 -3 -25 43 34 30 33 31 -29 -31 -30 37 42 -37 -19 -39 -32 -13 -1 -36 53 48 -46 -28 -48 -11 54 -45 -50 -7 -20 -6 -2 -17 -57
right_child=1 9 5 4 49 10 -8 8 -10 44 -12 12 -14 -15 -16 56 -18 27 26 20 22 -23 -24 25 -26 -27 46 28 29 32 39 -33 -34 -35 35 36 -38 38 -40 -41 -42 -43 -44 50 45 -47 47 -49 51 -51 -52 -53 -54 -55 -56 57 -58 -59
leaf_value=0.0029618467688244444 -0.0037040835175180644 0.015394491180937964 0.014834137837634851 0.0084307604775407542 -0.0081658819040611556 -0.024795691504272504 0.021712110853322728 0.034798013127488321 -0.0029162463252957274 0.0029155284223549589 0.0074497385606747801 0.003822474838689742 0.0123557442675953 0.014518048634078982 -0.012130739509842793 -0.00611441454986389 0.010815911208379497 0.017930559187203921 0.0050152588490368268 0.01869754593567724 0.00059796496697741631 0.0047074984377734799 0.018501294026133094 0.00085147511910082401 -0.0029558988084541272 0.013259712413241571 0.00069255499566493587 0.0051258769472505052 0.020873868286029829 -0.010565195040001913 -0.0059171814188039617 -0.018006627524719522 0.0081106462124361945 -0.0030378974329968418 0.0058105062845405708 0.019163323267910645 -0.0051220643142412441 -0.015228558573515143 0.0029609017323094875 0.015755865972152863 -0.018218307669280533 0.024310369153424567 0.02501008114995603 0.0066192848439432092 0.0096096576484006619 -0.010051540701138957 -0.015367268545024975 0.001672331583459553 0.007589368341896185 0.0006653636750604267 -0.011848212569726171 0.027026483606713413 -0.0064778421232900485 0.020961889403024632 -0.024251545571031662 -0.021627543803339339 -0.024021673409244597 -0.0081456676649453112
leaf_weight=15.53976731002331 7.944271586835387 29.859177313745022 15.390224561095236 19.624377701431513 9.8140776343643719 11.332598388195043 11.795843392610548 12.321190342307093 10.027308858931063 12.771012410521505 9.8757699429988843 10.512434989213942 10.479591205716131 13.70262749865651 36.314193069934845 4.9206722341477862 10.379023019224404 6.2480607181787482 9.4731304645538348 75.648853965103626 565.84557289071381 169.39935045316815 27.800127189606428 351.75740849971771 785.6850973777473 81.619795322418213 16.983667850494385 10.491856619715689 20.612331748008732 56.904891036450863 24.767948560416698 71.856783797964454 15.710650905966757 10.819052696228026 24.925562240183353 8.8252301849424821 50.945809751749039 37.717792004346848 28.627534423023462 10.534780591726301 20.11195040866733 13.867278814315794 14.657049175351856 9.3650772273540515 13.146871134638788 10.932460650801657 65.569835692644119 11.155629411339758 9.8130902498960513 6.7143008559942237 9.4397692829370481 14.229946061968802 9.4333966821432096 9.2949595600366575 14.555532872676848 8.0211692452430707 34.444339819252491 6.1732712723314753
leaf_count=67 46 174 74 110 67 56 61 53 66 56 47 52 54 75 338 34 78 30 45 396 3341 866 155 2151 5374 492 82 53 93 290 120 590 76 47 155 48 272 238 155 50 109 60 87 44 58 51 319 55 43 36 44 60 47 43 101 59 345 43
internal_value=0.000285108 0.00013237 -0.00395829 -0.007462 -0.00213516 0.0019831 0.00325015 0.00685519 0.0194812 0.000585847 -0.0100628 0.00115474 -0.00460555 -0.000618045 -0.00485739 -0.0153951 -0.00583132 0.000362414 0.000909675 0.00133145 0.00378756 0.00919414 0.00152203 -0.000322854 -0.002232 0.00326081 -0.00568129 -0.00270651 -0.00561637 -0.000298265 -0.0101995 -0.0149854 -0.00636861 0.0130806 0.00107612 0.00537285 -0.000817126 -0.00478499 -0.00758406 0.00125362 -0.0109753 0.0143048 0.0141391 0.00624035 0.00972068 0.000562242 -0.0105051 -0.0129189 0.0152335 -0.0153198 -0.00299454 0.0207605 -0.0182841 0.0146578 -0.0193276 -0.0139841 -0.0223552 -0.0181361
internal_weight=2996.73 2967.32 293.888 184.404 112.521 109.484 81.437 78.8427 22.3485 2673.44 30.6418 56.4942 41.104 69.6412 55.9386 71.8827 32.5177 2612.54 2218.9 2087.62 838.694 245.048 593.646 1248.92 815.544 433.377 131.282 393.645 221.698 104.047 117.651 82.3486 72.6155 31.4314 171.947 99.3537 59.771 72.5934 66.3453 35.3027 30.6244 29.407 39.5826 37.5729 60.8934 24.0793 93.7091 76.7255 36.814 31.0839 18.8048 24.043 20.766 18.7681 24.3696 22.1387 39.365 14.1944
internal_count=18231 18104 1951 1393 788 558 584 408 119 16153 150 289 215 523 448 605 226 15885 13581 12949 4758 1262 3496 8191 5548 2643 632 2304 1319 506 813 643 366 140 985 562 320 423 393 170 161 127 242 176 268 109 456 374 159 204 88 103 103 88 168 148 379 102
is_linear=0
shrinkage=0.0226245


end of trees

feature_importances:
open_to_cpr_dist=760
dist_r1=402
dist_hi52=335
dist_s1=329
mom10=308
expiry_dist=295
sg_vel=273
dist_lo52=259
vwap_dist=253
mom5=253
mom3=240
mom20=238
india_vix=236
atr_pct_rank=220
days_since_52hi=218
rsi14=216
vol_rank=212
cpr_width_pct=209
ema200_dist=207
market_rs_20d=193
market_rs_5d=177
cpr_rsi_squeeze=162
rs_direction_alignment=154
conf_vol=152
cpr_zone_vol_ratio=150
vol_accel_delta=130
rsi_dir=128
vol_accel=124
cpr_vol_interaction=117
overlap_vol_signal=113
cpr_compress=104
cpr_overlap_pct=91
hi52_dir=71
dow=65
cpr_pos=49
sector_rs_5d=48
sector_rs_20d=26
n_rules_fired=23
prev_cpr_respected=9
rsi_div=4

parameters:
[boosting: gbdt]
[objective: binary]
[metric: auc]
[tree_learner: serial]
[device_type: cpu]
[data_sample_strategy: bagging]
[data: ]
[valid: ]
[num_iterations: 3000]
[learning_rate: 0.0226245]
[num_leaves: 61]
[num_threads: 2]
[seed: 42]
[deterministic: 0]
[force_col_wise: 0]
[force_row_wise: 0]
[histogram_pool_size: -1]
[max_depth: 8]
[min_data_in_leaf: 44]
[min_sum_hessian_in_leaf: 0.001]
[bagging_fraction: 0.429849]
[pos_bagging_fraction: 1]
[neg_bagging_fraction: 1]
[bagging_freq: 2]
[bagging_seed: 400]
[bagging_by_query: 0]
[feature_fraction: 0.830046]
[feature_fraction_bynode: 1]
[feature_fraction_seed: 30056]
[extra_trees: 0]
[extra_seed: 12879]
[early_stopping_round: 0]
[early_stopping_min_delta: 0]
[first_metric_only: 0]
[max_delta_step: 0]
[lambda_l1: 0.000257934]
[lambda_l2: 2.89269]
[linear_lambda: 0]
[min_gain_to_split: 0]
[drop_rate: 0.1]
[max_drop: 50]
[skip_drop: 0.5]
[xgboost_dart_mode: 0]
[uniform_drop: 0]
[drop_seed: 17869]
[top_rate: 0.2]
[other_rate: 0.1]
[min_data_per_group: 100]
[max_cat_threshold: 32]
[cat_l2: 10]
[cat_smooth: 10]
[max_cat_to_onehot: 4]
[top_k: 20]
[monotone_constraints: ]
[monotone_constraints_method: basic]
[monotone_penalty: 0]
[feature_contri: ]
[forcedsplits_filename: ]
[refit_decay_rate: 0.9]
[cegb_tradeoff: 1]
[cegb_penalty_split: 0]
[cegb_penalty_feature_lazy: ]
[cegb_penalty_feature_coupled: ]
[path_smooth: 0]
[interaction_constraints: ]
[verbosity: -1]
[saved_feature_importance_type: 0]
[use_quantized_grad: 0]
[num_grad_quant_bins: 4]
[quant_train_renew_leaf: 0]
[stochastic_rounding: 1]
[linear_tree: 0]
[max_bin: 255]
[max_bin_by_feature: ]
[min_data_in_bin: 3]
[bin_construct_sample_cnt: 200000]
[data_random_seed: 175]
[is_enable_sparse: 1]
[enable_bundle: 1]
[use_missing: 1]
[zero_as_missing: 0]
[feature_pre_filter: 1]
[pre_partition: 0]
[two_round: 0]
[header: 0]
[label_column: ]
[weight_column: ]
[group_column: ]
[ignore_column: ]
[categorical_feature: ]
[forcedbins_filename: ]
[precise_float_parser: 0]
[parser_config_file: ]
[objective_seed: 16083]
[num_class: 1]
[is_unbalance: 0]
[scale_pos_weight: 1]
[sigmoid: 1]
[boost_from_average: 1]
[reg_sqrt: 0]
[alpha: 0.9]
[fair_c: 1]
[poisson_max_delta_step: 0.7]
[tweedie_variance_power: 1.5]
[lambdarank_truncation_level: 30]
[lambdarank_norm: 1]
[label_gain: ]
[lambdarank_position_bias_regularization: 0]
[eval_at: ]
[multi_error_top_k: 1]
[auc_mu_weights: ]
[num_machines: 1]
[local_listen_port: 12400]
[time_out: 120]
[machine_list_filename: ]
[machines: ]
[gpu_platform_id: -1]
[gpu_device_id: -1]
[gpu_use_dp: 0]
[num_gpu: 1]

end of parameters

pandas_categorical:[]
