tree
version=v4
num_class=1
num_tree_per_iteration=1
label_index=0
max_feature_idx=45
objective=binary sigmoid:1
feature_names=cpr_width_pct vwap_dist atr_pct_rank vol_rank n_rules_fired sg_vel ema200_dist rsi14 mom5 dow rule_id direction dist_hi52 dist_lo52 vol_accel market_rs_5d market_rs_20d sector_rs_5d sector_rs_20d deliv_pct pcr india_vix conf_vol rsi_dir hi52_dir cpr_compress cpr_pos dist_r1 dist_s1 mom3 mom10 mom20 rsi_div vol_accel_delta days_since_52hi expiry_dist cpr_overlap_pct open_to_cpr_dist prev_cpr_respected cpr_zone_vol_ratio hmm_regime cpr_vol_interaction regime_momentum cpr_rsi_squeeze overlap_vol_signal rs_direction_alignment
feature_infos=[0:7.4989375999999996] [-9.4219434185080519:9.4219434185080519] [0.0039525691699604003:1] [7.594055250526195e-08:5] [2:6] [-3084.34765625:3084.34765625] [-5.4981708992297573:5.4981708992297573] [0:100] [-5.3486349999999998:5.3684373000000001] [0:6] none [-1:1] [-4.8717899999999998:4.8717899999999998] [-11.1579:11.1579] [0:10] [-5:5] [-5:5] [-5:5] [-5:5] none none [10.199999999999999:31.98] [0:50] [-100:100] [-4.8717899999999998:4.8717899999999998] [0:5] [-1:1] [-0.14999999999999999:0.14999999999999999] [-0.14999999999999999:0.14999999999999999] [-5.5161199999999999:5.5161199999999999] [-5.5158100000000001:5.5158100000000001] [-6.05403:6.05403] [-1:1] [-5:5] [0:251] [0:32] [0:1] [-5:5] [0:1] [0:5] [0:3] [-20:5] [-10.69727:10.69727] [0:1] [0:4.6429999999999998] [0.30259999999999998:10]
tree_sizes=2584 2650 2660 2661 2620 2623 2626 2658 2675 2637 2648 2669 2673 2664 2653 2639 2655 2649 2668 2670 2664 2631 2676 2641 2668 2682 2667 2670 2638 2656 2630 2668 2671 2646 2649 2650 2652 2642 2647 2658 2674 2686 2671 2675 2663 2663 2610 2620 2663 2630 2664 2638 2686 2634 2680 2666 2662 2665 2670 2681 2671 2644 2639 2653 2631 2597 2664 2695 2664 2659 2620 2630 2639 2652 2683 2674 2684 2652 2668 2658 2636 2684 2666 2644 2669 2673 2653 2658 2653 2643 2633 2622 2603 2649 2674 2659 2641 2613 2694 2663 2661 2603 2627 2630 2619 2661 2632 2667 2690 2666 2666 2611 2654 2645 2625 2677 2675 2622 2602 2650 2665 2631 2624 2682 2670 2660 2647 2672 2655 2645 2677 2676 2630 2635 2666 2673 2695 2664 2616 2664 2628 2661 2647 2694 2686 2673 2630 2629 2651 2611 2701 2656 2658 2621 2625 2659 2668 2618 2641 2593 2583 2590 2620 2643 2626 2614 2575 2628 2591 2652 2645 2655 2590 2647 2615 2656 2699 2513 2680 2667 2677

Tree=0
num_leaves=23
num_cat=0
split_feature=30 36 44 0 27 37 28 37 27 37 15 28 30 29 27 37 7 37 37 28 28 15
split_gain=2159.37 1496.44 1055.24 463.064 454.084 496.974 296.613 459.882 530.523 365.575 573.061 306.608 224.15 207.575 194.732 194.722 241.826 225.765 185.522 530.355 179.191 145.962
threshold=0.016805000000000004 0.99215000000000009 0.26012360000000007 0.71497560000000016 0.015025000000000002 0.33755000000000007 -0.011034999999999998 0.35575000000000007 0.015665000000000002 -0.31714999999999993 0.99975000000000014 0.016015000000000005 -0.036099999999999993 0.015415000000000002 0.024425000000000006 -0.47804999999999992 29.54462549376046 0.30585000000000007 -0.39034999999999992 0.013395000000000002 -0.010804999999999999 1.0000500000000001
decision_type=2 2 2 2 2 2 2 2 2 2 2 2 2 2 2 2 2 2 2 2 2 2
left_child=1 12 6 -4 18 -6 7 -2 -9 10 -8 21 -1 -14 -11 -5 17 -17 19 -3 -7 -12
right_child=2 4 3 15 5 20 9 8 -10 14 11 -13 13 -15 -16 16 -18 -19 -20 -21 -22 -23
leaf_value=-1.0055401815135456 -1.006760506086547 -1.0317957181667818 -0.99854163736761548 -0.93134139101278735 -1.025054590976046 -0.94693609042113214 -1.008310520515981 -1.0076713365033276 -0.93578522819612475 -1.0140324924988682 -0.95474153444028687 -0.94623602823712305 -1.0196428409904739 -1.0065980217191937 -0.99559463955396921 -1.0136852691234612 -0.99859842525975639 -0.93107365160063005 -1.0356283309852565 -0.96089796697757113 -1.0012374950000424 -1.0092839120994581
leaf_weight=1887.8145558089018 413.97899655997753 310.04467557370663 243.03438967466354 138.90470342338085 378.42251832783222 74.434165969491005 665.21872736513615 105.88797363638878 147.30540981888771 2900.5880896300077 40.245244592428207 167.23266685009003 2403.7742207050323 979.5614387691021 368.65425507724285 21.685544416308403 104.32505151629448 98.26872830092907 3504.0713932514191 74.82489649951458 80.685854449868202 117.60988953709602
leaf_count=9663 2119 1587 1244 711 1937 381 3405 542 754 14847 206 856 12304 5014 1887 111 534 503 17936 383 413 602
internal_value=-1.01394 -1.02076 -1.00201 -0.972137 -1.03104 -1.01055 -1.00572 -0.990797 -0.965272 -1.00809 -0.995324 -0.9692 -1.01217 -1.01582 -1.012 -0.954869 -0.970092 -0.946518 -1.03388 -1.01763 -0.974239 -0.994453
internal_weight=15226.6 9693.63 5532.94 606.218 4422.48 533.543 4926.72 667.172 253.193 4259.55 990.307 325.088 5271.15 3383.34 3269.24 363.184 224.279 119.954 3888.94 384.87 155.12 157.855
internal_count=77939 49618 28321 3103 22637 2731 25218 3415 1296 21803 5069 1664 26981 17318 16734 1859 1148 614 19906 1970 794 808
is_linear=0
shrinkage=1


Tree=1
num_leaves=23
num_cat=0
split_feature=30 36 44 0 27 37 13 37 37 27 8 27 37 28 28 7 28 7 5 28 37 37
split_gain=2168.24 1476.08 987.569 607.117 461.329 485.881 265.183 239.373 343.409 360.525 180.65 176.191 365.619 427.898 170.602 170.578 138.88 132.686 128.144 123.719 120.346 104.659
threshold=0.016805000000000004 0.99215000000000009 0.17995000000000003 0.71497560000000016 0.015025000000000002 0.32505000000000006 -0.7451549999999999 -0.51224999999999987 0.47635000000000005 0.017465000000000005 -0.065955341999999986 0.020365000000000005 -0.35084999999999994 0.014465000000000002 -0.010804999999999999 76.601939080463282 0.024235000000000003 12.889697791374191 -3.4644944667816158 0.015865000000000001 0.037750000000000006 -0.36754999999999993
decision_type=2 2 2 2 2 2 2 2 2 2 2 2 2 2 2 2 2 2 2 2 2 2
left_child=1 6 11 18 16 -6 -1 -5 -9 -10 -8 12 13 -2 -7 -12 21 -13 -4 -20 -21 -3
right_child=2 4 3 7 5 14 10 8 9 -11 15 17 -14 -15 -16 -17 -18 -19 19 20 -22 -23
leaf_value=0.015522801827507851 0.0068919741725700766 -0.0090890688803808607 0.042483289538926113 0.078893805625513666 -0.010502349245063977 0.06431940708893677 0.016524137780007053 0.014370651741235755 -0.0001095469944798512 0.078854540068759721 -0.00053506760888738861 0.059050595426475977 0.0012720830933576552 0.059667221370531098 0.01026364644768985 -0.022932706614648163 0.0054330280697627957 0.013348387077012353 -0.00087302786013677925 0.050845221980914228 0.0068221441855233133 -0.022152426200062175
leaf_weight=697.06636856496334 258.12770740687847 438.61291319131851 81.939658463001251 147.82958529889584 371.74326899647713 81.251836150884628 338.60630312561989 166.34844666719437 37.506529286503792 155.22653160989285 4130.9475113749504 39.74589116871357 2886.6531491279602 140.08948174118996 69.549937754869461 205.73169112205505 111.74122875928879 1237.6983566731215 260.75809419155121 65.1666189879179 99.27124497294426 3295.3207201659679
leaf_count=3561 1316 2254 414 730 1913 404 1728 843 191 769 21136 199 14767 699 354 1055 577 6302 1327 329 506 17043
internal_value=0.000164824 -0.00664332 0.0120832 0.0335014 -0.0169856 0.00389589 0.00173876 0.0521506 0.0407339 0.0627302 -0.000285148 0.00729068 0.004293 0.0258247 0.0403574 -0.00163129 -0.019861 0.0148847 0.0145724 0.00885014 0.0251567 -0.020657
internal_weight=15316.9 9740.57 5576.36 1014.05 4368.22 522.545 5372.35 506.911 359.082 192.733 4675.29 4562.31 3284.87 398.217 150.802 4336.68 3845.67 1277.44 507.136 425.196 164.438 3733.93
internal_count=78417 50025 28392 5109 22545 2671 27480 2533 1803 960 23919 23283 16782 2015 758 22191 19874 6501 2576 2162 835 19297
is_linear=0
shrinkage=0.0239494


Tree=2
num_leaves=23
num_cat=0
split_feature=30 36 44 27 37 0 28 37 26 37 26 27 0 29 27 8 37 28 28 37 28 27
split_gain=1955.09 1501.38 976.937 389.495 460.359 312.789 293.524 536.31 442.066 353.313 620.744 283.002 210.749 199.626 174.289 139.559 128.889 367.172 122.202 114.643 111.703 101.742
threshold=0.016805000000000004 0.96765000000000001 0.29375000000000007 0.015025000000000002 0.40995000000000004 0.73532933000000011 -0.010084999999999998 0.40995000000000004 -0.026199999999999998 -0.31714999999999993 0.063600000000000004 -0.011284999999999998 0.35167376500000008 0.016645000000000004 0.026055000000000005 0.0056192875000000012 -0.36754999999999993 0.013395000000000002 0.021505000000000003 1.0000000180025095e-35 -0.010804999999999999 0.015215000000000001
decision_type=2 2 2 2 2 2 2 2 2 2 2 2 2 2 2 2 2 2 2 2 2 2
left_child=1 12 6 13 -5 -4 7 -2 -9 10 -8 -12 21 16 18 -13 17 -3 -11 -20 -6 -1
right_child=2 3 5 4 20 -7 9 8 -10 14 11 15 -14 -15 -16 -17 -18 -19 19 -21 -22 -23
leaf_value=-0.0060650550534945783 0.0058547781835691336 -0.017930504587130341 0.016841675553991232 -0.010300676744485475 0.064820077904419099 0.058328756192412103 0.0045269658958491414 0.0047767377842470541 0.068327409702138533 -0.0047948199556485434 0.068770026496177236 0.052339713012535191 0.0062907818672571173 0.016062770421170228 0.018119354644975463 0.0076746972577910518 -0.022123840008539061 0.039933286259346112 0.039416096685614285 0.0035007260809370917 0.016030404206229722 0.0053819002954256564
leaf_weight=1816.8826430141926 479.55794738233089 367.52955770492554 173.60674948990345 396.83923584222794 64.779996201395988 312.82158763706684 688.92852194607258 100.08763882517815 195.38551346957684 1507.2154828757048 154.28757739067078 65.973010241985321 2957.7613380402327 83.358774244785309 338.69731529057026 127.9406650364399 3278.5497986078262 74.875222891569138 54.096283957362175 1399.3569621145725 63.172011703252792 577.22699747979641
leaf_count=9307 2435 1906 875 2046 313 1520 3496 509 959 7704 752 327 15102 431 1708 640 17132 377 276 7155 320 2945
internal_value=4.49578e-05 -0.00646001 0.0113206 -0.0169501 0.00214192 0.0438222 0.00819906 0.0218418 0.0472948 0.0057271 0.0179363 0.0440476 0.00199813 -0.0196222 0.00184498 0.0236238 -0.0204609 -0.00780714 0 0.00493796 0.0418734 -0.00324416
internal_weight=15278.9 9680.98 5597.96 4329.1 524.791 486.428 5111.53 775.031 295.473 4336.5 1037.13 348.201 5351.87 3804.31 3299.37 193.914 3720.95 442.405 2960.67 1453.45 127.952 2394.11
internal_count=78235 49879 28356 22525 2679 2395 25961 3903 1468 22058 5215 1719 27354 19846 16843 967 19415 2283 15135 7431 633 12252
is_linear=0
shrinkage=0.0239494


Tree=3
num_leaves=23
num_cat=0
split_feature=0 27 36 30 44 30 37 28 8 27 28 37 26 37 15 37 15 16 27 28 12 28
split_gain=1882.91 1017.56 787.714 501.3 493.273 572.425 456.725 315.001 196.248 184.818 178.088 302.435 523.85 229.133 349.395 166.646 386.112 252.94 139.291 137.266 114.926 114.826
threshold=0.64766035000000011 0.015215000000000001 0.88885000000000014 0.014175000000000002 0.29735000000000006 0.020015000000000002 -0.33384999999999992 0.014465000000000002 0.0014132261500000001 -0.010324999999999999 -0.011714999999999998 0.40375000000000005 -0.37824999999999992 -0.37534999999999996 0.99975000000000014 0.23625000000000004 0.93225000000000013 -0.82419999999999993 0.020365000000000005 0.017295000000000001 -0.11342499999999998 0.017755000000000003
decision_type=2 2 2 2 2 2 2 2 2 2 2 2 2 2 2 2 2 2 2 2 2 2
left_child=1 2 9 21 10 -6 7 8 -5 -1 11 -2 -13 14 -12 17 -17 18 -3 -16 -11 -4
right_child=4 15 3 6 5 -7 -8 -9 -10 20 13 12 -14 -15 19 16 -18 -19 -20 -21 -22 -23
leaf_value=0.0082185940826165951 0.0089378972900289438 -0.0062546120129556475 -0.021389413772002416 0.032093277529741872 -0.005725883901004012 0.05381589540670241 -0.011537729871974644 0.059998851186414424 -0.016345802971807908 0.0017500832201555617 0.0080854835096794715 0.014893610220688087 0.072996337970456085 0.0030647668354460062 0.018753218605841431 0.043619533009548586 0.0055040506241967506 0.054800156596020902 0.0077499675451520198 0.064474457463367343 -0.0072112621281056697 -0.00078134928122435682
leaf_weight=866.68124215304852 627.07547843456268 614.78710326552391 3212.8847699910402 89.642762899398804 121.57852919399738 338.99525739252567 666.43399062752724 96.608579143881798 99.695384532213211 1229.5616637766361 447.9623064994812 257.99701298773289 143.23293672502041 1786.2461253702641 72.031728282570839 233.83186656236649 469.70144075155258 55.927235811948776 1170.310279712081 114.82180763781071 2339.032151773572 178.44831372797489
leaf_count=4417 3183 3149 16945 450 621 1614 3428 466 509 6292 2273 1309 680 9097 361 1157 2374 282 5945 549 11990 930
internal_value=2.91445e-05 -0.00490894 -0.00878224 -0.0160353 0.0143676 0.0377815 -0.00052428 0.0246332 0.00581658 -0.00164602 0.011199 0.019639 0.0359995 0.00755392 0.0199554 0.00839693 0.01838 0.00450264 0.00284498 0.0476307 -0.0040827 -0.0203481
internal_weight=15233.5 11323.5 8778.99 4343.71 3909.94 460.574 952.381 285.947 189.338 4435.28 3449.37 1028.31 401.23 2421.06 634.816 2544.56 703.533 1841.02 1785.1 186.854 3568.59 3391.33
internal_count=78021 58334 45427 22728 19687 2235 4853 1425 959 22699 17452 5172 1989 12280 3183 12907 3531 9376 9094 910 18282 17875
is_linear=0
shrinkage=0.0239494


Tree=4
num_leaves=23
num_cat=0
split_feature=30 36 44 27 0 28 27 28 7 7 27 28 7 0 15 28 27 13 6 13 12 25
split_gain=1868.64 1307.6 786.141 370.852 313.147 292.678 228.905 215.926 213.475 190.73 167.458 166.992 148.697 88.563 84.4212 84.1544 75.7162 114.454 80.6741 66.6118 59.451 59.4322
threshold=0.016805000000000004 0.99215000000000009 0.29375000000000007 0.015025000000000002 0.75658649500000019 -0.011464999999999998 -0.0093149999999999986 -0.016474999999999997 27.87147439631816 75.763501574856946 0.014815000000000002 0.013615000000000002 76.199731109152069 0.41287668000000005 1.0249500000000002 0.016015000000000005 0.013255000000000001 0.11731000000000001 -0.05950514906464574 0.16759500000000002 -0.12119499999999998 1.3168500000000003
decision_type=2 2 2 2 2 2 2 2 2 2 2 2 2 2 2 2 2 2 2 2 2 2
left_child=1 7 5 11 21 8 12 -1 -2 13 -8 20 -7 16 -13 -14 17 18 -9 -17 -3 -4
right_child=2 3 4 -5 -6 6 10 9 -10 -11 -12 14 15 -15 -16 19 -18 -19 -20 -21 -22 -23
leaf_value=0.013075415907903065 0.043980147526824664 0 0.023585269498216783 0.0019239538369431185 0.055050320774881721 0.01020499166396833 -0.0016043115487090562 0 0.013821891372406168 -0.021943021273255238 0.0089536956714083397 -0.010240544338659893 0.002483667939283494 0.0043331822989162716 0.018747356009375944 0.054079517837148247 0.0036782982110827203 0.00079737951769151333 -0.016705850597247197 0.022874207313249961 -0.021768809508132935 -0.0038652658680523306
leaf_weight=782.58423113822937 198.60908378660679 73.20001246035099 127.97649133205414 542.20124727487564 305.22313196957111 716.31127323210239 1982.609924197197 229.22447264194489 496.51989457011223 226.89668734371662 1500.1716202348471 526.93160006403923 54.224662214517593 1970.4897689968348 61.612031996250153 101.38280500471592 734.84356337785721 783.82145713269711 573.68534779548645 102.09400157630444 3060.763922855258 57.210726633667946
leaf_count=3961 949 389 635 2754 1418 3611 10146 1176 2487 1177 7559 2763 270 10017 318 480 3739 4022 2954 501 16316 285
internal_value=-5.89797e-06 -0.00646269 0.0109153 -0.0163378 0.0399663 0.00812163 0.00582307 0.00145354 0.0226487 -0.000526796 0.00290151 -0.0190369 0.0161198 0.000571335 -0.00695778 0.0319938 -0.00255871 -0.00553922 -0.0119071 0.0391402 -0.0212587 0.0143163
internal_weight=15208.6 9566.25 5642.33 4264.71 490.41 5151.92 4456.79 5301.55 695.129 4518.96 3482.78 3722.51 974.013 4292.06 588.544 257.701 2321.57 1586.73 802.91 203.477 3133.96 185.187
internal_count=77927 49586 28341 22540 2338 26003 22567 27046 3436 23085 17705 19786 4862 21908 3081 1251 11891 8152 4130 981 16705 920
is_linear=0
shrinkage=0.0239494


Tree=5
num_leaves=23
num_cat=0
split_feature=30 44 30 29 37 27 37 0 16 13 13 43 12 45 30 37 27 27 27 37 26 27
split_gain=1713.7 924.604 864.228 648.668 378.835 362.011 324.951 233.542 221.219 210.499 205.322 168.368 164.771 119.714 113.423 124.08 237.023 98.678 110.637 98.5354 205.238 108.736
threshold=0.018775000000000003 0.23645000000000002 -0.028694999999999995 0.014295000000000002 0.53595000000000015 0.013255000000000001 -0.38284999999999997 0.80212690000000009 1.0154500000000002 -0.34483499999999995 0.27586500000000008 0.17005344043189283 -0.17658999999999997 2.1465000000000001 0.036745000000000007 0.43045000000000005 0.012545000000000002 -0.010704999999999998 -0.016114999999999994 -0.35084999999999994 0.9195000000000001 -0.0099549999999999986
decision_type=2 2 2 2 2 2 2 2 2 2 2 2 2 2 2 2 2 2 2 2 2 2
left_child=2 11 13 4 6 -6 8 -3 17 -8 12 14 -11 -1 15 -2 -17 18 -4 20 -13 -22
right_child=1 7 3 -5 5 -7 9 -9 -10 10 -12 19 -14 -15 -16 16 -18 -19 -20 -21 21 -23
leaf_value=0.0047081089995238525 0.012886928798240369 0.020645126966726275 0 0.0055384130288043971 -0.0061423019088197011 0.034576392254754861 0.0021940852141715747 0.050253851480808208 0.02598661391867009 0.0033238111030913205 0 0.002860667306187292 -0.021157445802887555 0.023967116887929803 0.0086295707369779609 0.00038473029489628991 0.056929750350644827 -0.011448376263096817 0.055493640784371231 0.0015692971719431868 0.054000860618604186 0.013109533565709149
leaf_weight=2214.7017036527395 328.58861792087555 298.00370228290558 86.002923458814621 1267.4922440946102 509.60417354106903 164.89113792777061 277.60475221276283 370.59522448480129 143.03209899365902 153.43727460503578 312.43422152101994 399.63820238411427 4039.7363344579935 208.01824454963207 1037.0881308466196 70.751951098442078 131.01296581327915 525.20668482780457 26.600424662232399 2477.2751969844103 87.233491957187653 85.830013424158096
leaf_count=11264 1632 1462 439 6447 2659 814 1421 1697 730 789 1610 2011 21478 1045 5211 360 618 2738 131 12619 406 423
internal_value=-0.000104101 0.0109018 -0.0059783 -0.0100002 -0.0131806 0.00359555 -0.0152405 0.0372753 -0.000719676 -0.0175805 -0.0188312 0.00705133 -0.0202268 0.006422 0.0134666 0.0226497 0.0378252 -0.00693769 0.0128042 0.00370654 0.0126964 0.034565
internal_weight=15214.8 5286.02 9928.76 7506.04 6238.55 674.495 5564.05 668.599 780.842 4783.21 4505.61 4617.42 4193.17 2422.72 1567.44 530.354 201.765 637.81 112.603 3049.98 572.702 173.064
internal_count=78004 26439 51565 39256 32809 3473 29336 3159 4038 25298 23877 23280 22267 12309 7821 2610 978 3308 570 15459 2840 829
is_linear=0
shrinkage=0.0239494


Tree=6
num_leaves=23
num_cat=0
split_feature=30 36 44 0 37 30 28 29 7 28 37 26 37 26 28 37 37 24 28 37 29 37
split_gain=1669.45 1275.53 754.333 337.798 331.527 267.151 257.182 233.941 172.665 171.706 254.862 281.014 193.24 403.173 167.136 154.013 231.232 250.919 121.79 149.795 121.533 119.712
threshold=0.017065 0.99215000000000009 0.21045000000000003 0.71497560000000016 0.53595000000000015 -0.050274999999999993 -0.008624999999999999 0.017105000000000006 75.340805397926417 -0.011034999999999998 0.38555000000000006 -0.15689999999999996 -0.31714999999999993 0.49725000000000003 0.017545000000000002 -0.48944999999999994 0.40375000000000005 0.020095000000000005 0.013045000000000003 0.037750000000000006 0.019095000000000004 -0.35874999999999996
decision_type=2 2 2 2 2 2 2 2 2 2 2 2 2 2 2 2 2 2 2 2 2 2
left_child=1 5 9 18 7 -1 -6 21 -7 10 -2 -12 13 -11 -15 -5 -17 -18 -4 -20 -14 -3
right_child=2 4 3 15 6 8 -8 -9 -10 12 11 -13 20 14 -16 16 17 -19 19 -21 -22 -23
leaf_value=0.010305344935870417 0.006454767957069416 -0.0078727918498478228 -0.00090652211458065767 0.062738936156894395 0.03402312367091246 -0.00047450085413060179 -0.0083352886310969539 0.017486071943625801 -0.023291522268729156 0.0040136724432435662 0.0083170815512817499 0.064849063003485377 -0.0029983064860377496 0.019591199655864863 0.059314519066656801 0.0062288826095712362 0 0.063862105263970917 0.045049317296431288 0.0032926224841328617 0.0063850355971670726 -0.020812085662167704
leaf_weight=1457.5014782398939 395.65488973259926 513.66610096395016 173.13694687187672 175.48864986002445 122.45762152969837 3734.7948414683342 241.76467818021774 98.935492858290672 201.47131469845772 683.82483546435833 100.62188710272312 116.53527042269707 1553.9299534112215 144.67788600921631 127.87343870103359 126.07204307615757 46.313830018043518 153.48458904027939 109.4893995821476 104.48112234473228 1590.4443843364716 3239.5905175805092
leaf_count=7340 1976 2701 861 779 606 19087 1285 508 1064 3430 504 530 7932 698 585 598 220 685 525 522 8053 17530
internal_value=-9.06655e-05 -0.00615765 0.0102911 0.0305772 -0.0160291 0.001532 0.00550541 -0.0181031 -0.00167946 0.00643631 0.0183418 0.039327 0.00462155 0.0140697 0.0387642 0.0436838 0.0329739 0.049119 0.013225 0.0253422 0.0017014 -0.0190801
internal_weight=15212.2 9610.18 5602.03 888.467 4216.41 5393.77 364.222 3852.19 3936.27 4713.56 612.812 217.157 4100.75 956.376 272.551 501.359 325.87 199.798 387.107 213.971 3144.37 3753.26
internal_count=78019 50121 27898 4190 22630 27491 1891 20739 20151 23708 3010 1034 20698 4713 1283 2282 1503 905 1908 1047 15985 20231
is_linear=0
shrinkage=0.0239494


Tree=7
num_leaves=23
num_cat=0
split_feature=0 27 28 37 37 26 28 37 26 36 28 8 5 28 27 27 37 31 12 13 37 37
split_gain=1615.28 927.913 749.01 593.161 532.139 887.316 477.366 527.095 581.998 373.318 193.309 166.82 144.292 126.731 111.481 104.88 108.97 86.2284 78.4864 77.4687 73.3571 100.878
threshold=0.50179097500000014 0.015025000000000002 0.014285000000000001 -0.31714999999999993 -0.45854999999999996 0.89580000000000015 -0.011464999999999998 0.45055000000000006 -0.37824999999999992 0.97465000000000013 0.017055000000000004 0.013194561000000002 -1.6118146181106565 -0.027064999999999995 0.037575000000000004 0.037575000000000004 -0.15524999999999997 0.038445000000000007 -0.10346999999999999 -0.18098499999999998 1.1491000000000002 0.17365000000000003
decision_type=2 2 2 2 2 2 2 2 2 2 2 2 2 2 2 2 2 2 2 2 2 2
left_child=1 2 9 -4 5 -2 7 -6 -9 13 11 -7 -11 -1 -8 16 -3 18 -15 -20 21 -18
right_child=4 15 3 -5 6 10 14 8 -10 12 -12 -13 -14 17 -16 -17 20 -19 19 -21 -22 -23
leaf_value=0.0087531422646081724 0.0092975213317949383 -0.00095165814722806251 0.049182933399176676 -0.0013212720339798726 0.0042380826905733231 0.057169475570291131 0.00044710962614961111 0.013966450120259358 0.063529588092556974 -0.0084508177153325842 0.065880739714453032 0 -0.02209385302408599 -0.0013863860737730108 0.024208342089208409 0.019183727556932803 0.0060102988935427995 0.00081640835751998055 -0.0046529387651721337 -0.018858103694036902 -0.0016608769737497667 0.024307380363953048
leaf_weight=256.97041426599026 738.98263123631477 809.74306784570217 142.28593222796917 2078.1655576825142 652.55866767466068 58.428973436355591 2948.069772362709 317.97109116613865 250.65694455802441 577.58462682366371 270.11526566743851 67.597493842244148 2692.3787943422794 362.98145557940006 118.55489709973335 399.62493233382702 419.85543996095657 386.07336775958538 347.50477311015129 789.62111891806126 192.24928730726242 331.37010809779167
leaf_count=1292 3702 4105 679 10691 3267 280 14941 1585 1110 3109 1200 332 14705 1856 587 1996 2137 1980 1793 4123 963 1636
internal_value=-6.13454e-05 -0.00588078 -0.00980569 0.00184927 0.0104137 0.02504 0.00650752 0.0191803 0.0360713 -0.0146135 0.0540382 0.0274968 -0.0197287 -0.00674074 0.00141334 0.00796836 0.00532865 -0.00892903 -0.0115345 -0.0146454 0.0108735 0.0142757
internal_weight=15209.3 9786.41 7633.57 2220.45 5422.94 1135.12 4287.81 1221.19 568.628 5413.11 396.142 126.026 3269.96 2143.15 3066.62 2152.84 1753.22 1886.18 1500.11 1137.13 943.475 751.226
internal_count=78069 51065 40228 11370 27004 5514 21490 5962 2695 28858 1812 612 17814 11044 15528 10837 8841 9752 7772 5916 4736 3773
is_linear=0
shrinkage=0.0239494


Tree=8
num_leaves=23
num_cat=0
split_feature=0 27 28 37 36 44 30 5 37 15 28 27 37 28 37 26 37 26 36 44 30 37
split_gain=1511.91 892.234 778.641 734.681 419.615 344.433 389.181 199.368 181.395 310.026 242.465 163.47 156.784 134.495 282.571 359.304 175.046 386.419 126.348 113.953 111.138 107.371
threshold=0.64766035000000011 0.015215000000000001 0.014285000000000001 -0.31714999999999993 0.98555000000000015 0.29735000000000006 0.020015000000000002 -2.2999250888824458 0.17365000000000003 0.93935000000000013 0.014685000000000002 -0.011284999999999998 -0.39784999999999993 -0.011714999999999998 0.39735000000000004 -0.37824999999999992 -0.37534999999999996 0.99990000000000012 0.71730000000000016 0.071116215000000024 0.0091650000000000013 0.32505000000000006
decision_type=2 2 2 2 2 2 2 2 2 2 2 2 2 2 2 2 2 2 2 2 2 2
left_child=1 2 4 -4 11 13 -7 20 10 21 18 -1 -12 14 -2 -16 17 -15 -3 -5 -6 -10
right_child=5 8 3 19 7 6 -8 -9 9 -11 12 -13 -14 16 15 -17 -18 -19 -20 -21 -22 -23
leaf_value=0.0065887784923806918 0.0067401283511492908 0.0033501580467859499 0.042200997613424426 0.00059801477966216145 -0.018931669705067981 -0.0043687816903767336 0.044489048693239934 -0.021019249731130268 0.012038131635884675 0.0051573176423756239 0.013866704004496647 -0.0087710808050923076 0.059429860231703796 0.0068489744592978965 0.014698087626621557 0.061683636660204287 0.0028100951912350975 0.05115531944882664 -0.013194572905823852 -0.012512859032705595 0.0049156597773298057 0.046586187092727535
leaf_weight=493.05475978553295 628.46920005977154 1177.4949400424957 238.66361632943153 2094.3594729751348 177.11472877860069 119.84903575479984 354.95368580520153 2969.011834576726 85.644431620836258 471.96870519220829 230.9151604026556 1878.6698462218046 58.377203017473221 489.81150229275227 262.21424846351147 155.55243003368378 1802.0023043453693 151.13130874931812 340.9804575741291 460.18320316076279 290.69201730191708 207.06038378179073
leaf_count=2479 3136 5938 1118 10730 971 614 1563 16358 432 2349 1149 9757 285 2445 1297 680 9101 682 1760 2416 1540 971
internal_value=-0.000126177 -0.00464366 -0.00835269 0.00199273 -0.0133527 0.0125714 0.0318489 -0.0187181 0.00770186 0.0175282 0.00346459 -0.00551636 0.023566 0.00990634 0.0171827 0.0325425 0.00673032 0.0175241 -0.000268868 -0.00170665 -0.00380094 0.0369765
internal_weight=15138.2 11174.2 8601.75 2793.21 5808.54 3963.98 474.803 3436.82 2572.44 764.674 1807.77 2371.72 289.292 3489.18 1046.24 417.767 2442.95 640.943 1518.48 2554.54 467.807 292.705
internal_count=77771 58253 45369 14264 31105 19518 2177 18869 12884 3752 9132 12236 1434 17341 5113 1977 12228 3127 7698 13146 2511 1403
is_linear=0
shrinkage=0.0239494


Tree=9
num_leaves=23
num_cat=0
split_feature=0 27 28 37 36 44 37 37 27 37 15 28 26 37 5 27 15 28 28 28 44 37
split_gain=1351.72 807.455 837.414 696.031 410.113 321.61 234.74 282.365 260.34 184.19 222.165 188.742 181.796 162.051 154.939 147.586 139.213 132.306 130.526 123.294 125.872 119.547
threshold=0.65582099500000013 0.015475000000000001 0.013615000000000002 -0.31714999999999993 0.99215000000000009 0.25535000000000008 -0.51224999999999987 0.43735000000000007 0.018115000000000003 0.11845000000000001 0.95455000000000012 0.015635000000000007 0.79350000000000009 0.45055000000000006 -0.77810621261596669 -0.012304999999999998 1.0035500000000004 0.023935000000000001 -0.014964999999999997 0.020735000000000003 0.048001075000000011 0.40375000000000005
decision_type=2 2 2 2 2 2 2 2 2 2 2 2 2 2 2 2 2 2 2 2 2 2
left_child=1 2 4 15 18 -2 12 17 -9 11 13 -3 -7 -11 21 -4 -17 -8 -1 20 -5 -6
right_child=5 9 3 19 14 6 7 8 -10 10 -12 -13 -14 -15 -16 16 -18 -19 -20 -21 -22 -23
leaf_value=0.0065374039676033852 0.0088717118621912047 -0.00030578441432913136 0.060896627650060028 -0.0019757283733012566 -0.014477355775103607 -0.0074548693252428529 -0.012815674636012075 0 0.055284589856376951 0.016081939476292672 0.0063445645811613747 0.020890276879799538 0.059742215030310554 0.052397701189591833 -0.022130041207780747 0.044841824328436773 0.0044445076100982179 0.030947155347587078 -0.0081945630352120089 0.002890461394726982 -0.018682575625353876 0.0066619377014607876
leaf_weight=411.03863281011581 3301.0848309844732 1513.79183152318 100.19837960600853 859.51987497508526 800.09025974571705 22.51282300055027 160.92317850887775 80.728818580508232 147.09734989702702 174.51743507385254 482.59331499040127 283.82155287265778 163.01083207130432 139.96014313399792 2360.1348565816879 97.678790524601936 116.28165639936924 52.092535734176636 1886.928405046463 1501.110067024827 385.63951607048512 179.42598924040794
leaf_count=2058 16380 7671 454 4418 4393 106 801 388 636 868 2396 1393 696 638 13170 460 558 247 9827 7682 2065 972
internal_value=-0.000170174 -0.00438866 -0.00789446 0.00215027 -0.0133732 0.0119222 0.0277658 0.0177404 0.0363036 0.00730739 0.0169297 0.00295959 0.0508009 0.032709 -0.0187498 0.0359397 0.0235696 -0.00142793 -0.0054959 -0.0016619 -0.00726731 -0.010456
internal_weight=15220.2 11292.7 8698.05 3060.43 5637.62 3927.45 626.366 440.842 227.826 2594.68 797.071 1797.61 185.524 314.478 3339.65 314.159 213.96 213.016 2297.97 2746.27 1245.16 979.516
internal_count=78277 59023 46057 15637 30420 19254 2874 2072 1024 12966 3902 9064 802 1506 18535 1472 1018 1048 11885 14165 6483 5365
is_linear=0
shrinkage=0.0239494


Tree=10
num_leaves=23
num_cat=0
split_feature=0 29 5 36 44 37 27 37 27 37 37 28 13 37 26 28 37 26 24 28 27 0
split_gain=1204.29 888.447 494.735 520.003 363.892 194.031 169.955 154.377 145.8 237.259 130.469 233.029 112.426 110.968 314.22 130.047 233.532 313.168 110.193 105.349 103.692 87.7779
threshold=0.64766035000000011 0.016405000000000006 -2.2999250888824458 0.88885000000000014 0.29735000000000006 -0.51224999999999987 0.019815000000000003 0.30585000000000007 0.015025000000000002 0.33755000000000007 -0.35874999999999996 0.013395000000000002 -0.25616499999999992 -0.51224999999999987 0.9144000000000001 -0.011714999999999998 0.38555000000000006 -0.37824999999999992 -0.12606999999999999 0.016395000000000003 0.037575000000000004 0.31825636000000007
decision_type=2 2 2 2 2 2 2 2 2 2 2 2 2 2 2 2 2 2 2 2 2 2
left_child=1 2 21 12 13 19 -7 -8 10 -10 11 -5 -4 14 -2 16 -15 -18 -14 -6 -3 -1
right_child=4 20 3 8 5 6 7 -9 9 -11 -12 -13 18 15 -16 -17 17 -19 -20 -21 -22 -23
leaf_value=-0.0023278548758825265 0.0094786755908464349 0.0056372887963928066 0.0050535721248788088 -0.015548317589446541 0 0.0026682592720140954 -0.00094731672794979628 0.054449756256739805 -0.01352336546784908 0.032559347447809611 -0.020653315547411479 0.028363413093421223 0.0016292346097103033 0.0028917189451135735 0.055333082773813401 0.0027187950199433508 0.011171873530426778 0.056504866768337332 -0.0099893197433318925 0.05848204364127655 0.019365982746113924 0.0076497477591209104
leaf_weight=1083.791761726141 505.98387655615807 2341.8236127197742 661.07436779141426 310.94081361591816 22.661573901772499 181.99665606021881 33.575363740324974 98.819713890552521 268.86348606646061 83.568441838026047 2902.4913994371891 87.776707008481026 669.63064029812813 522.40580621361732 106.75876103341579 1975.6897142380476 258.00013668835163 141.30065095424652 1417.0118096321821 151.85103157162666 380.48347918689251 925.42957851290703
leaf_count=5625 2506 11813 3359 1710 107 875 165 419 1403 387 16317 409 3419 2592 469 9898 1263 605 7374 635 1863 4699
internal_value=-0.000195645 -0.00425449 -0.00811202 -0.01137 0.0110672 0.0305374 0.0185582 0.0392981 -0.0172995 -0.00218185 -0.0188692 -0.00551495 -0.00343235 0.00831372 0.0177063 0.00627696 0.0137455 0.0275797 -0.00619079 0.0512813 0.00760973 0.00219506
internal_weight=15131.9 11132.9 8410.58 6401.36 3999.04 488.904 314.392 132.395 3653.64 352.432 3301.21 398.718 2747.72 3510.14 612.743 2897.4 921.707 399.301 2086.64 174.513 2722.31 2009.22
internal_count=77912 58378 44702 34378 19534 2201 1459 584 20226 1790 18436 2119 14152 17333 2975 14358 4460 1868 10793 742 13676 10324
is_linear=0
shrinkage=0.0239494


Tree=11
num_leaves=23
num_cat=0
split_feature=30 36 44 37 28 29 30 29 0 37 28 28 37 26 37 15 7 28 37 15 8 31
split_gain=1238.57 998.14 598.516 370.641 265.093 253.96 189.684 178.763 177.449 177.116 401.147 140.122 188.43 222.968 159.913 292.381 113.354 108.267 107.545 218.406 93.6852 83.8886
threshold=0.018775000000000003 0.99215000000000009 0.23645000000000002 0.53595000000000015 -0.008794999999999999 0.017345000000000003 -0.052164999999999996 0.016145000000000003 0.78350180000000014 -0.39034999999999992 0.013395000000000002 -0.010194999999999997 0.29415000000000008 -1.0000000180025095e-35 -0.35084999999999994 0.99925000000000008 75.340805397926417 0.016625000000000004 0.25755000000000006 -0.99934999999999985 0.0028105676000000006 0.038445000000000007
decision_type=2 2 2 2 2 2 2 2 2 2 2 2 2 2 2 2 2 2 2 2 2 2
left_child=1 6 11 5 -5 9 -1 16 -4 10 -3 12 -2 -14 15 -13 21 -17 -11 -20 -12 -8
right_child=2 3 8 4 -6 -7 7 -9 -10 18 20 14 13 -15 -16 17 -18 -19 19 -21 -22 -23
leaf_value=0.0093240207706149561 0.0055832211760055558 -0.014565238542818538 0.014947435690660395 0.032894374421687078 -0.0070312673166439436 0.017314617060800508 -0.0046015710143149603 0.0071249682286696888 0.040469914064273478 -0.021627886933204939 0.066278094184118591 0.0037782700717032477 0.0057709705822822843 0.051240880156999701 0.0018289717538804255 0.016946412352686051 -0.021885999553168483 0.04895410986377953 0.0054425554881836194 -0.02045881367727417 0.012015681629650349 0.0064970087925736155
leaf_weight=1396.5055859684944 403.66110518574715 339.9318123459816 290.4967917650938 153.15074379742146 242.55006159842014 122.20466396212578 2315.8486742824316 1145.075962126255 408.00073592364788 2480.3148435503244 47.342858150601387 602.26495669782162 117.44595168530941 152.44225814938545 3104.668549478054 138.17633582651615 192.39977625012398 142.50217817723751 282.50614814460278 510.59329019486904 42.382152304053307 460.5261202454567
leaf_count=6941 1997 1863 1392 732 1320 617 11905 5747 1744 14026 218 2977 576 660 15741 662 1042 613 1557 2862 199 2351
internal_value=8.11566e-05 -0.00500095 0.0093358 -0.0137684 0.0080524 -0.0160638 0.00168851 -0.000867971 0.0300645 -0.0172048 -0.00235541 0.00619816 0.0163832 0.0319951 0.00444118 0.013461 -0.00400009 0.0337173 -0.0191093 -0.0110485 0.0422748 -0.00270801
internal_weight=15091 9731.33 5359.66 4220.98 395.701 3825.28 5510.36 4113.85 698.498 3703.07 429.657 4661.16 673.549 269.888 3987.61 882.943 2968.77 280.679 3273.41 793.099 89.725 2776.37
internal_count=77742 51380 26362 23394 2052 21342 27986 21045 3136 20725 2280 23226 3233 1236 19993 4252 15298 1275 18445 4419 417 14256
is_linear=0
shrinkage=0.0239494


Tree=12
num_leaves=23
num_cat=0
split_feature=30 36 44 27 37 0 37 28 13 13 37 37 27 37 15 30 28 30 27 37 28 31
split_gain=1283.67 941.596 476.203 320.497 332.691 282.727 173.092 349.479 166.989 179.848 122.418 197.403 218.192 104.268 176.053 103.447 97.9098 94.4228 90.4524 221.303 244.187 89.4974
threshold=0.016805000000000004 0.99215000000000009 0.17995000000000003 0.015025000000000002 0.32505000000000006 0.73532933000000011 -0.36754999999999993 0.013395000000000002 -0.24839499999999998 0.20676000000000003 -0.51224999999999987 0.48305000000000003 0.015215000000000001 0.28315000000000007 -0.99994999999999989 -0.0080349999999999987 0.024865000000000002 0.0078450000000000013 0.020365000000000005 -0.35084999999999994 0.014465000000000002 0.021185000000000006
decision_type=2 2 2 2 2 2 2 2 2 2 2 2 2 2 2 2 2 2 2 2 2 2
left_child=1 8 18 6 -5 -4 7 -3 -1 15 -7 -12 -13 16 17 -10 -8 -15 19 20 -2 -17
right_child=2 3 5 4 -6 10 13 -9 9 -11 11 12 -14 14 -16 21 -18 -19 -20 -21 -22 -23
leaf_value=0.007105261812572602 0.0043055721801296696 -0.0139772534587062 0.010462357351013351 -0.010006271710483102 0.030204956092802129 0.052518765387977812 -0.022465547922751621 0.038686498901477497 -0.0010920239015897901 0.0045162615184730836 0.0070980459088931559 -0.009954906533611637 0.053121196740169359 -0.0062716361259662328 -0.018846057328596059 -0.01579011193092256 0.01395779269560506 0.022994925526330288 0.010904213303922114 0.00086887291548808814 0.041560917386797493 6.5140537954546892e-05
leaf_weight=1769.9561183452606 269.25003495812416 332.87782065570354 555.82443226873875 363.95432880520821 173.52136947214603 175.54410797357559 2161.9441338926554 91.904150292277336 1109.1242545992136 1476.7811090201139 177.48188193142414 33.631039798259735 179.05186215043068 157.76828740537167 568.77379354834557 781.51431785523891 38.193692609667778 100.97531244158745 1298.6439648270607 2885.408174008131 171.86751198768616 251.76902535557747
leaf_count=8848 1341 1861 2697 1930 803 723 12504 428 5630 7479 817 157 748 888 3222 4111 199 563 6329 14658 741 1300
internal_value=7.0871e-06 -0.00544448 0.00892988 -0.0142662 0.00270404 0.0229714 -0.0169504 -0.00223929 0.00105964 -0.00185661 0.0350037 0.0267488 0.0424605 -0.0189661 -0.0113432 -0.00631766 -0.0217669 0.00458534 0.00549345 0.00333724 0.019152 -0.0117855
internal_weight=15125.8 9379.06 5746.7 3989.91 537.476 1121.53 3452.44 424.782 5389.14 3619.19 565.709 390.165 212.683 3027.66 827.517 2142.41 2200.14 258.744 4625.17 3326.53 441.118 1033.28
internal_count=77977 49766 28211 22398 2733 5142 19665 2289 27368 18520 2445 1722 905 17376 4673 11041 12703 1451 23069 16740 2082 5411
is_linear=0
shrinkage=0.0239494


Tree=13
num_leaves=23
num_cat=0
split_feature=0 27 28 37 5 23 37 44 28 37 26 37 28 13 37 26 27 27 44 12 15 37
split_gain=1117.4 787.173 663.351 615.8 263.723 252.886 360.744 179.345 177.936 355.54 353.978 160.04 229.679 213.603 126.714 292.121 117.924 96.2615 95.0674 93.2646 91.2542 87.6001
threshold=0.64766035000000011 0.015025000000000002 0.014125000000000002 -0.32524999999999993 -2.2999250888824458 84.705000000000013 -0.22444999999999996 1.0000000180025095e-35 -0.011464999999999998 0.39165000000000005 -0.24994999999999998 0.17365000000000003 -0.010804999999999999 0.029495000000000004 -0.42779999999999996 0.79350000000000009 0.029755000000000004 -0.0099549999999999986 0.07000277000000002 -0.14413499999999999 -0.95004999999999984 0.45055000000000006
decision_type=2 2 2 2 2 2 2 2 2 2 2 2 2 2 2 2 2 2 2 2 2 2
left_child=1 2 4 17 -1 8 -7 -6 9 20 -11 13 21 16 15 -10 -3 -4 -5 -9 -2 -13
right_child=5 11 3 18 7 6 -8 19 14 10 -12 12 -14 -15 -16 -17 -18 -19 -20 -21 -22 -23
leaf_value=-0.0022589965881181541 0.00053185285781633584 -0.0021876801932247084 0.046969491526617287 0.00032764474662690194 -0.0073582349677817202 0.051006572377008674 -0.0073186995261609088 0.0062401454474231887 0.0055224080642113961 0.012518080338744684 0.053133640438249634 0.016755684300668823 0.0091005277347657575 0.058601064506617083 0.0022424658138200122 0.045565515140972263 0.010738174326637749 0.013164515548586785 -0.011519457176844262 -0.018973546427772197 0.021619048125576378 0.054387596001858281
leaf_weight=1183.2887462228537 554.90271119773388 1204.7644283175468 178.67531664669514 2126.0279469788074 1263.0286852568388 193.79447351396084 82.701002597808838 77.678009837865829 468.88329945504665 275.67556332051754 241.3111981600523 72.736906915903091 634.39880059659481 39.432408317923546 1927.2312792390585 138.95575334131718 601.5076319873333 85.013134256005287 469.81040491163731 3019.2889657765627 154.98385338485241 109.33818463981152
leaf_count=6197 2743 6134 787 10878 6630 815 405 416 2301 1338 1001 354 3107 184 9610 594 2951 398 2534 17374 760 474
internal_value=-4.67565e-05 -0.0039918 -0.00759585 0.00172831 -0.0124321 0.0107262 0.0330331 -0.0151595 0.00904783 0.0165922 0.0317585 0.00732904 0.0162049 0.00332355 0.00533903 0.0149168 0.00203592 0.0366247 -0.00176026 -0.018294 0.00534139 0.0401563
internal_weight=15103.4 11065 8402.81 2859.53 5543.28 4038.44 276.495 4360 3761.94 1226.87 516.987 2662.18 816.474 1845.7 2535.07 607.839 1806.27 263.688 2595.84 3096.97 709.887 182.075
internal_count=77985 58418 45214 14597 30617 19567 1220 24420 18347 5842 2339 13204 3935 9269 12505 2895 9085 1185 13412 17790 3503 828
is_linear=0
shrinkage=0.0239494


Tree=14
num_leaves=23
num_cat=0
split_feature=30 36 36 27 37 14 5 37 28 8 30 29 7 37 15 30 28 8 28 27 2 15
split_gain=1219.6 893.27 412.312 366.737 364.299 324.032 284.494 230.038 341.005 208.425 178.65 144.098 103.45 99.6056 166.986 124.634 96.722 89.891 86.9713 81.7358 74.9523 71.4703
threshold=0.018775000000000003 0.99215000000000009 0.98555000000000015 0.015025000000000002 0.23625000000000004 0.9990500000000001 -1.1043890714645384 -0.36754999999999993 0.013395000000000002 0.023255795000000006 -0.036099999999999993 0.016145000000000003 80.403214909977422 0.29415000000000008 -0.99934999999999985 0.0080350000000000022 -0.013074999999999998 0.018674194500000001 0.024235000000000003 0.059125000000000004 0.28931515535827529 -1.0756499999999998
decision_type=2 2 2 2 2 2 2 2 2 2 2 2 2 2 2 2 2 2 2 2 2 2
left_child=1 10 19 7 -5 17 -7 8 -3 -8 21 12 -12 18 15 -15 -6 -4 -9 -2 -10 -1
right_child=2 3 5 4 16 6 9 13 20 -11 11 -13 -14 14 -16 -17 -18 -19 -20 -21 -22 -23
leaf_value=0.021961227855604861 0.0044283245612191753 -0.012514193888610204 -0.010630852793932472 -0.012269008849480579 0.048696790341160118 0.042566408836492729 0.0030763333686693113 -0.022038996449677023 -0.00069749279484654174 0.032203781180694738 -0.0036646164469861403 0.0057167567428071126 -0.025149010801026404 -0.0091137500453143758 -0.018616966516087664 0.023405128354857894 0.014674744164680526 0.01192023719821113 0.0054320653839939814 0.021563682848816518 0.04336603647146272 0.0055933467108608432
leaf_weight=176.58141158521175 3778.433741658926 345.28115560114384 175.29621802270412 345.57383748888969 75.794195950031281 429.94902335107327 327.4463162869215 2213.8333025127649 20.343001306056976 265.09220068156719 2423.7524911761284 1020.8971384465694 139.18261322379112 161.77709899842739 569.80817396938801 112.91235169768333 189.64674825966358 233.83639022707939 59.41503033041954 172.351403683424 98.111987411975861 1793.0431367456913
leaf_count=852 18814 1953 905 1837 333 1864 1570 13054 95 1195 12530 5102 773 921 3274 621 900 1123 309 830 440 8923
internal_value=9.31602e-05 -0.00495047 0.00925282 -0.0132985 0.00365644 0.0202998 0.027519 -0.0162318 -0.000173271 0.016354 0.00132545 -0.0018266 -0.00488833 -0.0185736 -0.011178 0.00372167 0.0249397 0.0019011 -0.0212568 0.00521282 0.034566 0.00713492
internal_weight=15128.4 9745.95 5382.41 4192.5 611.015 1431.62 1022.49 3581.48 463.736 592.539 5553.46 3583.83 2562.94 3117.75 844.498 274.689 265.441 409.133 2273.25 3950.79 118.455 1969.62
internal_count=78218 51917 26301 23737 3070 6657 4629 20667 2488 2765 28180 18405 13303 18179 4816 1542 1233 2028 13363 19644 535 9775
is_linear=0
shrinkage=0.0239494


Tree=15
num_leaves=23
num_cat=0
split_feature=0 27 28 37 36 44 37 37 27 5 27 28 28 28 28 37 17 13 37 13 7 29
split_gain=1093.22 699.653 602.34 619.935 367.138 225.851 186.204 189.141 216.047 144.916 127.241 126.914 119.151 111.913 105.027 94.7657 209.302 145.351 120.955 94.5943 81.9315 81.7009
threshold=0.64766035000000011 0.015215000000000001 0.013615000000000002 -0.34234999999999993 0.99215000000000009 0.25535000000000008 -0.51224999999999987 0.43735000000000007 0.015665000000000002 -2.2999250888824458 0.059125000000000004 0.016395000000000003 0.018745000000000001 -0.014964999999999997 0.023935000000000001 0.11845000000000001 0.95455000000000012 0.039395000000000006 0.35575000000000007 0.18482500000000004 75.340805397926417 -1.0000000180025095e-35
decision_type=2 2 2 2 2 2 2 2 2 2 2 2 2 2 2 2 2 2 2 2 2 2
left_child=1 2 4 -4 13 -2 11 14 -9 21 15 -7 19 -1 -8 17 18 -3 -17 -5 -15 -6
right_child=5 10 3 12 9 6 7 8 -10 -11 -12 -13 -14 20 -16 16 -18 -19 -20 -21 -22 -23
leaf_value=0.0064147849381667194 0.007992979566613375 0.0010667288397603024 0.034355388864663446 -0.017363219730792485 -0.019657042619599802 0 -0.0097043139112720934 -0.0084414230668099551 0.043545722467260961 -0.019556442093458356 0.029242498820949619 0.051445537079035215 0.0012960696709440475 -0.0052023992730975575 0.02738377461327024 0.0087280612984767438 0.0015356718491497351 0.052688073273879865 0.039510191167966301 -0.0018602774322570423 -0.020628385115971756 0.0023962124345363015
leaf_weight=410.64768987894058 3379.6453022509813 1657.8087352961302 292.3068333864212 440.1729020178318 136.75733523070812 31.731085732579231 176.15253089368343 56.464217007160187 172.86594393849373 2703.2657495290041 139.81758162379265 168.24688856303692 1749.8245477378368 1610.3191808015108 58.211156234145164 141.99991527199745 461.82919311523438 32.124914571642876 190.82592791318893 512.55061227083206 236.67056974768639 297.8699993789196
leaf_count=2041 16521 8333 1301 2391 769 145 872 271 723 16008 666 681 8953 8443 268 709 2256 145 842 2656 1299 1624
internal_value=-7.38648e-05 -0.00399319 -0.00737729 0.00119134 -0.0121605 0.010567 0.023455 0.0146423 0.030109 -0.0174769 0.00677033 0.0431588 -0.00234165 -0.00470645 0 0.00544695 0.0123076 0.00213447 0.0268158 -0.00917617 -0.00725814 -0.00420696
internal_weight=15058.1 11014.8 8390.39 2994.85 5395.53 4043.32 663.672 463.694 229.33 3137.89 2624.41 199.978 2702.55 2257.64 234.364 2484.59 794.655 1689.93 332.826 952.724 1846.99 434.627
internal_count=77917 58436 45485 15301 30184 19481 2960 2134 994 18401 12951 826 14000 11783 1140 12285 3807 8478 1551 5047 9742 2393
is_linear=0
shrinkage=0.0239494


Tree=16
num_leaves=23
num_cat=0
split_feature=30 30 27 13 43 37 26 37 27 30 45 12 13 27 8 5 8 37 28 37 27 29
split_gain=1213.93 689.879 469.842 352.753 303.009 190.132 317.056 181.014 174.185 170.46 146.927 146.49 141.145 118.869 149.206 114.159 205.016 113.138 227.074 119.422 115.547 109.995
threshold=0.016805000000000004 -0.028694999999999995 0.015475000000000001 0.22296500000000002 0.075835769973082834 -0.33384999999999992 0.49725000000000003 0.32505000000000006 0.015475000000000001 0.052995000000000007 2.0507000000000004 0.017025000000000002 -0.29289999999999994 -0.010504999999999999 0.0056192875000000012 -2.0169056653976436 0.019750088500000002 -0.36754999999999993 0.013395000000000002 0.22055000000000002 0.0083650000000000026 0.013475000000000003
decision_type=2 2 2 2 2 2 2 2 2 2 2 2 2 2 2 2 2 2 2 2 2 2
left_child=1 -1 3 10 9 6 -6 21 -7 15 12 -9 -3 -8 -15 -2 -17 18 -14 -19 -21 -4
right_child=4 2 7 -5 5 8 13 11 -10 -11 -12 -13 17 14 -16 16 -18 19 -20 20 -22 -23
leaf_value=0.0054776369991218756 0.036077565727684155 0.002509782838119705 -0.0077166700148901821 0.00095606748785113504 0.0029382278691565352 -0.0011282685479563875 0.044667637011902316 0 0.011391283110903287 0.0074502303653955397 0.0029341192709203307 0.033869707980411889 -0.013945959655404273 0.042583762747518572 0.00030026029964824036 0.001278244342737602 0.028818916020161685 -0.021845613464320145 0.027260425043174604 -0.018219185627709859 -0.0034184364879534801 0.0083836898927088857
leaf_weight=2478.5273665487766 317.18342962861061 210.37208564579487 599.05086468160152 935.8696054071188 600.50009626150131 2304.5580466687679 194.22381736338139 115.85756461322308 872.99177992343903 633.36162921786308 233.99369974434376 177.66544310748577 394.0651768296957 81.992297694087029 132.25938509404659 274.49367880821228 394.22413225471973 2319.496582582593 93.689429983496666 812.46321979165077 525.62131100893021 406.30514496564865
leaf_count=12387 1381 1112 3119 4848 2946 11793 811 571 4229 3061 1207 798 2229 368 625 1294 1780 13687 428 4617 2978 2017
internal_value=4.57538e-05 -0.00530738 -0.00924572 -0.0122985 0.00864857 0.00519612 0.0142812 0.00362875 0.00226536 0.0174845 -0.015033 0.0202016 -0.0160318 0.0305989 0.0171635 0.0237826 0.0177325 -0.017008 -0.00573147 -0.0184718 -0.0125144 -0.0010646
internal_weight=15108.8 9302.98 6824.45 5525.57 5805.79 4186.53 1008.98 1298.88 3177.55 1619.26 4589.7 293.523 4355.71 408.476 214.252 985.901 668.718 4145.34 487.755 3657.58 1338.08 1005.36
internal_count=78286 49998 37611 31106 28288 20772 4750 6505 16022 7516 26258 1369 25051 1804 993 4455 3074 23939 2657 21282 7595 5136
is_linear=0
shrinkage=0.0239494


Tree=17
num_leaves=23
num_cat=0
split_feature=30 36 44 37 28 13 29 37 28 5 28 37 26 37 16 15 30 29 28 37 15 13
split_gain=1048.16 842.978 423.845 321.508 191.704 173.545 169.79 143.027 286.531 137.744 131.008 193.261 140.326 133.819 204.354 114.513 103.967 129.835 101.298 99.8744 179.051 98.7935
threshold=0.018775000000000003 0.99215000000000009 0.24045000000000002 0.53595000000000015 -0.010804999999999999 -0.7451549999999999 0.017345000000000003 -0.38284999999999997 0.013395000000000002 -3.0587302446365352 -0.010084999999999998 0.43045000000000005 -0.026199999999999998 -0.19924999999999995 1.01495 -0.99864999999999993 -0.037389999999999993 0.015415000000000002 0.017755000000000003 0.28315000000000007 -0.99934999999999985 0.11731000000000001
decision_type=2 2 2 2 2 2 2 2 2 2 2 2 2 2 2 2 2 2 2 2 2 2
left_child=1 5 10 6 -5 -1 7 8 -3 -4 11 -2 -13 14 -12 -6 -7 21 -16 -9 -21 -18
right_child=2 3 9 4 15 16 -8 19 -10 -11 13 12 -14 -15 18 -17 17 -19 -20 20 -22 -23
leaf_value=0.012072396556639841 0.0055835932362682736 -0.013956331285820784 0.041476105932122545 0.034471293989570773 0.021765507422874537 0.0047600300926839405 0.011898310791729299 -0.020472919829027152 0.031212804216279512 0.017872230693518155 0.0045830347851012841 0.0086915966095598377 0.048022376818739824 0.0011671092963640248 0.014541427631038764 -0.012251438594751264 -0.0099936601574849102 0.0043891600078396339 0.044268120635396938 0.0062811139541565815 -0.019038245737183112 0
leaf_weight=732.85718351602554 439.22837717831135 352.67599058151245 226.33179630339146 108.06548097729683 76.586841702461243 1507.0713337361813 120.77225905656815 2428.8335899412632 103.54454281926155 493.03715886175632 833.32539862394333 97.412284448742867 144.35411813855171 2882.5482454895973 174.25251141190529 208.84232223033905 1387.0576628148556 982.24837674200535 131.23207883536816 245.51251535117626 426.29107581079006 931.93073372542858
leaf_count=3590 2135 2015 944 493 404 7458 607 14581 454 2206 4052 473 600 14537 824 1151 7334 4901 557 1348 2504 4816
internal_value=-8.70733e-05 -0.00484594 0.0083231 -0.0131233 0.00720091 0.00120913 -0.0153376 -0.0163035 -0.00338454 0.0255017 0.00566405 0.0154531 0.0327794 0.00397001 0.0109365 -0.00261228 -0.000416228 -0.00282352 0.0277897 -0.0181573 -0.00956784 -0.00594155
internal_weight=15034 9612.29 5421.72 4071.12 393.495 5541.17 3677.63 3556.86 456.221 719.369 4702.35 680.995 241.766 4021.36 1138.81 285.429 4808.31 3301.24 305.485 3100.64 671.804 2318.99
internal_count=77984 51656 26328 23557 2048 28099 21509 20902 2469 3150 23178 3208 1073 19970 5433 1555 24509 17051 1381 18433 3852 12150
is_linear=0
shrinkage=0.0239494


Tree=18
num_leaves=23
num_cat=0
split_feature=30 36 44 30 29 30 5 7 43 28 8 8 13 31 13 5 29 30 33 28 0 31
split_gain=1024.7 796.664 430.479 222.195 223.619 170.476 145.613 124.078 113.702 109.1 112.048 98.6534 94.4861 76.6514 93.0516 73.259 65.5255 65.2476 67.3357 60.3093 58.8959 53.8257
threshold=0.018775000000000003 0.99215000000000009 0.23645000000000002 0.013425000000000001 0.013475000000000003 -0.058484999999999988 -1.9227455258369444 76.601939080463282 0.045457869556928834 -0.011714999999999998 0.0020416081500000001 0.026510775500000004 -0.34483499999999995 0.021185000000000006 -0.40077499999999994 1.3252207040786745 0.017345000000000003 0.048625000000000008 -0.22064999999999999 0.088350000000000012 0.33917972500000004 0.038445000000000007
decision_type=2 2 2 2 2 2 2 2 2 2 2 2 2 2 2 2 2 2 2 2 2 2
left_child=1 5 8 4 12 -1 -4 13 17 -5 15 -8 -3 14 -7 20 -12 18 -2 -10 -11 -14
right_child=2 3 6 9 -6 7 11 -9 19 10 16 -13 21 -15 -16 -17 -18 -19 -20 -21 -22 -23
leaf_value=0.0090384490811418472 0.0064122030148767491 0.010658366069459978 0.039704643753791437 0.023668312088910539 0.011035828150945367 0.0057922170729449119 0.0062452189533443942 -0.019861865236793407 0.0034231152022070198 -0.0033883913764320879 -0.017909473444205591 0.029736592997447294 -0.017860243988618164 0.0053347579374498849 -0.0043294401799687139 -0.015570684550354588 0.013385574838751989 0.0074740244108314835 0.028509951778609082 0.031273511167102697 0.021847287474546489 0.00051843993255399018
leaf_weight=1256.8291590958834 143.64217174053192 64.156150877475739 276.13675685226917 93.16312874853611 169.12230271100998 659.36953246593475 258.34789799153805 190.61760455369949 3714.9961729645729 67.427017331123352 289.89119043946266 195.49201595783234 3018.4353491216898 1094.0791072100401 2352.2957417070866 60.678224146366119 38.7753786444664 553.19340370595455 251.71705889701843 46.60010176897049 152.23658134043217 78.362286373972893
leaf_count=6137 682 356 1146 429 872 3280 1184 1075 18439 381 1601 843 18125 5536 12123 351 190 2687 1137 220 776 449
internal_value=0.000111056 -0.00459077 0.00842247 -0.0126967 -0.0152792 0.00126873 0.0255936 -0.000970184 0.00573028 -0.000240702 -0.00413801 0.016686 -0.0167334 -5.75261e-05 -0.00206493 0.00663694 -0.013773 0.0132035 0.0208508 0.00380697 0.0134363 -0.017348
internal_weight=15025.6 9585.44 5440.13 4032.25 3330.08 5553.19 729.977 4296.36 4710.15 702.172 609.008 453.84 3160.95 4105.74 3011.67 280.342 328.667 948.553 395.359 3761.6 219.664 3096.8
internal_count=78019 51681 26338 23530 19802 28151 3173 22014 23165 3728 3299 2027 18930 20939 15403 1508 1791 4506 1819 18659 1157 18574
is_linear=0
shrinkage=0.0239494


Tree=19
num_leaves=23
num_cat=0
split_feature=27 37 28 36 37 15 28 37 5 37 37 37 27 23 27 28 27 44 45 31 31 7
split_gain=859.904 937.703 908.367 547.31 336.85 488.963 287.925 344.617 227.084 134.896 132.01 138.715 131.824 118.146 117.799 113.902 99.1015 97.8902 94.8404 76.3446 116.714 126.74
threshold=0.018305000000000005 -0.48944999999999994 0.014465000000000002 0.68825000000000014 0.20515000000000003 0.96345000000000014 0.021035000000000002 -0.15524999999999997 -1.2207649350166319 0.39735000000000004 0.40375000000000005 -0.32524999999999993 0.0078850000000000014 45.085000000000008 -0.0056249999999999989 0.0086150000000000011 0.037575000000000004 0.10713754000000002 2.2729000000000004 0.046685000000000011 -0.055344999999999998 70.202967411353427
decision_type=2 2 2 2 2 2 2 2 2 2 2 2 2 2 2 2 2 2 2 2 2 2
left_child=1 2 14 18 13 9 8 -8 10 -6 11 15 -12 16 -1 -5 17 -2 19 20 -3 -22
right_child=4 3 -4 6 5 -7 7 -9 -10 -11 12 -13 -14 -15 -16 -17 -18 -19 -20 -21 21 -23
leaf_value=0.0063621795652178629 0.0039403341382192592 0.0036267893008437206 0.044099846726550603 -0.021645134355910266 0.013196282994905101 0.006049747870120031 0.047650180351912631 -0.0039589646598732669 -0.01751051929774217 0.04547133742891292 -0.010760331384909862 -0.014423420034967695 0.025057537438919756 0.054518162877003125 -0.015517652606800682 0.024088985323823392 0.011996439152072162 -0.012756251668745411 0.024869372214797958 0.0031202967250627996 -0.0038714316450017008 -0.023042057236673547
leaf_weight=593.58211302757263 1409.4851880520582 1142.8854552805424 445.0839652121067 40.513922914862633 108.19560240209103 559.07916207611561 89.993699595332146 405.00209832191467 2852.4056062996387 399.51677510142326 89.550116539001465 589.87076663970947 151.81492242217064 28.535588040947914 184.02000766992569 110.57639175653458 776.74190646409988 232.80449886620045 81.992111057043076 1759.7555844038725 2788.1172546744347 217.7777913659811
leaf_count=2999 6983 5712 1852 231 519 2692 406 2074 17098 1664 477 3423 759 126 1013 553 3725 1176 398 8853 14318 1211
internal_value=0.000151952 -0.00299619 0.0168065 -0.00535645 0.0105336 0.0218119 -0.0118458 0.00512898 -0.014075 0.0388811 -0.00395051 -0.00907094 0.0111635 0.00555819 0.000996491 0.0108591 0.00492026 0.00148456 -0.000641833 -0.00102057 -0.00281217 -0.00530894
internal_weight=15057.3 11542.9 1222.69 10320.3 3514.36 1066.79 4329.73 494.996 3834.73 507.712 982.326 740.961 241.365 2447.57 777.602 151.09 2419.03 1642.29 5990.53 5908.54 4148.78 3005.9
internal_count=78262 61377 5864 55513 16885 4875 25021 2480 22541 2183 5443 4207 1236 12010 4012 784 11884 8159 30492 30094 21241 15529
is_linear=0
shrinkage=0.0239494


Tree=20
num_leaves=23
num_cat=0
split_feature=30 36 44 37 27 29 28 30 0 7 28 37 27 37 27 27 28 27 13 8 37 15
split_gain=955.819 696.388 385.357 329.465 259.08 189.41 170.143 134.233 124.531 124.209 112.377 118.741 269.882 110.688 124.346 101.887 91.8487 90.7511 101.027 78.8176 87.7031 68.2742
threshold=0.018775000000000003 0.99215000000000009 0.24045000000000002 0.53595000000000015 0.013255000000000001 0.017345000000000003 -0.014964999999999997 0.014585000000000002 0.80212690000000009 79.858999319968419 -0.011034999999999998 -0.21794999999999998 -0.010914999999999998 0.46945000000000003 0.013685000000000001 0.024425000000000006 0.010125000000000002 0.019555000000000006 0.11731000000000001 0.0020416081500000001 -0.36754999999999993 -0.99754999999999994
decision_type=2 2 2 2 2 2 2 2 2 2 2 2 2 2 2 2 2 2 2 2 2 2
left_child=1 6 10 5 21 7 -1 -3 -4 17 13 12 16 -2 -15 -13 -12 18 -8 20 -9 -5
right_child=2 3 8 4 -6 -7 9 19 -10 -11 11 15 -14 14 -16 -17 -18 -19 -20 -21 -22 -23
leaf_value=0.010386900051180701 0.0074921549561552565 -0.017105145980431915 0.012443224221859717 0.011366886821567656 0.032462038909818004 0.015282058987939405 -0.006155598669306153 0.031877063006007213 0.033799481663901031 -0.021402385925381396 0.0058425937892246389 -9.7112315601605899e-05 0.0042726289006306617 0.006196254950929435 0.045214100865696237 0.01358436401717668 0.041124047044208092 0.0061973151068001444 0.0020231782065182036 -0.012930290231411392 -0.0014396540382742751 -0.015700940996882039
leaf_weight=928.06256745755672 420.88178637623787 3078.1090702265501 303.91380408406258 72.9128378033638 157.17639672756195 114.5373555123806 1683.1190348863602 62.647705659270287 398.41053295135498 162.5200560092926 67.699667632579803 2565.646045923233 896.62607888877392 91.022984758019447 123.56114642322063 352.36621601879597 189.16092744469643 1017.4173718690872 1748.8336663246155 197.31860356032848 137.62592530250549 165.47361791133881
leaf_count=4509 2024 18823 1393 400 707 569 8773 299 1644 938 329 12989 4327 442 503 1674 799 4991 8857 1090 748 966
internal_value=0.00010625 -0.00444945 0.00815582 -0.0120865 0.00842592 -0.0143872 0.00101882 -0.015407 0.024766 -0.000834678 0.00564639 0.00413489 0.0106613 0.0151009 0.029344 0.00150496 0.0323937 -5.05854e-05 -0.00194536 -0.00189259 0.00825307 -0.00680937
internal_weight=14935 9525.75 5409.29 3985.8 395.563 3590.24 5539.95 3475.7 702.324 4611.89 4706.96 4071.5 1153.49 635.466 214.584 2918.01 256.861 4449.37 3431.95 397.592 200.274 238.386
internal_count=77794 51670 26124 23602 2073 21529 28068 20960 3037 23559 23087 20118 5455 2969 945 14663 1128 22621 17630 2137 1047 1366
is_linear=0
shrinkage=0.0239494


Tree=21
num_leaves=23
num_cat=0
split_feature=30 36 44 27 37 37 28 5 29 7 29 8 37 15 28 28 2 29 0 7 28 37
split_gain=865.781 737.794 374.232 253.732 273.498 201.564 318.242 174.552 141.847 113.843 108.306 106.269 92.7447 147.567 97.6505 91.8599 85.145 84.077 78.3265 64.2416 61.7744 58.4552
threshold=0.018775000000000003 0.99215000000000009 0.118153665 0.015665000000000002 0.23625000000000004 -0.38284999999999997 0.013395000000000002 -2.9331761598587032 -0.048459999999999996 81.549728020361613 1.0000000180025095e-35 0.026904642500000003 0.26795000000000008 -0.99994999999999989 0.024535000000000005 -0.013074999999999998 0.28541912632821725 0.019095000000000004 0.28260552500000008 25.845839302318627 -0.0077349999999999997 0.22055000000000002
decision_type=2 2 2 2 2 2 2 2 2 2 2 2 2 2 2 2 2 2 2 2 2 2
left_child=1 8 17 5 20 6 -3 10 -1 19 -4 -9 14 18 -7 -6 -8 -2 -14 -10 -5 -19
right_child=2 3 7 4 15 12 16 11 9 -11 -12 -13 13 -15 -16 -17 -18 21 -20 -21 -22 -23
leaf_value=0.013876655766828325 0.00025408001518335447 -0.011670296296922218 0.036876711553218658 -0.020707657422445788 0.044212943690261595 -0.020503554412736082 -0.0016357637401731022 0.0067264611715689938 -0.013416229744522775 -0.021268094604144538 -0.0074701075125714394 0.024271493101014976 -0.0089705685727377669 -0.016894747520558698 0.012810309439446251 0.010635832169815411 0.04578583290971678 0.011503131547719123 0.015392589472738513 0.0012629080995224984 0 0.0035691538267732669
leaf_weight=468.86821353435516 1889.9549247473478 306.76832972466946 342.0346747636795 185.25029250979424 77.157308042049408 2047.5213534981012 20.953556880354881 598.70686663687229 176.32826189696789 138.954878911376 28.905350595712662 324.20024573802948 140.65747833251953 609.31093949079514 46.297836855053902 162.9450326114893 90.474734783172607 1018.8099749833345 155.80787144601345 4753.6901775300503 127.95429357886314 1272.0408817827702
leaf_count=2254 9461 1818 1429 1024 329 12971 95 2809 925 809 141 1447 832 3696 239 757 385 4870 863 24057 687 6241
internal_value=4.94208e-06 -0.00435349 0.0076018 -0.0122349 0.002588 -0.0146773 0.000564477 0.0188888 0.00127176 7.70193e-05 0.0330273 0.013048 -0.0168509 -0.0101103 -0.0196972 0.0220342 0.0355579 0.00407383 0.00334095 0.000708266 -0.0118532 0.00716138
internal_weight=14983.6 9508.94 5474.65 3971.1 553.307 3417.79 418.197 1293.85 5537.84 5068.97 370.94 922.907 2999.6 905.776 2093.82 240.102 111.428 4180.81 296.465 4930.02 313.205 2290.85
internal_count=78139 51741 26398 23696 2797 20899 2298 5826 28045 25791 1570 4256 18601 5391 13210 1086 480 20572 1695 24982 1711 11111
is_linear=0
shrinkage=0.0239494


Tree=22
num_leaves=23
num_cat=0
split_feature=0 27 28 37 36 44 28 37 28 28 37 31 27 13 28 12 37 17 0 13 28 37
split_gain=812.174 596.367 444.315 408.004 299.639 209.726 140.657 130.937 170.74 167.415 121.381 116.88 98.356 95.2079 94.9843 83.8237 91.2508 214.948 102.18 80.6862 79.1747 175.596
threshold=0.69089650000000014 0.015025000000000002 0.014125000000000002 -0.31714999999999993 0.99215000000000009 0.29735000000000006 -0.036554999999999997 0.17365000000000003 -0.013074999999999998 0.015635000000000007 -0.51224999999999987 0.011735000000000002 -0.0099549999999999986 -0.24084999999999998 0.021035000000000002 -0.10346999999999999 0.25755000000000006 -0.99814999999999987 0.30708769000000008 0.22296500000000002 -0.011714999999999998 0.44405000000000006
decision_type=2 2 2 2 2 2 2 2 2 2 2 2 2 2 2 2 2 2 2 2 2 2
left_child=1 2 4 12 6 20 -1 9 -9 13 -11 -7 -4 -3 -5 -6 -17 18 -18 -8 21 -2
right_child=5 7 3 14 15 11 19 8 -10 10 -12 -13 -14 -15 -16 16 17 -19 -20 -21 -22 -23
leaf_value=0.01292067984192409 0.0052888806456898568 0.0039651241851384293 0.038129716975827184 -0.0071279739199356174 0.0020096992104603247 -0.00056257089192030614 -0.0086928705499148239 0.03994939962615511 0.0094326902100675125 0.0094618150008609347 0.045531587979651816 0.030140457305835106 0.0090750488739920927 -0.0080045403434660795 0.0018873746906728321 -0.018978729324278628 -0.006363669620121179 -0.019382441865940705 0.020900262215856832 0.0020966386230980858 0.0049755255706427698 0.026075687703092012
leaf_weight=248.24993897974491 649.34202656149864 1088.3898264765739 187.44161012768745 1169.3014433085918 135.28358359634876 75.447645008563995 1580.3662673681974 127.30784112215042 781.91283537447453 228.42889042198658 77.265566125512123 395.10697144269943 127.89576797187328 585.69877707958221 1532.071238219738 2109.099432528019 158.09639967978001 455.1148367524147 147.36684285104275 504.41220435500145 2244.6517847180367 385.64218127727509
leaf_count=1206 3125 5396 790 6230 803 376 8457 558 3713 1076 348 1653 575 3038 7805 13266 937 2824 816 2587 10914 1721
internal_value=0.00015671 -0.00305248 -0.00630466 0.000997997 -0.010459 0.00981733 -0.0039351 0.00630194 0.0138662 0.00275424 0.0190564 0.0249073 0.0268088 -0.000135367 -0.0019609 -0.0154756 -0.0163507 -0.00887128 0.00631141 -0.0060123 0.00760773 0.0131753
internal_weight=14993.9 11243.7 8354.7 3016.71 5337.99 3750.19 2333.03 2889 909.221 1979.78 305.694 470.555 315.337 1674.09 2701.37 3004.96 2869.68 760.578 305.463 2084.78 3279.64 1034.98
internal_count=78214 60425 46296 15400 30896 17789 12250 14129 4271 9858 1424 2029 1365 8434 14035 18646 17843 4577 1753 11044 15760 4846
is_linear=0
shrinkage=0.0239494


Tree=23
num_leaves=23
num_cat=0
split_feature=0 29 5 36 37 26 7 37 37 27 27 31 24 7 37 26 37 27 27 37 27 37
split_gain=793.048 505.509 280.25 305.069 214.851 359.473 170.411 349.34 133.835 130.516 123.751 117.27 91.7752 79.87 77.0846 244.632 110.49 105.592 74.6466 71.6022 70.4402 68.4948
threshold=0.64766035000000011 0.016405000000000006 -2.2999250888824458 0.88885000000000014 -0.51224999999999987 0.9144000000000001 34.100339521984949 0.29415000000000008 0.53595000000000015 0.015665000000000002 0.018115000000000003 0.038445000000000007 0.12988500000000003 82.809390266660358 -0.33384999999999992 0.50490000000000013 0.28315000000000007 0.014615000000000001 0.059125000000000004 0.48305000000000003 -0.0065549999999999992 -0.30894999999999995
decision_type=2 2 2 2 2 2 2 2 2 2 2 2 2 2 2 2 2 2 2 2 2 2
left_child=1 2 14 13 5 -2 7 12 11 -10 -9 21 -6 -4 15 -1 -16 -18 19 -3 -17 -5
right_child=4 18 3 8 6 -7 -8 10 9 -11 -12 -13 -14 -15 16 20 17 -19 -20 -21 -22 -23
leaf_value=-0.0024503858990389715 0.0082675636011082711 0.0074163890652347852 -0.0022844535236645159 -0.0081644872825174485 -0.015660543004156167 0.042660623612597391 0.0034591641810100592 0.0079767643281198133 -0.0061377873400908622 0.035376593654948739 0.041800520262301584 0.0024131282143673963 0.016225089535920521 -0.022560024217709296 -0.007394156632181511 0.039835881409418863 0.0020061024411392966 0.032714168924937781 0.0242985908126955 -0.00050474599378407404 0 -0.018571875759196783
leaf_weight=314.5686758607626 537.09090667963028 1641.2899281680584 2612.564248546958 494.13327415287495 154.28121998906136 268.93421186506748 2760.3139303177595 97.21759669482708 230.47422426939011 53.166546404361725 255.00628115236759 180.49929535388947 74.758665800094604 118.87801811099052 836.58657009899616 139.90299971401691 609.84442833065987 73.893917053937912 115.60605238378048 1034.1114980429411 24.557920694351196 2339.6089929789305
leaf_count=1596 2564 8087 13532 2838 784 1093 13381 467 1324 222 1042 992 357 699 4513 630 3117 324 531 5104 136 14867
internal_value=-0.000147059 -0.00356986 -0.00663003 -0.00920928 0.00874665 0.0199242 0.0060068 0.0178538 -0.0141253 0.00112902 0.0328794 -0.0156091 -0.00461545 -0.00322036 0.001075 0.00949482 -0.0014819 0.00553845 0.00518077 0.00430008 0.0332306 -0.0168086
internal_weight=14967.3 10819.7 8028.68 6029.32 4147.6 806.025 3341.58 581.264 3297.88 283.641 352.224 3014.24 229.04 2731.44 1999.35 479.03 1520.32 683.738 2791.01 2675.4 164.461 2833.74
internal_count=78200 58512 44790 34474 19688 3657 16031 2650 20243 1546 1509 18697 1141 14231 10316 2362 7954 3441 13722 13191 766 17705
is_linear=0
shrinkage=0.0239494


Tree=24
num_leaves=23
num_cat=0
split_feature=30 36 44 27 37 5 37 28 13 7 37 15 29 30 28 28 27 37 28 0 2 16
split_gain=748.916 627.883 292.119 276.65 285.245 174.061 152.56 243.319 123.872 98.5316 95.2749 176.08 89.4196 88.2918 83.4861 82.9273 78.1619 140.662 135.943 77.6169 74.5565 69.7618
threshold=0.018775000000000003 0.98555000000000015 0.17867500000000003 0.015025000000000002 0.23625000000000004 -2.9331761598587032 -0.36754999999999993 0.013395000000000002 -0.63231499999999985 82.809390266660358 0.25755000000000006 -0.99994999999999989 0.027075000000000005 0.0078450000000000013 -0.013074999999999998 0.024235000000000003 0.020365000000000005 -0.52374999999999994 0.014465000000000002 0.35167376500000008 0.29250356268989813 1.0162500000000001
decision_type=2 2 2 2 2 2 2 2 2 2 2 2 2 2 2 2 2 2 2 2 2 2
left_child=1 8 16 6 -5 -4 7 21 -1 19 15 13 -7 -12 -6 -8 17 18 -2 -10 -9 -3
right_child=2 3 5 4 14 12 10 20 9 -11 11 -13 -14 -15 -16 -17 -18 -19 -20 -21 -22 -23
leaf_value=0.0092273115582044672 0.0033023946407999211 -0.017213219027107433 0.033845247263037032 -0.011142965861725775 0.042453595733178424 0.0067079092618317591 -0.020140140354432789 -0.0062791545454195926 -0.0033144102815631862 -0.021207690697664806 -0.0046090892201903263 -0.016827021656046461 0.027555162452794914 0.022033185612033209 0.01176658465100567 0.0090504217906569248 0.0093317400166050696 0.00077088011475345418 0.040133669760029925 0.0029993108780587466 0.037106307717270054 0.01150553599201099
leaf_weight=905.40998190641403 145.39567324519157 267.03847081959248 312.93421138823032 339.56678619980812 83.005295172333717 538.1154398471117 1885.7904151678085 22.487214908003807 2032.2379714846611 127.46276766061783 170.16198298335075 603.95435383915901 164.29403141140938 115.8006503880024 187.20573000609875 50.508922755718231 1328.8284569531679 2909.3176874518394 106.92209635674953 2474.3217348456383 98.458328559994698 52.941486775875092
leaf_count=4370 708 1632 1297 1877 348 2460 12371 102 10565 764 1017 3778 712 633 868 262 6257 14576 435 12321 419 305
internal_value=6.06336e-05 -0.00403213 0.00708684 -0.0114278 0.00318624 0.0187328 -0.0142001 -0.000746589 0.0011176 -0.000435392 -0.0162474 -0.00943412 0.011792 0.00566906 0.0217338 -0.0193033 0.00442103 0.00231088 0.0194889 0.000119726 0.0278323 -0.0120052
internal_weight=14922.2 9416.35 5505.81 3876.92 609.778 1015.34 3267.14 440.926 5539.43 4634.02 2826.22 889.917 702.409 285.963 270.211 1936.3 4490.46 3161.64 252.318 4506.56 120.946 319.98
internal_count=78077 51632 26445 23612 3093 4469 20519 2458 28020 23650 18061 5428 3172 1650 1216 12633 21976 15719 1143 22886 521 1937
is_linear=0
shrinkage=0.0239494


Tree=25
num_leaves=23
num_cat=0
split_feature=0 27 13 27 37 12 37 26 27 37 23 13 26 37 15 15 37 30 8 37 29 27
split_gain=742.374 535.834 359.962 249.365 213.651 193.892 182.316 399.786 174.47 324.638 220.979 159.259 134.242 105.177 170.315 147.149 103.222 96.9445 130.587 124.254 102.242 83.0464
threshold=0.64766035000000011 0.015025000000000002 0.19377500000000003 -0.0099549999999999986 -0.30894999999999995 -0.12606999999999999 -0.52374999999999994 0.99990000000000012 0.018115000000000003 0.39735000000000004 33.855000000000011 -0.38651999999999992 0.88080000000000014 0.17365000000000003 -0.90734999999999988 0.95455000000000012 -0.35874999999999996 0.012845000000000002 1.0000000180025095e-35 -0.33384999999999992 0.013265000000000001 0.031735000000000006
decision_type=2 2 2 2 2 2 2 2 2 2 2 2 2 2 2 2 2 2 2 2 2 2
left_child=1 2 3 4 12 -5 7 -2 -8 -10 -11 -7 -1 14 21 -15 -4 20 19 -19 -13 -3
right_child=6 13 16 5 -6 11 8 -9 9 10 -12 17 -14 15 -16 -17 -18 18 -20 -21 -22 -23
leaf_value=-0.0038608528070580976 0.0066363240918446984 -0.0020731118572121384 0.014860253126479688 0.00013770061889231322 -0.0057389714974525295 0.003082066666570237 0.0019382643097518302 0.043208811146160708 0.0031326734112058852 0.039981186975532906 0.0039894904463164474 -0.018307889277399732 0.031827174200844362 0.025509271813241391 0.038400127661485081 0.0045091053031777678 -0.00047253866782573248 0.027533380038309577 -0.014245926125763158 -0.0052586375763988133 0.0051303241793917579 0.0092976193681159752
leaf_weight=80.807336822152138 522.97907127439976 1290.3332171291113 283.90229950845242 639.19512547552586 594.04079607129097 283.42565880715847 2133.3091294020414 264.33868487179279 728.53552982211113 326.08374384045601 153.34360483288765 2729.0810882896185 179.865289285779 330.1053613871336 73.523432955145836 506.86460500955582 2107.555182620883 93.335309058427811 688.58933912217617 214.88856312632561 101.08539982140064 510.72751562297344
leaf_count=412 2483 6558 1386 3336 3232 1480 10398 1073 3514 1340 726 17358 798 1481 328 2418 10954 455 3773 1213 543 2428
internal_value=6.95611e-06 -0.00330985 -0.00643851 -0.00976102 0.00200228 -0.0119086 0.00864432 0.0191009 0.00613668 0.0134303 0.028774 -0.0138174 0.0202038 0.00586204 0.00261225 0.0129662 0.00128664 -0.0151072 -0.00839652 0.00419758 -0.0174191 0.00107021
internal_weight=14835.9 10707.3 7995.77 5604.31 854.713 4749.6 4128.59 787.318 3341.27 1207.96 479.427 4110.41 260.673 2711.55 1874.58 836.97 2391.46 3826.98 996.813 308.224 2830.17 1801.06
internal_count=77687 58153 44940 32600 4442 28158 19534 3556 15978 5580 2066 24822 1210 13213 9314 3899 12340 23342 5441 1668 17901 8986
is_linear=0
shrinkage=0.0239494


Tree=26
num_leaves=23
num_cat=0
split_feature=0 29 5 36 37 26 27 37 23 37 27 18 31 30 14 14 37 24 23 37 24 45
split_gain=684.775 491.09 280.372 283.301 157.401 388.551 150.153 316.261 204.824 96.5258 110.662 88.2537 83.238 83.1463 112.301 208.762 83.2491 79.6188 71.4551 67.4992 76.2433 64.533
threshold=0.64766035000000011 0.016405000000000006 -1.1043890714645384 0.99215000000000009 -0.45854999999999996 0.9144000000000001 0.018115000000000003 0.37990000000000007 20.080000000000002 0.50345000000000006 0.013255000000000001 -0.95494999999999985 0.040285000000000008 0.014345000000000002 0.9990500000000001 1.0000500000000001 0.28315000000000007 -0.13188999999999998 70.385000000000005 0.29945000000000005 0.023095000000000001 2.2729000000000004
decision_type=2 2 2 2 2 2 2 2 2 2 2 2 2 2 2 2 2 2 2 2 2 2
left_child=1 2 13 18 5 -2 21 11 -9 12 -11 -8 -5 16 -15 -16 17 -1 -4 -3 -21 -6
right_child=4 19 3 9 6 -7 7 8 -10 10 -12 -13 -14 14 15 -17 -18 -19 -20 20 -22 -23
leaf_value=0.005710035879390828 0.0059131770065092857 0.0090489332623510492 -0.0021848426113126331 -0.0172240149125776 0.0010025180601893316 0.039362926396930273 -0.0028316550172269896 0.038803971052247539 0.0036910572118691123 -0.0096323992588139441 0.026203602885469329 0.016906522035998382 0.00079247094251553413 -0.0019445021286082175 0.031342501316322401 -0.00040509600042250228 0.004209909205419928 -0.0099233161211058473 -0.01726609232461386 -0.00015017166570824934 0.019895157526251712 0.026874436508038887
leaf_weight=221.29709704220295 612.73451972007751 1452.1369463503361 2290.2389403730631 2361.1545367091894 1982.9110369831324 305.02587196230888 500.83059531450272 318.73600775003433 149.69731591641903 206.09724485874176 64.701657578349113 172.56051328778267 140.40333344042301 484.09026822447777 218.33380019664764 241.16840000450611 585.15129634737968 927.50630162656307 200.78372147679329 1244.551997050643 117.92680989205837 57.70148865878582
leaf_count=1130 2907 7061 11915 15230 9697 1243 2434 1308 708 1247 288 817 776 2478 997 1213 3043 5330 1133 6176 548 273
internal_value=3.24401e-05 -0.00313242 -0.00618775 -0.00939771 0.00837003 0.0171896 0.00578071 0.0127568 0.0278947 -0.014681 -0.000530816 0.00200952 -0.0161544 6.7679e-05 0.00584157 0.0143621 -0.00299017 -0.0067847 -0.00345907 0.00543576 0.00147764 0.00180566
internal_weight=14855.7 10755.5 7940.93 5263.38 4100.2 917.76 3182.44 1141.82 468.433 2772.36 270.799 673.391 2501.56 2677.55 943.592 459.502 1733.95 1148.8 2491.02 2814.62 1362.48 2040.61
internal_count=77952 58565 44780 30589 19387 4150 15237 5267 2016 17541 1535 3251 16006 14191 4688 2210 9503 6460 13048 13785 6724 9970
is_linear=0
shrinkage=0.0239494


Tree=27
num_leaves=23
num_cat=0
split_feature=0 29 5 36 37 26 7 37 28 37 37 28 13 28 37 28 28 25 12 37 28 37
split_gain=671.4 495.307 264.817 314.629 143.915 339.688 148.489 286.924 99.5153 179.32 101.859 204.21 70.7006 77.1666 78.8524 70.4824 69.6645 92.0855 63.7855 59.7029 220.47 104.342
threshold=0.64766035000000011 0.016405000000000006 -2.2999250888824458 0.88885000000000014 -0.54839999999999989 0.79350000000000009 33.701718539173179 0.26265000000000005 -0.011034999999999998 0.33755000000000007 -0.30894999999999995 0.016015000000000005 -0.25616499999999992 0.019435000000000004 -0.48944999999999994 -0.011244999999999998 0.011075000000000002 1.0745500000000001 0.12690500000000002 -0.33384999999999992 0.011075000000000002 0.19950000000000004
decision_type=2 2 2 2 2 2 2 2 2 2 2 2 2 2 2 2 2 2 2 2 2 2
left_child=1 2 19 12 5 -2 7 18 9 -5 11 16 -4 14 -14 -9 -10 -18 -6 20 -1 -21
right_child=4 -3 3 8 6 -7 -8 15 10 -11 -12 -13 13 -15 -16 -17 17 -19 -20 21 -22 -23
leaf_value=-0.001371849504010648 0.006148980726710245 0.0055803313875874682 0.0039778052614065206 -0.013613959618020935 -0.014972808818477455 0.04032750699322029 0.0037433990087980965 0.038056987392419438 -0.016427971138591933 0.032325413860888205 -0.016889613135247537 0.039099694925053309 0.0084468854975790451 0.0027693046941550596 -0.0095633350515780414 0.013674498245428487 0.02035613546997941 -0.020049524451393616 0.011621468979073131 -0.0077303392079473123 0.033540573534248816 0.0049472282713871555
leaf_weight=341.86195604503155 512.83437088131905 2793.7553632408381 680.00720292329788 142.63926632702351 133.06962516903877 256.99221338331699 2787.6295911669731 240.9741565734148 312.91208977997303 73.496264591813087 2495.8382686674595 53.392231449484825 146.96946315467358 531.41451674699783 1342.2762053608894 125.87839087843895 80.972117587924004 51.909969583153725 79.575177758932114 697.85354006290436 144.61402614414692 790.50430603325367
leaf_count=1760 2422 13649 3428 852 680 1045 13431 986 1963 330 16316 229 753 2701 7264 583 415 279 375 3814 629 4005
internal_value=0.000105087 -0.00305774 -0.00613619 -0.00867612 0.0083059 0.0177486 0.00610365 0.0172054 -0.0137537 0.00133199 -0.0148911 -0.00460614 -0.00258473 -0.00486548 -0.00768789 0.0300887 -0.0101684 0.00347278 -0.00433403 0.00139333 0.00870636 -0.000898846
internal_weight=14817.4 10680.4 7886.66 5911.83 4136.95 769.827 3367.13 579.497 3211.16 216.136 2995.02 499.186 2700.67 2020.66 1489.25 366.853 445.794 132.882 212.645 1974.83 486.476 1488.36
internal_count=77909 58387 44738 34530 19522 3467 16055 2624 20384 1182 19202 2886 14146 10718 8017 1569 2657 694 1055 10208 2389 7819
is_linear=0
shrinkage=0.0239494


Tree=28
num_leaves=23
num_cat=0
split_feature=30 36 36 27 37 14 5 37 28 8 29 28 27 41 27 37 8 21 7 28 7 29
split_gain=639.327 570.553 249.788 237.503 237.526 219.902 177.91 154.503 193.662 146.463 115.712 106.227 95.8753 83.7922 80.4545 125.583 87.2826 79.1007 74.6454 68.6338 62.6187 58.7424
threshold=0.018775000000000003 0.97465000000000013 0.99990000000000012 0.015475000000000001 0.26795000000000008 0.99165000000000014 -1.0534633994102476 -0.36754999999999993 0.013395000000000002 0.023255795000000006 -0.046264999999999994 0.024235000000000003 0.015215000000000001 -0.13692221358636816 0.0083650000000000026 0.15395000000000003 0.0014132261500000001 16.345000000000002 78.350077682816575 -0.011714999999999998 25.845839302318627 0.022365000000000006
decision_type=2 2 2 2 2 2 2 2 2 2 2 2 2 2 2 2 2 2 2 2 2 2
left_child=1 10 17 7 -5 21 -7 8 -3 -8 -1 14 18 -10 -9 -16 -17 -2 20 -6 -12 -4
right_child=2 3 5 4 19 6 9 11 13 -11 12 -13 -14 -15 15 16 -18 -19 -20 -21 -22 -23
leaf_value=0.011997515574579296 0.0013061592606580996 -0.010623780576508793 -0.0047799046954738614 -0.009728773780704067 0.037045231459012708 0.032106251251389883 0.00081852763048993141 -0.019539053238946814 0 0.024599866316584302 -0.017674006842055844 0.0061165372443207936 0.004748049009233056 0.040368680036160773 -0.020641433714292702 0.0071094328482309895 -0.013781640555542277 0.0091039418467780599 -0.018325628964116117 0.0089761903414192767 -0.00077467881385487238 0.017402723070624529
leaf_weight=500.45737247169018 3039.9166984409094 302.69202964007854 323.36675511300564 333.50174289941788 100.69730213284492 454.62725573778152 340.84674245119095 1827.9811910390854 50.027780026197433 282.90689800679684 132.64062739908695 113.41614033281803 1608.8228933364153 76.689265161752701 364.44571693241596 266.44301787018776 198.06085580587387 1016.7178040742874 161.22047066688538 135.88144351541996 3147.0885129123926 86.855398237705231
leaf_count=2373 14842 1875 1619 1855 414 1914 1624 12280 219 1234 722 608 7835 323 2508 1595 1280 4924 982 619 16175 402
internal_value=-7.10917e-06 -0.00384797 0.00642203 -0.0110412 0.00299171 0.0148413 0.0205187 -0.013587 0 0.0118388 0.00101152 -0.0156592 -4.83255e-05 0.024637 -0.0166437 -0.0100827 -0.00148398 0.00329652 -0.00233332 0.0215409 -0.00150266 0
internal_weight=14865.3 9320.07 5545.24 3769.84 570.08 1488.6 1078.38 3199.76 429.409 623.754 5550.23 2770.35 5049.77 126.717 2656.93 828.95 464.504 4056.63 3440.95 236.579 3279.73 410.222
internal_count=78222 51663 26559 23576 2888 6793 4772 20688 2417 2858 28087 18271 25714 542 17663 5383 2875 19766 17879 1033 16897 2021
is_linear=0
shrinkage=0.0239494


Tree=29
num_leaves=23
num_cat=0
split_feature=30 36 44 37 37 28 28 5 29 30 7 15 37 15 27 29 13 29 29 12 41 13
split_gain=594.912 471.561 291.191 235.237 176.441 241.141 160.971 150.751 137.373 127.027 108.376 97.1055 89.0048 173.514 77.0271 75.4114 75.3617 70.9059 70.6738 66.1471 61.6013 59.9052
threshold=0.019625000000000004 0.99215000000000009 0.14565000000000003 0.53595000000000015 -0.36754999999999993 0.011075000000000002 -0.010804999999999999 -2.9331761598587032 0.016405000000000006 -0.074044999999999986 78.779205196094367 -0.99864999999999993 0.25755000000000006 -0.99644999999999995 0.013255000000000001 0.027075000000000005 -0.29289999999999994 1.0000000180025095e-35 0.020225000000000003 0.049410000000000003 -0.10236881151014575 -0.07051499999999998
decision_type=2 2 2 2 2 2 2 2 2 2 2 2 2 2 2 2 2 2 2 2 2 2
left_child=1 9 18 4 5 -3 14 17 12 -1 -11 -8 16 19 -5 -9 -6 -4 -2 -14 -7 -21
right_child=2 3 7 6 8 20 11 15 -10 10 -12 -13 13 -15 -16 -17 -18 -19 -20 21 -22 -23
leaf_value=0.0089187890774142468 5.0133139372932953e-06 -0.01299730466046049 0.033768286272167679 0 0.0064349066272517972 0.00073232720251329288 0.019390339630611032 0.0068005964333534537 0.0099567983997767336 -0.0001625461698736047 -0.020622345338585472 -0.011601111410660015 -0.0043893747698774627 -0.01792405541575133 0.041374504133160739 0.024921058888766875 -0.019222576421721115 -0.0053317493854668566 0.0062588229427236334 0.041497642036470023 0.029609532700604079 0.0053129936404641568
leaf_weight=905.27070133388042 1997.9314266443253 312.22292920947075 314.74937637150288 29.292844146490097 59.215938210487366 76.616345182061195 79.113577902317047 618.11353346705437 117.36607271432877 4542.322394490242 154.14841423928738 205.91712556779385 149.95590949058533 425.89259843528271 89.655386164784431 183.59608562290668 1963.0051127523184 22.137605860829353 2264.5348985046148 44.501023679971695 137.86609880626202 93.478768929839134
leaf_count=4331 9973 1920 1305 155 364 369 411 2854 596 23051 956 1202 875 2770 368 793 13326 106 10824 242 646 523
internal_value=-4.39656e-05 -0.00369782 0.00627857 -0.0102317 -0.0123116 0.000152298 0.00680936 0.0170697 -0.0146634 0.000689892 -0.00086518 -0.00248669 -0.0157729 -0.00812875 0.0303127 0.0111325 -0.018399 0.0307654 0.00336176 0.00585254 0.0199751 0.0180418
internal_weight=14786.9 9385.84 5401.06 3784.1 3380.12 526.705 403.979 1138.6 2853.42 5601.74 4696.47 285.031 2736.05 713.828 118.948 801.71 2022.22 336.887 4262.47 287.936 214.482 137.98
internal_count=77960 52105 25855 23767 21631 2935 2136 5058 18696 28338 24007 1613 18100 4410 523 3647 13690 1411 20797 1640 1015 765
is_linear=0
shrinkage=0.0239494


Tree=30
num_leaves=23
num_cat=0
split_feature=30 36 44 27 30 15 7 27 27 0 5 27 30 36 27 45 7 33 8 5 7 3
split_gain=618.15 606.309 256.02 168.122 141.681 133.686 115.642 100.907 112.148 83.4212 77.4478 72.5391 68.526 66.235 63.3685 60.4624 55.8924 50.155 43.1205 41.3498 40.5724 38.878
threshold=0.016805000000000004 0.99215000000000009 0.29015000000000007 0.015025000000000002 -0.044894999999999997 1.0249500000000002 70.493064920092948 0.020975000000000004 -0.0089949999999999978 0.73532933000000011 -1.1043890714645384 0.015475000000000001 0.0073950000000000014 0.99990000000000012 -0.007924999999999998 1.9659000000000002 80.403214909977422 -0.0014499999999999997 -0.07329564999999999 8.3646216392517108 29.070745592484766 1.0770890683454228
decision_type=2 2 2 2 2 2 2 2 2 2 2 2 2 2 2 2 2 2 2 2 2 2
left_child=1 4 7 5 18 10 11 8 16 17 12 14 -3 -9 -6 -12 -2 -4 -1 -17 -16 -18
right_child=2 3 9 -5 6 -7 -8 13 -10 -11 15 -13 -14 -15 20 19 21 -19 -20 -21 -22 -23
leaf_value=0.014694486132567908 0.0058718277717561551 -0.015739573258239051 -0.0048049339732017977 0.00062285470938556011 0.0030976885845207425 0.016970613117277301 -0.017423487785844693 0.0074638359276979873 -0.00020531931900428447 0.028710361856061645 0 0.0050082965151330159 -0.0002754285674749064 0.02177587233618751 -0.020262308432440822 -0.018416635510797443 0.0077793660058564501 0.018375597296424993 0.0048708593158395168 0 -0.0040823157868208372 0.030259562961709768
leaf_weight=355.05480596423149 958.25576786696911 310.47006687521935 82.036708399653435 527.06021137535572 763.56801298260689 74.625604823231697 240.27412110567093 1216.9642321020365 2700.485241651535 359.25543434917927 105.0566353648901 1053.9405340701342 391.59872302412987 238.65919381380081 100.60793818533421 2028.9128460586071 110.15099340677261 120.71097868680954 1273.5166018903255 75.871409937739372 1577.5649875700474 111.21400804817677
leaf_count=1656 4602 1992 381 2742 3842 406 1432 5675 13574 1490 687 5163 2372 1060 566 13948 494 547 6197 458 8284 477
internal_value=0.000134787 -0.00384761 0.00615444 -0.0115849 0.00119286 -0.0137882 -0.00134406 0.00450039 0.00243306 0.0215983 -0.0146267 -0.000197072 -0.00732203 0.00991073 -0.0025037 -0.0168813 0.00859684 0.00827592 0.00710225 -0.0177673 -0.00513935 0.0197332
internal_weight=14775.9 8878.12 5897.73 3513.6 5364.53 2986.54 3735.96 5335.73 3880.11 562.003 2911.91 3495.68 702.069 1455.62 2441.74 2209.84 1179.62 202.748 1628.57 2104.78 1678.17 221.365
internal_count=78045 49745 28300 22605 27140 19863 19287 25882 19147 2418 19457 17855 4364 6735 12692 15093 5573 928 7853 14406 8850 971
is_linear=0
shrinkage=0.0239494


Tree=31
num_leaves=23
num_cat=0
split_feature=30 30 29 44 5 27 13 30 0 28 27 26 27 13 0 29 44 27 30 27 8 35
split_gain=582.186 417.817 321.077 253.715 225.14 167.701 123.508 82.7058 73.8223 71.294 74.8982 71.9538 64.0416 63.8547 60.5421 57.9563 57.5642 50.8886 49.4841 42.1402 48.6885 41.8224
threshold=0.018775000000000003 -0.028694999999999995 0.015415000000000002 0.24685000000000004 -1.4082764983177183 0.012175000000000002 0.18090500000000001 0.0091650000000000013 0.80212690000000009 -0.011034999999999998 -0.010504999999999999 -0.026199999999999998 0.020975000000000004 -0.29289999999999994 0.27212401000000003 -0.061384999999999988 0.15495000000000003 -0.010914999999999998 0.051965000000000004 0.014435000000000002 0.0054195523000000008 3.5000000000000004
decision_type=2 2 2 2 2 2 2 2 2 2 2 2 2 2 2 2 2 2 2 2 2 2
left_child=1 15 4 9 7 6 13 -3 19 11 18 -2 21 -6 -9 -1 -7 -15 -11 20 -5 -12
right_child=3 2 -4 8 5 16 -8 14 -10 10 12 -13 -14 17 -16 -17 -18 -19 -20 -21 -22 -23
leaf_value=0.015053698944770075 0 -0.0056386903181257766 0.0044707685701092219 0.018574725236153118 0.0034408010635177864 0.00057407167478867199 -0.0036315069803886054 -0.0059778034817359414 0.026744814238368549 0.015732959711963538 0.0062520606561842678 0.017185190690304056 0.0064975203171278376 -0.0050013301153362865 0.010739739521367536 0.0034129627210838561 -0.011867978673369918 -0.018655603766787449 0.0031492999906486013 0.020896724313591533 -0.006773373538246503 -0.0021194402462934507
leaf_weight=288.41941471397877 217.85378171503544 902.93245634436607 1215.7772399485111 67.584612235426903 73.6059290766716 668.74276612699032 508.96970020234585 163.22726960480213 402.91528013348579 406.63994309306145 411.75584337115288 448.66846272349358 1041.1190107911825 200.33105799555779 425.83659093081951 2245.5222180783749 300.28848220407963 2271.5057267546654 382.78874763846397 126.71961285173893 114.05190980434418 1940.8211278319359
leaf_count=1341 1034 5054 6004 294 410 3617 2853 960 1676 1861 2061 2018 4863 1179 2231 11149 1736 15272 1851 550 539 9799
internal_value=0.00020626 -0.00346025 -0.00658982 0.00634137 -0.0090544 -0.0120045 -0.0147719 -0.00100116 0.0197573 0.00434361 0.00313661 0.0116997 0.00153979 -0.016942 0.00585946 0.00479558 -0.00313084 -0.0176081 0.00981623 0.0101535 0.00185437 -0.000592156
internal_weight=14826.1 9265.16 6731.22 5560.92 5515.44 4023.44 3054.41 1492 711.271 4849.65 4183.12 666.522 3393.7 2545.44 589.064 2533.94 969.031 2471.84 789.429 308.356 181.637 2352.58
internal_count=78352 51806 39316 26546 33312 25067 19714 8245 3059 23487 20435 3052 16723 16861 3191 12490 5353 16451 3712 1383 833 11860
is_linear=0
shrinkage=0.0239494


Tree=32
num_leaves=23
num_cat=0
split_feature=30 36 37 44 28 28 37 37 26 26 5 13 28 15 28 37 23 31 13 13 12 43
split_gain=509.533 537.658 220.686 211.4 128.124 118.334 221.164 159.015 282.652 136.331 116.156 113.072 86.4871 89.9379 78.1115 139.385 76.6247 73.2005 70.1232 64.911 66.9323 63.226
threshold=0.016805000000000004 0.99215000000000009 0.53595000000000015 0.34005000000000007 -0.017024999999999995 -0.010804999999999999 0.40375000000000005 -0.35874999999999996 0.23505000000000004 -0.23059999999999997 7.944270372390748 -0.080499999999999974 0.016015000000000005 1.0076500000000002 0.021255000000000007 1.0000000180025095e-35 70.845000000000013 0.038445000000000007 -0.7451549999999999 -0.29289999999999994 -0.17217499999999997 0.67494486207467796
decision_type=2 2 2 2 2 2 2 2 2 2 2 2 2 2 2 2 2 2 2 2 2 2
left_child=1 4 10 5 -1 6 -2 8 -7 -8 17 -4 13 -10 16 -16 -9 19 -6 -3 -21 -20
right_child=3 2 11 -5 18 7 9 14 12 -11 -12 -13 -14 -15 15 -17 -18 -19 21 20 -22 -23
leaf_value=0.0096616510740998134 0.0019056047349209062 0.0065058663186602908 0.025511022138032177 0.022959672877321095 0.0083363212602091657 0.0010932003453252297 0.0033451165144992461 -0.00069890392967621087 0.02972581486848767 0.037645729008990332 0.0057303957193041745 -0.0027065040082067428 0.035587003290861875 -0.0038921139620476334 0.032259630191221481 0.0021292335561795932 -0.013314465000436638 0.0050734675361024098 -0.0010246004328301817 0.013960337176672322 -0.015938688870650346 -0.021372716679154344
leaf_weight=843.68045178055763 483.46945263445377 69.782843261957169 122.47631448507309 374.52302505075932 459.69789859652519 697.19147446751595 106.15827234089375 1417.4461415410042 83.527593478560448 235.97474040091038 167.76967515051365 221.24374593794346 247.74452996253967 86.495549783110619 94.106553062796593 1733.0809064954519 352.21636854112148 98.334816321730614 3976.9691097289324 38.4132120013237 2732.4004845619202 90.661321416497231
leaf_count=3999 2279 415 612 1597 2211 3288 503 7181 365 962 962 1255 1008 403 425 8448 1837 595 20380 226 18447 570
internal_value=6.40094e-06 -0.00362973 -0.0110104 0.00545672 0.00108453 0.00424653 0.0126598 0.00274136 0.010647 0.0274297 -0.0130415 0.0069233 0.0262414 0.0117646 0.000250143 0.00376099 -0.00329231 -0.0141628 -0.000481587 -0.0148802 -0.0154715 -0.00151404
internal_weight=14733.4 8821.43 3450.42 5911.93 5371.01 5537.41 825.602 4711.81 1114.96 342.133 3106.7 343.72 417.768 170.023 3596.85 1827.19 1769.66 2938.93 4527.33 2840.6 2770.81 4067.63
internal_count=77968 49672 22512 28296 27160 26699 3744 22955 5064 1465 20645 1867 1776 768 17891 8873 9018 19683 23161 19088 18673 20950
is_linear=0
shrinkage=0.0239494


Tree=33
num_leaves=23
num_cat=0
split_feature=30 36 44 27 37 5 30 8 28 7 37 28 37 27 41 37 8 14 37 15 28 37
split_gain=546.509 480.772 200.426 157.065 146.842 145.269 142.954 103.975 97.4244 80.6937 74.9162 156.324 68.2042 121.485 62.9036 61.4612 55.081 53.7318 53.7268 137.928 82.0731 96.5627
threshold=0.016805000000000004 0.99215000000000009 0.12473053000000002 0.015025000000000002 0.17365000000000003 -2.9331761598587032 -0.040189999999999997 0.026051760000000004 0.024235000000000003 70.493064920092948 -0.35874999999999996 0.011075000000000002 0.25755000000000006 0.0083650000000000026 -0.095643611037503642 -0.084849999999999995 0.0037944018500000003 0.87145000000000017 0.49605000000000005 -0.97664999999999991 0.014465000000000002 0.092950000000000019
decision_type=2 2 2 2 2 2 2 2 2 2 2 2 2 2 2 2 2 2 2 2 2 2
left_child=1 6 -2 8 -5 17 -1 18 10 -8 11 -3 -12 -14 -13 -10 -15 -4 20 -20 -7 -22
right_child=2 3 5 4 -6 7 9 -9 15 -11 12 14 13 16 -16 -17 -18 -19 19 -21 21 -23
leaf_value=0.0058221583376774399 0.0028702373611096811 -0.015358981801415036 -0.001558991605817565 -0.010643136460239242 0.015220089560562634 -0.0090103812142565305 -0.0013805961280632293 0.018920384088916255 0.042381844114018102 -0.016345301514021363 -0.018506071942452136 -0.001713033210888398 -0.017261430517410324 0.010816344708626991 0.029540793373164217 0 -0.010188829466219263 0.027697457182120216 0.034660011441093222 -0.0073266999518008507 0.022458491265589357 -0.010623732448781266
leaf_weight=1862.0387342721224 4455.4624879807234 247.9915913939476 29.389733701944351 271.8425195068121 232.82683296501637 312.6533727645874 3320.7396907806396 348.57179555296898 23.61517322063446 223.87582097947598 1653.4414794892073 51.631508708000183 439.34291023015976 181.23119933903217 83.107613250613213 86.083383426070213 113.98883731663227 387.58108659088612 91.375773146748543 79.228099182248116 137.40714754164219 73.239437341690063
leaf_count=8957 21702 1629 140 1570 1071 1568 17017 1520 110 1371 11950 261 2974 1078 402 474 770 1647 394 390 587 355
internal_value=-0.000182752 -0.00397914 0.00543541 -0.0110587 0.000999377 0.0131664 0.000426342 0.00817906 -0.013222 -0.00236696 -0.0141182 -0.00376836 -0.0157159 -0.00923658 0.0164807 0.00808295 0.00221126 0.0252851 0.00257285 0.0143055 -0.000973136 0.0102629
internal_weight=14706.7 8791.76 5914.91 3385.1 504.669 1459.45 5406.65 1042.48 2880.43 3544.62 2770.74 382.731 2388 734.563 134.739 109.699 295.22 416.971 693.904 170.604 523.3 210.647
internal_count=77937 49634 28303 22289 2641 6601 27345 4814 19648 18388 19064 2292 16772 4822 663 584 1848 1787 3294 784 2510 942
is_linear=0
shrinkage=0.0239494


Tree=34
num_leaves=23
num_cat=0
split_feature=0 27 28 37 37 26 12 13 28 37 26 31 28 36 27 37 5 37 28 37 8 0
split_gain=469.991 372.212 311.699 295.334 173.85 304.933 158.949 193.065 156.337 338.401 224.208 118.467 114.498 102.637 74.3824 80.1122 73.4044 73.2307 103.679 105.061 71.6053 66.3368
threshold=0.48966504000000005 0.015025000000000002 0.014285000000000001 -0.21794999999999998 -0.54839999999999989 0.99990000000000012 -0.10106499999999997 -0.25616499999999992 -0.010804999999999999 0.39735000000000004 -0.24994999999999998 0.040285000000000008 0.016395000000000003 0.92870000000000008 0.059125000000000004 -0.16144999999999995 -0.4064874649047851 0.85135000000000016 0.0058950000000000009 0.35575000000000007 0.013194561000000002 0.31048430500000007
decision_type=2 2 2 2 2 2 2 2 2 2 2 2 2 2 2 2 2 2 2 2 2 2
left_child=1 2 6 -4 5 -2 -1 -8 9 13 -11 16 20 -6 15 -3 21 18 19 -17 -7 -9
right_child=4 14 3 -5 8 12 7 11 -10 10 -12 -13 -14 -15 -16 17 -18 -19 -20 -21 -22 -23
leaf_value=0.0012666649913941205 0.0044568352763375927 -0.0009563731413319784 0.030872384513675681 -0.001538747734739264 0.0038215793282049856 0.03308904759401958 0.0010264883668909747 -0.014127194316153344 0.00035189467029558645 0.0084457735562626264 0.036785847389079925 0 0.040916948390375275 -0.016686833375275382 0.023572577331576923 0.002416910821262911 -0.018161865495324343 -0.0001584858897057876 0.030723784046318956 0.029366521648521521 -0.0083068114289537136 -0.0010381199727382978
leaf_weight=602.23230241239071 664.70723368227482 1001.5799102336168 175.24797858297825 1973.7495526373386 591.60450142621994 39.05563548207283 562.01572301983833 739.23251102864742 3385.9433100819588 351.50069551169872 322.38961045444012 307.4080278724432 254.66195760667324 182.25646443665028 119.05858488380909 460.71786004304886 1978.3739904463291 354.28804276883602 150.99707813560963 105.76356619596481 53.260327264666557 353.33957275748253
leaf_count=3253 3136 4933 782 10307 2813 167 2974 4822 16869 1626 1329 1655 1056 940 535 2340 13452 1667 698 448 242 2143
internal_value=-0.00012198 -0.00360181 -0.00641726 0.00103639 0.00514179 0.0142124 -0.00997555 -0.0117308 0.00321312 0.00980397 0.0222204 -0.0138963 0.0324802 -0.000819777 0.00492482 0.00378356 -0.0153155 0.00834935 0.012754 0.0077063 0.00762455 -0.0100278
internal_weight=14729.4 8884 6691.6 2149 5845.38 1011.69 4542.6 3940.37 4833.69 1447.75 673.89 3378.35 346.978 773.861 2192.41 2073.35 3070.95 1071.77 717.479 566.481 92.316 1092.57
internal_count=78187 50009 39388 11089 28178 4601 28299 25046 23577 6708 2955 22072 1465 3753 10621 10086 20417 5153 3486 2788 409 6965
is_linear=0
shrinkage=0.0239494


Tree=35
num_leaves=23
num_cat=0
split_feature=30 36 37 44 29 28 13 37 28 14 5 37 15 0 15 13 15 12 21 12 29 21
split_gain=564.523 398.879 217.548 189.888 153.165 151.869 121.77 117.853 193.316 90.951 88.4444 88.1585 121.049 82.2758 79.5465 65.267 61.6061 53.906 48.0258 48.0108 47.0275 46.9206
threshold=0.020015000000000002 0.98555000000000015 0.53595000000000015 0.21045000000000003 0.017105000000000006 -0.010804999999999999 -0.7451549999999999 -0.36754999999999993 0.011075000000000002 0.9990500000000001 -0.88383010029792775 0.28315000000000007 -0.99644999999999995 0.35698640500000006 1.0004500000000001 -0.26610499999999998 -0.99864999999999993 -0.077264999999999986 12.345000000000001 -0.18106499999999995 -0.046264999999999994 15.420000000000002
decision_type=2 2 2 2 2 2 2 2 2 2 2 2 2 2 2 2 2 2 2 2 2 2
left_child=1 6 4 21 7 -4 18 8 17 -5 -11 15 -13 -8 -10 -9 -7 -3 -1 -17 -15 -2
right_child=3 2 5 9 -6 16 13 11 14 10 -12 12 -14 20 -16 19 -18 -19 -20 -21 -22 -23
leaf_value=-0.0017116527214415269 0.0026748395736785791 0.0098030103838145262 0.028494784734606406 -0.0049499759416643295 0.011874043452003227 0.014174007327931315 -0.0042023300719217687 0.0020403855352028408 0.029824200248678018 0.030695147940628036 0.012578704070326234 0.0060047630808029457 -0.015414529202520785 0.011099428717506448 0 0.013086216395903587 -0.010041307281926336 -0.018018052622279648 0.0123626715831317 -0.018548344548049666 0.00083777644083065522 0.0079587430467820998
leaf_weight=156.14043338596821 3021.5384411811829 39.889958053827286 127.45099583268166 84.363444462418556 146.17001591622829 82.661792621016502 2218.5131091922522 83.271237522363663 112.19409786164761 287.22593510150909 430.62250617146492 250.04669487476349 357.91279666125774 293.60321086645126 79.817740768194199 22.482767090201378 204.39516963064671 262.27799265086651 629.18538475036621 1912.1095355004072 2404.3372314125299 1518.3821855336428
leaf_count=738 14657 243 562 386 712 425 11710 525 509 1216 1892 1443 2423 1369 396 136 1213 1707 2968 13678 12013 7297
internal_value=0.000191842 -0.00333637 -0.00948486 0.00641582 -0.0115756 0.0066367 0.000607068 -0.012721 -0.00165431 0.0172218 0.0200309 -0.0147481 -0.00636482 -0.000764315 0.0167963 -0.0172015 -0.00255944 -0.013862 0.00937842 -0.0181052 0.00200863 0.00447422
internal_weight=14724.6 9382.46 3680.68 5342.13 3266.17 414.508 5701.78 3120 494.18 802.212 717.848 2625.82 607.959 4916.45 192.012 2017.86 287.057 302.168 785.326 1934.59 2697.94 4539.92
internal_count=78218 52770 23972 25448 21772 2200 28798 21060 2855 3494 3108 18205 3866 25092 905 14339 1638 1950 3706 13814 13382 21954
is_linear=0
shrinkage=0.0239494


Tree=36
num_leaves=23
num_cat=0
split_feature=0 8 30 30 33 8 8 37 26 13 7 37 5 24 30 37 28 37 0 45 13 31
split_gain=502.262 294.354 196.065 218.274 149.519 125.623 117.427 115.968 279.807 108.649 103.648 311.729 91.1762 89.5076 77.9286 74.882 133.944 65.7513 61.809 48.8906 45.4223 43.2379
threshold=0.64766035000000011 0.016653597500000002 -0.036099999999999993 0.013425000000000001 0.14595000000000002 0.00024151802000000003 -0.00073367357499999988 -0.53524999999999989 0.9144000000000001 -0.22430999999999998 33.701718539173179 0.29415000000000008 1.2729566693305971 -0.10572499999999999 0.020015000000000002 0.40375000000000005 -0.0077349999999999997 -0.57659999999999989 0.33537537000000001 1.9659000000000002 -0.7451549999999999 0.046685000000000011
decision_type=2 2 2 2 2 2 2 2 2 2 2 2 2 2 2 2 2 2 2 2 2 2
left_child=1 2 -1 4 9 6 -5 8 -2 -4 11 19 18 -11 -13 17 -17 -15 -8 -9 -3 -7
right_child=7 20 3 5 -6 21 12 10 -10 13 -12 14 -14 15 -16 16 -18 -19 -20 -21 -22 -23
leaf_value=0.0036709748151834884 0.0053997858387220482 0.013341369243870978 0 -0.001855082041848253 -0.00014428635294919359 -0.009342345251147896 0.003783253788703003 0.005181458972856357 0.03649165004039142 -0.0021793458297221695 0.0030948061609738335 0.011701477903927136 -0.0024677607079402262 0.00012045507495424067 0.037284972378554368 0.01458560803020304 -0.014212953139304079 -0.017602464075611193 0.028716816843548178 -0.016617004048109781 0.0023991077691190286 0.0014138791172534711
leaf_weight=1134.4031621217728 538.71640203893185 244.16175670921803 397.70033150911331 461.1729911416769 755.67617498338223 703.31129112839699 95.509737595915794 91.895850628614426 249.77355590462685 380.7915922999382 2789.7971750348806 126.06084907054901 108.90581004321575 109.53544554114342 226.10115237534046 128.55187261104584 307.7440359890461 2266.841299533844 226.09181790053844 133.67487543821335 2956.3741017431021 276.79897566139698
leaf_count=5650 2508 1159 2174 2329 4204 3866 508 433 1045 2143 13319 571 617 644 949 705 1961 15796 1053 696 14551 1409
internal_value=1.25378e-05 -0.00275465 -0.00540098 -0.00707937 -0.0100244 -0.000162121 0.00626199 0.00707452 0.0154341 -0.0120628 0.00507379 0.0143772 0.0152964 -0.0135331 0.0285418 -0.0150184 -0.00539291 -0.0167241 0.0217661 -0.00708908 0.0032795 -0.00615562
internal_weight=14709.6 10553.6 7353.03 6218.63 4346.84 1871.79 891.68 4156.02 788.49 3591.16 3367.53 577.733 430.507 3193.46 352.162 2812.67 436.296 2376.38 321.602 225.571 3200.54 980.11
internal_count=78290 58769 43059 37409 27627 9782 4507 19521 3553 23423 15968 2649 2178 21249 1520 19106 2666 16440 1561 1129 15710 5275
is_linear=0
shrinkage=0.0239494


Tree=37
num_leaves=23
num_cat=0
split_feature=0 27 28 36 23 28 5 27 28 0 23 35 30 45 8 30 5 21 0 27 31 35
split_gain=480.905 329.646 271.785 195.29 92.0172 85.1697 84.3041 81.7019 80.122 78.5349 66.8102 65.8625 65.2835 62.3001 56.8189 47.3793 48.4415 45.8545 40.7022 39.6548 38.414 37.2817
threshold=0.64766035000000011 0.015475000000000001 0.013395000000000002 0.99215000000000009 84.705000000000013 -0.011714999999999998 -0.44831384718418116 -0.013144999999999999 -0.023124999999999996 0.89455020000000018 -29.754999999999999 3.5000000000000004 0.0073950000000000014 1.9741000000000002 1.0000000180025095e-35 0.024765000000000006 7.38586449623108 17.140000000000004 0.27212401000000003 0.037575000000000004 -0.015434999999999999 3.5000000000000004
decision_type=2 2 2 2 2 2 2 2 2 2 2 2 2 2 2 2 2 2 2 2 2 2
left_child=1 2 3 8 5 10 12 -4 -1 -6 21 -9 -5 -10 18 16 -15 -7 -14 -3 -19 -2
right_child=4 19 7 6 9 17 -8 11 13 -11 -12 -13 14 15 -16 -17 -18 20 -20 -21 -22 -23
leaf_value=0.0067035789922087509 -0.0019405348932420065 0.0027552700772252754 0.011039013550261229 -0.014639910508669132 0.0029230675274329416 0.0010761906159475994 -0.016913803079802715 0.0062797533390971773 0.00075769357573666975 0.03105386228469487 0.019725604113785985 -0.0031632896701957011 -0.0062475079868472248 -0.013548591554843142 -0.012341180883876864 0 0 0.00059632405804796299 0.0100690056766237 0.010362192093665229 0.012355759743598821 0.0095635713470731323
leaf_weight=347.31767632067204 183.60461926460266 2116.5040013939142 349.85548402369022 440.44319801032543 107.08224521577358 1926.0493432581425 1615.8167181611061 521.19697353243828 559.80014359951019 161.19468587636948 361.71265453100204 2147.6584506034851 134.48261915147305 818.58451676368713 199.08572186529636 283.19739180803299 193.60823455452919 281.33989769220352 221.2088675647974 515.65458670258522 472.68043139576912 709.72457021474838
leaf_count=1667 854 10341 1754 3152 491 9181 11825 2693 2945 694 1610 11174 870 4673 1242 1455 1055 1367 1254 2353 2235 3297
internal_value=-0.000242409 -0.00300043 -0.00547284 -0.00900627 0.00658899 0.00561235 -0.0134581 0.000113092 -0.00366242 0.0203699 0.0108094 -0.00126445 -0.00770068 -0.0056818 -0.00192832 -0.00857734 -0.0110001 0.00312416 0.00348936 0.00430099 0.00816176 0.00703568
internal_weight=14667.8 10464.4 7832.26 4813.55 4203.39 3935.11 2611.04 3018.71 2202.51 268.277 1255.04 2668.86 995.22 1855.19 554.777 1295.39 1012.19 2680.07 355.691 2632.16 754.02 893.329
internal_count=78182 58453 45759 30138 19729 18544 18343 15621 11795 1185 5761 13867 6518 10128 3366 7183 5728 12783 2124 12694 3602 4151
is_linear=0
shrinkage=0.0239494


Tree=38
num_leaves=23
num_cat=0
split_feature=30 36 36 14 27 5 8 28 5 13 7 30 21 42 8 45 5 21 0 5 12 43
split_gain=439.681 363.498 194.758 155.239 154.452 137.049 104.634 94.2267 107.5 92.1752 81.4106 80.2291 57.7653 56.1948 55.2444 49.555 42.3579 39.4898 39.4734 37.8575 49.9874 36.5367
threshold=0.018775000000000003 0.96765000000000001 0.99990000000000012 0.9990500000000001 0.015665000000000002 -1.1043890714645384 0.026904642500000003 0.014125000000000002 -0.44831384718418116 -0.8134499999999999 83.487897612836733 0.0091650000000000013 16.320000000000004 -0.10141110499999999 0.017174601500000001 2.0475000000000008 -0.992161065340042 13.020000000000001 0.5830251500000001 6.81921410560608 -0.10826499999999999 0.045457869556928834
decision_type=2 2 2 2 2 2 2 2 2 2 2 2 2 2 2 2 2 2 2 2 2 2
left_child=1 9 12 14 7 -5 -7 8 11 17 13 -3 -2 -11 -4 -9 -6 -1 19 20 -15 -16
right_child=2 4 3 5 16 6 -8 15 -10 10 -12 -13 -14 18 21 -17 -18 -19 -20 -21 -22 -23
leaf_value=0 0.0009911251629934727 -0.012222233361685358 -0.010756829689018341 0.028293526919325421 0.013190670194461192 0.0021690128507286916 0.022997577575264657 -0.0048185314029764335 -0.017090235711248094 0.010438149308282227 -0.020388589083341395 0.0017442177382310093 0.0075097190814043483 0.0010090997607437491 0.024277920648655853 0.016388536010018117 -0.0014053136183561263 0.01264028907646211 0.0026836920006927155 0.0018347351698943081 -0.0066212540524741136 0.0015518770895718932
leaf_weight=188.03988060355186 3033.6207032650709 568.96901553869247 156.04716165363789 437.11025075614452 154.44716601073742 387.26103892922401 232.12586951255798 448.67670665681362 1545.4789144843817 283.05291640758514 114.02333647012711 375.01462249457836 1083.6959054917097 718.90247742831707 57.89027413725853 72.029865756630898 387.71974298357964 487.16968995332718 1417.4792464077473 906.31166695058346 1378.7598719596863 193.77055859565735
leaf_count=885 14681 4031 827 1871 742 1812 1001 2680 11601 1336 753 2286 5160 3674 244 371 2053 2278 6860 4620 7367 939
internal_value=0.000159718 -0.00309152 0.00545523 0.0129841 -0.00906493 0.0178304 0.0102107 -0.0111934 -0.0131404 0.000744391 -0.000387853 -0.00651911 0.00274232 6.58672e-05 6.77027e-05 -0.00160446 0.0024833 0.00904075 -0.000565119 -0.00214674 -0.00393659 0.00735996
internal_weight=14627.6 9046.08 5581.52 1464.21 3552.34 1056.5 619.387 3010.17 2489.46 5493.74 4818.53 943.984 4117.32 4704.51 407.708 520.707 542.167 675.21 4421.45 3003.97 2097.66 251.661
internal_count=78072 51537 26535 6694 23764 4684 2813 20969 17918 27773 24610 6317 19841 23857 2010 3051 2795 3163 22521 15661 11041 1183
is_linear=0
shrinkage=0.0239494


Tree=39
num_leaves=23
num_cat=0
split_feature=30 36 43 29 37 36 27 37 27 27 28 8 30 36 31 7 28 37 30 28 37 39
split_gain=430.487 441.525 160.673 149.407 114.593 108.049 97.6475 95.4258 262.396 209.261 111.068 110.833 82.2258 80.8663 72.8585 68.135 58.594 194.536 58.3965 55.3527 66.8453 49.4674
threshold=0.014345000000000002 0.99215000000000009 0.015659784221494676 0.011695000000000002 0.53595000000000015 0.81175000000000008 0.010435000000000002 -0.37534999999999996 -0.0061049999999999993 0.015665000000000002 0.016195000000000005 1.0000000180025095e-35 -0.080474999999999977 0.99990000000000012 0.038445000000000007 80.971140695363928 0.007745000000000001 0.39165000000000005 0.0093650000000000018 0.021505000000000003 -0.14934999999999996 0.068750000000000019
decision_type=2 2 2 2 2 2 2 2 2 2 2 2 2 2 2 2 2 2 2 2 2 2
left_child=1 12 5 4 14 -2 -6 8 10 19 11 -4 -1 -11 -3 -14 17 -15 -5 21 -21 -9
right_child=2 3 7 18 6 -7 -8 9 -10 13 -12 -13 15 16 -16 -17 -18 -19 -20 20 -22 -23
leaf_value=0.0074756300211771187 0.0065174625302346157 -0.015075125831341348 0.026574928863015157 0.014346313644655488 -0.010664684029633434 0.021244900518972973 0.020611938877668181 0.00056838301242668945 -0.0019300878208222442 0.0049081186785210913 0.034716632628484595 0 -0.00028941564299149756 -0.010613819545231511 0.0078652420297441687 -0.019548559448036268 0.034932365813284932 0.0306877414379828 -0.0090086408270891333 0.032505817446773125 0.00010130435472935528 -0.008125744179187603
leaf_weight=814.24746266007423 802.64895549416542 2385.5135313570499 157.94168767333031 171.27548664063215 123.50357128679752 484.28354048728943 103.39431567490101 502.01912331581116 615.53427363932133 871.60178083181381 209.11650030314922 194.10869252681732 4240.5164727717638 113.7733318656683 73.644627705216408 108.69805374741554 102.05842715501785 142.89133015275002 87.969497472047806 38.281676113605499 1013.1662369817495 1201.0379657745361
leaf_count=3815 3721 17339 698 918 787 2148 520 2642 2926 4080 865 920 21536 567 468 747 445 593 532 168 5026 6331
internal_value=-3.79217e-05 -0.00372056 0.00457024 -0.0111221 -0.0128153 0.012173 0.00294406 0.00264634 0.0086525 0.000836099 0.0205206 0.0116733 0.000473087 0.00907613 -0.0143287 -0.000804332 0.0187962 0.0118108 0.00585797 -0.00279137 0.00142002 -0.00547718
internal_weight=14557.2 8108.76 6448.46 2945.3 2686.06 1286.93 226.898 5161.53 1176.7 3984.83 561.167 352.05 5163.46 1230.32 2459.16 4349.21 358.723 256.665 259.245 2754.51 1051.45 1703.06
internal_count=77792 46662 31130 20564 19114 5869 1307 25261 5409 19852 2483 1618 26098 5685 17807 22283 1605 1160 1450 14167 5194 8973
is_linear=0
shrinkage=0.0239494


Tree=40
num_leaves=23
num_cat=0
split_feature=0 29 43 37 28 27 37 26 36 37 15 37 28 37 26 12 45 0 28 23 36 27
split_gain=359.811 324.958 184.995 151.863 208.67 156.403 134.098 217.417 128.652 107.72 116.974 103.01 89.2427 238.316 152.693 75.3098 70.6534 69.3569 69.1478 58.0223 57.9429 56.4584
threshold=0.64766035000000011 0.015195000000000002 0.65282931957713497 -0.34234999999999993 0.011075000000000002 0.015665000000000002 -0.57659999999999989 0.79350000000000009 0.58825000000000005 0.27815000000000006 -0.99694999999999989 0.18415000000000004 -0.011464999999999998 0.40995000000000004 -0.37824999999999992 -0.075744999999999993 2.0025000000000008 0.28260552500000008 -0.013394999999999999 30.745000000000001 0.88885000000000014 -0.010324999999999999
decision_type=2 2 2 2 2 2 2 2 2 2 2 2 2 2 2 2 2 2 2 2 2 2
left_child=1 2 3 4 15 8 7 -2 -5 -10 17 -7 13 -8 -15 -1 19 -11 -13 -6 -17 -18
right_child=6 -3 -4 5 16 11 12 -9 9 10 -12 18 -14 14 -16 20 21 -19 -20 -21 -22 -23
leaf_value=0.0085377635941697415 0.0061464225029639651 0.0042930456255285028 -0.016187065963327463 -0.0031729042778993835 0.0025642421572867817 -0.001041797588084056 -0.00020440992562149339 0.034926654824989363 -0.015280173466171849 -0.0057441030170069483 -0.010926756654052279 0.036440377321193582 0.0012021739627945185 0.0090830267382800388 0.036220847606800284 -0.00087673348600812078 0.028142947503925535 0.017508390942355571 0.0072024899931133549 0.034737346006671707 -0.016700624261746858 -0.0025436647876300612
leaf_weight=234.51833063364029 490.53524793684483 3016.0820552557707 769.53274438530207 2399.9605006724596 52.404908955097198 565.24699461460114 626.1109541207552 228.71198911964893 1423.8044755905867 114.17309005558491 526.38618280738592 78.70475834608078 2292.4337365329266 283.46983553469181 231.45199531316757 358.71722622215748 45.763905882835388 175.68922996520996 155.99861650168896 166.80097649991512 232.74286690354347 113.06142245233059
leaf_count=1190 2267 14641 5399 12675 255 2916 2966 976 10481 728 3474 340 10977 1289 978 1838 195 961 714 731 1538 580
internal_value=5.50899e-05 -0.00230863 -0.00501413 -0.00369805 0.00392837 -0.00541283 0.00602676 0.0155013 -0.00711084 -0.0112647 -0.00408145 0.00425372 0.0039995 0.00949157 0.0215648 -0.00266253 0.0187154 0.00784573 0.0176293 0.0277121 -0.00735045 0.005379
internal_weight=14582.3 10429.6 7413.51 6643.97 1204.01 5439.96 4152.71 719.247 4640.01 2240.05 816.249 799.95 3433.47 1141.03 514.922 825.978 378.031 289.862 234.703 219.206 591.46 158.825
internal_count=78109 58656 44015 38616 6327 32289 19453 3243 28319 15644 5163 3970 16210 5233 2267 4566 1761 1689 1054 986 3376 775
is_linear=0
shrinkage=0.0239494


Tree=41
num_leaves=23
num_cat=0
split_feature=30 36 37 43 27 37 28 29 36 13 37 27 7 12 6 27 37 28 13 8 27 2
split_gain=356.086 347.187 208.052 170.414 154.046 115.094 173.372 96.0971 93.8821 87.6684 79.6251 151.212 76.3423 70.6398 69.1471 68.3921 151.2 104.356 64.8506 59.6986 55.371 53.5477
threshold=0.020015000000000002 0.96275000000000011 0.53595000000000015 0.045457869556928834 0.013255000000000001 -0.35874999999999996 0.013395000000000002 0.012555000000000002 0.99990000000000012 -0.41566499999999995 0.27815000000000006 0.0083650000000000026 83.487897612836733 -0.077264999999999986 -0.0013157357064589499 -0.0093149999999999986 -0.20544999999999997 0.016015000000000005 -0.29289999999999994 0.0037944018500000003 0.059125000000000004 0.28541912632821725
decision_type=2 2 2 2 2 2 2 2 2 2 2 2 2 2 2 2 2 2 2 2 2 2
left_child=1 9 5 8 -4 6 13 10 -2 -1 18 -12 14 -3 -11 16 17 -5 -7 -13 -17 -8
right_child=3 2 4 15 -6 7 21 -9 -10 12 11 19 -14 -15 -16 20 -18 -19 -20 -21 -22 -23
leaf_value=0.0063638313178756688 0.0075449406485688765 0.014837536264936975 -0.0053474290670533957 0.0038283025601362659 0.023366993408007689 0.0065370080068008979 -0.0093522250002203138 0.0022666618474474179 0.021280370341135873 -0.0043429672714987494 -0.017705629881013873 0.014430855469744021 -0.020826864788491342 -0.014113128597418693 0.0021410858728792715 0.00028423945797596454 -0.00030427696439494105 0.030987572484642477 -0.017395516276447698 -0.0085840372536341112 0.017129609386721718 0.025220779015603254
leaf_weight=1339.5685581862926 860.52211511135101 52.146392986178398 235.731869161129 151.6930086761713 188.04410970211029 58.330092802643776 24.316540360450745 209.48533459752798 471.77461540699005 1451.0113087296486 306.05907866358757 187.90057560801506 104.90052112936974 322.79191138595343 2689.8027826994658 3096.8686929792166 442.28862960636616 215.66500875353813 1779.3018595054746 90.208841681480408 117.13653248548508 145.94039744138718
leaf_count=6371 3966 317 1452 697 823 364 110 1182 2052 7479 2229 1046 721 2120 13640 15158 2174 904 13469 584 515 618
internal_value=0.000148336 -0.00270307 -0.00850676 0.0050658 0.00704957 -0.0106281 -0.000334767 -0.0127054 0.0125184 0.00101184 -0.0140608 -0.0059602 -0.00064238 -0.00969716 -9.5769e-05 0.00256184 0.0088052 0.0201703 -0.0165564 0.00644053 0.000943622 0.0194252
internal_weight=14541.5 9185.54 3600.26 5355.95 423.776 3176.48 545.195 2631.29 1332.3 5585.28 2421.8 584.168 4245.71 374.938 4140.81 4023.65 809.647 367.358 1837.63 278.109 3214.01 170.257
internal_count=77991 52525 24314 25466 2275 22039 3165 18874 6018 28211 17692 3859 21840 2437 21119 19448 3775 1601 13833 1630 15673 728
is_linear=0
shrinkage=0.0239494


Tree=42
num_leaves=23
num_cat=0
split_feature=30 36 37 43 29 27 5 37 28 37 30 36 27 29 8 28 37 28 27 15 36 44
split_gain=400.858 362.715 166.259 147.235 142.603 123.861 98.3846 98.3244 135.444 98.3795 94.3682 92.6916 80.0648 68.9553 64.0893 61.426 55.8089 139.049 93.6554 88.8277 83.1553 78.7075
threshold=0.019625000000000004 0.99215000000000009 0.53595000000000015 0.045457869556928834 0.017105000000000006 0.010435000000000002 -0.4064874649047851 -0.28004999999999997 0.0079050000000000023 0.22055000000000002 -0.06568499999999998 0.96765000000000001 0.0066150000000000011 0.015415000000000002 0.0054195523000000008 -0.012514999999999998 -0.20544999999999997 0.016015000000000005 0.014815000000000002 0.99665000000000015 0.99990000000000012 0.090412550000000008
decision_type=2 2 2 2 2 2 2 2 2 2 2 2 2 2 2 2 2 2 2 2 2 2
left_child=1 10 4 11 6 -4 7 8 -3 -9 -1 -2 -11 -12 -7 -16 17 -5 21 -19 -20 -18
right_child=3 2 5 16 -6 14 -8 9 -10 12 13 -13 -14 -15 15 -17 18 19 20 -21 -22 -23
leaf_value=0.00700927565919548 0.0072059160690589753 -0.016950062953555611 -0.010303097187389126 0.0013071583870033407 0.011311498699093824 0.029399038497951516 -0.015471928088802442 -0.016947063124185157 0.017644619168002994 -0.018054234071425899 -0.0027342156985582827 0.020782382127461599 0.0084807616506415613 0.0036839380215422826 0.036898293450988127 -0.0047804031453418556 0.00037180886466073662 0.0042689256134669689 0.0036216997812495164 0.028557302953766843 0.022157681154060586 -0.012264471522765587
leaf_weight=1116.9341455847025 865.38920757174492 95.248014487326145 160.56331272423267 782.86209689080715 151.02965661883354 117.05775372684002 1868.4048379063606 506.65737015753984 190.36526772379875 94.3966353982687 3139.1996952146292 477.20734226703644 210.68951374292374 1371.9524309784174 25.001414567232132 93.007891863584518 1755.2028543949127 162.21060349047184 673.07317446172237 233.17394353449345 185.41952328383923 332.84047338366508
leaf_count=5243 3982 656 1016 3714 729 532 13830 3737 1048 672 16516 2079 1225 6675 103 474 8879 728 3137 980 814 1691
internal_value=7.71489e-05 -0.00298101 -0.00902334 0.00521656 -0.0108954 0.00535596 -0.0120756 -0.00615967 0.00559646 -0.010476 0.000763997 0.0121403 0 -0.000749925 0.0166732 0.00281234 0.00292753 0.00735559 0.00110729 0.0189621 0.00779527 -0.00157252
internal_weight=14607.9 9140.51 3512.42 5467.38 3116.79 395.63 2965.76 1097.36 285.613 811.744 5628.09 1342.6 305.086 4511.15 235.067 118.009 4124.78 1178.25 2946.54 395.385 858.493 2088.04
internal_count=78460 52456 24022 26004 21897 2125 21168 7338 1704 5634 28434 6061 1897 23191 1109 577 19943 5422 14521 1708 3951 10570
is_linear=0
shrinkage=0.0239494


Tree=43
num_leaves=23
num_cat=0
split_feature=0 27 28 37 13 12 12 14 37 26 27 37 37 37 25 13 28 13 5 29 28 37
split_gain=377.626 283.06 251.045 278.013 170.656 178.945 114.804 101.727 101.462 192.753 125.595 111.02 91.5693 89.3972 82.9341 82.163 66.2206 62.4897 56.7785 70.9015 52.4963 66.2151
threshold=0.69089650000000014 0.015215000000000001 0.013775000000000001 -0.30894999999999995 -0.29289999999999994 -0.10346999999999999 0.073255000000000015 0.88305000000000011 -0.50084999999999991 0.99990000000000012 0.021265000000000003 0.23095000000000002 0.29945000000000005 1.2326500000000002 1.16795 0.19377500000000003 0.016195000000000005 0.77370000000000017 -0.88383010029792775 -1.0000000180025095e-35 0.022945000000000004 -0.027949999999999999
decision_type=2 2 2 2 2 2 2 2 2 2 2 2 2 2 2 2 2 2 2 2 2 2
left_child=1 2 4 14 -1 -6 15 -2 9 -9 -10 -12 -8 -13 -4 18 -16 20 19 -7 -5 -22
right_child=7 -3 3 17 5 6 12 8 10 -11 11 13 -14 -15 16 -17 -18 -19 -20 -21 21 -23
leaf_value=0.0034537885713484622 0.0014964328317277403 0.003925105580108672 0.028703546812518452 -0.0070359201383236748 0.0016944045312731421 -0.022450407421726718 -0.0096302832107711817 0.0053563837537005509 0.0023978681600514392 0.036080701662833392 0.0018107473999712952 0.033847352914699314 0.0083678939011913606 0.0035070109336699318 -0.0098814338653181542 -0.0038605387135011329 0.027601682080094218 0.005676744918573574 -0.018349123316909976 -0.0046083412540452321 0.035836386094099754 -0.00074114964293913507
leaf_weight=598.94008809328079 1572.2561509907246 2846.0414788126945 236.28288197517395 1271.3139870390296 612.97652374207973 187.54546831548214 458.38749148696661 277.85996481776237 1221.6686155050993 220.79128877818584 196.16079638898373 223.41398820281029 243.86930028349161 89.238592207431793 73.199954688549042 409.33499918878078 41.314351812005043 472.40523363649845 1749.5735917836428 501.86194589734077 29.194900661706924 952.31843076646328
leaf_count=3097 7448 13691 1000 7037 3292 1226 3005 1271 5769 961 926 976 1366 406 335 2357 177 2381 12951 3262 145 4823
internal_value=-0.000199524 -0.00251574 -0.00487294 0.000414995 -0.008319 -0.0100476 -0.0121159 0.00627224 0.0095752 0.0192533 0.00670199 0.0167492 -0.00317219 0.0256546 0.0205224 -0.0142697 0.00236653 -0.00211969 -0.0159569 -0.00967392 -0.00381938 0.000198083
internal_weight=14486 10684.6 7838.52 3076.03 4762.49 4163.55 3550.57 3801.39 2229.13 498.651 1730.48 508.813 702.257 312.653 350.797 2848.32 114.514 2725.23 2438.98 689.407 2252.83 981.513
internal_count=77902 60145 46454 15898 30556 27459 24167 17757 10309 2232 8077 2308 4371 1382 1512 19796 512 14386 17439 4488 12005 4968
is_linear=0
shrinkage=0.0239494


Tree=44
num_leaves=23
num_cat=0
split_feature=27 37 28 36 37 23 23 27 44 28 37 18 37 17 0 28 28 12 8 28 37 7
split_gain=374.727 487.039 541.607 322.612 225.332 368.139 148.957 112.006 112.156 105.431 148.004 81.3842 80.5312 180.407 97.6205 71.5182 92.273 69.3402 61.8493 130.695 60.1703 57.4846
threshold=0.015025000000000002 -0.39034999999999992 0.016195000000000005 0.96765000000000001 0.35575000000000007 15.800000000000002 15.800000000000002 0.030265000000000004 0.16833862500000005 0.022085000000000004 -0.084849999999999995 -0.94474999999999987 0.25215000000000004 -0.99864999999999993 0.28260552500000008 -0.036554999999999997 0.020735000000000003 -0.17217499999999997 1.0000000180025095e-35 0.013395000000000002 0.39735000000000004 78.779205196094367
decision_type=2 2 2 2 2 2 2 2 2 2 2 2 2 2 2 2 2 2 2 2 2 2
left_child=1 2 11 15 6 -6 7 8 -2 12 -11 -1 17 14 -14 -3 21 -5 19 -13 -18 -17
right_child=4 3 -4 9 5 -7 -8 -9 -10 10 -12 18 13 -15 -16 16 20 -19 -20 -21 -22 -23
leaf_value=-0.015989733164925843 0 0.007808193616692367 0.032149747246239369 0.019908484211286801 0.027566261783308718 0.0019356942302836064 0.039930515972756632 0.0070599663871825681 -0.017229197542090777 0.033020242187707459 -0.0065833701863934205 0.003026735937794445 -0.0058531347203199698 -0.014456100720845131 0.020824286370492263 -0.0043079506836568859 0.0065116848926807655 -0.016550415425396963 -0.0042420123817284031 0.03568802689848128 -0.0015838063826967691 -0.019281318652096792
leaf_weight=146.42615410685539 1659.9000876694918 430.73912888765335 439.94794242084026 26.821203261613846 611.50679734349251 705.63057841360569 58.83362852036953 1209.7529825419188 248.57276687026024 67.629031643271446 265.32345002889633 474.14797581732273 140.21480169892311 601.15651826560497 162.63311117887497 2617.7270966917276 806.6714094132185 1739.1523509919643 362.63657596707344 85.591004684567451 1471.4150372594595 163.46124990284443
leaf_count=962 8229 1989 1888 152 2620 3271 250 5576 1328 306 1379 2408 927 4176 904 13858 3956 13416 1906 352 7291 1044
internal_value=-0.000136181 -0.00272719 0.00977917 -0.0049661 0.00559752 0.0139461 0.00209043 0.00132964 -0.00222622 -0.0112849 0.00102233 0.000434177 -0.0128743 -0.00677469 0.00799078 -0.00148327 -0.00230319 -0.015914 0.00319979 0.00828199 0.00121871 -0.00524051
internal_weight=14495.9 10001.7 1508.75 8492.94 4494.2 1317.14 3177.06 3118.23 1908.47 3002.93 332.952 1068.8 2669.98 904.004 302.848 5490.01 5059.27 1765.97 922.376 559.739 2278.09 2781.19
internal_count=78188 56914 7516 49398 21274 5891 15383 15133 9557 21260 1685 5628 19575 6007 1831 28138 26149 13568 4666 2760 11247 14902
is_linear=0
shrinkage=0.0239494


Tree=45
num_leaves=23
num_cat=0
split_feature=0 29 5 36 37 26 12 37 26 37 28 12 8 8 30 45 37 28 12 13 13 35
split_gain=301.965 256.574 153.711 158.22 92.1942 246.455 118.061 219.573 103.142 82.5496 83.0461 70.8391 64.1231 71.0917 84.4722 61.4261 52.6556 98.7268 69.6597 51.2135 92.4671 56.7316
threshold=0.72291643000000005 0.016405000000000006 -2.2999250888824458 0.82215000000000005 -0.50084999999999991 0.99990000000000012 0.026505000000000004 0.39735000000000004 -0.34069999999999995 0.53595000000000015 -0.011034999999999998 -0.10572499999999999 -1.0000000180025095e-35 1.0000000180025095e-35 0.014585000000000002 1.9063000000000001 0.28865000000000007 0.016015000000000005 0.031435000000000005 -0.17091499999999996 0.11991000000000002 3.5000000000000004
decision_type=2 2 2 2 2 2 2 2 2 2 2 2 2 2 2 2 2 2 2 2 2 2
left_child=1 2 12 19 5 -2 -6 15 -9 11 -11 -5 -1 14 -14 -8 17 -3 -18 -4 -21 -22
right_child=4 16 3 9 6 -7 7 8 -10 10 -12 -13 13 -15 -16 -17 18 -19 -20 20 21 -23
leaf_value=-0.0028879167812764835 0.0041436335844867037 0.0019906409753507196 0.0024176337135073779 0.0032917441581053826 -0.00032319218275488878 0.034887315132762088 0.017625540967822192 0.0070326388034862046 0.031184152554069065 0.030487860755097365 -0.0038674185267851243 -0.012714625711641146 0 0.00049458649875153832 0.024060674742996918 -0.0013800260987710156 -0.0010167073252306833 0.014565496624087645 0.01774058898330114 -0.010348405507296521 0.011359430550243662 -0.0025343599003487482
leaf_weight=1113.1731894314289 512.85554994642735 1003.0507415980101 860.68494220077991 154.20306172221899 1604.7744822055101 219.51174564659595 113.31558594107628 182.49180598556995 293.15396995842457 47.816415667533875 244.04889924824238 2484.7407800257206 153.6288987994194 659.17327654361725 205.02166712284088 647.74561709165573 1408.0389822423458 587.38397258520126 123.08695659041405 864.19421017169952 209.55725631117821 856.71912902593613
leaf_count=5800 2352 4842 4342 1008 7686 971 518 825 1274 211 1466 18264 926 3448 913 3076 6869 2706 558 4860 1086 4496
internal_value=-0.000135669 -0.00211445 -0.00443164 -0.00647993 0.00589987 0.0135578 0.0038747 0.00944005 0.022225 -0.0103811 0.00126074 -0.011724 0.000999716 0.00539502 0.0139944 0.00125787 0.00366816 0.00672665 0.000395819 -0.00233128 -0.00452419 5.92599e-05
internal_weight=14548.4 10974.5 7852.96 5721.96 3573.85 732.367 2841.48 1236.71 475.646 2930.81 291.865 2638.94 2131 1017.82 358.651 761.061 3121.56 1590.43 1531.13 2791.16 1930.47 1066.28
internal_count=78497 61795 46820 35733 16702 3323 13379 5693 2099 20949 1677 19272 11087 5287 1839 3594 14975 7548 7427 14784 10442 5582
is_linear=0
shrinkage=0.0239494


Tree=46
num_leaves=23
num_cat=0
split_feature=8 0 8 12 27 37 27 37 12 27 37 27 36 37 26 37 12 44 13 28 13 37
split_gain=299.679 248.246 143.604 135.7 190.55 143.139 128.494 95.1198 94.1314 81.762 183.333 81.6353 81.1098 78.4215 169.67 87.9528 141.507 127.839 76.4573 72.4875 72.1099 68.2529
threshold=0.017174601500000001 0.50612693500000006 1.0000000180025095e-35 -0.10346999999999999 0.011695000000000002 0.21505000000000005 -0.009474999999999999 -0.21794999999999998 -0.06784999999999998 -0.010914999999999998 -0.19924999999999995 0.0032150000000000004 0.98555000000000015 -0.38284999999999997 0.26935000000000003 0.34965000000000007 0.0111 0.20861048000000001 0.24056500000000003 0.013615000000000002 -0.28343999999999997 -0.30894999999999995
decision_type=2 2 2 2 2 2 2 2 2 2 2 2 2 2 2 2 2 2 2 2 2 2
left_child=1 3 13 -1 6 12 7 19 -2 10 -10 -11 -6 14 -3 17 -17 -15 20 -5 -8 -13
right_child=8 2 -4 4 5 -7 18 -9 9 11 -12 21 -14 15 -16 16 -18 -19 -20 -21 -22 -23
leaf_value=0.0020264378056120765 0.00021434684734455373 0.0043353435663539422 -0.0052634092162164962 0 -4.7733395802357406e-05 0.013302542185054497 4.0414205174097394e-05 -0.0061640869889103209 0.033937357577628884 -0.0024995506155214018 0.0020963855297225493 0.0022276242446794227 -0.013994540354683728 0.0027592292177799085 0.032348362197984405 0 0.018983328117620404 -0.019671952433742246 -0.0011908695247678722 0.029568319413789582 -0.01475052002881101 0.010892889387906423
leaf_weight=1207.2021939381957 1668.8658352717757 390.65692128241062 852.86391682177782 85.836074449121952 926.85610203444958 358.5407332777977 184.49332581460476 410.68166275322437 201.41558545827866 534.95490141957998 235.65513356029987 885.89837527275085 332.7796927317977 711.93565046787262 192.86789572238922 467.89619462192059 420.17893499135971 181.66056029498577 351.04127027094364 92.109227240085602 2312.4653933420777 1458.4151499718428
leaf_count=6405 8162 1856 4393 492 4636 1869 1020 2392 878 2691 1133 4116 2270 3532 840 2280 1877 1046 1942 414 17157 6859
internal_value=0.000181293 -0.00230795 0.00306994 -0.00509499 -0.00682464 0 -0.0100154 0 0.00494424 0.00728041 0.0171038 0.00573849 -0.00384824 0.0061366 0.0138446 0.00353016 0.00889431 -0.00163743 -0.012121 0.0147955 -0.0135992 0.00768065
internal_weight=14465.3 9480.07 3218.06 6262.01 5054.8 1618.18 3436.63 588.627 4985.2 3316.34 437.071 2879.27 1259.64 2365.2 583.525 1781.67 888.075 893.596 2848 177.945 2496.96 2344.31
internal_count=78260 54421 15824 38597 32192 8775 23417 3298 23839 15677 2011 13666 6906 11431 2696 8735 4157 4578 20119 906 18177 10975
is_linear=0
shrinkage=0.0239494


Tree=47
num_leaves=23
num_cat=0
split_feature=30 13 13 27 37 28 37 36 16 43 37 27 37 37 28 21 29 37 13 8 28 13
split_gain=346.656 234.112 198.757 170.959 200.553 131.471 127.521 111.861 102.8 95.5 83.7985 94.5756 72.9749 86.1747 70.7642 70.038 59.5379 58.5664 55.3433 53.8484 52.7623 51.896
threshold=0.020015000000000002 -0.29289999999999994 0.18090500000000001 0.015475000000000001 0.27305000000000007 0.017755000000000003 -0.30894999999999995 0.98555000000000015 -0.97584999999999988 0.18627737317882645 -0.33384999999999992 0.013255000000000001 0.50345000000000006 -0.36754999999999993 0.013395000000000002 12.345000000000001 -1.0000000180025095e-35 0.38555000000000006 -0.07051499999999998 0.010159194500000001 -0.00092499999999999993 0.067515000000000006
decision_type=2 2 2 2 2 2 2 2 2 2 2 2 2 2 2 2 2 2 2 2 2 2
left_child=1 15 3 5 20 12 -7 -2 -6 16 21 -12 13 14 -3 -1 -9 -4 -14 -16 -5 -11
right_child=7 2 17 4 8 6 -8 9 -10 10 11 -13 18 -15 19 -17 -18 -19 -20 -21 -22 -23
leaf_value=-0.0042072474680185049 0.0029196296797130753 -0.0081891280738051915 0.005082378364052521 -0.011019146609637513 0.026635425262569026 0.031721316718254997 -0.0031185742786092692 -0.016760670490341193 0 0 -0.0092675537544018374 0.016770228210921563 0.0073504140954012368 -0.014340599276407384 0.027622031842556249 0.0071123116080288283 0.01847216059625946 -0.0032863855450095277 -0.010142255283610331 -0.0026982101277968 0.0028208010446132653 0.024581580125155968
leaf_weight=378.48285849392414 4025.8856572955847 446.54522267729044 1200.1088663190603 425.4720990806818 216.34730277955532 66.50150965154171 640.05635866522789 24.298435151576996 125.7770399004221 83.454260841012001 305.34238576889038 106.56987707316875 199.60935083776712 2528.2654677703977 63.627271562814713 1508.5094641447067 688.17333462834358 778.87826476991177 210.1079857647419 54.928522169589996 228.6851312071085 141.93612349033356
leaf_count=1847 19319 2808 6336 2339 931 282 3430 111 576 376 1618 480 1045 18746 268 7297 3078 3964 1319 247 1166 611
internal_value=0.000140801 -0.00270448 -0.00468641 -0.00714785 0.00164961 -0.0092646 0 0.00496964 0.0166218 0.0109759 0.00393872 -0.00217651 -0.0111656 -0.0124299 -0.00362324 0.0047645 0.0170656 0.00171486 -0.00126361 0.0123425 -0.00595763 0.0157625
internal_weight=14447.6 9071.9 7184.91 5205.92 996.282 4209.64 706.558 5375.66 342.124 1349.77 637.303 411.912 3503.08 3093.37 565.101 1886.99 712.472 1978.99 409.717 118.556 654.157 225.39
internal_count=78194 52601 43457 33157 5012 28145 3712 25593 1507 6274 3085 2098 24433 22069 3323 9144 3189 10300 2364 515 3505 987
is_linear=0
shrinkage=0.0239494


Tree=48
num_leaves=23
num_cat=0
split_feature=31 13 12 30 29 43 27 21 13 21 28 3 35 12 3 27 27 5 1 27 23 28
split_gain=281.218 262.9 193.602 220.906 125.407 88.2484 86.8564 70.9831 69.1397 63.3889 62.4923 58.6485 53.3136 44.5141 42.8272 41.1126 37.4388 36.1987 34.5523 34.0284 47.4305 49.176
threshold=0.021185000000000006 -0.29289999999999994 -0.11095999999999999 0.013425000000000001 0.013475000000000003 0.015659784221494676 0.012175000000000002 15.010000000000002 0.18090500000000001 12.795000000000002 -0.011244999999999998 0.99856600112987548 5.0000000000000009 -0.090919999999999987 0.78571318990092653 -0.013144999999999999 0.06356500000000001 -0.4064874649047851 -0.010021247531670047 -0.009474999999999999 63.445000000000007 0.018745000000000001
decision_type=2 2 2 2 2 2 2 2 2 2 2 2 2 2 2 2 2 2 2 2 2 2
left_child=1 9 12 4 6 11 8 10 17 -1 18 -2 -3 -13 -8 -12 19 -4 -5 -7 -21 -22
right_child=5 2 3 7 -6 16 14 -9 -10 -11 15 13 -14 -15 -16 -17 -18 -19 -20 20 21 -23
leaf_value=-0.0022086830741709384 0.0036353625100633809 0.0078904791596955404 -0.011282582139556413 0.020386026956868995 0.0027540836640279022 0.006639351868368463 0.0040602565045940687 0.0080477195661616992 -0.0031122584831447266 0.0077315603225458079 0.013297813011495598 0 -0.00084029170807327087 0.017315873462921901 -0.0088763092088711484 -0.0077588748459077855 0.01834991689624128 -0.018719095193517703 -0.0078715164411485104 0.0035782381648131814 -0.0074948710160927332 0.0017398332770107655
leaf_weight=461.31217759847641 504.11747233569622 525.74848305433989 712.79828983545303 88.195292681455612 333.25426608324051 920.36333627253771 217.0716980099678 485.4878037571907 295.6774034127593 1488.5751228034496 52.899894714355469 102.21945738792419 1609.1302201449871 597.07535540312529 390.84371351450682 688.76617678999901 90.646354079246521 1301.8382663056254 25.753399655222893 2154.4596894457936 570.11298805475235 746.2373368293047
leaf_count=2234 2430 2653 5009 397 1669 4507 1246 2405 1761 7149 243 479 8155 2764 2396 3720 395 10325 117 10829 3377 3616
internal_value=0.000298421 -0.00240323 -0.00465907 -0.00743373 -0.0108098 0.00444762 -0.0124088 0.00064255 -0.0145538 0.00530496 -0.00338857 0.0102534 0.0012414 0.0148155 -0.00401676 -0.00606008 0.00285612 -0.0161605 0.012718 0.00250303 0.00136411 -0.00214879
internal_weight=14362.6 8677.35 6727.46 4592.59 3251.48 5685.23 2918.23 1341.1 2310.31 1949.89 855.615 1203.41 2134.88 699.295 607.915 741.666 4481.82 2014.64 113.949 4391.17 3470.81 1316.35
internal_count=77876 49479 40096 29288 22406 28397 20737 6882 17095 9383 4477 5673 10808 3243 3642 3963 22724 15334 514 22329 17822 6993
is_linear=0
shrinkage=0.0239494


Tree=49
num_leaves=23
num_cat=0
split_feature=27 37 28 43 37 36 45 31 12 37 27 13 37 13 28 45 15 44 23 37 28 37
split_gain=280.12 407.632 334.25 181.804 120.834 161.235 119.622 105.628 103.97 145.782 211.897 111.04 90.7185 59.3964 54.8528 53.6806 47.6963 47.1656 40.0702 38.4166 42.7553 37.7067
threshold=0.020365000000000005 -0.56144999999999989 0.016015000000000005 0.65282931957713497 -0.039649999999999998 0.99990000000000012 2.0421 0.043955000000000008 -0.10106499999999997 0.45715000000000006 0.013075000000000002 -0.38651999999999992 -0.36754999999999993 -0.07051499999999998 0.022365000000000006 2.2522000000000006 0.99925000000000008 0.23435000000000003 -4.6099999999999985 0.48305000000000003 0.023285000000000004 0.25755000000000006
decision_type=2 2 2 2 2 2 2 2 2 2 2 2 2 2 2 2 2 2 2 2 2 2
left_child=1 2 18 6 -2 -6 7 8 19 11 13 -10 -13 -11 -5 -8 -4 -12 -1 20 -3 -7
right_child=4 3 16 14 5 21 15 -9 9 10 17 12 -14 -15 -16 -17 -18 -19 -20 -21 -22 -23
leaf_value=-0.0085943126307802351 0.0027954123483693873 -0.00023692856098349828 0 -0.016511870743395326 0.0062769726744111897 0.010790689796378193 0.0015624044577784095 0.0023608929279739909 0.0030141337601265754 0.002772832459783547 0.023586938680584039 8.5149580696468701e-05 -0.012431649238245778 -0.012439345908310986 0.0033038153619218435 0.019078064076801432 0.036017609692282862 0.0018433837730111229 0.0061864102773099353 -0.0054923784902807431 0.010001103371867239 0.031205626568769705
leaf_weight=122.99611278623343 1961.5924864709377 794.13957286626101 20.548070177435875 691.73975944519043 756.20657554268837 95.583929598331451 2300.1932748407125 1301.0974056795239 351.51397876441479 212.899139277637 217.24826936423779 353.50641614943743 2639.0908753275871 395.42897594720125 77.129367455840111 107.40922030806541 291.69574527442455 98.444861315190792 554.34455216675997 490.17338725924492 317.1956090927124 262.7826818972826
leaf_count=707 9200 4298 88 5195 3447 478 11321 6528 1768 1142 979 1987 18173 2362 378 491 1303 435 2727 2492 1559 1164
internal_value=4.97008e-05 -0.00167928 0.0129772 -0.0030951 0.00646909 0.0128036 -0.00217768 -0.00373653 -0.00511299 -0.0070657 0.00121555 -0.00939758 -0.0109043 -0.00687542 -0.0143341 0.00240448 0.0335303 0.0172691 0.00328682 0 0.00255379 0.0261681
internal_weight=14413 11336.8 989.584 10347.2 3076.17 1114.57 9578.34 7170.74 5869.64 4268.13 924.021 3344.11 2992.6 608.328 768.869 2407.6 312.244 315.693 677.341 1601.51 1111.34 358.367
internal_count=78222 63933 4825 59108 14289 5089 53535 41723 35195 26846 4918 21928 20160 3504 5573 11812 1391 1414 3434 8349 5857 1642
is_linear=0
shrinkage=0.0239494


Tree=50
num_leaves=23
num_cat=0
split_feature=27 27 28 43 7 12 8 30 44 0 7 30 33 13 28 27 31 42 8 13 13 27
split_gain=269.961 312.573 184.971 137.602 104.098 91.8337 76.2888 155.537 124.208 96.1627 66.0636 64.9472 61.8281 55.9772 51.8663 46.9117 45.7423 45.512 41.3684 41.2924 63.5906 37.1325
threshold=0.017225000000000001 -0.0099549999999999986 0.021035000000000002 0.59191120146656118 71.396541477566032 0.17616000000000001 1.0000000180025095e-35 0.0084550000000000024 0.027816610000000002 0.31048430500000007 25.845839302318627 0.017305000000000004 0.14055000000000004 0.21172500000000002 -0.013764999999999998 0.06356500000000001 0.040285000000000008 -1.0000000180025095e-35 0.020505846000000005 0.11731000000000001 -0.24839499999999998 0.010865000000000001
decision_type=2 2 2 2 2 2 2 2 2 2 2 2 2 2 2 2 2 2 2 2 2 2
left_child=1 4 3 5 -1 6 7 12 19 -9 14 -6 21 -13 -2 -12 -5 -11 -16 20 -8 -3
right_child=10 2 -4 16 11 -7 8 9 -10 17 15 13 -14 -15 18 -17 -18 -19 -20 -21 -22 -23
leaf_value=0.0019681132611050547 0.022674301896300965 -0.012181751945227791 0.0017389937500523309 -0.018235566665361077 0.00060776221788630576 0.0067287651472225235 0.002411342471837415 -0.00593091280720016 -0.014805160367091714 -0.0037775143719251027 0.003163741936437728 0.023676342067708897 0.0031693528784221161 0.005968342201050871 0 0.014420681206497811 -0.0024007123070597463 0.016515354210532837 0.016625814915612339 0.00075366352303453811 -0.012492611614490697 -0.0014235685192468994
leaf_weight=2097.4452312365174 213.7867030352354 839.56045366823673 1930.5417016595602 714.24259240180254 206.05416860431433 334.86407957971096 224.10231094062328 210.80493231117725 1134.1298603564501 62.622712582349777 3126.6848949193954 315.96311274170876 248.20056633651257 189.35156887769699 192.79550087451935 238.40859389305115 148.30233754217625 382.7285368219018 137.92691941559315 581.93269767612219 492.6734629496932 276.84580743312836
leaf_count=10487 972 5942 9603 5655 1177 1709 1139 1308 7784 324 14740 1418 1385 883 935 1055 829 2089 603 3055 2870 1730
internal_value=-3.43779e-05 -0.00206301 -0.00460114 -0.00679295 0.00473593 -0.00516121 -0.00608801 -0.00254694 -0.00896926 0.00692213 0.00531967 0.0126914 -0.00720705 0.0173298 0.0131782 0.00400467 -0.0156823 0.013334 0.00659808 -0.00376046 -0.0076291 -0.00964476
internal_weight=14300 10390.4 7581.55 5651.01 2808.81 4788.47 4453.6 2020.76 2432.84 656.156 3909.6 711.369 1364.61 505.315 544.509 3365.09 862.545 445.351 330.722 1298.71 716.776 1116.41
internal_count=77692 59387 45422 35819 13965 29335 27626 12778 14848 3721 18305 3478 9057 2301 2510 15795 6484 2413 1538 7064 4009 7672
is_linear=0
shrinkage=0.0239494


Tree=51
num_leaves=23
num_cat=0
split_feature=31 13 12 0 37 7 27 28 27 37 8 7 28 37 36 37 12 35 37 36 37 30
split_gain=237.425 175.874 169.184 179.004 126.697 236.65 223.009 118.343 90.2804 89.975 83.4992 80.9599 86.0306 89.5032 74.1111 72.5922 102.362 73.0341 71.5582 70.5505 65.318 64.7985
threshold=0.015475000000000001 -0.29289999999999994 -0.11095999999999999 0.32945545000000004 -0.39034999999999992 66.046726364629805 0.020975000000000004 0.016015000000000005 0.013075000000000002 0.33755000000000007 0.010159194500000001 70.764203898901243 0.021505000000000003 0.18945000000000004 0.99990000000000012 0.15885000000000002 0.058110000000000002 3.5000000000000004 -0.03404999999999999 0.49260000000000009 0.48305000000000003 0.017065
decision_type=2 2 2 2 2 2 2 2 2 2 2 2 2 2 2 2 2 2 2 2 2 2
left_child=1 -1 20 8 5 -2 11 10 -4 -10 -7 15 -13 -14 -8 19 17 -17 -16 -6 -3 -5
right_child=4 2 3 21 6 7 14 -9 9 -11 -12 12 13 -15 18 16 -18 -19 -20 -21 -22 -23
leaf_value=0.0038154207846303476 0.0024676693136032059 0.0040375891927375051 -0.014322002629813244 -0.0047061673314404808 0.00023445024921382981 0.02584328105055686 0.0076706935772513918 0.033496104781408735 -0.0079551917318685782 0.020415635212059295 -0.0045412027773242625 -0.012228682125278193 0.022785806324990519 -0.00368528644855511 0 0.011323317046117517 0.014596524836751626 -0.0012160866280023336 0.029321619113888576 -0.013364599303813547 -0.004958841106681813 0.0051635701098343952
leaf_weight=1875.6608480662107 869.41194772720337 1379.5036180019379 1793.3444269225001 1394.490691408515 677.24298979341984 88.864986352622509 690.4363000690937 289.07685467600822 254.65286492556334 85.286972030997276 109.87841461598873 604.19640440493822 90.996610894799232 360.0818946659565 60.53269074857235 329.89825747162104 417.47964909672737 1324.4115500226617 217.51804201304913 309.78643853962421 688.45410169661045 513.89808259904385
leaf_count=8992 4083 7032 13670 8452 3427 448 3138 1303 1434 401 565 3843 425 1737 287 1663 2096 6762 992 2012 3438 2398
internal_value=0.000191372 -0.00255716 -0.00453745 -0.0073925 0.00362219 0.0101471 0.00185106 0.0235344 -0.0121732 -0.000407655 0.00831 -0.000549026 -0.00629418 0.00133104 0.0121973 0.00138528 0.00396696 0.00119622 0.0229123 -0.00388576 0.000971924 -0.00197188
internal_weight=14425.1 7985.29 6109.63 4041.67 6439.81 1357.23 5082.58 487.82 2133.28 339.94 198.743 4114.09 1055.27 451.079 968.487 3058.82 2071.79 1654.31 278.051 987.029 2067.96 1908.39
internal_count=78598 45817 36825 26355 32781 6399 26382 2316 15505 1835 1013 21965 6005 2162 4417 15960 10521 8425 1279 5439 10470 10850
is_linear=0
shrinkage=0.0239494


Tree=52
num_leaves=23
num_cat=0
split_feature=27 37 16 36 27 37 15 37 36 12 8 37 2 12 30 26 27 8 2 13 1 27
split_gain=227.747 349.669 252.984 238.121 207.221 228.782 147.806 142.976 143.953 96.9761 95.6792 85.0578 76.5077 72.4001 66.8937 58.4698 71.6742 75.1823 52.5255 50.8271 64.9477 50.7499
threshold=0.020365000000000005 -0.38284999999999997 1.0154500000000002 0.88885000000000014 0.011205000000000001 0.21045000000000003 0.99975000000000014 -0.027949999999999999 0.99990000000000012 -0.0031049999999999997 0.0047780572500000012 -0.26494999999999996 0.80242033865222284 -0.18106499999999995 -0.058484999999999988 0.36055000000000004 -0.0096449999999999991 0.010379046000000001 0.47047198325970702 0.71421000000000012 0.16545901214170325 -0.0040249999999999991
decision_type=2 2 2 2 2 2 2 2 2 2 2 2 2 2 2 2 2 2 2 2 2 2
left_child=1 2 9 14 11 6 -6 -2 -9 18 -7 12 -5 -13 -3 -4 -17 -18 -1 20 -16 -15
right_child=7 3 15 4 5 10 -8 8 -10 -11 -12 13 -14 21 19 16 17 -19 -20 -21 -22 -23
leaf_value=-0.00054414396069217476 0.0017095014094364123 0.0059200457242863996 0.0059882145173985749 -0.0061180413649812547 -0.016920211353600171 0.020777009475532186 0.045256442121547578 0.0064078658363648511 0.025368470977448661 -0.010194966107855004 0.00016704502181894465 0.0079952699036792783 0.025725949507511826 -0.018109987814580938 -0.0011292904569082344 0.030188046629522326 0.02753170808892352 -0.0043736298202285235 0.012298138444256344 0.0035661072909856225 -0.0081944616181370208 -0.010209367917603464
leaf_weight=337.61913910508156 2018.648531973362 765.94140899181366 161.65699549019337 180.18011522293091 366.99174117296934 280.38833873718977 22.198579519987106 761.21495005488396 350.04346635937691 316.21590152382851 266.62539736926556 76.600636497139931 56.374756418168545 1155.9905171245337 3605.5661351829767 348.02747678756714 72.648925557732582 86.957889392971992 351.5512782111764 884.6693592518568 965.74740070849657 992.9960315823555
leaf_count=1823 9434 3623 754 1357 2627 1376 97 3449 1614 1886 1394 430 292 8596 18670 1570 356 446 1675 4358 5075 7731
internal_value=-0.000114277 -0.00170831 0.00836584 -0.00347718 -0.00857921 0.00086658 -0.0129985 0.00559148 0.0125118 0.000620489 0.0109983 -0.0122302 0.000853602 -0.0136865 -0.000667035 0.0197824 0.0238875 0.00923396 0.00579491 -0.00161853 -0.00265384 -0.0145273
internal_weight=14424.9 11294.9 1674.68 9620.27 3398.35 936.204 389.19 3129.91 1111.26 1005.39 547.014 2462.14 236.555 2225.59 6221.92 669.291 507.634 159.607 689.17 5455.98 4571.31 2148.99
internal_count=78633 64136 8510 55626 23900 5494 2724 14497 5063 5384 2770 18406 1649 16757 31726 3126 2372 802 3498 28103 23745 16327
is_linear=0
shrinkage=0.0239494


Tree=53
num_leaves=23
num_cat=0
split_feature=30 36 27 37 36 5 8 37 28 13 29 29 7 27 37 8 12 6 6 12 8 28
split_gain=245.814 223.403 125.595 129.297 107.665 105.919 101.355 99.5555 128.934 77.4665 69.1023 76.1785 66.389 58.9957 97.3276 76.665 71.4477 52.8782 56.6017 52.2492 48.4986 46.1168
threshold=0.018775000000000003 0.96765000000000001 0.015215000000000001 0.26265000000000005 0.99990000000000012 -2.5942014455795284 0.026051760000000004 -0.31714999999999993 0.011075000000000002 -1.0708399999999998 -1.0000000180025095e-35 1.0000000180025095e-35 83.487897612836733 0.0083650000000000026 0.12405000000000001 0.00024151802000000003 -0.33173499999999995 -0.0013157357064589499 -0.030530794830498045 -0.069644999999999985 0.0084223150000000014 0.088350000000000012
decision_type=2 2 2 2 2 2 2 2 2 2 2 2 2 2 2 2 2 2 2 2 2 2
left_child=1 9 7 -4 21 10 -7 8 19 -1 -6 -12 17 16 -15 -16 -9 18 -11 -3 -10 -2
right_child=4 2 3 -5 5 6 -8 13 20 12 11 -13 -14 14 15 -17 -18 -19 -20 -21 -22 -23
leaf_value=0.01001683603826419 0.0015896415000390075 0.0099649201663836989 -0.0070931753598036324 0.01576700424657182 -0.010339857386192919 0 0.015841376959355745 0.042823062959079825 0.023413498055787581 -0.00077299004632394109 0.026582987893895238 -0.0060773274269902674 -0.019156250115709695 -0.017495526067789195 0.0096863287293921727 -0.010344596137868051 -0.015032579956030908 0.0022524887691108553 -0.010697553012662472 -0.015745402450002225 0 0.018802694857480436
leaf_weight=449.5732439905405 4012.2274003177881 49.583870947360992 323.17420448362827 248.23615163564682 33.057622149586678 655.44057872891426 343.61610792577267 11.053624257445334 130.48374880850315 1793.4276408478618 347.63071270287037 38.455708339810371 105.33019225299358 254.91570396721363 254.3818843960762 190.42706614732742 1485.7685506343842 2788.069176107645 415.78782975673676 222.99590660631657 76.696659483015537 93.368230879306793
leaf_count=2058 19225 320 1911 1077 165 3210 1553 67 640 8899 1579 195 764 2231 1633 1436 12286 14129 2263 1735 391 411
internal_value=5.69192e-05 -0.00241843 -0.00741053 0.00258234 0.00402681 0.00974304 0.00530307 -0.00959865 0 0.000475373 0.0199775 0.0229516 -0.000336672 -0.0117581 -0.0056676 0.000782579 -0.0145077 3.07769e-05 -0.00270696 -0.0105328 0.0145255 0.00201667
internal_weight=14323.7 8799.91 3247.72 571.41 5523.8 1418.2 999.057 2676.31 479.76 5552.19 419.144 386.086 5102.61 2196.55 699.725 444.809 1496.82 4997.28 2209.22 272.58 207.18 4105.6
internal_count=78178 51840 23727 2988 26338 6702 4763 20739 3086 28113 1939 1774 26055 17653 5300 3069 12353 25291 11162 2055 1031 19636
is_linear=0
shrinkage=0.0239494


Tree=54
num_leaves=23
num_cat=0
split_feature=27 37 28 28 13 37 37 12 13 13 12 44 12 37 15 37 28 21 35 37 27 37
split_gain=205.555 412.751 312.788 169.55 199.15 181.273 159.487 243.783 126.418 120.881 93.6892 87.8046 80.8856 88.529 134.386 76.7043 66.7672 63.4203 68.9414 56.7166 52.1662 50.4759
threshold=0.015025000000000002 -0.48944999999999994 0.016015000000000005 0.020735000000000003 -0.29289999999999994 -0.089549999999999977 0.23625000000000004 0.026505000000000004 0.037205000000000009 0.19738000000000003 0.11812000000000002 0.10352822500000002 -0.12119499999999998 0.28865000000000007 -0.99934999999999985 -0.27254999999999996 0.0070250000000000009 12.345000000000001 5.0000000000000009 0.40995000000000004 0.024045 0.48305000000000003
decision_type=2 2 2 2 2 2 2 2 2 2 2 2 2 2 2 2 2 2 2 2 2 2
left_child=1 2 -1 4 -3 -5 8 -8 11 10 12 17 -6 15 -15 -14 -13 -2 -19 20 -9 -7
right_child=6 3 -4 5 9 21 7 19 -10 -11 -12 16 13 14 -16 -17 -18 18 -20 -21 -22 -23
leaf_value=0.0032861321726651662 -0.0073620095679004143 0.0049801629218274215 0.031287576606706301 0.023676629725200866 -0.0024760394083213773 0.0029789844622525371 0.0011609539410252136 -0.00062858949745528425 0.037139210950880325 -0.0014237567892540015 0.0011193337057808968 -0.014773500225001377 -0.0061417508232999825 0.0073252336430785579 -0.012992976424211596 -0.01795848927742907 0.0081961580665925148 -0.0039410342601529187 0.0058733030830553741 0.024963674317380256 0.030610527320555546 -0.0037575091003067269
leaf_weight=799.95626394450665 347.28334671258926 790.66779410839081 328.95044879615307 189.76453333348036 549.0404089987278 1191.6564238891006 747.24496945738792 108.05510984361172 54.755994081497192 1308.3229713141918 368.51971329003572 333.01040977239609 441.24564082920551 277.80780182033777 532.07109648734331 1634.694949619472 83.974084690213203 519.66972388327122 1731.1816467791796 531.77792961895466 38.762556523084641 1355.9617181122303
leaf_count=4119 1674 3912 1494 857 3011 5935 3425 499 228 7044 2061 1819 2978 1652 3768 13256 380 2465 8214 2325 167 6745
internal_value=-5.17049e-05 -0.00201216 0.0115748 -0.00380439 -0.00609296 0.0010769 0.00417564 0.0108058 0.00104862 -0.0078343 -0.0100011 0.000344752 -0.0112367 -0.0128528 -0.00584303 -0.0155172 -0.00979755 0.00202874 0.00354252 0.0212111 0.00662456 -0.00054917
internal_weight=14264.4 9768.66 1128.91 8639.75 5902.37 2737.38 4495.72 1425.84 3069.88 5111.7 3803.38 3015.12 3434.86 2885.82 809.879 2075.94 416.984 2598.13 2250.85 678.596 146.818 2547.62
internal_count=78028 56832 5613 51219 37682 13537 21196 6416 14780 33770 26726 14552 24665 21654 5420 16234 2199 12353 10679 2991 666 12680
is_linear=0
shrinkage=0.0239494


Tree=55
num_leaves=23
num_cat=0
split_feature=30 7 30 44 29 13 13 37 37 15 28 28 37 30 27 37 12 37 28 6 23 33
split_gain=210.606 202.261 131.194 101.34 101.26 80.6949 102.14 96.4758 126.103 185.683 125.071 68.7453 106.282 62.885 61.4756 58.076 56.3338 55.3149 138.857 45.489 42.2223 41.8512
threshold=0.020015000000000002 85.410700010154414 -0.074044999999999986 0.29015000000000007 0.016405000000000006 0.19377500000000003 -0.13747499999999999 -0.35874999999999996 0.22555000000000003 -0.99934999999999985 0.010275000000000001 -0.010084999999999998 0.41655000000000003 0.015365000000000002 0.0078850000000000014 0.28865000000000007 -0.12887999999999997 0.29945000000000005 0.021255000000000007 0.31167799658726669 -41.574999999999996 -0.05874999999999999
decision_type=2 2 2 2 2 2 2 2 2 2 2 2 2 2 2 2 2 2 2 2 2 2
left_child=1 2 -1 11 5 6 15 10 16 -10 -8 12 -2 -3 -14 20 -9 18 -13 -19 -4 -12
right_child=3 13 4 -5 -6 -7 7 8 9 -11 21 17 14 -15 -16 -17 -18 19 -20 -21 -22 -23
leaf_value=0.0069965538402737759 0.0023795077654354519 -0.017350481504827549 -0.0011365486442222825 0.014352188515582755 0.0031254492337480918 0.0019444548735392229 -0.0076477525971061569 -0.00070436689895303885 0.010494184640091796 -0.01009055528867657 0 0.00046502970503659106 0.0030225659462028613 0.0022710622751551507 0.029723591255075295 0.0071837409685705433 -0.016465525100350837 -0.0030543989615053535 0.014321830935997006 0.0080473616666306754 -0.014713606223656979 0.025598897682878201
leaf_weight=988.98847448080778 482.90614327788353 614.67532707005739 1024.3420823663473 480.48927028477192 1534.5883649140596 1106.3454282209277 266.6177781894803 167.96644718199968 357.45218087732792 817.93370692431927 47.978679306805134 1679.6502243876457 86.001908347010612 95.423434980213642 180.15500636398792 432.13842388987541 1190.7823487445712 1618.487268730998 561.51382161676884 238.57993669807911 156.99852775037289 125.77718658745289
leaf_count=4610 2217 5059 5642 2210 7405 5879 1697 962 2037 5261 252 8188 399 539 783 2183 9508 7947 2548 1128 1050 592
internal_value=1.10913e-05 -0.00222731 -0.00114838 0.0037895 -0.00228289 -0.00376605 -0.0051749 -0.00780851 -0.00961805 -0.00370618 0.00227289 0.00271234 0.00941973 -0.0145081 0.0216445 -0.000229235 -0.0146246 0.00145074 0.00400196 -0.0015495 -0.00306455 0.0183359
internal_weight=14255.8 8928.01 8217.91 5327.78 7228.92 5694.33 4587.99 2974.51 2534.13 1175.39 440.374 4847.29 749.063 710.099 266.157 1613.48 1358.75 4098.23 2241.16 1857.07 1181.34 173.756
internal_count=78096 52676 47078 25420 42468 35063 29184 20309 17768 7298 2541 23210 3399 5598 1182 8875 10470 19811 10736 9075 6692 844
is_linear=0
shrinkage=0.0239494


Tree=56
num_leaves=23
num_cat=0
split_feature=31 13 12 30 37 5 43 28 27 28 37 37 37 23 27 27 28 37 12 13 23 37
split_gain=231.056 181.89 177.509 164.332 105.94 110.843 93.3725 91.5793 66.1569 84.6385 90.47 60.6961 51.358 131.633 64.5416 50.4507 46.7861 45.4205 44.6354 48.7981 42.528 67.944
threshold=0.021185000000000006 -0.28343999999999997 -0.11095999999999999 0.016255000000000002 0.44405000000000006 8.1686091423034686 0.010725460130083268 -0.008624999999999999 -0.011284999999999998 -0.012514999999999998 0.39165000000000005 -0.39784999999999993 -0.53524999999999989 59.635000000000012 0.038595000000000011 0.012175000000000002 0.016015000000000005 0.48965000000000009 0.094945000000000015 0.20676000000000003 67.165000000000006 -0.29394999999999993
decision_type=2 2 2 2 2 2 2 2 2 2 2 2 2 2 2 2 2 2 2 2 2 2
left_child=1 -1 17 4 5 18 -2 15 11 10 -10 -5 13 -8 20 -6 -15 -3 19 -4 -14 -22
right_child=6 2 3 8 7 -7 12 -9 9 -11 -12 -13 14 16 -16 -17 -18 -19 -20 -21 21 -23
leaf_value=0.0038853740559574284 0.0098660627611238203 0.0037105096174904506 -0.015612558159942405 0.030678071250335493 -0.00069437962767024647 0.0016921497557926678 0.0003972703760951133 -0.0079493182291502477 -0.0058358309243207425 -0.004439843543756406 0.034510861224827806 0 0.0022945655193338192 0.0089037751385863239 0.015622531385437679 0.019776747843561367 0.033972492366806668 -0.0036287384125795702 -0.0032160757378280318 -0.0019941476646529103 0.010605023102423766 -0.0053689917692656755
leaf_weight=1977.5150530487299 1166.486978136003 1437.4483004361391 2009.0245996490121 78.072929620742798 108.42565596103668 297.09985744953156 425.80687027424574 410.98916058242321 47.607918724417686 712.31269777566195 72.093827754259109 75.090509027242661 2441.3502475395799 95.264867842197418 168.64865396916866 142.78655046224594 122.26163034141064 713.72598289698362 258.87986212968826 190.14221522212029 172.48649414628744 1100.8492907509208
leaf_count=9477 5541 7324 16119 346 549 1629 1977 2601 224 3639 318 351 12396 442 738 652 564 3564 1608 1140 861 6020
internal_value=4.13243e-05 -0.00244177 -0.00437321 -0.00713328 -0.00962314 -0.0116949 0.0037879 -0.000783008 0.00135524 -0.00114463 0.0172442 0.0158884 0.00218934 0.00849172 0.00110765 0.0103599 0.0236652 0.00120757 -0.0133723 -0.0145015 0.000409353 -0.00309045
internal_weight=14224.4 8531.22 6553.7 4402.53 3417.35 2755.15 5693.16 662.201 985.178 832.014 119.702 153.163 4526.67 643.333 3883.33 251.212 217.526 2151.17 2458.05 2199.17 3714.69 1273.34
internal_count=78080 49541 40064 29176 24298 20496 28539 3802 4878 4181 542 697 22998 2983 20015 1201 1006 10888 18867 17259 19277 6881
is_linear=0
shrinkage=0.0239494


Tree=57
num_leaves=23
num_cat=0
split_feature=0 29 5 13 12 30 12 23 13 29 29 29 30 28 28 36 36 1 35 23 5 13
split_gain=178.701 171.228 128.979 125.253 118.906 83.6876 88.3214 69.5925 65.9599 58.0703 94.0929 56.6831 49.9867 49.6862 42.5806 42.2102 40.8519 39.6057 35.3973 33.3379 31.9934 26.2671
threshold=0.89455020000000018 0.018775000000000003 -2.2999250888824458 -0.25616499999999992 -0.12606999999999999 0.016805000000000004 0.051895000000000004 84.705000000000013 0.15017500000000003 -1.0000000180025095e-35 0.00043500000000000006 -0.048459999999999996 0.014585000000000002 -0.0053649999999999991 -0.011034999999999998 0.9436500000000001 0.99990000000000012 -0.41794735357223628 5.0000000000000009 -27.874999999999996 7.38586449623108 0.083600000000000022
decision_type=2 2 2 2 2 2 2 2 2 2 2 2 2 2 2 2 2 2 2 2 2 2
left_child=1 2 9 18 -5 6 8 13 14 11 12 -1 21 19 -6 17 -13 -3 -4 -2 -17 -11
right_child=7 15 3 4 5 -7 -8 -9 -10 10 -12 16 -14 -15 -16 20 -18 -19 -20 -21 -22 -23
leaf_value=0.0085636395838792068 0.0064732273986278588 0.011212285265998113 -0.0062130786196810768 0.0012908894101340263 0 -0.0019668749049040726 -0.0023918331538397967 0.022623758666274037 -0.0047326545314445734 0.0079521683923949246 -0.0024087941549687897 -0.0014798296602906618 0.018178920531109255 0.0018912640634815442 -0.015296479870697849 0.0017397686047380698 -0.015094122623160573 0.001548563788916477 0.0052690393767828997 0.01789030347518724 0.0161824259349715 -0.011409233383075533
leaf_weight=282.95597568154335 678.13477934896946 279.66437393426895 178.60177810490131 998.74613279104233 122.1950653269887 1119.8111798092723 760.07279901951551 145.62649765610695 597.77140734344721 153.37495982646942 374.44753117859364 1059.8748925104737 363.36916565895081 1250.2186628580093 1701.0360710024834 169.91442827880383 150.13493426144123 2472.7548728138208 830.37488278746605 222.81063428521156 260.85973025858402 50.537262253463268
leaf_count=1309 3073 1275 916 5226 749 5772 5204 693 3842 944 1957 5361 1673 5884 13876 808 1015 11794 4177 1045 1177 357
internal_value=0.000175556 -0.000991918 -0.00273308 -0.00454702 -0.00602891 -0.00776266 -0.009757 0.00630146 -0.012009 0.00190711 0.00658441 -0.000945408 0.012778 0.0051286 -0.0143145 0.00374466 -0.00328976 0.00258352 0.00309182 0.00945886 0.0108247 0.00243748
internal_weight=14223.3 11926.5 8743.3 6308.61 5299.63 4300.89 3181.08 2296.79 2421 2434.69 941.729 1492.97 567.281 2151.16 1823.23 3183.19 1210.01 2752.42 1008.98 900.945 430.774 203.912
internal_count=78127 67432 52378 39762 34669 29443 23671 10695 18467 12616 4931 7685 2974 10002 14625 15054 6376 13069 5093 4118 1985 1301
is_linear=0
shrinkage=0.0239494


Tree=58
num_leaves=23
num_cat=0
split_feature=27 37 28 36 37 7 27 37 23 12 37 37 28 23 8 12 8 28 3 45 27 0
split_gain=227.628 314.66 370.623 190.269 135.026 149.757 93.2786 110.439 116.127 91.1346 84.3566 82.0134 76.4977 73.9139 69.1295 62.2873 61.9154 72.1984 56.2122 54.2378 47.527 44.2425
threshold=0.018305000000000005 -0.38284999999999997 0.016195000000000005 0.99215000000000009 -0.017849999999999994 37.475117795548691 0.010865000000000001 0.18415000000000004 56.365000000000002 -0.17658999999999997 -0.24984999999999999 0.29415000000000008 0.0087750000000000015 15.800000000000002 0.0050251782000000009 0.10568500000000002 1.0000000180025095e-35 0.013395000000000002 0.82424974212811797 2.2522000000000006 -0.013144999999999999 0.39851015500000003
decision_type=2 2 2 2 2 2 2 2 2 2 2 2 2 2 2 2 2 2 2 2 2 2
left_child=1 2 13 19 -2 11 9 8 -8 -5 12 -6 -11 -1 -9 -12 17 -15 -4 -3 -14 -22
right_child=4 3 18 6 5 -7 7 14 -10 10 15 -13 20 16 -16 -17 -18 -19 -20 -21 21 -23
leaf_value=-0.010566878771750278 0.0012234217761098855 -0.0015996072942585306 0.0028780989025232384 0.014085608266206622 0.0023903423210090546 0.0055490394439811474 -0.016456730718577017 0.014637781236761221 0.044921793345573752 -0.017024428834348411 -0.014563803976002803 0.029432332897389928 0.038681341727250122 0.0051321891323475926 -0.0034506093722328985 0.0078605104099450721 -0.0033120601727725327 0.029664376108138737 0.031428561694900103 0.015147356082238491 0.017109027363673687 -0.0088563136802107308
leaf_weight=247.82815538346767 2221.1099527180195 5847.5776337012649 57.715142503380775 74.419202372431755 96.911663293838501 959.96134951710701 292.39987000077963 248.90300508588552 17.704446226358414 91.066062368452549 1878.7272544056177 305.14025072753429 28.853491812944412 483.42735583335161 216.43731369823217 65.236024141311646 365.25872754305601 86.210062146186829 343.29001285135746 111.68830908834934 73.080198287963867 70.894664347171783
leaf_count=1569 10428 30041 241 418 475 4367 2289 1275 78 807 15012 1385 132 2442 1214 487 1924 357 1589 506 541 449
internal_value=-0.000268186 -0.00204184 0.00777353 -0.00378199 0.00493843 0.0108895 -0.008647 -0.00125607 -0.0124815 -0.0110942 -0.0120091 0.0232773 0.000159904 0.000899499 0.00591076 -0.0137362 0.00409529 0.00910134 0.0276836 -0.00126123 0.0100596 0.00330914
internal_weight=14183.8 10600.7 1583.73 9016.99 3583.12 1362.01 3057.72 775.445 310.104 2282.28 2207.86 402.052 263.894 1182.72 465.34 1943.96 934.896 569.637 401.005 5959.27 172.828 143.975
internal_count=78026 61371 8122 53249 16655 6227 22702 4856 2367 17846 17428 1860 1929 6292 2489 15499 4723 2799 1830 30547 1122 990
is_linear=0
shrinkage=0.0239494


Tree=59
num_leaves=23
num_cat=0
split_feature=27 37 28 43 31 31 37 28 28 37 26 37 28 13 27 13 37 13 37 1 39 21
split_gain=190.027 273.335 307.07 138.605 105.08 92.2313 81.1967 117.255 114.247 80.1891 128.699 124.539 91.4675 74.909 69.2033 63.4662 58.6882 57.7067 54.9508 47.5556 40.5509 37.1822
threshold=0.020365000000000005 -0.52374999999999994 0.016015000000000005 0.65282931957713497 0.043955000000000008 -0.064689999999999984 0.55325000000000013 -0.0081349999999999981 0.022945000000000004 -0.039649999999999998 0.99990000000000012 0.40995000000000004 0.0065550000000000009 0.15918000000000002 0.013255000000000001 -0.34483499999999995 -0.063349999999999976 0.19377500000000003 0.71255000000000013 0.68639757843944638 0.28495000000000004 12.720000000000002
decision_type=2 2 2 2 2 2 2 2 2 2 2 2 2 2 2 2 2 2 2 2 2 2
left_child=1 2 17 4 5 -3 8 14 13 21 11 12 -11 15 -8 -7 -10 -1 -12 -5 -16 -2
right_child=9 3 -4 19 -6 6 7 -9 16 10 18 -13 -14 -15 20 -17 -18 -19 -20 -21 -22 -23
leaf_value=-0.0029513259048536953 -0.0055763687938647655 0.0028842909916156497 0.030960150888514903 -0.014634812409617073 0.0026582770507593218 0.00055105385038233131 0.0013547873137334805 -0.0042841258217039893 0.024248653437396787 0.0034992455463763012 0.03165584380654568 0.030739060091356442 0.043090848033006959 -0.00077243728376743756 0.028187962170667786 -0.010212353180115855 0.00074563806580043321 0.010191513898292662 -0.00037321081205324926 0.0068628799267897141 0.00081779933062545856 0.0037604083596743938
leaf_weight=474.19415194541216 275.5968459546566 1148.6604156494141 295.18721799552441 658.65542002767324 2283.1655778363347 324.52467907965183 225.0736722946167 833.31709181517363 72.876106381416321 321.3936420828104 32.325194075703621 259.68368862569332 39.228280603885651 827.40444277226925 145.08725476264954 2845.9222194254398 468.97906989604235 311.3759364336729 483.01921924948692 55.146134316921234 53.883483588695526 1671.7819807231426
leaf_count=2554 1300 5636 1394 5204 11314 1633 1104 4466 328 1507 138 1196 169 4704 636 20101 2353 1469 2177 342 232 7751
internal_value=0.000145661 -0.00131371 0.0100975 -0.00256878 -0.001764 -0.00323869 -0.00447712 0.00080703 -0.00597284 0.00541103 0.0105073 0.0178776 0.00821104 -0.00738493 0.0111564 -0.00906456 0.00417619 0.0020722 0.0013525 -0.0127694 0.0215098 0.00236406
internal_weight=14106.5 11023.5 1080.76 9942.7 9228.89 6945.73 5797.07 1257.36 4539.71 3083.03 1135.65 620.306 360.622 3997.85 424.044 3170.45 541.855 785.57 515.344 713.802 198.971 1947.38
internal_count=77708 63470 5417 58053 52507 41193 35557 6438 29119 14238 5187 2872 1676 26438 1972 21734 2681 4023 2315 5546 868 9051
is_linear=0
shrinkage=0.0239494


Tree=60
num_leaves=23
num_cat=0
split_feature=27 37 28 36 37 28 37 28 23 1 37 23 44 37 2 41 28 35 28 27 16 37
split_gain=174.701 356.771 293.084 184.965 136.503 156.761 136.313 207.732 121.51 98.9358 101.646 100.004 83.6785 76.2791 74.5038 67.2862 66.6992 62.8931 68.9587 61.0805 60.6387 53.5772
threshold=0.015025000000000002 -0.48944999999999994 0.016015000000000005 0.99990000000000012 -0.30894999999999995 0.0086150000000000011 0.26265000000000005 -0.010804999999999999 15.800000000000002 -0.0014483817062175498 0.15395000000000003 28.135000000000002 0.10593750000000002 0.45055000000000006 0.7668578561027074 -0.0036310764797258086 0.007745000000000001 3.5000000000000004 -0.036554999999999997 0.0020850000000000005 0.9083500000000001 0.86765000000000014
decision_type=2 2 2 2 2 2 2 2 2 2 2 2 2 2 2 2 2 2 2 2 2 2
left_child=1 2 -1 17 5 -5 8 13 12 10 11 -6 -2 -8 15 -7 -14 20 -19 -11 -3 -9
right_child=6 3 -4 4 9 14 7 21 -10 19 -12 -13 16 -15 -16 -17 -18 18 -20 -21 -22 -23
leaf_value=0.002736030614664793 0.0018857937817029912 -0.0041026034553246129 0.030175458241339173 -0.018957494641184101 -0.017362232719542871 -0.015010452455625281 0.004118993738128825 0.011742354762600809 0.037321563969995357 -0.017117738332333234 0.00095732838322897809 0.014989663783835823 -0.01474970235064996 0.028718452688626783 0.029696957613075836 0.015268926890357094 0.0082001329846774045 0.0078523376605634312 -0.0031851170343761359 -0.0021509333248410072 0.0078734020133666271 -0.00030830489415342445
leaf_weight=780.38882681727409 2630.2425814196467 337.79091533273458 321.02897426486015 114.23674991726875 438.78742490708828 64.319901540875435 109.30638904869556 300.12158784270287 51.816453546285629 1167.8372232913971 637.54044444859028 57.769917719066143 328.36382422596216 352.37339836359024 109.63517327606678 112.15277503430843 84.422935128211975 345.82397934794426 4131.6008591130376 207.02090695500374 762.506607465446 643.65262001752853
leaf_count=4033 12455 1743 1517 948 4111 375 473 1343 214 9298 4553 430 1829 1594 496 649 378 1567 21594 1390 3864 2937
internal_value=-8.73115e-05 -0.00192449 0.0108664 -0.00360165 -0.00850407 0.00422421 0.00379457 0.0099908 0.0009335 -0.0105933 -0.00515826 -0.0133043 0.000265887 0.0232107 0.0139906 0.0034053 -0.00970223 -0.0010184 -0.0023 -0.0149703 0.00406405 0.00336909
internal_weight=14088.7 9588.44 1101.42 8487.02 2909.3 400.345 4500.3 1405.45 3094.85 2508.96 1134.1 496.557 3043.03 461.68 286.108 176.473 412.787 5577.72 4477.42 1374.86 1100.3 943.774
internal_count=77791 56568 5550 51018 22250 2468 21223 6347 14876 19782 9094 4541 14662 2067 1520 1024 2207 28768 23161 10688 5607 4280
is_linear=0
shrinkage=0.0239494


Tree=61
num_leaves=23
num_cat=0
split_feature=8 43 8 30 8 5 8 36 45 44 29 37 37 37 12 27 22 16 37 27 13 27
split_gain=169.518 154.044 103.822 116.615 116.172 155.141 105.534 82.1143 79.7519 78.3863 58.8659 58.534 209.567 54.1479 51.4348 46.3625 44.4254 43.0759 62.7764 39.5077 39.3194 53.5105
threshold=0.022474468000000004 0.59563930931398767 0.00024151802000000003 0.0084550000000000024 -0.00051215291499999991 1.2729566693305971 -0.013500600999999999 0.99990000000000012 1.9643000000000002 0.13952395000000004 0.00084500000000000016 -0.23664999999999997 0.24115000000000003 0.24655000000000002 0.014935000000000002 -0.0060049999999999991 6.0325500000000014 1.0184500000000003 -0.31714999999999993 0.015665000000000002 0.11316000000000002 0.013255000000000001
decision_type=2 2 2 2 2 2 2 2 2 2 2 2 2 2 2 2 2 2 2 2 2 2
left_child=1 2 3 6 -5 11 -1 13 -4 20 -8 15 -13 -2 -15 -6 -11 19 -19 -3 21 -10
right_child=7 17 8 4 5 -7 10 -9 9 16 -12 12 -14 14 -16 -17 -18 18 -20 -21 -22 -23
leaf_value=0.0027311319279450198 0.0059210641067863707 -0.015257868547362769 0.0038339049279113662 0 0.02964299812264657 -0.0045630400422856845 -0.0085609038346474865 0.012521305220371813 -0.009898434541861777 -0.013781619167155408 0.0017052384987070721 -0.015079321795216049 0.021700760137297208 -0.0015757208609912538 0.010741836251775971 -0.00017878471127216145 0.0075043746681350935 0.02481783310343014 -0.0073938991128793272 0.00071053957659892035 0.00048006385932871423 0
leaf_weight=2089.3352373018861 1729.6284372583032 659.73770189285278 670.68873339891434 772.42128379642963 261.20191922038794 222.71651586145163 1081.5650383979082 614.89219009131193 739.05317932367325 681.17417465895414 424.37537582963705 116.64068149775267 331.36588165909052 1552.7821247726679 222.26083461940289 22.882279366254807 52.093732319772243 42.686176463961601 178.82428450882435 82.769311770796776 1008.6960285231471 530.95699668675661
leaf_count=10238 8094 5534 3495 3842 1287 1249 8011 2901 4862 4659 2233 834 1617 7555 989 160 296 223 1229 428 5368 2663
internal_value=0.000280739 -0.0013969 -0.000405966 0.00171466 0.00683727 0.0124239 -0.000705702 0.00437602 -0.00351054 -0.00519444 -0.00557092 0.0177911 0.0117989 0.00290526 0 0.0267269 -0.0120702 -0.0105021 -0.000527197 -0.0132811 -0.00291778 -0.00573148
internal_weight=14088.7 9969.18 9005.17 5322.5 1727.23 954.807 3595.28 4119.56 3682.66 3011.97 1505.94 732.091 448.007 3504.67 1775.04 284.084 733.268 964.017 221.51 742.507 2278.71 1270.01
internal_count=77767 58228 50814 29471 8989 5147 20482 19539 21343 17848 10244 3898 2451 16638 8544 1447 4955 7414 1452 5962 12893 7525
is_linear=0
shrinkage=0.0239494


Tree=62
num_leaves=23
num_cat=0
split_feature=31 7 13 7 44 43 28 31 28 35 13 12 29 28 0 8 3 13 43 3 28 23
split_gain=180.969 183.116 134.944 91.5169 60.3887 56.5528 80.718 57.3127 42.0344 44.2897 51.2622 41.4814 40.9423 37.8379 34.7643 52.9458 33.8679 29.9275 29.1915 29.0343 29.0097 28.719
threshold=0.021185000000000006 83.487897612836733 -0.29289999999999994 19.152803535035741 0.33505000000000007 0.24079189362031603 0.011705000000000002 -0.011004999999999999 -0.010804999999999999 7.5000000000000009 -0.19479499999999997 0.087495000000000003 0.014565000000000002 -0.010624999999999997 0.23387910500000003 1.0000000180025095e-35 0.9301815243823407 -1.8473199999999996 0.1999333607509258 0.64595536748941385 -0.010084999999999998 70.845000000000013
decision_type=2 2 2 2 2 2 2 2 2 2 2 2 2 2 2 2 2 2 2 2 2 2
left_child=1 2 17 11 8 20 7 16 -2 10 -10 13 -11 -4 -9 -16 -7 -1 -3 -19 -5 -22
right_child=4 18 3 5 -6 6 -8 14 9 12 -12 -13 -14 -15 15 -17 -18 19 -20 -21 21 -23
leaf_value=0.01485647218946138 0.0079285229153673066 0.0062092149116761081 0 0.006074813225837551 0.013735267106224386 0.0013588694481287762 6.7504254761608032e-05 -0.014859147404750615 -0.0053868455925323265 -0.0024667598464689008 0.0078141088790100316 0.0025852573460870042 0.0028680317022613607 -0.019685567677509407 0.0022809622601088829 -0.013061888888393656 -0.0093214505746404622 0 -0.016549725185037084 0.0061861645436736643 -0.0010480101406605217 0.019545650424779407
leaf_weight=150.76236402988434 795.88066586852074 24.708486437797546 78.24816583096981 482.79147733747959 315.16459845006466 496.57961564511061 1463.0063215568662 608.6557252407074 187.10951975733042 1523.5084830895066 1060.272228255868 66.565096490085125 1781.2634913101792 325.4105561003089 227.59983544796705 262.15847624093294 246.98140416294336 831.76782492548227 539.92159593850374 960.38165637850761 1715.1171924546361 39.347591608762741
leaf_count=682 3753 120 428 2346 1540 3160 7857 4868 906 8425 5419 420 8448 2484 1638 1907 1594 4014 4587 4532 9129 182
internal_value=9.99253e-05 -0.00209501 -0.00113978 -0.00292742 0.00342789 -0.00203553 -0.00403388 -0.00737073 0.00279316 0.00186323 0.00571687 -0.013129 0.000364489 -0.0160822 -0.0108786 -0.00563361 -0.00199231 0.00431702 -0.0152951 0.00334891 0.000851266 -0.000502908
internal_weight=14183.2 8520 7955.37 6012.46 5663.2 5542.24 3304.98 1841.98 5348.03 4552.15 1247.38 470.224 3304.77 403.659 1098.41 489.758 743.561 1942.91 564.63 1792.15 2237.26 1754.46
internal_count=78439 49948 45241 36013 28491 32681 21024 13167 26951 23198 6325 3332 16873 2912 8413 3545 4754 9228 4707 8546 11657 9311
is_linear=0
shrinkage=0.0239494


Tree=63
num_leaves=23
num_cat=0
split_feature=29 5 7 14 14 13 12 28 37 37 0 37 37 12 37 28 13 7 37 28 12 44
split_gain=133.526 177.562 118.451 85.9839 102.203 83.8951 93.7624 84.6078 95.5828 78.18 69.7109 67.1171 164.523 63.7358 67.5011 68.3956 65.1144 53.047 50.0662 79.0165 47.9639 41.3573
threshold=0.018775000000000003 -1.1043890714645384 88.219531926724187 0.99165000000000014 1.0000500000000001 -0.24839499999999998 -0.11639499999999998 -0.013394999999999999 0.36785000000000007 -0.63654999999999984 0.88463124500000012 -0.32524999999999993 0.24115000000000003 0.10115 -0.50084999999999991 0.011075000000000002 0.7416950000000001 20.40740943751047 0.36785000000000007 0.023285000000000004 0.021215000000000001 0.10352822500000002
decision_type=2 2 2 2 2 2 2 2 2 2 2 2 2 2 2 2 2 2 2 2 2 2
left_child=1 3 5 -1 11 -3 -7 8 -8 -4 -6 -5 -13 14 15 -9 -16 -2 19 -19 -20 -21
right_child=17 2 9 4 10 6 7 13 -10 -11 -12 12 -14 -15 16 -17 -18 18 20 21 -22 -23
leaf_value=-0.0012607382152010867 0.019840402477151832 0.0031273993431697286 0.013343278584092819 0.022955258899305775 -0.0010451507718971039 0.0015598382300256366 -0.0046259103784361665 -0.0082932725542362185 0.026647920267162596 -0.01762585107034027 0.011859011478420318 -0.010169564305384311 0.018238226276383464 0.0017322159428472459 -0.010809358910722036 0.01874872857643313 0.0040271582162941201 0.0027972339026255785 -0.001181345929758051 0.0095747366916125176 0.012297578357204847 0.02705922972628709
leaf_weight=1811.0122242420912 116.31220644712448 1031.2628065347672 46.119172446429729 262.81918656826019 1050.7726403847337 1102.9432344436646 130.63831429183483 108.60277582705021 91.165038451552391 499.91378798335791 305.92867393791676 183.49907726794481 302.85431661456823 357.88251001387835 2378.705392293632 99.526512384414673 167.70500595867634 1735.9421728253365 1588.7766479551792 470.76528589427471 167.25464165210724 111.36162881553173
leaf_count=9448 519 5150 244 1330 5554 5745 687 723 418 4180 1411 1388 1521 2087 17272 470 848 8101 7640 2141 731 497
internal_value=5.66941e-05 -0.0014455 -0.00403908 0.00249971 0.00580297 -0.0029436 -0.0043875 -0.00639864 0.00756983 -0.0147427 0.00175703 0.012935 0.00721982 -0.00744101 -0.00868586 0.00393646 -0.00977488 0.00365177 0.00315375 0.00546522 1.93078e-05 0.0131704
internal_weight=14121.8 9931.35 6014.46 3916.89 2105.87 5468.43 4437.17 3334.23 221.803 546.033 1356.7 749.173 486.353 3112.42 2754.54 208.129 2546.41 4190.41 4074.1 2318.07 1756.03 582.127
internal_count=78105 58476 37824 20652 11204 33400 28250 22505 1105 4424 6965 4239 2909 21400 19313 1193 18120 19629 19110 10739 8371 2638
is_linear=0
shrinkage=0.0239494


Tree=64
num_leaves=23
num_cat=0
split_feature=8 43 8 0 36 30 5 8 8 31 36 43 28 37 1 13 13 30 13 31 25 37
split_gain=172.291 154.083 119.638 106.821 86.6858 76.8686 118.696 147.393 55.8525 52.5964 49.4323 53.138 60.3277 92.7131 45.2937 44.9035 44.4743 41.8113 38.1169 37.5786 36.4747 36.3714
threshold=0.017174601500000001 0.59563930931398767 1.0000000180025095e-35 0.28028323000000005 0.99990000000000012 0.013425000000000001 1.5769329071044924 -0.00024363397999999998 -0.014184623999999998 0.040285000000000008 0.95865000000000011 0.019523948650938591 0.017545000000000002 0.20515000000000003 -0.38364330301706795 -0.41566499999999995 0.19738000000000003 -0.037389999999999993 -0.13747499999999999 0.010995000000000001 1.3168500000000003 0.70065000000000011
decision_type=2 2 2 2 2 2 2 2 2 2 2 2 2 2 2 2 2 2 2 2 2 2
left_child=1 2 3 16 -4 8 7 -7 -5 15 14 -12 20 -14 -2 -3 18 -6 -1 -20 -13 -19
right_child=10 9 4 5 17 6 -8 -9 -10 -11 11 12 13 -15 -16 -17 -18 21 19 -21 -22 -23
leaf_value=-0.00024453967287016979 0.0094064042061371891 0.0013428981023410115 -0.0015618531438593561 0.0039688457230735111 0.029510552511976644 0.00045984329081904141 -0.004171609003767035 0.02139576603638647 -0.003244749766416729 0.0026262614061901062 0.020528549850722101 0.0042054364010591979 0.024772135670163349 0 0.0014459904495787777 -0.015626622572072608 0.0032839067393067769 -0.011954455910043927 -0.012478400798085912 0 -0.011397981770910167 0.0057298439260822396
leaf_weight=444.9075610563159 476.6207013875246 84.642445027828217 1872.0696817785501 1575.7356755360961 13.054333522915838 333.82954630255699 288.79450994729996 509.40436565130949 993.10730753093958 116.80352775007486 183.32353228330612 244.90294875949621 178.32455822825432 169.46186916530132 3607.6037716269493 702.06650818884373 350.9751722663641 1006.6091746911407 575.82684017717838 194.88160099089146 129.55422221124172 59.897607453167439
leaf_count=2408 2171 418 9782 7542 81 1603 1455 2476 6237 676 885 1225 810 810 17255 6167 1862 7704 4338 1312 643 345
internal_value=0 -0.00195222 -0.000900934 0.00124006 -0.00477121 0.00348009 0.00869932 0.0132806 0.00112324 -0.0113539 0.00358286 0.00870815 0.00550562 0.012718 0.00241071 -0.0136152 -0.00395849 -0.0102013 -0.00616967 -0.00940059 -0.000803034 -0.0108243
internal_weight=14112.4 9122.61 8219.09 5267.46 2951.63 3700.87 1132.03 843.234 2568.84 903.512 4989.79 905.567 722.244 347.786 4084.22 786.709 1566.59 1079.56 1215.62 770.708 374.457 1066.51
internal_count=78205 54406 47145 29233 17912 19313 5534 4079 13779 7261 23799 4373 3488 1620 19426 6585 9920 8130 8058 5650 1868 8049
is_linear=0
shrinkage=0.0239494


Tree=65
num_leaves=23
num_cat=0
split_feature=31 30 27 28 5 5 45 44 30 35 8 35 28 30 12 1 13 21 23 6 35 12
split_gain=151.499 147.558 127.526 111.974 91.976 78.6895 68.659 60.4499 54.301 38.3006 33.8164 33.4926 32.775 31.4224 30.8474 29.7167 29.7048 28.327 32.1798 27.5411 28.3911 64.8949
threshold=0.021185000000000006 -0.028694999999999995 0.015475000000000001 0.016395000000000003 -0.4064874649047851 8.3646216392517108 1.9651000000000003 0.35150000000000009 -0.00045499999999999995 5.0000000000000009 0.0026122629500000007 30.500000000000004 0.0084150000000000023 -0.080474999999999977 0.094945000000000015 -0.041975366311402688 0.16207500000000002 26.170000000000005 -25.754999999999999 -0.4739641081012394 7.5000000000000009 0.066945000000000018
decision_type=2 2 2 2 2 2 2 2 2 2 2 2 2 2 2 2 2 2 2 2 2 2
left_child=1 13 3 4 8 6 -6 17 16 15 12 -11 -10 -1 -8 -4 -3 19 -19 -2 -21 -22
right_child=7 2 9 -5 5 -7 14 -9 10 11 -12 -13 -14 -15 -16 -17 -18 18 -20 20 21 -23
leaf_value=0.007026482140396785 0.02741852293317092 -0.013989032246814866 0 9.3418652763394423e-05 0.0013171945139067113 0 -0.015699746315490246 0.014328922586282367 -0.00036583719527238722 0.0046995392410293137 -0.0065842167564530932 -0.014129962542759401 0.011007165535729979 0.001010245355401922 0 -0.014921578855749615 0.00069855101713442588 0 0.031459474466570082 0.0050417795177205042 -0.00097991985754641527 0.0057922598363211245
leaf_weight=820.25052123516798 25.957870826125145 308.12437507510185 262.40443429350853 1226.9121387675405 148.04494200646877 278.19441942125559 1489.5660192593932 269.21462378650904 388.3743224516511 1222.5557194501162 285.92648545652628 53.225252583622932 212.51574438810349 1450.0128383487463 91.568376906216145 115.28693836927414 81.500780738890171 25.57182888686657 41.425789251923561 1454.0036433041096 2657.2236451283097 1154.6515696421266
leaf_count=3784 125 2183 1283 6443 942 1571 12580 1324 2595 5903 1916 261 1371 7228 652 565 465 130 213 7298 13724 5548
internal_value=8.32748e-05 -0.00193661 -0.00386987 -0.00596293 -0.0082702 -0.011494 -0.0133966 0.00313631 -0.00308586 0.00175175 2.53077e-05 0.0037995 0.00341341 0.00324825 -0.0148667 -0.00477858 -0.0105419 0.00254677 0.0183429 0.00231918 0.00216772 0.00103312
internal_weight=14062.5 8434.46 6164.2 4510.73 3283.82 2007.37 1729.18 5628.05 1276.44 1653.47 886.817 1275.78 600.89 2270.26 1581.13 377.691 389.625 5358.83 66.9976 5291.84 5265.88 3811.88
internal_count=78104 49742 38730 30718 24275 15745 14174 28362 8530 8012 5882 6164 3966 11012 13232 1848 2648 27038 343 26695 26570 19272
is_linear=0
shrinkage=0.0239494


Tree=66
num_leaves=23
num_cat=0
split_feature=27 37 28 36 27 37 37 15 37 13 3 28 37 8 18 37 12 15 0 12 41 28
split_gain=140.49 229.075 338.916 222.008 110.664 138.653 93.17 160.41 93.9371 90.4263 78.6791 74.6463 108.35 72.8824 70.6808 56.0754 53.9151 53.1132 53.0812 49.9848 51.2811 67.2758
threshold=0.018305000000000005 -0.35874999999999996 0.016195000000000005 0.99215000000000009 0.0083650000000000026 0.26265000000000005 0.056450000000000007 0.96345000000000014 0.39735000000000004 0.095080000000000012 0.82071726578045678 0.024535000000000005 -0.084849999999999995 0.0047780572500000012 -0.96584999999999988 0.46945000000000003 -0.22962499999999997 -0.93874999999999986 0.40994472500000007 -0.044024999999999988 -0.32578351544840195 0.0091750000000000009
decision_type=2 2 2 2 2 2 2 2 2 2 2 2 2 2 2 2 2 2 2 2 2 2
left_child=1 2 9 -3 11 14 17 8 18 19 -4 16 -13 -7 -6 -9 -5 -2 -8 20 -1 -22
right_child=6 3 10 4 5 13 7 15 -10 -11 -12 12 -14 -15 -16 -17 -18 -19 -20 -21 21 -23
leaf_value=-0.013290166379425468 7.0592302833563054e-05 -7.9449242109999896e-06 0.0014069822611095433 0.016881130948077222 -0.014728657594968071 0.014111958460482334 0.021561349024954594 0.038092624629789358 0.026235578545442645 0.006811420122088809 0.031130602591158341 0.041611592235640663 -0.0057101869844176385 -0.0029801394394095241 0.01008879655530121 -0.00058370733284812844 -0.013950096137610656 0.010710876114140091 -0.00073696038365936333 -0.011763911628337119 -0.0057394974161425949 0.025176301505709472
leaf_weight=73.553668275475502 2082.1712013930082 5942.7425385043025 72.803606867790222 28.932006984949112 434.30969020724297 309.90655326098204 87.374272137880325 22.185866296291351 364.81027017533779 672.5037324950099 330.33615602552891 33.487849369645119 151.67166343331337 244.43070124089718 70.354976497590542 571.25382332503796 1622.254903152585 314.11547134816647 166.72764138877392 353.35103882849216 65.185766026377678 85.161168344318867
leaf_count=381 9811 30557 307 170 3837 1684 415 92 1687 3365 1586 146 790 1473 394 2584 13943 1380 781 2244 376 421
internal_value=0.000251467 -0.00113961 0.00701938 -0.00268203 -0.00812019 -0.00179037 0.00433607 0.00976926 0.0183097 0.000739515 0.026125 -0.011691 0.00205985 0.0063119 -0.0109795 0.000616181 -0.0133214 0.00152631 0.00635576 -0.00608133 0.00223447 0.0108009
internal_weight=14099.6 10491 1652.9 8838.09 2895.35 1059 3608.64 1212.35 618.912 1249.76 403.14 1836.35 185.16 554.337 504.665 593.44 1651.19 2396.29 254.102 577.252 223.901 150.347
internal_count=78424 61674 8680 52994 22437 7388 16750 5559 2883 6787 1893 15049 936 3157 4231 2676 14113 11191 1196 3422 1178 797
is_linear=0
shrinkage=0.0239494


Tree=67
num_leaves=23
num_cat=0
split_feature=8 43 8 36 30 8 21 8 5 37 37 44 14 30 31 31 1 13 28 37 29 8
split_gain=146.882 128.201 99.1775 95.7379 95.4073 95.4213 84.9626 72.7549 135.948 64.4168 169.538 59.5222 47.7471 47.4847 45.5068 38.9541 37.3644 37.4754 38.9318 40.0775 36.3996 36.0858
threshold=0.022474468000000004 0.65872300721875432 1.0000000180025095e-35 0.95865000000000011 0.0089750000000000021 -0.012953162249999999 15.180000000000001 -1.0000000180025095e-35 1.3252207040786745 -0.26494999999999996 0.23625000000000004 0.14345000000000002 1.5935500000000002 -0.015994999999999999 0.039320000000000001 -0.12558499999999997 -0.50484660772532408 0.15017500000000003 -0.010374999999999999 0.47635000000000005 0.012125000000000002 -0.059803693499999998
decision_type=2 2 2 2 2 2 2 2 2 2 2 2 2 2 2 2 2 2 2 2 2 2
left_child=1 2 4 -2 5 21 11 -6 9 -9 -11 16 -13 -7 15 -3 -4 18 19 -18 -8 -1
right_child=3 14 6 -5 7 13 20 8 -10 10 -12 12 -14 -15 -16 -17 17 -19 -20 -21 -22 -23
leaf_value=0.0071229044408177185 0.002305188073785163 0.0087782746640336379 0.0048866058528924169 0.01268297009742355 0.00048774782440741328 0.00058602338294185105 -0.0018727985826672883 0.024959795398795677 -0.0057438785602720466 -0.014939118294263122 0.018675226583442433 -0.015289548024091564 0.0069049530733119166 -0.0083292209538028839 0.0033542368662511338 -0.016572059660094538 -0.0049108728615421537 -0.00065685362765892385 -0.0099413260625048627 0.020235032676024747 0.0064547413000311301 0.00024018287300300146
leaf_weight=632.42012187093496 3511.7023316919804 29.633552074432373 216.96115626394749 610.85586069524288 801.91462611407042 464.41925313323736 740.10302770882845 279.02761982381344 211.97631293535233 114.53692360967398 309.82408645004034 533.93469869345427 52.477743119001389 1052.8545640856028 77.952040061354637 492.70868188887835 114.05768746137619 678.87542313337326 949.77730622887611 50.991719096899033 491.08515620976686 1569.6573343724012
leaf_count=2881 16624 146 1158 2901 3992 2475 4579 1428 1223 831 1525 3809 305 8261 452 4512 584 3576 5971 234 2456 7893
internal_value=7.19902e-05 -0.00150384 -0.000792029 0.00387833 0.00126723 -0.00085432 -0.00375459 0.0059472 0.0105705 0.0156946 0.00925842 -0.00622135 -0.0130543 -0.00550412 -0.0122465 -0.0148543 -0.00415587 -0.00533104 -0.0080464 0.00197317 0.0013302 0.00228317
internal_weight=13987.7 9865.19 9264.89 4122.56 5436.63 3719.35 3828.26 1717.28 915.365 703.389 424.361 2597.08 586.412 1517.27 600.294 522.342 2010.66 1793.7 1114.83 165.049 1231.19 2202.08
internal_count=77816 58291 53181 19525 30509 21510 22672 8999 5007 3784 2356 15637 4114 10736 5110 4658 11523 10365 6789 818 7035 10774
is_linear=0
shrinkage=0.0239494


Tree=68
num_leaves=23
num_cat=0
split_feature=31 13 43 28 37 37 27 13 13 43 21 23 21 1 35 13 37 5 5 21 1 37
split_gain=161.852 136.197 121.892 69.0994 145.929 134.79 135.67 80.7516 62.7101 55.5472 50.1211 48.5515 48.1318 39.607 56.4327 47.4649 40.266 39.1374 59.2794 37.4115 34.2097 39.0939
threshold=0.021185000000000006 -0.29289999999999994 0.59191120146656118 0.016395000000000003 -0.21174999999999997 0.55325000000000013 0.016555000000000004 0.15586500000000003 0.034215000000000002 0.015659784221494676 14.440000000000001 -20.614999999999998 12.255000000000001 -0.50484660772532408 7.5000000000000009 0.097545000000000007 -0.10414999999999998 8.1686091423034686 -0.44831384718418116 12.840000000000002 -0.090715551296861444 0.36205000000000004
decision_type=2 2 2 2 2 2 2 2 2 2 2 2 2 2 2 2 2 2 2 2 2 2
left_child=1 19 3 5 8 7 11 12 -5 -2 -10 -7 -3 -11 15 -15 -17 18 -14 -1 -6 -22
right_child=9 2 -4 4 20 6 -8 -9 10 13 -12 -13 17 14 -16 16 -18 -19 -20 -21 21 -23
leaf_value=-0.0023648639831312535 0.0078570464959724032 -0.016787874171296895 -0.014419986225947904 -0.0014179534708179285 0.0035715099936675394 0.0069378760333014058 0.028369619379793966 0.00099645042706378718 0 0.010620956576111151 0.032756941002019611 -0.011676021914563258 -0.0028686842164659778 -0.00025827660220732924 -0.00033398182941695272 0.021569104900743583 0.0064500169264303311 0.00075503677124234662 -0.011534732912912488 0.0052931035708254246 0.0014765051552773172 -0.0068661487664668413
leaf_weight=453.34398207068443 1186.6822868138552 348.1559102833271 564.94165489077568 53.381979860365391 534.37561386823654 194.82025333493948 127.94670662283897 657.1108560115099 39.910991758108139 287.24813942611217 136.08417963981628 135.64583114534616 820.39015569537878 412.75705450028181 3055.5208582133055 140.47896064817905 581.95162473618984 303.46062952280045 1179.9033083319664 1507.7196482494473 498.35867933183908 799.76188842952251
leaf_count=2182 5697 2722 5191 237 2657 1027 566 3664 190 1381 605 822 5229 2135 15692 713 2932 1621 8956 7114 2661 4068
internal_value=7.36879e-05 -0.00203441 -0.00373876 -0.00267854 0.00078592 -0.00461336 0.00741176 -0.00632339 0.0188395 0.0032089 0.0258136 -0.000260639 -0.00819222 0.0019445 0.00131493 0.00588186 0.00959214 -0.00682981 -0.00805349 0.00344832 -0.00139419 -0.00355084
internal_weight=14020 8355.31 6394.25 5829.31 2061.87 3767.43 458.413 3309.02 229.377 5664.64 175.995 330.466 2651.91 4477.96 4190.71 1135.19 722.431 2303.75 2000.29 1961.06 1832.5 1298.12
internal_count=78062 49512 40216 35025 10418 24607 2415 22192 1032 28550 795 1849 18528 22853 21472 5780 3645 15806 14185 9296 9386 6729
is_linear=0
shrinkage=0.0239494


Tree=69
num_leaves=23
num_cat=0
split_feature=27 37 28 43 37 7 28 37 13 35 21 13 37 28 37 37 28 12 13 44 37 28
split_gain=152.681 206.188 253.88 103.04 85.7117 116.67 69.0756 137.431 105.479 89.1774 86.0809 79.9507 91.1456 73.2884 69.5649 67.4012 67.3267 62.5848 59.1945 55.8486 53.5314 54.259
threshold=0.020975000000000004 -0.52374999999999994 0.016015000000000005 0.67494486207467796 -0.039649999999999998 37.797435975539351 -0.010624999999999997 0.46315000000000006 0.11316000000000002 3.5000000000000004 12.255000000000001 -0.074919999999999987 0.22055000000000002 0.023285000000000004 -0.28714999999999996 -0.15524999999999997 0.020235000000000006 0.065600000000000006 0.19377500000000003 0.061902350000000002 0.85135000000000016 0.0037150000000000009
decision_type=2 2 2 2 2 2 2 2 2 2 2 2 2 2 2 2 2 2 2 2 2 2
left_child=1 2 18 6 -2 -6 7 -3 10 -10 -8 12 -12 14 -13 16 -11 -14 -1 -17 21 -7
right_child=4 3 -4 -5 5 20 8 -9 9 15 11 13 17 -15 -16 19 -18 -19 -20 -21 -22 -23
leaf_value=-0.0037249208603321519 0.0017981960787168713 -0.0045557880387990298 0.028174377805250662 -0.012357710615987864 0.024409276070239412 0.0071339291611529935 -0.014629579423328265 0.010246787863154867 0.0070313049344534586 0.0015806460118093133 -0.0031452488676261855 0.0016953094951752342 0.0042579344620914429 0.001630764655628329 -0.011481252940385498 -0.0014127149329644522 0.025978397122647191 0.028308034371339549 0.0096388440667639214 -0.010203844594942427 0 0.03252659294427819
leaf_weight=463.95990565419197 1946.8628278076649 678.56765309721231 283.90372852981091 558.82273115962744 262.48404844105244 251.63558824360371 522.98527484387159 746.90525428205729 831.76279452443123 294.60971666872501 885.24320001155138 254.77784655243158 239.22139750421047 425.00135868787766 1341.4773946851492 2520.5125825926661 89.299237921833992 94.541683167219162 314.73339514434338 511.95529670268297 458.24958150088787 68.871424734592438
leaf_count=2535 8986 3650 1416 4818 1280 1148 3746 3389 4279 1673 5686 1505 1531 2103 9785 12878 395 533 1465 3245 2054 295
internal_value=4.22757e-05 -0.00124517 0.00875617 -0.00232298 0.0048557 0.0104322 -0.00171328 0.00309787 -0.00258756 0 -0.00550727 -0.00398984 0.000746995 -0.00691885 -0.00928666 -0.00171325 0.00763613 0.011508 0.00148893 -0.00294503 0.00553363 0.0130461
internal_weight=14046.4 11058.3 1062.6 9995.68 2988.1 1041.24 9436.86 1425.47 8011.39 4248.14 3763.25 3240.26 1219.01 2021.26 1596.26 3416.38 383.909 333.763 778.693 3032.47 778.757 320.507
internal_count=78395 64632 5416 59216 13763 4777 54398 7039 47359 22470 24889 21143 7750 13393 11290 18191 2068 2064 4000 16123 3497 1443
is_linear=0
shrinkage=0.0239494


Tree=70
num_leaves=23
num_cat=0
split_feature=31 13 43 28 37 27 37 12 27 15 21 3 0 0 21 21 1 35 37 3 23 35
split_gain=146.893 139.872 111.714 78.8459 167.112 139.095 136.102 103.324 83.4566 49.6515 46.5417 45.7688 52.2889 49.2283 42.3684 38.6576 38.1889 44.5052 43.0816 37.066 35.8996 35.2938
threshold=0.021185000000000006 -0.29289999999999994 0.66662771920802621 0.011915000000000002 0.52760000000000007 0.013255000000000001 -0.16144999999999995 -0.11639499999999998 -0.010704999999999998 0.99825000000000008 13.185 0.91380688369849283 0.24256880000000003 0.26882929000000005 16.110000000000003 12.840000000000002 -0.46231765726865559 14.500000000000002 0.13445000000000004 1.162070077851457 87.035000000000011 3.5000000000000004
decision_type=2 2 2 2 2 2 2 2 2 2 2 2 2 2 2 2 2 2 2 2 2 2
left_child=1 15 3 4 7 -6 8 -3 9 -5 -7 12 -9 -14 16 -1 18 -18 -2 -19 -21 -8
right_child=14 2 -4 6 5 10 21 11 -10 -11 -12 -13 13 -15 -16 -17 17 19 -20 20 -22 -23
leaf_value=-0.0021402798889620486 0.0030613141890469585 0.0025823283879566157 -0.016672639684358576 0 -0.0036853762055017317 0 0.0032286152385880553 -0.012566954761342484 0.0029463083550444269 0.028530159269584025 0.027726069568485914 -0.013705646255375821 0.016970102486514704 -0.0044195508787213036 0.0063697363831452984 0.0055023391202371043 0.003566688405485794 -0.0043398669053197787 0.021536552456703228 2.5670801204016221e-05 0.015618629722460226 -0.0040180389701533689
leaf_weight=476.97024369239807 269.38633129000664 447.43777084350586 363.4250675663352 32.600506693124771 258.09829877316952 41.678234294056892 467.43463733792305 516.38918127864599 319.26289223134518 169.23840218037367 169.46225592494011 1012.7764187753201 65.510026820003986 725.35059963911772 1599.8891392424703 1493.7699062824249 1816.1775055378675 1159.9628106579185 113.51537362486124 572.59211326390505 103.58585469424725 1812.0842557474971
leaf_count=2300 1269 2276 3583 147 1517 191 2468 4302 1643 810 760 7679 520 4734 8050 7039 9171 6062 572 2743 543 9795
internal_value=3.86611e-05 -0.00196299 -0.00369199 -0.00288641 -0.00543253 0.00762776 4.01813e-06 -0.00769975 0.0110978 0.0232681 0.0221486 -0.00974569 -0.00656603 -0.00246309 0.00303822 0.00357852 0.00168114 0.000882253 0.00891993 -0.00169346 0.00263039 -0.00246799
internal_weight=14006.6 8371.49 6400.75 6037.32 3236.7 469.239 2800.62 2767.46 521.102 201.839 211.14 2320.03 1307.25 790.861 5635.11 1970.74 4035.22 3652.32 382.902 1836.14 676.178 2279.52
internal_count=78174 49764 40425 36842 21979 2468 14863 19511 2600 957 951 17235 9556 5254 28410 9339 20360 18519 1841 9348 3286 12263
is_linear=0
shrinkage=0.0239494


Tree=71
num_leaves=23
num_cat=0
split_feature=31 7 21 13 37 26 16 37 28 28 36 28 27 44 37 30 13 37 27 28 8 12
split_gain=125.08 138.586 104.372 74.3596 70.7135 138.613 76.2328 64.8545 79.2197 64.7731 57.415 57.0515 52.6836 50.9653 47.883 43.792 44.0111 38.7897 63.698 40.5503 38.4324 38.224
threshold=0.021185000000000006 91.292275020483473 13.530000000000001 -0.29289999999999994 -0.30064999999999992 0.88080000000000014 0.97785000000000011 0.21045000000000003 0.0091750000000000009 -0.0079849999999999973 0.99215000000000009 0.023285000000000004 -0.010704999999999998 0.34005000000000007 0.55325000000000013 -0.058484999999999988 0.16489500000000004 -0.29394999999999993 0.019275000000000004 0.016395000000000003 1.0000000180025095e-35 0.11812000000000002
decision_type=2 2 2 2 2 2 2 2 2 2 2 2 2 2 2 2 2 2 2 2 2 2
left_child=1 2 15 -4 5 10 7 8 21 14 -5 -8 -7 -2 -9 -1 -17 19 -19 -15 -14 -6
right_child=13 -3 3 4 6 12 11 9 -10 -11 -12 -13 20 17 -16 16 -18 18 -20 -21 -22 -23
leaf_value=0.002304917207256659 0.0020344877419639627 -0.016269398171808804 0.0052433588477171283 0.0013634523575457868 -0.01277440765538093 0.030063659996521063 -0.011477313793990333 0.0013082968862557739 0.0053164434663782179 -0.00024053201090731 -0.01638837718668483 -0.0008367046963665629 0.019595912714051256 0 0.017967073819170225 -0.0096173100895894856 -5.7874149795553479e-05 -0.010642922664531311 0.018795111318448295 0.029342188484851293 0 5.5831034344758165e-05
leaf_weight=280.6739004701376 5348.2501939758658 375.22710376977921 1333.238986261189 509.8236590847373 511.298409961164 119.82263036817312 784.20836365967989 203.11996879428625 279.1555777862668 978.68083240091801 128.39019998162985 507.17642661929131 105.78805261850357 30.547442227602005 239.99399019032717 1322.2401968538761 388.33856987953186 80.329375416040421 83.12286464869976 103.31261868774891 124.35606713593006 149.8300830796361
leaf_count=1309 26993 3488 6244 2434 4137 548 5838 1137 1497 5469 930 2518 591 135 1132 8772 2056 382 407 578 740 857
internal_value=-0.000137895 -0.002011 -0.00132106 0.000238029 -0.00116821 0.0044599 -0.00273046 -0.000109484 -0.00504846 0.00305413 -0.0019789 -0.00741143 0.0166192 0.00260377 0.0106604 -0.00607253 -0.00753248 0.0123531 0.00343423 0.0221526 0.00898488 -0.00964583
internal_weight=13986.9 8341.36 7966.14 5974.88 4641.64 988.181 3653.46 2362.08 940.284 1421.79 638.214 1291.38 349.967 5645.56 443.114 1991.25 1710.58 297.312 163.452 133.86 230.144 661.128
internal_count=78192 49697 46209 34072 27828 5243 22585 14229 6491 7738 3364 8356 1879 28495 2269 12137 10828 1502 789 713 1331 4994
is_linear=0
shrinkage=0.0239494


Tree=72
num_leaves=23
num_cat=0
split_feature=27 37 28 37 43 36 13 28 37 27 37 13 12 28 12 21 37 27 36 23 14 13
split_gain=164.566 177.808 213.256 109.074 92.3592 84.7854 68.6203 84.2424 161.409 232.626 153.531 86.6124 82.5811 58.6221 57.7892 53.8257 47.5471 61.0014 57.3835 46.5885 45.0016 44.9172
threshold=0.024045 -0.53524999999999989 0.016015000000000005 -0.057049999999999997 0.68304328837960837 0.99990000000000012 -0.38651999999999992 0.019935000000000005 0.45715000000000006 0.013255000000000001 -0.21794999999999998 0.19738000000000003 0.13621000000000003 -0.012514999999999998 -0.10106499999999997 12.720000000000002 0.48305000000000003 0.0053250000000000007 0.88885000000000014 20.080000000000002 0.94895000000000007 -0.07051499999999998
decision_type=2 2 2 2 2 2 2 2 2 2 2 2 2 2 2 2 2 2 2 2 2 2
left_child=1 2 19 15 6 -5 -3 8 11 21 -9 12 14 -11 -8 -2 17 18 -12 -1 -4 -10
right_child=3 4 20 5 -6 -7 7 10 9 13 16 -13 -14 -15 -16 -17 -18 -19 -20 -21 -22 -23
leaf_value=-0.0078907286184727483 -0.0093918607484628387 0.0037514544948225445 0 0.0079071937878092743 -0.012126909456383162 0.026489231712658348 -0.0018384977960911096 0.024226752079653399 0.0036394172274702738 0.033521605203953024 0.0032460644960598749 0 0.00080293669818909342 0.011742737018628201 -0.011165303502786102 0.0035722187248942486 -0.003294465644597989 0.018147542578179288 -0.011191086527615178 0.0051319766158382952 0.030735144891892496 -0.0078941800705984444
leaf_weight=208.88693573325872 207.31992304325104 1120.2593086361885 40.513121783733368 606.2724248021841 527.69709306955338 202.02662126719952 496.21562373638153 150.42284164577723 285.04287300258875 118.2672324180603 1025.8757768124342 982.18141002953053 476.97135979682207 270.7535654604435 2476.3595820441842 1394.1312683075666 1659.3070085942745 133.91348086297512 184.71780973672867 596.38337501138449 225.64342544972897 530.2843827009201
leaf_count=1207 964 5318 172 2702 4607 985 2849 657 1490 546 4983 5274 2507 1221 18836 6332 8197 648 1054 2899 1178 3217
internal_value=-0.000149853 -0.00135159 0.0079088 0.00552942 -0.00231611 0.0127323 -0.00177899 -0.00250042 -0.00425762 0.00343853 0.000593113 -0.00638205 -0.00816879 0.0187392 -0.0096575 0.00180273 -0.000541785 0.00274679 0.000922541 0.00157254 0.0265307 -0.00368286
internal_weight=13919.4 11509.7 1071.43 2409.75 10438.3 808.299 9910.57 8790.31 5636.08 1204.35 3154.24 4431.73 3449.55 389.021 2972.58 1601.45 3003.81 1344.51 1210.59 805.27 266.157 815.327
internal_count=77843 66860 5456 10983 61404 3687 56797 51479 35940 6474 15539 29466 24192 1767 21685 7296 14882 6685 6037 4106 1350 4707
is_linear=0
shrinkage=0.0239494


Tree=73
num_leaves=23
num_cat=0
split_feature=29 5 45 36 37 43 36 6 27 33 28 37 8 5 22 21 37 37 28 15 37 44
split_gain=132.463 107.948 91.6166 81.5171 60.7456 57.6405 55.0275 53.0189 50.2306 48.6516 48.9723 150.856 46.2203 43.4329 42.5416 37.1711 36.6884 33.0153 113.304 49.5071 51.9198 51.8206
threshold=0.018775000000000003 -1.1043890714645384 1.9659000000000002 0.66690000000000016 -0.57659999999999989 0.010725460130083268 0.95335000000000014 -0.0072939532335130992 -0.010704999999999998 0.20915000000000003 -0.011464999999999998 0.31855000000000006 1.0000000180025095e-35 6.024451971054078 2.9850500000000006 18.830000000000002 -0.31714999999999993 -0.29394999999999993 0.0087750000000000015 0.98915000000000008 0.44405000000000006 0.15660130500000002
decision_type=2 2 2 2 2 2 2 2 2 2 2 2 2 2 2 2 2 2 2 2 2 2
left_child=1 5 -3 -4 8 7 -2 -1 -5 10 11 -6 16 -8 -9 -14 -12 18 -7 20 21 -19
right_child=6 2 3 4 9 17 13 14 -10 -11 12 -13 15 -15 -16 -17 -18 19 -20 -21 -22 -23
leaf_value=-0.00041044755547047217 0.0025342670123343074 0.0025771815691146929 -0.0017893382466020167 0.028770048764117723 -0.013719344126818668 -0.0025144472613212523 0 0.0027519674569545412 -0.0012229428822821829 0.0015379898162141059 0.0044508383656352716 0.029019109922072267 -0.017490748643655653 0.015635698152672912 0.018369188481639449 -0.0012680780627101298 -0.0093225741343217049 -0.00025237960389451816 0.015187033180658277 -0.0068206221109184595 0.0062935350341554817 -0.0172732426304671
leaf_weight=269.94435109198093 3631.9516184777021 1104.0317581444979 2388.7796677872539 41.216573566198349 140.61541637033224 527.70191915333271 142.34605512022972 192.2164806202054 109.03304252773523 198.93456383794546 112.55351715534925 71.319897420704365 776.1615673750639 355.78124289214611 284.30857841670513 112.47056046873331 836.53643313795328 844.23549929261208 331.13619858771563 676.3894812092185 626.61246817559004 119.99334422498941
leaf_count=1267 17001 5808 12760 211 884 2716 682 901 667 1338 817 332 6619 1626 1451 838 7706 4710 1637 4149 2996 795
internal_value=4.30743e-06 -0.001506 -0.00355522 -0.00499986 -0.00813603 0.00157395 0.00361028 0.00755651 0.00603291 -0.00914774 -0.0102561 0 -0.0115154 0.0111625 0.0123761 -0.0156019 -0.0075353 9.86714e-05 0.00414056 -0.001368 0.000858529 -0.00252201
internal_weight=13894.3 9764.19 5891.65 4787.62 2398.84 3872.54 4130.08 746.469 150.25 2248.59 2049.66 211.935 1837.72 498.127 476.525 888.632 949.09 3126.07 858.838 2267.23 1590.84 964.229
internal_count=77911 58602 37980 32172 19412 20622 19309 3619 878 18534 17196 1216 15980 2308 2352 7457 8523 17003 4353 12650 8501 5505
is_linear=0
shrinkage=0.0239494


Tree=74
num_leaves=23
num_cat=0
split_feature=8 43 8 0 5 12 13 31 13 8 5 7 37 28 7 12 27 12 13 21 7 35
split_gain=114.325 111.585 80.3939 77.2384 67.9092 69.0561 55.4615 54.7944 50.0874 48.8297 120.606 48.2781 57.5339 110.847 71.3926 60.0485 47.3957 45.7891 47.4854 40.9914 44.7285 43.126
threshold=0.017174601500000001 0.59191120146656118 1.0000000180025095e-35 0.30401627500000006 5.3133192062377939 -0.15747499999999995 -0.15359499999999995 0.038445000000000007 0.11731000000000001 -1.0000000180025095e-35 -0.44831384718418116 16.88020815418167 0.37355000000000005 0.021035000000000002 78.350077682816575 0.021215000000000001 -0.010504999999999999 -0.10106499999999997 -0.088944999999999982 13.530000000000001 80.403214909977422 29.500000000000004
decision_type=2 2 2 2 2 2 2 2 2 2 2 2 2 2 2 2 2 2 2 2 2 2
left_child=1 2 3 17 5 -4 -7 -3 -8 -5 -11 -2 13 16 -15 -14 -13 -1 -19 -18 21 -21
right_child=11 7 4 9 -6 6 8 -9 -10 10 -12 12 15 14 -16 -17 19 18 -20 20 -22 -23
leaf_value=0.0031630076943316363 0.015338200008054732 -0.012049564698621984 0.0054397688215641329 0.0014662268203620981 0.0014520054969122426 -0.00051783653015850567 -0.014254274858853926 0.0042710638146229944 -0.0036559306767273646 0.014669795386292499 -0.0024754938004955189 0.010556712701278177 -0.0023032490817203764 0.008726942347839833 0.028234792876038403 0.0099086452723135682 -0.0062948736136324551 -0.00028488567803360102 -0.010143072083407843 0.0044840195369437071 -0.014838494324256005 -0.016696693726552692
leaf_weight=470.68340411782265 183.09012769162655 752.34025910496712 236.32573834806681 2518.5300054773688 924.5463060811162 451.98033644258976 810.19327679276466 125.3189609721303 435.72873005270958 590.89043022692204 369.6051929295063 310.17585111409426 1654.2878854125738 590.92744047939777 146.42750500142574 266.92404333502054 404.68750046938658 572.66562868654728 615.44708881527185 1259.7804764062166 78.781243540346622 55.144376449286938
leaf_count=2519 866 6662 1218 12405 5051 2534 6270 742 2639 3284 2469 1479 8052 2699 711 1193 1989 3333 4877 5997 400 269
internal_value=0.000178786 -0.0014366 -0.000527554 0.00124237 -0.00375957 -0.00632617 -0.00804984 -0.00955278 -0.010665 0.00329001 0.00792013 0.00310419 0.00260368 0.00477085 0.012799 -0.000530571 0.0018942 -0.00296414 -0.00551438 0.000318931 0.00234415 0.00348469
internal_weight=13824.5 8874.26 7996.6 5137.82 2858.77 1934.23 1697.9 877.659 1245.92 3479.03 960.496 4950.23 4767.14 2845.92 737.355 1921.21 2108.57 1658.8 1188.11 1798.39 1393.71 1314.92
internal_count=77658 54003 46599 28887 17712 12661 11443 7404 8909 18158 5753 23655 22789 13544 3410 9245 10134 10729 8210 8655 6666 6266
is_linear=0
shrinkage=0.0239494


Tree=75
num_leaves=23
num_cat=0
split_feature=8 8 0 7 7 30 30 5 8 29 44 37 28 16 37 31 29 45 31 37 45 28
split_gain=104.757 112.384 86.5922 77.1974 72.9025 62.6122 57.9725 87.8771 89.9347 55.8894 55.4727 52.6694 102.391 58.9586 55.0861 47.6918 46.1632 44.9324 38.4307 50.3115 36.8456 38.112
threshold=0.020100236000000004 1.0000000180025095e-35 0.33917972500000004 78.350077682816575 18.064955025301568 -0.060504999999999996 0.013425000000000001 1.5769329071044924 -0.00051215291499999991 0.011255000000000001 0.14455000000000004 0.30585000000000007 0.016395000000000003 0.9728500000000001 -0.46794999999999992 0.010995000000000001 -0.046264999999999994 1.9741000000000002 0.040285000000000008 -0.21794999999999998 1.9467000000000003 0.061465000000000006
decision_type=2 2 2 2 2 2 2 2 2 2 2 2 2 2 2 2 2 2 2 2 2 2
left_child=1 2 5 9 -2 -1 16 8 -8 10 17 12 -6 -14 -15 -7 -4 -3 -5 -20 -13 -22
right_child=4 3 6 18 11 15 7 -9 -10 -11 -12 20 13 14 -16 -17 -18 -19 19 -21 21 -23
leaf_value=0.0069069781333717167 0.019479793587593427 0.0035369674107460828 0.0083974402571750928 -0.018103224670825827 0.0010600104038042243 -0.0067185785846444164 0.0014135337893797231 -0.0035555566788644066 0.01857957225971334 0.00061096269443385205 -0.013271284626189626 0.015544500014722821 0.0025414145506820083 0.029869900827953603 0.011315645396504738 0.00087521093079026948 -0.00037448970928846351 -0.0057844812293870737 0.029468746429236869 -0.011649305515935633 -0.0025701355503230856 0.0066598867549465986
leaf_weight=331.06490572541952 155.18421600759029 374.62079314142466 414.38234046846628 326.91621576249599 1501.7651952058077 1399.3685967698693 306.05303022265434 261.73413882404566 480.3353913128376 1269.8958073556423 446.89522781223059 80.101892650127411 313.94742514193058 139.04665252566338 433.98689123988152 669.76494274288416 1883.0931553542614 1188.3323564231396 23.883474782109261 59.804532706737518 1573.4815270602703 301.47645775973797
leaf_count=1596 732 2121 1833 2825 7104 10596 1450 1329 2427 6550 3476 361 1393 717 2011 4244 10326 7734 122 385 7694 1348
internal_value=0.000187951 -0.0012347 0.000838546 -0.00450228 0.00320427 -0.00259847 0.00334798 0.00803955 0.0120845 -0.00321911 -0.00571175 0.0025892 0.00497836 0.011448 0.0160727 -0.00418994 0.00114409 -0.00345681 -0.0143961 0 -0.00025525 -0.00100814
internal_weight=13935.1 9436.14 5745.8 3690.35 4498.99 2400.2 3345.6 1048.12 786.388 3279.74 2009.85 4343.81 2388.75 886.981 573.034 2069.13 2297.48 1562.95 410.604 83.688 1955.06 1874.96
internal_count=78374 57014 33801 23213 21360 16436 17365 5206 3877 19881 13331 20628 11225 4121 2728 14840 12159 9855 3332 507 9403 9042
is_linear=0
shrinkage=0.0239494


Tree=76
num_leaves=23
num_cat=0
split_feature=27 37 28 37 37 28 37 37 15 3 27 31 13 12 5 15 31 27 44 13 37 22
split_gain=106.991 176.645 189.05 101.615 109.128 93.1414 130.877 109.33 109.206 91.9629 72.4207 58.7471 60.6545 56.6321 58.9462 52.4025 47.0513 46.5863 40.8488 38.693 36.2701 43.481
threshold=0.020975000000000004 -0.56144999999999989 0.011915000000000002 -0.027949999999999999 0.8861500000000001 0.021035000000000002 -0.15524999999999997 0.59855000000000014 0.97975000000000012 0.66825908360019193 0.014815000000000002 0.046685000000000011 -0.34483499999999995 -0.10106499999999997 -0.77810621261596669 0.96345000000000014 -0.019054999999999999 0.059125000000000004 0.012147800000000002 0.18890500000000002 0.39735000000000004 3.1642000000000006
decision_type=2 2 2 2 2 2 2 2 2 2 2 2 2 2 2 2 2 2 2 2 2 2
left_child=1 2 19 -2 16 7 18 9 10 -3 -9 12 -11 -14 -15 -6 -5 -17 -7 -1 21 -8
right_child=3 5 -4 4 15 6 20 8 -10 11 -12 -13 13 14 -16 17 -18 -19 -20 -21 -22 -23
leaf_value=-0.0053677718296715185 0.0010298601717330807 -0.00037519961393922693 0.022684382646872895 0.0054724819930761703 0.02616090717481807 0.0028128287262093794 0.00042131852540440207 0.0039354944011108063 -0.010763759851678321 0.0033948050008236947 0.021636489232627544 0.00069709549750819871 -0.0011499572807549088 -0.0045946697741668817 -0.012674047438662035 -0.0035524310449829709 0.022752784345676992 0.018524691691395603 0.030463566429458973 0.0070013091211635287 -0.0014425597271733063 0.011491309874904095
leaf_weight=298.4819074049592 1917.4044751375914 2083.0548159405589 362.65311089903116 151.1721189469099 47.063903614878654 58.634387612342834 632.75175669044256 648.737344622612 223.61046193540096 237.3952578753233 178.3336533755064 500.20874536782503 514.11604879796505 823.03716444224119 1785.7404607236385 386.77358217537403 377.34722596406937 63.656381249427795 115.44083083420992 278.76860128343105 1797.3575999140739 322.46435754001141
leaf_count=1727 8826 12489 1836 679 226 255 3130 3126 1324 1185 781 2559 2929 5680 14918 1744 1796 270 520 1283 8905 1578
internal_value=0.000312222 -0.000774001 0.00912449 0.00436984 0.0104692 -0.0017265 0.00182909 -0.00323518 0.00381156 -0.00450545 0.00792878 -0.00669622 -0.00784024 -0.00874107 -0.0101811 0.00208343 0.0180864 -0.000108171 0.0219888 0.000352581 0.000501109 0.00431124
internal_weight=13804.2 10860.8 939.904 2943.42 1026.01 9920.88 2926.65 6994.23 1050.68 5943.55 827.071 3860.5 3360.29 3122.89 2608.78 497.494 528.519 450.43 174.075 577.251 2752.57 955.216
internal_count=77766 64225 4846 13541 4715 59379 14388 44991 5231 39760 3907 27271 24712 23527 20598 2240 2475 2014 775 3010 13613 4708
is_linear=0
shrinkage=0.0239494


Tree=77
num_leaves=23
num_cat=0
split_feature=27 37 28 7 24 37 15 29 44 37 7 37 27 45 35 7 24 37 21 28 37 28
split_gain=102.428 172.236 288.374 114.981 81.5765 74.4104 116.813 91.7856 79.1271 72.3314 91.0236 59.5779 59.4721 57.6281 54.9938 52.5934 52.0887 49.4151 48.7857 45.4681 50.6513 43.4841
threshold=0.019275000000000004 -0.39034999999999992 0.013395000000000002 83.487897612836733 -0.066084999999999991 0.14965000000000003 -0.99864999999999993 0.017105000000000006 0.14813870000000004 -0.005749999999999999 37.797435975539351 0.29945000000000005 -0.010324999999999999 2.0075000000000007 3.5000000000000004 32.010689027830296 -0.15069499999999997 0.86765000000000014 12.430000000000001 0.024535000000000005 0.16865000000000002 0.017295000000000001
decision_type=2 2 2 2 2 2 2 2 2 2 2 2 2 2 2 2 2 2 2 2 2 2
left_child=1 2 4 5 -1 7 -7 15 14 18 11 -11 16 -14 -8 -3 -4 -12 -2 -5 -21 -15
right_child=9 3 12 19 -6 6 8 -9 -10 10 17 -13 13 21 -16 -17 -18 -19 -20 20 -22 -23
leaf_value=0.0049923054775359828 -0.0086162648766853443 -0.015511441414401441 0 -0.014206360753175539 -0.008864147535173679 0.0072301996298376305 0.0051202476761673206 0.0043724305804609702 -0.011004693103652914 0.0013418494926912203 0.011062114823222847 0.02636155573552304 0.022750082955608392 -0.012851684181400747 -0.0019607176401811445 -0.0051236387556889496 0.028388134303421034 -0.00029828722649325368 0.0024043914894659089 0.028003718745050223 -0.0081846880176380619 0.020159324197066453
leaf_weight=498.3975600078702 258.31782503426075 349.92188403010368 32.168585300445557 605.67668781429529 467.41229635477066 1051.4197654575109 782.33266350626945 504.8405042886734 465.84641209989786 89.028834596276283 359.69319112598896 223.57292173802853 87.36677873134613 79.256059601902962 3133.248241469264 1995.0525324568152 340.85810382664204 503.23906779289246 1929.4593935459852 32.045104548335075 65.580219402909279 30.618914008140564
leaf_count=2389 1228 2941 139 5480 3001 5628 4077 2434 3048 422 1620 1142 376 360 16940 13445 1737 2259 8905 143 310 132
internal_value=3.89437e-05 -0.00111336 0.00627156 -0.002392 -0.00156244 -0.00158217 3.5297e-05 -0.00471692 -0.00165795 0.0036873 0.00849666 0.0197031 0.0197953 0.00804242 -0.000508645 -0.00673601 0.0256183 0.00426781 0.00103639 -0.0117216 0.00219827 -0.00232331
internal_weight=13885.4 10522 1536.08 8985.96 965.81 8282.66 5432.85 2849.81 4381.43 3363.31 1175.53 312.602 570.268 197.242 3915.58 2344.97 373.027 862.932 2187.78 703.302 97.6253 109.875
internal_count=78156 62580 8134 54446 5390 48513 29693 18820 24065 15576 5443 1564 2744 868 21017 16386 1876 3879 10133 5933 453 492
is_linear=0
shrinkage=0.0239494


Tree=78
num_leaves=23
num_cat=0
split_feature=43 21 31 28 30 0 37 27 37 28 37 15 36 23 36 41 27 37 27 40 35 28
split_gain=88.5942 82.9881 64.6203 62.1123 51.1892 48.623 41.9537 39.8862 179.031 131.052 129.712 156.181 107.358 106.213 80.3517 67.6714 64.7166 61.0448 58.5068 55.4828 55.4677 53.7723
threshold=0.69259540156538379 13.530000000000001 0.020745000000000003 0.021505000000000003 -0.058484999999999988 1.1842500000000002 0.43045000000000005 0.011695000000000002 -0.34234999999999993 0.016395000000000003 0.18415000000000004 0.95455000000000012 0.84875000000000012 49.605000000000011 0.98555000000000015 -0.38126476028525302 0.030265000000000004 0.53595000000000015 -0.0073149999999999995 1.0000000180025095e-35 5.0000000000000009 0.0086150000000000011
decision_type=2 2 2 2 2 2 2 2 2 2 2 2 2 2 2 2 2 2 2 2 2 2
left_child=1 2 4 -2 -1 7 -5 8 9 15 13 17 -10 14 20 -3 -16 19 -14 -12 -9 -17
right_child=3 5 -4 6 -6 -7 -8 10 12 -11 11 -13 18 -15 16 21 -18 -19 -20 -21 -22 -23
leaf_value=0.003562448807862341 -0.013036604829890216 -0.0081400094447270591 0.0011808924408705825 0.027593576436631569 -0.0072968190998380401 0.0067475998136172265 -0.0051782183276275822 -0.0062144834850291443 1.4585994512376558e-05 0.023619503577673093 -0.003899202206412827 0 -0.014812489027820697 0.041561430454839281 -0.014314709331496903 0.0010961511337899145 0.0083503033991909146 0.024333339489030274 -0.0039832651233019907 0.015197167503503091 0.0034673799315101026 0.016732265294162094
leaf_weight=274.33901530504227 451.57585541158915 197.96931265294552 1304.5833118781447 38.732268929481506 1632.5969527214766 955.30478073656559 40.017753452062607 440.60211472213268 3116.235323369503 258.46412149071693 110.75127656012774 620.75379240512848 486.14864204078913 33.94653657078743 380.83731342107058 321.76220220327377 80.507521063089371 330.39013846963644 827.19946254044771 282.38599075376987 1413.2816060483456 234.01725468784571
leaf_count=1275 4353 1017 6683 184 10460 4418 191 2082 16106 1269 564 2876 3625 145 2647 1723 358 1597 7120 1475 6677 1201
internal_value=0.00010932 0.000502453 -0.00283442 -0.00947617 -0.00565798 0.00157895 0.00908591 0.00102246 -0.000256685 0.00880024 0.00294665 0.00888462 -0.00235927 -0.000389106 -0.00106729 0.00352488 -0.010043 0.016446 -0.00810301 0.00944604 0.00108757 0.00794269
internal_weight=13832.4 13302.1 3211.52 530.326 1906.94 10090.6 78.75 9135.25 5441.8 1012.21 3693.46 1344.28 4429.58 2349.18 2315.23 753.749 461.345 723.527 1313.35 393.137 1853.88 555.779
internal_count=78046 73318 18418 4728 11735 54900 375 50482 32061 5210 18421 6512 26851 11909 11764 3941 3005 3636 10745 2039 8759 2924
is_linear=0
shrinkage=0.0239494


Tree=79
num_leaves=23
num_cat=0
split_feature=27 37 28 37 36 27 37 37 24 15 8 37 37 28 24 34 27 45 44 8 31 21
split_gain=111.812 146.177 236.253 124.99 100.012 94.605 158.518 94.7813 90.5891 79.838 72.6288 61.875 68.365 101.932 53.0434 47.1431 46.5258 42.4576 41.6931 41.4445 47.1532 43.2008
threshold=0.019275000000000004 -0.38284999999999997 0.016195000000000005 -0.15524999999999997 0.99215000000000009 0.0083650000000000026 0.15395000000000003 -0.26494999999999996 -0.29189499999999996 -0.96634999999999993 0.0047780572500000012 0.96900000000000008 0.26795000000000008 -0.0071649999999999986 -0.16124999999999998 69.500000000000014 -0.0061049999999999993 2.0439000000000003 0.085632725000000007 -0.013500600999999999 0.035435000000000008 16.055000000000003
decision_type=2 2 2 2 2 2 2 2 2 2 2 2 2 2 2 2 2 2 2 2 2 2
left_child=1 2 16 -2 19 7 9 15 -9 -7 -8 12 13 18 -4 -6 -1 -10 -5 -3 21 -21
right_child=3 4 14 11 5 6 10 8 17 -11 -12 -13 -14 -15 -16 -17 -18 -19 -20 20 -22 -23
leaf_value=0.0031017240923722077 -0.00043536786696103099 0.0026739533571338882 0 0.0036275517818282563 0.019117315560337366 -0.016000442624176457 0.012639468808037348 0.032411132402130671 -0.013884025081228078 0.020544084522027585 -0.0024616861078903935 0.0016342292449016724 0.020245657794685904 0.020434129253843893 0.025776424812342283 -0.0038433824038690018 -0.0077007856053404834 -0.00015762067170388828 -0.01611427542904309 -0.0059487377958264871 0.00091067120284705539 0.00071330183026680784
leaf_weight=885.4464468434453 1822.8467737138271 1524.88088401407 42.411894530057907 348.01502296328545 86.285319320857525 376.64309579879045 413.33436431735754 24.472013801336288 1357.940118893981 34.370340317487717 302.88005091249943 513.53328740596771 391.95373465120792 214.10859370231628 319.53679983317852 108.07990474998951 307.13214054703712 166.7575318813324 74.456846296787262 1856.4905449897051 1923.4599397927523 745.47784729301929
leaf_count=4362 8426 7447 179 1593 639 3482 2453 136 12554 172 1865 2314 1871 996 1659 844 2060 963 384 10250 9520 3949
internal_value=-5.2976e-05 -0.00128337 0.00546468 0.00373406 -0.00247561 -0.00616359 -0.000617062 -0.00966577 -0.0116751 -0.0125891 0.00604944 0.00875735 0.0121718 0.00697123 0.0224168 0.00559834 0.00019723 -0.0124785 0 -0.000701587 -0.00187127 -0.0039839
internal_weight=13840.5 10475.6 1554.53 3364.91 8921.07 2870.76 1127.23 1743.53 1549.17 411.013 716.214 1542.07 1028.53 636.58 361.949 194.365 1192.58 1524.7 422.472 6050.31 4525.43 2601.97
internal_count=78118 62534 8260 15584 54274 23108 7972 15136 13653 3654 4318 7158 4844 2973 1838 1483 6422 13517 1977 31166 23719 14199
is_linear=0
shrinkage=0.0239494


Tree=80
num_leaves=23
num_cat=0
split_feature=31 7 7 30 13 21 12 1 44 28 45 37 26 35 12 8 25 7 7 37 7 15
split_gain=90.7959 116.639 77.311 70.464 51.3747 56.2963 47.1587 50.5638 41.3184 40.9278 38.5173 66.337 118.598 34.2761 34.0126 34.621 33.992 33.6536 32.8518 49.6514 61.7917 55.0687
threshold=0.021185000000000006 84.523251737500274 19.152803535035741 -0.11548499999999999 -1.120115 13.530000000000001 -0.049899999999999993 -0.36094793415113152 0.35150000000000009 0.088350000000000012 1.9667000000000001 -0.54839999999999989 0.93475000000000008 7.5000000000000009 0.085875000000000021 0.020505846000000005 1.7492500000000002 12.889697791374191 63.225390874047839 0.15885000000000002 29.070745592484766 -0.99864999999999993
decision_type=2 2 2 2 2 2 2 2 2 2 2 2 2 2 2 2 2 2 2 2 2 2
left_child=1 2 14 -4 -5 6 13 -8 9 10 17 12 -12 -6 15 -1 -7 -2 19 20 -13 -21
right_child=8 -3 3 4 5 16 7 -9 -10 -11 11 18 -14 -15 -16 -17 -18 -19 -20 21 -22 -23
leaf_value=-0.015233800698057385 0.021640908840381615 -0.013170208744570491 0.0097583308601091722 0.0080515325927646309 0.010168805544426394 0.00091665591079117571 0.0011617667753473623 -0.011008536785525023 0.011903500107975551 0.017794109020860586 -0.0012374189242764792 -0.018474221348483272 0.026473896312178339 -0.0033051578577171976 0.0032998940196127084 0.014359238603389361 -0.0041762644422900768 0.0041086231219163646 -0.0029283627824131975 0.013881322967456993 0 0.0015762953498375987
leaf_weight=361.4885818362236 71.527655221521854 468.4098307043314 383.74621075391769 353.8962590098381 152.92238149791956 4031.2170260697603 230.33981052786112 813.85972554981709 256.59066485613585 93.437904119491577 192.83293635398149 126.80758146941662 150.45826514065266 360.56124281138182 69.94987753033638 19.113301202654839 923.65418504923582 1249.6406940668821 1733.3432925865054 284.82751835882664 570.5135403573513 918.05447802692652
leaf_count=2879 338 4468 1720 1610 839 23720 1326 5478 1364 404 901 799 768 2085 464 92 4775 5889 9273 1450 2903 4609
internal_value=5.74781e-05 -0.00154594 -0.000819913 -0.000201155 -0.000779031 -0.00128131 -0.00525295 -0.00818404 0.00240248 0.00192321 0.00161574 0.000398779 0.0104826 0.000423178 -0.0104527 -0.013364 -3.25977e-06 0.00516836 -0.000513732 0.00161201 -0.00335249 0.00461139
internal_weight=13817.2 8169.16 7700.75 7250.2 6866.45 6512.55 1557.68 1044.2 5648.03 5391.44 5298.01 3976.84 343.291 513.484 450.552 380.602 4954.87 1321.17 3633.55 1900.2 697.321 1202.88
internal_count=78154 49456 44988 41553 39833 38223 9728 6804 28698 27334 26930 20703 1669 2924 3435 2971 28495 6227 19034 9761 3702 6059
is_linear=0
shrinkage=0.0239494


Tree=81
num_leaves=23
num_cat=0
split_feature=31 7 30 5 12 13 37 37 13 16 15 6 30 37 23 21 34 28 37 28 37 7
split_gain=101.161 117.271 65.257 75.087 59.6771 63.8825 94.2161 52.5452 71.9173 52.2123 63.4381 44.8805 44.2443 43.0988 41.0701 39.7719 38.8478 38.7629 87.8618 75.3799 52.7342 152.438
threshold=0.015915000000000002 91.292275020483473 -0.083924999999999986 7.5705807209014901 -0.11095999999999999 -0.077349999999999988 -0.24984999999999999 0.25755000000000006 -0.24839499999999998 1.0087500000000003 1.0030500000000002 -1.0000000180025095e-35 0.024375000000000004 0.48965000000000009 -37.034999999999989 16.845000000000002 49.500000000000007 -0.010804999999999999 0.16415000000000005 -0.024944999999999998 -0.41684999999999994 55.011280957798668
decision_type=2 2 2 2 2 2 2 2 2 2 2 2 2 2 2 2 2 2 2 2 2 2
left_child=1 2 -1 4 13 7 9 8 -6 16 -11 -10 -8 -4 -9 17 -7 18 -2 -20 21 -19
right_child=15 -3 3 -5 5 6 12 14 11 10 -12 -13 -14 -15 -16 -17 -18 20 19 -21 -22 -23
leaf_value=0.0051482725847274806 -0.0013527417883956758 -0.017580796873927582 0.0036666216605396426 0.0024044114539075461 -0.00033222441344088081 0.0062383650909936753 -0.013145254146774598 0.0004212096669172845 -0.016989481503835394 0.028827025068638525 -0.0028713797489995818 -0.0013731123221862565 0.0010116590395086069 -0.0057906921682182024 0.017080876747947251 0.0057108023971988659 -0.011275576063452322 -0.0030171892481471695 -0.00050339353689866516 0.023538139796241302 -0.0011601892130131358 0.017708405664653239
leaf_weight=774.09549401700497 355.7056724652648 267.63789852708578 912.67614917457104 1540.7911174446344 877.20251908898354 108.80442393571138 1186.6818974092603 481.44769086688757 337.38558474928141 73.340797863900661 56.829239964485168 184.91987480968237 120.56930141150951 391.26830165088177 108.69825504720211 1416.304612994194 183.78756151348352 468.35405003279448 96.283279329538345 217.63915674388409 3267.1308800950646 347.99845883995295
leaf_count=3519 1720 2828 4752 7719 4405 667 9970 2577 3039 412 343 1101 631 2000 620 7222 1379 2160 438 1139 17547 1820
internal_value=-0.00010395 -0.0019624 -0.00137289 -0.00216413 -0.00359442 -0.005145 -0.00853967 -0.00211992 -0.0046941 0.000973242 0.0138664 -0.0117402 -0.0117278 0.000716814 0.00373721 0.00216362 -0.00426366 0.00107592 0.00642314 0.0156992 0.0001633 0.00563893
internal_weight=13775.6 7606.14 7338.5 6564.4 5023.61 3719.67 1730.01 1989.65 1399.51 422.762 130.17 522.305 1307.25 1303.94 590.146 6169.42 292.592 4753.11 669.628 313.922 4083.48 816.353
internal_count=78008 45962 43134 39615 31896 25144 13402 11742 8545 2801 755 4140 10601 6752 3197 32046 2046 24824 3297 1577 21527 3980
is_linear=0
shrinkage=0.0239494


Tree=82
num_leaves=23
num_cat=0
split_feature=29 43 37 28 37 17 30 28 36 44 17 37 1 37 17 28 37 8 28 31 13 25
split_gain=90.7769 87.4977 74.9986 152.766 108.721 125.922 97.948 70.9847 81.7582 60.5738 51.2162 50.1313 53.2514 48.2141 89.9824 74.1978 44.2771 43.147 42.3683 40.6429 40.1395 39.7985
threshold=0.018775000000000003 0.5874861072919263 -0.38284999999999997 0.013395000000000002 0.15885000000000002 -0.99864999999999993 -0.0061849999999999987 -0.011714999999999998 0.59700000000000009 0.056423310000000011 -1.0000499999999997 -0.24984999999999999 -0.020782914510771248 0.37990000000000007 0.97365000000000013 0.021035000000000002 0.45055000000000006 -0.096960961999999984 0.013775000000000001 -0.032094999999999992 -0.074919999999999987 1.3168500000000003
decision_type=2 2 2 2 2 2 2 2 2 2 2 2 2 2 2 2 2 2 2 2 2 2
left_child=1 2 3 17 6 10 -4 16 -9 -8 -6 12 -11 15 -15 -2 -7 -1 19 -3 -10 -5
right_child=13 18 4 21 5 7 9 8 20 11 -12 -13 -14 14 -16 -17 -18 -19 -20 -21 -22 -23
leaf_value=0.020321599418061286 0.0025656659973807851 0 0.0011177078562029698 0.020200477566107537 0.0030489542128045097 -0.0027623764232219817 -0.0039606079218284301 0.00012716790421656645 0.0013728175823303392 -0.018489632224398759 0.013547963780280543 -0.015741024099347342 0.0069348359118974979 0.016911579673703561 -0.0015396679668123229 0.011997094042726754 0.01820602513633271 -0.0012504319878960382 0.0020543478943484978 -0.013394760399399559 -0.011539025035924608 0.0027163605831768355
leaf_weight=55.6662907153368 1660.4258097559214 174.41783072054386 1019.6077424138784 343.54906590282917 642.91011537611485 73.020276710391045 1109.1135514006019 1777.4383154436946 149.942701138556 71.99890398979187 518.99311670660973 686.58090955764055 131.09307770431042 167.32641914486885 1596.3959251642227 707.71608375012875 160.8651185631752 1136.1446580737829 173.00737480074167 594.68022680282593 661.07207636535168 121.50552754104137
leaf_count=244 7697 1089 5674 1658 3077 354 6540 9265 1031 517 3046 5900 909 782 7634 3217 779 5997 1029 5848 4901 590
internal_value=0.000234453 -0.00103135 -0.000259809 0.00430121 -0.00135983 0.00120835 -0.00479817 -0.00148004 -0.0026673 -0.007889 0.00786429 -0.0126222 -0.00135946 0.00321127 0.000128031 0.00544591 0.0110352 -0.000120314 -0.00796809 -0.0104125 -0.00897178 0.0159464
internal_weight=13733.5 9601.61 8659.5 1656.87 7002.64 3984.24 3018.39 2822.34 2588.45 1998.79 1161.9 889.673 203.092 4131.86 1763.72 2368.14 233.885 1191.81 942.105 769.098 811.015 465.055
internal_count=77778 58448 50482 8489 41993 22453 19540 16330 15197 13866 6123 7326 1426 19330 8416 10914 1133 6241 7966 6937 5932 2248
is_linear=0
shrinkage=0.0239494


Tree=83
num_leaves=23
num_cat=0
split_feature=37 15 27 28 36 27 37 37 15 34 5 15 28 36 36 37 28 15 21 12 13 1
split_gain=97.7956 175.26 174.425 129.008 106.221 91.5468 122.973 101.324 86.5268 73.0042 72.6786 62.5407 61.6869 61.4816 55.059 79.0712 88.2666 51.0708 47.3385 46.1411 47.1582 46.535
threshold=-0.38284999999999997 0.99665000000000015 0.020365000000000005 0.016195000000000005 0.82215000000000005 0.0083650000000000026 0.26795000000000008 -0.26494999999999996 -0.98044999999999993 69.500000000000014 -2.1985372304916377 -0.99934999999999985 0.0087750000000000015 0.98555000000000015 0.99990000000000012 0.17365000000000003 0.0068750000000000009 1.0098500000000004 16.345000000000002 -0.27307999999999993 0.34955000000000008 0.076429452539372458
decision_type=2 2 2 2 2 2 2 2 2 2 2 2 2 2 2 2 2 2 2 2 2 2
left_child=1 13 4 10 18 7 8 9 -7 12 -3 -8 -6 -1 -4 16 -16 -14 -2 -9 21 -21
right_child=2 3 14 -5 5 6 11 19 -10 -11 -12 -13 17 -15 15 -17 -18 -19 -20 20 -22 -23
leaf_value=0.0015862716419676984 -0.0018785306872563013 0.017760587635486536 0.0032070877461709232 0.024858090496966148 -0.0081755018929201128 -0.013502198180102952 0.013363008921610636 0.013805235334592082 0.010430866625684879 -0.0060679335558919177 -0.00070726017745864373 -0.0010583554088129386 0.0459737998943913 -0.011352321839072973 -0.0093580392064218226 0.021840851799060066 0.028856616723502263 0 0.0028755600250376847 -0.0083781826087261542 0.00072756057509609404 -0.017740764950348202
leaf_weight=1663.3392556905746 4481.7913407683372 177.80476562678814 1457.1861206591129 330.01926354318857 22.428683251142502 476.76295253634453 331.06857025623322 34.313930794596672 98.917579770088196 119.28304471075535 347.26270252466202 324.57740218192339 50.605235777795315 241.15244203060865 128.88460266590118 251.98421154916286 47.24413999915123 21.043188527226448 1626.8390108495951 635.29604342579842 123.41144067049026 778.16922171413898
leaf_count=7693 23233 842 6596 1746 227 4379 1711 188 603 929 1980 1907 315 1545 701 1287 206 129 8168 5842 688 7231
internal_value=-2.82997e-05 0.00399222 -0.0010493 0.0129998 -0.00243068 -0.00611352 -0.000957466 -0.00958932 -0.00913616 0.00543557 0.00526844 0.00600099 0.0215734 0 0.00555887 0.0132226 6.34674e-05 0.0329241 -0.000588523 -0.0117226 -0.0123876 -0.013636
internal_weight=13769.4 2759.58 11009.8 855.087 9124.51 3015.88 1231.33 1784.55 575.681 213.36 525.067 655.646 94.0771 1904.49 1885.3 428.113 176.129 71.6484 6108.63 1571.19 1536.88 1413.47
internal_count=78146 13806 64340 4568 55550 24149 8600 15549 4982 1600 2822 3618 671 9238 8790 2194 907 444 31401 13949 13761 13073
is_linear=0
shrinkage=0.0239494


Tree=84
num_leaves=23
num_cat=0
split_feature=27 37 26 7 37 27 36 31 37 27 15 21 30 6 30 8 39 5 37 29 27 27
split_gain=115.673 144.22 148.952 80.3765 79.3977 77.9079 65.2173 65.1121 65.2511 52.4012 51.1856 44.602 44.1237 50.1625 48.0616 49.9017 49.2067 43.085 36.1051 45.954 35.2548 35.0776
threshold=0.022195000000000003 -0.50084999999999991 0.88080000000000014 83.487897612836733 -0.26494999999999996 -0.010704999999999998 0.99990000000000012 0.038445000000000007 -0.22444999999999996 -0.034504999999999994 1.0000500000000001 15.180000000000001 -0.028694999999999995 0.043797188515781557 0.0089750000000000021 0.0062441527500000007 0.14665000000000003 4.4798190593719491 0.18945000000000004 0.011935000000000001 0.011025000000000002 0.050095000000000008
decision_type=2 2 2 2 2 2 2 2 2 2 2 2 2 2 2 2 2 2 2 2 2 2
left_child=1 2 9 11 21 -4 -6 20 -9 -1 -7 12 -3 14 17 -16 -17 -14 19 -8 -5 -2
right_child=4 3 5 7 6 10 18 8 -10 -11 -12 -13 13 -15 15 16 -18 -19 -20 -21 -22 -23
leaf_value=0.0050280229747561569 -0.0018661198992255671 0.0018667498458941915 0.027981784434386182 -0.015900210679959375 0.005628323409952546 0.019163977596351189 -0.0093199917090559647 0.022161083355414911 -0.0067490356715046319 -0.0088485416821056061 -0.00036387002519285282 0.00095350817285692056 -0.010757472240427134 -0.00010193176597905817 0.0027823354374595191 0 -0.010377964746026121 -0.00065235641836017201 0.025537789299002328 0.020326354561958856 0.0020404240926934379 0.0065080184512154148
leaf_weight=381.57480275630951 1007.3766780048609 1033.8699297532439 215.15087706595659 495.00409210473299 1039.313811391592 128.38388692587614 48.658460319042206 63.242194704711437 147.01278450340033 261.93587889522314 157.59166196733713 3163.4921830445528 1130.1175030395389 1714.4449024125934 630.62122096866369 516.14209970086813 576.96425718069077 348.07666156440973 185.95612075924873 64.277140244841576 55.823771476745605 397.48860108852386
leaf_count=1749 4658 5124 1239 4867 4656 671 271 319 833 1508 848 17779 9435 8972 3656 2836 3312 2073 970 296 447 1728
internal_value=7.51567e-05 -0.00100951 0.00701022 -0.0019539 0.00448569 0.0168088 0.00866652 -0.00946204 0.00125227 -0.000393389 0.0078922 -0.00131087 -0.00253929 -0.00349555 -0.00526703 -0.00242977 -0.00557027 -0.00847677 0.0187424 0.00626013 -0.0138169 0.000399287
internal_weight=13762.5 11019.4 1144.64 9874.81 2743.07 501.126 1338.21 761.083 210.255 643.511 285.976 9113.73 5950.24 4916.37 3201.92 1723.73 1093.11 1478.19 298.892 112.936 550.828 1404.87
internal_count=78247 65668 6015 59653 12579 2758 6193 6466 1152 3257 1519 53187 35408 30284 21312 9804 6148 11508 1537 567 5314 6386
is_linear=0
shrinkage=0.0239494


Tree=85
num_leaves=23
num_cat=0
split_feature=0 31 7 7 40 31 12 1 28 35 28 1 28 45 12 35 39 13 0 31 21 29
split_gain=85.2768 72.8003 92.212 65.4081 59.092 45.2221 44.1769 43.2439 34.588 29.9698 32.2782 31.2542 41.9147 33.5277 30.0375 36.1846 31.9362 29.599 26.4306 35.8164 26.2784 26.0513
threshold=1.1588009500000001 0.015475000000000001 80.971140695363928 18.064955025301568 1.5000000000000002 -0.11509499999999999 0.085875000000000021 -0.32730034908446531 0.088350000000000012 8.5000000000000018 -0.0093249999999999982 -0.41794735357223628 0.021035000000000002 1.9767000000000001 0.063845000000000013 5.0000000000000009 0.073050000000000018 0.2814600000000001 0.16400780000000004 -0.053744999999999994 20.525000000000002 -0.051234999999999996
decision_type=2 2 2 2 2 2 2 2 2 2 2 2 2 2 2 2 2 2 2 2 2 2
left_child=1 2 3 6 18 -4 -1 -6 9 14 -11 -12 13 -13 16 -16 -3 -14 19 -5 -7 -9
right_child=-2 8 5 4 7 20 -8 21 -10 10 11 12 17 -15 15 -17 -18 -19 -20 -21 -22 -23
leaf_value=-0.016477617022659336 0.0059882239463087067 0.012396738074744985 0.013040639384616401 0.0049734670988122072 0.0019435650615300419 -0.016834324924322845 0.007768985549114261 0.0087954885275269255 0.019175181787895165 0.0050057397363142461 0.007884235748008242 0.00097260103803578234 0.0067286024269756269 -0.0062600660141307772 -0.0047357527452736017 0.0081218068243305748 0.0033065001470949764 -0.0010585054471746226 0.0019572863156007351 -0.005938019843323622 0.0075642493637176266 -0.0061603625569233893
leaf_weight=255.09642022848129 1245.2783074006438 330.34710814803839 29.460766598582268 226.7846168205142 533.26442831009626 379.83654108643532 42.965312600135803 61.436582565307617 63.516368106007576 609.27934408187866 204.8351598456502 479.23503868281841 430.82921501994133 1222.5015166476369 403.90149957686663 179.75332432240248 906.99103094637394 734.13384338468313 2995.7175784409046 611.51070955395699 18.573555111885071 1831.3640669509768
leaf_count=2159 5776 1779 140 1156 2932 3974 289 278 267 3023 1016 2467 2112 7445 2047 897 4843 3538 16577 4330 176 11193
internal_value=2.86319e-08 -0.000582454 -0.0022187 -0.00149072 -0.000943556 -0.0130355 -0.0124925 -0.00387994 0.00144525 0.00121402 0 -0.00102815 -0.00171591 -0.00413742 0.0037273 -0.000525682 0.00585146 0.00169599 0.000876424 -0.00281192 -0.0153303 -0.00559777
internal_weight=13796.6 12551.3 6986.01 6558.14 6260.08 427.871 298.062 2426.07 5565.32 5501.81 3680.81 3071.53 2866.7 1701.74 1820.99 583.655 1237.34 1164.96 3834.01 838.295 398.41 1892.8
internal_count=78414 72638 43204 38914 36466 4290 2448 14403 29434 29167 19601 16578 15562 9912 9566 2944 6622 5650 22063 5486 4150 11471
is_linear=0
shrinkage=0.0239494


Tree=86
num_leaves=23
num_cat=0
split_feature=29 5 31 31 36 23 37 37 27 37 23 15 13 13 16 37 28 27 41 6 25 5
split_gain=76.7908 85.976 69.9921 92.7285 53.5681 47.4208 86.9197 48.9926 80.5392 38.8265 84.2685 45.5528 36.811 42.3902 39.8208 30.9597 54.7532 30.354 32.7752 28.4055 27.6625 35.0915
threshold=0.016405000000000006 -1.1043890714645384 -0.027654999999999996 0.015475000000000001 0.9436500000000001 73.185000000000016 -0.23014999999999997 0.44405000000000006 0.014815000000000002 -0.53524999999999989 69.575000000000003 -0.96234999999999993 0.15586500000000003 -0.26610499999999998 1.0260500000000004 0.53595000000000015 -0.011954999999999999 -0.0066649999999999991 0.42716262855650772 0.060883102445773711 1.0672500000000003 -2.5942014455795284
decision_type=2 2 2 2 2 2 2 2 2 2 2 2 2 2 2 2 2 2 2 2 2 2
left_child=1 5 -3 12 -2 7 20 19 -9 11 -11 -5 13 -4 15 -15 -17 -6 -19 -1 -7 -22
right_child=4 2 3 9 17 6 -8 8 -10 10 -12 -13 -14 14 -16 16 -18 18 -20 -21 21 -23
leaf_value=-0.0027436220607111612 0.0015353200147257726 0.0016001509770909514 0.00023413711471164902 -0.004550876282710282 0 0.02357541988436113 -0.0057231446162193658 0.0012824321313160906 0.017694665933460123 0.00087049748159655422 -0.011332435066061599 0.019006515205844007 -0.00030771178871103334 -0.012818655048114485 0.009520790001549137 0.027631693182542293 -0.007835617255072095 0.016350189403090614 0.00022905646673544985 0.0036867979982212881 0.014713154844145317 -0.019301243870639577
leaf_weight=1869.3847604468465 4013.8653823509812 1265.7516984343529 195.58505029976368 65.9958805590868 129.14245752990246 169.85165686160326 128.56175193935633 863.81659736484289 221.98140230774879 1305.931002497673 424.73464722931385 114.2420017272234 322.39487325400114 1370.9895852431655 45.492738574743271 29.200361788272858 154.14111772924662 327.14694296568632 116.89827068150043 483.56867317855358 63.09376485645771 21.596389882266521
leaf_count=10517 18829 6975 1037 337 663 999 943 4204 1114 7374 3056 600 2107 12846 269 136 1018 1522 535 2397 372 136
internal_value=1.90437e-05 -0.00124192 -0.00322666 -0.00477942 0.00255692 0.00146936 0.00948565 0.000533816 0.00477227 -0.000868398 -0.00203993 0.00957052 -0.00823939 -0.00958231 -0.0108737 -0.0115646 -0.0013902 0.00945607 0.0124351 -0.00136 0.0177409 0.00431488
internal_weight=13703.4 9116.31 5294.46 4028.71 4587.05 3821.85 383.104 3438.75 1085.8 1910.9 1730.67 180.238 2117.8 1795.41 1599.82 1554.33 183.341 573.188 444.045 2352.95 254.542 84.6902
internal_count=77986 56437 35755 28780 21549 20682 2450 18232 5318 11367 10430 937 17413 15306 14269 14000 1154 2720 2057 12914 1507 508
is_linear=0
shrinkage=0.0239494


Tree=87
num_leaves=23
num_cat=0
split_feature=27 37 26 27 37 28 13 35 36 12 36 28 12 28 13 37 45 31 37 26 13 42
split_gain=67.5241 123.487 226.624 108.564 87.3542 202.129 87.3882 84.213 83.1544 77.8988 74.6804 79.3311 68.8143 69.8742 78.3598 76.5815 66.8036 64.2328 64.1417 54.5616 54.1146 50.6905
threshold=-0.012584999999999997 -0.19924999999999995 0.94975000000000009 0.013255000000000001 0.32505000000000006 -0.011714999999999998 0.037205000000000009 3.5000000000000004 0.99215000000000009 -0.037144999999999991 0.97465000000000013 0.007745000000000001 0.094945000000000015 0.0091750000000000009 -0.14990499999999998 -0.31714999999999993 2.0057000000000005 0.025405 0.0063500000000000006 -0.39444999999999991 -0.07051499999999998 0.015299707500000001
decision_type=2 2 2 2 2 2 2 2 2 2 2 2 2 2 2 2 2 2 2 2 2 2
left_child=1 2 -1 7 6 19 10 9 -3 21 -5 -12 13 14 18 16 -15 -11 -9 -6 -7 -2
right_child=3 8 -4 4 5 20 -8 12 -10 17 11 -13 -14 15 -16 -17 -18 -19 -20 -21 -22 -23
leaf_value=0.0026341896058224477 0.012253678144797088 0.0019094957551434482 0.029525173810495076 0.0011118856660362402 0 0.013924549866478475 0.026034862073960826 -0.012319090339171555 -0.01506610356276435 -0.00937012380681807 -0.011642321343587506 0.011161155615284704 0.005324605448161799 0.016424991069440727 -0.012348946330196751 -0.0041860880639262204 -0.0014800356806359235 0.0071979690323018186 0.0065326755195666379 0.026160534873236291 -0.00032480720208395822 -0.0016475496153177101
leaf_weight=602.65529058873653 511.49003123492002 1033.7079796046019 265.22370982915163 2795.4590489417315 46.09013919532299 178.46092939376831 72.505016595125198 163.86592911928892 196.00277981907129 381.53698819875717 543.42471086978912 97.940441504120827 411.1988962739706 206.18075878173113 1115.1724946275353 2921.7974710687995 253.46172246336937 198.11680337041616 279.4651366174221 314.47067634016275 947.58909419924021 188.52254063636065
leaf_count=2804 2920 4879 1442 13087 190 803 309 1249 1238 3093 3510 433 2393 1065 10510 17178 1351 1113 1695 1614 4343 1002
internal_value=0.000129256 0.00409289 0.0110204 -0.000573265 0.00207668 0.00694237 0 -0.00259188 -0.000677485 0.00286168 -0.000533426 -0.00793238 -0.00392333 -0.00472268 -0.00896003 -0.0027265 0.00623388 -0.00345546 -0.000105999 0.0225853 0.00180381 0.00830128
internal_weight=13724.3 2097.59 867.879 11626.7 4995.94 1486.61 3509.33 6630.81 1229.71 1279.67 3436.82 641.365 5351.14 4939.94 1558.5 3381.44 459.642 579.654 443.331 360.561 1126.05 700.013
internal_count=78221 10363 4246 67858 24289 6950 17339 43569 6117 8128 17030 3943 35441 33048 13454 19594 2416 4206 2944 1804 5146 3922
is_linear=0
shrinkage=0.0239494


Tree=88
num_leaves=23
num_cat=0
split_feature=21 1 37 13 37 13 28 29 23 30 6 13 12 37 34 6 37 28 28 37 0 45
split_gain=74.6179 71.09 63.3988 111.513 59.3696 138.716 87.3823 57.7477 72.5758 47.0745 53.777 48.8228 58.937 36.518 56.3246 36.5816 35.1692 53.9581 50.7481 32.5327 30.0604 29.6986
threshold=16.810000000000006 -0.41794735357223628 0.26265000000000005 -0.46678999999999993 -0.38284999999999997 0.043515000000000005 0.013395000000000002 0.018775000000000003 69.995000000000019 -0.054104999999999993 0.024409734618393002 -0.11261499999999998 -0.12606999999999999 -0.26494999999999996 69.500000000000014 0.21703657018448799 0.44405000000000006 0.013615000000000002 0.031685000000000012 0.28865000000000007 0.35167376500000008 2.0163000000000006
decision_type=2 2 2 2 2 2 2 2 2 2 2 2 2 2 2 2 2 2 2 2 2 2
left_child=1 2 3 -1 5 -3 -7 8 9 -6 11 19 -13 14 20 -15 18 -18 -9 -11 -10 -8
right_child=-2 4 -4 -5 7 6 21 16 13 10 -12 12 -14 15 -16 -17 17 -19 -20 -21 -22 -23
leaf_value=0.0051536285258929147 0.0031320874408622833 -0.004294106440841554 0.011023166194585016 -0.012341091945430387 0.0037081550003267103 0.0020957181466463764 0.026202024321449684 0.0012510750516871092 0 -0.0043655961216413934 -7.5242215174203049e-05 -0.0012127312312969418 -0.011754962244892447 -0.016354232404722505 -0.017307084785247933 0.0020536662946721517 0.016947776090900653 -0.0037318755174235263 0.016612302939273949 0.0059148289214058306 0.033166091289592477 0.010415108886713702
leaf_weight=777.37321326881647 3268.9262702092528 917.33412432670593 472.08253291249275 285.11480938643217 493.32722694426775 480.40576408058405 166.05357118695974 806.86271950602531 19.00813015550375 635.39430347830057 1347.7064799666405 465.8517179787159 1096.1722134202719 494.61628492921591 46.363916240632534 55.039497524499893 75.536668941378593 1117.990634098649 152.15352261066437 236.65775371342897 32.423595912754536 193.38403402268887
leaf_count=3566 17897 4592 2390 2129 2357 2559 835 3847 167 3940 7852 2535 9156 4396 405 284 366 5345 687 1257 194 973
internal_value=-1.19925e-05 -0.00101749 0.00370886 0.000321531 -0.0018552 0.00203667 0.00912545 -0.00284243 -0.00427575 -0.00309761 -0.00402402 -0.0061504 -0.00870438 -0.0118294 0.000255515 -0.0142453 0.00036752 -0.00230072 0.00384051 -0.00140823 0.018927 0.0181147
internal_weight=13635.8 10366.9 1534.57 1062.49 8832.28 1757.18 839.843 7075.1 4922.56 4275.11 3781.78 2434.08 1562.02 647.451 97.7956 549.656 2152.54 1193.53 959.016 872.052 51.4317 359.438
internal_count=77729 59832 8085 5695 51747 8959 4367 42788 32543 27097 24740 16888 11691 5446 766 4680 10245 5711 4534 5197 361 1808
is_linear=0
shrinkage=0.0239494


Tree=89
num_leaves=23
num_cat=0
split_feature=31 7 7 30 37 26 27 28 8 23 31 28 21 13 12 35 31 13 12 37 16 7
split_gain=70.7884 89.9466 75.881 52.4202 44.1428 126.787 89.4182 57.3233 74.5623 43.6129 48.3215 45.4825 39.5 37.5175 42.4749 41.113 36.9004 33.8305 32.2261 31.531 31.4211 30.5943
threshold=0.015475000000000001 82.16430307484373 18.064955025301568 -0.087839999999999988 -0.39034999999999992 0.49725000000000003 0.020975000000000004 0.017055000000000004 0.010159194500000001 67.165000000000006 0.038445000000000007 0.032115000000000012 13.140000000000002 -1.8473199999999996 -0.049899999999999993 6.5000000000000009 -0.032094999999999992 -0.22430999999999998 0.085875000000000021 -0.21794999999999998 1.09155 28.475344634012036
decision_type=2 2 2 2 2 2 2 2 2 2 2 2 2 2 2 2 2 2 2 2 2 2
left_child=1 2 18 -4 5 -2 9 8 -7 -6 11 -11 13 -5 15 -15 -3 -14 -1 -12 -21 -8
right_child=4 16 3 12 6 7 21 -9 -10 10 19 -13 17 14 -16 -17 -18 -19 -20 20 -22 -23
leaf_value=-0.016354329309652187 7.9826466387792404e-05 0 0.0056893954011478102 0.020467685068931783 0.00078248158824888463 0.021313309308166994 0.015294004351491877 0.025528150190051949 -0.0052748176797721823 -0.014745628150123461 0.01502058343430643 0.019222609025767154 0.0029697928923536187 0.015687647095429559 -0.0089991140377311454 -0.0034252479905413601 -0.016719219601800485 -0.0015305258180773251 0.003938607652841937 -0.0072831877709527574 0.0016130603250177724 0.0045789748328399849
leaf_weight=253.77689546346664 844.3527017980814 82.327922962605953 681.72143507003784 29.411659881472588 2701.7640694230795 111.68519738316536 225.74725577235222 208.24744864553213 118.4104983061552 324.21003564447165 59.012497305870056 20.686090558767319 1300.9847118705511 82.309002205729485 813.82519119977951 288.92571031302214 311.15774903446436 3570.9037309810519 41.237433917820454 450.63647545129061 418.37992133200169 709.67110331356525
leaf_count=2196 3885 583 3074 135 14306 564 1198 1252 595 2645 303 93 6270 470 5377 1690 3475 22025 271 2451 2043 3154
internal_value=-0.000171875 -0.00175335 -0.00110987 -0.000569016 0.00170876 0.00567978 0.000641641 0.0161334 0.00699604 -0.000893563 -0.00456566 -0.0122848 -0.001294 -0.00516609 -0.00592553 0.00041905 -0.0129328 -0.000298789 -0.0130227 -0.00153952 -0.00283213 0.00732099
internal_weight=13649.4 7456.58 7063.1 6768.08 6192.8 1282.7 4910.11 438.343 230.096 3974.69 1272.93 344.896 6086.36 1214.47 1185.06 371.235 393.486 4871.89 295.014 928.029 869.016 935.418
internal_count=78055 45566 41508 39041 32489 6296 26193 2411 1159 21841 7535 2738 35967 7672 7537 2160 4058 28295 2467 4797 4494 4352
is_linear=0
shrinkage=0.0239494


Tree=90
num_leaves=23
num_cat=0
split_feature=0 31 7 21 30 13 12 1 35 6 35 25 15 39 21 13 36 37 26 1 37 27
split_gain=76.4239 62.2621 71.8807 53.3141 52.1765 50.2383 38.9186 61.3731 42.931 36.5352 34.5651 34.3287 33.3095 31.6445 30.999 30.3941 29.8374 29.2532 149.912 80.0006 42.708 39.2034
threshold=1.1842500000000002 0.034815000000000006 91.292275020483473 13.530000000000001 0.015365000000000002 -0.26610499999999998 -0.048604999999999988 -0.36775373059838845 7.5000000000000009 0.015849010916922503 30.500000000000004 1.6042500000000002 1.0013500000000002 0.20635000000000003 14.035000000000002 0.2814600000000001 0.98555000000000015 -0.30064999999999992 0.94975000000000009 0.080030440072962158 0.21505000000000005 0.0050650000000000009
decision_type=2 2 2 2 2 2 2 2 2 2 2 2 2 2 2 2 2 2 2 2 2 2
left_child=1 2 3 6 -4 14 8 9 12 -8 -9 17 -1 15 -5 -10 -3 18 -7 20 -19 -21
right_child=-2 16 4 5 -6 11 7 10 13 -11 -12 -13 -14 -15 -16 -17 -18 19 -20 21 -22 -23
leaf_value=0.02026023428720105 0.0059789573389814306 0.0010393741419973766 -0.015700377931786778 0.014972259965797518 0.0017454426403219099 -0.0047731394666029325 -0.00047945356824088449 -0.010484718340678687 -0.015696745651007215 0.028396206094945791 0.011791218198256367 -0.0054855045946246286 0 0.0069129652628304129 0.0027399217152214213 0 0.0066910482953323322 -0.0027298371831385128 0.016431984031084299 -0.009720748021828143 0.0039565766471016473 0.001031428255723164
leaf_weight=95.043325752019882 1153.9033589363098 3127.2696094661951 338.87728948891163 141.46139980107546 118.4121466204524 445.10953149199486 384.70430663973093 1014.9626434519887 142.8772159293294 26.408592090010643 35.462249636650085 842.82522857189178 84.970878630876541 110.20533335953951 1219.8163871690631 164.13119020313025 674.20794878900051 892.45239932835102 327.1220665872097 729.87470182031393 1364.4448829367757 233.1596691608429
leaf_count=538 5343 15067 3761 668 651 2502 2112 7077 1021 163 224 4702 472 614 5814 847 3812 6711 1790 5319 7678 1175
internal_value=7.22636e-05 -0.000460726 -0.00158615 -0.00105454 -0.0108635 3.15391e-05 -0.00439423 -0.00650817 0.000534474 0.00102026 -0.00959365 -0.00108889 0.0105162 -0.00342232 0.00411837 -0.00760801 0.00208014 -0.000124099 0.00402038 -0.00116342 0.00124784 -0.0069659
internal_weight=13667.7 12513.8 8712.32 8255.03 457.289 6196.27 2058.77 1461.54 597.228 411.113 1050.42 4834.99 180.014 417.214 1361.28 307.008 3801.48 3992.16 772.232 3219.93 2256.9 963.034
internal_count=78061 72718 53839 49427 4412 36359 13068 9576 3492 2275 7301 29877 1010 2482 6482 1868 18879 25175 4292 20883 14389 6494
is_linear=0
shrinkage=0.0239494


Tree=91
num_leaves=23
num_cat=0
split_feature=31 13 7 21 0 12 7 31 37 21 1 37 7 8 30 5 8 44 13 5 21 43
split_gain=70.2909 80.1674 65.8779 52.882 48.9252 58.4055 37.1611 44.2778 37.851 36.2207 39.0742 63.9616 47.1464 35.8321 41.708 47.3583 46.5022 36.0406 34.578 34.3431 30.4945 33.5931
threshold=0.015475000000000001 -0.25616499999999992 82.16430307484373 12.840000000000002 0.33917972500000004 -0.11095999999999999 41.786155279605033 0.013175000000000001 0.22055000000000002 15.445000000000002 -0.37600418285252651 0.27815000000000006 32.457950199443644 1.0000000180025095e-35 0.0084550000000000024 1.5769329071044924 -0.0032418966 0.16713924000000005 -0.12662999999999999 5.569387912750245 14.035000000000002 0.43160470900032427
decision_type=2 2 2 2 2 2 2 2 2 2 2 2 2 2 2 2 2 2 2 2 2 2
left_child=1 3 4 -1 5 -3 7 -7 -9 10 11 12 -2 14 17 16 -16 -6 -13 -15 21 -5
right_child=9 2 -4 20 13 6 -8 8 -10 -11 -12 18 -14 19 15 -17 -18 -19 -20 -21 -22 -23
leaf_value=-0.0045369512411526178 -0.012502048114640736 0.00015890158352146767 -0.013149243522309144 0.01631975655239707 0.0018757886272352761 -0.015626829785119044 -0.0048901426322093726 -0.010511443186082096 0.035554346774983807 0.004618100987350441 -0.00020048791090148809 0.003877744401061551 0.0063774628291597794 -0.0062324901169759101 -0.00086501122635265022 -0.0068276736490791587 0.018945423577419108 -0.011162125062505902 0.029421374349037709 0.0012664496811506045 0.0027810679737318698 0
leaf_weight=458.58017621189356 102.25671627372503 809.07171909511089 350.89290135353804 226.87754651159048 851.31923437863588 435.59566673636436 1037.6823374181986 15.641733549535273 18.699854031205177 2018.293520539999 3628.8101945221424 67.690676763653755 280.40722416341305 772.85443928092718 76.674757182598114 72.297911733388901 232.98703112453222 141.87245785444975 91.515734881162643 591.56781130284071 1298.2933553084731 93.118850514292717
leaf_count=2251 563 4298 3888 1049 4261 4050 8407 130 121 10400 19267 319 1336 4602 379 428 1265 1109 512 2971 6146 461
internal_value=7.34719e-05 -0.00147694 -0.00302537 0.00248411 -0.00229392 -0.00485709 -0.00764581 -0.0134199 0.0103204 0.00197191 0.000656335 0.00666382 0.000950773 -7.309e-05 0.00259994 0.00932563 0.0135686 0 0.0194782 -0.00287417 0.00456393 0.011341
internal_weight=13673 7484.03 5407.16 2076.87 5056.26 2316.69 1507.62 469.937 34.3416 6188.97 4170.68 541.87 382.664 2739.57 1375.15 381.96 309.662 993.192 159.206 1364.42 1618.29 319.996
internal_count=78213 45816 35909 9907 32021 17006 12708 4301 251 32397 21997 2730 1899 15015 7442 2072 1644 5370 831 7573 7656 1510
is_linear=0
shrinkage=0.0239494


Tree=92
num_leaves=23
num_cat=0
split_feature=31 7 31 7 21 27 13 22 5 30 24 16 35 28 15 28 24 35 31 35 35 35
split_gain=73.2878 73.4437 61.1398 45.066 33.6309 32.6559 74.4591 41.9931 39.6259 32.373 31.8699 29.1564 28.829 29.1034 27.5615 25.7266 28.9699 25.5048 25.2627 28.6974 24.2524 23.4995
threshold=0.015475000000000001 94.708020970916451 -0.092299999999999979 21.449379490862615 15.355000000000002 0.011695000000000002 0.15586500000000003 3.9998000000000005 8.1686091423034686 0.022005 0.047195000000000008 -0.93544999999999989 15.500000000000002 -0.011034999999999998 -0.98284999999999989 0.018975000000000002 0.17616000000000001 2.5000000000000004 0.16007500000000002 7.5000000000000009 1.5000000000000002 29.500000000000004
decision_type=2 2 2 2 2 2 2 2 2 2 2 2 2 2 2 2 2 2 2 2 2 2
left_child=1 2 -1 10 12 6 7 8 9 -5 -4 -6 14 -14 -2 16 -15 -8 19 -13 -7 -22
right_child=4 -3 3 5 11 20 17 -9 -10 -11 -12 18 13 15 -16 -17 -18 -19 -20 -21 21 -23
leaf_value=0.0033883285920885482 -0.0028900958167676458 -0.016040140288189147 -0.016169363526195316 -0.010908637819346527 0.0090788546946168214 -0.0076251504722313077 0.0096031348646060735 -0.00084818311570718263 0.0016086264910766495 0 0 0.0066728783848756662 0.0061255413062714674 -0.0072772881758688783 0.003824319223338321 0.00032609449578458686 0.0040051965476331766 0 0.010211327127748169 -0.001018377490068761 0.0021980450017144897 -0.0099135774612024666
leaf_weight=1324.7720422819257 411.247403614223 199.2537152916193 222.28865949064493 1170.2624925225973 571.7353967577219 180.31741146743298 184.39622458070517 733.94089230895042 186.76304969191551 154.96220291405916 118.70669390261173 385.80045000463724 241.74000988900661 772.97638952732086 1784.836885638535 802.49383049458265 139.21836075186729 1113.6720567643642 214.60755898058414 926.6086099371314 1764.3403661474586 93.50504357367754
leaf_count=6173 2316 2365 2012 9715 2974 950 952 4980 1048 812 895 1981 1185 4592 9235 3917 671 6101 976 4901 9184 501
internal_value=-1.94405e-05 -0.00163491 -0.00121875 -0.00227382 0.00188173 -0.0017263 -0.00312263 -0.00577442 -0.0080691 -0.00954318 -0.0108086 0.004364 0.000591975 -0.00147564 0.00250045 -0.00263244 -0.00539527 0.00135302 0.00250305 0.0011313 0.000630027 0.00150986
internal_weight=13698.4 7447.18 7247.93 5923.16 6251.26 5582.16 3544 2245.93 1511.99 1325.22 340.995 2098.75 4152.51 1956.43 2196.08 1714.69 912.195 1298.07 1527.02 1312.41 2038.16 1857.85
internal_count=78436 45688 43323 37150 32748 34243 23608 16555 11575 10527 2907 10832 21916 10365 11551 9180 5263 7053 7858 6882 10635 9685
is_linear=0
shrinkage=0.0239494


Tree=93
num_leaves=23
num_cat=0
split_feature=27 37 28 37 13 28 44 37 3 37 35 28 15 6 41 36 12 13 12 6 37 26
split_gain=82.0563 87.7331 222.563 85.434 129.033 123.955 102.52 68.9469 61.1098 59.4291 58.6747 76.8657 54.8486 49.4733 48.4095 45.2966 44.6745 44.4829 53.116 62.9235 40.0029 38.6193
threshold=0.024425000000000006 -0.35874999999999996 0.016195000000000005 0.15885000000000002 -0.07051499999999998 0.022945000000000004 0.13115000000000002 -0.35874999999999996 0.82071726578045678 -0.089549999999999977 3.5000000000000004 -0.011714999999999998 -0.98334999999999984 0.14397825039339981 -0.58367118627188252 0.99990000000000012 -0.29189499999999996 0.19738000000000003 0.18810000000000002 1.0000000180025095e-35 -0.089549999999999977 0.79350000000000009
decision_type=2 2 2 2 2 2 2 2 2 2 2 2 2 2 2 2 2 2 2 2 2 2
left_child=1 2 12 5 -5 6 17 -2 -4 -7 -6 -12 -1 16 -14 -9 -13 18 19 -3 -17 -10
right_child=7 3 8 4 10 9 -8 15 21 -11 11 13 14 -15 -16 20 -18 -19 -20 -21 -22 -23
leaf_value=-0.0099167376959091672 -0.00013967739546076298 -0.004372248487121976 0 0.0063513420043325667 0.0033132472018531775 0.026008803087888336 -0.014763396544117766 0.0054085324814266682 -0.0012349020545734907 0.002052640643976983 0.016759687495204675 0.0015064895944603386 -0.0064992371882143848 0.0011306000257306759 0.0048954057148412698 0 -0.0068516588494265977 0.0025025478539463793 0.0031833203932367911 -0.015071154291166412 0.0226730352279821 0.027821531096304562
leaf_weight=273.21010918915272 1137.2531317919493 1361.3132643252611 65.545752584934235 1387.3619141057134 922.92072010785341 90.91000671684742 646.44062073528767 1008.6491234004498 18.496030896902084 217.91993971168995 102.65180712193251 403.11365394294262 275.77362712472677 781.74852180480957 866.15658600628376 58.656921900808811 2319.8993811532855 471.38693431764841 323.74510623514652 441.25700418651104 189.45957104861736 275.15271705389023
leaf_count=1781 5116 9021 281 7511 5000 407 6044 4491 76 1065 508 2021 1397 3886 4521 288 13942 2597 1636 3982 966 1577
internal_value=-7.46873e-06 -0.000875263 0.00398652 -0.00180154 -1.4185e-05 -0.00473739 -0.00614513 0.00400767 0.020827 0.00957751 -0.00199579 -0.00339454 -0.000184782 -0.00402651 0.00201574 0.00787682 -0.00556069 -0.00394424 -0.00544213 -0.00707229 0.0173223 0.025494
internal_weight=13639 11245 1774.33 9470.67 5917.7 3552.97 3244.14 2394.02 359.195 308.83 4530.33 3607.41 1415.14 3504.76 1141.93 1256.77 2723.01 2597.7 2126.32 1802.57 248.116 293.649
internal_count=78114 67253 9633 57620 32868 24752 23280 10861 1934 1472 25357 20357 7699 19849 5918 5745 15963 17236 14639 13003 1254 1653
is_linear=0
shrinkage=0.0239494


Tree=94
num_leaves=23
num_cat=0
split_feature=2 43 27 21 1 21 27 27 6 29 35 1 29 31 13 13 39 13 14 35 28 6
split_gain=66.6744 55.4194 46.3845 40.6244 48.6905 39.6817 37.7519 45.6564 33.721 33.8426 33.6314 34.1532 32.9058 26.3238 31.6821 29.2957 24.842 22.3846 22.3493 22.2173 21.7003 21.3074
threshold=0.84200124817973798 0.59191120146656118 0.013885000000000002 16.810000000000006 -0.42719870229614115 20.460000000000004 -0.011484999999999999 0.052625000000000012 -0.0020832460574061996 -0.046264999999999994 13.500000000000002 -0.0014483817062175498 0.0082050000000000022 0.015915000000000002 0.15918000000000002 -0.07051499999999998 0.14785000000000001 0.23446500000000001 0.9365500000000001 6.5000000000000009 0.013775000000000001 -0.0028065048491546494
decision_type=2 2 2 2 2 2 2 2 2 2 2 2 2 2 2 2 2 2 2 2 2 2
left_child=1 3 5 4 16 20 18 -8 10 -10 11 17 -5 14 15 -11 -1 19 -2 -6 -3 -20
right_child=6 2 -4 12 8 -7 7 -9 9 13 -12 -13 -14 -15 -16 -17 -18 -19 21 -21 -22 -23
leaf_value=0.007630658301397154 0.0028574207800267813 -0.013178381706297482 0.0055478742691233594 -0.00016431980537875044 -0.0043451972491847695 0.012507635381418282 0.00044196000389944487 0.012213661566417681 0.012072504030243453 0 -0.007568705842221665 -0.0086396581312124816 0.0053631071884192262 0.00061034376537828111 0.00026856355280585408 -0.0087897579427950265 -0.00014701473094760645 0.019184093851183703 0.0011515746896485915 0.0043652706802389165 -0.0021828316070683063 0.014302431022531242
leaf_weight=473.61323811113834 430.76371748000383 516.81750454008579 134.03490681946278 1302.3133603334427 311.40857270359993 39.494656085968018 2467.1500700563192 208.08080050349236 112.63318555057049 297.68262735754251 1071.0057058855891 264.31059011816978 1097.060452491045 2036.8564456626773 722.48202312737703 704.62154188007116 397.96589455008507 38.366705179214478 122.02124583721161 360.6244128420949 170.91540218889713 330.2589969933033
leaf_count=2572 2051 5297 662 7702 1790 339 13142 896 503 1617 6448 1791 5282 10708 3964 5574 2089 184 621 2045 999 1738
internal_value=7.04098e-05 -0.000915871 -0.0067346 -0.000354721 -0.00131485 -0.00919919 0.00289772 0.00141216 -0.00210902 -0.000750276 -0.00461088 -0.00121101 0.00230211 -0.00117305 -0.00336378 -0.00612775 0.0039118 0.00134732 0.00723291 0.000111684 -0.0106581 0.0110773
internal_weight=13610.5 10052.2 861.262 9190.94 6791.57 727.228 3558.27 2675.23 5919.99 3874.28 2045.72 974.71 2399.37 3761.64 1724.79 1002.3 871.579 710.4 883.044 672.033 687.733 452.28
internal_count=78014 59566 7297 52269 39285 6635 18448 14038 34624 22366 12258 5810 12984 21863 11155 7191 4661 4019 4410 3835 6296 2359
is_linear=0
shrinkage=0.0239494


Tree=95
num_leaves=23
num_cat=0
split_feature=31 7 7 30 21 12 27 35 43 37 7 13 37 17 30 35 35 35 37 12 37 18
split_gain=74.6356 77.0093 84.5606 50.8756 39.6008 42.5825 48.921 38.9917 38.8826 31.6494 27.4546 26.7538 39.4529 52.2189 39.068 30.4081 30.8793 42.6421 30.2662 24.7304 27.777 53.8961
threshold=0.021185000000000006 19.152803535035741 91.292275020483473 -0.080474999999999977 13.530000000000001 -0.049899999999999993 0.0091650000000000013 7.5000000000000009 0.010725460130083268 0.45715000000000006 44.144827361757656 -0.14990499999999998 0.99245000000000017 1.0180500000000003 0.0080350000000000022 29.500000000000004 5.0000000000000009 10.500000000000002 0.36205000000000004 -0.044024999999999988 0.32505000000000006 -0.91914999999999991
decision_type=2 2 2 2 2 2 2 2 2 2 2 2 2 2 2 2 2 2 2 2 2 2
left_child=1 -1 3 -3 5 7 -7 -5 19 -8 -9 15 13 14 -13 16 -6 -18 -15 -2 -21 -22
right_child=8 2 -4 4 11 6 9 10 -10 -11 -12 12 -14 18 -16 -17 17 -19 -20 20 21 -23
leaf_value=-0.011494206172908852 0.0003046286096817113 0.0054910824187292947 -0.012986712702639465 0.011577645305712961 -0.0021708301586458741 -0.013120603752291349 -0.0045929121668066945 -0.013855319850586051 0.0013922346448167985 0.010712444323834768 0.00095131957186347981 -0.0043203486362386702 -0.010248585161350101 0.010303227629235506 0.0017570865840919225 -0.012702369901321045 0.01337031939326507 0.0025456856378763383 0 0.0042867761525547188 0.022728683202000648 0.0025950926628653575
leaf_weight=396.11853986233473 312.59746223688126 825.34836076200008 304.72484369575977 156.2574418336153 362.59536815434694 431.59946268051863 582.12351359426975 94.01972308754921 4409.5940373316407 85.223436452448368 244.4352618008852 1468.0137046873569 243.43965706974268 370.68403789401054 992.48024363070726 65.008414790034294 305.73611168563366 818.38512217253447 272.00324606150389 440.12318559736013 190.48912654817104 157.52304553985596
leaf_count=3215 1430 3722 3404 855 1870 3628 3263 564 22726 454 1447 10358 1199 1931 5993 324 1539 4306 1394 2276 1031 713
internal_value=0.000285242 -0.00117716 -0.000621824 -8.69401e-05 -0.000818586 -0.00410285 -0.00675514 0.0014937 0.00243972 -0.0024195 -0.00273038 0.000220125 -0.000952581 -0.000176262 -0.00180956 0.00284342 0.00362141 0.00561967 0.00584952 0.00650332 0.0087766 0.0140351
internal_weight=13528.5 8018.2 7622.08 7317.35 6492 1593.66 1098.95 494.712 5510.33 667.347 338.455 4898.35 3346.62 3103.18 2460.49 1551.73 1486.72 1124.12 642.687 1100.73 788.135 348.012
internal_count=77642 49466 46251 42847 39125 10211 7345 2866 28176 3717 2011 28914 20875 19676 16351 8039 7715 5845 3325 5450 4020 1744
is_linear=0
shrinkage=0.0239494


Tree=96
num_leaves=23
num_cat=0
split_feature=28 37 37 27 5 37 28 27 37 13 13 8 22 8 24 27 24 24 13 37 45 15
split_gain=79.2573 152.188 132 175.262 65.8965 61.718 84.6736 69.2444 118.409 88.9042 77.0076 60.7816 60.155 54.1673 53.2872 49.59 47.1593 46.6549 45.4693 39.7718 41.5414 36.8109
threshold=0.021035000000000002 0.39735000000000004 0.59855000000000014 0.014815000000000002 6.4964005947113046 -0.38284999999999997 0.013395000000000002 0.0083650000000000026 0.22555000000000003 0.21172500000000002 -0.28343999999999997 0.0022333860500000006 2.9999500000000006 0.0039831400000000005 -0.12887999999999997 -0.010324999999999999 -0.075744999999999993 0.13621000000000003 -0.080499999999999974 -0.26494999999999996 2.0099000000000005 0.9809500000000001
decision_type=2 2 2 2 2 2 2 2 2 2 2 2 2 2 2 2 2 2 2 2 2 2
left_child=2 12 4 18 5 6 16 9 10 14 -9 -10 -2 -8 -7 -15 -1 -12 -4 20 -16 -14
right_child=1 -3 3 -5 -6 7 13 8 11 -11 17 -13 21 15 19 -17 -18 -19 -20 -21 -22 -23
leaf_value=0.0040337191562254751 0.0038922681533023968 -0.000693476690454247 0.005126569144190584 0.021717196982095635 0.00170663342055322 -0.0011845359979806658 0.020578978771150509 0 0.01330511528228448 0 -0.014245375406788073 -0.00082015557233771318 0.0044735626959422859 0.019383288756179579 0.0070397278112029719 -0.0079128609933700744 -0.0054062681931820447 -0.0018493266799444457 -0.0062881134535252622 -0.013898853754081234 -0.018125847385795226 0.017063373785814483
leaf_weight=462.28127167373896 754.51008258014917 2288.9939206019044 538.22802498936653 320.6980562210083 2093.4951227903366 330.98240257054567 179.09929693490267 916.3731327727437 376.57194580882788 698.46060462296009 551.2992490157485 291.91616594046354 220.06296294927597 57.683615148067474 111.30654330551624 109.24244494736195 831.16356752067804 297.2785829603672 313.94735637307167 1221.6790496073663 55.857082366943359 564.16890223324299
leaf_count=2177 3604 11109 2478 1600 10578 1905 843 4435 2076 3923 4778 1821 970 273 951 492 4763 1582 1902 12271 474 2940
internal_value=0.000233696 0.00316285 -0.000900396 0.00660753 -0.00194317 -0.00314278 0.000799406 -0.004505 -0.00157598 -0.00739198 -0.00487604 0.00691842 0.00899432 0.0113846 -0.010319 0.000644899 -0.00191948 -0.0100748 0.00074995 -0.0123908 -0.000495692 0.0137168
internal_weight=13585.3 3827.74 9757.56 1172.87 8584.69 6491.19 1639.47 4851.72 2433.44 2418.29 1764.95 668.488 1538.74 346.025 1719.83 166.926 1293.44 848.578 852.175 1388.84 167.164 784.232
internal_count=77945 18623 59322 5980 53342 42764 8548 34216 14692 19524 10795 3897 7514 1608 15601 765 6940 6360 4380 13696 1425 3910
is_linear=0
shrinkage=0.0239494


Tree=97
num_leaves=23
num_cat=0
split_feature=27 29 5 30 31 37 13 31 2 33 36 14 14 37 37 30 37 27 5 27 39 37
split_gain=68.2286 48.8915 68.804 67.6037 59.0535 48.414 62.9673 58.3451 47.9073 40.4695 40.3609 39.6337 85.2948 51.9014 122.705 44.8535 39.302 37.2587 35.9649 32.0991 33.6917 25.3724
threshold=0.059125000000000004 0.018775000000000003 -0.4064874649047851 -0.0066949999999999987 0.035435000000000008 0.53595000000000015 -0.0031599999999999996 -0.029904999999999998 0.57528185234573892 0.10905000000000002 0.99990000000000012 0.99165000000000014 1.0000500000000001 -0.26494999999999996 0.18945000000000004 -0.050274999999999993 -0.50084999999999991 -0.0048749999999999991 7.38586449623108 0.0066150000000000011 0.15945000000000001 0.72765000000000013
decision_type=2 2 2 2 2 2 2 2 2 2 2 2 2 2 2 2 2 2 2 2 2 2
left_child=1 2 11 -4 5 7 8 -5 -7 16 -3 -1 13 17 -15 -14 -9 -13 -12 -16 -21 -20
right_child=-2 10 3 4 -6 6 -8 9 -10 -11 18 12 15 14 19 -17 -18 -19 21 20 -22 -23
leaf_value=-0.0014711828604159305 0.01069955055760383 0.00096793981646305853 0.00099044388990539821 0.0012667409107377588 0.00012884873169951674 0 -0.0086872703242909417 0 0.026142363731753101 -0.0011207351099659824 0 0.019830094524582339 0.0059786848393869243 -0.010928579235229927 -0.0076062794662752386 -0.0031810349223166277 -0.012479178624344016 -0.012311527637388886 0.016798196641341037 0.026557771145537118 0.0088002268649051835 0
leaf_weight=2053.9639431908727 330.33132097125053 3484.7729309201241 1498.8890393711627 299.29380510747433 898.82894986867905 112.71199113130569 182.59388764202595 181.02092862129211 73.291347958147526 305.22539748996496 168.20052717626095 273.93958654254675 434.59390608221292 187.61396204680204 31.979195587337017 1025.3559630736709 1463.9454040043056 16.621003091335297 245.85993753373623 109.03379576653242 238.18181549012661 54.40010142326355
leaf_count=11137 1410 16359 8474 1760 4785 667 1135 1149 375 2063 814 1607 1953 1868 301 5968 13279 156 1146 636 1294 256
internal_value=-3.99734e-05 -0.000316852 -0.00126711 -0.00318773 -0.00500997 -0.00682999 0.000864133 -0.00815566 0.0110256 -0.00967659 0.00190262 0.000903297 0.00307095 0.00907397 0.00450262 -0.000354365 -0.0111754 0.0174889 0.00854373 0.0125226 0.0147971 0.0135125
internal_weight=13670.6 13340.3 9387.08 5015.8 3516.91 2618.08 368.597 2249.49 186.003 1950.19 3953.23 4371.28 2317.32 857.369 566.809 1459.95 1644.97 290.561 468.461 379.195 347.216 300.26
internal_count=78592 77182 58607 33687 25213 20428 2177 18251 1042 16491 18575 24920 13783 5862 4099 7921 14428 1763 2216 2231 1930 1402
is_linear=0
shrinkage=0.0239494


Tree=98
num_leaves=23
num_cat=0
split_feature=8 8 13 13 30 30 12 42 37 37 37 27 44 27 12 37 16 28 7 28 27 44
split_gain=65.129 79.6618 60.841 58.6604 57.3493 74.4172 74.579 63.3539 51.3734 48.7602 135.02 69.9291 66.9045 58.2862 46.6334 39.2455 105.214 99.1635 54.9792 40.7792 39.8897 34.0943
threshold=0.017174601500000001 1.0000000180025095e-35 0.18890500000000002 -0.077349999999999988 0.0073950000000000014 -0.015994999999999999 0.094945000000000015 -0.00070065259999999984 0.45715000000000006 -0.27254999999999996 0.40375000000000005 0.0010350000000000001 0.14071650000000002 -0.0048749999999999991 -0.12119499999999998 0.37990000000000007 -0.93914999999999993 0.021035000000000002 78.350077682816575 0.073255000000000015 0.016985000000000004 0.16713924000000005
decision_type=2 2 2 2 2 2 2 2 2 2 2 2 2 2 2 2 2 2 2 2 2 2
left_child=1 4 3 8 5 -1 21 -6 -3 13 12 -12 -11 -9 -5 17 20 -2 -19 -18 -17 -7
right_child=15 2 -4 14 7 6 -8 9 -10 10 11 -13 -14 -15 -16 16 19 18 -20 -21 -22 -23
leaf_value=0.001330506849341154 0.0012943906983392144 -0.0041167290403654813 0.0015172828289333083 -0.0004216069536496608 -0.0020059647313735414 -0.0057458320363391515 0.0083378117967210143 0.018914960289794516 0.011063760535549012 0.0044145592380088463 -0.0052716648679619086 0.01977528631001621 -0.013614312107462641 -0.0041040153578642442 -0.012187900495528677 0.00042664750841263902 -0.0036824842139792585 0.0080477666410397712 0.025440033562082957 0.0078570791751500727 0.022027594048499015 -0.01691760223719441
leaf_weight=2393.143738374114 2148.5360583141446 920.4071794077754 741.20490201562643 272.82897236198187 628.26524274796247 987.24869606643915 180.60463020950556 312.21458651870489 145.11942624300718 215.72783314809203 70.544633999466896 298.24521408230066 240.12863846123219 66.772979997098446 984.96996790543199 93.581261344254017 1580.6224706023932 639.50979448854923 140.41259182989597 190.97818258404732 151.48397921025753 212.56244811788201
leaf_count=11836 10337 5793 4041 1514 3153 8335 1065 1768 781 1461 423 1544 1703 407 8576 432 7763 2899 755 832 777 2179
internal_value=4.93298e-05 -0.00119065 -0.00430037 -0.00621922 0.000483391 -0.00117466 -0.0056235 0.00397855 -0.00191216 0.00722364 0.00371446 0.0145881 -0.00476205 0.014474 -0.00975178 0.00225285 -0.000250514 0.00402665 0.0113662 -0.00235609 0.0143749 -0.00784679
internal_weight=13615.1 8669.99 3064.53 2323.33 5605.46 3773.56 1380.42 1831.9 1065.53 1203.63 824.646 368.79 455.856 378.988 1257.8 4945.12 2016.67 2928.46 779.922 1771.6 245.065 1199.81
internal_count=78374 54579 20705 16664 33874 23415 11579 10459 6574 7306 5131 1967 3164 2175 10090 23795 9804 13991 3654 8595 1209 10514
is_linear=0
shrinkage=0.0239494


Tree=99
num_leaves=23
num_cat=0
split_feature=13 31 7 21 12 5 13 35 35 37 26 12 29 37 22 37 28 37 7 28 1 37
split_gain=56.243 58.3221 66.1128 65.4409 51.2774 34.5691 30.1617 41.035 41.118 39.8497 77.8346 41.8254 33.3355 30.5636 40.8236 30.2812 28.6211 30.3003 116.759 60.2209 54.4277 61.1664
threshold=-1.0708399999999998 0.015915000000000002 80.403214909977422 12.795000000000002 -0.051384999999999993 6.4964005947113046 -0.14990499999999998 5.0000000000000009 10.500000000000002 -0.30064999999999992 0.88080000000000014 -0.15747499999999995 0.015875000000000004 0.96900000000000008 3.9609500000000004 0.21505000000000005 0.088350000000000012 -0.39034999999999992 71.111855786760046 0.017055000000000004 -0.0014483817062175498 0.16415000000000005
decision_type=2 2 2 2 2 2 2 2 2 2 2 2 2 2 2 2 2 2 2 2 2 2
left_child=-1 2 3 4 -2 -6 7 -5 -9 10 -8 13 15 14 -11 -13 17 18 -3 -20 21 -19
right_child=1 16 -4 6 5 -7 9 8 -10 11 -12 12 -14 -15 -16 -17 -18 20 19 -21 -22 -23
leaf_value=0.006521112785315049 0.00043369341473398806 -0.00031140442818624692 -0.011202006870355264 -0.004676682415011328 -0.013207520310049231 0 -0.0023352430038593342 0.0118032607426707 0.0017655406987488814 -0.00089459029872997545 0.01365349621766338 -0.010084686740357547 0.00092881941826871285 -0.0094169237985956434 0.0091693411239402636 -0.0029328391758453704 0.014065658565162929 -0.0021582407219638599 0.0057096284178683211 0.026623978098328182 -0.0019293048445612271 0.0068273756344744843
leaf_weight=694.14809027314186 337.0661252066493 841.51343677937984 422.82082124054432 354.63658508658409 563.08658669143915 145.79005968570709 454.78157412260771 327.53970324993134 997.01537854969501 652.8105962574482 272.92855771631002 739.97643485665321 401.14959958940744 140.96038511395454 341.05633915960789 767.08146905899048 100.02869655191898 674.49085283279419 192.37018360942602 167.03816902637482 2851.7057611867785 1128.2051936089993
leaf_count=3092 2016 3917 4549 1832 4216 778 2398 1618 5165 3332 1513 6776 1983 682 1741 5070 426 3761 963 1103 15422 5851
internal_value=-0.00010526 -0.000473887 -0.00197762 -0.00135472 -0.00684792 -0.0105163 -0.000273676 0.00236292 0.00435795 -0.00148653 0.00346068 -0.0027176 -0.00489442 0.000814024 0.00241203 -0.00654135 0.00124857 0.00100467 0.00439958 0.0158361 9.7346e-05 0.00338434
internal_weight=13568.2 12874.1 6918.7 6495.88 1045.94 708.877 5449.94 1679.19 1324.56 3770.74 727.71 3043.03 1908.21 1134.83 993.867 1507.06 5955.35 5855.32 1200.92 359.408 4654.4 1802.7
internal_count=78204 75112 43669 39120 7010 4994 32110 8615 6783 23495 3911 19584 13829 5755 5073 11846 31443 31017 5983 2066 25034 9612
is_linear=0
shrinkage=0.0239494


Tree=100
num_leaves=23
num_cat=0
split_feature=29 5 30 31 23 37 15 28 14 14 30 29 3 37 28 37 33 15 36 45 28 30
split_gain=65.3584 79.7998 82.239 56.605 54.5237 47.3476 86.5926 81.2475 41.8136 65.237 51.0099 41.5775 39.7291 38.732 67.4206 46.2697 45.5248 40.7637 38.2907 30.8001 30.2846 28.1195
threshold=0.016405000000000006 -0.28553593158721913 -0.013034999999999998 0.038445000000000007 88.175000000000026 0.44405000000000006 0.97015000000000007 0.023285000000000004 0.98355000000000015 1.0000500000000001 0.0078450000000000013 -0.048459999999999996 0.52016043208040963 0.53595000000000015 -0.011464999999999998 -0.47804999999999992 0.12985000000000002 -0.99934999999999985 0.96275000000000011 2.0381000000000005 0.088350000000000012 0.027885000000000004
decision_type=2 2 2 2 2 2 2 2 2 2 2 2 2 2 2 2 2 2 2 2 2 2
left_child=1 8 19 4 12 7 -7 -2 -1 10 -10 -11 -4 15 -15 -14 -17 -16 -9 -3 -8 -12
right_child=5 2 3 -5 -6 6 20 18 9 11 21 -13 13 14 17 16 -18 -19 -20 -21 -22 -23
leaf_value=-0.0011857350657498416 0.0019733632808861807 0 0.0011280476774104054 0.00037461976887492838 -0.019110733524810884 0.015028887729714016 -0.0032542888653140996 0.0081116400003036354 -0.00039977166203365689 0.007548594924187098 0.00936324089822556 -0.0019086306402382597 0.0016553909907472892 0.023894589865800387 0.020758982496584633 -0.011830026263492438 -0.00043798013057618 -0.008587893501544909 0.022492539314134745 0.0092534020673919921 0.010331765977122744 0.024523336176683855
leaf_weight=2079.9960990212858 2105.0950506255031 888.06649681180716 372.31901670247316 775.22946878522635 201.40370013937354 182.82169625163078 1500.5002392083406 569.91041558980942 244.64216705784202 346.84726902097464 580.01135597005486 1137.7511626332998 204.19790006428957 58.46762478351593 28.8069708943367 1256.9487854279578 271.65365096181631 220.82226076722145 155.46801398694515 270.81820620596409 96.108760714530945 99.645807474851608
leaf_count=11324 9842 4860 2356 4106 2185 872 7231 2581 2372 1516 3435 6587 1257 297 149 11501 1794 1365 725 1341 409 651
internal_value=0.000180104 -0.000992025 -0.00323663 -0.00513253 -0.00682124 0.00250972 -0.000477901 0.00443954 0.00124997 0.00341373 0.00841357 0.0002025 -0.00573506 -0.00705864 0.000320335 -0.00845492 -0.00990104 -0.00461623 0.0113952 0.00218306 -0.002345 0.0118008
internal_weight=13647.5 9037.63 4548.73 3389.85 2614.62 4609.9 1779.43 2830.47 4488.89 2408.9 924.299 1484.6 2413.22 2040.9 308.097 1732.8 1528.6 249.629 725.378 1158.88 1596.61 679.657
internal_count=78756 57096 31211 25010 20904 21660 8512 13148 25885 14561 6458 8103 18719 16363 1811 14552 13295 1514 3306 6201 7640 4086
is_linear=0
shrinkage=0.0239494


Tree=101
num_leaves=23
num_cat=0
split_feature=31 30 7 7 21 21 31 45 21 27 3 29 8 37 28 16 17 37 7 7 34 8
split_gain=62.1741 68.4969 70.4432 47.7523 36.9402 35.1373 33.3111 28.3336 25.8107 32.4875 30.3314 25.3086 36.7935 38.13 46.236 47.2322 31.3034 28.8618 64.062 28.5039 39.4304 35.4088
threshold=0.015475000000000001 -0.083924999999999986 80.971140695363928 18.064955025301568 15.445000000000002 13.530000000000001 0.011735000000000002 2.0001000000000002 14.015000000000002 0.0078850000000000014 1.1061806702533405 0.024775000000000002 0.00050994754000000008 -0.38284999999999997 0.0086150000000000011 1.0154500000000002 -0.98284999999999989 0.15885000000000002 50.049751157169574 66.78972006922244 8.5000000000000018 0.023625225000000003
decision_type=2 2 2 2 2 2 2 2 2 2 2 2 2 2 2 2 2 2 2 2 2 2
left_child=1 -1 3 6 11 -5 -3 -4 9 -7 -11 12 13 14 -2 -16 -14 -15 -19 -18 -21 -22
right_child=4 2 7 5 -6 8 -8 -9 -10 10 -12 -13 16 17 15 -17 19 18 -20 20 21 -23
leaf_value=0.0051486336542426285 0 -0.016456387656411657 -0.0065365892520452594 -0.0044205459337795803 0.0044882929730797726 -0.00064155361711815194 0.0012508216870777179 -0.021790406189019378 -0.00063403167696967364 0.019684265486539176 -7.7021851004731046e-05 0.003114276459645824 -0.010011670609687296 -0.0053175245283639677 0 0.031619426889434893 0.0012284525792684482 0.01343194533037099 -0.0039744676197417412 0.00023434442917628386 -0.018119601052153423 0
leaf_weight=791.18897437304258 120.15128964930773 203.16011055931449 233.11267541721463 1441.5877162739635 2003.7997317314148 160.59912133216858 66.167442969977856 134.53976590186357 4163.4020398259163 126.79687286168337 46.680932939052582 1401.5819581896067 310.10137370973825 330.7018470428884 41.072135932743549 82.715533263981342 838.55328392237425 221.76299948245287 249.2618130967021 265.91687662154436 184.6128849349916 82.186683803796768
leaf_count=3552 584 1951 2724 9150 10362 1110 467 1484 24187 704 284 6507 1821 2153 202 479 4317 1196 1374 1560 1369 428
internal_value=1.90306e-05 -0.00145287 -0.00226932 -0.00163901 0.00181112 -0.00116434 -0.0115639 -0.0125159 -8.8155e-05 0.00627763 0.0135249 0.000476397 -0.000825811 0.00262728 0.0109198 0.0211947 -0.00306019 0 0.00391061 -0.00138167 -0.00576441 -0.0122907
internal_weight=13499.7 7367.24 6576.05 6208.39 6132.42 5939.07 269.328 367.652 4497.48 334.077 173.478 4128.62 2727.04 1045.67 243.939 123.788 1681.37 801.727 471.025 1371.27 532.716 266.8
internal_count=77965 45613 42061 37853 32352 35435 2418 4208 26285 2098 988 21990 15483 5988 1265 681 9495 4723 2570 7674 3357 1797
is_linear=0
shrinkage=0.0239494


Tree=102
num_leaves=23
num_cat=0
split_feature=0 1 21 2 31 30 43 7 0 39 25 13 1 43 15 8 30 30 16 6 21 6
split_gain=49.1991 40.5883 47.0035 46.753 32.3913 36.9749 30.4499 28.2052 26.0619 28.9705 27.5954 26.8284 24.0801 22.4206 24.6925 24.684 28.03 29.485 24.2808 20.8233 29.9355 23.1785
threshold=1.1842500000000002 -0.41794735357223628 16.630000000000006 0.75891092603049126 0.021185000000000006 -0.028694999999999995 0.3831139745735711 88.219531926724187 0.23099103500000004 0.12765000000000001 1.6792500000000004 0.19738000000000003 0.17873680505471942 0.15334932360490922 -0.98454999999999993 0.0020416081500000001 0.002415 0.011015000000000002 -1.0013499999999997 -1.0000000180025095e-35 12.840000000000002 -0.043355663567562694
decision_type=2 2 2 2 2 2 2 2 2 2 2 2 2 2 2 2 2 2 2 2 2 2
left_child=1 7 3 4 5 -3 -4 13 9 11 12 -7 -10 -1 15 16 -15 18 -18 20 -5 -22
right_child=-2 2 6 19 -6 8 -8 -9 10 -11 -12 -13 -14 14 -16 -17 17 -19 -20 -21 21 -23
leaf_value=-0.00024184659125294812 0.0045818835519961269 7.7302265589598866e-06 0.0031310374265924173 -0.010485123548191524 -0.00088929612036555881 -0.0093651900084686605 -0.0020878777429100509 -0.017061045869673816 0 -0.019057188804699195 -0.009457174528931557 0.00053587197592429477 -0.0072837778745371657 0.0010692538407300032 0.010709935913504304 -0.0058099856118208702 0 0.0032099946534353209 0.040190414838891422 0.0018664825084299544 0.0036853423849809454 -0.0067138326615401242
leaf_weight=490.24811139702797 1148.5964946895838 666.84030456840992 2014.5807105600834 210.15942972153425 2040.0383716821671 664.44451326876879 906.72454928606749 36.436573017388582 873.80142856761813 163.44886845350266 425.70073499903083 169.95471468567848 366.50787613540888 330.47528601437807 375.65527863800526 142.05311294645071 17.638809390366077 79.284871198236942 36.350604020059109 1903.3995842449367 361.45809124782681 186.02671284601092
leaf_count=2539 5307 3341 10692 1254 10781 6191 5667 404 5851 1609 2602 977 2672 1738 1801 900 146 415 263 10239 1824 1302
internal_value=-0.000146543 -0.000594098 -0.00111109 -0.00206486 -0.00335461 -0.00482075 0.00146118 0.00306379 -0.00608428 -0.00926641 -0.00409071 -0.00717347 -0.00213108 0.00366128 0.00575973 0.00244906 0.00529383 0.0146735 0.0288029 0.000483349 -0.00279869 0
internal_weight=13609.8 12461.2 10953.1 8031.78 5370.74 3330.7 2921.31 1508.14 2663.86 997.848 1666.01 834.399 1240.31 1471.71 981.458 605.803 463.75 133.274 53.9894 2661.04 757.644 547.485
internal_count=78515 73208 65002 48643 34024 23243 16359 8206 19902 8777 11125 7168 8523 7802 5263 3462 2562 824 409 14619 4380 3126
is_linear=0
shrinkage=0.0239494


Tree=103
num_leaves=23
num_cat=0
split_feature=21 2 1 27 8 27 37 26 37 28 26 36 28 37 44 5 37 3 21 13 13 28
split_gain=49.263 45.8074 48.9171 41.0726 36.9212 36.6244 90.2357 85.6821 38.9683 70.713 75.3654 38.9817 44.0934 38.5481 36.0904 35.2326 30.208 30.5684 32.4065 27.4388 25.7926 36.7692
threshold=16.810000000000006 0.73123764822134396 -0.42719870229614115 0.022895000000000002 -0.050319760999999991 -0.010504999999999999 -0.30894999999999995 0.99990000000000012 0.15395000000000003 -0.011464999999999998 -0.49994999999999995 0.30700000000000005 0.0098450000000000013 0.32505000000000006 0.17335000000000003 7.0003068447113046 0.31855000000000006 1.0955544702816493 12.795000000000002 -0.71283499999999989 -0.25616499999999992 -0.0048249999999999986
decision_type=2 2 2 2 2 2 2 2 2 2 2 2 2 2 2 2 2 2 2 2 2 2
left_child=1 2 16 -2 -4 6 7 -3 11 10 -10 -7 19 -12 -8 -6 20 18 -18 -13 -1 -22
right_child=3 5 4 -5 15 8 14 -9 9 -11 13 12 -14 -15 -16 -17 17 -19 -20 -21 21 -23
leaf_value=0.0037627965097104094 0.00096924411813404147 0.0039145231513906132 0.0060730897542518973 0.0078946749896000902 -0.004835692854436459 -0.00018742754248441323 0.0019934341333568582 0.029697695554300834 -4.0525911298632004e-05 -8.0845838526545579e-05 0.00093835862501975538 0 0.00077172657302480158 0.029754608915290859 -0.014400468824061879 -0.0003473226405052008 -0.0039453486578960219 0 0.023302473247322323 -0.016251504100709791 -0.017118361914076893 0.0069650801034113309
leaf_weight=325.67797178030014 2630.5090726427734 192.83627185225487 226.75721143186092 625.48381844907999 3694.9853338114917 1114.7963671758771 564.04020145535469 138.10140404105186 130.60122007876635 1223.5485997907817 47.108665890991688 76.893403053283691 182.89538147300482 129.34632920473814 89.013796441257 1476.3314311131835 21.050650246441364 96.001520909368992 113.53962372243404 292.54358820989728 98.921253532171249 47.091008923947811
leaf_count=1550 15136 878 1043 2831 25540 5353 2836 799 576 6461 229 366 1115 731 493 7481 102 489 607 2405 939 316
internal_value=-0.000209164 -0.00103202 -0.00236205 0.00234449 -0.00314991 0.000873316 0.00492356 0.0151153 -0.000327338 0.00237986 0.0126608 -0.00290044 -0.00811182 0.0228891 -1.75135e-05 -0.00358257 0.00348588 0.0105899 0.0179557 -0.012905 0 -0.00835096
internal_weight=13538.1 10282.1 6100.36 3255.99 5398.07 4181.73 983.992 330.938 3197.73 1530.6 307.056 1667.13 552.332 176.455 653.054 5171.32 702.282 230.592 134.59 369.437 471.69 146.012
internal_count=78276 60309 38067 17967 34064 22242 5006 1677 17236 7997 1536 9239 3886 960 3329 33021 4003 1198 709 2771 2805 1255
is_linear=0
shrinkage=0.0239494


Tree=104
num_leaves=23
num_cat=0
split_feature=31 7 7 13 21 21 12 35 21 23 34 39 44 12 28 37 13 37 37 21 35 1
split_gain=61.1273 63.2621 55.8453 38.4116 34.0551 29.6083 48.7945 34.5324 31.1356 29.2964 28.08 25.523 26.5672 25.4933 26.5682 35.7904 22.8493 23.3993 29.0597 22.3159 21.6482 21.4679
threshold=0.021185000000000006 94.708020970916451 19.152803535035741 -1.0708399999999998 25.610000000000003 13.530000000000001 -0.049899999999999993 6.5000000000000009 13.785000000000002 -44.254999999999988 122.50000000000001 0.02145 0.34005000000000007 0.085875000000000021 -0.010624999999999997 0.45055000000000006 -0.07051499999999998 0.41655000000000003 0.62735000000000007 29.280000000000005 20.000000000000004 0.68639757843944638
decision_type=2 2 2 2 2 2 2 2 2 2 2 2 2 2 2 2 2 2 2 2 2 2
left_child=1 2 13 -4 11 6 7 10 9 -7 -5 20 -13 14 15 -1 17 -8 -19 -10 -2 -3
right_child=4 21 3 5 -6 8 16 -9 19 -11 -12 12 -14 -15 -16 -17 -18 18 -20 -21 -22 -23
leaf_value=-0.016112202797051948 0.010664250086326437 -0.015580350112099664 0.0056928728443267108 0.0025983220198937838 0.018141651759624615 0.019402783700948681 -0.0064049674589606196 -0.0013754263475426215 -0.00070941521448202125 0.00020108042496179695 0.028173466799316493 0.00061691927001226803 0.0085265846785786432 0.0022336399197256268 -0.015953506960217467 0.017647503470915794 -0.012099177936583846 0.019419697269395429 -0.00234027730591789 0.019896309924069482 0 0.011716370574311141
leaf_weight=36.693724192678928 308.38448835164309 227.09753683209419 517.85976769030094 86.660258151590824 74.169356904923916 88.223140932619572 571.99511860311031 394.21537620201707 4977.2946305833757 127.90262127667665 45.838259935379028 4741.5202645584941 262.1869020909071 64.596355907618999 266.65690867975354 35.327211245894432 351.7564195021987 48.339892119169235 99.835099600255489 29.930688083171844 134.51297573000193 11.62478171288967
leaf_count=253 1597 2769 2296 441 387 512 3544 2348 29253 823 282 24169 1493 439 2456 173 3088 287 472 142 708 129
internal_value=-9.43103e-05 -0.00144471 -0.00104989 -0.000552024 0.00183162 -0.00104748 -0.00390336 0.00184996 -0.000145467 0.00871501 0.0125484 0.00158271 0.00106056 -0.00974913 -0.0124658 0 -0.00686661 -0.00410805 0.0037731 -0.000557076 0.007152 -0.0136393
internal_weight=13502.6 7981.85 7743.13 7339.85 5520.77 6821.99 1598.64 526.714 5223.35 216.126 132.499 5446.6 5003.71 403.274 338.678 72.0209 1071.93 720.17 148.175 5007.23 442.897 238.722
internal_count=78061 49707 46809 43488 28354 41192 10462 3071 30730 1335 723 27967 25662 3321 2882 426 7391 4303 759 29395 2305 2898
is_linear=0
shrinkage=0.0239494


Tree=105
num_leaves=23
num_cat=0
split_feature=31 30 7 7 37 7 27 13 1 37 7 15 31 33 37 2 29 21 12 44 1 21
split_gain=48.4805 55.4877 59.5424 41.1291 28.9074 121.417 75.4372 27.5192 40.5099 39.4147 61.2778 59.5266 31.7074 47.7958 37.0223 38.0531 27.6682 26.7562 49.3152 30.2985 30.2824 33.1815
threshold=0.015475000000000001 -0.11548499999999999 80.403214909977422 21.449379490862615 -0.57659999999999989 59.073445457668022 0.022575000000000001 0.77370000000000017 1.0000000180025095e-35 0.40375000000000005 14.487602715313708 0.99085000000000012 0.040285000000000008 0.15835000000000002 -0.22444999999999996 0.7747144160187639 -1.0000000180025095e-35 12.795000000000002 -0.051384999999999993 0.16713924000000005 -0.41794735357223628 13.020000000000001
decision_type=2 2 2 2 2 2 2 2 2 2 2 2 2 2 2 2 2 2 2 2 2 2
left_child=1 -1 3 -3 5 -2 7 8 9 10 -6 -11 13 -10 15 -14 -12 18 19 -5 21 -19
right_child=4 2 -4 17 6 -7 -8 -9 12 11 16 -13 14 -15 -16 -17 -18 20 -20 -21 -22 -23
leaf_value=0.0072377052161554699 -0.00049010218764532155 -0.0093098855623526371 -0.010894317977771245 0.00053843308124880776 -0.016154453773349051 0.018644922941519974 0.0070904907428326258 0.004049444498086946 -0.010136886178473832 0.012834773920624038 -0.0063079859504231121 -0.0011542362637913398 0 0.0035748910787994788 -0.0025147214408683264 0.022989937108345408 0.0038632751748970458 0.03106723088645803 -0.0077518704722735945 0.027471400003055677 -0.00073497054369426489 0.0033046798259603787
leaf_weight=413.90221317857504 542.25918956100941 340.83540446683764 388.45447132736444 284.51432131975889 138.67247793078423 281.81558176130056 955.11128900945187 684.23321440815926 644.33769284933805 357.57927739620209 203.41494005918503 306.78671211004257 87.665439628064632 170.22811482846737 1131.0847030133009 69.896783456206322 575.0101203173399 27.442835181951523 717.61429807916284 27.684275589883327 4479.9245983287692 686.13785583525896
leaf_count=1828 2443 3030 4445 1624 967 1644 4420 3291 4528 1778 1081 1521 439 938 5790 345 3167 147 4795 189 26220 3612
internal_value=8.55396e-05 -0.00121346 -0.00173758 -0.00117345 0.00166573 0.00587646 0.000986543 -0.00031445 -0.00116445 0.00167021 -0.0014196 0.00615521 -0.00336533 -0.00709211 -0.000896272 0.00979513 0.00101775 -0.000704376 -0.00423091 0.00339455 0 0.00457706
internal_weight=13514.6 7366.51 6952.61 6564.15 6148.1 824.075 5324.02 4368.91 3684.68 1581.46 917.098 664.366 2103.21 814.566 1288.65 157.562 778.425 6223.32 1029.81 312.199 5193.51 713.581
internal_count=78242 45890 44062 39617 32352 4087 28265 23845 20554 8514 5215 3299 12040 5466 6574 784 4248 36587 6608 1813 29979 3759
is_linear=0
shrinkage=0.0239494


Tree=106
num_leaves=23
num_cat=0
split_feature=8 8 7 7 37 15 28 34 37 28 8 44 42 37 28 21 12 5 12 28 34 45
split_gain=58.8991 82.4006 74.0445 63.4289 39.7131 106.11 43.078 43.4513 38.9289 86.7561 83.9732 59.4314 33.5958 36.2304 32.3783 30.7555 39.3996 29.2434 34.6993 28.5388 28.0596 24.8483
threshold=0.017174601500000001 1.0000000180025095e-35 68.301722465033507 25.020613708213087 -0.38284999999999997 0.99715000000000009 0.013395000000000002 236.50000000000003 0.39165000000000005 -0.0082249999999999979 -0.018388956999999994 0.14565000000000003 0.038415880000000006 -0.57659999999999989 0.028015000000000002 15.010000000000002 -0.06784999999999998 5.3133192062377939 -0.17658999999999997 -0.014964999999999997 238.50000000000003 2.2729000000000004
decision_type=2 2 2 2 2 2 2 2 2 2 2 2 2 2 2 2 2 2 2 2 2 2
left_child=1 4 3 19 5 -1 7 -7 11 10 21 14 13 -4 -6 -2 -17 18 -5 -3 -20 -10
right_child=15 2 12 17 8 6 -8 -9 9 -11 -12 -13 -14 -15 -16 16 -18 -19 20 -21 -22 -23
leaf_value=0 0.00055498917603511973 0.011782841938226808 0.0041425875594438373 0.0061512514630212385 -0.0014363296443233003 -5.2788490170182137e-05 0.024394384539945801 0.041292491453605099 0 -0.0027005796919545707 0.018043807979286123 -0.009596943210700766 0.025029935186761727 -0.015422243531416425 0.0089641249678379283 0.00018020245871888213 0.0075008977447306446 0.0026297524371206565 -0.0036010379258462886 -0.015178399484948724 -0.019194439813370216 0.019053210187858674
leaf_weight=822.46285961568356 3137.1018365323544 18.326535537838936 48.2309615239501 185.45847418904305 2069.1356204003096 104.98989490419626 178.7651057690382 15.841751188039778 413.90786621719599 859.65679693594575 307.04267655313015 518.12415146455169 10.767884254455565 494.99265964701772 185.46155878156424 765.87355054169893 1068.4885062500834 755.5294486656785 1136.2251648642123 277.27942206338048 76.608496613800526 41.868711441755295
leaf_count=4126 15197 90 295 952 14080 629 1021 98 1856 4845 1584 4478 73 4560 879 3680 5021 4113 7667 2122 623 173
internal_value=-1.17586e-05 -0.00123118 -0.00442816 -0.00256431 0.00048269 0.00451778 0.0167208 0.00415948 -0.000514211 0.0023888 0.0083157 -0.0022656 -0.0124054 -0.0134163 -0.00051602 0.00204885 0.00452401 -0.00106247 -0.0031619 -0.0130128 -0.00470641 0.00144175
internal_weight=13492.1 8520.68 3003.42 2449.43 5517.26 1122.06 299.597 120.832 4395.2 1622.48 762.819 2772.72 553.992 543.224 2254.6 4971.46 1834.36 2153.82 1398.29 295.606 1212.83 455.777
internal_count=78162 54264 20495 15567 33769 5874 1748 727 27895 8458 3613 19437 4928 4855 14959 23898 8701 13355 9242 2212 8290 2029
is_linear=0
shrinkage=0.0239494


Tree=107
num_leaves=23
num_cat=0
split_feature=5 37 16 28 27 44 37 23 8 28 37 37 36 41 37 12 28 21 28 21 1 13
split_gain=43.8803 42.5027 101.858 95.9483 79.9046 61.6139 58.4981 67.9516 52.4249 75.4235 57.4935 49.5942 43.8196 56.4031 34.4932 109.805 65.4501 38.5034 33.4503 32.5871 32.5369 30.9458
threshold=7.0003068447113046 0.46945000000000003 -0.93544999999999989 0.016395000000000003 0.018305000000000005 0.15945000000000001 -0.22444999999999996 57.57500000000001 1.0000000180025095e-35 0.0087750000000000015 -0.16144999999999995 0.22555000000000003 0.88885000000000014 0.154004679119538 0.24655000000000002 0.014935000000000002 0.031685000000000012 16.080000000000002 0.056135000000000011 12.275 0.0073612081980018009 0.20676000000000003
decision_type=2 2 2 2 2 2 2 2 2 2 2 2 2 2 2 2 2 2 2 2 2 2
left_child=1 3 4 5 -3 19 7 -5 9 11 -11 -7 -8 -14 16 18 17 -2 -16 21 -9 -1
right_child=14 2 -4 6 -6 8 12 20 -10 10 -12 -13 13 -15 15 -17 -18 -19 -20 -21 -22 -23
leaf_value=-0.0096878266181829389 0.00076360747918224284 0.0042353352431122263 -0.0022709792948202591 0.00069991404023709691 0.021772288425049701 -0.016706198320913825 0.0028690307784447217 -0.00080772538306914424 -0.014818743549843081 0.014840782700065757 -0.012559961883637998 0.00050848993203654797 -0.016270073273571134 0.0082470278375214 -0.0045665813402309885 0.012328763579949402 0.017902668881498995 0.0086206086015330197 0.0049788245352729412 -0.0011238143910845624 0.024137547380437475 0.0028903034383462567
leaf_weight=517.28123466297984 1435.6960131600499 846.43519165366888 1379.7358398027718 210.59542624652386 191.5239405632019 242.07133533060551 984.32592013478279 22.515469327569008 450.74470567703247 162.96964693441987 54.706565912812948 132.7246776111424 169.83435255289078 69.937277384102345 1266.0939751341939 328.15363356471062 188.28771632164717 500.5409359484911 238.85271106660366 3831.5816035233438 186.3086369857192 122.36821141093969
leaf_count=3907 7166 4211 7299 925 1096 2321 4822 112 3721 948 612 825 1190 406 6339 1561 834 2389 1073 24787 1159 629
internal_value=6.03448e-05 -0.000805248 0.00191154 -0.00174328 0.00761196 -0.00327037 0.00329167 0.0110301 -0.00855489 -0.00354293 0.0072835 -0.0102204 0.000520885 -0.00850979 0.00219159 -0.000138947 0.00427118 0.00287016 -0.00295457 -0.00200474 0.0207486 -0.00705326
internal_weight=13533.3 9575.66 2417.69 7157.97 1037.96 5514.45 1643.52 419.42 1043.22 592.472 217.676 374.796 1224.1 239.772 3957.62 1833.1 2124.52 1936.24 1504.95 4471.23 208.824 639.649
internal_count=78332 58970 12606 46364 5307 37750 8614 2196 8427 4706 1560 3146 6418 1596 19362 8973 10389 9555 7412 29323 1271 4536
is_linear=0
shrinkage=0.0239494


Tree=108
num_leaves=23
num_cat=0
split_feature=27 37 26 27 7 31 37 28 37 26 13 25 37 29 12 3 22 37 37 13 12 8
split_gain=54.5963 55.1386 123.24 56.0929 51.6472 60.5339 46.5724 44.9595 81.6073 93.4957 48.515 39.7944 38.6302 36.6348 45.9011 38.8885 77.7048 37.0139 33.3517 32.3085 30.7554 30.1903
threshold=0.037575000000000004 -0.56144999999999989 0.88080000000000014 -0.010704999999999998 91.292275020483473 0.038445000000000007 -0.74399999999999988 -0.013394999999999999 0.17365000000000003 -1.0000000180025095e-35 -0.34483499999999995 1.50885 -0.22444999999999996 0.015415000000000002 -0.11342499999999998 0.85291823674074563 3.9609500000000004 -0.38284999999999997 0.31195000000000006 -0.38651999999999992 0.22431000000000004 0.013194561000000002
decision_type=2 2 2 2 2 2 2 2 2 2 2 2 2 2 2 2 2 2 2 2 2 2
left_child=1 2 -1 -4 7 -6 -2 8 10 -10 -3 13 -7 14 18 16 -16 -17 -9 -11 -12 -5
right_child=6 4 3 21 5 12 -8 11 9 19 20 -13 -14 -15 15 17 -18 -19 -20 -21 -22 -23
leaf_value=-0.00041847579600627334 -0.00079485869208488242 0.0028308691504085044 0.026562302072574994 0.015491820785218267 -0.013518725072927224 0.020304194930107922 0.0092105149803702342 0.0064889544347800253 0.0031536398375807341 -0.003647455947301286 -0.015806126385566582 -0.0042131450056513151 -0.0045258016865348215 0.0020604692347255382 -0.0020500131827087577 0.0043272372333725559 0.014653125934488049 -0.0067207650015247674 -0.0015188531092341028 0.02418756511567537 0.0010371802293544037 -0.0020763425770963877
leaf_weight=854.76695074886084 407.45043431222439 274.14110288769007 167.31514920294285 104.95414443314075 374.17474961653352 55.573412828147411 656.07392803579569 601.6693317219615 698.53590976446867 17.045040726661682 205.56884923577309 1993.4745970927179 85.599840581417084 2359.5561681091785 1795.2671712264419 179.11234686523676 174.68147430196404 1560.7764344550669 546.62253634631634 204.25395230948925 66.837584093213081 94.250606410205364
leaf_count=4187 1763 1243 1127 602 4210 289 2863 3246 3124 72 1145 10814 516 11418 12125 1105 1384 12163 2876 1137 311 469
internal_value=2.20662e-05 -0.000413193 0.00439766 0.0160279 -0.000951165 -0.00837762 0.00524001 -0.000579052 0.00328928 0.00769831 -0.00386389 -0.00121073 0.00421425 -0.000361251 -0.00156752 -0.00288131 -0.000494757 -0.0054995 0.00254981 0.0213837 -0.0111374 0.00644665
internal_weight=13477.7 12414.2 1221.29 366.52 11192.9 515.348 1063.52 10677.5 1466.38 919.835 546.548 9211.16 141.173 7217.69 4858.13 3709.84 1969.95 1739.89 1148.29 221.299 272.406 199.205
internal_count=78189 73563 6385 2198 67178 5015 4626 62163 7032 4333 2699 55131 805 44317 32899 26777 13509 13268 6122 1209 1456 1071
is_linear=0
shrinkage=0.0239494


Tree=109
num_leaves=23
num_cat=0
split_feature=28 37 37 27 15 31 13 13 8 0 1 29 37 37 37 33 16 1 37 16 35 3
split_gain=38.3305 139.704 80.4585 130.429 72.3073 52.5391 57.4288 52.1084 41.9794 48.9519 67.0861 48.7561 42.8037 39.5854 41.3306 37.1066 36.6157 34.6312 32.4325 32.1154 29.625 26.911
threshold=0.022945000000000004 0.10275000000000002 0.59855000000000014 0.013885000000000002 0.97535000000000005 0.035435000000000008 -0.29289999999999994 0.15586500000000003 1.0000000180025095e-35 0.23387910500000003 0.49629724329338681 0.016405000000000006 0.023250000000000003 0.31855000000000006 -0.25674999999999992 0.40080000000000005 -0.96854999999999991 -0.18939645348498246 0.23095000000000002 -0.9817499999999999 3.5000000000000004 0.85291823674074563
decision_type=2 2 2 2 2 2 2 2 2 2 2 2 2 2 2 2 2 2 2 2 2 2
left_child=2 4 5 19 -2 6 -1 8 9 10 -8 15 -12 14 -11 -10 -15 20 -9 -4 -3 -6
right_child=1 17 3 -5 21 -7 7 18 11 13 12 -13 -14 16 -16 -17 -18 -19 -20 -21 -22 -23
leaf_value=0.0012444046660505107 0.0024089862650258542 0.023893271969943577 0.0046542140203069977 0.017994957032185184 0.0081758555039470188 0.001709276167072815 -0.0091564263815138297 0.0030703522488883545 -0.011400308088820504 0.0032541968478001677 0.073464434421937369 -0.00084442203502069777 0 0.014081056341874379 -0.0068736024392199611 0.0024340916172078475 -0.0039368205053878511 -0.00079804769393059124 -0.0054399288388049371 -0.0044131045738819361 0.0032858737498443285 0.02464622742101303
leaf_weight=1680.9157399758697 260.37791249155998 57.648028180003166 472.24134709686041 330.13221020251513 115.15405543893576 2242.2830783575773 664.7812334485352 842.07872676849365 1238.1988909430802 415.13614638149738 8.9086334183812159 462.51252357661724 9.6758831478655321 194.75799082219601 491.16865895316005 103.50169054046273 80.59760108590126 2551.5192728117108 365.98504770547152 422.58076997846365 214.89906351268291 241.02011455595493
leaf_count=8040 1114 274 2247 1703 535 11256 6744 4822 10687 2450 91 2261 125 1038 4228 733 573 12295 2163 2381 1036 1390
internal_value=0.000133594 0.00232354 -0.000603404 0.00512162 0.0126527 -0.00141687 -0.00250798 -0.00383115 -0.00525455 -0.00261643 -0.00772594 -0.00790066 0.0355843 0.000214872 -0.0020734 -0.0102242 0.00827681 1.67554e-05 0.000371261 0.000208961 0.00818054 0.0197313
internal_weight=13466.1 3440.62 10025.5 1224.95 616.552 8800.5 6558.22 4877.3 3669.24 1865.03 683.366 1804.21 18.5845 1181.66 906.305 1341.7 275.356 2824.07 1208.06 894.822 272.547 356.174
internal_count=78186 16644 61542 6331 3039 55211 43955 35915 28930 15249 6960 13681 216 8289 6678 11420 1611 13605 6985 4628 1310 1925
is_linear=0
shrinkage=0.0239494


Tree=110
num_leaves=23
num_cat=0
split_feature=27 40 23 37 12 16 13 13 37 28 36 28 42 27 37 37 28 3 44 37 28 7
split_gain=53.5194 41.9183 38.4061 31.6624 95.6779 54.2865 45.093 62.0943 37.3841 45.8109 36.3174 29.9787 34.3486 24.4845 50.8142 35.1386 87.2369 39.881 38.905 39.3654 68.6783 62.3487
threshold=0.059125000000000004 1.5000000000000002 -89.674999999999997 0.15885000000000002 0.0111 1.0232500000000002 0.19377500000000003 -0.30151999999999995 -0.20544999999999997 0.010125000000000002 0.84875000000000012 0.011705000000000002 0.07889866700000002 0.024825000000000003 -0.74399999999999988 -0.38284999999999997 0.016395000000000003 0.74808332899198871 0.14813870000000004 0.28865000000000007 0.024865000000000002 47.563055517945095
decision_type=2 2 2 2 2 2 2 2 2 2 2 2 2 2 2 2 2 2 2 2 2 2
left_child=1 2 -1 5 10 6 7 -3 9 -7 -5 12 -9 15 -15 16 -4 -18 -17 20 -20 -21
right_child=-2 3 13 4 -6 8 -8 11 -10 -11 -12 -13 -14 14 -16 18 17 -19 19 21 -22 -23
leaf_value=-0.017763035993449874 0.0094133829104295162 -0.0014791856416017139 0.00088320017207245091 -0.0014372247747161527 0.0069337586844305859 -0.0027248193315121978 0.0038011115653678053 -0.01406626646952913 -0.0031152572602840623 0.019934547194723436 -0.011089975842038469 -0.0020358609534819462 0.0028536465422773424 -0.005272955776984673 0.0067465820942462489 0.00070482718386092116 -0.0025831909776087968 0.022560586125534236 -0.012944765076859569 0.007779262369157082 0.015405121607566338 -0.0095544287945465347
leaf_weight=61.199443098157644 349.56148524582386 849.73479954898357 836.04466555267572 1466.9796842932701 803.17485577240586 66.022164940834045 261.63892152905464 752.91983702778816 165.59976208209991 134.51751525700092 277.00180943310261 231.31150424107909 60.311371371150017 239.74751676619053 988.87150120735168 4714.5759530700743 32.508400067687035 185.02001950889826 417.58944815397263 272.05425657331944 51.046656563878059 211.39244138821959
leaf_count=796 1479 4087 4419 7391 4671 336 1334 6801 926 753 2314 1463 280 1068 4529 27256 139 1132 3804 1535 233 1291
internal_value=0.000161606 -7.44954e-05 0.000992405 -0.00178915 3.79329e-05 -0.00369232 -0.00517273 -0.0064893 0.00462582 0.0117464 -0.00305414 -0.0104252 -0.0126319 0.00115518 0.00428228 0.00056174 0.00458306 0.0181317 -0.000160153 -0.0045968 -0.00954509 0
internal_weight=13428.8 13079.3 8010.05 5069.21 2547.16 2522.06 2155.92 1894.28 366.139 200.54 1743.98 1044.54 813.231 7948.85 1228.62 6720.23 1053.57 217.528 5666.66 952.083 468.636 483.447
internal_count=78037 76558 46202 30356 14376 15980 13965 12631 2015 1089 9705 8544 7081 45406 5597 39809 5690 1271 34119 6863 4037 2826
is_linear=0
shrinkage=0.0239494


Tree=111
num_leaves=23
num_cat=0
split_feature=28 45 37 26 28 13 31 23 17 37 26 45 41 5 7 2 5 28 7 31 37 37
split_gain=46.8715 41.1661 68.2267 107.465 63.3574 44.091 71.5709 53.863 53.816 50.3068 50.6311 42.1324 60.1433 44.8876 36.483 32.8232 30.7196 28.4 26.9935 33.3138 25.3039 23.65
threshold=0.088350000000000012 1.9643000000000002 -0.56144999999999989 0.49725000000000003 0.016015000000000005 -0.13747499999999999 0.038445000000000007 82.450000000000003 -1.0000499999999997 0.28865000000000007 -0.24994999999999998 1.9999000000000002 -0.2560646553963431 3.3518118858337407 36.293320811723177 0.21370626715225158 -2.5942014455795284 -0.0040449999999999991 12.889697791374191 0.025900000000000003 0.54435000000000011 0.36785000000000007
decision_type=2 2 2 2 2 2 2 2 2 2 2 2 2 2 2 2 2 2 2 2 2 2
left_child=1 18 3 -3 -5 9 7 8 20 14 -11 13 -13 -10 -4 -12 -9 -16 19 -1 -7 -8
right_child=-2 2 5 4 -6 6 21 16 11 10 15 12 -14 -15 17 -17 -18 -19 -20 -21 -22 -23
leaf_value=-0.0012685892252754594 0.013835890388148151 -0.0011597168178362363 -0.013084190693745492 0.0038554817625387956 0.025640078703156207 -0.01861587546687642 0.0036081422929805083 0.0021360721420865072 -0.010144762078944198 0.0021228894163484099 -0.0022442582577821249 -0.007577767041645137 0.00061378829000608023 0 -0.0021397468898978781 0.020211141614770483 -0.015587787586372831 0.0053876334912545129 0.001711779298807311 0.023267154936707907 0 -0.0011647325706131636
leaf_weight=36.677060291171074 137.89663183689117 521.30627524107695 133.51132200658321 162.5407939851284 183.4721542969346 186.75641303509474 1030.0123978927732 50.497577749192715 740.90863537788391 543.1941094622016 32.6318504139781 654.34524313732982 2290.5082067511976 389.5117991566658 1003.9032411575317 186.07382186502218 337.12449774518609 402.83708760887384 3014.6085914596915 75.32334528118372 36.842067025601864 1350.3595198616385
leaf_count=210 590 2588 953 891 1246 1657 5266 355 5794 2417 209 3763 15844 2346 5778 1011 3648 2076 14675 402 184 6603
internal_value=-4.10235e-05 -0.000195153 -0.000939814 0.00544939 0.0158288 -0.00154687 -0.00249172 -0.00421473 -0.00339744 0.0012901 0.00635344 -0.00272584 -0.00115678 -0.00668419 -0.00111972 0.016193 -0.0129021 0 0.00219612 0.0139285 -0.0149847 0.000839192
internal_weight=13500.8 13362.9 10236.3 867.319 346.013 9369.02 7066.87 4686.49 4298.87 2302.15 761.9 4075.27 2944.85 1130.42 1540.25 218.706 387.622 1406.74 3126.61 112 223.598 2380.37
internal_count=78506 77916 62629 4725 2137 57904 45460 33591 29588 12444 3637 27747 19607 8140 8807 1220 4003 7854 15287 612 1841 11869
is_linear=0
shrinkage=0.0239494


Tree=112
num_leaves=23
num_cat=0
split_feature=8 8 7 7 37 28 30 8 5 36 37 37 39 1 28 12 37 8 34 0 28 45
split_gain=54.1545 50.7854 72.3603 44.1378 52.9457 50.7141 42.6371 53.4654 47.1114 49.6026 46.9277 93.5931 56.0544 75.8413 51.163 36.0698 62.2345 36.9175 34.4841 31.9608 38.4686 31.9353
threshold=0.022474468000000004 1.0000000180025095e-35 63.44146386156789 25.845839302318627 0.46315000000000006 -0.011034999999999998 0.0034650000000000006 -0.014184623999999998 1.3674818277359011 0.27095000000000008 -0.24314999999999998 0.40375000000000005 0.14555000000000004 0.016025745311317601 0.011075000000000002 0.05055500000000001 0.22555000000000003 -0.0015018581999999999 239.50000000000003 0.28260552500000008 -0.010194999999999997 1.9667000000000001
decision_type=2 2 2 2 2 2 2 2 2 2 2 2 2 2 2 2 2 2 2 2 2 2
left_child=1 6 3 4 -3 -6 7 -1 9 -8 14 12 13 -12 18 -9 -17 -18 -11 20 -13 -4
right_child=-2 2 21 -5 5 -7 8 15 -10 10 11 19 -14 -15 -16 16 17 -19 -20 -21 -22 -23
leaf_value=0.0012185844858501711 0.0023810871874642855 -0.015155973188476049 0.0050702754056073619 2.3196524006538518e-05 0.024633512658580055 -0.0065802368781777438 -0.00049085016472848609 -0.0073782896902895084 -0.0030269855837367216 -0.0028793136233570245 0.019637881277922677 0.024921754095425346 -0.011595515996219934 -0.010259278439587771 0.022638271283323203 -0.0032927191232422388 0.0028982678153711074 0.042863236880658545 0.03105638264800541 0.018482970178154468 -0.015966665599755139 -0.010140720616852259
leaf_weight=2126.3682915456593 4107.451892696321 252.34968101233244 73.675319574773312 2469.2424460090697 43.701630279421806 84.544842436909676 508.75966113805771 945.91373801603913 484.82353150099516 97.476666901260614 109.2386782169342 20.34425188601017 208.67231450974941 81.075860768556595 223.64944700151682 281.4754162915051 40.550932511687279 29.423213496804237 20.00240221619606 243.8867928609252 36.982456654310226 875.01772610470653
leaf_count=10336 19593 1933 449 14722 215 536 2504 8108 2821 751 892 100 1700 850 1296 2058 209 225 146 1343 286 6864
internal_value=8.24242e-05 -0.000921728 -0.00305403 -0.00108816 -0.00868216 0.00291763 0.000535337 -0.00106436 0.00329859 0.00537126 0.00837553 0.00453018 -0.00277259 0.00613407 0.0158404 -0.00491865 0.00128586 0.0217903 0.0016558 0.0146882 0 -0.0088055
internal_weight=13364.6 9257.18 3798.53 2849.84 380.596 128.246 5458.64 3423.73 2034.91 1550.09 1041.33 700.2 398.987 190.315 341.129 1297.36 351.45 69.9741 117.479 301.214 57.3267 948.693
internal_count=77937 58344 24719 17406 2684 751 33625 20936 12689 9868 7364 5171 3442 1742 2193 10600 2492 434 897 1729 386 7313
is_linear=0
shrinkage=0.0239494


Tree=113
num_leaves=23
num_cat=0
split_feature=0 21 30 31 25 29 5 21 12 35 35 6 6 14 37 8 30 7 1 31 1 37
split_gain=44.7304 39.0976 35.0092 52.9408 35.6237 39.4263 32.428 31.0784 47.7227 36.6244 43.9771 27.8072 26.2738 25.6471 25.53 25.0523 54.8739 45.4241 23.6136 23.3152 31.8601 23.4732
threshold=1.5968718000000004 16.810000000000006 -0.034804999999999996 0.021185000000000006 1.7492500000000002 0.018515 -2.8117675781249996 18.325000000000003 0.017025000000000002 16.500000000000004 6.5000000000000009 0.056485181535117203 -0.051630065439232341 0.59225000000000005 0.18415000000000004 1.0000000180025095e-35 0.0034650000000000006 68.301722465033507 -0.20510203075439382 -0.019834999999999995 -0.10882380145257038 -0.32524999999999993
decision_type=2 2 2 2 2 2 2 2 2 2 2 2 2 2 2 2 2 2 2 2 2 2
left_child=1 2 -1 4 5 6 -4 8 18 10 -10 -9 -12 -13 -11 16 -8 -17 -3 -7 21 -21
right_child=-2 7 3 -5 -6 19 15 11 9 14 12 13 -14 -15 -16 17 -18 -19 -20 20 -22 -23
leaf_value=0.0023097373832997596 0.0074686228167802626 0.019468752258559912 0.00083828290688159563 0.00043011024675096774 -0.0084093423470340632 -0.001696059945407295 -0.007240041098130221 -0.00063627687960470219 0.00029261261157564346 -0.0062890571118298265 0 -0.0058382573781744808 0.028228402428470946 0.009297290761111153 0.01695815946741825 -0.0052722187730688671 0.0033540288404347494 -0.018750207627555526 -7.5807085636895701e-05 0.0010679586457331123 0.00092079352540288466 0.024310950854420827
leaf_weight=1577.8851868584752 454.34333385527134 37.160965211689472 651.64873716980219 3920.5621349476278 700.23499403893948 369.06106023490429 603.98399815708399 1814.9907167218626 75.457781277596951 79.460318863391876 28.618176214396954 67.408142805099487 150.22569217532873 327.1707531735301 40.021115817129612 946.65586642920971 502.45987736061215 186.15735934302211 497.98143088445067 56.221400231122971 261.50076162815094 81.131500124931335
leaf_count=7544 2046 183 3852 20544 4217 1764 5872 10208 430 473 134 326 794 1689 210 6958 3962 2150 2940 252 1278 381
internal_value=7.4778e-05 -0.000172857 -0.000922666 -0.00155632 -0.00337643 -0.0023733 -0.00367457 0.00215044 0.00589571 0.0125019 0.0176721 0.000543702 0.0241883 0.00634149 0.000275576 -0.00505307 -0.00229706 -0.00761601 0.00100853 0.00233531 0.00643169 0.0158604
internal_weight=13430.3 12976 9857.5 8279.62 4359.06 3658.82 2890.91 3118.5 908.925 373.783 254.302 2209.57 178.844 394.579 119.481 2239.26 1106.44 1132.81 535.142 767.915 398.854 137.353
internal_count=78207 76161 58774 51230 30686 26469 22794 17387 5164 2041 1358 12223 928 2015 683 18942 9834 9108 3123 3675 1911 633
is_linear=0
shrinkage=0.0239494


Tree=114
num_leaves=23
num_cat=0
split_feature=21 1 6 30 37 26 37 28 37 27 37 36 6 27 27 6 23 7 7 34 27 43
split_gain=46.5248 33.8935 44.0512 49.1568 45.7381 74.4567 40.3039 36.406 61.9052 69.0443 53.9047 30.8172 29.603 26.8638 24.5548 48.0281 38.1068 26.2843 24.2883 23.544 30.8793 23.3567
threshold=16.630000000000006 -0.41794735357223628 0.035307929003704212 -0.028694999999999995 -0.27254999999999996 0.89580000000000015 0.26265000000000005 0.017295000000000001 0.58895000000000008 0.013255000000000001 0.20515000000000003 0.97465000000000013 -0.03469593327703089 0.037575000000000004 0.014225000000000002 0.15539866879034162 70.385000000000005 82.16430307484373 56.384670117972696 29.500000000000004 0.0091650000000000013 0.44306492911294315
decision_type=2 2 2 2 2 2 2 2 2 2 2 2 2 2 2 2 2 2 2 2 2 2
left_child=1 6 3 -3 5 -4 11 8 -5 -10 18 -1 21 -2 15 16 19 -16 -9 -6 -21 -8
right_child=13 2 4 7 14 -7 12 10 9 -11 -12 -13 -14 -15 17 -17 -18 -19 -20 20 -22 -23
leaf_value=0.0019380912385468648 0.0018074931994917715 0.0017949259671340239 0 -0.0063043924272129879 -0.008278099126753256 0.016626653703501935 -0.0003118833404517331 0.001364198999245971 -0.0036091959386560209 0.019436337155987967 -0.0039415868679958926 -0.0084107477722603196 0.01613277983167594 0.0096342301924257426 0.0020562392805207668 0.0022046256408087355 -0.013194378252939691 0.023259123143580043 0.015153720971494294 0.0024263718624555285 -0.012507088560687669 0.015081714283552062
leaf_weight=857.23171030730009 3148.6174708232284 1062.3376967981458 397.71097851544619 2820.0136430747807 279.08860336616635 254.29186446964741 215.79767975211143 197.08315192162991 184.82208673655987 117.31255462765694 663.32552022486925 204.35050383582711 182.15240529924631 287.41363880783319 551.49223015457392 900.29794529825449 265.82724829018116 38.337578028440475 148.8305900990963 515.09162709489465 93.838118061423302 69.56916282325983
leaf_count=3988 17785 5224 1846 21283 1658 1555 981 966 1167 595 3428 1756 1057 1240 2624 4465 1981 166 849 2837 593 343
internal_value=9.03007e-05 -0.000723154 -0.00132565 -0.00270651 0.000805959 0.00650527 0.00252646 -0.00389935 -0.00517765 0.00485558 0 0 0.00838588 0.00250468 -0.000544256 -0.00182888 -0.00510263 0.003682 0.00771938 -0.00251591 0 0.00292918
internal_weight=13454.8 10018.8 8489.7 5193.73 3295.98 652.003 1529.1 4131.39 3122.15 302.135 1009.24 1061.58 467.519 3436.03 2643.97 2054.14 1153.85 589.83 345.914 888.018 608.93 285.367
internal_count=78387 59362 51237 33512 17725 3401 8125 28288 23045 1762 5243 5744 2381 19025 14324 11534 7069 2790 1815 5088 3430 1324
is_linear=0
shrinkage=0.0239494


Tree=115
num_leaves=23
num_cat=0
split_feature=21 13 43 28 8 37 37 29 39 40 0 37 28 15 27 37 44 36 6 34 1 34
split_gain=54.062 42.6155 34.5482 33.8666 29.8767 41.0646 28.8503 27.6395 27.1254 38.7851 28.5057 29.6005 83.4269 68.296 58.7937 37.8999 27.8322 27.176 23.5198 27.0954 37.1724 23.1963
threshold=16.425000000000001 -2.1564049999999995 0.69259540156538379 0.021505000000000003 0.025206119000000003 0.35575000000000007 0.27815000000000006 -0.085719999999999977 0.14445000000000002 1.5000000000000002 1.2120242500000002 0.40375000000000005 0.0091750000000000009 0.97835000000000016 0.019815000000000003 -0.44734999999999997 0.11339118000000002 0.017150000000000002 0.089191672835875466 20.500000000000004 -0.31210756181580951 16.500000000000004
decision_type=2 2 2 2 2 2 2 2 2 2 2 2 2 2 2 2 2 2 2 2 2 2
left_child=1 -1 7 -4 -2 -6 -5 -3 9 16 11 12 17 14 -13 -14 21 -10 19 -11 -21 -9
right_child=4 2 3 6 5 -7 -8 8 10 18 -12 13 15 -15 -16 -17 -18 -19 -20 20 -22 -23
leaf_value=0.012984613709975763 0.0015465792535901924 0.011547147235799046 -0.011662191454338484 0.025442839322600472 0.010757990805730703 0.0006637789977798137 -0.0050003202035717887 0.0054709477042388906 -0.0045343922004093071 -0.0081436947573588006 0.0032587945040051742 0.0026717650317093873 0.0061630162498053625 -0.0042715180198931472 0.023788288769541616 -0.0028909728659716931 0.013297849602283585 -0.012209519820729219 0.0027641240807705515 0.0078308762505771932 -0.0031720154340813258 0.0003850619633717878
leaf_weight=132.80382986366749 2604.5607203990221 109.79550489783287 289.59730210155249 28.419688358902931 573.7226382791996 441.85396209359169 33.657525412738323 784.44875662773848 597.68880794942379 448.71556742861867 527.41725220531225 567.08998733758926 415.5932177528739 910.45235183089972 92.306151635944843 723.3023339137435 139.71043200790882 630.9169226847589 494.58896564692259 212.93567955121398 937.61426672711968 1703.8827512152493
leaf_count=578 15243 462 3459 148 2670 2081 162 4063 3060 2499 2479 2907 2165 4702 588 4654 1146 5108 2490 1270 6225 9959
internal_value=0.000473765 -0.000438674 -0.000638579 -0.00802602 0.00297934 0.00651003 0.00658461 -0.000343411 -0.00050142 0.000742067 -0.00184923 -0.00257055 -0.00426151 0 0.00584927 0.000284685 0.00270076 -0.00859461 -0.00164659 -0.00310196 -0.00100875 0.00204708
internal_weight=13401.1 9780.94 9648.13 351.675 3620.14 1015.58 62.0772 9296.46 9186.66 4721.9 4464.77 3937.35 2367.5 1569.85 659.396 1138.9 2628.04 1228.61 2093.85 1599.27 1150.55 2488.33
internal_count=78118 58124 57546 3769 19994 4751 310 53777 53315 27652 25663 23184 14987 8197 3495 6819 15168 8168 12484 9994 7495 14022
is_linear=0
shrinkage=0.0239494


Tree=116
num_leaves=23
num_cat=0
split_feature=37 23 27 44 28 3 35 37 23 8 28 37 28 13 44 35 26 28 43 22 27 43
split_gain=40.3309 117.769 70.3331 75.7338 53.4681 64.1841 51.8948 48.321 44.112 42.7154 51.0149 38.2985 152.073 118.248 87.4264 40.4705 39.784 43.6824 38.1966 38.5302 37.1215 34.3258
threshold=-0.38284999999999997 15.800000000000002 0.011695000000000002 0.14690557000000004 0.016195000000000005 0.82071726578045678 2.5000000000000004 1.9226000000000003 -27.874999999999996 0.010159194500000001 0.011075000000000002 0.27815000000000006 0.013775000000000001 -0.0055299999999999993 0.16093312500000004 1.5000000000000002 -0.24994999999999998 -0.013394999999999999 0.11463457093226731 3.0000500000000003 0.016985000000000004 0.58276781406639766
decision_type=2 2 2 2 2 2 2 2 2 2 2 2 2 2 2 2 2 2 2 2 2 2
left_child=1 -1 3 6 9 -6 8 21 -2 10 -3 12 14 16 15 -4 -13 -18 19 -19 -21 -8
right_child=2 4 11 -5 5 -7 7 -9 -10 -11 -12 13 -14 -15 -16 -17 17 18 -20 20 -22 -23
leaf_value=-0.0017324017089237096 -0.0061124838078352199 0.0041579273346201767 -0.011715887907086943 -0.0083756873276718252 -0.0027551732097038056 0.022506691518746621 -0.0014888752662953293 0.017337787412946556 0.007392521135383536 -0.0024079246067809962 0.020176517863045858 -0.0049817630934166895 0.027140272543345226 -0.00069349274811339836 -0.015432553680644881 0.0012022122217035024 0.023838535544984666 0.0096351316101586613 0.016393664063448676 -0.021956920017147118 0.0064325669905450061 -0.0078337690358019699
leaf_weight=1501.4820246845484 164.13869509473443 482.48033475875854 151.40082208067179 942.68317240104079 62.261004701256752 248.99678165465593 4319.1011429093778 71.696001186966896 657.50502119585872 276.34880881756544 166.10469482094049 61.943508960306644 111.09943701326847 990.26882880926132 233.21523093059659 1686.3603977896273 188.3642246350646 171.18720048666 238.57420349866152 56.988472960889339 38.190731771290302 572.31579419970512
leaf_count=7393 1062 2484 772 8160 271 1605 25419 318 3736 1434 797 263 480 4599 1757 8710 1074 834 1215 317 180 5268
internal_value=9.2726e-05 0.0026948 -0.000562138 -0.00205952 0.00819022 0.0169844 -0.00100499 -0.00194856 0.0045169 0.00507292 0.00848552 0.00196549 -8.44299e-05 0.00461176 -0.00161545 5.85078e-05 0.0117613 0.0134678 0.00930986 0.00241689 -0.00903134 -0.00226111
internal_weight=13392.7 2737.67 10655 6727.44 1236.19 311.258 5784.76 4963.11 821.644 924.934 648.585 3927.59 2182.08 1745.52 2070.98 1837.76 755.248 693.305 504.941 266.366 95.1792 4891.42
internal_count=78148 13984 64164 43963 6591 1876 35803 31005 4798 4715 3281 20201 11719 8482 11239 9482 3883 3620 2546 1331 497 30687
is_linear=0
shrinkage=0.0239494


Tree=117
num_leaves=23
num_cat=0
split_feature=27 37 28 44 37 14 37 28 12 37 36 1 37 15 36 13 37 27 6 41 30 41
split_gain=48.2159 53.2933 149.141 52.7384 52.4041 51.9746 46.7481 90.0464 72.8975 42.682 40.2485 34.5933 49.0554 58.9129 40.7754 34.8618 34.4812 34.2864 34.1068 47.4389 41.8346 33.442
threshold=0.024425000000000006 -0.48944999999999994 0.016015000000000005 0.14813870000000004 -0.33384999999999992 0.94895000000000007 0.41655000000000003 0.024865000000000002 0.014935000000000002 -0.068649999999999975 0.99990000000000012 -0.24790114629940399 0.22055000000000002 -0.98664999999999992 0.9195000000000001 -0.68584499999999993 -0.29394999999999993 0.019815000000000003 0.020998540812848753 -0.10236881151014575 0.024765000000000006 -0.10907721816964921
decision_type=2 2 2 2 2 2 2 2 2 2 2 2 2 2 2 2 2 2 2 2 2 2
left_child=1 2 -1 11 -2 -4 7 16 -8 -9 -6 12 13 15 -14 -3 18 21 20 -20 -5 -10
right_child=4 3 5 6 10 -7 8 9 17 -11 -12 -13 14 -15 -16 -17 -18 -19 19 -21 -22 -23
leaf_value=-4.4671986607630777e-05 -0.000442326068380392 0.001561437572056405 0 -0.01645401153501877 0.0042726303688009901 0.026866337037570829 -0.010906701234773065 0.030044549803285955 -0.0052251957453824079 0 0.015962739993989363 -0.0012410512892934596 0.0040553268257168349 0.0069065247279840218 0.018703704771190117 -0.010951089751493705 -0.013174257319353145 0.023551864426641062 -0.013429129386753504 0.020218029829279175 0.017581907972579053 0.0097584078492678281
leaf_weight=942.50446815043688 1168.3164443224669 178.6530923396349 50.487961068749428 116.27631675451994 986.22681424021721 186.95576910674572 218.61585068702698 43.480924040079117 143.13510029017925 71.130523703992367 224.42014088481665 6520.7135025262833 551.60389129817486 311.35883383452892 151.66247339174151 328.91650057956576 734.46702791377902 59.05430955439806 32.090751595795155 67.901897609233856 21.336847543716431 188.8957634344697
leaf_count=4953 5220 859 226 888 4366 1299 1394 202 792 341 1205 38811 2622 1614 1032 2811 7072 381 206 415 101 977
internal_value=-1.82823e-05 -0.000702296 0.00407493 -0.00129607 0.0030599 0.0210422 -0.00514228 -0.00812119 0 0.0113516 0.00656029 -0.00046668 0.0027546 -0.00107526 0.00742199 -0.00625925 -0.0105673 0.00635736 -0.00189446 0.00795913 -0.0101155 0.00285931
internal_weight=13298.2 10919.2 1179.95 9739.29 2378.96 237.444 1696.39 1086.68 609.701 114.611 1210.65 8042.91 1522.19 818.928 703.266 507.57 972.073 391.085 237.606 99.9926 137.613 332.031
internal_count=77787 66996 6478 60518 10791 1525 12769 9225 3544 543 5571 47749 8938 5284 3654 3670 8682 2150 1610 621 989 1769
is_linear=0
shrinkage=0.0239494


Tree=118
num_leaves=23
num_cat=0
split_feature=21 28 37 27 27 13 26 1 37 27 7 34 37 28 12 13 43 7 37 35 42 35
split_gain=51.6742 35.4037 36.9941 102.737 58.148 54.3641 43.3655 40.7774 64.0155 44.9471 41.6627 42.2097 38.727 60.5014 46.5706 44.713 38.1063 35.3367 76.73 30.2664 28.172 27.1861
threshold=16.845000000000002 -0.013394999999999999 -0.39034999999999992 -0.0099549999999999986 0.019815000000000003 0.19738000000000003 0.99990000000000012 0.083237326518632165 -0.30894999999999995 0.0050650000000000009 68.058595514839865 61.500000000000007 0.21505000000000005 0.023285000000000004 0.17616000000000001 -0.074919999999999987 0.15334932360490922 36.588185047119588 0.16865000000000002 7.5000000000000009 0.0072671175000000006 24.500000000000004
decision_type=2 2 2 2 2 2 2 2 2 2 2 2 2 2 2 2 2 2 2 2 2 2
left_child=1 17 3 6 5 7 -3 12 10 -10 11 -9 13 14 -4 16 -14 18 -1 -7 -17 -21
right_child=-2 2 4 -5 -6 19 -8 8 9 -11 -12 -13 15 -15 -16 20 -18 -19 -20 21 -22 -23
leaf_value=0 0.0026424085406410716 0.0035482655526840067 -0.0088747978805558923 -0.0014910731988726619 0.0028827731266726584 0.0037201822535257315 0.020013890261513297 0.058680118030983018 -0.015129825145635947 0 -0.0048406546648604885 0.0031580754724069111 -0.0031348425883100431 0.019149612686978301 0.0079852662528362896 0 0.012360847876465079 0.00053527156967984098 0.024761904352553824 -0.0036952384205775034 -0.0090072183470247102 0.0032315277757966909
leaf_weight=177.1578624099493 3226.1267132870853 211.24543981254101 1164.7252454161644 1343.6378685459495 1060.965766467154 702.02032870799303 206.92577807605267 15.125333823263643 601.89887071400881 135.52371490746737 51.993005406111479 30.087681323289871 127.36271920055151 47.918039187788963 93.078561201691628 537.88882111757994 236.84833869710565 1082.2868707254529 120.60079059004784 1431.5946647897363 325.16302420571446 398.82907342165709
leaf_count=874 17821 973 9745 6925 4921 3521 1307 91 6685 771 399 216 692 234 489 3413 1582 5055 755 7509 1963 2099
internal_value=0 -0.00083908 -0.00141401 0.00163894 -0.00220768 -0.00314781 0.0120453 -0.00514568 -0.00983797 -0.012324 0.00751944 0.0249628 -0.0035419 -0.00642077 -0.00751103 -0.000359985 0.00654113 0.00268903 0.010027 -0.000433391 -0.00344149 -0.00210619
internal_weight=13329 10102.9 8722.83 1761.81 6961.02 5900.06 418.171 3367.61 834.629 737.423 97.206 45.213 2532.98 1305.72 1257.8 1227.26 364.211 1380.05 297.759 2532.44 863.052 1830.42
internal_count=78040 60219 53535 9205 44330 39409 2280 26280 8162 7456 706 307 18118 10468 10234 7650 2274 6684 1629 13129 5376 9608
is_linear=0
shrinkage=0.0239494


Tree=119
num_leaves=23
num_cat=0
split_feature=28 37 37 27 7 37 14 2 43 28 39 45 39 8 37 28 33 27 12 39 37 16
split_gain=45.1504 123.851 67.6833 116.328 50.5374 70.2869 48.6471 38.5818 38.5375 35.2029 30.6979 29.2066 32.1711 36.5298 36.5794 49.8732 34.6024 38.1175 28.5008 26.3461 24.0069 23.7356
threshold=0.021035000000000002 0.48305000000000003 0.59855000000000014 0.013255000000000001 19.152803535035741 0.29415000000000008 0.86655000000000015 0.5494288320375279 0.65872300721875432 0.088350000000000012 0.25335000000000008 1.8963000000000003 0.14665000000000003 1.0000000180025095e-35 -0.22444999999999996 0.0079050000000000023 0.40080000000000005 -0.010324999999999999 0.047195000000000008 0.12145000000000002 0.40375000000000005 -0.9817499999999999
decision_type=2 2 2 2 2 2 2 2 2 2 2 2 2 2 2 2 2 2 2 2 2 2
left_child=2 6 4 21 5 -1 -2 -7 11 -3 18 -6 -13 14 15 -14 17 -15 -9 -10 -16 -4
right_child=1 9 3 -5 8 7 -8 10 19 -11 -12 12 13 16 20 -17 -18 -19 -20 -21 -22 -23
leaf_value=-0.014712254072231375 0.0023253110691338137 -0.0024544699306130336 0.0034999827506609587 0.017036131858233078 0.0046430013566137315 -0.0090552964036725875 0.010634387869583716 0 -0.0044459638027612731 0.010921386364649312 -0.0026926562145753443 0.0003448130076066837 -0.001485602698766159 0.0011386309610534845 -0.0060279651218902112 0.012735784548170285 0.0014647711666355419 -0.0092092391752737132 0.028600958759927419 -0.020305102684038987 0.0045206449500328596 -0.0046329022115699382
leaf_weight=370.48978063091636 781.27525649964809 1920.7014996558428 477.26465595513582 316.26404020190239 565.10512495785952 92.544109228998423 974.71967588365078 24.10540509223938 347.67206957191229 116.86130851507187 42.834526434540749 3997.2288726828992 293.72372733801603 225.02321182191372 538.59577470645308 247.71771347150207 300.25627944618464 1019.1082954183221 59.835484363138676 86.241121262311935 144.71825919672847 361.89349745586514
leaf_count=3147 3736 9389 2268 1691 2533 637 4948 158 3756 498 242 24015 1627 1203 3901 1378 1572 6805 330 1194 793 2062
internal_value=0.000125092 0.00234352 -0.000744431 0.0046578 -0.00150897 -0.00830084 0.00702069 0.00186392 -0.000974299 -0.00161564 0.0109867 -0.000542435 -0.000997089 -0.00298685 0 0.00475119 -0.00543718 -0.00722026 0.0197069 -0.00793459 -0.00358017 0
internal_weight=13304.2 3793.56 9510.62 1155.42 8355.2 589.809 1755.99 219.32 7765.39 2037.56 126.775 7331.48 6766.37 2769.14 1224.76 541.441 1544.39 1244.13 83.9409 433.913 683.314 839.158
internal_count=77883 18571 59312 6021 53291 4514 8684 1367 48777 9887 730 43827 41294 17279 7699 3005 9580 8008 488 4950 4694 4330
is_linear=0
shrinkage=0.0239494


Tree=120
num_leaves=23
num_cat=0
split_feature=8 29 31 7 7 21 37 15 28 23 27 37 26 40 21 1 37 35 13 8 35 13
split_gain=40.6465 53.2757 45.1767 49.1899 55.421 36.6217 29.7026 68.0702 59.2452 33.401 36.604 33.0795 31.7846 28.8327 27.389 27.3486 55.6164 51.0491 42.6869 26.7958 26.756 85.1889
threshold=-0.07329564999999999 0.016405000000000006 0.021185000000000006 82.16430307484373 19.152803535035741 26.170000000000005 0.33755000000000007 0.97535000000000005 0.021035000000000002 -22.004999999999999 0.0017350000000000002 -0.14934999999999996 -1.0000000180025095e-35 1.5000000000000002 12.255000000000001 -0.16451962177986668 0.25215000000000004 23.500000000000004 -0.33420999999999995 1.0000000180025095e-35 6.5000000000000009 0.099735000000000004
decision_type=2 2 2 2 2 2 2 2 2 2 2 2 2 2 2 2 2 2 2 2 2 2
left_child=-1 2 3 4 -2 20 8 12 14 -10 11 -11 -8 -6 -3 16 18 -18 -15 -5 21 -4
right_child=1 6 5 19 13 -7 7 -9 9 10 -12 -13 -14 15 -16 -17 17 -19 -20 -21 -22 -23
leaf_value=0.0070164033468429502 -0.011165153650772097 -0.0065023000691910868 -0.0042120974363767834 -0.0057014954411439998 0.00035145179282304438 0.022091207914197351 -0.0054917981070816508 -0.0017466081899955707 0.0010315619319159546 0.02205460624275651 0.024507492934424568 0.003708176098023261 0.016244464297582705 0.00049665444127860623 0.0024983697515691154 -0.0057181782311621424 0.0028452956548536343 0.029722058505931907 -0.013744506967136513 -0.020335122005628637 -0.00045901995194068081 0.012856197329761036
leaf_weight=479.83697319030762 343.60067111626267 213.5091015920043 293.15358252823353 273.99051048979163 2861.8015107959509 47.905828386545181 36.821838796138763 1792.5855692401528 213.01156966388226 83.417824074625969 133.64100628346205 266.96135386824608 192.19374327361584 286.2862196341157 1631.8042597547174 1159.203597407788 224.40387769788504 54.60274251550436 188.13061142712831 125.48369954153895 2101.6102853678167 364.9441561549902
leaf_count=2100 3133 1036 1720 3211 18151 261 156 8612 896 469 585 1217 951 1416 7557 8012 1252 306 1713 1636 12008 1984
internal_value=0.000168781 -7.48139e-05 -0.00122575 -0.00249301 -0.00182672 0.00121263 0.00199262 -0.000104408 0.00371756 0.00970224 0.0132164 0.0084929 0.012112 -0.00112407 0.00137782 -0.0034082 0 0.00862867 -0.00484289 -0.0106638 0.000797278 0.00503112
internal_weight=13368.9 12889.1 8325.12 5517.5 5118.03 2807.61 4563.95 2021.6 2542.35 697.032 484.02 350.379 229.016 4774.43 1845.31 1912.63 753.423 279.007 474.417 399.474 2759.71 658.098
internal_count=78382 76282 54803 38830 33983 15973 21479 9719 11760 3167 2271 1686 1107 30850 8593 12699 4687 1558 3129 4847 15712 3704
is_linear=0
shrinkage=0.0239494


Tree=121
num_leaves=23
num_cat=0
split_feature=31 29 37 16 7 37 7 15 26 3 27 31 37 12 3 14 37 37 30 28 13 37
split_gain=43.7885 41.0067 44.3641 83.102 56.0509 41.4708 83.9042 65.3683 51.749 43.1329 39.5904 32.0671 57.3409 33.6893 43.6428 35.5097 30.2262 28.5985 41.1646 34.4003 28.0669 26.8865
threshold=-0.22722499999999998 0.018775000000000003 -0.52374999999999994 1.01495 82.16430307484373 0.15885000000000002 25.020613708213087 -0.99864999999999993 -0.49994999999999995 0.37622281531930196 0.020975000000000004 0.038445000000000007 -0.22444999999999996 0.0111 0.87250649193086272 0.78175000000000006 0.17875000000000002 -0.30894999999999995 -0.0066949999999999987 0.010275000000000001 1.0540600000000002 0.36785000000000007
decision_type=2 2 2 2 2 2 2 2 2 2 2 2 2 2 2 2 2 2 2 2 2 2
left_child=-1 2 3 -2 5 6 -4 8 -7 -8 16 13 -13 -6 15 -15 -9 19 -19 -11 -18 -3
right_child=1 21 4 -5 11 7 9 10 -10 17 -12 12 -14 14 -16 -17 20 18 -20 -21 -22 -23
leaf_value=0.010920202292705615 -0.00036343681187148553 0.0034440141321674649 -0.015757886680360114 0.014458512089553973 -0.015112529092649421 -0.00025759044789292352 0.0049222016903634853 0.01047712720923869 0.0098534671024152441 -0.0023520722969210795 0.011201366713821485 0.020630983379792737 -0.010191386577301951 -0.0066843175096894664 -0.012919039015097961 0.033693123850515011 -0.0034075307517274314 0 -0.007187577805481439 0.0094683027744964406 0.0059043193899741536 -0.00038972193013920984
leaf_weight=205.00011597573757 837.26312176138163 2323.2504102811217 280.05971011146903 284.83389963209629 372.49485502764583 481.65156742930412 435.00954493880272 100.52099689096212 639.73630803823471 451.54455070197582 131.73639097809792 54.177702315151691 94.63291347026825 12.397174425423144 59.398277394473553 30.770024359226227 2394.6836334988475 737.76222670078278 1259.6452785544097 200.34601700305939 190.6446937918663 1800.6632299870253
leaf_count=905 4364 10668 2651 1631 4361 2153 2320 653 3953 2722 676 290 624 133 737 336 14578 4288 9792 1006 955 8638
internal_value=-4.8954e-05 -0.000230741 -0.00114254 0.00326884 -0.00178539 -0.00117365 -0.00313214 0.00046207 0.0053804 -0.00193835 -0.00144358 -0.00871263 4.88603e-05 -0.0117645 0 0.0187143 -0.00211817 -0.00311996 -0.0045562 0.00105668 -0.00266438 0.00173464
internal_weight=13378.2 13173.2 9049.31 1122.1 7927.21 7303.34 3364.37 3938.97 1121.39 3084.31 2817.59 623.871 148.811 475.06 102.565 43.1672 2685.85 2649.3 1997.41 651.891 2585.33 4123.91
internal_count=78434 77529 58223 5995 52228 45747 22779 22968 6106 20128 16862 6481 914 5567 1206 469 16186 17808 14080 3728 15533 19306
is_linear=0
shrinkage=0.0239494


Tree=122
num_leaves=23
num_cat=0
split_feature=27 43 31 37 31 39 2 30 16 5 37 40 9 13 37 37 27 5 35 1 37 15
split_gain=33.4789 23.6382 24.2925 41.178 22.6111 20.3162 26.1147 20.3029 20.1687 19.2756 17.7827 17.2843 25.139 27.084 56.8127 26.5984 34.7467 27.3775 35.2357 33.4368 21.0181 55.9007
threshold=0.052625000000000012 0.68304328837960837 0.040285000000000008 0.18945000000000004 -0.10276499999999998 0.0098500000000000029 0.53764262808561425 -0.0021649999999999998 -1.0005499999999998 -7.0297391414642325 -0.6208499999999999 1.5000000000000002 1.5000000000000002 0.088025000000000006 0.18415000000000004 0.46945000000000003 0.015665000000000002 4.0440413951873788 8.5000000000000018 0.43803436512711363 0.15885000000000002 -0.99754999999999994
decision_type=2 2 2 2 2 2 2 2 2 2 2 2 2 2 2 2 2 2 2 2 2 2
left_child=1 5 4 -4 -3 6 -1 -8 -9 -10 -2 12 13 15 -15 17 -17 19 -19 -7 -13 -22
right_child=10 2 3 -5 -6 11 7 8 9 -11 -12 20 -14 14 -16 16 -18 18 -20 -21 21 -23
leaf_value=-0.00098869536765685976 0.0016983087134111992 0.0088944447399508519 0.018682644653303094 -0.0076178827945095912 -0.011132840841950022 -0.0084277464375675307 0.00087607790436322413 0 0 0.021639910612651612 0.011913565835620376 -0.0031011346213995852 0.0016052840814060293 0.0075323109700800341 -0.0026713325547887087 -0.0014714588604564942 0.016208040486462592 -0.013424661935302342 0.0032231823605789202 0.024044913853742071 0.0074275236787658162 -0.0017192769893307669
leaf_weight=235.06564649939537 278.98087573051453 27.878950230777264 56.288195632398129 79.711368188261986 310.85182869061828 803.64506099000573 132.6436505317688 27.708822168409824 17.227730371057987 127.44599882140756 194.72920336574316 2238.6646717973053 4326.652455277741 509.89488821104169 786.72411045432091 258.48491428047419 80.550207674503326 91.808189883828163 352.70311051607132 16.384307608008385 480.64291848987341 1881.6282128915191
leaf_count=1500 1183 142 332 419 4042 5461 738 163 87 690 828 13798 24319 2978 4027 1327 415 478 1805 149 2626 10561
internal_value=-3.39004e-05 -0.000275429 -0.0055237 0.00219377 -0.00905337 -6.21705e-05 0.00446454 0.00914578 0.0146619 0.0183331 0.00620581 -0.000281221 0.000433827 -0.00126346 0.00122862 -0.00336957 0.00229824 -0.00500465 0 -0.00760083 -0.00143611 7.99718e-05
internal_weight=13316.3 12842.6 474.73 136 338.731 12367.9 540.092 305.026 172.383 144.674 473.71 11827.8 7226.85 2900.19 1296.62 1603.58 339.035 1264.54 444.511 820.029 4600.94 2362.27
internal_count=78068 76057 4935 751 4184 71122 3178 1678 940 777 2011 67944 40959 16640 7005 9635 1742 7893 2283 5610 26985 13187
is_linear=0
shrinkage=0.0239494


Tree=123
num_leaves=23
num_cat=0
split_feature=13 21 37 26 8 7 12 13 21 37 37 27 2 13 28 5 23 1 27 35 44 35
split_gain=67.0839 42.1835 31.6041 57.1218 25.2362 29.2525 28.1625 24.9248 65.4131 44.6664 36.3526 77.0629 49.1976 46.0888 45.3106 36.6184 45.8086 34.3201 30.9613 29.1287 33.6791 26.1688
threshold=-2.1564049999999995 15.355000000000002 -0.52374999999999994 0.79350000000000009 0.012135088500000002 39.190931436490452 -0.33173499999999995 0.13313500000000003 12.255000000000001 0.33145000000000008 0.39165000000000005 0.0078850000000000014 0.36391694725028062 -0.31209999999999999 0.024235000000000003 -2.8117675781249996 79.565000000000012 0.13718077157720474 0.0048550000000000008 7.5000000000000009 0.00097501000000000022 23.500000000000004
decision_type=2 2 2 2 2 2 2 2 2 2 2 2 2 2 2 2 2 2 2 2 2 2
left_child=-1 7 3 -3 6 -6 -4 8 -2 18 13 -12 -13 -10 15 16 -15 -11 19 20 -9 -21
right_child=1 2 4 -5 5 -7 -8 9 10 17 11 12 -14 14 -16 -17 -18 -19 -20 21 -22 -23
leaf_value=0.015914731207371843 -0.0080056360728154533 0.0020025603142020273 0.0092017656069335405 0.019211751761262497 0.01012107047537792 0.0014397308189432415 -0.0016202131406088016 0.012490874308812662 0.0013115159467876664 0.0019775523371977693 -0.0037951335889667933 -9.7745786651676504e-05 0.014676091632924188 -0.0012172698901671431 0.0083166698404044236 -0.0069414760499867953 0.026761890545262318 -0.0047805502766330625 0.02158643909898373 -0.0017565140111149339 -0.0012417694172503345 0.0063315356893138474
leaf_weight=148.30344396829605 951.08404817432165 453.20392792671919 145.15968525409698 157.91043950617313 283.40891599655151 1349.436750549823 2087.2842997089028 291.62271192669868 1246.9468903392553 653.95992185175419 477.22423848509789 176.11933983117342 344.34617744386196 286.59088370576501 139.79806423932314 1607.0174409672618 37.169911570847034 1146.2505742423236 53.169662803411484 813.5476513132453 129.9926015548408 315.77717536687851
leaf_count=640 6884 2098 708 975 1385 6594 13228 1426 5822 3331 2685 989 1891 1820 709 13204 250 5880 261 4642 813 1737
internal_value=-8.60536e-05 -0.000277658 0.00159605 0.00668836 0.000753154 0.00303597 -0.00085112 -0.00126184 -0.0022976 0.000297519 -0.00100569 0.00294004 0.00939622 -0.00223632 -0.00444344 -0.00544297 0.00154392 -0.00224442 0.00324125 0.00251816 0.00791045 0.000375724
internal_weight=13295.3 13147 4476.4 611.114 3865.29 1632.85 2232.44 8670.62 5266.3 3404.32 4315.21 997.69 520.466 3317.52 2070.58 1930.78 323.761 1800.21 1604.11 1550.94 421.615 1129.32
internal_count=77972 77332 24988 3073 21915 7979 13936 52344 34254 18090 27370 5565 2880 21805 15983 15274 2070 9211 8879 8618 2239 6379
is_linear=0
shrinkage=0.0239494


Tree=124
num_leaves=23
num_cat=0
split_feature=21 13 31 8 43 28 25 5 7 13 21 30 6 13 1 8 39 44 37 28 37 7
split_gain=39.0901 34.0836 26.8784 37.5635 28.078 27.46 27.0153 30.3456 39.7777 25.4616 26.4199 31.0535 31.022 23.5956 37.3608 23.2625 25.44 29.9546 22.7108 22.3087 42.5175 33.6667
threshold=16.845000000000002 -1.8473199999999996 0.045815000000000002 -0.014184623999999998 0.59563930931398767 0.021505000000000003 1.4182500000000002 -2.5942014455795284 78.350077682816575 0.16759500000000002 11.975000000000003 0.067190000000000014 0.029953279826118753 0.15918000000000002 1.0000000180025095e-35 1.0000000180025095e-35 0.11795000000000001 0.048001075000000011 -0.95169999999999988 -0.011714999999999998 0.75555000000000005 23.316124264125509
decision_type=2 2 2 2 2 2 2 2 2 2 2 2 2 2 2 2 2 2 2 2 2 2
left_child=1 -1 3 -3 6 15 7 8 -5 10 -4 12 -12 14 -9 16 17 -6 -14 20 -8 -21
right_child=-2 2 9 4 5 -7 19 13 -10 -11 11 -13 18 -15 -16 -17 -18 -19 -20 21 -22 -23
leaf_value=0.009130246241848522 0.0025549454851393257 0.0017791484021503147 -0.0089396260008538717 0.0016512401038053838 -0.0074450889031762481 0.008430953530098588 -0.0030414204461305548 -0.0009396616658239003 0.022068362936403935 -0.00038241305952043173 0.0039111451812994654 -0.0008924277620081881 -0.0034854385871205596 0.0016709188712051087 -0.0076537422435953998 -0.016515320718568056 -0.016750134110506892 0.013127794294204213 0.017744966007544789 -0.021282328149205436 0.021984554327477354 -0.0048210488027667217
leaf_weight=205.5649111866951 3211.1307956017554 1561.4107154235244 70.965567737817764 615.8508842587471 99.70852580294013 42.877678222954273 183.818484403193 1660.6271179504693 63.171004064381123 1687.665110707283 417.35893198102713 264.46159037202597 20.466087445616722 796.63000949844718 704.42449375987053 193.21526629477739 66.154334392398596 67.623488053679466 223.52262786775827 84.164447095245123 48.037197567522526 1039.0625657550991
leaf_count=893 17784 7696 360 3622 1158 217 899 11135 406 8249 2036 1187 103 4381 5949 2227 894 882 1206 596 258 6153
internal_value=0.00024558 -0.000472992 -0.000686905 -0.00145675 -0.00237436 -0.00807575 -0.00183098 -0.000759684 0.00376579 0.00133119 0.00437906 0.00555771 0.00835782 -0.00177779 -0.00300118 -0.0100767 -0.00412312 0 0.0153656 -0.00475957 0.00151381 -0.00618454
internal_weight=13327.9 10116.8 9911.22 7226.78 5665.37 469.579 5195.79 3840.7 679.022 2684.44 996.775 925.809 661.348 3161.68 2365.05 426.702 233.486 167.332 243.989 1355.08 231.856 1123.23
internal_count=78291 60507 59614 46473 38777 5378 33399 25493 4028 13141 4892 4532 3345 21465 17084 5161 2934 2040 1309 7906 1157 6749
is_linear=0
shrinkage=0.0239494


Tree=125
num_leaves=23
num_cat=0
split_feature=29 8 21 45 13 30 42 44 37 37 27 44 17 13 28 37 45 43 27 31 1 13
split_gain=39.1024 41.4975 54.9515 47.917 71.2709 37.0221 41.7793 41.0341 40.858 87.4998 62.1566 46.0528 43.9111 36.472 42.7288 31.7526 31.3652 28.829 28.7467 28.4056 27.1959 27.0778
threshold=0.018775000000000003 1.0000000180025095e-35 16.425000000000001 1.9651000000000003 0.11316000000000002 0.0073950000000000014 -0.00032210350099999991 0.16713924000000005 -0.24314999999999998 0.23095000000000002 -0.0048749999999999991 0.076710000000000014 0.98205000000000009 -0.32345999999999991 -0.011464999999999998 0.19455000000000003 2.1705000000000001 0.63953119856215235 -0.011114999999999998 -0.023164999999999995 -0.10335050790114393 0.7416950000000001
decision_type=2 2 2 2 2 2 2 2 2 2 2 2 2 2 2 2 2 2 2 2 2 2
left_child=1 5 3 -3 13 7 -7 16 10 11 17 -10 -11 -5 15 -15 -1 -8 -16 -2 -6 -22
right_child=19 2 -4 4 20 6 8 -9 9 12 -12 -13 -14 14 18 -17 -18 -19 -20 -21 21 -23
leaf_value=-0.00076897930441040241 -0.0018263265650236707 0.0011215044546240736 0.0018034178126497778 -0.00046519303543974953 0.01022364621328428 -0.001880771130409751 0.019779106820603395 -0.0095502810629998196 0.0035991258062979914 0.0126151406774947 -0.007331648740585341 -0.016488794822822343 -0.0046781032760431236 -0.01329785612206567 3.804796045344295e-05 0.014605827288373251 0.0096615837904956651 0 -0.01470433731503175 0.002848821093194611 -0.005017916822653447 0.0036568106651235512
leaf_weight=2921.4514310397208 929.97541418671608 652.65908724069595 1053.5992332920432 218.58941829949617 96.164141371846199 538.22777686268091 277.15528644993901 294.09416729584336 93.457439880818129 372.90649665892124 64.190277885645628 160.61921346560121 94.617168724536896 36.581397391855717 61.64093817025423 57.071173667907715 174.80370283126831 35.234413061290979 862.91129424795508 3220.2016636654735 831.41174916923046 254.87597308307886
leaf_count=18398 4349 3537 6276 1092 494 2764 1648 2890 614 1977 423 1439 657 238 402 296 736 251 7954 15050 5362 1277
internal_value=-0.000149295 -0.00103377 -0.00281842 -0.00445115 -0.00601489 0.000401855 0.00338082 -0.000992917 0.00609255 0.00249937 0.01259 -0.00852506 0.00880298 -0.0100589 -0.011975 0.00214709 -0.000132939 0.017151 -0.0135635 0.00176602 -0.00166154 -0.00284813
internal_weight=13302.4 9152.26 4125.5 3071.91 2419.25 5026.76 1636.41 3390.35 1098.18 721.6 376.58 254.077 467.524 1236.79 1018.2 93.6526 3096.26 312.39 924.552 4150.18 1182.45 1086.29
internal_count=78124 58725 26928 20652 17115 31797 9773 22024 7009 4687 2322 2053 2634 9982 8890 534 19134 1899 8356 19399 7133 6639
is_linear=0
shrinkage=0.0239494


Tree=126
num_leaves=23
num_cat=0
split_feature=13 29 8 21 15 30 37 37 15 18 39 8 7 12 37 12 21 30 12 13 5 36
split_gain=42.5488 34.9802 47.7762 51.0696 55.1825 44.5239 50.225 53.8686 50.186 44.0377 43.7602 41.4694 35.8394 28.7074 50.1574 45.5561 30.7326 28.4103 34.5928 46.1495 36.3098 27.9413
threshold=-1.0708399999999998 0.018775000000000003 1.0000000180025095e-35 15.355000000000002 -0.98554999999999993 0.0078450000000000013 -0.35874999999999996 0.34965000000000007 0.99925000000000008 -0.97584999999999988 0.077250000000000013 -0.014184623999999998 22.440812895611156 0.05055500000000001 0.22055000000000002 -0.11095999999999999 17.190000000000001 0.033825000000000008 -0.0057149999999999987 0.13028500000000001 -3.1886727809906001 0.93550000000000011
decision_type=2 2 2 2 2 2 2 2 2 2 2 2 2 2 2 2 2 2 2 2 2 2
left_child=-1 2 5 4 -4 11 8 10 -7 21 -8 -2 -3 15 -15 -13 -16 18 19 20 -6 -9
right_child=1 12 3 -5 17 6 7 9 -10 -11 -12 13 -14 14 16 -17 -18 -19 -20 -21 -22 -23
leaf_value=0.0057478457058923382 0.0011151969201587443 0.014349763429266518 -0.011861625663583621 0.00062165199954124218 0.0081563460330917395 0 0.0055657718306811651 -0.0010725509241998597 0.018093007500734018 0.00053933414574895515 -0.0074255209310042066 0.0024218701956188892 0.001056091778579404 -0.0037294730187706704 0.0042488210053337706 -0.0092584210897320093 0.038568517382143203 0.0011654491886730369 0 -0.0029831838613578504 -0.016220651915482057 0.018986977779475164
leaf_weight=691.61220569163561 1763.5748919323087 122.62993510067463 557.0412163734436 1312.0617060251534 30.39547210931778 150.34265756607056 206.55566464737058 33.74527071416378 237.31599427014589 300.00635196641088 464.48981570452452 229.81933725252748 3789.003719381988 240.56724298000336 57.030642442405224 780.591478202492 28.666436992585659 571.29199162870646 553.60639730095863 581.09780576080084 368.21522488817573 184.87088042497635
leaf_count=3050 8734 602 4384 7951 204 744 1265 153 1450 1687 3178 1331 17772 2031 399 8191 156 2996 3578 3549 3661 963
internal_value=-2.3346e-05 -0.000352686 -0.00121185 -0.00314709 -0.00505976 0.000400953 0.00370016 0.00112328 0.0112315 0.00701041 -0.00320902 -0.00123049 0.00151019 -0.00443459 0.00138163 -0.00645719 0.0174334 -0.00319007 -0.00490812 -0.00761277 -0.0139954 0.0152226
internal_weight=13254.5 12562.9 8651.29 3973.71 2661.65 4677.58 1577.33 1189.67 387.659 518.623 671.045 3100.25 3911.63 1336.68 326.264 1010.41 85.6971 2104.61 1533.31 979.709 398.611 218.616
internal_count=78029 74979 56605 26323 18372 30282 9440 7246 2194 2803 4443 20842 18374 12108 2586 9522 555 13988 10992 7414 3865 1116
is_linear=0
shrinkage=0.0239494


Tree=127
num_leaves=23
num_cat=0
split_feature=13 21 13 21 2 13 37 37 1 27 15 13 37 27 8 13 6 1 29 6 6 13
split_gain=29.432 41.785 34.2 42.6135 29.3681 26.4898 115.391 99.9289 78.3776 65.3447 60.6411 52.6752 50.8716 49.6761 53.6172 48.398 48.8641 46.1846 43.6787 40.5005 52.9909 35.609
threshold=0.71421000000000012 12.255000000000001 0.17058000000000004 11.415000000000001 0.13835235041141522 -0.074919999999999987 -0.28714999999999996 0.21505000000000005 0.093042460420563411 0.0039450000000000015 0.99465000000000015 0.35782000000000008 0.70065000000000011 -0.010114999999999997 0.0060344338000000016 -0.34483499999999995 -0.0072939532335130992 0.0073612081980018009 -0.0046349999999999994 -0.021091602782773097 0.028374366046993903 0.12236500000000002
decision_type=2 2 2 2 2 2 2 2 2 2 2 2 2 2 2 2 2 2 2 2 2 2
left_child=1 2 3 -1 -4 7 10 15 -8 11 -7 -10 -11 17 19 -3 -17 -12 -9 -15 -21 -16
right_child=-2 5 4 -5 -6 6 8 18 9 12 13 -13 -14 14 21 16 -18 -19 -20 20 -22 -23
leaf_value=-0.0015842763997469976 0.0032368714528121932 0.0020066688821654718 0.017435032907759374 -0.011776854532266746 -0.00097283287720043412 -0.00077813406936010359 -0.00038073950092523174 0.0018851972976065767 -0.013400524323229279 0.0085435307206665895 0 -0.0024698579538835002 -0.0071519189680189707 0.044959390123641585 -0.013921294996537874 -0.0093941493922356425 -1.9530903637170378e-05 0.019511303647770855 0.011584994730016673 -0.00055986135287562503 0.025439399435073048 0.0048742865108476049
leaf_weight=521.47367240488529 1388.653885602951 1632.8976742550731 55.500515416264534 494.73763364925981 401.48212494701147 539.49733835086226 3193.8731743432581 512.23335795104504 799.0569847561419 238.23948465287685 82.137227386236191 422.87227814644575 232.59445547312498 21.196395181119442 118.21925389394164 574.95815854147077 787.37635479494929 321.86249994114041 664.87622964382172 121.76988649740815 63.056569866836071 98.171478033065796
leaf_count=3788 6601 7497 287 3590 2106 2755 19455 2284 7420 1205 401 2179 1124 107 836 4799 4301 1970 3848 864 365 532
internal_value=-4.99591e-05 -0.000445847 -0.00422318 -0.0066902 0.000943263 7.39389e-05 -0.00089747 0.00156466 -0.00263748 -0.00680919 0.00522063 -0.00973727 0.000479732 0.00931343 0.00312897 -0.000714449 -0.00408318 0.0154183 0.00748808 0.012081 0.00752016 -0.00471932
internal_weight=13286.7 11898.1 1473.19 1016.21 456.983 10424.9 6252.55 4172.34 4886.64 1692.76 1365.91 1221.93 470.834 826.413 422.414 2995.23 1362.33 404 1177.11 206.023 184.826 216.391
internal_count=78314 71713 9771 7378 2393 61942 39213 22729 31383 11928 7830 9599 2329 5075 2704 16597 9100 2371 6132 1336 1229 1368
is_linear=0
shrinkage=0.0239494


Tree=128
num_leaves=23
num_cat=0
split_feature=28 43 40 28 37 31 39 29 5 8 29 3 30 5 44 35 28 28 37 26 37 33
split_gain=33.8622 30.4162 29.4292 28.9926 36.8717 25.0038 24.6179 28.449 23.0239 22.8015 37.7693 25.1485 24.686 35.9503 34.1757 27.5745 31.8827 21.8769 21.9759 77.5215 21.4452 21.2545
threshold=0.088350000000000012 0.65282931957713497 1.5000000000000002 0.021505000000000003 0.43045000000000005 -0.11509499999999999 0.14665000000000003 -0.000195 -3.3351155519485465 1.0000000180025095e-35 0.019905000000000003 1.4909521991986789 0.0089750000000000021 1.5769329071044924 0.10071421000000001 9.5000000000000018 -0.0089749999999999986 -0.011244999999999998 0.34325000000000006 -0.045149999999999996 0.43735000000000007 0.068850000000000008
decision_type=2 2 2 2 2 2 2 2 2 2 2 2 2 2 2 2 2 2 2 2 2 2
left_child=1 2 6 5 -5 -3 7 -1 -9 12 11 21 14 15 -8 20 -17 18 -4 -20 -14 -11
right_child=-2 3 17 4 -6 -7 9 8 -10 10 -12 -13 13 -15 -16 16 -18 -19 19 -21 -22 -23
leaf_value=-0.00073169206938065859 0.012044480964390262 0.0088943243904259801 -0.00097865402929907253 0.019884023080334025 -0.0062041346237782331 -0.0098125949281266701 0.00228484872976999 0.011376361790404849 0.002916055561755723 -0.0094729937194975491 0.00094052806424268609 0.0019294081454884983 -0.0048545845205705826 -0.0048312328845612085 -0.0079618816653322672 0.001889205983052809 0.020434538891761295 -0.0021506307186423251 0 0.026288765687664244 0.013787169148272023 -0.00072061994286838746
leaf_weight=1170.5481553152204 130.62201628088951 36.863259643316269 489.23614145815372 53.413153044879436 62.77713967859745 453.18300385400653 674.56270109862089 215.97443328052759 2562.8140539377928 611.35159922763705 1162.5458346456289 198.93558267503977 106.53657979145646 122.0586495064199 255.73418128862977 104.81706168875098 169.23001749068499 4042.0431941635907 259.90376611053944 86.905368328094482 51.576289691030979 266.21070414036512
leaf_count=6145 554 181 2407 273 302 5271 3176 1150 15077 4198 5439 1172 648 707 2132 579 1050 24358 1149 521 272 1503
internal_value=-7.1313e-05 -0.000202696 3.88367e-05 -0.00544406 0.00453189 -0.00810737 0.000974791 0.00229756 0.00362617 -0.000388965 -0.00194722 -0.00520144 0.00186292 0.00588284 -0.000374955 0.00924684 0.0138743 -0.00140342 0.00203447 0.0067061 0.000302765 -0.00698435
internal_weight=13287.8 13157.2 12551 606.237 116.19 490.046 7672.9 3949.34 2778.79 3723.56 2239.04 1076.5 1484.52 554.219 930.297 432.16 274.047 4878.09 836.045 346.809 158.113 877.562
internal_count=78264 77710 71683 6027 575 5452 43248 22372 16227 20876 12312 6873 8564 3256 5308 2549 1629 28435 4077 1670 920 5701
is_linear=0
shrinkage=0.0239494


Tree=129
num_leaves=23
num_cat=0
split_feature=33 28 21 37 26 36 27 13 35 23 37 37 36 13 33 37 28 12 35 22 30 3
split_gain=37.4435 49.9493 47.2352 46.9143 128.131 46.2877 31.6469 35.832 39.0502 44.5602 34.6278 33.2344 71.508 30.7925 28.2921 28.1181 33.9914 28.0639 38.1402 27.3915 26.6092 25.744
threshold=0.26860000000000006 -0.014134999999999998 16.760000000000002 0.18945000000000004 -1.0000000180025095e-35 0.93550000000000011 -0.013144999999999999 -0.13747499999999999 3.5000000000000004 -35.144999999999989 0.30585000000000007 -0.18704999999999997 0.90730000000000011 0.21172500000000002 -0.0097499999999999983 0.56145000000000012 0.0091750000000000009 0.094945000000000015 23.500000000000004 4.049100000000001 0.076395000000000005 1.0189333882017773
decision_type=2 2 2 2 2 2 2 2 2 2 2 2 2 2 2 2 2 2 2 2 2 2
left_child=1 3 6 5 -5 -1 11 10 9 21 -8 12 -3 -13 -12 16 -2 18 20 -18 -10 -9
right_child=15 2 -4 4 -6 -7 7 8 17 -11 14 13 -14 -15 -16 -17 19 -19 -20 -21 -22 -23
leaf_value=0.0022130288745771747 0.00032882065319355232 0.00014768164043007021 0.0015972851363642349 4.7881663763798331e-05 0.024867991014148407 -0.014934369769923522 -0.0012337855104738718 -0.023543902529927545 -0.0084445742686331884 0.0032072859940940586 0 -0.011855126272522653 0.025689185360257046 0.0012971628984854537 0.02011262561523772 -0.00034520488903432435 0.0017819945327854176 0.0015628968909465791 -0.0012211986469116884 0.010055935310535211 5.2904906162091002e-05 0
leaf_weight=569.72158501297235 875.85098448768258 233.39057847857475 2170.0500693321228 353.98517860472202 189.65067726373672 106.75851039588451 1556.9560268782079 61.948185380548239 2089.086185336113 607.51303649321198 64.720969408750534 132.44655460864305 92.577009901404381 390.50191762298346 83.394667938351631 1405.8800411373377 431.9299792535603 269.92017090320587 763.9624828658998 643.90961198881269 197.33803604543209 34.138182181864977
leaf_count=2568 4648 1092 12904 1558 1111 698 8535 585 16345 4049 333 783 653 1850 463 6661 2133 1632 5461 3204 979 304
internal_value=-3.3392e-05 -0.000780949 -0.00142619 0.0037256 0.00897518 -0.000277221 -0.00244584 -0.00309473 -0.00432888 0.000612614 -9.6532e-05 0.00176121 0.00784969 -0.00175466 0.010872 0.00214248 0.00400929 -0.00542 -0.00608577 0.00686984 -0.0076473 -0.0142725
internal_weight=13325.6 9968.06 8747.94 1220.12 543.636 676.48 6577.89 5728.98 4023.91 703.599 1705.07 848.916 325.968 522.948 148.116 3357.57 1951.69 3320.31 3050.39 1075.84 2286.42 96.0864
internal_count=78549 61903 55968 5935 2669 3266 43064 38686 29355 4938 9331 4378 1745 2633 796 16646 9985 24417 22785 5337 17324 889
is_linear=0
shrinkage=0.0239494


Tree=130
num_leaves=23
num_cat=0
split_feature=28 37 37 27 44 27 37 13 28 29 26 18 35 13 31 26 13 44 7 35 6 37
split_gain=31.361 88.7651 86.8979 139.849 70.3463 63.1741 55.9479 50.1795 40.7078 37.0652 36.7029 35.6663 35.352 34.3983 49.7775 34.3793 33.4708 30.2104 29.8604 27.3243 34.1088 26.1674
threshold=0.014685000000000002 1.0000000180025095e-35 0.44405000000000006 0.017645000000000004 0.14212319500000004 -0.013144999999999999 -0.22444999999999996 -0.07051499999999998 0.0079050000000000023 -0.0043149999999999985 -0.35809999999999992 0.99545000000000006 3.5000000000000004 -0.40077499999999994 0.039320000000000001 -0.37824999999999992 0.22296500000000002 0.11702352000000002 76.199731109152069 3.5000000000000004 -0.013011746723035848 -0.91474999999999984
decision_type=2 2 2 2 2 2 2 2 2 2 2 2 2 2 2 2 2 2 2 2 2 2
left_child=2 5 4 7 13 6 9 15 -6 -2 -5 18 -3 19 16 -4 -15 -8 -10 -1 -21 -7
right_child=1 12 3 10 8 21 17 -9 11 -11 -12 -13 -14 14 -16 -17 -18 -19 -20 20 -22 -23
leaf_value=-0.0048048875190954453 -0.00076087533411923287 0.0041993453455976418 0.00082124091782754952 -0.0057299048294239176 -0.011127636980839571 -0.0018845166374069418 0.0091374527526274819 -0.0064219447358597583 0.0031236862319721738 0.026748680367151584 0.021860146133800069 -0.0054120955082232547 -0.0012831157493543941 -0.0049359167357859394 0.0025424711343135335 0.012407394788270874 0.0019794530275488264 -0.022634470283840771 0.042249657806800234 0.0016607408102312683 0.01259542905514173 0.0066043059972991308
leaf_weight=267.59928681701422 20.971826419234276 846.95245809853077 579.96877488493919 21.798170536756516 698.71477408334613 277.33629585057497 64.495197109878063 381.56773133203387 74.851320739835501 194.65411884337664 268.23691014945507 287.05137345939875 3282.341444734484 2385.6679770052433 922.89431222528219 212.74017839506269 449.37707965821028 23.310525476932526 16.113268624991179 1139.7540572732687 202.34547102451324 628.02356449142098
leaf_count=1254 87 4128 2570 88 6185 1212 323 2621 641 1269 1600 2478 16762 18819 4595 1165 2389 127 190 5329 913 3298
internal_value=8.46294e-05 0.001513 -0.000861003 0.00437356 -0.00207308 0.00722331 0.016829 0.000566684 -0.00767874 0.0233958 0.019283 -0.00091756 -0.000123251 -0.000921394 -0.00219467 0.00411486 -0.00378826 0 0.0116601 0.00196042 0.00341816 0.00384265
internal_weight=13246.8 5338.09 7908.68 1464.31 6444.37 1208.79 303.432 1174.28 1076.73 215.626 290.035 378.016 4129.29 5367.64 3757.94 792.709 2835.05 87.8057 90.9646 1609.7 1342.1 905.36
internal_count=78043 27206 50837 8044 42793 6316 1806 6356 9494 1356 1688 3309 20890 33299 25803 3735 21208 450 831 7496 6242 4510
is_linear=0
shrinkage=0.0239494


Tree=131
num_leaves=23
num_cat=0
split_feature=28 45 42 28 34 23 8 14 5 21 13 6 30 14 14 5 7 2 1 35 25 35
split_gain=32.2933 30.2153 34.8755 47.5981 44.9118 37.3947 35.6711 33.6273 31.1794 29.9088 34.0277 28.78 26.2567 34.2628 33.9926 42.8563 33.1498 32.8314 25.4256 25.3193 23.2037 21.2526
threshold=0.088350000000000012 1.9659000000000002 1.0000000180025095e-35 0.016625000000000004 111.50000000000001 83.370000000000019 0.017174601500000001 1.4315500000000003 -1.84567254781723 12.255000000000001 0.17058000000000004 0.057950529939558709 0.0078450000000000013 1.0848500000000001 0.99555000000000016 1.3674818277359011 88.219531926724187 0.091153470185728266 -0.30488827184598127 14.500000000000002 1.4182500000000002 23.500000000000004
decision_type=2 2 2 2 2 2 2 2 2 2 2 2 2 2 2 2 2 2 2 2 2 2
left_child=1 18 9 4 7 20 -7 -4 -6 10 -3 -10 16 14 17 -16 21 -14 -1 -20 -5 -11
right_child=-2 2 3 5 8 6 -8 -9 11 12 -12 -13 13 -15 15 -17 -18 -19 19 -21 -22 -23
leaf_value=0.0057742727739678954 0.011730624911161973 -0.0069070128269872588 -0.0040573486381101529 0.00079213538796523754 0.001867761751914246 -0.013104081333613472 0.015589885547763948 0.0075050613194107031 -0.015706708857120937 -0.0007168593286995625 0.0070010452423315888 0.00015914978491041895 0.013620010098722593 -0.001730884576794564 0.011060971307985709 -0.00066112400791408716 -0.011130054167837118 -0.00043799406451632456 0.0029469217128787317 -0.0019405306603375797 -0.0046610186605003448 0.0049127521088559003
leaf_weight=795.01722300797701 136.37896329164505 535.69254913926125 1255.3836358860135 1417.5538837909698 72.263852253556252 24.283223088830709 149.5102598965168 155.42634255066514 402.86243169754744 2113.8783145062625 114.50131294503808 56.841553673148155 106.9045299179852 590.64518404752016 676.0403228290379 212.204983163625 154.89695973694324 742.14237484708428 1363.998543292284 1066.4846041537821 636.14649951457977 466.43413357809186
leaf_count=3803 578 4009 8703 7096 459 215 849 927 3585 13447 612 305 583 3029 4473 1397 2158 3937 6666 5407 3133 2898
internal_value=0.000135897 4.13169e-06 -0.000641517 -0.00231356 -0.0050539 1.09563e-05 0.0107403 -0.00268002 -0.011075 0.000553376 -0.00423315 -0.0134273 0.00119689 0.00307309 0.00479041 0.00809611 -0.000346553 0.00116008 0.00202781 0.000742245 -0.000825906 0.000244191
internal_weight=13245.5 13109.1 9883.61 4170.27 1942.78 2227.49 173.793 1410.81 531.968 5713.34 650.194 459.704 5063.15 2327.94 1737.29 888.245 2735.21 849.047 3225.5 2430.48 2053.7 2580.31
internal_count=78269 77691 61815 25272 13979 11293 1064 9630 4349 36543 4621 3890 31922 13419 10390 5870 18503 4520 15876 12073 10229 16345
is_linear=0
shrinkage=0.0239494


Tree=132
num_leaves=23
num_cat=0
split_feature=31 7 13 37 27 12 37 35 27 15 37 1 13 42 13 6 43 27 37 14 37 1
split_gain=30.834 44.2458 32.7439 29.2222 36.9289 27.3576 102.987 82.5012 82.1727 43.5979 37.8195 33.7106 57.1192 31.5458 30.9153 30.0122 28.9096 36.5823 57.2332 28.724 27.3731 26.4292
threshold=0.043955000000000008 92.540381148960066 -0.34483499999999995 -0.53524999999999989 -0.010704999999999998 -0.039784999999999994 0.53595000000000015 1.5000000000000002 0.013255000000000001 1.0249500000000002 -1.0000000180025095e-35 -0.090715551296861444 0.11316000000000002 0.028337419500000006 0.28804000000000002 -0.027818542850477097 0.13292779610154562 0.0083650000000000026 0.20515000000000003 0.74425000000000008 -0.31714999999999993 0.062340852542567902
decision_type=2 2 2 2 2 2 2 2 2 2 2 2 2 2 2 2 2 2 2 2 2 2
left_child=1 2 -1 4 -3 7 9 14 -8 16 -9 -12 -13 -11 15 -4 -7 20 -19 -17 -18 -10
right_child=-2 3 5 -5 -6 6 8 10 21 13 11 12 -14 -15 -16 19 17 18 -20 -21 -22 -23
leaf_value=0.0025388954971104437 0.0020403399410380304 0.025282779317588239 0.0024207252015189672 -0.011341877737894603 -0.006429188663617677 -0.0093083465556197745 -0.0021808912813224245 0.0032103271703625234 0.016407416183520603 0.025580182578846516 0.0022395230231941916 -0.012356935749146619 -0.001657397803394637 0 0.00047040376703304384 0 0 -0.0038440293259303961 0.0079858310187368772 0.027964979369568543 -0.010177953680201123 -0.0038110039564616454
leaf_weight=1968.681748367846 3639.5791198164225 30.684162259101868 83.641507729887962 341.40300491824746 57.016648665070534 719.18665061891079 333.93760479614139 964.94139783084393 310.46167559921741 45.140321888029575 612.77008090168238 385.26190531998873 1292.3732005506754 51.314501345157623 130.04513997584581 38.176842965185642 210.93402901664376 938.19199606403708 309.62650095298886 124.62758301571012 586.1696881391108 29.282586939632893
leaf_count=9107 17686 249 453 4190 354 4853 1977 5732 1679 238 3126 3057 6918 287 629 218 1418 6635 2059 734 6357 140
internal_value=0.000155677 -0.000546271 -0.000176852 -0.00807014 0.00300096 -0.000943306 -0.00245037 0.000483047 0.00588101 -0.00446351 -0.000702387 -0.00241456 -0.00420156 0.0108925 0.0111208 0.0161483 -0.0050522 -0.00348393 -0.0007916 0.0223038 -0.0075154 0.0142349
internal_weight=13203.4 9563.87 9134.76 429.104 87.7008 7166.08 3534.25 3631.84 673.682 2860.56 3255.35 2290.41 1677.64 96.4548 376.491 246.446 2764.11 2044.92 1247.82 162.804 797.104 339.744
internal_count=78096 60410 55617 4793 603 46510 25643 20867 3796 21847 18833 13101 9975 525 2034 1405 21322 16469 8694 952 7775 1819
is_linear=0
shrinkage=0.0239494


Tree=133
num_leaves=23
num_cat=0
split_feature=31 13 21 12 43 9 21 27 14 3 31 7 8 3 6 8 27 21 13 13 9 13
split_gain=35.04 39.4264 42.8431 33.7596 30.3855 28.8818 26.4677 25.5917 20.3094 20.1156 20.9435 17.8746 16.7611 19.0979 42.6386 50.923 16.4815 16.4103 24.8059 25.6951 24.7149 23.1766
threshold=0.015475000000000001 -0.40077499999999994 13.455000000000002 -0.049899999999999993 0.65872300721875432 5.5000000000000009 12.705000000000002 0.013885000000000002 1.5724500000000001 1.1552754140033898 0.049005000000000007 19.152803535035741 1.0000000180025095e-35 0.9635265459040262 0.020288845325124604 -1.0000000180025095e-35 0.012725000000000002 12.140000000000002 0.16759500000000002 0.18482500000000004 1.0000000180025095e-35 0.17373500000000003
decision_type=2 2 2 2 2 2 2 2 2 2 2 2 2 2 2 2 2 2 2 2 2 2
left_child=1 -1 3 6 11 17 -3 -6 -8 10 -7 -4 13 14 -5 -16 -15 21 20 -20 -19 -2
right_child=5 2 4 12 7 9 8 -9 -10 -11 -12 -13 -14 16 15 -17 -18 18 19 -21 -22 -23
leaf_value=0.0023418482406291508 -0.0058410586656070292 0.0029178489009634972 -0.0071652937786121683 -0.0056902334921179205 -0.01529144014442696 -0.0081005510303815247 -0.013898818396103027 0.0081224698321613401 0.0068422972823536446 0.0025091944353932008 -0.00014465352981406381 -3.3288244884864059e-05 -0.01381750099343774 -0.015644050662527147 0 0.056110430123595359 0 4.0647895101523804e-05 -0.010590358025222599 0.0015647820097802745 0.0061309940050722073 0.0026683098621632768
leaf_weight=1562.3609445020556 315.85439939424396 305.7364867515862 214.60258742049336 146.43252009153366 140.82836296781898 374.91512598097324 120.6962780803442 24.263244729489088 24.488883577287197 399.03225927427411 463.52112692594528 4084.7119019143283 322.83219085633755 121.72130603343248 21.205775562673807 15.538270372897385 41.089771818369627 559.02463568374515 103.94563953578472 1740.9574102088809 1667.5290454290807 418.41566544771194
leaf_count=7153 2011 1930 1958 1357 2130 2348 738 169 123 1987 2254 25218 2894 1284 170 176 275 3167 612 8630 9318 2058
internal_value=0.000143654 -0.00097917 -0.00193449 -0.00614459 -0.000845824 0.00149564 -0.000722549 -0.0109657 -0.00939447 -0.00169929 -0.00387639 -0.000423255 -0.00958181 -0.00520749 0 0.0231633 -0.0111762 0.00234872 0.00295122 0.000800776 0.00466747 -0.000793206
internal_weight=13189.7 7146.51 5584.15 1119.74 4464.41 6043.2 450.922 165.092 145.185 1237.47 838.436 4299.31 668.82 345.988 183.177 36.744 162.811 4805.73 4071.46 1844.9 2226.55 734.27
internal_count=77960 45575 38422 8947 29475 32385 2791 2299 861 6589 4602 27176 6156 3262 1703 346 1559 25796 21727 9242 12485 4069
is_linear=0
shrinkage=0.0239494


Tree=134
num_leaves=23
num_cat=0
split_feature=29 28 37 7 23 37 27 44 37 28 37 28 6 13 5 24 28 28 28 24 35 7
split_gain=24.7334 26.4428 110.246 55.8026 48.9751 44.6532 112.102 53.2121 30.4273 31.3798 29.9283 63.3243 29.8292 29.051 29.0347 33.5108 25.0023 24.7225 24.2796 22.8269 43.6822 25.2231
threshold=-0.077034999999999978 0.021035000000000002 0.23095000000000002 83.487897612836733 72.205000000000013 0.54435000000000011 0.014815000000000002 0.14813870000000004 -0.63654999999999984 0.016015000000000005 0.28865000000000007 0.007745000000000001 0.027646826171766555 -0.080499999999999974 -0.36213874816894526 0.019110000000000005 -0.010804999999999999 -0.013074999999999998 -0.029284999999999995 0.17616000000000001 5.0000000000000009 41.55637817258112
decision_type=2 2 2 2 2 2 2 2 2 2 2 2 2 2 2 2 2 2 2 2 2 2
left_child=-1 3 4 5 -3 7 13 19 9 -5 11 -9 -13 17 -10 -16 18 -7 -8 21 -21 -2
right_child=1 2 -4 8 -6 6 16 10 14 -11 -12 12 -14 -15 15 -17 -18 -19 -20 20 -22 -23
leaf_value=0.0078314799761446501 -0.0037712047058215429 0.0054265165664557089 -0.00086331903457041151 -0.0035924885295410096 0.019099738948776829 0.0007701201697485491 0 -0.014292127542643264 -0.0022437217143676299 0.026341476135541365 8.575235490686624e-05 -0.0052465832474601955 0.0097107203817003405 -0.0055346792977647068 -0.01713145695754012 0.0029676077476836885 0.0051811073238395575 0.016953892342194229 0.02372599833026881 -0.0055443046017975674 0.0061720438882510026 0.00011850167897341601
leaf_weight=228.31066016852856 1227.9136569090188 804.27346897125244 2779.683850556612 51.461724437773228 204.70951014012098 414.8777130022645 18.471134729683399 446.82057139649987 227.36657508835196 27.970296584069729 306.71955583617091 253.50493787229061 107.9739731438458 374.24847813695669 297.29605692625046 42.475168574601412 114.55116301774979 66.989257879555225 192.40304886549711 230.24153000116348 737.72720617800951 4031.4701692014933
leaf_count=966 8268 3734 13522 297 1335 1845 95 4029 2188 197 2073 2021 730 2302 3507 571 491 387 1221 1099 3490 23560
internal_value=7.3238e-06 -0.000119252 0.00155056 -0.000825038 0.00834538 -0.000292666 0.00400387 -0.00100396 -0.00761758 0.0051098 -0.0058252 -0.00824886 -0.00037482 -0.000378487 -0.00965765 -0.014189 0.0159815 0.00332308 0.021156 -0.000117255 0.00323432 -0.000761866
internal_weight=13187.5 12959.1 3788.67 9170.48 1008.98 8523.91 1181.54 7342.37 646.57 79.432 1115.02 808.299 361.479 856.115 567.138 339.771 325.425 481.867 210.874 6227.35 967.969 5259.38
internal_count=77928 76962 18591 58371 5069 51611 6341 45270 6760 494 8853 6780 2751 4534 6266 4078 1807 2232 1316 36417 4589 31828
is_linear=0
shrinkage=0.0239494


Tree=135
num_leaves=23
num_cat=0
split_feature=27 37 7 37 28 44 33 37 28 38 28 13 7 7 1 44 14 1 14 37 12 37
split_gain=31.3387 60.316 65.8594 53.1278 112.901 52.6606 53.7584 33.2759 43.5272 28.3251 27.5265 26.5041 24.5709 25.4228 34.2555 31.471 31.9758 29.7186 36.8766 33.3897 25.2411 24.526
threshold=0.020975000000000004 -0.03404999999999999 37.797435975539351 -0.48944999999999994 0.014465000000000002 0.16563742500000003 -0.0014499999999999997 0.8861500000000001 0.0020450000000000004 1.0000000180025095e-35 0.088350000000000012 0.12236500000000002 19.152803535035741 89.21743636588586 1.0555608162158776 0.11200015000000001 0.99555000000000016 0.080030440072962158 1.0111500000000004 -0.31714999999999993 0.048235000000000007 0.28315000000000007
decision_type=2 2 2 2 2 2 2 2 2 2 2 2 2 2 2 2 2 2 2 2 2 2
left_child=3 -2 -3 4 11 12 -7 8 -4 -6 -9 -1 20 15 -15 -14 -17 18 -18 -19 -5 -22
right_child=1 2 7 5 9 6 -8 10 -10 -11 -12 -13 13 14 -16 16 17 19 -20 -21 21 -23
leaf_value=-0.0049750622408702974 -0.00021037833857291371 0.018946622642517671 0.0033861803821457802 -0.015379729948830023 -0.0071186720269015343 -0.01262911644020911 -0.0021871575068551177 -0.003375689640996965 0.024408344215133344 0.019345419066818328 0.011499875670776006 0.0037362731245412584 -0.00038939679725194531 -0.0099609302133220334 0.03728225663860632 -0.00058309245313022497 0.027954535107438529 0.027986964037802129 0.0026246495462136747 -0.0051561508619453068 -0.011233685259376321 0.0071379265013643868
leaf_weight=372.7700403444469 2041.5997084155679 211.24590802192688 234.07480754703283 127.8141157515347 16.896528124809265 438.39913905411959 928.25226118788123 379.44802728295326 85.447659626603127 267.45238045975566 86.98255218565464 429.04208632558584 6767.6319331489503 236.79418757557869 8.0016344562172872 201.44065421074629 93.404853533953428 21.533792763948441 72.599956966936588 85.970414172858 74.662032328546047 91.366704054176807
leaf_count=2308 9315 1305 1067 1320 71 3575 7122 1697 366 1772 361 2020 38043 3047 51 1651 731 124 509 771 680 533
internal_value=-4.50881e-05 0.00207865 0.00691151 -0.000689962 0.00428678 -0.00129683 -0.00564363 0.00349093 0.00946508 0.0172593 -0.000288505 -0.000131578 -0.000514618 -0.00022785 -0.00782001 8.59931e-06 0.00598718 0.0113601 0.0177566 0.000124379 -0.00732472 -0.000244102
internal_weight=13272.8 3038.8 997.199 10234 1086.16 9147.87 1366.65 785.953 319.522 284.349 466.431 801.812 7781.22 7487.38 244.796 7242.58 474.95 273.509 166.005 107.504 293.843 166.029
internal_count=78439 14111 4796 64328 6171 58157 10697 3491 1433 1843 2058 4328 47460 44927 3098 41829 3786 2135 1240 895 2533 1213
is_linear=0
shrinkage=0.0239494


Tree=136
num_leaves=23
num_cat=0
split_feature=30 31 7 7 24 3 25 16 35 30 1 21 6 31 27 37 28 37 13 27 2 5
split_gain=32.0219 34.8488 34.5951 29.8645 26.8236 22.8752 22.6267 26.6498 22.3154 32.9101 32.7231 31.9787 26.3584 21.7848 27.2037 54.4049 42.7091 25.4779 22.054 21.1305 19.0491 18.9807
threshold=-0.087839999999999988 0.015475000000000001 80.971140695363928 18.064955025301568 0.042115000000000007 0.84563963679580867 1.7492500000000002 1.0293500000000002 8.5000000000000018 0.049730000000000003 -0.47996914746736735 16.110000000000003 0.16180027733346183 0.073535000000000003 0.018305000000000005 -0.50084999999999991 0.016015000000000005 -0.47804999999999992 0.36884000000000006 -0.012304999999999998 0.81425748164878609 6.4964005947113046
decision_type=2 2 2 2 2 2 2 2 2 2 2 2 2 2 2 2 2 2 2 2 2 2
left_child=-1 2 3 -2 -4 -6 7 21 9 -3 -10 13 -11 14 15 16 -12 -16 -19 -9 -13 -5
right_child=1 8 4 6 5 -7 -8 19 10 12 11 20 -14 -15 17 -17 -18 18 -20 -21 -22 -23
leaf_value=0.0046707525387894638 -0.0094662351668958165 0.0052388594397749302 -0.012369731084979447 -0.0013531005584103838 0.032036664838198128 -0.00205969890064533 -0.0039507188531293681 0.028299978151121691 0.0076662177497153049 -0.0047189907580973169 -0.00057772540599437426 0.00053434386341434637 0.0053111814797138328 0.00046985553745131927 -0.0081641825062617537 -0.0076809009267969526 0.024267033427064724 0.0083122701519409547 -0.0086111643886169088 0.0035318968540546721 0.0078678228214105438 0.0020925943926395846
leaf_weight=772.00504250824451 242.2102120295167 1314.9966659545898 270.21167995035648 3398.4120700992644 14.439934331923721 24.681002989411354 1069.7840424776077 31.647535294294357 289.92303205654025 440.24105093628168 110.01175784319639 762.62309354543686 219.77463816106319 1044.7268959656358 108.54648117721081 1066.4819010943174 54.157007303088903 250.08192343264818 45.653291553258896 106.41017704457045 304.88651373237371 1236.5757862627506
leaf_count=3427 2431 7479 3726 22847 171 309 5737 159 1424 2036 559 4047 1001 5042 495 6718 460 1300 204 553 1564 6375
internal_value=-4.87127e-05 -0.000354157 -0.00159346 -0.00116885 -0.00947411 0.00679315 -0.000799888 -6.30945e-05 0.000939652 0.00302725 -4.54618e-05 -0.000681098 -0.00115784 -0.00210869 -0.00384571 -0.00563998 0.00672875 0.00125493 0.00520594 0.0102675 0.00276563 -0.000402311
internal_weight=13178.5 12406.5 6394.37 6085.04 309.333 39.1209 5842.83 4773.05 6012.1 1975.01 4037.09 3747.17 660.016 2679.66 1634.93 1230.65 164.169 404.282 295.735 138.058 1067.51 4634.99
internal_count=78064 74637 42308 38102 4206 480 35671 29934 32329 10516 21813 20389 3037 14778 9736 7737 1019 1999 1504 712 5611 29222
is_linear=0
shrinkage=0.0239494


Tree=137
num_leaves=23
num_cat=0
split_feature=27 6 0 41 28 37 27 37 44 27 13 33 35 12 31 37 37 27 13 35 12 35
split_gain=34.6107 31.9251 20.6302 31.8522 19.2097 75.7002 125.433 75.0855 71.8185 45.8059 40.9488 34.43 32.3622 28.6231 26.4072 31.1044 25.5593 37.2246 23.9747 22.2936 21.8538 25.788
threshold=0.059125000000000004 -0.4739641081012394 1.1842500000000002 -0.65146302804460687 0.0090450000000000027 0.21505000000000005 0.0071850000000000013 1.0000000180025095e-35 0.16405000000000003 -0.013144999999999999 -0.065404999999999977 -0.18814999999999996 3.5000000000000004 -0.037144999999999991 0.044815000000000008 0.58895000000000008 -0.91474999999999984 -0.0073149999999999995 0.011485 23.500000000000004 0.25301500000000005 6.5000000000000009
decision_type=2 2 2 2 2 2 2 2 2 2 2 2 2 2 2 2 2 2 2 2 2 2
left_child=1 -1 3 -3 5 8 10 9 20 11 -7 -6 -9 -10 15 -8 -11 -18 -14 -20 -5 -22
right_child=-2 2 -4 4 7 6 14 12 13 16 -12 -13 18 -15 -16 -17 17 -19 19 -21 21 -23
leaf_value=0.010050873847930023 0.0074532688211109447 -0.0037409170709390006 0.002809110545260448 -0.0026817214749340615 0 -0.0012041768460012573 0.0041822734786204595 0.0035281048412562645 0.0020265977537574443 -0.0047222403289397183 -0.016438947398868638 0.023928781104501445 0.022124466920614861 -0.016365974424660066 0.023547837958341433 0.015202134476079042 0.00026938035273299185 0.0094571840758372969 -0.0035778749716247967 0.0011177052083062885 -0.0082127175411097486 0.0084610167926671091
leaf_weight=168.19930940121412 340.38248410075903 1716.6781863458455 1020.1607098728418 2826.7541359774768 53.470639295876026 377.90770423784852 626.04207556694746 716.32655697315931 41.555263459682465 160.78122084587812 151.96291041001678 125.62871062010527 22.098461020737886 300.84762275218964 72.066058717668056 222.44277967512608 527.0870149768889 555.24568807706237 2171.9514458216727 733.98874593153596 62.629198893904686 215.62025478482246
leaf_count=756 1429 9602 4835 18954 272 1925 3943 3789 465 727 1541 748 106 3142 357 1254 3494 3209 12322 4030 312 1056
internal_value=-6.93494e-05 -0.000279662 -0.000427965 -0.000723176 -0.00018862 -0.00127 0.00327058 0.000827922 -0.00322272 0.00551045 -0.00584902 0.0170698 -0.000959363 -0.0137073 0.00867848 0.00724342 0.00372758 0.00511773 -0.00210707 -0.0023416 -0.0020195 0.00418319
internal_weight=13209.8 12869.4 12701.2 11681.1 9964.41 4897.83 1450.42 5066.58 3447.41 1422.21 529.871 179.099 3644.37 342.403 920.551 848.485 1243.11 1082.33 2928.04 2905.94 3105 278.249
internal_count=78268 76839 76083 71248 61646 32949 9020 28697 23929 8450 3466 1020 20247 3607 5554 5197 7430 6703 16458 16352 20322 1368
is_linear=0
shrinkage=0.0239494


Tree=138
num_leaves=23
num_cat=0
split_feature=13 28 21 1 30 29 7 37 23 37 12 7 15 37 28 34 44 43 21 9 12 12
split_gain=27.9747 24.0692 22.3911 18.8717 22.7124 23.5513 24.8408 24.6995 49.3822 42.2508 70.6027 38.1816 35.12 21.7424 22.1972 18.5467 18.0608 17.8524 22.3489 21.8375 30.516 28.2689
threshold=-1.6499149999999998 0.068385000000000015 16.810000000000006 0.89411586071054416 -0.036099999999999993 0.018775000000000003 20.40740943751047 -0.37534999999999996 51.675000000000004 0.15885000000000002 0.05055500000000001 39.91119756044278 1.0000500000000001 0.99245000000000017 0.030685 32.500000000000007 0.0027435200000000006 0.3831139745735711 21.335000000000004 1.5000000000000002 -0.24833499999999997 -0.044974999999999994
decision_type=2 2 2 2 2 2 2 2 2 2 2 2 2 2 2 2 2 2 2 2 2 2
left_child=-1 2 3 4 -2 7 15 8 16 11 -11 -9 -10 14 -8 -7 -6 18 19 20 -4 -21
right_child=1 -3 17 -5 5 6 13 9 12 10 -12 -13 -14 -15 -16 -17 -18 -19 -20 21 -22 -23
leaf_value=0.0075825498698179547 0.0016409185392423041 0.0063649607899230118 0.012899807105212322 0.0038370971381800848 0 0 -0.00046124097089491706 -0.012743344572904507 0.013893754846202361 -0.0036280029051590215 0.0058243306127280878 -0.0040799437844038673 0 -0.0057182386434626552 0.0055701610859647107 0.020791119246983108 -0.0090768329635565626 -0.0012959276734510422 -0.00072144479892395055 0.0014920259420032566 -0.00045548455896546639 0.011322355151386274
leaf_weight=281.16661828756332 1441.2681709080935 325.96377635002136 111.74601341784 462.93085558339953 307.71178103238344 25.284740798175335 1598.9346439391375 401.46092570945621 215.38592561334372 1715.8137713000178 609.20716369524598 1464.1508998200297 193.29860956221819 346.12817308306694 437.59985097497702 57.913606062531471 217.99058428406715 863.00627483427525 697.99525735899806 337.52847182750702 677.95695344358683 430.75712787359953
leaf_count=1216 6885 1420 542 2599 1568 129 7598 3655 1274 11619 3735 12262 1219 1646 2056 306 1492 5551 3640 1715 3675 2362
internal_value=0.000105525 -4.5654e-05 -0.00022289 -0.000811273 -0.00106569 -0.00159883 0.000271374 -0.00252715 0.000871879 -0.00331988 -0.00108847 -0.0060225 0.00724191 -0.000117195 0.000763049 0.0131545 -0.00380244 0.00152149 0.002664 0.00427445 0.00124943 0.00719371
internal_weight=13221.2 12940 12614.1 9495.08 9032.15 7590.88 2465.86 5125.02 934.387 4190.63 2325.02 1865.61 408.685 2382.66 2036.53 83.1983 525.702 3118.99 2255.98 1557.99 789.703 768.286
internal_count=78164 76948 75528 58043 55444 48559 11735 36824 5553 31271 15354 15917 2493 11300 9654 435 3060 17485 11934 8294 4217 4077
is_linear=0
shrinkage=0.0239494


Tree=139
num_leaves=23
num_cat=0
split_feature=27 13 27 37 26 36 23 30 1 35 39 1 37 15 27 28 36 8 35 35 26 37
split_gain=24.9454 23.3404 23.3563 50.1142 129.121 47.3504 22.7264 40.5075 34.6504 26.3269 34.0953 22.6921 21.1226 71.0228 69.1046 63.3263 58.1549 44.4174 40.4953 45.4088 39.3699 38.7553
threshold=0.059125000000000004 -1.6499149999999998 -0.012584999999999997 -0.20544999999999997 0.86895000000000011 0.99990000000000012 90.850000000000009 0.015365000000000002 0.98681236899508573 7.5000000000000009 0.35065000000000007 0.36671812685124067 0.15885000000000002 0.98205000000000009 0.020975000000000004 0.0091750000000000009 0.9195000000000001 -0.0026969909499999999 29.500000000000004 5.0000000000000009 -1.0000000180025095e-35 -0.9968499999999999
decision_type=2 2 2 2 2 2 2 2 2 2 2 2 2 2 2 2 2 2 2 2 2 2
left_child=1 -1 3 4 -3 -5 12 8 -8 11 -11 -9 15 14 -14 16 18 -16 19 -4 -19 -17
right_child=-2 2 6 5 -6 -7 7 9 -10 10 -12 -13 13 -15 17 21 -18 20 -20 -21 -22 -23
leaf_value=0.0069645343987698293 0.0064269322230338212 0.00084502528434631441 -0.0069255031962317734 0.0010129237066309536 0.023293011546706269 -0.012008197019561672 -0.01703943599910257 0 0.023060261786673492 -0.01073820358955592 0.016520934460112262 0.033398631762853404 0.0021524226717634411 -0.0017571867823932422 -0.0022968606342384794 -0.0087153361084439315 -0.008777197025439356 -0.0096717014449520175 -0.016073193314881912 0.00095057549032860915 0.023046740473085001 0.0035931531235033616
leaf_weight=259.80602782964706 342.41208846122026 588.23188833147287 541.48561879619956 1028.7131664529443 202.87778918072581 187.47029010951519 185.15061599761248 24.929614394903183 10.25218293070793 111.72115309908986 31.648953780531883 23.514145940542221 1894.4755841903389 3122.0126220360398 52.445639058947563 158.18526855111122 897.20036777481437 16.839038357138634 106.26907036080956 1792.9174596145749 206.37109766900539 1414.5549511238933
leaf_count=1132 1439 2715 2827 4801 1392 1273 2645 146 110 664 187 136 11221 17191 223 713 9836 72 557 9294 1285 8484
internal_value=3.8976e-05 -0.000119791 -0.000277492 0.00207223 0.00678636 -0.000874164 -0.000736664 -0.00646424 -0.0141881 0.000642817 -0.0037021 0.016516 -0.000504976 0.000523899 0.00387283 -0.00164353 -0.00352764 0.0151667 -0.00153804 -0.000813795 0.0199242 0.00226231
internal_weight=13199.5 12857.1 12597.3 2007.29 791.11 1216.18 10590 387.217 195.403 191.814 143.37 48.4438 10202.8 5292.14 2170.13 4910.61 3337.87 275.656 2440.67 2334.4 223.21 1572.74
internal_count=78343 76904 75772 10181 4107 6074 65591 3888 2755 1133 851 282 61703 29992 12801 31711 22514 1580 12678 12121 1357 9197
is_linear=0
shrinkage=0.0239494


Tree=140
num_leaves=23
num_cat=0
split_feature=27 43 21 13 1 35 34 21 12 34 31 27 22 5 41 42 31 40 0 34 42 12
split_gain=28.3406 26.1309 20.2417 58.639 30.4115 28.2397 29.3756 19.0611 26.1236 23.3249 16.9454 19.2661 18.2981 23.3068 16.6996 22.6348 27.1677 16.6108 18.487 17.7981 22.9708 38.1164
threshold=0.052625000000000012 0.66662771920802621 12.140000000000002 0.17058000000000004 -0.24790114629940399 6.5000000000000009 33.500000000000007 10.715000000000002 -0.066084999999999991 236.50000000000003 0.024235000000000003 0.015855000000000005 3.2493000000000003 -0.4064874649047851 -0.82943005133746317 -0.0095450579999999986 0.015475000000000001 1.5000000000000002 0.28028323000000005 118.50000000000001 1.0000000180025095e-35 0.066945000000000018
decision_type=2 2 2 2 2 2 2 2 2 2 2 2 2 2 2 2 2 2 2 2 2 2
left_child=1 2 3 4 -1 6 -5 -6 9 -9 11 -3 -12 -14 15 -4 -17 19 -19 -16 -21 -22
right_child=-2 10 14 5 7 -7 -8 8 -10 -11 12 -13 13 -15 17 16 -18 18 -20 20 21 -23
leaf_value=-0.00062868817917140208 0.0057032457445425214 -0.011592420625525256 0.0034574276307899154 0 0.0024990867275353633 0 0.023767205294639934 -0.0030489350060763105 -0.013662166727863334 0.034655665554306068 -0.0067326655730357461 0.0051997715933558997 0.033144957589685671 0.00011226176495084079 0.002408645291316154 -0.0070454592381161444 -0.00012829965802608719 -0.0031242772902298241 0.00077099069375414912 0.00065384736730956052 -0.013873233650248628 0.0044067390896585608
leaf_weight=342.36375093460083 484.30261401087046 263.1607088111341 360.63273980095983 70.164545811712742 42.408807042986155 458.60531141608953 67.97277494519949 37.477944929152727 433.64948349073529 11.115961983799933 119.59572152793407 33.070385113358498 16.78547291085124 83.048535533249378 4193.8069392777979 592.93009344860911 822.03506617620587 1089.33662205562 1855.8892035931349 1541.571222666651 170.81167568266392 90.294232826679945
leaf_count=1984 2043 3789 1665 335 323 2391 328 310 3426 107 830 208 140 487 23602 3363 4203 6994 10439 9465 1202 555
internal_value=6.74319e-06 -0.000199042 1.25543e-05 -0.00261654 -0.00664678 0.00299434 0.0124895 -0.0102956 -0.0117235 0.00257132 -0.00548062 -0.0092248 0 0.00712918 0.000385259 -0.00170989 -0.00313009 0.000817634 -0.00062015 0.00154817 -0.000372662 -0.00699246
internal_weight=13181 12696.7 12181.1 1463.76 867.016 596.743 138.137 524.652 482.243 48.5939 515.661 296.231 219.43 99.834 10717.3 1775.6 1414.97 8941.71 2945.23 5996.48 1802.68 261.106
internal_count=78189 76146 70692 9204 6150 3054 663 4166 3843 417 5454 3997 1457 627 61488 9231 7566 52257 17433 34824 11222 1757
is_linear=0
shrinkage=0.0239494


Tree=141
num_leaves=23
num_cat=0
split_feature=16 13 21 33 1 37 26 13 27 35 23 37 30 27 8 28 21 23 37 37 15 27
split_gain=26.7706 24.31 24.3241 25.812 23.7269 183.361 63.4783 44.2774 59.2765 33.556 42.9356 30.5196 29.129 28.7256 33.9446 27.1067 25.4263 39.6353 23.408 20.815 32.2141 31.6729
threshold=1.1752500000000003 -2.1564049999999995 13.530000000000001 0.11435000000000002 0.076429452539372458 -0.30064999999999992 0.084400000000000017 0.59462000000000004 -0.0038749999999999995 29.500000000000004 -26.854999999999997 0.52760000000000007 -0.011554999999999998 -0.013144999999999999 0.010159194500000001 0.022365000000000006 13.825000000000001 -40.614999999999988 0.39735000000000004 -0.30894999999999995 0.99825000000000008 0.024425000000000006
decision_type=2 2 2 2 2 2 2 2 2 2 2 2 2 2 2 2 2 2 2 2 2 2
left_child=1 -1 3 -3 9 6 -6 8 12 16 -11 15 -7 -8 -15 -10 17 -4 -9 20 -18 -21
right_child=-2 2 4 -5 5 7 13 18 11 10 -12 -13 -14 14 -16 -17 19 -19 -20 21 -22 -23
leaf_value=0.0096129024079630847 0.0064144430015047882 -0.0038276666372255692 0.017311554946074365 0.00079110192211547415 0.0010347104409285212 -0.000606657313701734 0.027195770945627633 0.0043706214421044632 -0.0013859321397358122 -0.017698372690541461 3.9527030123026031e-05 -0.0086308492106494609 -0.013918295166416029 0.01751317119483841 0.00093339959413229546 0.012478403659943571 -0.0030535371811171446 0 -0.0038949594405345727 0.00105056619501226 0.0068587650169422993 0.0070769616740554561
leaf_weight=140.95145311951637 355.93289887905121 2004.9137284755707 145.68782939389348 990.19032710790634 417.9111835360527 136.85740869864821 95.616999849677086 341.69915670901537 367.87243238463998 121.38922012224793 175.81992641463876 271.58834790438414 670.46879917755723 181.61061592772603 148.64470524713397 100.14962609112263 1183.934493009001 165.36814744025469 456.32118883728981 3839.7456401176751 217.44346802681684 595.17758742719889
leaf_count=601 1620 14112 834 5285 1900 801 702 1668 2202 701 976 1389 5965 1182 871 489 5929 1046 2220 23453 1195 2831
internal_value=-4.94539e-05 -0.000241065 -0.000362615 -0.00225193 0.000209636 -0.00146098 0.00804739 -0.00494464 -0.00731191 0.00105891 -0.00671384 -0.00216894 -0.0118426 0.0145861 0.010493 0.00126881 0.00145846 0.00820241 -0.000172775 0.001074 -0.00141129 0.00189225
internal_weight=13125.3 12769.4 12628.4 2995.1 9633.31 3188.74 843.784 2344.96 1546.94 6444.57 297.209 739.61 807.326 425.872 330.255 468.022 6147.36 311.056 798.02 5836.3 1401.38 4434.92
internal_count=77972 76352 75751 19397 56354 19389 4655 14734 10846 36965 1677 4080 6766 2755 2053 2691 35288 1880 3888 33408 7124 26284
is_linear=0
shrinkage=0.0239494


Tree=142
num_leaves=23
num_cat=0
split_feature=14 8 8 44 8 5 37 28 27 37 1 12 7 27 45 16 16 21 27 13 21 29
split_gain=25.5012 26.7744 36.4161 57.5282 25.1121 60.1086 47.5353 79.7026 61.8422 44.2583 37.4477 32.8745 30.3846 26.2639 23.8218 20.0889 25.8195 19.8208 19.4645 33.827 26.0029 19.065
threshold=1.3362500000000004 0.021852225000000006 1.0000000180025095e-35 0.14455000000000004 -1.0000000180025095e-35 3.005833864212037 -0.26494999999999996 0.0067250000000000009 -0.0048749999999999991 0.24115000000000003 -0.037039578771761096 -0.054204999999999996 33.310020052248476 0.0071850000000000013 1.9741000000000002 0.99545000000000006 1.00675 16.845000000000002 0.016555000000000004 0.11316000000000002 15.530000000000003 0.020535000000000001
decision_type=2 2 2 2 2 2 2 2 2 2 2 2 2 2 2 2 2 2 2 2 2 2
left_child=1 2 4 14 12 6 8 9 15 11 -9 -8 -1 -11 -4 -6 -17 -5 19 20 21 -16
right_child=-2 -3 3 17 5 -7 7 10 -10 13 -12 -13 -14 -15 18 16 -18 -19 -20 -21 -22 -23
leaf_value=-0.0088209664403098333 0.0019586797397036291 0.0013417626409691105 0.0020573802829291208 -0.013011224893522988 0.040093773285605476 -0.015809248884681049 0.033829103973158831 0.024354708374545148 -0.0091095771666679856 -0.0070871452633747773 -0.013561768041887412 -0.0053836082470457292 -0.00039809656140190035 0.012047755964633661 -0.013440870469503253 0 0.017257289363343659 -0.0017148393027696365 0.0021094559903384207 -0.00082553936614314925 -0.0010001996271879348 0.0036816521820405481
leaf_weight=274.15521945059299 2860.816119659692 2870.3030466064811 649.84498325362802 424.28612393140793 25.281709656119347 90.059601210057735 12.391976557672022 13.471641909331082 59.225055206567049 35.969560384750366 219.65688252076507 212.99150568246841 2888.6531204394996 392.43174083903432 397.29001599550247 52.371822841465473 216.59472148120403 152.75174470618367 287.48849528282881 767.83095502480865 216.28269051760435 26.86081251502037
leaf_count=1850 14469 13934 3596 3966 172 592 194 113 656 423 2738 2782 15716 2302 3905 368 1415 1119 1418 4660 1504 138
internal_value=-2.95692e-05 -0.000596742 -0.00136673 -0.00344767 0 0.00274727 0.00421233 0.00106967 0.0116845 0.00550569 -0.0107442 -0.00257957 -0.00117437 0.0101002 -0.00170608 0.0163662 0.0135928 -0.010274 -0.00323443 -0.00442905 -0.00852135 -0.0120122
internal_weight=13147 10286.2 7415.89 2922.64 4493.25 1330.45 1240.39 886.913 353.473 653.785 233.129 225.383 3162.81 428.401 2345.6 294.248 268.967 577.038 1695.75 1408.26 640.434 424.151
internal_count=78030 63561 49627 20306 29321 11755 11163 8552 2611 5701 2851 2976 17566 2725 15221 1955 1783 5085 11625 10207 5547 4043
is_linear=0
shrinkage=0.0239494


Tree=143
num_leaves=23
num_cat=0
split_feature=28 37 37 27 45 22 21 8 44 23 37 27 44 27 31 8 5 5 13 41 7 37
split_gain=25.2255 76.7637 58.0463 58.9163 40.6509 35.5048 34.9684 31.293 49.941 31.1389 49.7168 61.7449 33.6012 29.0936 28.5817 26.4303 40.799 36.1975 29.3593 24.8206 24.1138 27.4625
threshold=0.018975000000000002 0.48305000000000003 0.75555000000000005 0.014815000000000002 1.9667000000000001 2.9999500000000006 25.430000000000003 1.0000000180025095e-35 0.13652753000000004 -22.004999999999999 -0.21174999999999997 -0.011284999999999998 0.073231335000000022 0.017465000000000005 0.00038500000000000009 -0.00051215291499999991 2.3909963369369511 -0.4064874649047851 -0.8134499999999999 0.19058625685914579 68.301722465033507 -0.58939999999999992
decision_type=2 2 2 2 2 2 2 2 2 2 2 2 2 2 2 2 2 2 2 2 2 2
left_child=2 5 4 -4 -1 19 7 15 20 -7 -11 12 -12 -13 -3 16 18 -17 -6 -2 -9 -22
right_child=1 14 3 -5 6 9 -8 8 -10 10 11 13 -14 -15 -16 17 -18 -19 -20 -21 21 -23
leaf_value=0.0014275153368869223 -0.00068775044114073786 -0.0056145790095587372 0.0022742919833866719 0.020060627361114178 0.0017415775704748998 -0.00090796892571605675 0.015219776819540358 -0.0012415781869543072 -0.010831785033762633 0.020313262670141424 0.0018556111854907125 0.0089676918883538383 -0.017882120488384053 0.031652656441210764 0.00029135491708773341 0.0057171084105616899 0.0026023909626868109 -0.0025524406035166616 -0.0069533333709559013 0.0069370597694876418 0.0077866135219048331 -0.0098785612958900149
leaf_weight=2398.1965626403689 716.81205034255981 665.7491784915328 579.44518152624369 139.13041297346354 255.60236588120461 156.2767236828804 62.677784703671932 1746.5312886498868 554.54186448827386 212.31656252220273 145.11148303747177 412.88729597255588 68.184067137539387 42.84606759250164 1459.907254524529 673.03223024681211 561.72811103984714 524.95035898685455 986.80281386896968 351.96307022124529 48.410450413823128 398.99019430577755
leaf_count=11971 3521 3396 2798 782 1159 658 376 10794 5052 1474 704 2056 417 186 7010 4975 2971 5950 6663 1678 254 3377
internal_value=0.000136756 0.00166867 -0.000572884 0.00592133 -0.00115897 0.00492521 -0.00225112 -0.00246693 -0.00432446 0.00812034 0.0098869 0.00635979 -0.00376932 0.0114209 -0.00148967 -0.000717699 -0.00258435 0.00197153 -0.00504697 0.00168657 -0.00261309 -0.0076407
internal_weight=13162.1 4232.05 8930.04 718.576 8211.46 2106.4 5813.27 5750.59 2748.47 1037.62 881.345 669.029 213.296 455.733 2125.66 3002.12 1804.13 1197.98 1242.41 1068.78 2193.93 447.401
internal_count=78222 21100 57122 3580 53542 10694 41571 41195 19477 5495 4837 3363 1121 2242 10406 21718 10793 10925 7822 5199 14425 3631
is_linear=0
shrinkage=0.0239494


Tree=144
num_leaves=23
num_cat=0
split_feature=29 28 6 31 37 17 13 37 26 35 7 33 7 35 30 31 35 28 37 6 28 37
split_gain=26.2382 31.2983 32.6503 27.6728 26.4247 75.0047 33.3808 56.0471 51.2276 49.0847 44.38 37.498 37.091 36.6222 31.8509 28.2711 27.0862 26.7012 25.8392 61.2544 41.339 25.7045
threshold=0.016645000000000004 0.052355000000000006 -0.43072362741914505 -0.043214999999999996 -0.48944999999999994 0.99665000000000015 -0.080499999999999974 0.22055000000000002 -0.34069999999999995 3.5000000000000004 36.588185047119588 0.26040000000000002 74.21635339467602 5.0000000000000009 0.049730000000000003 0.10355500000000002 1.0000000180025095e-35 0.013045000000000003 -0.26494999999999996 0.028374366046993903 -0.011714999999999998 0.29945000000000005
decision_type=2 2 2 2 2 2 2 2 2 2 2 2 2 2 2 2 2 2 2 2 2 2
left_child=1 2 -1 -2 5 -4 7 10 -9 11 15 -8 13 -12 18 -6 -10 -7 19 -11 -20 -5
right_child=3 -3 4 21 6 17 9 8 16 14 12 -13 -14 -15 -16 -17 -18 -19 20 -21 -22 -23
leaf_value=0.0092117625876970127 -0.0026935983058599799 0.0094956939402634759 -0.0019858382278256218 0.0041707301523865401 -0.017006385751492794 0.0031134023206203952 -0.00046970291283486061 -0.00028571603618570291 -0.012398677927203429 -0.0073390400645069577 -0.0076882155464046229 0.011710638996085125 -0.012370741959986111 0.0023939360124941291 0.0018555181094498474 0.0062080242113897316 0.011338732658482972 0.017211550655608844 0.0048210660244959623 0.011244170950588956 -0.0069012084680510214 0.00014973151459344832
leaf_weight=171.2353200763464 748.77298003435135 162.73501491546631 796.51785109192133 1980.228756390512 172.04612139612436 176.02353583276272 714.18415766954422 551.21177007630467 23.388808630406857 247.38225302472711 257.45424070954323 176.16745962947607 146.70426366105676 1024.4516764841974 378.72383756190538 26.19593620300293 491.51663210988045 196.47712205350399 170.34939406812191 172.49891518056393 2510.6103757061064 1835.6724099293351
leaf_count=759 3489 763 4060 9160 1539 1070 5205 2494 135 1896 1534 965 1643 5968 1954 124 3037 1322 1091 1072 20047 8827
internal_value=-2.72773e-05 -0.000819667 -0.00103681 0.0014277 -0.00126774 0.00200849 -0.00183068 0.000216331 0.00453385 -0.00312558 -0.00252328 0.00177632 -0.000939197 0.000255142 -0.00442185 -0.0132021 0.00997686 0.0109416 -0.00523564 0 -0.0061019 0.00227466
internal_weight=13130.5 8565.87 8403.14 4564.67 8231.9 1169.02 7062.89 2692.97 1066.12 4369.92 1626.85 890.352 1428.61 1281.91 3479.56 198.242 514.905 372.501 3100.84 419.881 2680.96 3815.9
internal_count=78154 56678 55915 21476 55156 6452 48704 16474 5666 32230 10808 6170 9145 7502 26060 1663 3172 2392 24106 2968 21138 17987
is_linear=0
shrinkage=0.0239494


Tree=145
num_leaves=23
num_cat=0
split_feature=28 13 21 13 12 21 14 1 1 37 13 27 13 16 37 28 37 12 15 13 27 33
split_gain=28.6444 28.3506 23.866 25.4731 32.4185 27.2619 27.7358 24.4585 21.4352 121.494 48.1022 37.1285 46.0553 36.181 33.0911 32.306 31.4668 90.4957 71.5554 88.905 44.8355 41.6758
threshold=0.088350000000000012 -1.8473199999999996 13.530000000000001 0.11316000000000002 0.17616000000000001 12.840000000000002 1.5185500000000001 -0.36094793415113152 0.076429452539372458 -0.30064999999999992 0.86175500000000016 -0.0040249999999999991 0.35782000000000008 1.0154500000000002 0.43045000000000005 0.010275000000000001 0.15885000000000002 0.0111 -0.95424999999999993 -0.24084999999999998 0.020975000000000004 -0.80749999999999988
decision_type=2 2 2 2 2 2 2 2 2 2 2 2 2 2 2 2 2 2 2 2 2 2
left_child=1 -1 3 4 7 -5 -7 -3 16 13 11 12 -11 -10 -13 -15 18 -18 19 -4 -19 -22
right_child=-2 2 8 5 -6 6 -8 -9 9 10 -12 14 -14 15 -16 -17 17 20 -20 -21 21 -23
leaf_value=0.0085030556266469937 0.01125266639732 -9.7032351839650475e-05 0.0007880667771827161 0.0024910022510854562 0.0052879823251632515 -0.0089834014374832495 0.0075081688492758137 -0.0070831321370138376 0.0024712090141284712 -0.012791026150631463 0.0020014453603664447 0.0021079108549515338 -0.0010151595370426162 0.0004528873986210335 -0.0067418078616614556 0.018270743475443746 -0.00038711789921213138 0.0057188002399417995 0.0040023908917925727 -0.0092772894564435888 -0.0083329417815414791 0.022180661168411848
leaf_weight=223.30543422698975 132.24158070981503 451.88696794211864 1262.5143318548799 1002.2572684586048 180.61538751423359 271.13311881572008 65.11954902857542 1069.9039804525673 542.00177756696939 638.1256339289248 585.79195383936167 474.46281104162335 311.7992285862565 102.94758450239897 462.52119368687272 220.31282464787364 1750.6417604833841 1058.8059481307864 1344.8682306669652 812.47230514883995 22.13011360168457 190.02335146069527
leaf_count=955 557 2682 6149 5544 894 1602 327 8640 2824 5895 2800 2757 1564 517 2377 1405 9245 6143 7281 7053 100 1163
internal_value=0.000158517 3.48431e-05 -0.000101266 -0.0019636 -0.00391624 0.000410797 -0.00535529 -0.00510461 0.000462894 -0.00107103 -0.00381142 -0.00569342 -0.00907951 0.00659151 -0.0021047 0.0130481 0.00128045 0.0030652 -0.000253765 -0.0030827 0.00793538 0.0183094
internal_weight=13175.9 13043.6 12820.3 3040.92 1702.41 1338.51 336.253 1521.79 9779.42 3337.96 2472.7 1886.91 949.925 865.262 936.984 323.26 6441.46 3021.6 3419.85 2074.99 1270.96 212.153
internal_count=78474 77917 76962 19689 12216 7473 1929 11322 57273 20139 15393 12593 7459 4746 5134 1922 37134 16651 20483 13202 7406 1263
is_linear=0
shrinkage=0.0239494


Tree=146
num_leaves=23
num_cat=0
split_feature=21 8 2 1 43 37 1 21 28 37 22 43 35 27 35 35 12 2 21 12 2 35
split_gain=24.5912 31.878 23.6714 34.4504 29.68 36.2371 26.1631 30.548 24.6654 29.8933 36.6949 28.0929 25.8013 24.2184 47.1909 37.5823 44.8488 26.168 22.7303 40.3449 36.3529 32.2195
threshold=16.810000000000006 -0.065955341999999986 0.73123764822134396 -0.41794735357223628 0.1204008640119191 0.22055000000000002 -0.99051082265067159 12.875000000000002 0.021795000000000005 0.48305000000000003 3.1175500000000005 0.39122083797140489 14.500000000000002 0.011205000000000001 7.5000000000000009 3.5000000000000004 -0.0047149999999999996 0.007656272873664151 18.235000000000003 0.013565000000000002 0.12657444005270088 16.500000000000004
decision_type=2 2 2 2 2 2 2 2 2 2 2 2 2 2 2 2 2 2 2 2 2 2
left_child=1 -1 3 4 -3 -6 -7 -8 12 10 -10 -11 13 15 -15 16 -5 -17 19 20 -2 -21
right_child=18 2 -4 8 5 6 7 -9 9 11 -12 -13 -14 14 -16 17 -18 -19 -20 21 -22 -23
leaf_value=0.0056743952323755299 0.012676156515795053 -0.0039926640531239089 0.00058455664574610878 0.0068621196080892333 0.0016052992815045147 -0.00050491845197177482 0 0.027541325196481767 -0.00082021056931686344 -0.0059786284259680592 0.012405850514176845 0.0031159878652301993 -0.0055726034318471914 -0.0041154358448429575 0.0081798378706576854 0.02090600098091552 -0.010341095269836455 -0.0074711767601714591 0.00054860019847635091 0.015709221227620047 -0.0028478281744256611 0
leaf_weight=442.58659785985947 110.82444022223353 209.26093155518174 3716.4082636460662 314.48494158685207 327.8643692061305 25.410691574215889 25.319620333611965 95.855960130691528 226.28747185319662 496.70186172425747 218.32722190767527 297.48596456646919 1846.6190684624016 343.53372950479388 357.09933654218912 16.521614249795675 116.29166647791862 774.8065167888999 2340.5932821519673 262.89321269467473 382.41743499413133 116.23586696013808
leaf_count=1938 637 1171 20657 2281 2086 149 141 542 1111 2488 1064 1466 13562 1928 1917 174 1073 6229 12999 1396 2232 674
internal_value=1.8605e-05 -0.00056349 -0.000872457 -0.00184945 0.00309774 0.00653284 0.0165578 0.021341 -0.00255399 0.000269832 0.00534598 -0.0023881 -0.00352079 -0.00147425 0.0019428 -0.00355274 0.00187895 -0.00669414 0.00184874 0.00516966 0.000344132 0.0110624
internal_weight=13063.8 9850.87 9408.28 5691.87 683.712 474.451 146.586 121.176 5008.16 1238.8 444.615 794.188 3769.36 1922.74 700.633 1222.1 430.777 791.328 3212.96 872.371 493.242 379.129
internal_count=77915 59977 58039 37382 4089 2918 832 683 33293 6129 2175 3954 27164 13602 3845 9757 3354 6403 17938 4939 2869 2070
is_linear=0
shrinkage=0.0239494


Tree=147
num_leaves=23
num_cat=0
split_feature=2 21 21 6 37 26 27 21 12 2 35 35 9 39 35 12 6 21 2 33 23 37
split_gain=30.4461 24.5011 23.9317 23.2464 20.7021 81.0162 29.6502 20.3442 41.8159 21.56 24.527 19.8752 42.4515 19.1436 30.4373 23.6256 23.4845 17.7142 17.692 17.0587 17.4819 16.7016
threshold=0.85376426280856144 16.720000000000002 11.875000000000002 -0.4739641081012394 -0.21794999999999998 0.063600000000000004 -0.011484999999999999 18.235000000000003 0.017025000000000002 0.17673086933888596 2.5000000000000004 16.500000000000004 1.0000000180025095e-35 0.094150000000000025 8.5000000000000018 0.033645000000000008 0.37139844049348619 25.610000000000003 0.77079216073781309 0.23280000000000003 61.205000000000005 0.23625000000000004
decision_type=2 2 2 2 2 2 2 2 2 2 2 2 2 2 2 2 2 2 2 2 2 2
left_child=1 3 -2 -1 5 -4 -7 8 9 10 -3 12 -10 14 -6 16 19 18 -9 20 -15 -17
right_child=2 7 4 -5 13 6 -8 17 11 -11 -12 -13 -14 15 -16 21 -18 -19 -20 -21 -22 -23
leaf_value=0.014391185094456659 -0.0035609109898256035 0.026655047650077431 0.0017487231773500678 -0.0016371597717597945 0.011168457552748113 0.028723668101405819 0.0056478963957711133 0 -0.0013719853256692143 -0.0040636428356281128 0.00086741455085546091 3.5633221401954369e-05 0.020380116437713473 -0.0030602805091780407 0.00085474877159468605 0 0.0067614982176236052 0.0079234120306590737 -0.0084030409305561691 0.00016234653318985165 -0.013220129688673293 0.0091432871547888206
leaf_weight=50.536374017596245 386.16119682788849 30.162624314427376 652.79371172189713 7086.7053673230112 251.14039184525609 106.86290565505624 71.513959348201752 1555.9575690329075 55.110263124108315 297.59984909743071 118.60744371637702 95.196660958230495 180.39465585723519 330.44072507321835 580.10792453214526 196.52086380124092 117.46030128002167 142.1025734692812 161.56079284474254 252.34962157532573 179.52181509137154 201.10032942146063
leaf_count=242 2124 154 3029 45382 1321 757 392 8861 292 1780 689 554 965 1904 3209 1022 537 751 908 1218 1021 1071
internal_value=-8.11486e-05 -0.000765327 0.00188552 -0.00150321 0.00265061 0.00590378 0.020291 0.00117665 0.00443697 -2.3255e-05 0.0070775 0.0108988 0.0146698 0.00129904 0.00414646 -0.000439561 -0.00273177 -0.000107202 -0.000856663 -0.00438611 -0.00692323 0.00426488
internal_weight=13099.9 9773.93 3325.97 7137.24 2939.81 831.171 178.377 2636.69 777.071 446.37 148.77 330.702 235.505 2108.64 831.248 1277.39 879.772 1859.62 1717.52 762.312 509.963 397.621
internal_count=78183 60578 17605 45624 15481 4178 1149 14954 4434 2623 843 1811 1257 11303 4530 6773 4680 10520 9769 4143 2925 2093
is_linear=0
shrinkage=0.0239494


Tree=148
num_leaves=23
num_cat=0
split_feature=21 0 15 13 2 35 44 30 0 12 21 21 27 37 13 27 3 27 42 5 37 12
split_gain=31.4381 25.7597 36.529 27.179 25.3643 20.1341 22.2928 23.6141 22.3199 37.1735 24.3468 29.1832 19.6638 34.7248 53.7748 31.8141 24.0909 18.529 17.3428 16.7455 29.8893 28.8778
threshold=14.915000000000001 0.32563725000000004 1.0529500000000003 -0.27538499999999994 0.85376426280856144 27.500000000000004 0.27055000000000007 0.022445000000000003 0.45332198500000004 -0.026524999999999996 12.140000000000002 12.465000000000002 -0.011484999999999999 -0.19334999999999997 0.26908500000000007 -0.0093149999999999986 1.0239363405885451 0.050095000000000008 -0.051724999999999993 7.0003068447113046 0.51975000000000016 -0.058384999999999992
decision_type=2 2 2 2 2 2 2 2 2 2 2 2 2 2 2 2 2 2 2 2 2 2
left_child=1 2 3 -1 19 6 8 -8 9 -3 -11 -12 13 14 -6 16 -14 18 -17 -2 -21 -22
right_child=4 5 -4 -5 12 -7 7 -9 -10 10 11 -13 15 -15 -16 17 -18 -19 -20 20 21 -23
leaf_value=0.00024560710500694499 -0.00064779720182857868 -0.0034433343941546526 0.010321407574132942 -0.0060674966249356921 0.027384498986917308 0.0056820711601770976 -0.013055241645071679 0.00035485760346556407 -0.0014656511194527165 0 0.040579101781498157 0.0093064542683974957 -0.020225286316058733 0.0018912361009572355 0.00070912990861885915 -0.0064047728790990735 0.0019648072366678137 0.010794529138203583 0.00266714930294721 0.0043806172376197007 -0.0060204938436129079 0.0059656684945373004
leaf_weight=477.90367820113897 4467.6766936704516 232.25839059054852 96.154599457979202 1435.1156455762684 103.26291786134243 307.05757087096572 164.07742120698094 102.0301775932312 1729.421972181648 143.22003493830562 22.737052723765373 241.50229988992214 63.803127150982618 315.96175215765834 95.036114510148764 128.74678713083267 30.898166589438915 151.11487030982971 1080.7933851927519 1147.1777898073196 385.73290177434683 154.45548535138369
leaf_count=2398 28258 1365 448 12042 663 1703 1228 654 8686 908 162 1469 360 1614 441 599 184 642 5859 5652 1885 766
internal_value=-2.88833e-05 -0.00154387 -0.00363615 -0.00441404 0.000876435 -6.55142e-05 -0.000790638 -0.00736481 0 0.00376891 0.00823841 0.0125502 0.00324449 0.00735978 0.0153366 0.00168998 -0.0114433 0.00271139 0.00158077 9.49291e-05 0.00214801 -0.00232296
internal_weight=13076.1 4951.48 2009.17 1913.02 8124.66 2942.3 2635.25 266.108 2369.14 639.718 407.459 264.239 1969.62 514.261 198.299 1455.36 94.7013 1360.66 1209.54 6155.04 1687.37 540.188
internal_count=77986 31063 14888 14440 46923 16175 14472 1882 12590 3904 2539 1631 10362 2718 1104 7644 544 7100 6458 36561 8303 2651
is_linear=0
shrinkage=0.0239494


Tree=149
num_leaves=23
num_cat=0
split_feature=13 31 21 21 34 6 30 31 45 14 13 45 7 24 37 15 28 37 3 30 3 34
split_gain=32.1747 22.1807 39.718 41.0036 38.8447 28.9456 23.7343 32.6339 57.3055 21.6405 21.27 20.9467 20.8003 26.3596 24.0732 34.3523 29.6138 28.5651 24.6577 24.57 21.1694 19.734
threshold=-2.1564049999999995 0.015915000000000002 13.530000000000001 14.015000000000002 43.500000000000007 0.040746752418063005 0.0084550000000000024 1.0000000180025095e-35 1.9951000000000003 1.1602500000000002 -0.35752499999999993 1.9887000000000001 70.202967411353427 0.11537500000000002 0.99245000000000017 1.0180500000000003 0.028455000000000005 -1.0000000180025095e-35 1.7736098484124365 0.016535000000000005 1.2928478150910137 8.5000000000000018
decision_type=2 2 2 2 2 2 2 2 2 2 2 2 2 2 2 2 2 2 2 2 2 2
left_child=-1 2 5 4 9 10 7 -7 -9 11 -2 -4 14 -14 15 18 -16 19 21 -17 -19 -5
right_child=1 -3 3 12 -6 6 -8 8 -10 -11 -12 -13 13 -15 16 17 -18 20 -20 -21 -22 -23
leaf_value=0.010850022470993405 -0.0015679363556730542 0.00085580813504758499 0.0087505927074746741 0.0032737581589245635 0 0.0013410366318629746 -0.0050166060569634893 -0.00081913024371968349 0.050855429781169886 0 -0.0082873745818359355 0.031801828637888004 -0.0069492856973174325 0.011631539771754604 0.0005678418683103593 0.023480918296957337 -0.012898192792432516 0.0050169939991093777 0.0074272063099164298 0 -0.0086892877938488707 -0.0018636528673515471
leaf_weight=152.55319857597351 484.68287069350481 5929.7177936881781 73.611234918236732 489.54210656508803 195.84777570143342 135.64413019642234 135.87681274861097 14.512411177158354 24.198114715516567 56.364414297044277 847.58089765906334 61.414961587637663 491.05259399488568 42.702318623661995 152.55341845005751 85.804001647979021 182.61568564176559 358.00827824324369 206.44766506925225 53.340716451406479 73.106784202158451 2810.1117182001472
leaf_count=646 2368 32068 392 2514 1512 717 758 112 214 308 7691 380 4655 245 720 471 887 1864 1059 260 378 17737
internal_value=-6.67399e-05 -0.000207109 -0.00113167 -0.000100552 0.00737163 -0.00439039 0.00184695 0.00803338 0.0277108 0.0150452 -0.00595243 0.0203168 -0.000715189 -0.00518914 -0.000140779 0.00033257 -0.00633338 0.00580565 -0.000515964 0.0154504 0.00235399 -0.0010572
internal_weight=13057.3 12904.7 6975.02 5332.52 387.238 1642.5 310.231 174.355 38.7105 191.391 1332.26 135.026 4945.29 533.755 4411.53 4076.36 335.169 570.26 3506.1 139.145 431.115 3299.65
internal_count=77956 77310 45242 33382 2592 11860 1801 1043 326 1080 10059 772 30790 4900 25890 24283 1607 2973 21310 731 2242 20251
is_linear=0
shrinkage=0.0239494


Tree=150
num_leaves=23
num_cat=0
split_feature=6 1 16 37 13 27 0 44 34 8 37 42 28 27 37 28 3 28 13 37 25 7
split_gain=29.3405 41.0982 32.5316 40.662 63.1727 32.9888 35.4243 31.814 30.136 29.6909 29.2819 26.4353 25.8527 25.2938 47.5427 63.438 43.6908 39.7642 62.834 45.6031 49.9265 47.5454
threshold=-0.0065657602402794486 0.093042460420563411 0.93285000000000007 0.38555000000000006 -0.37200999999999995 0.010435000000000002 0.41711738500000006 0.17225000000000004 25.500000000000004 -0.096960961999999984 0.20515000000000003 0.0091840030000000013 0.029305000000000001 0.014815000000000002 -0.58939999999999992 0.016015000000000005 0.62442911776306409 0.0096850000000000009 -0.077349999999999988 -0.20544999999999997 1.0217500000000002 75.340805397926417
decision_type=2 2 2 2 2 2 2 2 2 2 2 2 2 2 2 2 2 2 2 2 2 2
left_child=1 2 3 4 -1 -5 8 10 -7 -2 -6 -4 -13 14 15 -11 -16 18 -18 20 -19 -21
right_child=9 -3 11 5 7 6 -8 -9 -10 13 -12 12 -14 -15 16 -17 17 19 -20 21 -22 -23
leaf_value=-0.00018134695283998701 0.014000386110420695 -0.0085914023255071574 0.0052339593722377066 -0.00086851066323689603 -0.0078737638407377127 0.032041952168024683 0.0024644974160978579 -0.017750083145475156 0.0023076455335810674 0.0016671647774432028 0.0029886086776901842 -0.0099337801060680481 0.00704237520726737 0.002946866932702341 0.0027798831796709959 0.021556126627839369 0.0027586094913392414 0.014095813915529744 -0.0093677298174450786 -0.00018610031302528852 -0.0020351573168758733 -0.0095665614291683063
leaf_weight=1603.7134113758802 100.51112720370293 417.01570066064596 780.331947080791 481.13820496946573 710.47257127985358 59.44633175432682 216.14854668080807 170.57681057602167 46.394082069396973 392.46382946521044 155.98192087188363 149.31820624321699 68.926968470215797 2258.271208178252 1450.5810174569488 128.74901923909783 325.38098840788007 236.92999280616641 825.83985372632742 1899.5976331010461 179.84642030671239 378.79610943421721
leaf_count=7467 431 3196 4464 2403 5654 299 1106 1709 248 1938 1108 875 330 10996 8478 1070 1915 1435 8457 10486 1097 2729
internal_value=8.88066e-05 -0.00137262 -0.000662116 -0.00179269 -0.00325384 0.00282984 0.00880971 -0.00786446 0.0203881 0.000975174 -0.00574974 0.00309074 -0.00390317 0.000794993 -1.51361e-05 0.00686031 -0.000719239 -0.00207682 -0.00581349 -0.000426548 0.00678463 -0.00180976
internal_weight=13036.4 4859.46 4442.45 3443.87 2640.74 803.127 321.989 1037.03 105.84 8176.97 866.454 998.577 218.245 8076.46 5818.18 521.213 5296.97 3846.39 1151.22 2695.17 416.776 2278.39
internal_count=77891 28859 25663 19994 15938 4056 1653 8471 547 49032 6762 5669 1205 48601 37605 3008 34597 26119 10372 15747 2532 13215
is_linear=0
shrinkage=0.0239494


Tree=151
num_leaves=23
num_cat=0
split_feature=5 14 7 3 28 37 27 37 15 36 24 24 44 0 0 33 5 36 29 30 6 37
split_gain=26.9783 34.9586 42.1754 36.413 34.2238 87.683 43.6037 32.3019 31.972 27.3438 33.7439 28.7434 26.0362 44.2128 31.1129 25.821 42.7424 25.7766 26.3314 32.8985 26.1924 26.5345
threshold=7.38586449623108 0.99165000000000014 90.25534912881885 0.85291823674074563 0.014125000000000002 0.44405000000000006 0.019815000000000003 0.52760000000000007 -0.98964999999999992 0.54125000000000012 0.20951000000000003 -0.17217499999999997 0.10071421000000001 0.60237686500000009 0.24256880000000003 -1.0000000180025095e-35 -1.0534633994102476 0.99990000000000012 0.019905000000000003 0.0036750000000000007 -0.054411769003334547 0.72765000000000013
decision_type=2 2 2 2 2 2 2 2 2 2 2 2 2 2 2 2 2 2 2 2 2 2
left_child=1 2 9 12 5 15 8 -6 -7 -1 11 -11 -3 14 -14 16 -5 -2 19 -19 -20 -22
right_child=17 3 -4 4 7 6 -8 -9 -10 10 -12 -13 13 -15 -16 -17 -18 18 20 -21 21 -23
leaf_value=-0.00071132365656971616 0.00085771535361937705 0.0020428908471885159 -0.017295469493467466 -0.0010673686252509712 0.0058662435123753706 0.0051010463275243832 0.021509538733824243 -0.001450857913456016 -0.0070455644051706746 0.005621535258303916 0.013726327174066596 -0.0074794443127270639 -0.001312483648241718 -0.00056147588585690712 0.021948719804398518 -0.0028586631399307493 -0.015082089026672294 0.013344284556408034 -0.0063806260432930258 -0.0054017396560315512 0.018604808853202242 0
leaf_weight=3425.3759428560734 3242.9983544945717 676.52925199642777 105.96673078462481 236.10313628986478 783.53182832896709 547.09860832989216 78.622573032975197 573.7470894344151 153.15841226279736 93.997129455208778 47.189687304198742 942.02461942657828 26.972648717463017 98.955514207482338 162.36250501871109 998.42759870365262 337.09319067373872 80.210828449577093 28.912413768470287 157.91278282552958 194.51855400204659 46.793597914278507
leaf_count=17370 15626 4486 1354 1631 4775 2657 634 2864 1088 498 242 8002 395 579 1501 7838 3504 566 129 974 954 233
internal_value=-7.14019e-06 -0.000710629 -0.00219717 0.000726194 -0.000315416 -0.00209889 0.00436889 0.00266557 0.00223582 -0.00180992 -0.00514912 -0.00614984 0.00488043 0.0110327 0.0178636 -0.00539718 -0.00956412 0.00169555 0.0067532 0.000299518 0.0118998 0.0146952
internal_weight=13038.5 9287.16 4614.55 4672.6 3707.78 2350.5 778.88 1357.28 700.257 4508.59 1083.21 1036.02 964.82 288.291 189.335 1571.62 573.196 3751.35 508.348 238.124 270.225 241.312
internal_count=77900 59418 27466 31952 24991 17352 4379 7639 3745 26112 8742 8500 6961 2475 1896 12973 5135 18482 2856 1540 1316 1187
is_linear=0
shrinkage=0.0239494


Tree=152
num_leaves=23
num_cat=0
split_feature=28 8 39 14 6 34 43 33 37 28 28 5 15 29 44 22 27 37 8 7 2 37
split_gain=23.8541 20.717 18.7761 22.7453 24.258 32.2468 25.3128 23.9161 28.8796 38.8717 26.9518 23.3877 23.307 21.9223 21.6524 53.7128 34.5127 40.2763 26.4595 26.1421 25.4955 24.2057
threshold=0.088350000000000012 -0.10754304999999999 0.14665000000000003 0.97215000000000007 0.035307929003704212 249.50000000000003 0.61644987122672623 -1.0000000180025095e-35 0.58895000000000008 0.017055000000000004 -0.010084999999999998 2.2425724267959599 0.99975000000000014 0.018775000000000003 0.11200015000000001 3.9998000000000005 0.010105000000000001 0.12405000000000001 0.010587692500000001 37.181001107531614 0.64435660957400109 -0.24984999999999999
decision_type=2 2 2 2 2 2 2 2 2 2 2 2 2 2 2 2 2 2 2 2 2 2
left_child=1 -1 14 13 6 11 7 8 9 -5 -10 12 -6 -4 18 16 21 -18 19 -3 -17 -16
right_child=-2 2 3 4 5 -7 -8 -9 10 -11 -12 -13 -14 -15 15 20 17 -19 -20 -21 -22 -23
leaf_value=0.0082061892458291531 0.010153396487263208 -0.0056470636061100709 -0.0052734993233503145 -0.010145912626131997 0.00027158850412078967 0.022903333542167746 -0.016074575523336816 0.00065911887225383154 0.010680687459326476 0.0033906186273434716 -0.0045812281378584735 -0.0005950344202534317 0.010684895680531036 0.0001308098557293533 0.006998501682931077 0.034165840059118893 -0.0017554836822782434 0.022764950866992421 0.0023519832583868434 5.5078202761569027e-05 0 -0.010352037060832233
leaf_weight=182.97395865619183 140.4540301412344 531.94394365698099 1094.8132674284279 492.13024090230465 280.74548296257854 44.770409386605024 65.611703980714083 1830.5279131643474 124.06552945077419 142.55085614696145 128.26574975252151 810.67236910015345 272.07885858044028 624.94840713590384 60.177216969430447 52.138445153832436 56.549151595681906 77.311608228832483 2766.2445749416947 3115.4200743101537 25.15679270029068 135.03903956338763
leaf_count=774 590 4208 6753 3647 1570 271 871 10789 668 828 720 4140 1851 2906 429 435 467 482 13898 20035 179 1616
internal_value=0.000315624 0.000197319 7.07437e-05 -0.000904669 1.24101e-05 0.00260778 -0.00124837 -0.000836667 -0.00408816 -0.00687548 0.00234397 0.00183426 0.00566079 -0.0032247 0.00093759 0.00633527 0.00163464 0.0113155 0.000572818 -0.000736504 0.0244582 -0.0042555
internal_weight=13054.6 12914.1 12731.2 5911.18 4191.42 1408.27 2783.15 2717.54 887.012 634.681 252.331 1363.5 552.824 1719.76 6819.98 406.372 329.077 133.861 6413.61 3647.36 77.2952 195.216
internal_count=78127 77537 76763 35014 25355 7832 17523 16652 5863 4475 1388 7561 3421 9659 41749 3608 2994 949 38141 24243 614 2045
is_linear=0
shrinkage=0.0239494


Tree=153
num_leaves=23
num_cat=0
split_feature=13 28 37 37 27 7 13 7 0 37 13 13 7 37 28 6 8 31 8 34 35 6
split_gain=27.3041 25.9661 89.8871 43.5674 122.553 48.6905 44.5419 41.9658 38.3096 38.061 35.0838 32.1603 28.6858 56.137 50.8254 38.8969 27.8121 37.6183 27.6895 26.5335 28.6418 26.4897
threshold=-2.1564049999999995 0.021255000000000007 0.48305000000000003 0.45715000000000006 0.017645000000000004 23.316124264125509 -0.16710499999999998 77.879998713097834 0.34889100500000009 0.18945000000000004 -0.07051499999999998 -0.085009999999999988 67.537669270750882 -0.41684999999999994 0.016195000000000005 0.044852524280071207 0.010159194500000001 0.015475000000000001 1.0000000180025095e-35 182.50000000000003 15.500000000000002 1.0000000180025095e-35
decision_type=2 2 2 2 2 2 2 2 2 2 2 2 2 2 2 2 2 2 2 2 2 2
left_child=-1 3 7 5 10 -2 -6 8 -3 -9 11 -5 15 14 16 21 17 -14 19 -15 -21 -7
right_child=1 2 -4 4 6 12 -8 9 -10 -11 -12 -13 13 18 -16 -17 -18 -19 -20 20 -22 -23
leaf_value=0.01067590123183312 -0.0082382529036550967 0.010158062711083394 -0.0016141937368595182 0.0023819270346485642 0 -0.00011704459157392374 0.023761298896682791 0.023291820589808981 0.0015948373530774869 0 -0.0040307936561935253 0.029568300872963887 -0.0019769820724976441 -0.0056110811493748879 0.02179885162313874 0.0039446079208683964 -0.0082976561934053946 0.018854702674200544 -0.010739625244741704 0.021053955515455219 -0.00089159247059596332 -0.0049237855034489318
leaf_weight=140.67625626921654 558.78631484508514 456.40903083235025 2008.8511024042964 721.31848510354757 71.031522855162621 3553.6464604586363 193.85684660822153 139.85666197165847 1034.0384717807174 62.648448340594769 651.49645162373781 27.326419092714787 113.50434611737728 431.66546665877104 72.229132544249296 1118.95187471807 144.07927155867219 76.413572430610657 524.24600342661142 49.173524264246225 75.317079912871122 826.82672777026892
leaf_count=594 4696 2175 9797 3359 342 20274 1306 1052 4914 314 4236 145 770 4125 488 5836 786 394 4909 560 849 6151
internal_value=0.000176347 5.06403e-05 0.00175506 -0.000618578 0.00285911 -0.00140541 0.0177975 0.00583927 0.00431508 0.0163362 0 0.00356936 -0.000837968 -0.00379034 0.00356781 -1.33154e-05 0 0.00563576 -0.00669214 -0.00261429 0.00660387 -0.00105767
internal_weight=13052.3 12911.7 3701.8 9209.87 1665.03 7544.84 264.888 1692.95 1490.45 202.505 1400.14 748.645 6986.05 1486.63 406.226 5499.43 333.997 189.918 1080.4 556.156 124.491 4380.47
internal_count=78072 77478 18252 59226 9388 49838 1648 8455 7089 1366 7740 3504 45142 12881 2438 32261 1950 1164 10443 5534 1409 26425
is_linear=0
shrinkage=0.0239494


Tree=154
num_leaves=23
num_cat=0
split_feature=28 43 31 37 22 12 8 39 37 26 28 27 37 7 15 33 28 12 8 21 7 44
split_gain=20.9532 19.2705 23.9764 37.3299 35.6932 18.9355 18.647 21.1606 24.9175 101.313 39.2564 37.9767 42.6368 54.9066 50.3606 35.5456 33.3288 33.0571 32.9671 25.3118 24.8566 22.14
threshold=0.088350000000000012 0.68304328837960837 0.024235000000000003 0.18945000000000004 3.9998000000000005 0.036860000000000011 -0.10754304999999999 0.14325000000000002 -0.56144999999999989 0.79350000000000009 0.016015000000000005 0.026495000000000001 0.28865000000000007 30.09754794835224 0.9769500000000001 0.40080000000000005 -0.018414999999999997 0.12076500000000001 0.013194561000000002 12.720000000000002 83.487897612836733 0.11200015000000001
decision_type=2 2 2 2 2 2 2 2 2 2 2 2 2 2 2 2 2 2 2 2 2 2
left_child=1 6 5 4 -4 -3 -1 21 9 -9 18 12 13 17 16 -15 -14 -10 -11 -16 -20 -8
right_child=-2 2 3 -5 -6 -7 7 8 11 10 -12 -13 14 15 19 -17 -18 -19 20 -21 -22 -23
leaf_value=0.0077588514879823722 0.0095061532689137938 -0.012457592594592818 0 -0.0090240532410741387 0.032318236689784244 0.0041293426668843102 0.00066025427500262537 -0.0020817829383023554 -0.020507055001034728 0.016914711831656489 0.024880965464981541 0.0039931423657000734 -0.0021064495480258389 -0.0050983957069035179 0.0026715258985914535 0.0037749545455986544 0.0064451771423124742 0 0.0050488203218656373 -0.0050233412780380697 -0.023612355582714087 0.0071613757649385459
leaf_weight=182.88072562217712 134.15619385242462 222.48749758675694 52.108463250100613 85.637139659374952 33.653543554246426 33.130215886980295 5986.1592584624887 672.41594411060214 190.60438971221447 62.918310791254044 132.11577907577157 585.79885604977608 371.83502893894911 1417.9271578341722 286.64050129428506 297.48053085431457 738.8949574418366 47.558502972126007 27.685566365718842 1123.716498080641 29.700020685791969 324.05223479866982
leaf_count=772 564 3342 465 500 237 394 34015 3132 1822 339 1150 2756 1644 10104 1588 1592 4330 291 143 6034 151 2729
internal_value=8.98203e-05 0 -0.00501065 0.00118524 0.0130824 -0.00973647 0.000163125 3.82702e-05 -0.00096946 0.00258435 0.0155929 -0.0016478 -0.00241892 -0.00507986 -0.000299057 -0.00347447 0.0034509 -0.0160297 0.00417885 -0.00335589 -0.00724016 0.00101725
internal_weight=13039.6 12905.4 427.017 171.399 85.762 255.618 12478.4 12295.5 5985.29 924.836 252.42 5060.46 4474.66 1953.57 2521.09 1715.41 1110.73 238.163 120.304 1410.36 57.3856 6310.21
internal_count=78094 77530 4938 1202 702 3736 72592 71820 35076 4915 1783 30161 27405 13809 13596 11696 5974 2113 633 7622 294 36744
is_linear=0
shrinkage=0.0239494


Tree=155
num_leaves=23
num_cat=0
split_feature=5 5 37 8 13 45 35 21 35 29 35 8 5 30 31 30 30 21 31 13 27 14
split_gain=21.0843 28.5702 29.5456 26.8525 43.2594 49.9821 43.3285 39.3198 32.6079 33.567 30.3705 30.3098 41.1933 36.0329 31.5119 31.3873 38.579 68.9466 31.2529 30.0595 40.8503 38.237
threshold=85.02683258056642 7.0003068447113046 0.99245000000000017 1.0000000180025095e-35 0.11316000000000002 1.9741000000000002 1.5000000000000002 15.530000000000003 5.0000000000000009 0.015625000000000003 24.500000000000004 -1.0000000180025095e-35 1.3674818277359011 0.0073950000000000014 -0.095754999999999993 0.0053450000000000008 0.0036750000000000007 13.795000000000002 -0.012614999999999998 0.18890500000000002 0.010725000000000002 2.1611000000000007
decision_type=2 2 2 2 2 2 2 2 2 2 2 2 2 2 2 2 2 2 2 2 2 2
left_child=1 3 -3 11 5 6 -5 -7 9 -6 -10 14 13 15 -1 16 -13 -18 -17 20 21 -16
right_child=-2 2 -4 4 8 7 -8 -9 10 -11 -12 12 -14 -15 19 18 17 -19 -20 -21 -22 -23
leaf_value=0.0035488698083708421 -0.0062842893168902816 0.0025785794468326903 -0.0036232804272728751 -0.014701664653577895 0.011896300363453188 -0.0104399180923361 0.00083483659109314008 -0.0016497296647970663 -0.0027220605413847149 -0.0012957749194175831 0.0057794534908962867 -6.483629104457108e-05 -0.0063546910417890306 0.0086411813142726907 -0.0089359224905908238 0.02241431058947595 0.054787814118572191 0 -0.018551106705871959 0.0013882536518583933 0.00019047601809288054 0.0050755504871567462
leaf_weight=730.46370439976454 329.89953199028969 3073.2769289091229 496.87113797664642 112.88930212333798 256.01900804042816 873.48533651605248 1087.3811186216772 503.49968529865146 1290.0487920157611 162.93410348892212 289.59058770909905 269.6485741622746 193.69737525656819 705.36781435832381 861.10423204302788 9.2782170660793764 21.666677244007587 36.090273071080446 81.0697449631989 893.19474225118756 719.23612655699253 114.38748070970178
leaf_count=3330 1514 15479 2338 606 1506 7721 5872 3288 7494 771 1599 3636 1627 4883 6142 93 277 424 927 4480 3890 557
internal_value=-0.000296568 -0.00013059 0.00167454 -0.000846101 -0.00215283 -0.00420901 -0.000504761 -0.00733181 0.000425606 0.00641723 -0.00107105 0.000412391 0.00350715 0.00533799 -0.000771681 0 0.0032068 0.0210092 -0.0127277 -0.00204763 -0.00394465 -0.00714321
internal_weight=13111.1 12781.2 3570.15 9211.05 4575.85 2577.26 1200.27 1376.99 1998.59 418.953 1579.64 4635.2 1316.82 1123.12 3318.39 417.753 327.406 57.757 90.348 2587.92 1694.73 975.492
internal_count=78454 76940 17817 59123 28857 17487 6478 11009 11370 2277 9093 30266 11867 10240 18399 5357 4337 701 1020 15069 10589 6699
is_linear=0
shrinkage=0.0239494


Tree=156
num_leaves=23
num_cat=0
split_feature=0 25 28 31 30 22 3 7 13 21 21 23 7 0 43 28 39 0 3 0 6 0
split_gain=19.9101 22.92 37.2523 20.7002 23.1834 19.2213 42.7558 23.3647 28.017 19.195 29.8562 31.1604 19.072 18.6424 17.8818 17.479 20.6226 17.4588 19.6037 18.7615 18.667 20.637
threshold=1.7545048500000002 1.7316500000000004 -0.012514999999999998 0.022185000000000003 0.085745000000000016 3.9609500000000004 0.86847671311389096 27.87147439631816 -0.021269999999999994 13.650000000000002 14.015000000000002 -36.484999999999992 25.845839302318627 0.21716196500000004 0.3478193783626749 0.0092950000000000012 0.063350000000000004 0.2948004600000001 0.50407265063143492 0.15027153000000001 -0.0048458286003449993 0.5321392250000001
decision_type=2 2 2 2 2 2 2 2 2 2 2 2 2 2 2 2 2 2 2 2 2 2
left_child=1 5 -3 12 -5 9 7 8 -7 17 11 13 -4 -11 -13 16 -8 18 19 -1 -19 -22
right_child=-2 2 3 4 -6 6 15 -9 -10 10 -12 14 -14 -15 -16 -17 -18 20 -20 -21 21 -23
leaf_value=0.0076981493041153159 0.0056520261165760571 0.0032199890224281144 -0.02061675321821901 0.0007047210406406078 -0.0097219533270392552 0.048172829347246385 -0.012259911836854301 0.0062488725160839932 5.8232652027182295e-05 0.00018043105806815396 -7.5368369833401589e-05 -0.0051603918141297856 -0.0053727027439934181 0.023873259436199924 0.010667986650937277 0.0019931204195565676 -0.00059743210571692551 -0.0039427312589414652 -0.0070136959129626468 -0.0058152563690186442 0.0073276649003802237 -0.0016060327824150404
leaf_weight=119.35067076608539 341.57866480574012 500.60566428303719 58.636389832943678 659.97245778888464 145.74640221893787 19.413291599601507 104.86490758880973 486.72000513225794 21.015963368117809 41.814884472638369 5254.0621707476676 102.34030622988939 908.83790113776922 81.042326286435127 66.22955360263586 1621.8255619332194 724.40362832695246 440.95992967486382 664.64320926740766 111.11491777002811 279.37743941321969 273.26472952961922
leaf_count=693 1511 2344 425 3390 665 155 744 3114 204 287 32060 697 5435 436 433 8579 4973 2393 5683 643 1687 1508
internal_value=-3.92687e-05 -0.000204019 -0.00238883 -0.00405467 -0.00100012 0.000259061 0.00189307 0.00810013 0.0267744 -0.000375901 0.000311017 0.00777815 -0.00644757 0.016998 0.000192135 0.000498551 -0.00224832 -0.0024701 -0.0049033 0.000549247 -0.000131112 0.00264598
internal_weight=13027.8 12686.2 2273.8 1773.19 805.719 10412.4 2978.24 527.149 40.4293 7434.2 5545.49 291.427 967.474 122.857 168.57 2451.09 829.269 1888.71 895.109 230.466 993.602 552.642
internal_count=78059 76548 12259 9915 4055 64289 17769 3473 359 46520 33913 1853 5860 723 1130 14296 5717 12607 7019 1336 5588 3195
is_linear=0
shrinkage=0.0239494


Tree=157
num_leaves=23
num_cat=0
split_feature=0 41 30 6 6 13 35 35 35 13 27 13 14 28 16 14 14 34 31 30 35 25
split_gain=27.2017 19.8528 22.2716 21.9285 28.3604 27.4312 42.6674 36.8982 20.693 40.8233 21.0066 25.6538 59.905 31.0206 18.7664 21.0964 30.2605 29.681 25.5543 25.4951 18.5448 22.1485
threshold=1.5968718000000004 -0.7554622080608534 -0.032244999999999989 -0.0041029518956327985 -0.027818542850477097 -0.091759999999999994 6.5000000000000009 21.500000000000004 7.5000000000000009 0.070980000000000001 0.014815000000000002 0.18890500000000002 0.94475000000000009 0.017755000000000003 -1.0013499999999997 0.99165000000000014 1.0000500000000001 240.50000000000003 0.0045600000000000007 0.014835000000000003 13.500000000000002 0.37485000000000007
decision_type=2 2 2 2 2 2 2 2 2 2 2 2 2 2 2 2 2 2 2 2 2 2
left_child=1 2 -1 4 -3 6 -5 -8 9 -7 11 12 -10 -14 -6 -16 17 19 -19 -17 21 -13
right_child=-2 3 -4 5 14 8 7 -9 10 -11 -12 20 13 -15 15 16 -18 18 -20 -21 -22 -23
leaf_value=0.0028110866217286533 0.0058047236766068048 0 -0.0036466399415147218 -0.0041133128365714788 -0.012678978271123544 -0.0031961690226400474 0.010542150329022011 0 -0.01072094914503726 0.0052767022814887493 0.0030943125535972545 0.0042272032521830614 -0.0026630555684530989 0.0080829019378283826 -0.0076249877931937977 -0.0036626518910679831 -0.0058169250824226604 0.045353052230351847 0 0.014664309262735251 0.0018256215728684696 -0.0074221748586736662
leaf_weight=354.94396397471428 458.3976060077548 3169.8983703441918 1567.2049647979438 233.12743248417974 155.74920843914151 440.37047979980707 584.4764945320785 284.25132980942726 476.69440644979477 1103.0378614887595 731.30569956451654 117.31196189671755 649.51369027420878 201.82941037043929 326.38112805783749 119.62804438918829 220.61895577982068 19.890105895698071 16.694330047816038 63.626425430178642 1376.84263972193 307.64821426197886
leaf_count=1618 2058 17610 8820 1177 1470 3217 2992 1414 3749 6328 3612 629 6486 1291 2521 1354 1655 199 159 390 7367 1640
internal_value=6.72753e-05 -0.000131111 -0.00237818 0.000262625 -0.00109284 0.00113765 0.00459502 0.00710005 0.000405755 0.00276457 -0.000499309 -0.00138564 -0.00392228 0 -0.00478846 -0.00299541 0.000103586 0.00670939 0.0267895 0.00190365 0.000402971 -0.00386267
internal_weight=12979.4 12521 1922.15 10598.9 4092.49 6506.41 1101.86 868.728 5404.55 1543.41 3861.15 3129.84 1328.04 851.343 922.588 766.839 440.458 219.839 36.5844 183.254 1801.8 424.96
internal_count=77756 75698 10438 65260 25358 39902 5583 4406 34319 9545 24774 21162 11526 7777 7748 6278 3757 2102 358 1744 9636 2269
is_linear=0
shrinkage=0.0239494


Tree=158
num_leaves=23
num_cat=0
split_feature=21 40 1 6 35 0 37 35 13 39 28 37 27 16 37 44 37 29 34 22 12 35
split_gain=31.1675 26.7134 36.5607 36.4639 26.504 26.1632 36.6082 26.027 25.3066 25.1525 24.5277 41.4312 63.9934 37.839 33.4034 36.111 27.0993 23.8052 23.6644 21.9507 21.3565 38.3927
threshold=25.610000000000003 1.5000000000000002 -0.31210756181580951 0.027646826171766555 12.000000000000002 0.40736224000000004 0.15885000000000002 16.500000000000004 -0.8134499999999999 0.14445000000000002 0.021255000000000007 0.45715000000000006 0.019815000000000003 0.99935000000000007 0.56145000000000012 0.0046055000000000011 -0.13114999999999996 0.019905000000000003 170.50000000000003 2.9535000000000005 0.032915000000000007 1.5000000000000002
decision_type=2 2 2 2 2 2 2 2 2 2 2 2 2 2 2 2 2 2 2 2 2 2
left_child=1 9 5 4 20 6 -3 -2 -7 -1 11 16 13 -13 15 -12 -11 -18 -10 -17 -4 -22
right_child=7 2 3 -5 -6 8 -8 -9 18 10 14 12 -14 -15 -16 19 17 -19 -20 -21 21 -23
leaf_value=0.0021633978977485266 0.020918633437824619 0.0010580851351155462 -0.0049311422687358915 0 -0.0074346200073303562 0.0043292464753951496 0.015624166324203631 0.0014136709236628646 -0.009803247568788977 -0.0010356527688576509 0.0011969770298398807 0.0027276968340087136 0.022513223720182468 -0.016543249654424618 -0.0012058212106349022 0 -0.0088919891154265809 0.00081921305690616723 0.0080520982609238092 0.018538417815862011 -0.014047285790392531 0.0048959393847756204
leaf_weight=4184.6754869893193 75.233975719660521 285.3120459318161 576.97982693836093 1868.2402987144887 1009.9090934954584 251.81526413559914 174.42310363054276 120.78052321076393 216.43032593652606 1113.0604698248208 343.20556050539017 460.56708544865251 86.607072293758392 66.780609600245953 677.51719301193953 56.415359809994698 676.46420354023576 150.31192967295647 44.073751956224442 165.87628326565027 70.196796841919422 403.37245829775929
leaf_count=24954 398 1799 4279 10445 7176 1088 1089 622 1237 6505 1604 2300 639 459 3224 294 5289 704 261 1045 387 2476
internal_value=0.000165794 1.02207e-05 -0.00137002 -0.00241879 -0.00461582 0.00271849 0.00690211 0.00964511 -0.000750681 0.000876007 -0.000504437 -0.00187852 0.00342261 1.03761e-05 0.00220116 0.00654127 -0.00363161 -0.00694981 -0.00622176 0.0141356 -0.00176704 0.00177961
internal_weight=13078.2 12882.2 4900.75 3928.7 2060.46 972.054 459.735 196.014 512.319 7981.48 3796.81 2553.79 613.955 527.348 1243.01 565.497 1939.84 826.776 260.504 222.292 1050.55 473.569
internal_count=78274 77254 30237 24763 14318 5474 2888 1020 2586 47017 22063 15896 3398 2759 6167 2943 12498 5993 1498 1339 7142 2863
is_linear=0
shrinkage=0.0239494


Tree=159
num_leaves=23
num_cat=0
split_feature=13 5 37 26 15 35 28 23 30 37 39 8 12 31 8 23 0 13 41 16 13 21
split_gain=26.2199 19.6181 31.627 56.2537 46.0809 37.5785 25.8673 26.6679 31.8524 31.6438 25.9484 24.1105 22.6554 22.8409 41.514 31.6823 35.4676 32.2472 30.5539 28.2354 54.3037 41.5487
threshold=-2.1564049999999995 7.0003068447113046 0.18945000000000004 0.94975000000000009 -0.88809999999999989 5.0000000000000009 0.022945000000000004 45.815000000000005 -0.041744999999999997 -0.68764999999999987 0.13575000000000001 0.004348695300000001 -0.24091999999999997 0.015475000000000001 1.0000000180025095e-35 57.57500000000001 0.31825636000000007 -0.14990499999999998 0.11252348274544066 0.99545000000000006 0.064845000000000014 15.090000000000002
decision_type=2 2 2 2 2 2 2 2 2 2 2 2 2 2 2 2 2 2 2 2 2 2
left_child=-1 12 3 5 -4 -3 7 8 -5 -9 -11 -8 -2 14 15 16 17 -14 -16 20 -17 -21
right_child=1 2 4 6 -6 -7 11 9 -10 10 -12 -13 13 -15 18 19 -18 -19 -20 21 -22 -23
leaf_value=0.0097304411759712786 0.0025695923242797744 -0.0065917767198431614 0.008360729077603303 0 -0.0026444587649953654 0.0027682132423461209 0 0.023408305357617391 0.032915102600221686 0.0063863990064806486 -0.0091631793532859652 0.022230563544778831 0 0 -0.0078787502270253676 0.06270029090323756 0.00088778536102086282 -0.0082336129901417112 -0.0013953373233318691 -0.005396573623645623 0.0044506807641237671 0.019128459733584596
leaf_weight=146.41216777265072 870.14346451312304 311.91796639561653 247.36942371726036 18.762647613883018 1665.2683957479894 1115.9889108836651 31.188930481672287 34.581023558974266 39.516241393983364 122.49670481681824 119.05658768117428 140.78958872333169 421.34865772351623 3597.1740682087839 1112.6943700574338 15.208551052957771 1462.3794515393674 633.19568237662315 765.67696092650294 113.08958557248116 40.378136899322271 58.151538208127022
leaf_count=617 4299 1473 1278 93 8221 5323 141 197 238 695 677 738 2690 20979 8433 160 8077 6299 5553 1350 435 469
internal_value=-0.000305907 -0.000430786 0.000983378 0.00316318 -0.00114476 0.000621302 0.0100423 0.00551082 0.0205214 0.00181388 -0.0006731 0.0180045 -0.00104537 -0.00144584 -0.00255964 -0.000620997 -0.00144277 -0.00481313 -0.00531368 0.00785371 0.0230156 0.00207909
internal_weight=13082.8 12936.4 3846.94 1934.3 1912.64 1427.91 506.392 334.413 58.2789 276.134 241.553 171.979 9089.44 8219.3 4622.12 2743.75 2516.92 1054.54 1878.37 226.828 55.5867 171.241
internal_count=78435 77818 19074 9575 9499 6796 2779 1900 331 1569 1372 879 58744 54445 33466 19480 17066 8989 13986 2414 595 1819
is_linear=0
shrinkage=0.0239494


Tree=160
num_leaves=23
num_cat=0
split_feature=28 44 30 44 14 1 37 39 12 37 37 28 16 39 29 31 5 5 34 43 8 43
split_gain=23.9622 23.1296 39.233 26.4964 39.7145 46.9529 45.3448 32.6057 32.2154 25.4817 23.2593 40.9198 28.968 25.5573 23.7461 23.3913 20.8035 20.7637 20.4898 20.1906 20.7978 30.7575
threshold=0.088350000000000012 0.16563742500000003 0.022005 0.11200015000000001 0.9990500000000001 0.080030440072962158 0.12405000000000001 0.14785000000000001 -0.052584999999999993 -0.30894999999999995 0.57915000000000016 -0.0067449999999999993 -0.98324999999999985 0.22895000000000001 0.022675000000000004 0.00038500000000000009 -3.1886727809906001 7.5705807209014901 203.50000000000003 0.62240086238256109 0.0028105676000000006 0.54798744195716675
decision_type=2 2 2 2 2 2 2 2 2 2 2 2 2 2 2 2 2 2 2 2 2 2
left_child=1 3 10 -1 17 6 8 18 -6 -7 11 -3 15 -14 19 -12 -4 -5 -8 20 21 -13
right_child=-2 2 16 4 5 9 7 -9 -10 -11 12 14 13 -15 -16 -17 -18 -19 -20 -21 -22 -23
leaf_value=2.2840214632087597e-05 0.0096086653190161648 -0.013404045873662285 0.010253324720677892 -0.005027463415594389 0.026980341219016407 0.013355354864793625 0.038094966756235513 0.0082299140236649082 -0.0021907020276656494 -0.0068353323621274595 0 -0.00050755668507162111 0.0083576285693968012 -0.014485671197619097 0.016436382399232306 0.022030723639733886 0 0.010378677898855463 0 -0.020158725371141835 -0.007574584367162321 0.026899975164611446
leaf_weight=10300.965732313693 148.94283877313137 347.44378901273012 141.49639368802309 249.20707412064075 26.03814572095871 50.674929596483707 80.128060813993216 70.285738125443459 97.782830823212862 119.36004736460745 49.876049093902111 290.96980948746204 35.383803501725197 77.947064895182848 31.921904109418392 54.303144901990891 489.8849714435637 59.339097492396832 13.606399763375519 44.343093037605286 268.00234238803387 24.894026607275009
leaf_count=57286 624 2839 1089 2231 174 303 534 422 918 1182 281 2708 232 473 144 325 2759 340 109 722 2459 296
internal_value=5.21664e-05 -4.66697e-05 -0.00253032 0.000356748 0.00465404 0.00918145 0.0150883 0.0235014 0.00276437 0 -0.00506637 -0.00663022 0.00150648 -0.00606503 -0.00284375 0.0111449 0.00215913 -0.00159126 0.0333945 -0.00405593 -0.00258282 0.00119023
internal_weight=13072.8 12923.9 1856.47 11067.4 766.422 457.876 287.841 164.02 123.821 170.035 1225.09 1007.57 217.51 113.331 660.131 104.179 631.381 308.546 93.7345 628.209 583.866 315.864
internal_count=78450 77826 14327 63499 6213 3642 2157 1065 1092 1485 10479 9168 1311 705 6329 606 3848 2571 643 6185 5463 3004
is_linear=0
shrinkage=0.0239494


Tree=161
num_leaves=23
num_cat=0
split_feature=21 33 37 31 13 37 12 1 21 37 37 0 13 1 13 37 7 45 40 21 3 13
split_gain=27.8128 23.7361 25.6646 24.5675 26.0629 58.6393 50.1194 43.76 46.5371 41.8007 38.4386 49.0712 45.8723 49.1644 36.1106 32.7846 30.979 32.3889 30.2725 29.9329 29.1828 26.4051
threshold=25.610000000000003 0.23280000000000003 0.56145000000000012 0.041320000000000003 -0.074919999999999987 -0.26494999999999996 -0.10106499999999997 0.0073612081980018009 14.915000000000001 0.53595000000000015 0.15885000000000002 0.40736224000000004 -0.24839499999999998 -0.13054087912774129 0.20676000000000003 0.57915000000000016 86.353254579767096 1.9893000000000003 1.0000000180025095e-35 12.840000000000002 0.76027253407882467 -0.57948999999999995
decision_type=2 2 2 2 2 2 2 2 2 2 2 2 2 2 2 2 2 2 2 2 2 2
left_child=1 3 -3 4 10 7 -7 -6 -9 14 12 18 -1 -14 -8 20 17 -10 -12 -20 -13 -17
right_child=-2 2 -4 -5 5 6 9 8 16 -11 11 15 13 -15 -16 21 -18 -19 19 -21 -22 -23
leaf_value=0.00070414263062240363 0.0088894492763816526 0.0032437261104132933 -0.00089413405080710005 0.0013013955277932686 -0.0065635247346821773 -0.00079629612841993803 -0.011244708122060774 -0.0021286657225584567 0 0 0 0.0023233597565770433 -0.015769397763796045 -0.0013321393887660207 -0.0011360990052348161 -0.0048444002419676339 0 0.017362690881661598 0 0.018607824407290838 -0.013489743309817772 0.01023708842122574
leaf_weight=1395.487809535116 199.71180593967438 2098.0859912261367 1380.9060358442366 2401.2244637012482 237.59774234890938 1320.8150042258203 1038.5815761126578 290.66110175102949 88.058068171143532 369.54846180230379 101.5339828170836 96.163608066737652 234.46596743538976 380.2797587364912 293.16732762753963 85.318521112203598 124.13197868317366 269.71645944193006 45.494355391710997 230.07722518220544 150.80426420271397 197.80270005017519
leaf_count=6864 1024 10789 6570 12095 1502 7197 12028 2048 427 2429 719 496 2870 2618 1875 356 947 1584 361 1508 825 1034
internal_value=1.08973e-05 -0.000115925 0.00155932 -0.000754814 -0.00148628 -0.00273643 -0.00442232 0.00216266 0.00503537 -0.00715156 0.000191546 0.00432787 -0.00160248 -0.00707612 -0.00912909 -0.000100455 0.00965939 0.0132416 0.0109399 0.0150594 -0.00674118 0.00517648
internal_weight=13029.6 12829.9 3478.99 9350.93 6949.71 4032.28 3022.11 1010.17 772.568 1701.3 2917.43 907.195 2010.23 614.746 1331.75 530.089 481.907 357.775 377.106 275.572 246.968 283.121
internal_count=78166 77142 17359 59783 47688 30037 23529 6508 5006 16332 17651 5299 12352 5488 13903 2711 2958 2011 2588 1869 1321 1390
is_linear=0
shrinkage=0.0239494


Tree=162
num_leaves=23
num_cat=0
split_feature=6 25 28 0 31 43 31 44 37 26 15 30 6 8 27 34 35 43 21 21 23 21
split_gain=26.5919 21.1287 28.2143 28.9418 25.5033 18.4056 22.0153 24.3954 13.6483 42.6545 17.9712 15.3254 14.1587 13.3207 13.0484 13.6673 12.9719 26.7677 19.0892 12.8908 41.4398 23.8532
threshold=-0.43072362741914505 1.7492500000000002 -0.012514999999999998 1.5318046500000002 0.021825000000000001 0.66662771920802621 0.040285000000000008 0.063023320000000008 0.53595000000000015 -0.30439999999999995 -0.95224999999999993 -0.0021649999999999998 0.074187453145846807 -0.014184623999999998 -0.013144999999999999 65.500000000000014 7.5000000000000009 0.36024576590464036 18.830000000000002 12.255000000000001 37.565000000000005 12.465000000000002
decision_type=2 2 2 2 2 2 2 2 2 2 2 2 2 2 2 2 2 2 2 2 2 2
left_child=-1 5 8 4 13 19 -7 -8 10 -10 11 -3 -13 14 15 -4 17 -6 -18 20 -2 -21
right_child=1 2 3 -5 16 6 7 -9 9 -11 -12 12 -14 -15 -16 -17 18 -19 -20 21 -22 -23
leaf_value=0.0078263856852550662 -0.0063096270122217912 0.0018516616432608427 0 0.0035341785711901215 0 -0.0077792981752624829 -0.00057110285709196043 0.023954324338547946 0.00043138573636245805 0.0275415513056105 0.0086090880174211435 -0.011831374168635769 0.0047433183416822761 -0.0091511311442000857 0.0034763341632922796 -0.021109242987117173 -0.0051306619035025244 0.030145530579685987 0.0084334157029320976 0.012108721212782144 0.0024803349784181397 0.00081126888788370652
leaf_weight=249.21083158254623 581.55742049589753 135.15209236741066 35.777792915701866 262.8666975274682 188.46283504366875 327.53698965162039 133.7282886505127 26.072140663862228 157.1009940803051 46.828535050153732 97.634788908064365 135.65275410562754 23.565636932849884 687.87712226435542 107.47845607250929 31.694279685616493 492.55444552004337 19.595503184944391 60.563855990767479 110.83003921806812 624.87395396083593 8494.8773196153343
leaf_count=1096 4036 632 170 1182 926 4455 714 156 666 309 419 632 104 4485 544 152 2511 116 306 768 3895 49926
internal_value=7.29819e-05 -6.67586e-05 -0.00205963 -0.00352592 -0.00475862 0.000399467 -0.00410357 0.00251657 0.00233793 0.00737291 0 -0.00323012 -0.00846097 -0.00761726 -0.00075158 -0.00965069 -0.00132636 0.00343507 -0.00338143 0.000638002 -0.0016358 0.000973736
internal_weight=13031.5 12782.3 2482.81 1886.87 1624 10299.5 487.337 159.8 595.935 203.93 392.005 294.37 159.218 862.828 174.951 67.4721 761.177 208.058 553.118 9812.14 1206.43 8605.71
internal_count=78200 77104 13154 10392 9210 63950 5325 870 2762 975 1787 1368 736 5351 866 322 3859 1042 2817 58625 7931 50694
is_linear=0
shrinkage=0.0239494


Tree=163
num_leaves=23
num_cat=0
split_feature=27 43 34 31 44 25 0 1 37 15 13 6 33 2 3 37 26 27 13 13 33 15
split_gain=24.1587 22.9637 17.9256 21.0413 27.99 17.2825 20.3212 13.8246 54.9591 31.1121 29.3499 27.3056 31.3647 23.1581 23.8374 20.565 104.257 56.9406 40.8555 51.3174 39.3303 39.0512
threshold=0.06356500000000001 0.68304328837960837 183.50000000000003 0.016775000000000002 0.05160086500000001 1.5362500000000001 1.1842500000000002 -0.25574521888966578 0.22055000000000002 -0.98554999999999993 -0.24084999999999998 -0.050111841974151194 -1.0000000180025095e-35 0.3210201429499675 0.9053205982144209 -0.26494999999999996 0.50490000000000013 -0.013144999999999999 -0.088944999999999982 0.19738000000000003 -0.05874999999999999 1.0204500000000001
decision_type=2 2 2 2 2 2 2 2 2 2 2 2 2 2 2 2 2 2 2 2 2 2
left_child=1 5 -3 -4 -5 7 -7 8 9 10 -1 -10 -13 -14 -15 16 -9 -18 -17 21 -19 -20
right_child=-2 2 3 4 -6 6 -8 15 11 -11 -12 12 13 14 -16 18 17 20 19 -21 -22 -23
leaf_value=-0.00061929893793896673 0.0069425125526210415 -0.008639443437194241 -0.0065279756722807624 0 0.034005937172835239 -0.002813742448359754 0.0015018727911234281 -0.0020605327227915127 0.0022773101243004409 0.003507467520407319 -0.011502382445211323 0.00076543138958013823 0.00086053441846717924 0.030624752892838478 0.010442549555409103 0.0033797888206541296 0.026571519125973608 -0.0047478146027628444 -0.0062140460900867722 0.00051076478471309467 0.010249644670535988 0.002404643345815442
leaf_weight=534.4911537244916 276.31481224298477 317.61397989280522 57.222865831106901 27.168154735118151 22.480922717601061 2206.5125383138657 825.02124425023794 1089.3759169392288 356.85630825906992 565.84787382185459 211.44232200458646 119.8624202311039 57.598667059093714 95.0060665756464 98.751490414142609 1095.1603187471628 106.48422099277377 119.39466386660933 1630.0924137532711 2428.6974734887481 395.1177290789783 342.64995039626956
leaf_count=2682 1153 3633 927 197 220 12431 3767 5642 1694 2729 2380 764 379 569 607 6386 777 748 13579 12452 2462 1828
internal_value=-4.80276e-05 -0.000211584 -0.00568906 0.00171277 0.0141519 -1.03233e-05 -0.00159109 0.000492132 0.00223274 -0.000593402 -0.0039 0.00752521 0.0121767 0.0170372 0.0210924 0 0.00229289 0.010165 -0.00071417 -0.001766 0.00648559 -0.00464302
internal_weight=12979.2 12702.8 424.486 106.872 49.6491 12278.4 3031.53 9246.83 2039.86 1311.78 745.933 728.075 371.219 251.356 193.758 7206.97 1710.37 620.997 5496.6 4401.44 514.512 1972.74
internal_count=78006 76853 4977 1344 417 71876 16198 55678 11804 7791 5062 4013 2319 1555 1176 43874 9629 3987 34245 27859 3210 15407
is_linear=0
shrinkage=0.0239494


Tree=164
num_leaves=23
num_cat=0
split_feature=39 22 44 43 37 18 27 37 7 28 37 1 31 7 28 37 5 28 8 37 35 27
split_gain=26.2779 38.3109 46.2365 24.1697 21.3976 69.0567 35.094 23.9507 58.3462 38.8142 39.5832 36.2696 25.5728 23.0848 22.3994 21.5839 20.6097 30.7003 36.9088 27.8513 20.3067 26.7092
threshold=0.14665000000000003 3.9998000000000005 0.13952395000000004 0.58276781406639766 -0.57659999999999989 1.01495 0.024045 0.28865000000000007 30.09754794835224 0.024235000000000003 -0.03404999999999999 -0.0014483817062175498 0.075325000000000017 28.475344634012036 0.016395000000000003 0.30585000000000007 2.2425724267959599 -0.0065849999999999997 0.0011577606500000001 0.5706500000000001 2.5000000000000004 -0.0049949999999999986
decision_type=2 2 2 2 2 2 2 2 2 2 2 2 2 2 2 2 2 2 2 2 2 2
left_child=1 3 -3 -1 5 -2 7 8 -6 12 -11 16 -10 15 -7 -8 17 -9 19 -19 21 -5
right_child=4 2 -4 20 6 14 13 11 9 10 -12 -13 -14 -15 -16 -17 -18 18 -20 -21 -22 -23
leaf_value=0.00075302941531353411 -0.00124755082768047 0.0042548538705035393 0.037651659816826485 0.024935593262536696 -0.016359200614476526 0.0058841365062502196 0.0019061876405843266 0.00042305459496350481 -0.0056407044737050308 0.019579887430493541 -0.00029866627610194258 -0.0042430125650648074 0.005299642404627632 0.00070243276730705157 0.024494208773705103 0.024533380236117959 -0.002062876144365356 0.028055035404698111 0 0.0036732428637243088 -0.0058367571450938923 -0.0019143546798391592
leaf_weight=5191.4409315362573 689.4701876975596 998.49291167780757 25.77832967787981 29.676792394369841 223.46698370203376 114.52490792423487 76.907174311578274 557.27658147364855 1323.808922637254 78.399755820631981 165.20695669949055 1123.2585966587067 121.33439216017723 681.68813195079565 85.927576161921024 51.246599059551954 509.42968096956611 84.713972665369511 128.19204245880246 62.101757161319256 571.21242934092879 47.101893279701471
leaf_count=29955 3297 5706 190 267 2072 537 361 2753 10288 401 759 6191 598 3047 893 478 2690 503 784 324 5351 472
internal_value=-4.35596e-05 0.000960158 0.00523797 0.000184795 -0.00120125 0.00215578 -0.00180536 -0.00266959 -0.00470355 -0.00307471 0.0054994 -0.00103249 -0.0046211 0.00268544 0.0145903 0.0120941 0.00154646 0.00393114 0.0105089 0.0187365 -0.0041423 0.00656192
internal_weight=12940.7 6863.7 1024.27 5839.43 6076.95 889.923 5187.03 4377.19 1912.22 1688.75 243.607 2464.97 1445.14 809.842 200.452 128.154 1341.71 832.284 275.008 146.816 647.991 76.7787
internal_count=77917 41941 5896 36045 35976 4727 31249 27363 14118 12046 1160 13245 10886 3886 1430 839 7054 4364 1611 827 6090 739
is_linear=0
shrinkage=0.0239494


Tree=165
num_leaves=23
num_cat=0
split_feature=33 28 37 16 1 22 37 2 0 37 27 28 13 2 13 30 16 5 12 37 44 28
split_gain=19.0923 20.8676 24.1439 65.4773 57.431 39.1028 63.4202 31.6473 28.8233 28.3107 90.763 54.1512 47.4502 38.1542 27.7027 25.4029 24.4608 24.0449 23.2809 40.1386 38.3154 28.5155
threshold=0.13535000000000003 0.052355000000000006 -0.38284999999999997 1.0154500000000002 0.093042460420563411 1.84365 -0.30064999999999992 0.82617907148120862 0.19635880000000003 0.38555000000000006 0.017645000000000004 -0.0067449999999999993 -0.056949999999999994 0.41530208921513273 0.34955000000000008 -0.0037949999999999993 1.0092500000000004 2.6142574548721318 0.053495000000000008 0.12945000000000004 0.074303570000000027 -0.0042049999999999995
decision_type=2 2 2 2 2 2 2 2 2 2 2 2 2 2 2 2 2 2 2 2 2 2
left_child=1 2 3 -1 9 -6 7 8 16 11 -11 12 17 -12 -8 -15 -7 -4 21 -20 -21 -13
right_child=-2 -3 4 -5 5 6 14 -9 -10 10 13 18 -14 15 -16 -17 -18 -19 19 20 -22 -23
leaf_value=-0.0010916229612766427 0.001220484555497789 0.0055584964078762107 -0.0057338657144407751 0.0095014645370898876 -0.00016596633315547728 0 -0.011927607166269952 0.028048211106786 -0.0087491633914170558 -0.00012301217169758349 -0.000305862031108845 -0.009448589497423757 -0.015963464653656639 0 -0.004081041051381659 0.022310758293771413 0.048861823835509535 0.0010878345781172652 0.0023937874017816523 0.0019525380028785617 0.040697696603704078 0.0010079739651616135
leaf_weight=1311.6253720261157 4227.7991520725191 285.46522182226181 735.41617034003139 442.1543595418334 710.10702181980014 12.841738786548378 755.82327216491103 35.221190862357616 55.320675544440746 1279.8793141469359 57.346976511180401 172.47945386916399 200.9534021243453 28.100066214799881 497.87105890363455 197.01239972189069 11.026536904275416 444.08012361079454 403.65259770676494 39.877533946186304 35.400526847690344 1071.3195695616305
leaf_count=7069 21344 1307 5107 2737 3854 125 7885 182 417 7177 301 2063 1716 118 2516 1359 93 2426 2519 278 321 7305
internal_value=-8.89382e-05 -0.000735873 -0.000964512 0.00149579 -0.001626 -0.00493945 -0.00731035 0.0091397 0 -0.000118748 0.00247604 -0.00147219 -0.00502852 0.0147698 -0.00892804 0.019259 0.0226982 -0.00304169 0.00129278 0.00579822 0.0221131 -0.000324647
internal_weight=13010.8 8782.97 8497.51 1753.78 6743.73 2078.21 1368.1 114.41 79.189 4665.52 1562.34 3103.18 1380.45 282.459 1253.69 225.112 23.8683 1179.5 1722.73 478.931 75.2781 1243.8
internal_count=78219 56875 55568 9806 45762 15072 11218 817 635 30690 8955 21735 9249 1778 10401 1477 218 7533 12486 3118 599 9368
is_linear=0
shrinkage=0.0239494


Tree=166
num_leaves=23
num_cat=0
split_feature=8 21 31 23 7 37 16 41 14 2 0 7 37 2 15 13 39 4 1 0 7 0
split_gain=26.2748 21.2475 24.2082 27.982 21.13 41.676 41.9867 26.87 22.6812 23.8039 19.3543 18.8167 71.2508 55.8379 54.524 34.6003 35.6806 32.5267 28.9691 26.7548 23.3413 22.7776
threshold=-0.10754304999999999 25.610000000000003 -0.025579999999999995 -33.744999999999997 64.825378227976728 -0.57659999999999989 1.0184500000000003 -0.089781710420218444 0.82075000000000009 0.26884113329126119 0.35698640500000006 36.588185047119588 0.30585000000000007 0.53536359425660041 -0.98334999999999984 -0.010414999999999999 0.15945000000000001 3.5000000000000004 -0.082882554306018985 0.72291643000000005 31.559979854856554 0.31309375000000006
decision_type=2 2 2 2 2 2 2 2 2 2 2 2 2 2 2 2 2 2 2 2 2 2
left_child=-1 4 -3 -4 11 6 -6 -7 -8 -10 -5 12 14 21 18 16 20 -18 -2 -17 -15 -14
right_child=1 2 3 10 5 7 8 -9 9 -11 -12 -13 13 15 -16 19 17 -19 -20 -21 -22 -23
leaf_value=0.0089996255866026057 -0.016106593215746777 -4.3140825902614321e-05 0 0.043737971690511419 -0.0010276809568192673 -0.0059703713171259908 -1.5015464112546357e-06 -0.0010322293035818103 0 0.026751435670854008 0.011051757162883275 0.00089985846803622676 -0.010644813659140663 0.037799482353248773 -0.0012184102879668529 -0.0089748738857831183 0.014111670334971564 -0.011649271726864878 -0.0025309308260957997 0.015172220704072552 0 0.0015146629823625218
leaf_weight=184.28820499777794 307.91971872374415 91.354324638843536 34.823343448340893 24.192164201289415 150.13164714723825 1022.905319839716 21.032588429749012 1903.4819109253585 21.664465595036745 88.475641041994095 52.001263197511435 7331.6271713711321 119.48977502435446 59.569684654474258 827.20020923390985 70.029613122344017 133.08396465703845 29.514726489782333 167.18849291279912 42.158742755651474 18.040757238864899 291.07965298369527
leaf_count=777 2927 441 173 157 925 6197 96 14196 124 856 271 40139 906 341 4997 451 896 195 1229 280 100 1596
internal_value=1.11987e-05 -0.00010674 0.00757012 0.0151504 -0.000241581 -0.00192648 0.00672728 -0.00280824 0.0167164 0.0212347 0.0233469 0.000318028 -0.00167673 0.0040286 -0.00513138 0.0110805 0.0162092 0.00853741 -0.0116368 0 0.0304003 -0.00166848
internal_weight=12991.3 12807 202.371 111.017 12604.6 3207.69 281.304 2926.39 131.173 110.14 76.1934 9396.9 2065.28 762.967 1302.31 352.397 240.209 162.599 475.108 112.188 77.6104 410.569
internal_count=78270 77493 1042 601 76451 22394 2001 20393 1076 980 428 54057 13918 4765 9153 2263 1532 1091 4156 731 441 2502
is_linear=0
shrinkage=0.0239494


Tree=167
num_leaves=23
num_cat=0
split_feature=21 24 35 31 22 28 31 30 15 5 5 37 15 28 28 14 24 24 21 37 26 41
split_gain=21.0183 32.5663 27.1744 25.7319 26.7222 20.9986 26.7906 18.0752 28.5862 19.4432 27.9668 19.2712 49.7945 36.2024 27.1204 19.39 23.1351 18.2577 22.9511 22.2162 28.9977 27.5543
threshold=12.255000000000001 -0.051384999999999993 6.5000000000000009 0.075325000000000017 1.6661000000000001 0.019225000000000003 -0.016264999999999998 -0.10767499999999998 0.98435000000000017 7.38586449623108 113.65468597412111 0.48305000000000003 0.97365000000000013 0.031685000000000012 0.056135000000000011 1.0074500000000002 0.11812000000000002 -0.28170499999999993 16.915000000000003 -0.52374999999999994 0.89580000000000015 -0.58367118627188252
decision_type=2 2 2 2 2 2 2 2 2 2 2 2 2 2 2 2 2 2 2 2 2 2
left_child=1 2 5 4 -3 6 -1 8 -2 17 11 13 -13 -11 -14 -15 -17 18 -9 20 -19 -22
right_child=7 3 -4 -5 -6 -7 -8 9 -10 10 -12 12 14 15 -16 16 -18 19 -20 -21 21 -23
leaf_value=0 0.0027762822060171085 0.00047625335502293417 -0.00040737160053990563 0.0023893441329333812 -0.0086233086025615559 0.00073725861469303938 0.03362301148485141 -0.00028495955725298062 0.024161435229768255 0.0024273984334397649 -0.0074403603159026842 0.012787561295247142 -0.0051148354100046351 0.0032953322555994125 0.0044421164006148177 0.024930733483295588 0 3.4153024077751786e-05 0.0091316820668415535 -0.001290107082487156 -0.0027052542430541127 0.014689078021560966
leaf_weight=16.927625738084316 404.63734691590071 208.30731438845396 357.84639796242118 209.2421161159873 730.44276828691363 66.932422935962677 40.739539206027985 295.58712849020958 43.217420488595963 1814.6778247095644 170.49950228631496 141.10470179468393 643.15524201840162 108.98136430978775 216.40208429098129 98.634167611598969 35.45469506084919 732.76159052550793 250.54928521811962 6205.1105281952769 55.540497098118067 178.24318847805262
leaf_count=120 1747 1173 2151 1020 5800 315 222 1498 201 9091 769 746 3267 495 953 476 145 3559 1206 41770 401 1301
internal_value=5.98104e-05 -0.00247027 0.00255767 -0.00471049 -0.00644857 0.0122452 0.0230695 0.000434655 0.00516604 0.000227742 0.00179675 0.00235945 -0.000231729 0.00369049 -0.00253888 0.0125194 0.0189272 -0.000409767 0.00376769 -0.000748252 0.0025793 0.00993201
internal_weight=13025 1630.44 482.446 1147.99 938.75 124.6 57.6672 11394.6 447.855 10946.7 3228.91 3058.41 1000.66 2057.75 859.557 243.07 134.089 7717.79 546.136 7171.66 966.545 233.784
internal_count=78426 10801 2808 7993 6973 657 342 67625 1948 65677 15942 15173 4966 10207 4220 1116 621 49735 2704 47031 5261 1702
is_linear=0
shrinkage=0.0239494


Tree=168
num_leaves=23
num_cat=0
split_feature=13 21 8 25 8 34 39 43 43 28 3 35 23 44 31 30 1 1 33 35 40 13
split_gain=22.753 14.6723 24.4224 26.6316 19.1353 20.5139 21.0596 17.0163 15.3507 37.5927 18.9507 34.8985 38.2074 23.027 15.3201 18.1447 14.3627 14.0335 13.6971 13.655 13.5031 15.6197
threshold=-2.1564049999999995 16.810000000000006 -0.065955341999999986 1.4935500000000002 0.011197477750000002 120.50000000000001 0.094150000000000025 0.20554035946730656 0.63394171511157171 0.021505000000000003 0.8605818725493608 10.500000000000002 -82.434999999999988 0.023857770000000007 0.022185000000000003 -0.0061849999999999987 0.525860385647546 0.14153366473510762 -0.15984999999999996 6.5000000000000009 1.0000000180025095e-35 -0.085009999999999988
decision_type=2 2 2 2 2 2 2 2 2 2 2 2 2 2 2 2 2 2 2 2 2 2
left_child=-1 2 -2 8 20 6 -6 -7 -4 10 11 13 -13 -10 15 -5 -12 18 -9 -20 21 -3
right_child=1 4 3 14 5 7 -8 17 9 -11 16 12 -14 -15 -16 -17 -18 -19 19 -21 -22 -23
leaf_value=0.0095335993442058169 0.005199087968750158 -0.0066235795450107059 0.00026179699145896187 -0.00099517693818182125 0.011656845710340185 0.0048561673341474144 0.002952323090041484 0.0018956582307057992 0 0.0063997211469227263 -0.016187674736330489 0.018878705317008783 -0.017049340415521773 0.026847638534642188 -0.00074540800836303534 -0.0073115576273152681 0 0.0092243461054935215 0 -0.011848529071076513 0.00178014967093901 0
leaf_weight=143.79206259548664 404.42980600893497 319.10494016855955 6497.0192552395165 498.02651835605502 260.4854938685894 231.73322727531195 596.69566949829459 72.313962705433369 32.549772668629885 127.72813170403242 165.34059089981019 17.082042220979929 95.75756886228919 30.093126844614744 1057.3418942913413 730.08431176282465 19.932243477553129 35.195938467979431 47.027852915227413 176.49724265187979 882.22561486065388 571.87819879502058
leaf_count=603 1774 2009 40113 2553 1245 1102 2959 366 288 643 2243 290 1084 404 5355 4902 184 173 226 908 5365 3613
internal_value=5.48377e-05 -3.97295e-05 -0.000515285 -0.000780318 0.00135549 0.00343466 0.00576788 0 -2.49585e-05 -0.00413787 -0.00827359 -0.00164702 -0.0103162 0.0116375 -0.00302518 -0.00486904 -0.0137617 -0.0036021 -0.00562172 -0.00870703 -0.000227111 -0.00237855
internal_weight=13012.3 12868.5 9675.39 9270.96 3193.16 1419.95 857.181 562.768 6985.5 488.483 360.755 175.483 112.84 62.6429 2285.45 1228.11 185.273 331.035 295.839 223.525 1773.21 890.983
internal_count=78402 77799 59833 58059 17966 6979 4204 2775 45249 5136 4493 2066 1374 692 12810 7455 2427 1673 1500 1134 10987 5622
is_linear=0
shrinkage=0.0239494


Tree=169
num_leaves=23
num_cat=0
split_feature=15 5 13 37 27 12 1 13 12 35 35 43 27 4 8 29 33 18 37 27 35 21
split_gain=15.9353 16.3719 31.8758 40.4628 70.8151 42.4436 47.1094 59.0668 46.3249 35.4777 47.3761 32.8893 48.2772 30.4325 29.8958 29.8248 27.595 27.4817 24.896 25.242 24.5604 27.0323
threshold=-1.0869499999999996 7.0003068447113046 0.11316000000000002 0.22055000000000002 0.0071850000000000013 0.17616000000000001 0.47581331513392117 -0.25616499999999992 -0.041319999999999989 7.5000000000000009 21.500000000000004 0.44306492911294315 -0.007924999999999998 4.5000000000000009 0.0020416081500000001 0.0045750000000000009 0.040850000000000004 0.97785000000000011 0.96900000000000008 0.040855000000000009 1.0000000180025095e-35 12.345000000000001
decision_type=2 2 2 2 2 2 2 2 2 2 2 2 2 2 2 2 2 2 2 2 2 2
left_child=-1 2 3 5 17 6 7 -2 14 -4 13 -8 -13 -11 -9 20 -12 -5 -3 -20 -6 -22
right_child=1 18 9 4 15 -7 11 8 -10 10 16 12 -14 -15 -16 -17 -18 -19 19 -21 21 -23
leaf_value=0.0072384818324489715 -0.00035030767658590997 0.0023307394034352514 0.0053962870115906222 -0.00094083187394782789 -0.00986906571096627 0.002312080288759173 0 0.0016329531973338111 -0.010676380760581859 -0.0036923574651196284 0.0081535033840203584 0.00095737722266196995 0.076423263156397553 0.0087513138243871177 -0.0088987070150617371 -0.00071723236416742966 0 -0.010797850004347848 -0.0054654350656104566 0.0069188334506398511 -0.0021322074026401999 0.010788547907828209
leaf_weight=187.56528522074223 1095.9829096719623 3260.7116614766419 934.38457794860005 691.72857303917408 34.361599363386631 648.28020331263542 30.130143526941538 388.5544018484652 1076.6717492248863 1424.5449966434389 483.16263207793236 16.934134561568502 10.659878853708504 116.42010711878538 240.61872257106006 278.85274576768279 442.66694746538997 230.15816556289792 480.64573163539171 108.58236433565617 87.395712375640869 639.76935812085867
leaf_count=787 5508 16334 5097 3771 205 3150 269 2997 11809 8569 2965 141 121 655 2046 1669 2364 2126 2321 463 619 3923
internal_value=0.000288759 0.000174811 -0.000378114 -0.00152308 0.00117747 -0.00307539 -0.00434784 -0.00482958 -0.00762184 0.00142039 -2.64148e-05 0.0165047 0.0354042 -0.00265746 -0.00216264 0.00551588 0.00419501 -0.00356015 0.00148683 -0.00293543 0.00799006 0.00903481
internal_weight=12908.8 12721.2 8871.28 5470.1 1962.27 3507.83 2859.55 2801.83 1705.84 3401.18 2466.79 57.7242 27.594 1540.97 629.173 1040.38 925.83 921.887 3849.94 589.228 761.527 727.165
internal_count=77909 77122 58004 38354 12313 26041 22891 22360 16852 19650 14553 531 262 9224 5043 6416 5329 5897 19118 2784 4747 4542
is_linear=0
shrinkage=0.0239494


Tree=170
num_leaves=23
num_cat=0
split_feature=6 28 37 22 37 12 45 28 44 44 28 37 8 37 13 13 28 5 6 7 35 21
split_gain=23.8411 24.1649 71.3798 36.0904 27.6604 53.0275 42.9878 28.6814 27.0808 26.754 34.3722 31.9451 25.6689 36.1395 24.8442 22.8501 21.02 22.0953 20.1554 19.3757 19.6947 19.3329
threshold=-0.4739641081012394 0.021505000000000003 0.43735000000000007 2.9999500000000006 0.59855000000000014 0.013565000000000002 2.0117000000000007 -0.010624999999999997 0.32245000000000007 0.16240375000000004 0.010535000000000001 0.28865000000000007 0.00024151802000000003 -0.29394999999999993 1.9525950000000003 0.16207500000000002 0.088350000000000012 8.9908885955810565 0.060883102445773711 78.350077682816575 23.500000000000004 13.530000000000001
decision_type=2 2 2 2 2 2 2 2 2 2 2 2 2 2 2 2 2 2 2 2 2 2
left_child=-1 4 3 -3 9 -6 7 -7 -9 -2 11 15 13 18 16 -11 17 -4 -12 20 -5 -19
right_child=1 2 14 19 5 6 -8 8 -10 10 12 -13 -14 -15 -16 -17 -18 21 -20 -21 -22 -23
leaf_value=0.0082085264980762962 -0.00089538911549937267 0.0015136549387705239 -0.00039987813633523249 0.0046741701661721039 -0.0049489153494357511 0.016563427251182747 0 0.0076281713467255914 -0.017844924422628253 -0.01279452194675996 0.01865624437007618 -0.00086442265826890759 -0.0047243288805492549 -0.0048529735401055731 0.010704386905362757 0.0075235197515343254 0.0077346005856503064 2.3301785096874108e-05 -0.0030400840052417417 0.01908393689296493 0.016888194001396007 -0.0078956109459269452
leaf_weight=188.43273697793484 6829.0444141160697 785.83445604890585 1102.6401847451925 498.24489280954003 349.55787235125899 251.39293992891908 331.08158988505602 132.42648312076926 27.356109596788883 475.35209142789245 113.29822701588273 286.13544538244605 249.44862535968423 78.851470898836851 87.750197291374207 24.732583716511726 109.9974017739296 198.07547606527805 17.457609176635742 114.01655812188983 108.94613661244512 609.90495432913303
leaf_count=825 42864 3752 5507 2371 2043 1525 1466 719 149 5140 647 1927 1832 832 402 195 461 966 106 890 531 2957
internal_value=-0.000216789 -0.000352426 0.00128797 0.00529002 -0.00101538 0.00251256 0.0062232 0.0113964 0.00235293 -0.00151052 -0.0047666 -0.00781355 0.000133757 0.00661195 -0.00150339 -0.0114976 -0.00210582 -0.00274878 0.0146426 0.0092023 0.00710622 -0.00577356
internal_weight=12970 12781.5 3615.41 1507.04 9166.14 1091.81 742.257 411.176 159.783 8074.32 1245.28 786.22 459.056 209.607 2108.37 500.085 2020.62 1910.62 130.756 721.208 607.191 807.98
internal_count=78107 77282 17837 7544 59445 5902 3859 2393 868 53543 10679 7262 3417 1585 10293 5335 9891 9430 753 3792 2902 3923
is_linear=0
shrinkage=0.0239494


Tree=171
num_leaves=23
num_cat=0
split_feature=29 37 16 30 6 28 12 14 29 33 37 26 31 42 37 27 8 33 3 14 7 28
split_gain=17.3463 27.3957 44.27 23.8056 37.0837 28.8417 36.9922 24.2359 25.7826 26.2853 24.0902 25.7122 21.7624 21.6871 21.5495 33.9717 25.1623 24.5047 29.8453 35.995 28.2408 21.2133
threshold=0.0075350000000000009 0.86765000000000014 -0.93544999999999989 0.0073950000000000014 -0.036888801363087288 0.018745000000000001 0.12988500000000003 0.81615000000000015 0.036065000000000007 0.54935000000000012 -0.51224999999999987 -1.0000000180025095e-35 0.034815000000000006 0.059265971500000007 0.69000000000000006 0.014815000000000002 -0.005401134499999999 -1.0000000180025095e-35 0.36220356422025696 0.9990500000000001 29.54462549376046 0.088350000000000012
decision_type=2 2 2 2 2 2 2 2 2 2 2 2 2 2 2 2 2 2 2 2 2 2
left_child=14 3 -3 4 -2 6 12 -6 9 -9 -8 -12 -5 -7 17 -16 -17 20 -19 -20 -1 -4
right_child=1 2 21 5 7 13 10 8 -10 -11 11 -13 -14 -15 15 16 -18 18 19 -21 -22 -23
leaf_value=-0.01120622278636413 -0.00017912404857510017 0.017633573086147797 -0.0052354843946778966 -0.005851477637973424 0.0028549930844936917 0.0052543935484981154 -0.0030016293206408186 0.017074362002191652 0 0.0017121111288706597 -0.0047768260912710659 0.0088523033875371991 0.00014884992782932614 -0.00079378179483027486 0.0001851685670226319 0 0.019293281882140086 0.010061494383871519 -0.0039574985130930978 0.0013631538285174068 -0.0023176495077122626 0.0056176847741917649
leaf_weight=238.76874478533864 698.08772944286466 55.820335060358047 884.48198833316565 907.68237935565412 532.73505828157067 920.27203965932131 226.76492131501436 295.96107783541083 87.616417154669762 109.80935611948371 84.282495960593224 395.55209755897522 486.24769738689065 479.03600706905127 732.33852241188288 44.042385146021843 106.06504732370377 158.57024968788028 1158.0559607651085 1924.3391453139484 2347.7307227831334 104.34816122055054
leaf_count=1942 3387 299 4266 5599 2730 4591 1004 1658 407 562 381 1831 2535 2252 3625 196 671 984 9058 14994 14840 431
internal_value=-5.44861e-05 0.000839306 -0.00264978 0.00156497 0.00387826 0.000383596 -0.00134282 0.00678088 0.0107239 0.0132769 0.00300907 0.00615401 -0.00365361 0.00307951 -0.000911271 0.00251654 0.0129178 -0.0014554 -2.23089e-05 -0.000588439 -0.00319465 -0.00394249
internal_weight=12978.6 6268.7 1044.65 5224.05 1724.21 3499.84 2100.53 1026.12 493.387 405.77 706.6 479.835 1393.93 1399.31 6709.91 882.446 150.107 5827.46 3240.97 3082.4 2586.5 988.83
internal_count=78243 31933 4996 26937 8744 18193 11350 5357 2627 2220 3216 2212 8134 6843 46310 4492 867 41818 25036 24052 16782 4697
is_linear=0
shrinkage=0.0239494


Tree=172
num_leaves=23
num_cat=0
split_feature=6 1 37 26 13 8 37 31 21 29 7 27 36 23 30 13 43 27 31 27 8 26
split_gain=17.7164 29.7438 24.7259 33.156 38 28.0865 22.1579 33.355 26.4974 21.8639 20.8396 27.6746 18.6745 28.2955 38.9108 26.108 23.542 22.8867 27.0012 18.0219 17.8806 17.6861
threshold=-0.0020832460574061996 -0.017968206780435047 -0.16144999999999995 0.96415000000000017 -0.24084999999999998 0.0022333860500000006 -0.24984999999999999 -0.018355 15.010000000000002 -0.046264999999999994 19.152803535035741 0.018305000000000005 0.6624000000000001 -33.744999999999997 0.0080350000000000022 -0.18098499999999998 0.13847939406707349 0.010725000000000002 -0.024694999999999998 -0.0040249999999999991 0.007323384300000001 0.67920000000000014
decision_type=2 2 2 2 2 2 2 2 2 2 2 2 2 2 2 2 2 2 2 2 2 2
left_child=1 2 3 4 -1 -5 8 19 20 -2 11 -4 -12 15 -15 -14 -16 -17 -19 -8 -3 -10
right_child=9 6 10 5 -6 -7 7 -9 21 -11 12 -13 13 14 16 17 -18 18 -20 -21 -22 -23
leaf_value=-0.0017230946570259047 0.0066754141219906487 6.1541476772898179e-05 -0.01473664911211597 0.0314783178141416 -0.012020051235798312 0 -0.0073616144098106401 -0.012709074853637712 0 0.00024291911666895745 0.00015278105715339432 0.0083785276242449806 0.0083990039430677475 0 0.001440615671795294 -0.010786787287873306 0.027675393111797005 0.025734395305912119 -0.00074776884993669524 0.0050050635788582189 -0.013557289645901385 0.018617049660808935
leaf_weight=1169.5507842712104 319.73702557384968 111.99633764103055 102.61203841492534 27.915228340774775 264.45393801480532 38.649426873773336 134.36182978749275 349.82091169431806 36.389293864369392 7527.2418441493064 1832.5635369308293 33.102109108120203 191.93655106425285 74.940161112695932 41.186889182776213 124.88648731634021 87.973169289529324 24.645801737904549 137.90039426833391 128.14952650293708 80.956278782337904 59.774648658931255
leaf_count=5537 1401 682 874 179 2242 231 953 3251 188 45724 9177 234 1303 626 256 1783 519 199 1055 702 500 339
internal_value=-0.000175438 -0.00128978 -0.000395518 -0.00287698 -0.00372387 0.0131736 -0.00524699 -0.00782848 0 0.000523632 0.000953617 -0.00802255 0.00149583 0.00488324 0.0124519 0.00135607 0.0204403 -0.00283887 0.00236923 -0.000768304 -0.00489564 0.0104858
internal_weight=12900.7 5053.77 4152.32 1500.57 1434 66.5647 901.449 612.332 289.117 7846.98 2651.75 135.714 2516.03 683.469 204.1 479.369 129.16 287.433 162.546 262.511 192.953 96.1639
internal_count=77955 30830 24215 8189 7779 410 6615 4906 1709 47125 16026 1108 14918 5741 1401 4340 775 3037 1254 1655 1182 527
is_linear=0
shrinkage=0.0239494


Tree=173
num_leaves=23
num_cat=0
split_feature=13 39 37 15 28 37 13 27 27 44 8 30 34 1 37 27 1 15 37 13 28 1
split_gain=20.6652 17.4743 20.6684 61.2557 44.9553 64.7196 69.8855 51.5203 42.8704 34.45 25.2065 24.8518 20.6311 20.4206 57.9233 30.3833 43.0694 25.6582 20.3691 33.1242 31.1456 30.8341
threshold=0.7416950000000001 0.14445000000000002 0.49605000000000005 0.99085000000000012 0.017295000000000001 -0.19334999999999997 0.045265000000000007 -0.0033149999999999998 0.019815000000000003 0.27975000000000005 -0.0042671859499999994 -0.030994999999999998 144.50000000000003 -0.31210756181580951 0.22055000000000002 0.010285000000000001 -0.33997837812797871 -0.98664999999999992 0.22055000000000002 -0.088944999999999982 0.019935000000000005 -0.14448207140346389
decision_type=2 2 2 2 2 2 2 2 2 2 2 2 2 2 2 2 2 2 2 2 2 2
left_child=1 13 4 8 9 6 -6 11 -4 -3 -10 -7 -5 14 17 16 -16 -1 -15 21 -21 -20
right_child=-2 2 3 12 5 7 -8 -9 10 -11 -12 -13 -14 18 15 -17 -18 -19 19 20 -22 -23
leaf_value=-0.0030981644049720481 0.002958628631430336 -0.0027925000322170652 0.0028987577153789974 -0.0061787866853785156 -0.00044738913047324573 0.0034078027579473522 0.019154268835523743 0.0067621045701948832 0 -0.011820251533529441 0.023177821778026395 -0.011238158867745394 0.0011444198768363529 0.0011884947094139382 0 0.019638790260095421 0.033862080093594281 0.0045957787291263747 -0.0047759942319105424 -0.0075027900227112145 -0.00043867787153779484 0.01150709106560719
leaf_weight=549.11913938820362 1325.2647303193808 2480.7164205592126 794.38023653998971 589.41399129107594 179.02382060885429 67.123703062534332 210.54454087838531 195.42632806301117 26.221391558647156 285.3166413102299 107.55269936099648 304.95788671076298 305.13085778802633 2895.2865055128932 158.62272559851408 161.05334916710854 24.158360302448273 449.49269256368279 90.892902620136738 641.54896743223071 919.1211831048131 179.60701986029744
leaf_count=3731 6260 16636 3853 3078 775 312 1613 1012 113 2228 894 1668 1566 19374 909 860 147 2117 544 4681 4675 937
internal_value=0.000118326 -0.000193185 -0.0011747 0.000857753 -0.00220893 0.00216892 0.0097716 -0.00279266 0.00523199 -0.00377651 0.0179955 -0.00820354 -0.00351758 0.000679664 0.00328786 0.0117768 0.00405028 0.000218776 -3.02388e-05 -0.00203694 -0.00343612 0.00549581
internal_weight=12940 11614.7 5545.81 1822.7 3723.11 957.076 389.568 567.508 928.154 2766.03 133.774 372.082 894.545 6068.9 1342.45 343.834 182.781 998.612 4726.46 1831.17 1560.67 270.5
internal_count=77983 71723 33748 9504 24244 5380 2388 2992 4860 18864 1007 1980 4644 37975 7764 1916 1056 5848 30211 10837 9356 1481
is_linear=0
shrinkage=0.0239494


Tree=174
num_leaves=23
num_cat=0
split_feature=21 43 28 37 27 5 45 0 25 45 37 42 28 28 37 35 3 3 2 42 1 31
split_gain=24.0313 21.0233 17.3379 17.8003 33.5108 17.0816 18.9007 16.1361 24.8938 20.1034 22.1433 30.1883 19.548 19.2333 54.7376 16.7172 15.9054 26.085 21.6821 18.0161 16.8665 15.4555
threshold=16.810000000000006 0.37033506467692962 -0.0096049999999999972 0.51195000000000013 0.016985000000000004 96.395225524902358 1.8671000000000002 1.5968718000000004 1.50885 1.9693000000000003 -0.094449999999999992 -1.0000000180025095e-35 -0.012514999999999998 0.021035000000000002 0.37355000000000005 1.5000000000000002 0.64178671082932104 0.8052063172257361 0.055445761967501055 0.00091838836500000018 -0.034782149212792247 -0.044854999999999992
decision_type=2 2 2 2 2 2 2 2 2 2 2 2 2 2 2 2 2 2 2 2 2 2
left_child=5 2 3 21 -5 7 -7 8 9 10 -1 -12 -10 -11 -15 -14 19 -18 -19 -3 -21 -2
right_child=1 16 -4 4 -6 6 -8 -9 12 13 11 -13 15 14 -16 -17 17 18 -20 20 -22 -23
leaf_value=-5.9510034280290315e-05 0.0040373658747177481 0 0.0044032479828569433 -0.00014364208337353182 0.021385293149877905 0.010010462501982138 -0.010102022347854176 0.0051921190924744433 0.0015393884526828507 -0.001465137086853748 0 0.0090384412038363622 0.0034861172296898322 0.0086974315329350505 -0.0012671456131844992 -0.004823752026406219 -0.012441725185224671 -0.013982642269732457 0.00096725805761899901 0.02975242881981879 0 -0.0057767014603199718
leaf_weight=907.05579727515578 111.33893752098083 186.99990439414978 1667.926723651588 109.86095061898232 56.331856146454811 24.025962054729462 192.51275720447302 288.13776909559965 413.72105031087995 3967.9749171677977 345.23590250313282 487.20892230048776 132.15279295295477 451.33512379974127 999.73490162938833 1504.1168887410313 136.11512139439583 61.745149683207273 496.59518452733755 26.995060306042433 29.803756557404995 321.37146205455065
leaf_count=4370 508 1056 8954 475 367 102 898 1290 2002 29782 1836 2692 733 2409 4947 8881 985 399 3222 155 175 1732
internal_value=7.12914e-05 0.00187934 0.00314371 -0.000120231 0.00627505 -0.00051028 -0.00719601 -0.000342457 -0.000531495 0.000115319 0.00237225 0.00519738 -0.0028614 -0.000582201 0.00173156 -0.00406336 -0.00101972 -0.00299018 -0.00042447 0.00399408 0.0158241 -0.00291399
internal_weight=12918.3 3205.08 2266.83 598.903 166.193 9713.21 216.539 9496.67 9208.54 7158.55 1739.5 832.445 2049.99 5419.04 1451.07 1636.27 938.254 694.455 558.34 243.799 56.7988 432.71
internal_count=77970 18028 12036 3082 842 59942 1000 58942 57652 46036 8898 4528 11616 37138 7356 9614 5992 4606 3621 1386 330 2240
is_linear=0
shrinkage=0.0239494


Tree=175
num_leaves=23
num_cat=0
split_feature=27 5 30 6 25 16 37 36 37 27 28 36 40 24 33 15 37 13 45 37 2 0
split_gain=21.9836 20.4317 19.3287 16.705 16.2667 18.7371 61.8384 39.5398 28.1273 69.0198 40.8725 55.027 53.8441 38.333 30.604 27.4125 24.112 19.2281 18.7562 13.1024 12.5823 11.9261
threshold=0.059125000000000004 85.02683258056642 -0.10767499999999998 -0.4739641081012394 1.4285500000000002 1.0154500000000002 -0.29394999999999993 0.18455000000000002 0.15395000000000003 0.0071850000000000013 -0.0063449999999999991 0.99215000000000009 1.5000000000000002 0.051895000000000004 0.11985000000000003 1.0022500000000003 0.74115000000000009 0.18890500000000002 2.0231000000000008 -0.79109999999999991 0.98411613825582378 1.2694464500000002
decision_type=2 2 2 2 2 2 2 2 2 2 2 2 2 2 2 2 2 2 2 2 2 2
left_child=1 2 -1 20 5 8 7 -7 10 14 11 -5 -12 -11 -10 17 -17 -8 -9 -2 -4 -6
right_child=19 -3 3 4 21 6 15 18 9 13 12 -13 -14 -15 -16 16 -18 -19 -20 -21 -22 -23
leaf_value=0.0050036239863512433 0.00077359008570431376 -0.0063752664991325201 0.013356521865540509 -0.0017024727180068374 -0.0023726319027385537 0 -0.0098704964409519463 0.020039910407741075 -0.0050155663251698788 0.0017476119061972349 0.0028188843776075652 -0.01349812217421828 -0.0044347622698953397 0.010339956627081997 0.0019076331225905076 0.0044896360487622642 -0.0021412271423631949 -0.00028041974945931374 0.0032312444026382781 0.011213028241090309 -0.0022913953362330829 0.0012955578379384633
leaf_weight=449.84074398875237 179.07291267812252 283.43334589898586 92.246704638004303 761.15480905398726 2528.955267496407 157.42568899691105 207.54986189305782 197.69471199065447 843.95015360787511 747.64435717836022 1514.5761715825647 346.91756531223655 958.37413479574025 557.82697032764554 608.73546861857176 915.80574676208198 445.00155911967158 364.60015768185258 74.859465882182121 161.3129583671689 22.255852982401848 580.68662289530039
leaf_count=1965 745 1335 425 3926 14597 739 1711 1346 6242 4488 10179 3946 7153 3380 3292 5059 2119 1920 456 675 94 2697
internal_value=0.000142981 -6.99938e-06 0.000127045 -4.46476e-05 -0.000145075 0.000372589 0.00220014 0.0104259 -0.000285596 0.00150423 -0.00170493 -0.00552728 0 0.00553098 -0.00201393 0.000294786 0.00221394 -0.00401451 0.0159591 0.00615001 0.00903966 -0.00164068
internal_weight=12999.9 12659.5 12376.1 11926.3 11811.8 8702.12 2362.94 429.98 6339.18 2758.16 3581.02 1108.07 2472.95 1305.47 1452.69 1932.96 1360.81 572.15 272.554 340.386 114.503 3109.64
internal_count=78489 77069 75734 73769 73250 55956 13350 2541 42606 17402 25204 7872 17332 7868 9534 10809 7178 3631 1802 1420 519 17294
is_linear=0
shrinkage=0.0239494


Tree=176
num_leaves=23
num_cat=0
split_feature=33 37 28 42 6 24 37 3 37 28 29 13 33 1 13 37 44 37 26 30 31 35
split_gain=18.5572 36.2359 27.0823 28.6585 21.3405 21.0125 35.8033 36.93 32.1946 80.1298 56.4665 44.3373 34.1868 32.4196 41.3558 29.9319 46.2348 29.0609 26.8366 40.9851 41.1961 25.7025
threshold=0.13535000000000003 0.56145000000000012 0.031185000000000001 0.047975301500000005 0.26014145858821031 0.073255000000000015 0.21505000000000005 0.95104373855004487 -0.48944999999999994 0.016015000000000005 -1.0000000180025095e-35 0.19377500000000003 -0.052849999999999994 -0.024705872139735244 0.095080000000000012 -0.24984999999999999 0.07000277000000002 -0.28714999999999996 -0.43214999999999992 0.0032650000000000001 0.038445000000000007 5.0000000000000009
decision_type=2 2 2 2 2 2 2 2 2 2 2 2 2 2 2 2 2 2 2 2 2 2
left_child=5 2 3 4 -2 8 7 21 9 11 -11 12 -1 17 -15 -16 -17 -10 -8 -20 -21 -7
right_child=1 -3 -4 -5 -6 6 18 -9 13 10 -12 -13 -14 14 15 16 -18 -19 19 20 -22 -23
leaf_value=-0.011880879475536652 0.0027914452146319867 -0.0013749498288172445 0.010115580979645928 -0.0035712274192298624 0.014845776075207678 -0.0042627433958136868 -0.00052630260056183136 -0.0069871733851655298 -0.0081989551904117428 -0.016518515581002369 0.021487107735159931 0.008001437271535088 0.0011257903209147835 -0.0088568370506649664 0.0050103334831596118 -0.0012151618872943855 -0.010625505115846269 0.00089018098894291288 0.026879749708086299 0.0006916258361787588 0.021308871529832015 0.0033933478842907237
leaf_weight=224.90851049125195 1856.4031805209816 1543.7420413717628 299.91993194818497 381.63350154459476 95.814803078770638 315.69763619080186 172.29665851593018 367.90496323257685 220.19443214312196 21.313823319971561 174.206583019346 209.25377460569143 201.58838806301355 669.01988981664181 293.30004438385367 1669.7641973979771 379.67876321822405 2367.0937922894955 72.900809820741415 257.53267453238368 77.35172275826335 1066.2054339982569
leaf_count=1254 10162 7410 1340 1791 467 1676 756 2174 1494 89 1480 946 1276 7234 1849 9267 3588 15962 430 1540 467 5540
internal_value=0.000150933 0.00147286 0.00319751 0.0022459 0.00345788 -0.00046279 0.00145799 -0.000170507 -0.00118145 0.00315215 0.0165971 -0.000753067 -0.00539074 -0.00185093 -0.00354119 -0.00196086 -0.00302978 6.01926e-05 0.00662206 0.0100005 0.00588992 0.00153862
internal_weight=12937.7 4177.51 2633.77 2333.85 1952.22 8760.21 2329.89 1749.81 6430.32 831.271 195.52 635.751 426.497 5599.05 3011.76 2342.74 2049.44 2587.29 580.082 407.785 334.884 1381.9
internal_count=78192 21170 13760 12420 10629 57022 12583 9390 44439 5045 1569 3476 2530 39394 21938 14704 12855 17456 3193 2437 2007 7216
is_linear=0
shrinkage=0.0239494


Tree=177
num_leaves=23
num_cat=0
split_feature=16 16 1 15 43 30 37 13 0 44 1 8 29 37 6 27 28 27 37 26 36 13
split_gain=21.5266 18.7389 17.8216 23.1652 26.6211 17.2876 15.4976 36.5079 25.1759 29.5139 28.0579 17.7302 14.726 14.1234 13.2603 14.4646 17.4879 13.2264 37.5343 104.141 32.1515 16.8386
threshold=1.1752500000000003 1.2096500000000001 -0.41794735357223628 -0.98454999999999993 0.16165546526105254 0.039045000000000003 0.22055000000000002 -0.53027499999999994 0.40994472500000007 0.05962973500000001 -0.99051082265067159 1.0000000180025095e-35 0.0018750000000000001 -0.72474999999999989 -0.021926913808914098 0.017875000000000005 -0.0016849999999999999 -0.013144999999999999 -0.084849999999999995 0.82625000000000015 0.99990000000000012 0.41727000000000009
decision_type=2 2 2 2 2 2 2 2 2 2 2 2 2 2 2 2 2 2 2 2 2 2
left_child=2 -2 3 5 14 6 7 -1 9 -8 -11 -12 -6 -14 -5 -16 -17 18 19 -4 -20 -21
right_child=1 -3 17 4 12 -7 8 -9 -10 10 11 -13 13 -15 15 16 -18 -19 20 21 -22 -23
leaf_value=0.0022860895142100823 0.013506098711008647 0.0011436270499259897 0 -0.0034844434935484715 0 -0.011718454858500019 0.0012983265832887984 -0.010598978841913267 -0.00022951749393126852 0 0.041236224914394611 4.1697282173961535e-05 0 0.015126466578585077 -0.0041367146919964789 0.024412482567107163 0 -0.00092440776468561488 0 0.022654668711382248 -0.013216921894781998 0
leaf_weight=375.57027994841337 122.26796223223209 239.05110768973827 564.9977532364428 189.80947146564722 71.523208934813738 69.005528420209885 96.042961742728949 182.80141433700919 215.9736947901547 15.340676356106995 38.359116204082966 15.905281536281107 63.001504451036453 229.01335560530424 23.588758781552315 38.96849050372839 26.906720548868179 9186.2217942420393 763.67980605363846 177.44416566938162 122.69381116703153 12.711477313190697
leaf_count=1716 558 1076 2638 844 382 321 503 1950 1035 95 202 132 267 1066 128 235 116 58630 3580 1320 880 64
internal_value=-1.86279e-05 0.0057312 -0.000196804 0.00210194 0.00565884 -1.93543e-05 0.000684135 -0.00167073 0.00451234 0.0115764 0.0236601 0.0318532 0.00993095 0.0123168 0 0.00769767 0.0141522 -0.000560973 0.0013839 0.00535816 -0.00183726 0.0206914
internal_weight=12840.9 361.319 12479.6 1651.81 642.812 1009 939.993 558.372 381.622 165.648 69.6051 54.2644 363.538 292.015 279.273 89.464 65.8752 10827.7 1641.53 755.153 886.374 190.156
internal_count=77738 1634 76104 8992 3038 5954 5633 3666 1967 932 429 334 1715 1333 1323 479 351 67112 8482 4022 4460 1384
is_linear=0
shrinkage=0.0239494


Tree=178
num_leaves=23
num_cat=0
split_feature=12 35 37 42 21 13 21 13 37 37 6 1 7 25 35 35 7 6 21 29 23 1
split_gain=14.3507 49.252 32.0756 26.6779 22.5679 35.8169 36.8554 23.7192 68.242 58.6453 45.0979 43.6481 35.3287 31.447 29.7389 32.9705 31.7856 29.4903 28.0618 26.9095 43.4742 25.7523
threshold=-0.12606999999999999 6.5000000000000009 0.65805000000000013 0.011865258500000002 12.255000000000001 0.17058000000000004 11.415000000000001 -0.077349999999999988 -0.24984999999999999 0.15885000000000002 -0.0072939532335130992 -0.0056460385307415496 35.558061393062431 1.7139000000000002 5.0000000000000009 30.500000000000004 72.723187779965926 0.18196555847227305 14.375000000000002 0.023015000000000004 75.355000000000004 -0.0116067931528863
decision_type=2 2 2 2 2 2 2 2 2 2 2 2 2 2 2 2 2 2 2 2 2 2
left_child=1 3 -3 -1 5 6 -2 9 11 12 -10 -9 -6 -11 -14 16 18 -13 -16 20 -12 -22
right_child=4 2 -4 -5 7 -7 -8 8 10 13 19 17 14 -15 15 -17 -18 -19 -20 -21 21 -23
leaf_value=0.0092616965856159392 -0.0010461011892576766 0.0013437805406715834 -0.005373414944179122 -0.00070628337954271457 -0.0072525179049293459 0.0017235426829194647 -0.010927126350018936 -0.0086711886963766124 -0.013141887174615306 0.0077988674784375597 -0.0021018034616133979 0.0072405319102212037 -0.0046163164334010612 -0.00053948863477627936 0.0085379101284515542 -0.013645149097410641 -0.0092338505134487853 -0.0050794103455142712 0.0014670500325130011 0.0010545049780221708 0.019489697373415084 -0.013425443299296071
leaf_weight=575.55163932591677 479.6865471471101 1545.2568759545684 549.33275894075632 174.45897018164396 390.17620437964797 499.48934511095285 458.06789096072316 131.06309083476663 234.19757467322052 953.74757761880755 1889.2226205356419 880.67189756780863 506.4902884028852 312.81022798642516 463.27956426143646 72.724584151059389 116.59724200516939 113.25681619346142 1300.4514770284295 1005.5824207365513 10.735728766769169 308.09104104526341
leaf_count=2752 3730 7920 2730 852 2458 2592 3524 968 2691 5248 13478 5794 2842 1501 2365 390 1168 507 6622 4770 90 3400
internal_value=-1.95059e-05 0.00147157 -0.00034817 0.00674835 -0.000452787 -0.00323277 -0.00602845 0 -0.00118012 0.00132588 -0.00287578 0.00388687 -0.000533262 0.00562419 0.000473292 0.00186797 0.00254563 0.00568976 0.00340716 -0.00208218 -0.00357682 -0.011859
internal_weight=12970.9 2844.6 2094.59 750.011 10126.3 1437.24 937.754 8689.1 4572.82 4116.28 3447.83 1124.99 2849.72 1266.56 2459.54 1953.05 1880.33 993.929 1763.73 3213.63 2208.05 318.827
internal_count=78392 14254 10650 3604 64138 9846 7254 54292 31698 22594 24429 7269 15845 6749 13387 10545 10155 6301 8987 21738 16968 3490
is_linear=0
shrinkage=0.0239494


Tree=179
num_leaves=23
num_cat=0
split_feature=21 33 43 39 3 43 44 45 23 43 12 28 37 28 13 37 8 45 39 3 45 14
split_gain=26.8958 28.5667 26.85 21.5702 19.4199 18.7694 17.7169 16.9432 16.4082 27.9987 14.7595 16.525 23.3125 76.1972 17.1903 32.9509 26.3203 38.0669 24.6905 20.3901 16.5113 16.4841
threshold=25.610000000000003 0.23280000000000003 0.59191120146656118 0.11915000000000002 0.47637448797927623 0.52318580210943111 0.022286650000000002 2.1197000000000004 -33.744999999999997 0.35828254509043395 0.20951000000000003 -0.013764999999999998 0.38555000000000006 -0.027064999999999995 0.11109000000000001 -0.60519999999999985 0.0050251782000000009 1.9643000000000002 0.079450000000000007 0.90956928701535877 1.9119000000000002 1.0111500000000004
decision_type=2 2 2 2 2 2 2 2 2 2 2 2 2 2 2 2 2 2 2 2 2 2
left_child=1 2 5 6 -3 10 7 -4 -2 -10 11 12 20 -14 16 19 21 -18 -17 -16 -1 -13
right_child=8 4 3 -5 -6 -7 -8 -9 9 -11 -12 14 13 -15 15 18 17 -19 -20 -21 -22 -23
leaf_value=0.0079609343052626062 -0.00080928962285150489 0.0093734151529160526 -0.0086974017378244131 -0.013638962082492486 0.0012871973809123005 0.0041351664840986431 0.0023193202976191361 0.0040587182195141926 0.0069299754815305035 0.038456124739259086 0.0028260807605920272 0.00021943662414777336 -0.0007053328581083587 0.023691782172399777 0 0.0026682292457609297 -0.00031002716833786344 -0.0077468889154785805 -0.0023615798752107649 0.015439183546822008 -0.0026130270042440621 -0.0062711739570364229
leaf_weight=99.887436039745808 46.483249969780445 188.35040044039488 292.22942539304495 149.42795693688095 3289.5172695964575 487.00912533327937 204.56838414445519 57.818260237574577 124.03367655724287 23.589034721255302 614.1494679749012 1731.5270412117243 197.95260420069098 107.52012005448341 100.26157087832689 792.22731900587678 727.80846786126494 988.99492112547159 1804.7327459007502 121.87489068135619 487.40203278139234 252.64674662053585
leaf_count=436 233 938 2386 2111 16421 3549 2734 271 619 151 2875 12652 878 844 460 4274 3738 7047 10017 911 2382 2063
internal_value=5.42198e-05 -6.96429e-05 -0.000778474 -0.00529019 0.00176711 -0.000388236 -0.00277748 -0.00617325 0.00890804 0.0129571 -0.000680871 -0.000991121 0.00199752 0.00740393 -0.00142274 0 -0.00249603 -0.00467923 -0.000770955 0.00883925 -0.000565916 -0.000533421
internal_weight=12890 12695.9 9218.04 704.044 3477.87 8513.99 554.616 350.048 194.106 147.623 8026.99 7412.84 892.762 305.473 6520.07 2819.1 3700.98 1716.8 2596.96 222.136 587.289 1984.17
internal_count=77990 76987 59628 7502 17359 52126 5391 2657 1003 770 48577 45702 4540 1722 41162 15662 25500 10785 14291 1371 2818 14715
is_linear=0
shrinkage=0.0239494


Tree=180
num_leaves=23
num_cat=0
split_feature=25 45 45 0 12 44 27 37 37 28 44 28 28 23 13 44 37 40 13 35 12 30
split_gain=19.0766 25.8383 27.7902 25.149 21.3468 32.5833 29.0941 86.8319 77.9211 54.9782 46.0368 38.6502 33.5943 38.2716 31.6122 29.6697 28.5145 33.678 27.0712 26.6758 25.2518 23.9672
threshold=1.50885 2.0709000000000004 2.0733000000000001 1.4840240000000002 -0.099009999999999987 0.010658880000000001 0.0086750000000000022 -0.26494999999999996 0.22055000000000002 0.016015000000000005 0.13115000000000002 -0.0050949999999999997 -0.013764999999999998 -20.614999999999998 -0.38651999999999992 0.16713924000000005 -0.54839999999999989 1.5000000000000002 -0.041479999999999996 3.5000000000000004 0.051895000000000004 0.020015000000000002
decision_type=2 2 2 2 2 2 2 2 2 2 2 2 2 2 2 2 2 2 2 2 2 2
left_child=1 4 -3 -2 5 -1 7 9 11 -6 -9 15 14 18 -10 -8 -13 19 20 -18 -14 -15
right_child=3 2 -4 -5 6 -7 8 10 12 -11 -12 16 13 21 -16 -17 17 -19 -20 -21 -22 -23
leaf_value=0.00016641634168285832 -0.0025644803762327815 0.019598538659218213 0.002553426948637234 0.0030877254177744244 0.00060567741060649606 0.0071281420904881349 -0.0031789261566973338 -0.0032524560439290903 -0.0050815454952540199 0.017770065550037968 -0.012620600350508779 -0.0031016641035800305 0.0064428670542444385 -0.0056005010295012607 0.022338370848242972 -0.014928038507417267 -0.0039027359326710468 -0.0017054290242873471 -0.0014200409443461861 0.010070993398178357 0.02182382242927226 0.0056180455586370293
leaf_weight=1524.5009749867022 2733.0608639661223 60.417239185422659 1532.2823538258672 519.50431263446808 473.52643105015159 538.20063029229641 941.91623437404633 1469.1067975871265 19.921218261122704 146.29783730208874 406.8094468396157 566.96128235012293 201.50176511332393 243.53522784262896 122.26456259191036 155.78191195055842 78.606310114264488 345.06495406851172 78.27980999648571 439.32780509442091 123.78724514320493 194.64600364118814
leaf_count=7674 15263 304 7233 2307 3390 3205 6116 12219 84 1125 4876 2587 1238 1410 839 1667 400 1847 465 2228 643 996
internal_value=-1.95697e-05 0.00050296 0.00329171 -0.0016168 -2.93314e-05 0.00205367 -0.000768869 -0.00275662 0.00060227 0.00489263 -0.00536188 -0.00157744 0.00635021 0.00429846 0.0174696 -0.00497937 0.000931895 0.00375103 0.00963556 0.00766825 0.012745 -0.000283793
internal_weight=12915.3 9662.74 1592.7 3252.57 8070.04 2062.7 6007.33 2495.74 3511.59 619.824 1875.92 2527.66 983.936 841.75 142.186 1097.7 1429.96 862.999 403.569 517.934 325.289 438.181
internal_count=78116 60546 7537 17570 53009 10879 42130 21610 20520 4515 17095 14845 5675 4752 923 7783 7062 4475 2346 2628 1881 2406
is_linear=0
shrinkage=0.0239494


end of trees

feature_importances:
open_to_cpr_dist=659
dist_s1=382
dist_r1=306
dist_lo52=261
mom10=159
rsi14=149
mom5=146
dist_hi52=139
india_vix=130
mom20=120
expiry_dist=111
sg_vel=109
cpr_overlap_pct=107
overlap_vol_signal=104
mom3=99
cpr_width_pct=97
market_rs_5d=93
vwap_dist=84
cpr_pos=78
cpr_rsi_squeeze=69
ema200_dist=63
rsi_dir=62
rs_direction_alignment=50
vol_accel=43
vol_rank=41
market_rs_20d=41
vol_accel_delta=35
atr_pct_rank=34
cpr_zone_vol_ratio=33
days_since_52hi=30
hi52_dir=26
cpr_compress=24
conf_vol=20
cpr_vol_interaction=19
regime_momentum=19
hmm_regime=13
sector_rs_5d=11
sector_rs_20d=8
dow=5
n_rules_fired=2
prev_cpr_respected=1

parameters:
[boosting: gbdt]
[objective: binary]
[metric: auc]
[tree_learner: serial]
[device_type: cpu]
[data_sample_strategy: bagging]
[data: ]
[valid: ]
[num_iterations: 3000]
[learning_rate: 0.0239494]
[num_leaves: 23]
[num_threads: 2]
[seed: 42]
[deterministic: 0]
[force_col_wise: 0]
[force_row_wise: 0]
[histogram_pool_size: -1]
[max_depth: 9]
[min_data_in_leaf: 94]
[min_sum_hessian_in_leaf: 0.001]
[bagging_fraction: 0.463926]
[pos_bagging_fraction: 1]
[neg_bagging_fraction: 1]
[bagging_freq: 1]
[bagging_seed: 400]
[bagging_by_query: 0]
[feature_fraction: 0.853464]
[feature_fraction_bynode: 1]
[feature_fraction_seed: 30056]
[extra_trees: 0]
[extra_seed: 12879]
[early_stopping_round: 0]
[early_stopping_min_delta: 0]
[first_metric_only: 0]
[max_delta_step: 0]
[lambda_l1: 6.09771]
[lambda_l2: 0.000806029]
[linear_lambda: 0]
[min_gain_to_split: 0]
[drop_rate: 0.1]
[max_drop: 50]
[skip_drop: 0.5]
[xgboost_dart_mode: 0]
[uniform_drop: 0]
[drop_seed: 17869]
[top_rate: 0.2]
[other_rate: 0.1]
[min_data_per_group: 100]
[max_cat_threshold: 32]
[cat_l2: 10]
[cat_smooth: 10]
[max_cat_to_onehot: 4]
[top_k: 20]
[monotone_constraints: ]
[monotone_constraints_method: basic]
[monotone_penalty: 0]
[feature_contri: ]
[forcedsplits_filename: ]
[refit_decay_rate: 0.9]
[cegb_tradeoff: 1]
[cegb_penalty_split: 0]
[cegb_penalty_feature_lazy: ]
[cegb_penalty_feature_coupled: ]
[path_smooth: 0]
[interaction_constraints: ]
[verbosity: -1]
[saved_feature_importance_type: 0]
[use_quantized_grad: 0]
[num_grad_quant_bins: 4]
[quant_train_renew_leaf: 0]
[stochastic_rounding: 1]
[linear_tree: 0]
[max_bin: 255]
[max_bin_by_feature: ]
[min_data_in_bin: 3]
[bin_construct_sample_cnt: 200000]
[data_random_seed: 175]
[is_enable_sparse: 1]
[enable_bundle: 1]
[use_missing: 1]
[zero_as_missing: 0]
[feature_pre_filter: 1]
[pre_partition: 0]
[two_round: 0]
[header: 0]
[label_column: ]
[weight_column: ]
[group_column: ]
[ignore_column: ]
[categorical_feature: ]
[forcedbins_filename: ]
[precise_float_parser: 0]
[parser_config_file: ]
[objective_seed: 16083]
[num_class: 1]
[is_unbalance: 0]
[scale_pos_weight: 1]
[sigmoid: 1]
[boost_from_average: 1]
[reg_sqrt: 0]
[alpha: 0.9]
[fair_c: 1]
[poisson_max_delta_step: 0.7]
[tweedie_variance_power: 1.5]
[lambdarank_truncation_level: 30]
[lambdarank_norm: 1]
[label_gain: ]
[lambdarank_position_bias_regularization: 0]
[eval_at: ]
[multi_error_top_k: 1]
[auc_mu_weights: ]
[num_machines: 1]
[local_listen_port: 12400]
[time_out: 120]
[machine_list_filename: ]
[machines: ]
[gpu_platform_id: -1]
[gpu_device_id: -1]
[gpu_use_dp: 0]
[num_gpu: 1]

end of parameters

pandas_categorical:[]
