tree
version=v4
num_class=1
num_tree_per_iteration=1
label_index=0
max_feature_idx=57
objective=binary sigmoid:1
feature_names=Column_0 Column_1 Column_2 Column_3 Column_4 Column_5 Column_6 Column_7 Column_8 Column_9 Column_10 Column_11 Column_12 Column_13 Column_14 Column_15 Column_16 Column_17 Column_18 Column_19 Column_20 Column_21 Column_22 Column_23 Column_24 Column_25 Column_26 Column_27 Column_28 Column_29 Column_30 Column_31 Column_32 Column_33 Column_34 Column_35 Column_36 Column_37 Column_38 Column_39 Column_40 Column_41 Column_42 Column_43 Column_44 Column_45 Column_46 Column_47 Column_48 Column_49 Column_50 Column_51 Column_52 Column_53 Column_54 Column_55 Column_56 Column_57
feature_infos=[0:6.8405947685241699] [-0.99282234907150269:239.7069091796875] [0.0039525693282485008:1] [3.7058264013012376e-08:5] [2:7] [-5661.08740234375:7661.1708984375] [-0.99341201782226562:2.3666160106658936] [0:100] [-0.99442446231842041:238.05445861816406] [0:6] none [-1:1] [-0.99729001522064209:0.0094600003212690353] [-0.0086899995803833008:284.39877319335938] [0:10] [-0.01940000057220459:5] [-0.037000000476837158:5] [-0.01940000057220459:5] [-0.037000000476837158:5] none none [10.199999809265137:31.979999542236328] [0:50] [-100:100] [-0.99707001447677612:0.99729001522064209] [0:5] [0:1] [-0.15000000596046448:0.011350000277161598] [-0.012029999867081642:0.15000000596046448] [-0.99448001384735107:178.22642517089844] [-0.99630999565124512:233.89595031738281] [-0.99643999338150024:178.48001098632812] [-1:1] [-5:5] [0:251] [0:32] [0:1] [-5:5] [0:1] [0:5] [0:3] [0:1] none [0:9] [-3.2156999111175537:1.7381999492645264] [0.10000000149011612:10] [0:1] none [0.10000000149011612:20] [0:0.99599999189376831] [0:3] [-0.10000000149011612:0.10000000149011612] [1:5] [0:1] [0.20000000298023224:5] [-1:1] [0:1] [0:1]
tree_sizes=3469 3475 3469 3477 3474 3494 3501 3493 3485 3492 3491 3495 3483 3489 3495 3503 3492 3485 3505 3506 3515 3486 3500 3496 3517 3489 3508 3506 3496 3514 3486 3492 3499 3494 3513 3512 3507 3500 3497 3476 3505 3515 3506 3479 3531 3490 3515 3494 3494 3523 3460 3519 3462 3466 3503 3516 3516 3488 3513 3506 3497 3497 3518 3506 3510 3519 3520 3514 3493 3468 3509 3514 3512 3516 3536 3512 3521 3533 3516 3510 3507 3488 3529 3535 3486 3480 3497 3485 3549 3499 3528 3516 3505 3536 3502

Tree=0
num_leaves=31
num_cat=0
split_feature=37 36 45 37 28 27 28 27 27 27 37 28 13 12 13 37 37 2 51 51 37 37 30 30 37 51 35 23 12 0
split_gain=5968.04 4112.76 1720.6 2338.91 1599 889.032 869.245 375.871 362.404 330.846 286.07 274.151 238.085 412.72 323.02 197.304 185.691 185.677 177.617 144.062 128.278 99.1961 92.0313 90.7504 88.2762 84.0414 76.7263 74.1822 70.5894 66.9469
threshold=-0.47304999828338617 0.99994999170303356 0.99944999814033519 -0.31125000119209284 0.010565000120550396 -0.014094999991357325 0.011285000015050175 -0.010745000094175337 -0.010034999810159205 -0.024925000034272667 -0.15525000542402265 0.024455000646412376 0.45055000483989721 -0.10785499960184096 0.16198500245809558 0.16225000470876697 0.2241499945521355 0.76681891083717357 -0.014994999859482048 0.010125000029802324 -0.98489999771118153 0.21055000275373462 0.0075450001750141391 0.015474999789148571 0.033150000497698791 0.022055000066757206 1.5000000000000002 -44.725000381469719 -0.049534998834133141 0.256555125117302
decision_type=2 2 2 2 2 2 2 2 2 2 2 2 2 2 2 2 2 2 2 2 2 2 2 2 2 2 2 2 2 2
left_child=4 5 -3 6 8 9 19 -6 25 21 11 -5 13 16 -15 26 -7 -8 -9 -4 -10 -2 29 -12 -14 -1 -11 -17 -20 -22
right_child=1 2 3 10 7 12 17 18 20 15 23 -13 24 14 -16 27 -18 -19 28 -21 22 -23 -24 -25 -26 -27 -28 -29 -30 -31
leaf_value=-0.91282695309176909 -0.91362500652490031 -0.94467155707689077 -1.0037626730384064 -1.0081315041241119 -0.83263327436950318 -0.94197919650759243 -0.92126391155976906 -0.86213014767507457 -0.89992049238036786 -0.95622840096032569 -1.0437297536388161 -0.82652470601247652 -0.92434193040756119 -1.0046903069437363 -0.96456597169878988 -0.95430879064447172 -0.96166266957983249 -0.8462769191511551 -0.89933521967427998 -0.94214638308689425 -1.0398143852502504 -0.92997226205685002 -0.95166515123899653 -1.0154676700299829 -0.94733342898442252 -0.84188067440108472 -0.92904856798578939 -0.9417271087041611 -0.96778638049794052 -0.9723963416261413
leaf_weight=372.00543591380119 1640.6902190893888 1289.5330742448568 272.23784123361111 619.35675084590912 1306.8864540755749 2346.2300778180361 134.68984726071358 253.63183748722076 45.41396863758564 284.2412863522768 2011.3212261497974 21.50239871442318 503.37243621051311 753.20746125280857 1501.5457979291677 2115.9833205193281 2448.7397174835205 213.25808587670326 82.720787584781647 145.59824122488499 98.290414169430733 2136.3203377425671 92.342811286449432 330.74907290935516 2447.0852005183697 47.01787306368351 3001.3747805505991 2624.8510695397854 69.145735636353493 58.882184088230133
leaf_count=1134 5018 4452 1144 2637 2654 8020 425 610 131 1023 9472 42 1608 3174 5563 7564 8982 470 238 498 458 6977 327 1439 8531 101 9767 8964 259 224
internal_value=-0.946987 -0.953776 -0.994491 -1.01163 -0.871891 -0.944367 -0.93368 -0.845682 -0.934752 -0.935074 -1.03164 -1.00204 -0.955336 -0.960327 -0.97797 -0.940817 -0.952031 -0.875304 -0.887736 -0.982292 -0.977214 -0.922871 -0.991282 -1.03974 -0.943411 -0.904866 -0.9314 -0.947343 -0.930501 -1.01456
internal_weight=29268.2 26841.9 5038.25 3748.71 2426.34 21803.6 765.784 1712.38 713.953 11803.5 2982.93 640.859 10000.2 7049.72 2254.75 8026.45 4794.97 347.948 405.498 417.836 294.929 3777.01 249.515 2342.07 2950.46 419.023 3285.62 4740.83 151.867 157.173
internal_count=101906 95770 20579 16127 6136 75191 2537 3761 2375 39313 13590 2679 35878 25739 8737 27318 17002 895 1107 1642 1140 11995 1009 10911 10139 1235 10790 16528 497 682
is_linear=0
shrinkage=1


Tree=1
num_leaves=31
num_cat=0
split_feature=37 52 13 28 12 37 28 0 7 0 37 37 0 12 13 28 37 30 51 51 13 13 12 37 12 24 51 49 1 21
split_gain=4816.72 2311.92 1718.16 1428.78 1189.01 963.155 432.478 385.331 320.773 292.861 282.388 218.421 198.554 184.859 182.343 174.361 165.532 163.209 152.419 225.118 148.25 125.86 117.245 106.535 96.1654 93.7727 91.6742 90.6964 85.4694 79.0518
threshold=-0.4391500055789947 4.5000000000000009 0.1974499970674515 0.010935000143945219 -0.12123499810695647 -0.24554999917745587 0.010484999977052213 0.79549112915992748 87.027843475341811 0.37251572310924536 0.32265000045299536 -0.29665000736713404 0.67337486147880565 -0.052085001021623605 0.13014500588178637 0.014184999745339157 0.39544999599456793 0.022084999829530719 0.016135000623762611 -0.015974999405443665 0.38662499189376837 0.42845499515533453 -0.31784500181674952 -0.35664999485015864 -0.077064998447895036 0.16483499854803088 0.022055000066757206 0.59139999747276317 -0.01656788773834705 11.989999771118166
decision_type=2 2 2 2 2 2 2 2 2 2 2 2 2 2 2 2 2 2 2 2 2 2 2 2 2 2 2 2 2 2
left_child=3 7 4 9 11 6 -6 8 10 14 20 -3 18 -4 24 -10 -9 -7 19 -5 -2 23 -13 -15 27 -12 29 -1 -26 -11
right_child=1 2 13 12 5 17 -8 16 15 26 25 22 -14 21 -16 -17 -18 -19 -20 -21 -22 -23 -24 -25 28 -27 -28 -29 -30 -31
leaf_value=0.096262415856843073 0.054308709183700954 0.11385315927551697 0.060547524662119816 0.14077778480100547 0.0062740771177379924 -0.033128856363702643 0.086011416443370917 0.078069194562783231 -0.046033067255043872 0.024964723032610159 0.041668874900934155 0.06086404062775156 0.15634278248819777 0.10599915295567626 0.080807688431514521 0.060545976569283233 0.055915621202464585 0.019458685640012168 0.1603961555475997 0.082294204813696134 0.066418934702698759 0.051213360681512089 0.02737497404093818 0.0047055759988794913 0.075058788820899114 0.058116330355232386 0.14959846501121918 0.0097253758828995934 -0.017085004541405966 0.094906874647690639
leaf_weight=60.277630761265755 6140.5832884013653 101.32285726070404 2241.7333204001188 334.62108708918095 440.71813800930977 2103.665813818574 276.88961206376553 2729.0240212529898 123.10498806834221 46.130788564682007 4169.2658511996269 374.60226657986641 1034.9836591631174 27.985731080174446 176.49767848849297 55.754890739917755 1220.2325937151909 158.67136858403683 216.31833107769489 323.73609021306038 4294.5569348037243 437.41486856341362 864.49877575039864 358.20526602864265 29.484385251998901 1093.9912123680115 67.408515423536301 60.836594626307487 171.83665187656879 325.15983729064465
leaf_count=173 20894 264 7416 695 1817 9909 809 8334 594 171 14927 1237 1918 75 538 185 4102 629 389 939 13831 1498 3282 1481 95 3661 131 245 753 914
internal_value=0.0548271 0.0483529 0.0244746 0.116703 0.00416113 -0.013431 0.0370408 0.0572479 0.0537715 0.0661555 0.0545301 0.0432709 0.141521 0.053105 0.0399527 -0.0128098 0.0712242 -0.0294406 0.123984 0.112019 0.0592926 0.0328476 0.0374993 0.0120459 0.0175891 0.0450876 0.0959559 0.0527942 -0.00359013 0.086217
internal_weight=30059.5 27212.2 7385.71 2847.29 4320.37 2979.94 717.608 19826.5 15877.3 937.632 15698.4 1340.42 1909.66 3065.34 498.933 178.86 3949.26 2262.34 874.676 658.357 10435.1 823.606 1239.1 386.191 322.435 5263.26 438.699 121.114 201.321 371.291
internal_count=101906 94945 28417 6961 17947 13164 2626 66528 54092 3020 53313 4783 3941 10470 1804 779 12436 10538 2023 1634 34725 3054 4519 1556 1266 18588 1216 418 848 1085
is_linear=0
shrinkage=0.05


Tree=2
num_leaves=31
num_cat=0
split_feature=37 36 45 37 28 28 0 37 13 12 13 28 37 0 28 37 0 37 28 51 8 30 37 0 51 2 21 12 21 7
split_gain=3999.2 3090.52 1366.1 1884.93 989.251 630.439 341.782 255.515 240.71 379.651 285.292 217.437 206.289 177.971 175.7 156.042 153.534 143.577 113.698 127.374 87.7155 83.5242 82.6397 70.5806 70.2008 68.1463 65.3877 62.3858 50.7743 79.2822
threshold=-0.47304999828338617 0.99994999170303356 0.99944999814033519 -0.31125000119209284 0.010565000120550396 0.013685000129044058 0.72962653636932384 -0.15525000542402265 0.49495500326156622 -0.10178500041365622 0.15598500519990924 0.024455000646412376 0.17815000563859942 0.42474964261054998 0.0082649998366832751 0.39544999599456793 0.67337486147880565 -0.98489999771118153 0.014835000038146974 0.017335000447928909 -0.032076686620712273 -0.017165000550448891 -0.11585000157356261 1.8817779421806338 -0.014994999859482048 0.7589109241962434 15.795000076293947 -0.077064998447895036 11.414999961853029 39.868444442749031
decision_type=2 2 2 2 2 2 2 2 2 2 2 2 2 2 2 2 2 2 2 2 2 2 2 2 2 2 2 2 2 2
left_child=4 6 -3 5 13 14 8 11 9 12 -11 -5 -2 17 -4 23 18 -1 19 24 -17 -9 -10 -8 -6 -7 27 -19 29 -15
right_child=1 2 3 7 16 25 15 21 22 10 -12 -13 -14 28 -16 20 -18 26 -20 -21 -22 -23 -24 -25 -26 -27 -28 -29 -30 -31
leaf_value=0.10472072821181028 0.059953585090641026 0.05309948380295039 -0.00036474344455819175 -0.001936559931817802 0.1062092905898489 0.086196031127297262 0.067802571546487583 -0.0022152536773403378 0.083548078736979711 0.0061599970369700836 0.039921659807259445 0.15252414911559581 0.044594616192936844 -0.059907421222806449 0.056813953569091913 0.072434821921880985 0.14084220216221061 0.048307258829267972 0.13131388254190141 0.1423252298553741 0.044751359603896958 -0.034977689347271267 0.057058084224833772 0.095880852060372668 0.060564941662997911 0.14121187998484028 0.064363432567933102 -0.00069111140669844706 0.095714561731880643 0.151004315628887
leaf_weight=73.733667179942131 3850.7212981879711 1355.7963579446077 244.7689119130373 619.92026646435261 147.93072164058685 80.368418246507645 3586.3318565785885 214.61968372762203 312.9874459207058 835.82449704408646 2489.2339107245207 23.653735458850861 5057.6282253265381 12.931903243064882 297.82555682957172 370.64083828032017 1062.2700803428888 100.0976324826479 418.00423288345337 108.66052101552486 1255.0389419049025 2078.8641124218702 4962.5603043586016 238.70967115461826 195.64822788536549 187.84788209199905 95.209991618990898 185.07358479499817 283.72046099603176 6.7978928238153449
leaf_count=186 12221 4452 1012 2637 336 217 10840 929 884 3403 8674 42 17264 61 957 1115 1845 335 804 186 4244 9982 15916 630 590 351 298 760 721 14
internal_value=0.0508654 0.045283 0.0100898 -0.00546894 0.109102 0.0620184 0.053106 -0.0240996 0.0497022 0.0458524 0.0314349 0.00374044 0.0512337 0.0606746 0.0310202 0.0640396 0.128086 0.0408642 0.112516 0.0951402 0.0510629 -0.0319118 0.0586297 0.0695549 0.0802175 0.124727 0.0284861 0.0165078 0.0903211 0.0127621
internal_weight=30753.4 28063.3 5103.66 3747.87 2690.08 810.811 22959.7 2937.06 17509 12233.4 3325.06 643.574 8908.35 757.565 542.594 5450.72 1932.51 454.115 870.244 452.239 1625.68 2293.48 5275.55 3825.04 343.579 268.216 380.381 285.171 303.45 19.7298
internal_count=101906 95770 20579 16127 6136 2537 75191 13590 58362 41562 12077 2679 29485 2375 1969 16829 3761 1579 1916 1112 5359 10911 16800 11470 926 568 1393 1095 796 75
is_linear=0
shrinkage=0.05


Tree=3
num_leaves=31
num_cat=0
split_feature=37 52 13 28 12 37 51 0 7 37 0 37 0 37 12 7 28 28 37 28 51 13 29 51 22 37 24 31 16 8
split_gain=3416.25 1786.51 1394.04 1059.3 1011.11 616.471 273.4 270.729 257.656 217.733 213.913 200.294 155.469 149.791 143.359 136.922 131.347 122.094 120.535 116.816 146.591 101.896 100.81 85.9409 80.5942 78.6033 78.0203 77.8311 73.1482 63.4102
threshold=-0.42155000567436213 4.5000000000000009 0.1974499970674515 0.010565000120550396 -0.10062500089406966 -0.24554999917745587 -0.011305000167340038 0.79549112915992748 88.903095245361342 0.32265000045299536 0.34374672174453741 -0.31125000119209284 0.68661755323410045 -0.87235000729560841 -0.052085001021623605 66.273727416992202 0.01429500011727214 0.014184999745339157 0.21585000306367877 0.013985000085085632 0.016135000623762611 0.3256050050258637 -0.012715000193566082 0.010505000129342081 3.0000499486923222 -0.35664999485015864 0.18672499805688861 -0.06484499946236609 1.0255500078201296 -0.016980022192001339
decision_type=2 2 2 2 2 2 2 2 2 2 2 2 2 2 2 2 2 2 2 2 2 2 2 2 2 2 2 2 2 2
left_child=3 7 4 10 11 6 -6 8 9 16 13 -3 19 -1 -4 -13 -2 -10 -9 20 -5 25 -7 28 -12 -16 -11 -20 -15 -26
right_child=1 2 14 12 5 22 -8 18 17 26 24 15 -14 23 21 -17 -18 -19 27 -21 -22 -23 -24 -25 29 -27 -28 -29 -30 -31
leaf_value=0.092148474799490052 0.047536406942636639 0.09868366382010331 0.052111373593330935 0.064190164506276529 0.091740157145059065 0.052193054804323749 0.0096460202707076143 0.071433525561941269 -0.048901577024930108 0.036111845735601229 0.097435890674605466 0.032601804922483879 0.12788586138567293 -0.0039894513394898605 0.090356630419950901 -0.028801146204248312 0.059486107790936417 0.048538651458891822 0.071149865709284332 0.11585890518952313 0.12444281043092054 0.040603092664401007 -0.031987739426615196 0.061033425279051604 0.095146244717929845 -0.0039407518796298327 0.051596279393550951 0.049532228708080453 0.071321120524302631 0.040745967516860687
leaf_weight=78.422583967447281 7619.2059828490019 109.44453099370003 2346.8885467499495 326.28347952663898 126.54901283979416 36.21579509973526 510.69366726279259 1611.5083038508892 103.72495591640472 4480.1973396241665 229.59474742412567 1395.6278800517321 1152.5205052345991 281.35922260582447 24.117946192622185 97.106443628668785 3293.630631685257 46.587629914283752 523.87094855308533 617.84722056984901 146.17054845392704 554.54450282454491 1978.1964013129473 85.803304299712181 75.835955128073692 264.05441805720329 993.98284661769867 2028.987067386508 36.41582940518856 182.41983392834663
leaf_count=196 24633 264 7403 918 308 128 2020 4513 519 15438 549 4968 1940 1161 60 449 10064 151 1496 1192 256 1858 9570 267 182 1122 3169 6410 108 594
internal_value=0.0473547 0.0417789 0.0207708 0.096202 0.00203383 -0.0169147 0.025949 0.0493325 0.0464632 0.047061 0.0525413 0.0333943 0.115082 0.0289172 0.0457594 0.0286074 0.051143 -0.0187011 0.060727 0.101547 0.0828315 0.0280698 -0.0304743 0.0166303 0.0758822 0.00395126 0.0389235 0.0539684 0.00464086 0.0567204
internal_weight=31357.8 28145.1 7443.44 3212.67 4253.83 2651.65 637.243 20701.7 16537.3 16387 969.851 1602.18 2242.82 482.001 3189.61 1492.73 10912.8 150.313 4164.37 1090.3 472.454 842.717 2014.41 403.578 487.851 288.172 5474.18 2552.86 317.775 258.256
internal_count=101906 94543 28150 7363 17707 12026 2328 66393 53974 53304 3057 5681 4306 1732 10443 5417 34697 670 12419 2366 1174 3040 9698 1536 1325 1182 18607 7906 1269 776
is_linear=0
shrinkage=0.05


Tree=4
num_leaves=31
num_cat=0
split_feature=37 36 45 37 28 27 28 27 21 27 27 7 13 27 6 37 31 5 5 27 30 1 55 0 51 8 8 35 37 1
split_gain=2948.88 2674.92 1333.24 994.146 903.335 546.163 533.567 334.138 221.409 205.77 182.233 175.428 131.307 130.441 125.449 107.402 102.362 97.4868 116.524 90.6329 75.8869 74.9626 72.911 64.728 62.421 77.7098 83.7305 58.7737 52.4792 50.8459
threshold=-0.42155000567436213 0.99994999170303356 0.99944999814033519 -0.22264999896287915 0.01110500004142523 -0.014094999991357325 0.014094999991357328 -0.011545000132173298 12.719999790191652 -0.010305000003427265 -0.025644999928772446 88.903095245361342 0.49495500326156622 -0.011365000158548353 0.0017377346521243455 0.21585000306367877 -0.04132499918341636 6.9352846145629892 -9.6883077621459943 -0.018335000611841675 0.015474999789148571 0.46214036643505102 0.012950000353157522 0.24004442989826205 0.022055000066757206 -0.0067471563816070548 -0.016980022192001339 31.500000000000004 -0.12310000136494635 0.28171218931674963
decision_type=2 2 2 2 2 2 2 2 2 2 2 2 2 2 2 2 2 2 2 2 2 2 2 2 2 2 2 2 2 2
left_child=4 5 -3 6 7 8 16 24 21 -6 -10 12 14 -8 -7 -12 -4 18 -9 27 -21 -2 -11 -20 25 26 -1 -5 -14 -24
right_child=1 2 3 19 9 11 13 17 10 22 15 -13 28 -15 -16 -17 -18 -19 23 20 -22 -23 29 -25 -26 -27 -28 -29 -30 -31
leaf_value=0.079344026949110857 0.03195533339921492 0.046263966604682329 0.10773491443721006 -0.0007746945086971233 0.11543492551409595 0.039783841105888562 0.11612735814812454 0.080890698798438201 0.065375005426805938 0.092950781812497274 0.057145312392543113 -0.03055012899394954 0.075873296887161962 0.02862040151768358 0.026697694885524266 0.045267130694558004 0.0062517570801632538 0.078194998706983029 -0.011504945144431879 -0.03425942371593322 -0.0085310708589125175 0.054164102189941436 0.06721867550119881 0.027131758597024432 0.11834638521669401 0.096503942656788577 0.020703789406441367 0.13196935205599708 0.045784109537740716 0.0035213386572998401
leaf_weight=143.13044741749763 1496.8825598955154 1403.9565771669149 25.825115174055099 181.74967423081398 1737.7403503805399 4881.6313079148531 188.25017178058624 63.584198489785194 3351.4063051193953 281.89847832918167 3923.9837294816971 93.517634049057961 153.10493487119675 55.036406993865967 2930.9873484522104 3695.1606031954288 656.69535860419273 76.815917670726776 210.24985073506832 1991.8068816661835 334.7760002464056 509.21357670426369 124.85388208925724 223.77427461743355 91.173394098877907 195.77160547673702 105.92416000366211 8.739567428827284 2708.2511509358883 41.824505001306534
leaf_count=352 4943 4436 63 790 2948 16056 371 167 9398 614 11592 431 405 175 10220 11721 2605 210 880 9806 1483 1521 312 782 155 453 351 20 8507 139
internal_value=0.0442115 0.0390483 0.00519822 -0.0115478 0.0889889 0.0459581 0.032754 0.0522637 0.0528657 0.107641 0.0556585 0.0376332 0.0382306 0.0963315 0.0348744 0.0513846 0.0100917 0.0257692 0.0176762 -0.0278425 -0.0305573 0.0375927 0.0774504 0.00841538 0.0806574 0.0729325 0.054404 0.00531555 0.0473941 0.0512351
internal_weight=31887.7 28591 4846.84 3442.88 3296.74 23744.1 925.807 1110.42 12976.6 2186.32 10970.6 10767.5 10674 243.287 7812.62 7619.14 682.52 574.424 497.608 2517.07 2326.58 2006.1 448.577 434.024 536 444.826 249.055 190.489 2861.36 166.678
internal_count=101906 94543 19749 15313 7363 74794 3214 3350 39175 4013 32711 35619 35188 546 26276 23313 2668 2039 1829 12099 11289 6464 1065 1662 1311 1156 703 810 8912 451
is_linear=0
shrinkage=0.05


Tree=5
num_leaves=31
num_cat=0
split_feature=37 27 13 12 28 30 27 27 37 7 7 27 52 28 37 37 37 28 37 12 37 30 30 50 27 24 55 37 7 28
split_gain=2450.55 1701.78 1125.29 1401.98 771.464 347.7 259.893 227.479 190.142 226.508 186.833 177.155 142.988 108.907 99.2745 97.3131 86.7832 100.669 84.5598 106.54 82.7969 71.2551 70.5211 63.1199 62.9688 62.4852 61.6534 57.3948 72.3111 53.2071
threshold=-0.4391500055789947 -0.012104999739676712 0.17239499837160113 -0.10656999796628951 0.010935000143945219 0.014595000073313715 -0.024495000019669529 -0.0099550001323223097 -0.31125000119209284 14.864700794219972 90.79480361938478 -0.010305000003427265 4.5000000000000009 0.014094999991357328 -0.29665000736713404 -0.24554999917745587 0.011649999767541887 0.020525000058114532 -0.31125000119209284 -0.22815499454736707 0.36965000629425054 0.0093749999068677443 -0.0091050001792609674 1.0000000180025095e-35 -0.022064999677240845 -0.068454999476671205 0.012950000353157522 -0.19244999438524243 8.8876609802246112 0.016165000386536125
decision_type=2 2 2 2 2 2 2 2 2 2 2 2 2 2 2 2 2 2 2 2 2 2 2 2 2 2 2 2 2 2
left_child=4 6 3 18 7 15 20 -1 13 24 16 -6 -11 -8 -7 -5 25 -18 -3 -20 27 22 -9 -24 -10 -4 -13 -2 -29 -28
right_child=1 2 10 5 11 14 8 21 9 12 -12 26 -14 -15 -16 -17 17 -19 19 -21 -22 -23 23 -25 -26 -27 29 28 -30 -31
leaf_value=0.066338014626710934 0.091665360767451395 0.073525121695430198 0.069225549471345862 -0.0090467248313369289 0.10658425072634675 0.056943440746583709 0.051212171984688165 0.04480650621819264 0.062276860164825615 0.0458445109709553 -0.035907700960962047 0.086014794907935399 0.032073608081825487 0.10626261717086101 0.0050021116073146526 -0.034196028709534892 0.030706092367820521 0.045747180288876345 0.037897548946665666 0.01796434884140297 0.046077515153143761 0.046677174095574654 0.047208747284286479 -0.025904149002715204 -0.021620716179988356 0.04256485698593248 0.031960594435725152 -0.050758044311568065 0.060208499331828348 0.095723982676352792
leaf_weight=598.50360451638699 146.79271006584167 110.62776061892509 308.36266005039215 497.9566143900156 1747.3734873682261 117.38446380198002 177.68688084185123 73.684711813926697 25.681907176971436 9242.1036877781153 88.573156625032425 279.85208320617676 2367.9819193482399 181.72208344936371 425.26814769208431 1690.3421349823475 4166.026873588562 1517.7214375287294 1489.6198057979345 1218.8368922173977 1256.1845704466105 143.12485721707344 36.13692606985569 161.22115050256252 173.1581090092659 764.98622198402882 129.53248234093189 14.747177869081495 3280.7023996561766 43.772180214524269
leaf_count=1536 333 293 848 2065 2904 343 529 241 82 28161 422 595 8024 354 1748 8342 13860 4711 4784 4399 3779 454 112 706 775 2424 379 71 9034 85
internal_value=0.0412911 0.0367398 0.0226746 0.00594341 0.0827397 -0.0195889 0.0470766 0.0466246 0.04322 0.0421296 0.0362392 0.0993596 0.0430358 0.0790464 0.0162379 -0.0284732 0.0371849 0.0347225 0.0306775 0.0289274 0.0570649 0.0181373 0.00306681 -0.0125169 -0.0107846 0.0502242 0.0715015 0.0610746 0.0597119 0.0480655
internal_weight=32475.7 29262.5 12395.7 5550.04 3213.2 2730.95 16866.8 1012.67 12168.3 11808.9 6845.67 2200.53 11610.1 359.409 542.653 2188.3 6757.1 5683.75 2819.08 2708.46 4698.43 414.168 271.043 197.358 198.84 1073.35 453.157 3442.24 3295.45 173.305
internal_count=102393 95381 44239 21974 7012 12498 51142 3049 37925 37042 22265 3963 36185 883 2091 10407 21843 18571 9476 9183 13217 1513 1059 818 857 3272 1059 9438 9105 464
is_linear=0
shrinkage=0.05


Tree=6
num_leaves=31
num_cat=0
split_feature=37 36 45 37 27 27 27 21 51 0 27 7 51 36 29 37 12 51 51 51 8 37 51 51 30 53 25 13 12 52
split_gain=2171.62 2032.94 1097.07 875.889 586.656 481.768 425.013 207.159 202.134 150.884 139.211 132.911 117.371 110.203 109.664 102.672 102.06 97.0273 141.549 90.648 81.8626 75.03 74.5458 80.8091 67.6529 89.8105 62.5666 54.6249 72.4072 50.3594
threshold=-0.4391500055789947 0.99994999170303356 0.92434999346733104 -0.22264999896287915 -0.0099550001323223097 -0.010474999900907276 -0.011105000041425226 12.719999790191652 -0.013015000149607657 0.7223956584930421 -0.025644999928772446 90.79480361938478 -0.010894999839365481 0.68200001120567333 0.0067950000520795592 0.15945000201463702 -0.069674998521804796 -0.015974999405443665 0.017335000447928909 -0.011305000167340038 0.011588454246520998 0.41885000467300421 0.010505000129342081 -0.005965000018477439 0.0075450001750141391 0.19594999402761462 1.0885500311851504 0.37230500578880316 -0.3947750031948089 4.5000000000000009
decision_type=2 2 2 2 2 2 2 2 2 2 2 2 2 2 2 2 2 2 2 2 2 2 2 2 2 2 2 2 2 2
left_child=4 5 -3 6 9 7 12 27 20 17 -9 14 -4 -10 16 -12 -7 -1 26 -8 -6 -16 23 -5 25 -15 -19 28 -2 -22
right_child=1 2 3 22 8 11 19 10 13 -11 15 -13 -14 24 21 -17 -18 18 -20 -21 29 -23 -24 -25 -26 -27 -28 -29 -30 -31
leaf_value=0.10489189092384398 0.053109012046784455 0.042020591393445994 0.10253487382484353 -0.01038565360064027 0.096778562515592151 0.028927869273224521 0.046834120764339765 0.056192812478762982 0.047563021298884289 0.10287281149619465 0.050230848220448578 -0.043033888187162847 0.047488580951870654 0.037905103037548869 0.040911094615616692 0.040376137967274073 0.0088749338673499607 0.069203017276939824 0.095218542051975219 -0.0056326501425341922 0.060440984926879826 0.027511715566629871 0.00078311406179387439 -0.033554400134788269 0.031144077683325805 -0.042399993435800504 0.037016287889957228 0.038146541885801362 0.017994699081221904 -0.0082237653690255055
leaf_weight=264.10934145748615 175.28324170410633 1437.6234479397535 156.6346498131752 477.62967193126678 161.81174667179585 2389.4444778263569 97.987305343151093 3461.5341539978981 217.76126354932785 1162.1982669830322 4679.1144718825817 61.841287285089493 253.66379959881306 48.713874727487564 2691.673509567976 6074.0637693703175 863.92757394909859 378.55849725008011 373.44744527339935 515.02904829382896 138.57855540513992 1707.4606276601553 237.98810313642025 1774.9074533134699 107.50545212626457 122.0368919223547 251.15215902030468 1661.8630821853876 903.74202923476696 33.075958758592606
leaf_count=422 506 4381 288 2189 309 7816 279 9353 629 1845 13446 306 775 165 8351 18610 3174 895 669 2140 332 5691 1038 8930 360 571 707 5057 3051 108
internal_value=0.0387257 0.0344636 0.00522563 -0.00982835 0.0774655 0.0403318 0.029116 0.0450448 0.0411598 0.0898612 0.0474717 0.029973 0.0685029 0.020922 0.030563 0.0446643 0.0236028 0.0779284 0.0708295 0.00275388 0.0712628 0.0357103 -0.0258299 -0.0286417 7.29514e-05 -0.0194896 0.0563657 0.0324588 0.0236989 0.04721
internal_weight=32880.4 29621.4 4951.46 3513.84 3258.95 24669.9 1023.31 16955.6 829.484 2429.47 14214.7 7714.35 410.298 496.017 7652.51 10753.2 3253.37 1267.27 1003.16 613.016 333.466 4399.13 2490.53 2252.54 278.256 170.751 629.711 2740.89 1079.03 171.655
internal_count=102393 95381 20020 15639 7012 75361 3482 50023 2474 4538 41409 25338 1063 1725 25032 32056 10990 2693 2271 2419 749 14042 12157 11119 1096 736 1602 8614 3557 440
is_linear=0
shrinkage=0.05


Tree=7
num_leaves=31
num_cat=0
split_feature=27 51 51 52 30 12 27 51 30 53 53 12 13 29 13 12 21 51 30 8 51 13 51 21 21 53 51 51 53 40
split_gain=1811.81 812.8 800.921 672.856 463.691 428.332 207.505 192.18 169.909 159.385 159.082 153.758 219.766 145.159 122.272 195.577 107.614 103.462 102.727 95.9985 66.075 65.2596 59.9266 58.8532 49.3911 56.7007 48.0528 45.1832 54.574 44.0585
threshold=-0.010474999900907276 -0.016985000111162659 0.019805000163614753 4.5000000000000009 0.014595000073313715 -0.10656999796628951 -0.019325000233948227 -0.013015000149607657 -0.0078949998132884485 0.51394999027252208 0.4861499965190888 -0.19370499998331067 0.37688499689102178 0.012244999874383213 0.20774499326944354 -0.10528500005602835 12.719999790191652 -0.014264999888837336 0.014595000073313715 0.015194296836853029 -0.0194300003349781 0.10318499803543092 -0.014264999888837336 21.82499980926514 15.610000133514406 0.84935000538826 0.0056350000668317088 0.022055000066757206 0.14295000582933429 1.5000000000000002
decision_type=2 2 2 2 2 2 2 2 2 2 2 2 2 2 2 2 2 2 2 2 2 2 2 2 2 2 2 2 2 2
left_child=1 9 6 13 5 21 16 -7 -9 -1 27 -8 -13 14 15 -2 26 19 -17 -6 -15 22 -5 -18 25 -22 -3 28 -4 -16
right_child=3 2 10 4 17 7 11 8 -10 -11 -12 12 -14 20 29 18 23 -19 -20 -21 24 -23 -24 -25 -26 -27 -28 -29 -30 -31
leaf_value=0.047089968224301955 0.025410225378118337 0.025844895745367927 0.037669593353020669 0.095784664608625822 0.079791862103891401 0.055416687163367173 0.04362769567957149 0.012553108301257748 -0.02619913216998946 0.094136730506986441 0.026923500214855539 0.022832556949863816 0.040766043438458986 0.088220486049559413 0.038657845777328961 -0.021613031228100692 0.046876617495292761 0.025077434401040422 0.020413574969775226 -0.028488260370478882 0.036172725447992618 0.039149012119469688 0.0055240586289223596 0.064228601055908163 0.045731525216200761 0.017721049178401716 0.047631901840100487 0.09393506852573176 0.089024927208665297 0.023882073572863125
leaf_weight=221.76464809477329 1253.6099521517754 875.40315108001232 86.872744113206863 19.417044058442116 161.65938484668732 87.616574853658676 3724.2821601480246 335.3450716137886 1807.0551574975252 956.41110616922379 115.45435640215874 3743.3775748461485 3142.3863650262356 61.460211902856827 1026.7682874053717 452.44743673503399 6991.462483972311 911.01436032354832 214.26136475801468 23.437119022011757 1940.3502839654684 421.16253572702408 347.3956093788147 525.38743564486504 930.11382710933685 530.09158954024315 356.00698187947273 844.88666304945946 127.88552498817444 991.87393154203892
leaf_count=616 4076 2746 237 42 350 236 10846 1323 8698 1710 358 12618 9229 124 3143 1970 19593 3125 740 85 6025 1298 1321 1336 2766 1768 1010 1513 254 3237
internal_value=0.0363913 0.0448942 0.0425769 0.020359 0.00414819 -0.00596796 0.0401439 -0.017165 -0.0201333 0.0852813 0.0826572 0.0354433 0.0310167 0.0293704 0.0228056 0.0137735 0.0458449 0.0320016 -0.00810687 0.0660813 0.0368396 0.0257203 0.010302 0.0480894 0.0359109 0.0322135 0.0321436 0.0887297 0.068251 0.0313977
internal_weight=33226.7 21711.6 20533.4 11515.1 4114.1 3017.99 19358.3 2230.02 2142.4 1178.18 1175.1 10610 6885.76 7400.98 3938.96 1920.32 8748.26 1096.11 666.709 185.097 3462.02 787.975 366.813 7516.85 3400.56 2470.44 1231.41 1059.64 214.758 2018.64
internal_count=102393 62066 59740 40327 16478 12918 57378 10257 10021 2326 2362 32693 21847 23849 13166 6786 24685 3560 2710 435 10683 2661 1363 20929 10559 7793 3756 2004 491 6380
is_linear=0
shrinkage=0.05


Tree=8
num_leaves=31
num_cat=0
split_feature=37 36 45 37 28 28 51 8 13 7 40 8 28 31 21 2 5 1 37 21 30 31 21 24 15 51 13 53 1 51
split_gain=1856.36 1643.9 920.309 775.494 568.168 375.532 225.289 215.17 175.072 150.295 142.165 102.878 102.236 96.3261 86.4688 86.4407 73.7558 76.9686 69.6169 69.1557 63.7212 66.255 53.6633 51.6755 51.254 146.263 41.105 38.6004 58.8366 38.4265
threshold=-0.4391500055789947 0.99994999170303356 0.92434999346733104 -0.22264999896287915 0.012494999915361406 0.01429500011727214 0.017335000447928909 -0.018133580684661862 0.49495500326156622 82.724029541015639 1.5000000000000002 -0.016980022192001339 0.0079049998894333857 0.053525000810623176 12.839999675750734 0.7589109241962434 7.1749999523162851 -0.032003676518797868 0.053549999371171005 21.82499980926514 -0.027135000564157959 0.04040499962866307 19.485000610351566 0.25945499539375311 1.0039499998092654 -0.020744999870657917 0.21569500118494037 0.78675001859664928 -0.049146093428134911 -0.0016949999844655392
decision_type=2 2 2 2 2 2 2 2 2 2 2 2 2 2 2 2 2 2 2 2 2 2 2 2 2 2 2 2 2 2
left_child=4 7 26 5 6 12 11 14 9 10 -9 -1 -4 -11 -2 -7 17 -13 -10 22 -5 -22 -16 -21 -6 -26 -3 -27 -29 -20
right_child=1 2 3 20 24 15 -8 8 18 13 -12 16 -14 -15 19 -17 -18 -19 29 23 21 -23 -24 -25 25 27 -28 28 -30 -31
leaf_value=0.070378335823694113 0.029125205287273328 0.025762555774559083 -0.012930056941090833 0.010960580708376858 0.094034554233193512 0.028291737766135774 0.077940299049766071 0.03422846743046247 0.050044649859118578 -0.052012853989364727 0.023055117130307765 0.057615682017608541 0.024263968591288362 0.025932625810699602 0.045108363945317358 0.091883839235257725 0.063475493251490711 0.012778469723097877 0.047077823727815597 0.049433854235941689 -0.029324778238536464 0.0027130738083445869 0.026626508880358574 0.083458964639146538 0.098594181717368945 0.070354516377754625 0.043298611504043648 0.099208690309184583 0.025433413121762012 0.034954800558796094
leaf_weight=152.06367681920528 967.90333105623722 512.28029027581215 328.37895958125591 116.36385866999626 1142.1293315291405 71.681172206997871 378.20983968675137 7187.2131730169058 1245.1327601224184 92.7171790599823 4714.102710917592 113.54722099006176 422.42238473892212 69.235778868198395 5118.5743436664343 209.97197324037552 111.7015770226717 609.43522228300571 773.32691687345505 261.71276299655437 2172.9889192283154 174.3188601732254 425.40101765096188 194.53806973993778 403.72153118252754 208.44789950549603 961.15851475298405 33.022273018956184 148.80640424787998 4223.986701965332
leaf_count=345 2971 1622 1415 469 1809 204 713 21868 3338 462 15163 304 1477 227 14292 386 279 2090 2155 708 10939 749 1283 431 603 419 2759 54 396 12463
internal_value=0.0342324 0.0303464 0.00405772 -0.00991079 0.0698346 0.0264658 0.0451295 0.0355155 0.0326691 0.0291517 0.0298027 0.0325535 0.00799637 -0.0186907 0.0429931 0.0756995 0.0256625 0.0198203 0.0394665 0.0452301 -0.0251552 -0.0269455 0.0436902 0.0639416 0.0872516 0.0774946 0.0372017 0.0556682 0.0388319 0.0368308
internal_weight=33544.5 30243.4 4969.56 3496.13 3301.08 1032.45 1364.96 25273.8 18305.7 12063.3 11901.3 986.748 750.801 161.953 6968.13 281.653 834.684 722.982 6242.45 6000.23 2463.67 2347.31 5543.98 456.251 1936.13 793.998 1473.44 390.277 181.829 4997.31
internal_count=102393 95381 20020 15639 7012 3482 3731 75361 55676 37720 37031 3018 2892 689 19685 590 2673 2394 17956 16714 12157 11688 15575 1139 3281 1472 4381 869 450 14618
is_linear=0
shrinkage=0.05


Tree=9
num_leaves=31
num_cat=0
split_feature=37 36 45 37 28 27 27 28 37 21 27 28 35 12 27 13 37 37 28 27 51 5 5 21 30 21 25 7 17 51
split_gain=1682.47 1448.65 823.419 708.993 521.456 349.539 236.22 233.846 156.256 155.504 147.831 147.069 149.524 141.946 107.903 96.3562 95.765 86.4187 82.5478 81.148 65.7965 64.2692 79.2203 70.1145 63.4183 55.8184 52.6244 52.4592 51.1954 58.9567
threshold=-0.4391500055789947 0.99994999170303356 0.92434999346733104 -0.31125000119209284 0.012494999915361406 -0.010474999900907276 -0.012215000111609696 0.013685000129044058 -0.15525000542402265 12.719999790191652 -0.015614999923855065 0.0084150000475347059 3.5000000000000004 -0.045169999822974198 -0.025644999928772446 0.17464499920606616 0.42294999957084661 0.15945000201463702 0.0079049998894333857 -0.010925000067800282 0.022055000066757206 6.9352846145629892 -5.3003697395324698 16.564999580383304 -0.017165000550448891 15.050000190734865 1.0323500037193301 68.056518554687514 1.0039499998092654 -0.020744999870657917
decision_type=2 2 2 2 2 2 2 2 2 2 2 2 2 2 2 2 2 2 2 2 2 2 2 2 2 2 2 2 2 2
left_child=4 5 -3 7 6 9 20 18 10 -2 -5 13 25 27 -11 -15 -14 -16 -4 -6 26 22 -8 -24 -10 -13 -1 -7 -21 -30
right_child=1 2 3 8 19 11 21 -9 24 14 -12 12 16 15 17 -17 -18 -19 -20 28 -22 -23 23 -25 -26 -27 -28 -29 29 -31
leaf_value=0.071750831519643274 0.026576118318334382 0.034945048132974381 -0.010002677717973528 0.055285559879907555 0.088491234864240084 0.021893074076831848 0.051759075667559912 0.078269250214384967 -0.0015417519856919405 0.046908470724155243 -0.009380750803885729 0.05162705396108333 0.029606751343807039 -0.042784772528987186 0.041960689736864183 0.0080608427681798708 0.015178353173883583 0.033087749374271447 0.034510607197237003 0.084738534560526255 0.090183042398324254 0.058047672655174853 -0.0039763933371917328 0.041894521504792351 -0.02968252186151072 0.029590862879825659 0.03928611169185478 -0.018645181051029549 0.093915593942430653 0.038092447370820209
leaf_weight=234.50307488441467 2826.4268290102482 1489.7052334696054 181.62655660510063 105.85332769155502 1481.6354915946722 1259.4848503917456 121.73167112469673 228.00051854550838 223.11185279488564 3597.3797733038664 535.3630306571722 801.29787835478783 3172.8336880207062 173.45656730234623 4860.3273553699255 201.32722918689251 1803.8691643029451 6302.7805976271629 244.1657023280859 184.08480076491833 173.630983710289 106.07676041126251 364.02747863531113 108.0265174806118 1950.3414202928543 448.06103003025055 266.89220906794071 85.204173296689987 60.951555117964745 211.14903075993061
leaf_count=493 8614 4381 769 308 2336 4061 324 433 954 9353 2382 2268 9770 824 13446 691 5997 18610 770 322 272 265 1385 319 10023 1385 673 342 95 528
internal_value=0.0322623 0.0285855 0.00385381 -0.00949989 0.0661043 0.0333882 0.0425532 0.0374048 -0.0203949 0.0373204 0.0012945 0.0246844 0.0282593 0.0117402 0.0393778 -0.0154714 0.024377 0.036951 0.015523 0.0828138 0.0636561 0.0221993 0.0157951 0.00652087 -0.0267938 0.0437242 0.0544699 0.0193244 0.0643742 0.050597
internal_weight=33803.3 30490.6 4958.17 3468.46 3312.71 25532.4 1374.89 653.793 2814.67 17586.9 641.216 7945.53 6226.06 1719.47 14760.5 374.784 4976.7 11163.1 425.792 1937.82 675.026 699.862 593.786 472.054 2173.45 1249.36 501.395 1344.69 456.185 272.101
internal_count=102393 95381 20020 15639 7012 75361 3731 1972 13667 50023 2690 25338 19420 5918 41409 1515 15767 32056 1539 3281 1438 2293 2028 1704 10977 3653 1166 4403 945 623
is_linear=0
shrinkage=0.05


Tree=10
num_leaves=31
num_cat=0
split_feature=37 27 36 45 37 37 0 36 45 37 51 21 27 7 37 29 37 27 12 17 16 44 1 12 49 27 25 12 30 21
split_gain=1569.44 988.296 866.362 413.348 375.569 332.188 221.175 177.247 291.092 175.167 167.345 129.938 126.822 99.5419 98.5978 80.4279 134.668 77.9125 69.5042 67.3088 61.5083 60.8664 60.7564 60.3782 62.2286 50.0792 55.37 33.025 33.7706 28.0742
threshold=-0.53415000438690174 -0.012104999739676712 0.99994999170303356 0.99944999814033519 -0.32654999196529383 -0.31125000119209284 0.53382602334022533 0.95835000276565563 0.85895001888275158 -0.19244999438524243 -0.012335000094026325 12.719999790191652 -0.013195000123232601 85.536067962646499 -0.083049997687339769 0.017345000058412555 0.2241499945521355 -0.025644999928772446 -0.090675000101327882 0.99935001134872448 1.0184499621391299 0.034450000151991851 0.46214036643505102 -0.12383499741554259 0.53974997997283947 -0.020405000075697895 1.0475500226020815 -0.41129499673843378 0.0050449999980628499 13.694999694824221
decision_type=2 2 2 2 2 2 2 2 2 2 2 2 2 2 2 2 2 2 2 2 2 2 2 2 2 2 2 2 2 2
left_child=6 5 13 27 10 19 12 11 29 -10 -5 22 -1 15 -6 18 -17 -13 -3 25 23 -15 -7 -14 -25 -2 -27 -4 -29 -9
right_child=1 2 3 4 14 7 -8 8 9 -11 -12 17 20 21 -16 16 -18 -19 -20 -21 -22 -23 -24 24 -26 26 -28 28 -30 -31
leaf_value=0.074358734274846558 0.075792003690714524 0.026009612316966843 0.061907054443459932 0.056000580518886678 -0.0087969469695825617 0.02027785558714347 0.081100963316724006 0.023026731302974775 0.04420299516732018 -0.016361575057761216 0.0021603940758157855 0.043414955653020122 0.066646415648294113 -0.046322792711012646 -0.03169929579075622 0.047009529515935213 0.024906713663727337 0.034833851060836106 0.015018534428605419 0.076749985030902385 0.063444056284563538 0.021504417902578343 0.038401450141253256 0.032409867045333801 -0.011894803979553725 0.05683364656660031 0.0072040905082466833 0.013694692605617018 0.035836244758813925 0.044332552719675532
leaf_weight=358.78780460357666 109.95196041464806 4181.1987176835537 67.312988758087158 213.52789920568466 720.70530445873737 1881.7137883156538 1489.131298571825 210.24787794053555 148.25465433299541 613.11493287980556 445.31191864609718 3629.2935484647751 82.72409425675869 78.327748507261276 1350.6609621942043 1013.2282921671867 2154.570483982563 9755.5433744937181 2192.6669580042362 521.21943934261799 164.42813919484615 57.251656994223595 613.09393799304962 273.34044454991817 111.62041763961315 125.97482717037201 101.46512685716152 330.94336773455143 359.04862551391125 584.31423199176788
leaf_count=659 213 12849 172 474 3352 5833 2476 632 452 2824 1716 9376 186 390 7183 2756 6698 27657 7368 1001 378 199 1709 781 420 298 306 1064 1043 1594
internal_value=0.0306262 0.0276073 0.0171602 -0.00420615 -0.013272 0.0351251 0.0689207 0.0336299 0.0175247 -0.00456838 0.0196098 0.0352079 0.050616 0.0248603 -0.0237307 0.0254648 0.0319764 0.0371606 0.0222286 0.0654867 0.0371397 -0.0176811 0.0247317 0.0278916 0.0195636 0.0480867 0.034693 0.0284777 0.0252164 0.0386949
internal_weight=33939 31458.9 13164.8 3487.51 2730.21 18294.2 2480.03 17435.6 1555.93 761.37 658.84 15879.6 990.901 9677.24 2071.37 9541.66 3167.8 13384.8 6373.87 858.611 632.113 135.579 2494.81 467.685 384.961 337.392 227.44 757.305 689.992 794.562
internal_count=102059 97159 45264 15004 12725 51895 4900 50077 5502 3276 2190 44575 2424 30260 10535 29671 9454 37033 20217 1818 1765 589 7542 1387 1201 817 604 2279 2107 2226
is_linear=0
shrinkage=0.05


Tree=11
num_leaves=31
num_cat=0
split_feature=27 28 51 51 12 13 21 27 51 53 36 51 30 25 13 8 12 49 31 6 36 28 21 36 30 3 31 15 51 1
split_gain=1109.46 685.548 617.512 654.317 472.36 349.857 153.901 127.101 123.068 117.123 114.031 113.069 112.769 103.186 91.3554 85.5194 85.2162 78.4081 78.2224 57.2534 55.0438 54.2022 57.9035 50.6496 49.1933 37.5213 35.6359 35.2659 49.9922 47.5314
threshold=-0.010474999900907276 0.01074500009417534 -0.016985000111162659 0.022055000066757206 -0.10656999796628951 0.17690499871969226 12.719999790191652 -0.014855000190436838 -0.015974999405443665 0.51394999027252208 0.98519998788833629 0.0084850001148879545 0.013754999730736019 0.9573500156402589 0.42845499515533453 0.021468877792358402 -0.3947750031948089 0.58355000615119945 0.034265000373125083 0.4144085049629212 0.99235001206398021 0.019894999451935295 15.675000190734865 0.76100000739097606 0.012035000137984754 0.59731826186180126 -0.037185000255703919 1.004849970340729 -0.022625000216066834 0.11798916384577753
decision_type=2 2 2 2 2 2 2 2 2 2 2 2 2 2 2 2 2 2 2 2 2 2 2 2 2 2 2 2 2 2
left_child=2 4 9 6 -2 11 14 19 27 -1 -9 12 -6 21 16 -5 -4 -13 20 -8 -15 22 -10 -7 -20 -25 -16 -3 -29 -30
right_child=1 8 3 15 5 23 7 10 13 -11 -12 17 -14 18 26 -17 -18 -19 24 -21 -22 -23 -24 25 -26 -27 -28 28 29 -31
leaf_value=0.038099668064844161 0.022323351965431601 0.072029623849388713 0.042966904866300955 0.078364149681481088 -0.030524764730659994 0.021756725877856983 0.035515442360709408 0.030559975975678097 0.022091489214617441 0.078300164789833607 0.011639949913802988 0.031552957511270574 0.0036079777302218605 0.015178968633888089 0.046711733430763229 0.018001930725021757 0.0085325288167394531 -0.039693239822967734 0.048315871124982625 0.054682668695752182 -0.0074156593525173415 0.039591478960112142 0.038186891304079359 0.024759575735566284 0.021952903997420357 -0.016930653310398096 0.026624948232944198 0.0865180336839107 0.050995203160256734 -0.0028769208338602654
leaf_weight=223.63773068785667 1808.0395409166813 161.98821516335011 206.56247401237488 874.81766614317894 1590.9891881942749 712.56103982031345 11997.691333860159 3713.442968994379 2058.3470256626606 954.42790681123734 1013.7964278161526 154.22016812860966 285.39048720896244 1147.1911347657442 263.78689408302307 62.896625831723213 1380.105157405138 51.516779556870461 227.09538739919662 402.67945139110088 352.33586725592613 1088.824554130435 766.99702313542366 77.635896280407906 801.41693542897701 177.04423925280571 1355.0666785240173 47.371696516871452 97.464100480079651 70.605068907141685
leaf_count=593 5733 332 561 1585 8111 2238 32850 10677 6419 1705 3722 557 1148 3679 699 182 4557 244 638 978 1482 3090 2229 271 2513 781 3945 89 233 218
internal_value=0.0289294 0.0164292 0.0354314 0.0334798 0.00207428 -0.00993189 0.0315966 0.0334785 0.0266538 0.0706687 0.0265024 -0.0214751 -0.0253333 0.025028 0.0215415 0.0743154 0.0130154 0.0137128 0.0171541 0.0361379 0.00987003 0.0301135 0.0264609 0.0149164 0.0277738 -0.00422193 0.029898 0.0544037 0.0411509 0.0283638
internal_weight=34125.9 11677 22448.9 21270.8 4857.4 3049.36 20333.1 17127.6 6819.64 1178.07 4727.24 2082.12 1876.38 6442.21 3205.52 937.714 1586.67 205.737 2528.04 12400.4 1499.53 3914.17 2825.34 967.241 1028.51 254.68 1618.85 377.429 215.441 168.069
internal_count=102059 40005 62054 59756 19083 13350 57989 48227 20922 2298 14399 10060 9259 20050 9762 1767 5118 801 8312 33828 5161 11738 8648 3290 3151 1052 4644 872 540 451
is_linear=0
shrinkage=0.05


Tree=12
num_leaves=31
num_cat=0
split_feature=37 36 45 28 37 27 27 27 27 28 37 7 37 37 31 51 44 51 28 51 37 37 21 21 21 8 8 13 21 31
split_gain=1393.45 1119.16 794.838 566.601 372.391 226.917 207.226 126.885 126.644 121.687 131.317 112.368 90.1942 73.7753 88.5956 72.3482 65.2433 62.9392 59.4228 59.1865 55.9069 54.2594 54.9476 56.2655 54.1298 52.893 111.971 49.1738 48.9492 47.811
threshold=-0.38664999604225153 0.99994999170303356 0.99944999814033519 0.010565000120550396 -0.15525000542402265 -0.019325000233948227 -0.015835000202059742 -0.0099550001323223097 -0.010925000067800282 0.020525000058114532 0.082550000399351134 84.054248809814467 0.2241499945521355 0.23775000125169757 -0.031944999471306794 -0.0194300003349781 0.20594999939203265 0.015575000084936621 0.016764999367296699 -0.010464999824762343 0.46105000376701361 -1.1999000310897825 16.564999580383304 17.210000038146976 21.82499980926514 -0.0067471563816070548 -0.016980022192001339 0.72024500370025646 21.884999275207523 0.031214999966323379
decision_type=2 2 2 2 2 2 2 2 2 2 2 2 2 2 2 2 2 2 2 2 2 2 2 2 2 2 2 2 2 2
left_child=3 5 -3 7 6 13 18 25 -5 11 -11 12 -7 -2 24 -8 -13 19 -4 -6 -12 -9 -23 -24 -15 26 -1 -16 -28 -10
right_child=1 2 4 8 17 9 15 21 29 10 20 16 -14 14 27 -17 -18 -19 -20 -21 -22 22 23 -25 -26 -27 28 -29 -30 -31
leaf_value=0.054707194929082319 0.038864501049149673 0.030617972059030742 0.036998915507293582 0.076171400488034655 -0.0020857153063715168 0.026410515700368814 0.077808343316806708 0.066575073656802708 0.041639520548682918 0.062526167610085129 0.035077019441636902 -0.044488719129414753 0.01814954209680715 0.036088303673750724 0.020473194917766807 -0.0015533586557476278 0.027990195975534312 0.0092308541445872642 0.096430056674703529 -0.030482930506236357 0.021184259523686425 -0.0040106817650051715 0.11465191728095503 0.018839836452730584 0.065436532770014252 0.057834492571387688 -0.007293286226822019 0.034708046151160736 0.10626537856417335 0.070868038661393448
leaf_weight=200.54885265231133 4470.852782741189 1539.8979698717594 103.57533605396748 1879.7587892115116 204.7715450078249 7648.4210743159056 29.769577488303185 37.807597443461418 453.62832240760326 338.13582125306129 1865.7280075401068 98.341937199234962 5817.127048894763 1370.5411038845778 2063.3650475144386 812.54572725296021 45.3757404088974 123.73888504505157 70.816656798124313 1765.4859980940819 1183.5070472806692 382.96689775586128 19.391808211803436 73.02727384865284 177.45614020526409 294.51371943950653 159.11759133636951 859.37194375693798 10.091380149126051 202.309705093503
leaf_count=442 11572 4399 296 3147 907 22426 51 85 1077 794 5207 494 18098 3669 6023 3394 140 500 115 9486 3617 1503 41 250 396 683 523 2313 18 393
internal_value=0.0273366 0.0238255 0.00123891 0.0562611 -0.0133047 0.0278751 0.0115227 0.0275988 0.0695706 0.0244831 0.0329631 0.0223724 0.0228418 0.0343229 0.0297811 0.00125149 -0.0216051 -0.0253592 0.0611326 -0.0275316 0.0296848 0.00892493 0.00433999 0.0389436 0.0394527 0.0420256 0.0294337 0.0246587 -0.00052081 0.0506544
internal_weight=34302 30588.8 4650.6 3713.16 3110.7 25938.2 1016.71 1177.47 2535.7 16996.6 3387.37 13609.3 13465.5 8941.59 4470.73 842.315 143.718 2094 174.392 1970.26 3049.24 513.194 475.386 92.4191 1548 664.272 369.758 2922.74 169.209 655.938
internal_count=102059 93897 19148 8162 14749 74749 3856 3545 4617 50776 9618 41158 40524 23973 12401 3445 634 10893 411 10393 8824 1879 1794 291 4065 1666 983 8336 541 1470
is_linear=0
shrinkage=0.05


Tree=13
num_leaves=31
num_cat=0
split_feature=37 27 36 30 37 28 1 36 13 30 28 37 21 37 8 1 2 30 37 27 33 3 53 8 2 13 1 31 1 28
split_gain=1289.33 712.254 627.787 310.533 270.122 253.546 167.827 136.22 126.556 107.756 99.8436 112.807 98.8391 89.2853 100.954 88.8681 86.9871 72.2684 71.9627 66.5416 65.7031 86.1655 55.3161 52.3858 52.2087 49.7752 49.4116 49.456 49.3861 48.9193
threshold=-0.53415000438690174 -0.012104999739676712 0.99994999170303356 0.014595000073313715 -0.31125000119209284 0.010565000120550396 -0.10495545715093611 0.95835000276565563 0.21299500018358233 -0.0078949998132884485 0.012585000135004522 0.060450000688433654 12.719999790191652 -0.29665000736713404 0.0014247894287109377 0.073617570102214827 0.69249531626701366 0.030605000443756584 0.16225000470876697 -0.010555000044405459 0.20154999941587451 0.61194896697998058 0.2970499992370606 -0.022214055061340329 0.3140928596258164 1.6268149614334109 0.23049777746200564 0.017444999888539318 0.46214036643505102 0.012114999815821649
decision_type=2 2 2 2 2 2 2 2 2 2 2 2 2 2 2 2 2 2 2 2 2 2 2 2 2 2 2 2 2 2
left_child=5 4 10 6 16 23 -4 12 15 -8 20 -12 28 14 -5 -9 22 -15 -14 -7 21 -3 -2 -1 -25 -13 -21 -28 -6 -18
right_child=1 2 3 13 7 19 9 8 -10 -11 11 25 18 17 -16 -17 29 -19 -20 26 -22 -23 -24 24 -26 -27 27 -29 -30 -31
leaf_value=0.068215294513455135 0.014498750429747291 0.019234620014607504 0.039392644106345451 0.078126254816653681 0.016494225850679268 0.075584126706795665 0.0033268410607020515 0.017344208483695413 0.030855398107190013 -0.021497030241947927 0.0458432584896327 0.021763515025157845 0.035642853674533528 -0.0042664445918443655 0.011611467727188339 -0.01376279979104672 0.045150867235355545 0.030007018758674377 0.028246573829885324 0.06361856981373068 0.024791622331583545 0.0024583775110223255 0.055231926391759424 0.011177922647079605 0.042086050117632008 0.048468878285444238 -0.015016873041668009 0.051993053779228249 0.032658662442645196 0.079106279834414733
leaf_weight=95.330318421125412 150.80915467441082 1582.4164550751448 146.38648863136768 129.11415986716747 1915.8598802238703 1405.9736328721046 569.72768788039684 470.12281075119972 659.75029404461384 1878.8225379884243 590.68395039439201 4801.6919806301594 5493.2958839982748 318.10963310301304 102.20210354030132 448.76826333999634 147.56047540903091 297.78392773866653 8194.456731274724 280.71127673983574 1232.1141739338636 1482.4154962599277 186.32367254793644 249.93812991678715 301.36903570592403 181.06348749995232 46.606823369860649 67.287017360329628 627.21938621997833 377.26788334548473
leaf_count=186 422 4889 423 255 5833 2300 2277 1631 1883 9473 1526 14542 14344 1346 307 1988 359 923 22689 552 3698 5133 404 806 768 472 145 143 1709 633
internal_value=0.0258685 0.0231921 0.0143556 -0.00403086 0.0294924 0.0608473 -0.0126119 0.0281694 0.0141479 -0.015721 0.0207676 0.0251831 0.0295331 0.0222523 0.0487381 0.00215216 0.0568289 0.0123047 0.0312149 0.070492 0.0150404 0.0111202 0.0370108 0.0339915 0.0280737 0.0227339 0.0523486 0.0245717 0.020481 0.0695594
internal_weight=34431.2 31984 13312.5 3442.15 18671.4 2447.22 2594.94 17809.5 1578.64 2448.55 9870.39 5573.44 16230.8 847.21 231.316 918.891 861.961 615.894 13687.8 1800.58 4296.95 3064.83 337.133 646.637 551.307 4982.76 394.605 113.894 2543.08 524.828
internal_count=102059 97159 45264 15004 51895 4900 12173 50077 5502 11750 30260 16540 44575 2831 562 3619 1818 2269 37033 3140 13720 10022 826 1760 1574 15014 840 288 7542 992
is_linear=0
shrinkage=0.05


Tree=14
num_leaves=31
num_cat=0
split_feature=37 36 45 27 37 27 27 51 51 51 40 53 0 35 35 15 25 23 40 48 24 53 51 12 13 31 1 51 23 37
split_gain=1191.7 890.986 673.601 390.907 331.912 191.753 174.949 107.59 104.21 205.763 91.3741 76.9406 68.6113 67.9675 71.6984 65.8836 64.8174 64.7498 62.8491 83.0392 70.0654 58.2002 56.9689 56.2056 147.933 55.627 73.9732 55.2189 54.0831 51.3112
threshold=-0.38664999604225153 0.99994999170303356 0.99944999814033519 -0.0099550001323223097 -0.15525000542402265 -0.019325000233948227 -0.015835000202059742 -0.012335000094026325 0.022055000066757206 -0.015974999405443665 1.5000000000000002 0.37935000658035284 0.22561296075582507 5.0000000000000009 22.500000000000004 1.0075500011444094 1.0403500199317934 36.68499946594239 1.5000000000000002 0.48514999449253088 -0.049990000203251832 0.36065000295639044 0.014744999818503858 -0.18380499631166455 0.20510499924421313 0.032724998891353614 0.12330156564712526 -0.0083849998190999014 -79.06499862670897 0.28914999961853033
decision_type=2 2 2 2 2 2 2 2 2 2 2 2 2 2 2 2 2 2 2 2 2 2 2 2 2 2 2 2 2 2
left_child=3 5 -3 8 6 13 21 15 9 11 28 -1 -8 -2 17 -5 -11 -15 20 -20 -9 -4 27 -12 -25 26 -17 -6 -7 -30
right_child=1 2 4 7 22 10 12 18 -10 16 23 -13 -14 14 -16 25 -18 -19 19 -21 -22 -23 -24 24 -26 -27 -28 -29 29 -31
leaf_value=-0.045739254985815853 0.022506387061095642 0.027825841899377857 0.03105349332073808 0.066834922286606341 -0.0049819554646253804 -0.028286352665703063 -0.01580245716300583 0.057876244749361955 0.07927186174219876 0.054040584019377773 0.023191371715412398 0.077700089137206677 0.013289518346525891 0.038299825601397663 0.02455223379916268 0.037371041513021043 0.030997729243171002 0.022510425090245118 -0.015171861730109393 0.060833674194334442 0.010126302027933583 0.089212343803089664 0.0068450021492204999 -0.0062610987888843065 0.018087471556081022 0.068526944619716187 -0.035610506633088589 -0.029729866299698843 0.028008590593871244 0.020616598544236094
leaf_weight=12.829628720879553 1960.5810049325228 1557.217596784234 99.010016322135925 190.06940641999245 260.98392286896706 47.614523857831955 343.44733527302742 119.59812182188034 630.4658837467432 643.02459660172462 2715.7563644200563 786.65427568554878 494.44266541302204 4479.6006263494492 1846.10746781528 92.103201121091843 580.86141672730446 759.37025848031044 254.21638286113739 41.852543443441391 214.80439828336239 76.062914937734604 138.56162409484386 745.78451959788799 3814.4618957340717 55.599284216761589 55.729230165481567 1653.0686849802732 6028.8725083321333 3844.7667388916016
leaf_count=42 5390 4399 282 365 1203 201 1583 298 994 1388 7891 1260 1862 11454 5037 216 1425 2092 1006 100 770 129 567 2704 11410 108 190 9123 17048 11522
internal_value=0.0244927 0.021287 0.00104646 0.0513964 -0.0125566 0.0248524 0.0108631 0.0251539 0.061522 0.0559913 0.0217527 0.0757192 0.00136485 0.0307455 0.0330254 0.0456689 0.0431043 0.0360112 0.0123498 -0.00442766 0.0272039 0.0563214 -0.0241143 0.0174968 0.0141055 0.0258932 0.00985877 -0.0263555 0.0248738 0.0251302
internal_weight=34543.5 30865.7 4622.79 3677.81 3065.58 26242.9 1012.96 1023.97 2653.84 2023.37 17197.3 799.484 837.89 9045.66 7085.08 393.501 1223.89 5238.97 630.471 296.069 334.403 175.073 2052.61 7276 4560.25 203.432 147.832 1914.05 9921.25 9873.64
internal_count=102059 93897 19148 8162 14749 74749 3856 3053 5109 4115 50776 1302 3445 23973 18583 879 2813 13546 2174 1106 1068 411 10893 22005 14114 514 406 10326 28771 28570
is_linear=0
shrinkage=0.05


Tree=15
num_leaves=31
num_cat=0
split_feature=37 36 37 45 28 28 27 37 51 28 28 27 37 37 29 12 52 25 35 8 2 25 13 31 33 8 35 27 12 37
split_gain=1157.96 704.986 412.411 629.896 306.434 214.99 212.746 121.535 120.005 119.191 105.104 98.5322 92.2014 79.0529 78.3009 109.958 74.4745 68.9799 61.6986 55.8689 51.2851 50.0225 48.9752 47.2462 44.7956 50.124 43.265 41.4407 42.0974 36.6381
threshold=-0.49214999377727503 0.99994999170303356 -0.31125000119209284 0.99944999814033519 0.012494999915361406 0.010325000155717136 -0.010395000223070381 -0.083049997687339769 0.017335000447928909 0.023984999395906929 0.020525000058114532 -0.025644999928772446 0.16504999995231631 0.15945000201463702 0.012804999947547914 -0.089704997837543474 2.5000000000000004 1.4196500182151797 3.5000000000000004 -0.016980022192001339 0.7075285315513612 1.2785499691963198 0.046845000237226493 -0.023355000652372834 0.14504999667406085 -0.013632476329803465 3.5000000000000004 -0.010925000067800282 -0.19156499952077863 0.23775000125169757
decision_type=2 2 2 2 2 2 2 2 2 2 2 2 2 2 2 2 2 2 2 2 2 2 2 2 2 2 2 2 2 2
left_child=4 6 5 -4 8 21 11 9 19 -5 14 29 -12 18 15 -8 -9 -7 -13 -1 -19 23 -15 -3 25 -21 -16 28 -6 -2
right_child=1 2 3 7 27 17 10 16 -10 -11 12 13 -14 22 26 -17 -18 20 -20 24 -22 -23 -24 -25 -26 -27 -28 -29 -30 -31
leaf_value=0.053155652967171001 0.037942084728182585 0.057353656846276947 0.022407422722435316 -0.0063927612911710285 0.04140302096476179 0.057723721416154998 0.01582990878430874 0.0069171269256753758 0.058695674071130667 0.096920186503065053 0.05866702014300125 0.017999912728453252 0.023445360460849982 0.035250271334611366 0.034327930488389689 -0.0015351221275314991 -0.028883274485777523 -0.071409054110825723 0.031146793756187247 -0.05739910193949363 0.036894096013896004 -0.03190034579594541 0.020213794373176882 0.0063916109553171507 0.058072198709239554 0.015699245234953065 0.017604242905411325 0.053560991126104497 0.075091406107522143 0.028713964159378921
leaf_weight=127.18113136291504 2083.2211901545525 52.877966821193695 1500.083709731698 865.98556509613991 100.87156416475773 519.62197387218475 2503.4862639009953 159.62916259467602 337.26556427776814 28.847343027591705 211.07701623439789 1083.8509930372238 1551.8897234797478 583.64843133091927 481.66963195800781 1433.6891051381826 1614.7855305969715 18.226142585277557 5052.7650889605284 24.488687172532082 27.308294206857681 72.190836161375046 7504.5647862106562 325.03335419297218 59.767662480473518 553.69755466282368 1962.1538001894951 382.23568297922611 1149.3765251934528 2223.7220176160336
leaf_count=272 5065 143 4283 4026 208 1074 7646 694 640 47 487 3068 4535 1558 1340 5105 8894 74 13392 94 62 304 21606 1235 139 1704 5925 766 1872 5824
internal_value=0.0229928 0.0203127 0.00344185 -0.00351693 0.054215 0.0320193 0.0235916 -0.0180861 0.0338482 -0.00306219 0.0168559 0.0265517 0.0276624 0.0245455 0.0138702 0.00950658 -0.0256626 0.0525527 0.0288248 0.0228956 -0.00645658 0.00623707 0.0212988 0.0135223 0.016863 0.0126032 0.0209004 0.0679686 0.0723734 0.0331775
internal_weight=34595.2 31860.3 5184.59 4169.33 2734.88 1015.26 26675.7 2669.25 1102.4 894.833 8143.97 18531.8 1762.97 14224.8 6381 3937.18 1774.41 565.156 6136.62 765.135 45.5344 450.102 8088.21 377.911 637.954 578.186 2443.82 1632.48 1250.25 4306.94
internal_count=102082 96387 20836 17944 5695 2892 75551 13661 2849 4073 25038 50513 5022 39624 20016 12751 9588 1210 16460 2209 136 1682 23164 1378 1937 1798 7265 2846 2080 10889
is_linear=0
shrinkage=0.05


Tree=16
num_leaves=31
num_cat=0
split_feature=37 36 37 45 28 28 28 24 35 35 37 7 28 21 37 31 0 12 52 17 53 24 25 8 8 2 33 53 2 39
split_gain=1074.32 627.316 372.637 570.699 292.922 195.737 140.719 169.937 223.138 173.888 112.615 112.303 107.761 97.6272 96.3147 84.4761 82.9255 79.6959 69.0863 63.8845 74.5045 63.3545 63.3247 53.2801 51.4935 46.8034 46.0774 42.0746 40.3337 39.9133
threshold=-0.49214999377727503 0.99994999170303356 -0.31125000119209284 0.99944999814033519 0.012494999915361406 0.010484999977052213 0.020684999413788322 0.072765000164508833 5.0000000000000009 10.500000000000002 -0.083049997687339769 30.237805366516117 0.023984999395906929 13.265000343322756 0.085749998688697829 0.047244999557733543 0.33750601112842565 -0.17983499914407727 2.5000000000000004 0.99994999170303356 0.28984999656677252 -0.040185000747442239 1.4196500182151797 -0.022214055061340329 0.0066344738006591806 0.7075285315513612 0.11954999715089799 0.47775000333786016 0.15020611137151721 0.18515000492334369
decision_type=2 2 2 2 2 2 2 2 2 2 2 2 2 2 2 2 2 2 2 2 2 2 2 2 2 2 2 2 2 2
left_child=4 6 5 -4 16 19 7 11 13 -10 12 17 -5 -9 27 -13 23 -2 -12 21 -21 -3 -7 -1 -16 -24 -25 -8 29 -18
right_child=1 2 3 10 -6 22 14 8 9 -11 18 15 -14 -15 24 -17 28 -19 -20 20 -22 -23 25 26 -26 -27 -28 -29 -30 -31
leaf_value=0.069716965852523835 0.010689763227220804 0.10868069683192726 0.021187723096355915 -0.0060928100045366685 0.065662308773004024 0.055562299493547296 0.030191943700903952 -0.013063743354148886 0.039942057463414588 0.023935550268283305 0.0065488662328604501 0.012227754676789521 0.092221768583280794 0.015183770141175702 0.032090850841504481 0.022006353863940082 0.059623034659870115 -0.046902166903364434 -0.027905725968058459 0.049263843513379306 -0.0012713833146031877 -0.026421472529220863 -0.068811357259174796 0.00099371376630970863 0.021999067040541904 0.03513103296627245 0.050544893763807455 0.050267267289797746 0.047843244410742294 -0.0063121470804221912
leaf_weight=39.201983019709587 118.92775087058544 9.1969294250011426 1506.9335982352495 863.25888553261757 1606.0465825796127 507.63517743349075 431.90320278704166 361.16265641152859 2313.0195324718952 6368.329737842083 160.16120855510235 5398.390212610364 28.801839888095856 1998.2936591953039 2096.8396029919386 3737.8781679272652 33.465303689241409 121.37451234459877 1588.465524956584 126.55377586185932 172.14287415146828 153.62961016595364 17.974844411015511 313.61535866558552 3182.5532554090023 27.246382176876068 55.168972954154015 659.57437711954117 586.99132439494133 73.060675591230392
leaf_count=73 359 25 4283 4026 2846 1044 1074 1196 5902 17507 694 16698 47 5694 5495 10686 69 514 8894 362 694 631 74 1073 8924 62 134 1502 1278 222
internal_value=0.0218023 0.0192396 0.00327941 -0.0033642 0.0520425 0.030444 0.0223151 0.0202908 0.0244946 0.0282003 -0.017375 0.015341 -0.00291854 0.0108599 0.0288026 0.0162284 0.0321841 -0.0183994 -0.0247499 0.00640504 0.0201397 -0.0187905 0.0505117 0.0142975 0.0260073 -0.0061847 0.00840641 0.0423234 0.0427065 0.0144015
internal_weight=34657.8 31950.2 5162 4147.62 2707.55 1014.38 26788.2 20417.4 11040.8 8681.35 2640.69 9376.57 892.061 2359.46 6370.87 9136.27 1101.5 240.302 1748.63 461.523 298.697 162.827 552.856 407.986 5279.39 45.2212 368.784 1091.48 693.517 106.526
internal_count=102082 96387 20836 17944 5695 2892 75551 58556 30299 23409 13661 28257 4073 6890 16995 27384 2849 873 9588 1712 1056 656 1180 1280 14419 136 1207 2576 1569 291
is_linear=0
shrinkage=0.05


Tree=17
num_leaves=31
num_cat=0
split_feature=37 36 28 45 37 51 28 24 13 28 43 29 37 52 1 13 51 21 21 7 2 51 51 37 17 8 13 12 51 16
split_gain=998.902 716.897 416.056 381.442 314.122 151.886 124.826 150.37 123.124 108.506 112.671 89.2311 82.7139 66.2054 65.0402 107.031 79.91 62.5547 53.8329 49.2929 48.5297 46.3611 108.011 44.3421 42.0439 40.912 35.7775 49.0735 35.2423 34.3701
threshold=-0.40249998867511744 0.99994999170303356 0.012494999915361406 0.99944999814033519 -0.15525000542402265 0.019805000163614753 0.020684999413788322 0.072765000164508833 1.1268349885940554 0.019155000336468223 3.5000000000000004 0.012804999947547914 0.14844999462366107 2.5000000000000004 -0.01656788773834705 0.19242500513792041 0.010125000029802324 21.884999275207523 19.485000610351566 32.825901031494148 0.75502136349678051 0.018135000020265583 -0.020744999870657917 1.0816500186920168 1.0075500011444094 0.0077117085456848153 0.37688499689102178 -0.097204998135566698 -0.014264999888837336 1.0396500229835512
decision_type=2 2 2 2 2 2 2 2 2 2 2 2 2 2 2 2 2 2 2 2 2 2 2 2 2 2 2 2 2 2
left_child=2 6 5 26 9 14 7 8 11 10 -5 -2 -8 -6 -1 16 -16 18 -9 -17 -11 22 -4 -15 28 -14 27 -3 -24 -26
right_child=1 3 21 4 13 -7 12 17 -10 20 -12 -13 25 23 15 19 -18 -19 -20 -21 -22 -23 24 -25 29 -27 -28 -29 -30 -31
leaf_value=0.042033193129306173 0.0085211639714728726 0.019456474512914781 0.072658861245146977 -0.0043570924289234453 0.0067313403257004273 0.061667180417366886 0.037261220413797209 0.023109242330397635 0.032137561972126923 -0.047793987274404807 0.033385358385359172 0.019152817744505016 0.02958663780062562 -0.026220520560584729 -0.01036905284928912 -0.027803415230771778 0.021203154502663357 0.040293396717430673 0.0076963979436397573 0.052422988239657221 0.069975806942870381 0.074418237277194807 0.071794908570737059 0.036858496737843138 0.022064037259880383 0.020182690909752537 0.028584289324886616 -0.010146928266133318 0.042287609809780136 0.055717674244544727
leaf_weight=263.34655258059502 5224.1631289869547 662.09919865429401 612.55189725756645 734.0901250988245 178.01744928956032 261.4655454158783 1528.313709244132 9887.1714931577444 885.79348954558372 9.6291589140892011 270.63966955244541 3171.832487359643 1917.9052912443876 1774.8612451255322 394.92250400781631 21.152855053544044 406.91927011311054 502.01787017285824 600.96403527259827 201.86021144688129 95.525961667299271 526.43665161728859 183.42783823609352 28.304675921797752 253.81541126966476 2913.5281080454588 686.79521657526493 177.52802757918835 225.70879918336868 108.21379233896732
leaf_count=652 16347 1881 1028 2963 770 477 3678 27101 2320 38 985 9235 5048 10066 1488 73 1105 1226 1740 451 177 872 311 129 609 8190 1841 598 474 209
internal_value=0.0206802 0.0178578 0.0461722 -0.000329773 -0.0104284 0.026922 0.0210112 0.0190939 0.0144081 0.0108671 0.00580943 0.0125376 0.0271228 -0.0223585 0.0198698 0.0141747 0.00565323 0.0230514 0.0222261 0.0448135 0.0591915 0.0617894 0.0569847 -0.0252304 0.0445345 0.0239157 0.0201204 0.0131972 0.0555166 0.0321234
internal_weight=34709 31249.2 3459.82 4617.49 3091.07 1549.67 26631.7 20271.9 9281.79 1109.88 1004.73 8396 6359.75 1981.18 1288.2 1024.85 801.842 10990.2 10488.1 223.013 105.155 1910.15 1383.72 1803.17 771.166 4831.43 1526.42 839.627 409.137 362.029
internal_count=102082 94333 7749 19448 15128 4246 74885 57969 27902 4163 3948 25582 16916 10965 3769 3117 2593 30067 28841 524 215 3503 2631 10195 1603 13238 4320 2479 785 818
is_linear=0
shrinkage=0.05


Tree=18
num_leaves=31
num_cat=0
split_feature=37 27 13 12 28 30 37 27 27 12 13 23 37 37 16 2 28 37 24 53 37 27 9 12 29 34 1 25 0 12
split_gain=930.482 475.799 333.99 484.696 269.414 224.213 161.199 117.949 99.7198 82.1718 110.318 80.1637 79.7762 76.4417 74.8651 69.6661 59.8784 58.1925 58.1011 51.4653 47.4555 46.8611 42.1812 41.5527 39.0478 37.4815 42.5801 41.6297 38.9055 36.9957
threshold=-0.49214999377727503 -0.012104999739676712 0.17239499837160113 -0.10656999796628951 0.012494999915361406 0.014175000134855511 -0.34125000238418574 -0.024495000019669529 -0.013815000187605618 -0.19594500213861463 0.11435499787330629 94.365001678466811 -0.18264999985694882 -0.0091500002890825254 0.98304998874664318 0.54566305875778209 0.020684999413788322 -0.35664999485015864 -0.034144999459385865 0.093850001692771925 0.36965000629425054 -0.010925000067800282 5.5000000000000009 -0.19156499952077863 -0.037684999406337731 41.500000000000007 0.13824800401926043 1.1306499838829043 0.256555125117302 -0.13642499595880506
decision_type=2 2 2 2 2 2 2 2 2 2 2 2 2 2 2 2 2 2 2 2 2 2 2 2 2 2 2 2 2 2
left_child=4 6 3 12 8 14 15 20 -1 24 -11 13 -3 18 -5 -2 -15 -7 -4 -17 -8 23 -22 -6 -9 -10 28 -28 -27 -14
right_child=1 2 11 5 21 17 7 9 25 10 -12 -13 29 16 -16 19 -18 -19 -20 -21 22 -23 -24 -25 -26 26 27 -29 -30 -31
leaf_value=0.047251015070199381 0.019776704418936208 0.039184389225886726 0.04565822274538589 -0.0036740478238519907 0.035170357668711537 0.040381944967850331 0.030857095107435836 0.039691731152878301 0.035441366045729526 0.0001057433757563456 0.018043914594057197 -0.04289124121777569 0.014073825726506804 0.012516983856855497 -0.026963548002040757 -0.019107987164213573 0.023649219347150481 0.0037845445567125341 0.02120177362241232 0.062065071535196185 0.023925148950132927 0.04614076861485035 0.00058922949418281666 0.069291166695212028 0.022774826193219473 -0.0022693711874849985 0.0082265146628693244 -0.043392747280759862 0.034986991950287011 -0.0041008890673819827
leaf_weight=450.15837323665619 160.82228510081768 298.90266811847687 376.16159348189831 435.07442535459995 97.286095693707466 140.59637552499771 3764.7783597409725 367.98179842531681 187.68804851174355 975.60010319948196 7056.1681824326515 55.452617853879929 2441.5136602520943 4712.2743054032326 1667.8915538936853 20.486400619149208 1624.3172805309296 477.57354639470577 685.24108977615833 416.875702470541 1201.4527337551117 373.89906804263592 230.85434718430042 1077.2385294288397 4671.1753529757261 115.35131588578224 103.18449959158897 62.849570736289024 178.51784068346024 316.26910161972046
leaf_count=923 415 810 935 1934 208 348 9355 901 498 3544 20037 285 7431 14438 8888 63 4525 1902 2050 801 3179 766 679 1872 12665 400 331 244 453 1202
internal_value=0.0196262 0.0172768 0.0100076 0.000984968 0.0481241 -0.0143638 0.0223749 0.0215385 0.0291761 0.0190052 0.015865 0.0170018 0.0146488 0.0174507 -0.0221453 0.0479158 0.0153706 0.0121082 0.0298692 0.0582629 0.0279101 0.0615572 0.0201639 0.0664649 0.0240102 0.0166117 0.00892723 -0.0113131 0.0203629 0.0119895
internal_weight=34743.6 32097.5 13231.3 5777.82 2646.17 2721.14 18866.2 18268 1097.75 13070.9 8031.77 7453.45 3056.69 7397.99 2102.97 598.184 6336.59 618.17 1061.4 437.362 5197.09 1548.42 1432.31 1174.52 5039.16 647.591 459.903 166.034 293.869 2757.78
internal_count=102082 96387 44748 22515 5695 13072 51639 50360 2849 37147 23581 22233 9443 21948 10822 1279 18963 2250 2985 864 13213 2846 3858 2080 13566 1926 1428 575 853 8633
is_linear=0
shrinkage=0.05


Tree=19
num_leaves=31
num_cat=0
split_feature=37 36 37 45 28 28 27 51 37 28 28 35 12 37 21 35 28 35 25 37 13 31 27 21 24 35 23 5 25 1
split_gain=866.712 455.083 296.223 440.107 259.304 163.785 152.786 103.444 96.8434 90.8558 89.0699 100.982 95.9084 87.6154 81.467 86.7747 86.0865 81.9156 75.3113 66.7898 66.5871 59.8108 47.3239 46.8288 103.229 89.9463 44.4237 42.0016 58.9616 61.1513
threshold=-0.49214999377727503 0.99994999170303356 -0.31125000119209284 0.99944999814033519 0.012494999915361406 0.013685000129044058 -0.010395000223070381 0.022055000066757206 -0.083049997687339769 0.023984999395906929 0.0084150000475347059 3.5000000000000004 -0.045169999822974198 0.41885000467300421 12.429999828338625 5.0000000000000009 0.016274999827146534 10.500000000000002 1.2892999649047854 0.64555001258850109 0.17464499920606616 -0.016764999367296692 -0.010925000067800282 11.469999790191652 1.0000000180025095e-35 13.500000000000002 30.244999885559086 -9.0726366043090803 1.4855499863624575 0.22705443948507312
decision_type=2 2 2 2 2 2 2 2 2 2 2 2 2 2 2 2 2 2 2 2 2 2 2 2 2 2 2 2 2 2
left_child=4 6 5 -4 7 18 14 27 9 -5 12 26 -8 -13 23 16 -16 -17 21 -10 -14 -3 -6 25 -25 -2 -12 -1 -29 -30
right_child=1 2 3 8 22 -7 10 -9 19 -11 11 13 20 -15 15 17 -18 -19 -20 -21 -22 -23 -24 24 -26 -27 -28 28 29 -31
leaf_value=0.043736564093206483 0.034588031976349701 0.045587133469645796 0.018037995522212004 -0.0053606854852703478 0.06473198389443359 0.055262264784989468 0.0095059746565379685 0.066562750025625575 -0.025803301608293416 0.085738108172423097 -0.025091564532577482 0.017826345989978735 -0.041638651788895351 0.0042931092309689339 0.0098805573862742312 0.031711389378393018 0.025673331836359753 0.022403307346742209 -0.029793618176829108 0.010703206252761704 5.9996055339336859e-05 0.0093661670724710065 0.044186752886376995 0.030503831236846586 -0.0023865033195944619 0.0085700662781185433 0.029974443124030276 0.024620623192072023 0.0095380950636832114 -0.05453501312475794
leaf_weight=175.95759722590446 578.20123484730721 156.8767507225275 1522.50845913589 854.78130139410496 1146.4029201716185 339.79038853943348 1405.6304891854525 148.63673681020737 1557.6183204203844 28.274863988161087 37.706688672304153 3268.8747902661562 173.25678494572639 1885.96618527174 2235.1423128396273 3158.1587772369385 1405.5018633455038 9395.7077584862709 90.552037492394447 136.24721683561802 213.97891016304493 416.73228240013123 370.98639935255051 322.77962286770344 914.35500109195709 780.70581305027008 1277.6850644499063 578.89096973836422 141.08055467903614 50.592782244086266
leaf_count=386 1520 401 4283 4026 2080 660 4397 262 8944 47 131 9504 837 5952 6399 7994 3631 24978 373 644 704 1458 766 858 2830 2303 3513 1600 407 194
internal_value=0.0186308 0.0163807 0.00268568 -0.00327567 0.0463265 0.0270277 0.0189641 0.0277847 -0.0158683 -0.00244376 0.0132978 0.0160304 0.00343614 0.012875 0.0214558 0.0227739 0.0159775 0.0247449 0.0125826 -0.0228669 -0.0185968 0.0192723 0.0597089 0.013233 0.00619488 0.0196404 0.0283959 0.0216952 0.0166621 -0.0073742
internal_weight=34769.6 32157 5103.38 4099.43 2612.55 1003.95 27053.7 1095.16 2576.92 883.056 8263.1 6470.23 1792.87 5154.84 18790.6 16194.5 3640.64 12553.9 664.161 1693.87 387.236 573.609 1517.39 2596.04 1237.13 1358.91 1315.39 946.522 770.564 191.673
internal_count=102082 96387 20836 17944 5695 2892 75551 2849 13661 4073 25038 19100 5938 15456 50513 43002 10030 32972 2232 9588 1541 1859 2846 7511 3688 3823 3644 2587 2201 601
is_linear=0
shrinkage=0.05


Tree=20
num_leaves=31
num_cat=0
split_feature=37 27 28 28 12 37 27 52 13 13 35 13 28 27 37 37 37 35 35 8 44 27 25 37 1 6 24 1 27 31
split_gain=782.231 411.617 333.543 195.386 169.702 164.073 131.405 125.237 140.398 105.532 102.244 103.706 88.4794 77.9874 60.9779 59.7752 55.9355 49.4217 47.607 46.5798 44.5456 44.3461 43.582 43.163 41.2253 39.8594 46.568 43.5464 54.3385 39.2538
threshold=-0.53415000438690174 -0.009254999924451111 0.0080550001002848166 0.010565000120550396 -0.096014998853206621 -0.34125000238418574 -0.022064999677240845 4.5000000000000009 0.10026500001549722 0.18674499541521075 3.5000000000000004 0.10318499803543092 0.014094999991357328 -0.010745000094175337 0.033150000497698791 0.50924998521804821 0.026050000451505188 5.0000000000000009 5.0000000000000009 -0.0039582550525665275 -0.0019500000635161994 -0.0085149998776614649 1.164449989795685 -0.038750000298023217 -0.03425298631191253 0.027376996353268627 0.098104998469352736 0.088279295712709441 -0.013815000187605618 0.025364999659359459
decision_type=2 2 2 2 2 2 2 2 2 2 2 2 2 2 2 2 2 2 2 2 2 2 2 2 2 2 2 2 2 2
left_child=3 5 4 25 23 12 15 16 -9 24 29 20 17 -5 -13 18 -8 -2 -7 -19 -12 -11 -14 -3 -6 26 27 -1 -29 -4
right_child=1 2 10 13 9 6 7 8 -10 21 11 14 22 -15 -16 -17 -18 19 -20 -21 -22 -23 -24 -25 -26 -27 -28 28 -30 -31
leaf_value=0.027572308313070837 -0.0020379235058591134 0.023332010398968362 0.016691851103958662 0.061969291155641697 0.014039421714076359 0.017510146390341829 0.0252388896505647 -0.0088782409791065327 0.01365576021467582 0.040189675629303298 0.0067459325583103906 0.027588593482539083 0.063474227856183355 0.036515941642054288 0.010561777475220274 0.012340388641351591 0.016572348123694281 0.015943218438900366 0.028216274256797298 0.046827163853235189 -0.013489672755669237 -0.0044610940715754865 0.030730656114522033 0.00036469688532351531 -0.02915715034507603 0.04408418462194727 0.038643507799053643 0.028009656092925817 -0.02789552052526257 0.033122199952316134
leaf_weight=130.56876330077648 128.36558739840984 309.93474997580051 780.44768452644348 1205.7037893235683 58.248034194111824 1325.1460001468658 2344.9149757474661 948.94652958214283 2545.2660370618105 66.86534495651722 498.45160487294197 606.67160354554653 349.887302339077 401.03154167532921 3946.0946031063795 937.28877750039101 9036.9593254774809 223.73301994800568 4797.8443306833506 268.72870653867722 598.53838942945004 330.29831117391586 143.22192785143852 601.70777644217014 1067.3547479063272 167.5593718290329 151.96698947250843 64.543968439102173 133.09361785650253 680.47439134120941
leaf_count=356 394 944 2456 2255 262 3527 6235 3932 8009 187 1667 1837 641 888 12158 2614 25384 616 12064 627 2440 1199 327 2039 5884 400 344 149 500 1856
internal_value=0.0177869 0.0158169 0.0070854 0.0462704 -0.00888865 0.0194325 0.0184819 0.0158159 0.00753605 -0.019103 0.0125543 0.00950544 0.0381524 0.0556163 0.0128307 0.0240992 0.0183578 0.0255936 0.0258992 0.0327961 -0.00429499 0.00305618 0.053964 0.00817299 -0.0269218 0.0230874 0.0157605 0.00516511 -0.00963815 0.0243448
internal_weight=34849.9 32595.4 9545.09 2254.47 2434.41 23050.3 21936.4 14876.1 3494.21 1522.77 7110.68 5649.76 1113.94 1606.74 4552.77 7060.28 11381.9 620.827 6122.99 492.462 1096.99 397.164 493.109 911.643 1125.6 647.733 480.173 328.206 197.638 1460.92
internal_count=102191 97299 32929 4892 10515 64370 61765 43560 11941 7532 22414 18102 2605 3143 13995 18205 31619 1637 15591 1243 4107 1386 968 2983 6146 1749 1349 1005 649 4312
is_linear=0
shrinkage=0.05


Tree=21
num_leaves=31
num_cat=0
split_feature=37 27 28 12 28 37 36 45 13 37 28 37 27 21 35 27 35 1 13 35 7 8 25 7 13 7 37 51 6 24
split_gain=729.764 369.915 306.037 202.926 187.57 151.13 155.966 192.663 138.751 110.699 83.6565 80.4159 77.5179 73.5156 68.5942 61.7323 56.8325 54.3392 50.3531 44.4847 47.0531 41.9103 41.1919 40.819 39.9125 39.4653 37.1227 36.8376 35.6853 42.0672
threshold=-0.53415000438690174 -0.009254999924451111 0.010654999874532224 -0.10528500005602835 0.010565000120550396 -0.34125000238418574 0.97119998931884777 0.86785000562667858 0.17239499837160113 -0.15525000542402265 0.014094999991357328 0.2241499945521355 -0.010745000094175337 12.719999790191652 5.0000000000000009 -0.0072149999905377618 14.500000000000002 -0.032003676518797868 0.85898500680923473 5.0000000000000009 14.864700794219972 -0.0039582550525665275 1.164449989795685 28.59955978393555 0.31844000518321997 65.301361083984389 -0.038750000298023217 -0.020744999870657917 0.027376996353268627 0.098104998469352736
decision_type=2 2 2 2 2 2 2 2 2 2 2 2 2 2 2 2 2 2 2 2 2 2 2 2 2 2 2 2 2 2
left_child=4 5 3 26 28 10 13 -8 17 -9 19 15 24 16 -15 23 -7 -5 -13 20 -2 -21 -12 -4 -6 -10 -3 -14 29 -1
right_child=1 2 11 8 12 6 7 9 25 -11 22 18 27 14 -16 -17 -18 -19 -20 21 -22 -23 -24 -25 -26 -27 -28 -29 -30 -31
leaf_value=0.0049160634992348948 -0.068007725852227294 0.024022569403725907 -0.055139776214033369 0.01441249232300203 0.063112196812212237 0.018475918634820857 0.021435715898339567 0.01468973436158782 0.011691384305427457 -0.017323995803006313 0.061327188159667645 0.0080252744149697328 0.068349886414464281 0.014263064920094284 0.022021610193658673 0.030575979861394716 0.0051038330725936129 -0.024540954064180793 0.02463992169491315 0.015130008193717685 0.01193669509524244 0.044405071765364838 0.029356474014282815 0.013298481152869366 0.029264858241627119 -0.012171111094828558 0.0056310843231206081 0.027982121564522722 0.04178710939701312 0.03676212386924347
leaf_weight=327.43147510290146 22.270386874675751 383.35585182905197 22.573538646101952 95.389293253421783 1081.4721464067698 1640.5132991224527 1019.0077127665281 386.35464563965797 518.397226318717 896.85734236240387 344.17546924948692 3660.2474213689566 68.161585852503777 3661.1451415121555 12839.828235670924 1039.6395533382893 1540.9311137646437 1457.174776211381 520.92064917087555 223.96414940059185 106.06264126300812 269.20363456010818 142.44982981681824 625.57294154167175 94.724959224462509 260.25964710116386 965.16423436999321 330.7437519133091 167.92156758904457 151.76194970309734
leaf_count=1005 90 1122 113 420 2042 4584 2747 1370 1691 4630 641 11380 119 10083 33782 2863 4569 7898 1428 616 304 627 327 1910 213 1008 3096 769 400 344
internal_value=0.016891 0.0150035 0.00672594 -0.0045787 0.0446156 0.0184262 0.0175181 0.00520431 -0.013509 -0.00768517 0.0364428 0.0138138 0.0539266 0.0189584 0.0203002 0.0230257 0.0119992 -0.0221477 0.0100952 0.0242865 -0.00193653 0.0311103 0.0519684 0.0109149 0.0603863 0.00371554 0.0108594 0.0348798 0.0219524 0.0150018
internal_weight=34863.7 32641.5 9548.7 3679.74 2222.22 23092.8 21984.6 2302.22 2331.22 1283.21 1108.13 5868.95 1575.1 19682.4 16501 1687.79 3181.44 1552.56 4181.17 621.501 128.333 493.168 486.625 648.146 1176.2 778.657 1348.52 398.905 647.115 479.193
internal_count=102191 97299 32929 15235 4892 64370 61765 8747 11017 6000 2605 17694 3143 53018 43865 4886 9153 8318 12808 1637 394 1243 968 2023 2255 2699 4218 888 1749 1349
is_linear=0
shrinkage=0.05


Tree=22
num_leaves=31
num_cat=0
split_feature=37 27 12 13 37 0 37 1 35 24 27 37 37 8 27 35 8 39 16 7 0 1 13 37 37 7 29 23 35 29
split_gain=680.888 334.469 227.641 331.483 181.216 159.015 119.532 109.357 93.1902 96.9311 87.4036 86.0035 81.8025 69.2193 69.0919 58.1475 57.5156 67.9826 54.3176 52.6623 46.9329 67.5797 67.7517 67.1976 43.0636 42.78 48.9846 39.0427 35.7032 32.1283
threshold=-0.53415000438690174 -0.014094999991357325 -0.10062500089406966 0.18674499541521075 -0.29665000736713404 0.68045106530189525 -0.18264999985694882 0.095417760312557234 2.5000000000000004 -0.014620000030845402 -0.011004999745637177 -0.083049997687339769 0.48665000498294836 -0.00096169114112853993 -0.013195000123232601 22.500000000000004 -0.022214055061340329 0.13274999707937243 0.9897499978542329 90.79480361938478 0.256555125117302 0.22349331527948382 0.11435499787330629 -0.87235000729560841 -1.0000000180025095e-35 72.981349945068374 0.014334999956190588 -64.365001678466783 7.5000000000000009 -0.02145500015467405
decision_type=2 2 2 2 2 2 2 2 2 2 2 2 2 2 2 2 2 2 2 2 2 2 2 2 2 2 2 2 2 2
left_child=5 6 11 4 10 14 13 -6 9 29 -4 28 15 16 -1 -10 -2 -18 -11 24 23 -22 -23 -16 -5 26 -13 -14 -3 -8
right_child=1 2 3 19 7 -7 8 -9 12 18 -12 25 27 -15 20 -17 17 -19 -20 -21 21 22 -24 -25 -26 -27 -28 -29 -30 -31
leaf_value=0.046485096360322012 0.039021101197400571 0.013001160620917019 0.036706343017900232 0.023613922187825265 -0.0048952212584915571 0.059418014518985762 0.062980746031895185 -0.02693005988120252 0.023206844092634821 -0.0083511801813638108 0.00050635295748604244 0.010507674731417539 -0.018232893767743882 0.048063583788209852 0.042396220731379754 0.014909665526941861 0.031238001112285353 -0.020339529602869916 0.010847952590515776 -0.029741722082788708 0.041416397738406101 -0.032958303293687922 0.033595679022522744 -0.013933462779677684 0.01016318071784136 -0.0081384055004917032 0.01915791518288143 0.011973108073682334 0.033445058224677263 0.023054150940572869
leaf_weight=502.9512130022049 259.145573168993 293.16959331929684 223.33217088878155 711.83561950922012 1022.8770024776459 883.83709721267223 57.871722593903542 1252.6169987469912 8767.5399515628815 707.10607855021954 658.08935588598251 4761.8598513156176 113.39730098843575 538.70913161337376 78.492201507091522 2781.4913050383329 128.48651598393917 127.07172232866287 769.08997249603271 75.532236665487289 407.95917971432209 71.758941382169724 81.863583937287331 162.66346672177315 3627.1696765273809 236.27831327915192 2493.6420098543167 1889.7131651341915 786.45533289015293 389.48467382788658
leaf_count=1043 583 859 546 2016 4668 1740 119 7127 22915 2170 2462 14215 370 1173 177 7628 312 411 2184 363 918 245 189 580 10900 847 6981 5346 2077 1027
internal_value=0.0160477 0.0142388 0.00911968 0.00280224 -0.00956925 0.0430405 0.0192383 -0.017025 0.018129 0.00783026 0.00967861 0.0147001 0.0195907 0.0355355 0.0319544 0.0212085 0.022423 0.005592 0.00165146 0.0116493 0.0228502 0.0307727 0.00250751 0.00440092 0.0123698 0.0127988 0.0134807 0.0102631 0.0278936 0.0282192
internal_weight=34861.5 32672 16142.9 7571.45 3156.92 2189.53 16529.1 2275.49 15475.7 1923.55 881.422 8571.41 13552.1 1053.41 1305.69 11549 514.704 255.558 1476.2 4414.54 802.737 561.582 153.623 241.156 4339.01 7491.78 7255.5 2003.11 1079.62 447.356
internal_count=102191 97299 53061 28082 14803 4892 44238 11795 41759 5500 3008 24979 36259 2479 3152 30543 1306 723 4354 13279 2109 1352 434 757 12916 22043 21196 5716 2936 1146
is_linear=0
shrinkage=0.05


Tree=23
num_leaves=31
num_cat=0
split_feature=37 27 28 28 37 36 45 24 37 35 13 28 0 17 27 16 31 5 37 37 50 7 35 13 25 2 31 51 49 1
split_gain=635.191 304.759 264.384 182.518 131.794 132.011 166.416 112.762 100.112 91.1833 86.5386 79.3805 72.4154 69.7343 64.4948 62.5608 72.8311 61.6354 53.8019 52.8505 48.9269 42.9215 41.6647 40.3881 39.5135 38.6213 47.9431 37.0873 43.8382 39.6486
threshold=-0.53415000438690174 -0.009254999924451111 0.0080550001002848166 0.011814999859780075 -0.34125000238418574 0.97119998931884777 0.92434999346733104 0.09614999964833261 -0.15525000542402265 3.5000000000000004 0.10318499803543092 0.014094999991357328 0.24004442989826205 0.98434999585151683 -0.010395000223070381 1.0979500412940981 -0.031944999471306794 5.7577266693115243 0.033150000497698791 -0.98489999771118153 2.5000000000000004 64.614269256591811 5.0000000000000009 0.31844000518321997 1.164449989795685 0.47835457324981695 -0.019144999794661995 0.020674999803304676 0.05569999851286412 0.22705443948507312
decision_type=2 2 2 2 2 2 2 2 2 2 2 2 2 2 2 2 2 2 2 2 2 2 2 2 2 2 2 2 2 2
left_child=3 4 7 12 11 15 -7 13 -8 25 21 20 19 -3 23 16 -6 -15 -12 -1 22 -11 -2 -5 -13 26 -4 28 -14 -30
right_child=1 2 9 14 5 6 8 -9 -10 10 18 24 27 17 -16 -17 -18 -19 -20 -21 -22 -23 -24 -25 -26 -27 -28 -29 29 -31
leaf_value=0.038670977563771664 -0.0019971175467168884 0.013370695390402032 0.0080302162827124643 0.062064500301935846 0.020238338046765513 0.01929926365367228 0.013452755655286371 0.009794401556691942 -0.017072688290809969 0.00025681413809057615 0.024778696787674182 0.058266343266288469 -0.040635516385342345 -0.022250940498065506 0.032843730470768738 0.02419174069665813 0.013474187950636901 0.0064791909806704122 0.008839000219490082 -0.01781714987250831 -0.08016076642295028 -0.024523570101911654 0.030345918279396984 0.026342118400420861 0.026679987139522139 0.012537664669061144 0.035719948355713467 0.055315126909092932 0.038093319560029926 0.0059828559199362552
leaf_weight=56.988493248820305 125.32606455683708 195.25090537965298 207.32620875537395 935.9829441010952 6316.9816955029964 1035.5241030007601 387.02158239483833 631.32836005091667 877.79744267463684 876.91415226459503 610.81690716743469 334.49860833585262 23.927852004766464 1359.9020180106163 304.91924014687538 2681.8557277470827 10754.628806129098 216.38242864608765 3971.277668595314 151.44498193264008 11.554039284586905 218.22918735444546 484.59372198581696 86.431518003344536 140.64171290397644 629.25679512321949 635.48065529763699 131.03657948970795 330.63658331334591 135.54308798909187
leaf_count=129 383 676 613 1850 16540 2781 1367 1999 4599 3074 1837 641 77 7059 676 6859 29619 781 12158 551 46 1033 1208 200 327 1925 1774 258 770 381
internal_value=0.0152464 0.013513 0.00599879 0.0415271 0.0166135 0.0157723 0.00443629 -0.00834962 -0.00773222 0.0108213 0.00794591 0.0335317 0.0231292 -0.0148157 0.0530257 0.0170924 0.0159771 -0.018307 0.0109638 -0.00237254 0.0217692 -0.00468117 0.0237001 0.0590446 0.0489168 0.0219105 0.0289084 0.0316866 0.0253692 0.0287571
internal_weight=34859.5 32702.6 9552.17 2156.91 23150.4 22053.8 2300.34 2402.86 1264.82 7149.3 5677.24 1096.61 829.578 1771.54 1327.33 19753.5 17071.6 1576.28 4582.09 208.433 621.474 1095.14 609.92 1022.41 475.14 1472.06 842.807 621.144 490.108 466.18
internal_count=102191 97299 32929 4892 64370 61765 8747 10515 5966 22414 18102 2605 2166 8516 2726 53018 46159 7840 13995 680 1637 4107 1591 2050 968 4312 2387 1486 1228 1151
is_linear=0
shrinkage=0.05


Tree=24
num_leaves=31
num_cat=0
split_feature=37 27 36 30 0 37 12 37 37 35 24 37 29 37 7 2 8 5 13 39 51 37 18 31 1 0 53 30 12 27
split_gain=593.65 278.097 253.829 181.502 153.862 105.332 101.289 97.9985 88.3679 83.6994 86.8594 73.9162 68.5026 101.506 79.2342 65.7461 62.9011 59.0778 57.2454 52.1215 74.1024 50.1963 49.3053 48.4263 43.6642 48.1939 42.8373 42.2043 41.3967 39.1553
threshold=-0.53415000438690174 -0.014094999991357325 0.99994999170303356 0.014175000134855511 0.68045106530189525 -0.18264999985694882 -0.19370499998331067 -0.15525000542402265 -0.31125000119209284 2.5000000000000004 -0.014620000030845402 0.23214999586343768 0.016294999979436401 0.39544999599456793 81.675376892089858 0.28817260265350347 -0.00096169114112853993 2.027511835098267 1.1268349885940554 0.13595000654459002 0.022055000066757206 0.029749999754130844 0.9897499978542329 -0.056175000965595238 0.10071862488985063 0.256555125117302 0.11195000261068346 0.015914999879896644 -0.11442499980330466 -0.0074549999553710214
decision_type=2 2 2 2 2 2 2 2 2 2 2 2 2 2 2 2 2 2 2 2 2 2 2 2 2 2 2 2 2 2
left_child=4 5 12 6 15 16 -4 -8 17 10 -7 -11 14 21 18 24 19 -5 -3 -2 -21 -14 -12 -13 25 29 -17 -16 -10 -1
right_child=1 2 3 8 -6 9 7 -9 28 11 22 23 13 -15 27 26 -18 -19 -20 20 -22 -23 -24 -25 -26 -27 -28 -29 -30 -31
leaf_value=0.028667070024699971 0.03574471126215345 0.0086134258528993719 0.020001248859358028 0.049511433942125926 0.056791124335587619 0.025856810070679033 -0.00085224016549127627 -0.021119205572045361 0.023325687688057203 0.021377172479694811 -0.0087836378196923526 0.022064609214822929 0.036512444244038995 0.0071089183199460259 -0.053810013357625044 -0.0042659935711302733 0.044778474488990361 -0.0065143042668789055 0.027715068088768609 -0.0091572431048180837 0.06097844595787974 0.019385741866258226 0.0094930339575810766 0.01176917287857674 -0.0040958896080183918 0.044493452014056536 0.040151195903357376 0.00097662405637318514 -0.0027646679696684082 -0.043961678417630219
leaf_weight=40.444693267345428 263.60370747745037 7661.9007844477892 256.54623380303383 232.41083224117756 837.47853450477123 448.99717645347118 995.23089216649532 1488.6177015900612 221.75011625885963 6867.4971454888582 707.59914426505566 1458.5347103476524 543.14655949175358 1647.5010096877813 75.169265180826187 58.208712354302406 532.54754230380058 58.997734308242798 413.39082087576389 203.02287614345551 46.238546743988991 2014.9409705996513 771.17719772458076 5265.8003961443901 197.23822550475597 149.92370711266994 804.79001317918301 66.029494225978851 483.60206608474255 34.290982455015182
leaf_count=107 609 22915 735 509 1740 1146 4070 8552 661 17817 2170 3749 1309 4927 406 162 1173 184 1072 608 89 5503 2184 14693 610 325 1811 228 1990 137
internal_value=0.01449 0.012828 0.00816124 -0.00326377 0.0401159 0.0173805 -0.00990929 -0.0129986 0.0150067 0.0163457 0.00659577 0.0177286 0.0115984 0.0167883 0.00894202 0.0292472 0.0327426 0.0381686 0.00959128 0.0202448 0.00385308 0.0230222 0.000747589 0.0140023 0.0130712 0.0281429 0.0371553 -0.0281899 0.00543767 -0.00465719
internal_weight=34846.6 32724.3 16159.2 3737.16 2122.37 16565 2740.39 2483.85 996.761 15519.6 1927.77 13591.8 12422.1 4205.59 8216.49 1284.9 1045.41 291.409 8075.29 512.865 249.261 2558.09 1478.78 6724.34 421.898 224.659 862.999 141.199 705.352 74.7357
internal_count=102191 97299 53061 16701 4892 44238 13357 12622 3344 41759 5500 36259 36360 11739 24621 3152 2479 693 23987 1306 697 6812 4354 18442 1179 569 1973 634 2651 244
is_linear=0
shrinkage=0.05


Tree=25
num_leaves=31
num_cat=0
split_feature=51 51 36 12 23 51 51 40 24 13 12 51 0 25 6 12 13 30 27 28 48 13 33 35 5 51 8 8 5 29
split_gain=446.996 409.016 288.663 160.474 139.406 132.002 105.367 94.6116 89.3935 83.0737 104.28 53.7093 50.6105 48.028 40.6406 54.1399 30.6582 31.6884 29.0494 28.3096 26.422 24.1186 23.222 22.4013 21.7565 21.2362 21.2261 19.7118 19.6747 18.9651
threshold=-0.0194300003349781 0.018135000020265583 0.98519998788833629 -0.096014998853206621 30.244999885559086 -0.014994999859482048 0.0084850001148879545 1.5000000000000002 0.11683499813079835 0.87702500820159923 -0.18380499631166455 0.022055000066757206 0.60678389668464672 1.1386500000953677 0.31409114599227911 -0.053075000643730157 0.1079550012946129 -0.0091050001792609674 -0.0099550001323223097 0.012114999815821649 0.10054999962449075 0.46200999617576605 0.3895500004291535 5.0000000000000009 8.1628584861755389 -0.022625000216066834 -0.072507411241531358 0.0074452757835388192 -129.09377288818357 -0.0065650001633912316
decision_type=2 2 2 2 2 2 2 2 2 2 2 2 2 2 2 2 2 2 2 2 2 2 2 2 2 2 2 2 2 2
left_child=8 2 7 16 11 13 -7 14 18 10 -9 12 22 -5 15 -2 17 -4 29 -14 25 -13 -3 -18 -23 -20 -11 -27 -16 -1
right_child=1 4 3 5 -6 6 -8 9 -10 26 -12 21 19 -15 28 -17 23 -19 20 -21 -22 24 -24 -25 -26 27 -28 -29 -30 -31
leaf_value=0.026008642133661598 0.016642456423912294 0.055279010343132789 0.017457361084660009 0.046282725611814922 0.0035581637231889029 -0.012591411072120199 0.0090337646881080754 0.014243850262619866 0.0086486140060922853 0.050285981756054116 0.0034584306015323523 0.058154465053194007 -0.0008678916963930413 0.00029495612588556643 0.075827880901376876 0.0081299583299478031 0.0044312788060046193 -0.0028462571001166368 0.073298736894359284 0.035399071420194793 -0.026808825456055257 0.035997583982458524 -0.010773041809052539 0.023679009433045045 -0.058572653691989045 0.053420589131902653 0.018878035109348434 0.0015423082743442774 0.025587176292805693 0.058228860803131777
leaf_weight=48.880208283662796 13153.500866279006 188.10163639485836 345.27000868320465 159.78518028557301 223.39727644622326 2590.0294258370996 719.83360290527344 3915.7832898199558 135.01082436740398 55.517194852232933 5240.310722514987 640.6265365332365 116.85393887758255 88.06488236784935 19.967281371355057 2176.9974475502968 191.10340113937855 433.39761346578598 32.143505066633224 99.733387842774391 17.58543187379837 56.753522157669067 14.319576635956762 723.33738830685616 6.8115323185920706 33.003095909953117 1732.7974772304296 41.128538802266121 809.50779461860657 695.5568458288908
leaf_count=120 35387 406 1158 374 643 12842 2492 10725 360 118 15733 1401 335 258 37 6422 564 1759 62 238 58 128 44 1969 24 73 4534 113 2021 1533
internal_value=0.0136099 0.0126309 0.0115071 0.000777143 0.039631 -0.00525283 -0.00788834 0.0135858 0.0464977 0.00999621 0.00807103 0.0468057 0.0326315 0.0299426 0.0160169 0.0154336 0.0134479 0.0061566 0.0523828 0.0158322 0.029962 0.0552397 0.0506064 0.0196565 0.0258636 0.0393559 0.0198531 0.0246383 0.0267966 0.0561133
internal_weight=34705.1 33701.8 32355.2 5250.82 1346.6 3557.71 3309.86 27104.4 1003.31 10944.4 9156.09 1123.2 419.009 247.85 16160 15330.5 1693.11 778.668 868.298 216.587 123.861 704.192 202.421 914.441 63.5651 106.275 1788.31 74.1316 829.475 744.437
internal_count=101931 99612 96393 21416 3219 15966 15334 74977 2319 31110 26458 2576 1023 632 43867 41809 5450 2917 1959 573 306 1553 450 2533 152 248 4652 186 2058 1653
is_linear=0
shrinkage=0.05


Tree=26
num_leaves=31
num_cat=0
split_feature=28 27 33 36 24 31 27 35 35 35 31 24 21 39 35 2 0 21 35 23 0 35 2 27 8 35 40 28 30 0
split_gain=277.199 282.837 130.573 128.087 127.237 135.066 103.761 97.5452 115.225 111.881 83.1925 75.7389 69.0479 58.6759 57.126 52.3163 46.6035 37.7998 41.1168 46.6968 47.177 37.7288 44.3973 36.9617 36.6815 37.0646 33.8394 33.0041 31.8292 31.7782
threshold=0.013685000129044058 -0.013815000187605618 0.17494999617338183 0.99994999170303356 0.10186500102281572 0.04040499962866307 -0.0098749999888241274 29.500000000000004 5.0000000000000009 10.500000000000002 -0.040234999731183045 -0.042075000703334801 12.275000095367433 0.2751500010490418 2.5000000000000004 0.30019763112068182 0.45597968995571142 15.409999847412111 3.5000000000000004 28.175000190734867 0.74346169829368602 16.500000000000004 0.60499015450477611 -0.017505000345408913 -0.044511049985885613 16.500000000000004 1.5000000000000002 0.0035250000655651097 0.010565000120550396 0.057423818856477744
decision_type=2 2 2 2 2 2 2 2 2 2 2 2 2 2 2 2 2 2 2 2 2 2 2 2 2 2 2 2 2 2
left_child=1 7 4 17 5 11 13 8 16 15 -6 -3 -11 23 -12 -10 -1 18 19 20 -2 22 -20 29 -19 -26 -4 -28 -25 -5
right_child=3 2 26 6 10 -7 -8 -9 9 12 14 -13 -14 -15 -16 -17 -18 24 21 -21 -22 -23 -24 28 25 -27 27 -29 -30 -31
leaf_value=0.011904574519880785 -0.018410075752268044 1.9696709297363498e-05 0.019252080441364255 -0.04500461668471803 0.026712936082101305 0.011576673961375565 0.011016434032882973 -0.010116108031770966 0.039191456166479517 -0.00011274808907303942 -0.024908258484965876 -0.013326557338249199 0.016986143676772834 0.050900397503123723 0.0078317857758269348 0.022704148377123753 -0.003310891032282342 0.030535881510006281 0.0024483342252800519 0.026431834362071693 0.019563300348105245 0.016137910663126524 0.013989715551940968 0.0053637583154366626 0.014099321249667552 0.02407808126330143 -0.011704037428111089 0.011257666055161654 0.030106919255895884 0.041952293375766142
leaf_weight=1160.6882669627666 128.89697235822678 1766.3029487282038 1189.6061049550772 10.751194179058073 582.58991277217865 1097.6769940257072 549.81631572544575 376.34877718985081 734.46359780430794 673.16700468957424 152.23726449906826 2669.7670747339725 4802.6016182154417 476.53558510541916 1067.3571868687868 1395.0293404608965 888.49030137062073 682.42238411307335 1520.3096994906664 1174.45438157022 223.81542640924454 3601.4838058650494 1843.8507854491472 206.06960320472717 2396.2327270358801 1521.3863849341869 194.82196483016014 795.48655587434769 351.9712830632925 461.76386806368828
leaf_count=3242 396 6527 3387 44 1532 3340 1773 1155 1738 2007 531 12242 12769 1183 3241 3617 2646 1613 4411 3025 571 9740 4940 744 6444 3890 643 2369 983 1188
internal_value=0.0129334 0.00899894 0.00282381 0.0180099 -0.000368942 -0.00412678 0.0296091 0.0148571 0.0158306 0.018666 0.0111698 -0.0080125 0.0148841 0.036392 0.00374497 0.0283906 0.0053074 0.0161876 0.0142104 0.0216404 0.00568612 0.0125814 0.00877401 0.0296833 0.019838 0.0179745 0.0135682 0.00674044 0.0209699 0.0399738
internal_weight=34696.4 19546.6 9515.85 15149.8 7335.93 5533.75 2056.91 10030.8 9654.44 7605.26 1802.18 4436.07 5475.77 1507.09 1219.59 2129.49 2049.18 13092.9 8492.81 1527.17 352.712 6965.64 3364.16 1030.56 4600.04 3917.62 2179.91 990.309 558.041 472.515
internal_count=101931 60986 33812 40945 27413 22109 5915 27174 26019 20131 5304 18769 14776 4142 3772 5355 5888 35030 23083 3992 967 19091 9351 2959 11947 10334 6399 3012 1727 1232
is_linear=0
shrinkage=0.05


Tree=27
num_leaves=31
num_cat=0
split_feature=37 36 28 45 37 13 12 7 37 2 43 2 28 30 30 28 37 13 44 28 30 37 53 15 16 25 12 24 8 28
split_gain=549.734 295.287 293.568 259.275 131.11 81.7611 105.551 97.6847 77.6673 74.0037 73.5803 65.7698 65.3339 62.9804 62.1515 58.0845 56.0875 51.7611 51.5751 51.1196 47.7178 45.3371 45.1243 70.053 53.7254 41.1716 39.3773 39.3085 34.4787 60.3499
threshold=-0.35664999485015864 0.98519998788833629 0.011725000105798246 0.86785000562667858 -0.15525000542402265 0.93174999952316295 -0.056825000792741769 44.308103561401374 0.22115000337362292 0.43765547871589666 3.5000000000000004 0.89330697059631359 0.0088149998337030428 -0.020384999923408028 0.013325000181794168 0.014715000055730345 1.2186999917030337 0.34608499705791479 -0.045150000602006905 0.015594999771565201 -0.028405000455677506 -0.70875000953674305 0.32205000519752508 0.99875000119209301 1.0190500020980837 1.4196500182151797 -0.046925000846385949 -0.0085350000299513323 0.0066344738006591806 0.016055000014603141
decision_type=2 2 2 2 2 2 2 2 2 2 2 2 2 2 2 2 2 2 2 2 2 2 2 2 2 2 2 2 2 2
left_child=2 5 13 -3 10 6 8 -8 19 21 11 -5 -12 -1 22 -9 20 28 -10 -2 -6 -4 23 -15 -24 -23 -16 -28 -11 -30
right_child=1 3 9 4 16 -7 7 15 18 17 12 -13 -14 14 26 -17 -18 -19 -20 -21 -22 25 24 -25 -26 -27 27 -29 29 -31
leaf_value=0.035976534919236428 0.013386221774977001 0.014063115770255203 0.043130999719868335 -0.012691576728321866 0.015162107556148573 0.018895628738447016 -0.044058351674744131 -0.0010026585053250412 0.013340748222735808 0.059123488037173572 0.0022514518722128868 0.027643894768304457 0.054913024730144144 -0.0012602482060789023 0.046009172878310134 0.011745968647674753 0.061521850398794237 0.019775159367545966 0.0061352797202795014 0.021525156713046285 -0.021580481847176366 0.026321663201054224 -0.016895897019763038 0.032537334928325605 0.030881009702064866 -0.017644126049088795 -0.036062632198538905 0.02830721287643867 0.016539092530501159 0.054795765140063193
leaf_weight=300.06309579312801 6616.5749868303537 1585.423495426774 231.62271200120449 481.49672025442123 93.0604028403759 3817.9286562949419 105.84916369616985 2007.1189651787281 4564.4299241602421 832.36147439479828 117.36480882763863 127.91068372130394 118.22512742877007 357.87643496692181 174.65196721255779 1610.2503936290741 21.488456085324287 128.61637863516808 5447.2047526538372 2723.3380869179964 1751.4211598262191 166.65803550183773 327.03796611726284 268.23372431099415 71.751154869794846 78.250158995389938 34.877147823572159 74.120140880346298 154.09778928756714 311.41029161214828
leaf_count=689 18101 4362 514 2127 372 9829 474 6334 12562 1744 548 385 340 1102 396 4502 88 310 15642 6810 10472 397 1299 700 212 234 131 197 382 676
internal_value=0.0122851 0.0101734 0.0310404 -0.00199846 -0.0113916 0.012118 0.0109965 0.00328693 0.0124798 0.0443319 0.00494834 -0.00422542 0.0286784 0.0153163 0.0105787 0.00467232 -0.018791 0.0500307 0.00942034 0.0157594 -0.0197267 0.0272725 0.00484608 0.0132191 -0.00829975 0.0122742 0.031292 0.00771003 0.053029 0.0421316
internal_weight=34700.7 31189.1 3511.63 4296.39 2710.97 26892.7 23074.8 3723.22 19351.5 1903.02 844.997 609.407 235.59 1608.61 1308.55 3617.37 1865.97 1426.49 10011.6 9339.91 1844.48 476.531 1024.9 626.11 398.789 244.908 283.649 108.997 1297.87 465.508
internal_count=101931 92948 8983 18694 14332 74254 64425 11310 53115 4257 3400 2512 888 4726 4037 10836 10932 3112 28204 24911 10844 1145 3313 1802 1511 631 724 328 2802 1058
is_linear=0
shrinkage=0.05


Tree=28
num_leaves=31
num_cat=0
split_feature=37 28 36 45 37 27 25 37 28 13 12 27 21 12 1 37 15 35 35 30 16 49 1 37 28 21 21 23 15 2
split_gain=510.123 253.12 239.509 203.009 172.128 88.906 79.8517 78.6162 87.942 78.8237 206.507 70.9772 63.0705 58.8593 56.4758 50.029 47.7885 45.2126 45.1088 43.7514 43.6325 55.1494 43.4619 39.4925 38.9767 37.5426 36.1161 33.8483 48.6709 35.1692
threshold=-0.38664999604225153 0.012494999915361406 0.98519998788833629 0.86785000562667858 -0.15525000542402265 -0.014094999991357325 1.1904500126838686 0.4147499948740006 0.015494999941438438 0.35001499950885778 -0.089704997837543474 -0.010925000067800282 17.170000076293949 -0.16189499944448468 -0.01656788773834705 1.2186999917030337 1.0039499998092654 8.5000000000000018 1.5000000000000002 -0.028405000455677506 1.0202500224113467 0.58355000615119945 -0.046708283945918076 0.053549999371171005 0.016165000386536125 21.335000038146976 14.949999809265138 -51.414999008178704 1.0249499678611758 0.53456813097000133
decision_type=2 2 2 2 2 2 2 2 2 2 2 2 2 2 2 2 2 2 2 2 2 2 2 2 2 2 2 2 2 2
left_child=1 5 7 -4 6 -1 12 8 9 10 -2 13 -5 -3 26 19 -13 27 -11 -6 21 -16 -18 -10 -24 -19 -7 29 -29 -9
right_child=2 11 3 4 15 14 -8 17 23 18 -12 16 -14 -15 20 -17 22 25 -20 -21 -22 -23 24 -25 -26 -27 -28 28 -30 -31
leaf_value=0.033739611224745052 0.011044796953813179 0.022384398888085057 0.013298285418303499 0.0058063320950570664 0.014307259023349906 -0.0008685829746918535 -0.023204945379508683 -0.021983125111106637 0.024181105969554584 -0.00010001936360143284 -0.010608803927209282 0.047736981264091698 0.036976491133627658 0.05605719251149021 0.0069121755682959047 0.056573498465886454 0.064861533581911726 0.0027616331581866074 0.016402329279595795 -0.020777332359888163 0.02802141339582212 -0.023201340203332657 -0.0074603752465331272 0.015417154815853561 0.03599657624612819 0.028833936318739879 0.044622924949205542 0.019327366794158113 -9.7792323467772385e-05 0.014440636354937853
leaf_weight=517.54893298447132 6318.4113682210445 149.55519434809685 1592.2398648411036 612.59623497724533 93.673397913575172 61.159574389457703 173.67759750783443 135.08115273714066 1652.0029921084642 450.28566831350327 1333.4371384978294 186.67812770605087 220.77665950357914 981.31289595365524 506.42879539728165 22.180747330188751 37.459273293614388 4066.7815448194742 5153.6492970883846 1728.7551207318902 143.85165348649025 217.26811648905277 156.71788342297077 5793.298949316144 76.923182398080826 142.92442102730274 152.21677993237972 1441.8571444451809 415.35514625906944 130.1020795404911
leaf_count=1171 17427 367 4375 2433 372 183 749 437 4005 1306 4726 385 705 2182 1582 88 67 11966 13647 10472 382 873 433 15237 172 352 363 3898 1221 355
internal_value=0.0116838 0.0307456 0.0097537 -0.00100351 -0.008989 0.0166982 0.00763646 0.011522 0.0130133 0.0105709 0.00727137 0.0448799 0.0140639 0.051604 0.00853878 -0.0180655 0.0282689 0.00664676 0.0150763 -0.018974 0.00287078 -0.0021285 0.0148634 0.0173617 0.00684724 0.00364682 0.0315838 0.0125971 0.014983 -0.00411319
internal_weight=34664.2 3187.12 31477.1 4443.9 2851.66 1598.47 1007.05 27033.2 20701.1 13255.8 7651.85 1588.65 833.373 1130.87 1080.92 1844.61 457.778 6332.1 5603.93 1822.43 867.549 723.697 271.1 7445.3 233.641 4209.71 213.376 2122.4 1857.21 265.183
internal_count=101931 8160 93771 19194 14819 4554 3887 74577 56348 37106 22153 3606 3138 2549 3383 10932 1057 18229 14953 10844 2837 2455 672 19242 605 12318 546 5911 5119 792
is_linear=0
shrinkage=0.05


Tree=29
num_leaves=31
num_cat=0
split_feature=37 27 28 12 28 13 37 37 35 35 24 51 28 37 0 35 28 2 21 49 31 27 35 12 0 37 7 7 31 8
split_gain=474.131 172.052 157.525 194.218 156.148 143.031 119.055 117.766 74.3181 87.594 78.3388 64.6552 64.4058 59.8251 55.1593 52.9462 52.8102 49.191 49.0457 47.5389 59.198 47.4382 43.6998 43.2942 41.7628 40.5149 34.4297 33.9509 36.8433 42.1904
threshold=-0.53415000438690174 -0.013714999891817568 0.013685000129044058 -0.082795001566410051 0.011814999859780075 0.22682500630617144 -0.31125000119209284 -0.13894999772310254 5.0000000000000009 29.500000000000004 0.064494997262954726 0.017335000447928909 0.016634999774396423 0.41885000467300421 0.45597968995571142 3.5000000000000004 0.02245500031858683 0.46080690622329717 26.170000076293949 0.11904999986290933 -0.013335000257939099 -0.010745000094175337 16.500000000000004 -0.1669650003314018 0.74346169829368602 0.0042499999981373557 90.79480361938478 20.831883430480961 -0.01111500011757016 -0.0064869821071624747
decision_type=2 2 2 2 2 2 2 2 2 2 2 2 2 2 2 2 2 2 2 2 2 2 2 2 2 2 2 2 2 2
left_child=4 6 3 18 11 7 17 -5 12 10 -10 27 14 19 -8 -15 -11 -2 25 24 -21 23 -17 -6 -4 -3 -7 28 29 -1
right_child=1 2 13 5 21 26 8 -9 9 16 -12 -13 -14 15 -16 22 -18 -19 -20 20 -22 -23 -24 -25 -26 -27 -28 -29 -30 -31
leaf_value=-0.034585374262765672 0.0082705584565174566 0.014337661919923203 -0.036352447378161769 -0.0026439171058125046 0.021182902323857947 0.0059180752840542715 0.007894445703825026 -0.025109584427057838 0.0094417116143664867 -0.011954328147868247 0.017939912657664502 0.04018738967672305 0.014670160676310906 0.019017019265287937 -0.0079228387544477332 -0.0057004361319855541 0.018424826859922926 0.042244816781578182 0.076026661712857158 0.0073119313777761756 0.020680632554372677 0.030479969992640233 0.0088908352045337629 0.056976247577454335 0.0081335871496954152 0.0045787298708131119 -0.060151404490412341 0.014318330994295672 -0.066431005968794185 0.047070434007946999
leaf_weight=35.116985097527504 136.91707906126976 1553.6811784058809 77.865275710821152 1089.3146834969521 95.316113337874413 1492.6339191496372 1218.0080732256174 1255.8746739774942 4079.0394122898579 493.9109288007021 8090.7155916690826 234.05750787258148 1322.3041473180056 582.00276963412762 1006.7740493267775 980.54011423885822 201.38543754816055 480.26675900816917 26.371757954359055 1186.10088545084 2743.299916908145 327.9837801605463 1076.4836698323488 743.2754519879818 163.61151376366615 3371.1887558326125 19.982372358441353 483.94429337978363 28.180225893855095 28.786260887980461
leaf_count=118 355 4596 327 4570 240 4557 3450 7522 11307 1520 20883 515 3464 1607 3049 3112 514 1056 72 3378 7472 749 3223 1727 474 10424 118 1345 118 69
internal_value=0.0111129 0.00967321 0.00588319 0.00146825 0.0348916 -0.00694255 0.0131494 -0.0146745 0.0123386 0.0141053 0.0150915 0.0180275 0.0059309 0.0115942 0.000736697 0.00570259 -0.00315532 0.0347079 0.0080216 0.015322 0.0166453 0.0466023 0.00193548 0.0529079 -0.00621113 0.00765744 0.00504527 0.00902332 -0.0188046 0.00219782
internal_weight=34624.9 32648.3 15619 8809.05 1976.66 3857.81 17029.3 2345.19 16412.1 12865.1 12169.8 810.085 3547.09 6809.9 2224.78 2639.03 695.296 617.184 4951.24 4170.88 3929.4 1166.58 2057.02 838.592 241.477 4924.87 1512.62 576.028 92.0835 63.9032
internal_count=101931 97050 51452 31859 4881 16767 45598 12092 44187 34224 32190 2165 9963 19593 6499 7942 2034 1411 15092 11651 10850 2716 6335 1967 801 15020 4675 1650 305 187
is_linear=0
shrinkage=0.05


Tree=30
num_leaves=31
num_cat=0
split_feature=37 28 13 12 30 30 29 33 37 15 28 21 40 21 40 24 5 8 5 37 30 1 12 21 7 23 24 35 48 23
split_gain=473.652 214.528 170.576 351.817 208.349 87.3922 86.0799 69.1134 59.743 59.1094 96.7496 57.7943 58.7021 70.465 51.4428 48.3996 47.4704 61.5139 67.42 40.0765 39.6485 38.5961 37.5006 48.2888 37.4161 35.2169 35.1841 64.4653 35.9543 32.9162
threshold=-0.38664999604225153 0.012494999915361406 0.35435999929904943 -0.10291500017046927 0.028535000048577789 -0.020384999923408028 0.01807499956339598 0.13984999805688861 0.30994999408721929 1.0039499998092654 0.016165000386536125 21.82499980926514 1.5000000000000002 14.825000286102297 1.5000000000000002 0.36541000008583074 -9.3637018203735334 -1.0000000180025095e-35 1.781599283218384 0.015250000171363355 -0.0087049999274313433 0.34549556672573095 -0.22351499646902082 20.909999847412113 43.026897430419929 -62.844999313354485 0.26987500488758093 1.5000000000000002 0.10705000162124635 76.005001068115249
decision_type=2 2 2 2 2 2 2 2 2 2 2 2 2 2 2 2 2 2 2 2 2 2 2 2 2 2 2 2 2 2
left_child=1 5 3 11 6 -1 7 -5 14 22 29 12 13 -2 -4 -14 -7 18 -18 -6 -19 -8 23 -3 -10 -16 28 -28 -13 -11
right_child=2 9 8 4 19 16 21 -9 24 10 -12 26 15 -15 25 -17 17 20 -20 -21 -22 -23 -24 -25 -26 -27 27 -29 -30 -31
leaf_value=0.03931059939516382 0.019958675786319532 0.042839700449297927 0.01933074069507415 -0.014439655496956142 0.033941196992928184 0.036285134806815472 0.022559691518324834 0.004349022740296477 0.020064525883367421 0.0223946558478684 0.046303462270910284 0.024902414835405805 0.0025090252968626011 0.0092841290906416265 0.022160310509819474 0.017088358502021821 -0.020200675844799357 0.035745495858457647 0.029759880126171263 0.0097823173856509509 0.0086747578359750652 -0.050232640661122679 0.054079088097532993 -0.055550333416604938 0.0070910875177132501 0.0093271138379279646 -0.025048073690051954 0.0471054986418755 -0.0018588756125103032 -0.014636146621728333
leaf_weight=335.33011166751385 2113.3790218532085 40.726935535669327 4851.3213759958744 3386.294495806098 210.76810622215271 156.90024325251579 253.03996643424034 572.14989157021046 645.44932378828526 141.31282797455788 412.67240953445435 377.88433569669724 3551.1154494136572 5758.8048956543207 645.66635484993458 677.92837329208851 302.830895870924 182.66367007791996 86.904943287372589 925.21994081139565 521.19369234144688 19.622225522994995 821.91235150396824 17.974162355065346 3999.6231393367052 3107.4941598325968 35.539734154939651 240.03870095312595 187.92710594832897 104.30361574888229
leaf_count=760 5660 88 12282 16238 570 363 704 2075 1664 339 977 1006 10425 16096 1640 1771 1053 442 225 2793 1678 75 1883 61 11252 8442 110 505 580 299
internal_value=0.0109808 0.0295499 0.00914219 0.00601521 -0.00474769 0.0166442 -0.00985222 -0.011724 0.0134634 0.0428492 0.0315154 0.0104784 0.00959739 0.0121498 0.0159303 0.00484614 0.010566 0.00687598 -0.00906026 0.0142647 0.0157001 0.0173212 0.0513216 0.0127129 0.00889379 0.0115348 0.0231496 0.0378003 0.016014 0.00666913
internal_weight=34684 3124.73 31559.3 18309.7 5367.09 1585.82 4231.11 3958.44 13249.6 1538.9 658.289 12942.6 12101.2 7872.18 8604.48 4229.04 1250.49 1093.59 389.736 1135.99 703.857 272.662 880.613 58.7011 4645.07 3753.16 841.39 275.578 565.811 245.616
internal_count=102056 8168 93888 58608 22455 4521 19092 18313 35280 3647 1615 36153 33952 21756 22364 12196 3761 3398 1278 3363 2120 779 2032 149 12916 10082 2201 615 1586 638
is_linear=0
shrinkage=0.05


Tree=31
num_leaves=31
num_cat=0
split_feature=37 27 27 16 12 30 37 37 2 36 37 51 51 23 51 6 35 35 21 23 15 5 5 37 7 23 51 16 23 12
split_gain=441.617 172.255 114.706 113.757 188.44 113.479 65.4853 64.8549 83.7386 82.7868 60.9124 57.802 101.291 79.2364 62.9021 54.3073 49.1921 79.5874 43.811 40.3928 38.1695 36.5698 35.3701 34.9019 34.1572 33.678 30.726 27.7734 26.9825 23.6715
threshold=-0.53415000438690174 -0.019325000233948227 -0.010395000223070381 1.0320499539375307 -0.046925000846385949 0.014595000073313715 -0.1092500016093254 -0.23384999483823773 0.25702993571758276 0.99994999170303356 -0.14735000580549237 0.022055000066757206 -0.015974999405443665 -22.335000038146969 -0.0093249999918043596 0.089360672980546965 5.0000000000000009 10.500000000000002 12.055000305175783 35.764999389648445 0.93414998054504406 7.4024255275726327 -1.7587131261825559 -0.29665000736713404 58.019285202026374 -29.394999504089352 -0.0194300003349781 1.1413499712944033 -79.06499862670897 -0.17983499914407727
decision_type=2 2 2 2 2 2 2 2 2 2 2 2 2 2 2 2 2 2 2 2 2 2 2 2 2 2 2 2 2 2
left_child=2 6 11 4 7 15 25 8 -3 -9 26 12 13 -1 -14 -6 20 19 -19 -18 -8 22 -4 -7 29 -2 -5 -22 -26 -12
right_child=1 3 21 10 5 23 16 9 -10 -11 24 -13 14 -15 -16 -17 17 18 -20 -21 27 -23 -24 -25 28 -27 -28 -29 -30 -31
leaf_value=-0.10849653017282242 0.020824492174980343 -0.0018131035732419608 0.025537068168313821 0.061882961280480757 -0.01790671776912782 0.027434103392698972 0.029329771193736604 0.0075056389178758372 0.027832808667191723 -0.0045573957643775696 0.023942296690886419 0.058717997287133498 -0.058211924567958186 0.0596999333572545 0.026312561090877314 0.0055455807043877613 0.027078081591864901 -0.0015336524105895881 0.013719657306342914 0.0062011862825035622 0.00227208652887729 0.035327841918228194 -0.0043094484157423741 0.002354345850123609 -0.02348813907840834 0.04393618332293682 0.02413150310954398 0.021711329739943327 0.0089214831169491353 0.011791822660739575
leaf_weight=7.1424694061279288 412.75771461427212 346.85876736044884 161.97492328286171 60.547832638025284 1603.0306437760592 166.53444795310497 168.17237114906311 10801.758095368743 760.34572684764862 1637.9622352942824 696.90629902482033 362.18391405045986 22.839944839477539 356.39316420257092 606.48818647861481 291.77670827507973 1638.9288695454597 520.42884366214275 4932.050102353096 269.83925622701645 1640.8561124652624 160.38010317087173 256.38287162780762 830.59543618559837 65.276109486818314 255.00563597679138 490.80586950480938 206.91272093355656 3971.3428651914001 943.57629265636206
leaf_count=29 1019 1168 418 124 8478 448 398 30581 2085 7213 1787 881 79 875 1456 905 3945 1505 12773 719 4588 360 819 2790 259 569 1288 511 11335 2651
internal_value=0.0104441 0.0090716 0.0336617 0.00665628 0.00447599 -0.00711036 0.014522 0.00694939 0.0185455 0.00591728 0.0124108 0.04162 0.0353829 0.0563953 0.0232449 -0.0142954 0.0134447 0.0153398 0.0122638 0.0241268 0.00652448 0.0150282 0.00724618 0.00654301 0.0108698 0.0296504 0.0282772 0.00444889 0.00839739 0.0169536
internal_weight=34646.1 32712.3 1933.79 22667.3 16438.9 2891.94 10045 13546.9 1107.2 12439.7 6228.46 1355.05 992.864 363.536 629.328 1894.81 9377.19 7361.25 5452.48 1908.77 2015.94 578.738 418.358 997.13 5677.1 667.763 551.354 1847.77 4036.62 1640.48
internal_count=102056 97139 4917 71112 53668 12621 26027 41047 3253 37794 17444 3320 2439 904 1535 9383 24439 18942 14278 4664 5497 1597 1237 3238 16032 1588 1412 5099 11594 4438
is_linear=0
shrinkage=0.05


Tree=32
num_leaves=31
num_cat=0
split_feature=37 28 36 13 51 51 12 37 40 43 37 53 5 15 31 37 21 13 12 28 21 0 51 15 53 5 7 49 49 0
split_gain=413.581 218.975 215.746 146.847 103.981 156.073 75.3251 78.0974 64.8305 63.5594 58.8619 54.1929 51.3017 50.4139 49.9137 48.6182 47.0055 59.9417 55.1645 46.2913 55.9263 43.7574 43.4033 79.9945 55.302 48.8588 40.9833 36.2143 47.2603 39.3573
threshold=-0.35664999485015864 0.010325000155717136 0.99994999170303356 0.22682500630617144 0.022055000066757206 -0.020744999870657917 -0.10785499960184096 -0.15525000542402265 1.5000000000000002 3.5000000000000004 0.45094999670982366 0.44085000455379492 -9.3637018203735334 1.0024500489234927 0.030384999699890617 1.2186999917030337 21.980000495910648 0.35435999929904943 -0.18958500027656552 0.014955000020563604 14.989999771118166 0.66695761680603038 0.010125000029802324 0.99875000119209301 0.11195000261068346 1.781599283218384 85.536067962646499 0.36299999058246618 0.56755000352859508 0.38604924082756048
decision_type=2 2 2 2 2 2 2 2 2 2 2 2 2 2 2 2 2 2 2 2 2 2 2 2 2 2 2 2 2 2
left_child=1 12 8 6 5 11 -4 9 10 -8 19 -3 -1 21 -15 -9 17 18 -10 20 -2 -7 27 25 -25 -24 -5 29 -29 -14
right_child=2 4 3 26 -6 13 7 15 16 -11 -12 -13 22 14 -16 -17 -18 -19 -20 -21 -22 -23 23 24 -26 -27 -28 28 -30 -31
leaf_value=0.031755131272090245 0.016519338112402051 -0.076903306325479315 0.0040866859765665208 0.014274354030141177 0.059630420290559927 0.037202078689745677 -0.0089059215316053039 -0.021007738301501558 0.0068062643189194597 0.024598252009314828 0.0056212094591133648 0.058929886639639342 -0.0553142237659945 -0.00058149441608631785 0.030243908008433025 0.055130704275018899 0.020067102193897179 0.0096813071630271544 -0.0037996117432654679 0.016813194204291709 0.007578808008625617 0.0043228762738008759 -0.016583717719973103 -0.0072187877488088942 0.053128555430190773 0.036751450581673117 -0.039281020586087609 0.023247959575898505 -0.0094894524918861418 0.0096679482788220323
leaf_weight=225.11974981427193 2718.1516432464123 7.4686993658542624 886.01182021200657 1143.098743468523 397.06849992275238 557.19557596743107 509.40504691004753 1425.1203612610698 2729.0095972567797 196.02564278244972 3110.723699465394 436.14226627349854 62.370198100805283 350.11719138920307 210.14584471285343 21.279808461666107 630.23546335101128 5327.9660507589579 2226.1945753991604 5410.2771575599909 4906.623139038682 123.64856734871864 172.49937969446182 49.361875981092453 164.40263050794601 57.170563966035843 36.874768979847431 170.52180176973343 311.85882410407066 37.198085442185402
leaf_count=531 7304 27 3146 3276 982 1285 2211 9050 7613 769 8835 1072 282 974 488 86 1600 14496 7064 13809 13602 331 550 142 360 136 197 553 1184 101
internal_value=0.00993358 0.026679 0.0081495 -0.00236873 0.0366129 0.0311879 -0.00818323 -0.0132353 0.00978902 0.000404245 0.0118011 0.056643 0.0101414 0.0220895 0.0109806 -0.0198876 0.00681221 0.00599984 0.00204143 0.0132759 0.010766 0.0312309 0.00539617 0.0171808 0.0391933 -0.00330727 0.0126007 -0.0035835 0.00208324 -0.0310373
internal_weight=34609.3 3332.29 31277 4217.82 2081.79 1684.72 3037.84 2151.83 27059.2 705.431 16145.8 443.611 1250.5 1241.11 560.263 1446.4 10913.4 10283.2 4955.2 13035.1 7624.77 680.844 1025.38 443.434 213.765 229.67 1179.97 581.949 482.381 99.5683
internal_count=102056 8998 93058 18735 5159 4177 15262 12116 74323 2980 43550 1099 3839 3078 1462 9136 30773 29173 14677 34715 20906 1616 3308 1188 502 686 3473 2120 1737 383
is_linear=0
shrinkage=0.05


Tree=33
num_leaves=31
num_cat=0
split_feature=37 27 28 0 25 7 30 37 37 13 36 13 2 35 35 24 2 37 27 21 13 25 25 3 51 51 37 51 51 30
split_gain=385.5 150.392 110.671 110.51 104.824 82.0268 82.8868 75.0443 70.1334 60.0369 47.8041 47.1746 46.2043 41.2047 70.6426 55.8904 36.2483 33.1353 32.013 30.7661 30.3284 29.6825 29.2649 27.8482 27.7881 25.9143 25.1637 24.8148 25.8585 24.6826
threshold=-0.58335000276565541 -0.019325000233948227 0.021185000427067283 0.69328135251998912 2.0090500116348271 85.536067962646499 0.015914999879896644 0.082550000399351134 -0.18264999985694882 0.10026500001549722 0.99994999170303356 0.045324999839067466 0.14257481694221499 5.0000000000000009 22.500000000000004 -0.0033650000113993879 0.73123764991760265 0.088649999350309386 -0.035395000129938119 16.465000152587894 0.21569500118494037 0.02615000028163195 1.5271499752998354 0.79397025704383861 -0.020744999870657917 0.025504999794065956 0.56334999203681957 0.018135000020265583 -0.015974999405443665 0.0033350000157952313
decision_type=2 2 2 2 2 2 2 2 2 2 2 2 2 2 2 2 2 2 2 2 2 2 2 2 2 2 2 2 2 2
left_child=3 8 4 12 5 9 -7 11 16 -3 -6 -4 19 18 15 -15 -2 -16 -10 -1 -18 -9 -20 25 -13 -5 -23 28 -14 -22
right_child=1 2 7 23 10 6 -8 21 13 -11 -12 24 27 14 17 -17 20 -19 22 -21 29 26 -24 -25 -26 -27 -28 -29 -30 -31
leaf_value=-0.01306333129506192 0.015071458031703353 0.0011285772859291805 -0.049946849878052875 -1.3268484495893762e-05 -0.0054602020761722013 -0.023405646853594527 0.012288046429189785 -0.043414411819518522 0.021351365624430949 0.007947407080856287 -0.034607780194049552 0.063402264690022192 0.039553756413621639 0.0051364088603833881 0.01807694430075631 0.019149073279347482 0.055439120604823013 0.002508350172737614 0.0082094626359149984 0.030187794468999135 -0.0035129923558421938 0.014428256328996728 -0.005394443898983952 0.054759673104512345 0.030575030426318341 0.060612088900033161 0.0039034406880333059 0.046364645455545334 0.01764046457049339 0.042003082377122206
leaf_weight=126.63074676692486 201.16235464811325 4294.0439317077398 16.299688190221786 47.877609834074974 1177.1448838561773 467.99944823235273 249.2783277630806 24.469625234603882 297.2695964127779 13003.010333761573 159.76098061352968 79.370674505829811 192.12280574440956 838.31596854329109 440.52425090968609 4707.7518824487925 181.14720591902733 1524.5471209585667 1171.1495877355337 60.886118426918983 50.62517437338829 2338.4443415850401 596.77622383832932 517.94429019093513 343.29166752099991 27.897551357746124 750.08427749574184 157.17518489062786 449.8413343578577 72.355362504720688
leaf_count=416 510 15681 62 136 3608 2802 886 83 721 38396 816 179 460 2254 1101 11760 406 4207 3194 145 138 6290 1704 1358 812 72 2180 367 1157 155
internal_value=0.00944991 0.0082941 0.00605413 0.0335734 0.00456504 0.00556755 -0.0110009 0.0141667 0.0133828 0.00625461 -0.00894335 0.0335207 0.0233169 0.0124249 0.0141447 0.017031 0.0315378 0.00599847 0.00617004 0.000980169 0.0424294 0.0114376 0.00361736 0.0506178 0.0367396 0.0223067 0.0118722 0.0285582 0.0241985 0.0232663
internal_weight=34565.2 32984.8 22903.2 1580.38 19351.2 18014.3 717.278 3551.96 10081.6 17297.1 1336.91 438.962 986.656 9576.33 7511.14 5546.07 505.29 1965.07 2065.2 187.517 304.128 3113 1767.93 593.719 422.662 75.7752 3088.53 799.139 641.964 122.981
internal_count=102056 97945 71795 4111 62189 57765 3688 9606 26150 54077 4424 1053 2545 24941 19322 14014 1209 5308 5619 561 699 8553 4898 1566 991 208 8470 1984 1617 293
is_linear=0
shrinkage=0.05


Tree=34
num_leaves=31
num_cat=0
split_feature=37 28 36 45 51 51 37 28 25 37 28 21 13 12 31 31 24 5 2 30 51 30 21 21 35 5 21 44 13 24
split_gain=365.816 198.343 186.03 139.916 107.215 174.669 78.3447 75.5236 60.1077 59.134 65.4152 60.8495 56.2131 125.985 53.3767 50.3358 49.9195 45.0426 45.7042 49.158 43.568 45.3372 37.8169 36.9475 36.4712 32.2195 31.471 28.0344 46.8669 29.8839
threshold=-0.35664999485015864 0.010654999874532224 0.99994999170303356 0.83195000886917125 0.016135000623762611 -0.020744999870657917 -0.083049997687339769 0.023984999395906929 1.164449989795685 0.32265000045299536 0.014955000020563604 25.60999965667725 0.35435999929904943 -0.097204998135566698 -0.046514999121427529 0.030384999699890617 0.13043499737977984 -9.3637018203735334 0.25702993571758276 0.0093749999068677443 0.014744999818503858 0.015474999789148571 25.60999965667725 21.82499980926514 1.5000000000000002 0.95738062262535106 14.284999847412111 -0.045150000602006905 0.5092349946498872 0.16798499971628192
decision_type=2 2 2 2 2 2 2 2 2 2 2 2 2 2 2 2 2 2 2 2 2 2 2 2 2 2 2 2 2 2
left_child=1 17 9 -4 5 16 7 14 22 10 12 27 13 -2 -5 -10 -3 -1 19 -19 21 -8 -7 25 -14 -20 -21 29 -29 -11
right_child=2 4 3 6 -6 8 20 -9 15 11 -12 -13 24 -15 -16 -17 -18 18 23 26 -22 -23 -24 -25 -26 -27 -28 28 -30 -31
leaf_value=0.029982623913625078 0.0087207719372968066 0.057483295413398153 0.0093818034448421642 0.056554318379793717 0.05447941278926241 0.028342724901112362 -0.023175868677815219 0.073609649862245732 -0.010615502275066869 0.0060169735488393421 0.01467272719196349 0.050734273516435592 -0.0021589619701395247 -0.0087883148125902106 -0.0036801385073948673 0.027148324092434058 -0.07533650238848616 -0.016734484438726015 0.00046890122148345931 -0.013719875921994296 0.011860803450266482 -0.00033862004359091471 -0.074408418318243949 0.064090406207786901 0.013771932003882246 0.022879737528122616 0.045210195549882412 -0.00010263182973647546 0.0096704678495306857 0.016003257702649744
leaf_weight=233.91297951340675 5225.9752144813538 408.24670812487602 1564.3295307010412 38.202681735157967 523.83489203453064 577.92814876139164 1186.2065497115254 34.658858820796013 271.48009826242924 2922.0269054323435 6256.3562250733376 74.400272756814957 391.81462661921978 1278.7808127254248 987.03478357195854 130.73222859203815 7.1990618854761115 318.85149432718754 337.72874440252781 35.609207600355148 124.21186889708042 266.07002970576286 9.0956647992134076 34.683610633015633 4324.0635372251272 305.40408077836037 62.280270874500275 3781.749181240797 1815.6657926738262 1007.4381783008575
leaf_count=555 14264 1073 4308 94 1334 1380 7900 64 786 8297 15957 159 1127 4497 4580 310 26 1213 1099 128 509 1280 33 66 11321 835 160 11153 4956 2592
internal_value=0.00898606 0.0249332 0.00732553 -0.0024645 0.0351741 0.0279747 -0.00949364 0.00101833 0.0165487 0.00884428 0.0105761 0.00569184 0.00829196 0.00527863 -0.00143567 0.00165898 0.0551817 0.0100668 0.0058107 -0.00721951 -0.016561 -0.0189919 0.0267506 0.0138221 0.0124483 0.0111111 0.0237732 0.00534008 0.00306752 0.00857726
internal_weight=34536 3256.99 31279 4200.71 1928.52 1404.68 2636.38 1059.9 989.236 27078.3 17477 9601.28 11220.6 6504.76 1025.24 402.212 415.446 1328.47 1094.56 416.741 1576.49 1452.28 587.024 677.816 4715.88 643.133 97.8895 9526.88 5597.41 3929.47
internal_count=102056 8998 93058 18735 4942 3608 14427 4738 2509 74323 47166 27157 31209 18761 4674 1096 1099 4056 3501 1501 9689 9180 1413 2000 12448 1934 288 26998 16109 10889
is_linear=0
shrinkage=0.05


Tree=35
num_leaves=31
num_cat=0
split_feature=37 28 27 12 13 6 13 37 16 37 51 51 21 28 28 37 12 37 33 54 13 1 21 30 0 37 24 15 13 6
split_gain=333.916 130.449 103.222 104.357 184.926 86.0939 110.12 84.9345 70.0895 68.3895 50.353 93.4308 46.4353 39.5175 38.4097 36.4848 35.0956 33.9579 29.7216 28.7757 27.2932 26.8797 26.7341 34.1233 37.1754 27.3196 26.7173 25.3531 26.6473 26.9697
threshold=-0.53415000438690174 0.010565000120550396 -0.024495000019669529 -0.096014998853206621 0.078704997897148146 0.0063577408436685809 0.2384850010275841 0.026050000451505188 0.94345000386238109 -0.38664999604225153 0.017335000447928909 -0.020744999870657917 13.139999866485597 0.027104999870061878 0.023765000514686111 0.050249999389052398 -0.22351499646902082 -0.19244999438524243 -0.058350000530481332 1.1175499558448794 0.26691499352455145 0.023970785550773147 14.989999771118166 0.0093749999068677443 0.15845907479524615 -0.98489999771118153 -0.0017750000115483997 0.98035001754760753 0.033695001155138023 -0.02471640799194574
decision_type=2 2 2 2 2 2 2 2 2 2 2 2 2 2 2 2 2 2 2 2 2 2 2 2 2 2 2 2 2 2
left_child=1 22 17 7 8 15 -7 12 -5 -10 11 26 -4 16 -14 -6 -9 -2 -13 -15 -19 -20 27 24 25 -24 -3 -1 29 -29
right_child=2 10 3 4 5 6 -8 13 9 -11 -12 18 14 19 -16 -17 -18 20 21 -21 -22 -23 23 -25 -26 -27 -28 28 -30 -31
leaf_value=0.029757980219381943 0.034941216883386722 0.057170006241883398 0.0024416107549807275 0.039751745402504958 0.027769050381731032 -0.0077245575594835974 0.0060618683952835643 0.0086766335970931124 0.0046351464692279453 -0.022172679188839705 0.054983779127261628 0.0054370261580439765 0.016535730961686465 0.020076535980495667 0.042128383620656497 0.01059459919923968 0.0032518566166045929 0.0074578742518749581 0.049505452958430424 -0.0017931089460176697 0.015348355023990285 0.018633209708394466 0.022192034489331547 0.056379147861675999 0.021065459894563023 -0.068309984450275349 -0.04311100009045489 -0.0082041108149694866 0.0018293733996920304 -0.081727005804455383
leaf_weight=59.879270896315575 180.5503004938364 288.74486232548952 583.66611425578594 57.704524107277393 456.41859894990921 1907.1849261969328 6021.8048514202237 5645.9644869416952 302.2976039648056 1116.9027475640178 353.44179940223694 215.22068676352501 2818.6028973460197 827.88695418834686 154.64923258125782 958.92893099784851 6317.594447940588 1595.9761697053909 109.74783827364445 183.80594383180141 3497.9431036859751 197.18767084181309 13.415705010294912 56.552774220705032 222.77025061845779 22.034397020936012 6.7983182072639456 30.244490519165993 199.31303754448891 21.227256864309311
leaf_count=138 410 816 1654 156 1366 8748 17102 15449 1007 6394 972 577 7518 2111 336 2931 18445 4218 230 522 8733 501 33 116 550 100 24 94 612 97
internal_value=0.00838265 0.0293685 0.00722712 0.00599218 0.00217492 0.00477348 0.00274578 0.00849079 -0.0142661 -0.0164625 0.0392144 0.0323982 0.0153357 0.00661439 0.0178669 0.016133 0.00581197 0.0136315 0.0196828 0.0161032 0.0128762 0.0296719 0.0109319 0.0212016 0.0134974 -0.0340605 0.0548633 0.000526404 -0.00645315 -0.0385254
internal_weight=34424.5 1796.58 32627.9 27353.4 10821.2 9344.34 7928.99 16532.2 1476.9 1419.2 1171.14 817.699 3556.92 12975.3 2973.25 1415.35 11963.6 5274.47 522.156 1011.69 5093.92 306.936 625.437 314.773 258.22 35.4501 295.543 310.664 250.785 51.4717
internal_count=101960 4860 97100 83739 37704 30147 25850 46035 7557 7401 3120 2148 9508 36527 7854 4297 33894 13361 1308 2633 12951 731 1740 799 683 133 840 941 803 191
is_linear=0
shrinkage=0.05


Tree=36
num_leaves=31
num_cat=0
split_feature=37 28 13 12 40 37 37 7 37 16 7 51 51 14 30 8 28 12 15 16 12 30 21 30 37 0 25 51 0 33
split_gain=310.615 124.322 90.0266 192.907 84.4249 75.5214 68.947 68.768 68.0436 60.5648 60.42 50.0892 91.8905 46.6496 46.0717 43.3019 49.4581 42.6615 41.564 39.9365 50.2738 55.0443 53.3525 39.469 38.6568 37.2019 41.1963 36.9442 36.3653 31.1813
threshold=-0.53415000438690174 0.010565000120550396 0.078704997897148146 -0.10656999796628951 1.5000000000000002 -1.0000000180025095e-35 -0.2019500061869621 52.194129943847663 -0.38664999604225153 0.94345000386238109 85.536067962646499 0.017335000447928909 -0.020744999870657917 1.0000500082969668 0.023245000280439857 0.0064054131507873544 0.010935000143945219 -0.2093350067734718 0.93094998598098766 1.0320499539375307 -0.07247500121593474 0.014595000073313715 10.844999790191652 0.015474999789148571 -0.18264999985694882 0.051342122256755836 1.1218499541282656 -0.00085499999113380898 0.26819548010826116 0.51489999890327465
decision_type=2 2 2 2 2 2 2 2 2 2 2 2 2 2 2 2 2 2 2 2 2 2 2 2 2 2 2 2 2 2
left_child=1 -1 3 6 5 14 25 27 15 -10 18 12 -3 -11 -4 16 -5 -9 -7 20 22 -22 -6 -12 -21 -2 -27 -8 -17 -26
right_child=2 11 4 8 19 10 7 17 9 13 23 -13 -14 -15 -16 28 -18 -19 -20 24 21 -23 -24 -25 29 26 -28 -29 -30 -31
leaf_value=0.01042376741304589 -0.044552891624171947 0.054202033921239672 0.01310491683605315 -0.00096067498884676793 0.029385328272091567 0.025128673007851206 0.016485996575731115 0.0013644879846976853 0.023391548809966758 -0.015317057921410172 -0.0519835202313772 0.054249493695575628 0.018838234828057715 -0.037262836269443898 0.026071389584983975 0.022292483552175543 0.042795254264633396 -0.048991662984182491 0.0085171205649690451 0.030638800322786427 -0.011887676611288497 0.0059917748663843359 0.0038892328238093032 -7.3074359683322228e-05 0.0061113461669432406 0.042977543344473734 0.0068087511341245188 0.0035756796866444856 -0.059990661633435541 0.021218011290858596
leaf_weight=623.06641067564487 17.007136553525925 284.49033124744892 2113.6572708040476 178.23277676105499 213.36489216983318 388.29992577433586 736.14828981459141 77.470203518867493 80.940817803144455 893.48558739572763 65.738108068704605 340.63965779542923 518.45497876405716 332.17696923017502 1013.574350938201 20.357091918587685 101.27767743170261 92.019196525216103 12457.325403384864 191.82491599023342 1079.1650878116488 716.12948453426361 5352.6272905915976 82.660865753889084 3397.1599142551422 240.45449803769588 117.05285060405731 2241.1214366704226 39.448804944753647 379.7695344388485
leaf_count=1740 61 840 6470 649 538 922 2052 231 229 5080 486 972 1308 1870 2489 66 240 439 34733 480 4463 2179 15148 324 9479 562 323 6439 155 993
internal_value=0.00797341 0.0283932 0.00686745 0.000812965 0.0080071 0.0103317 0.00741795 0.00500426 -0.0133177 -0.0184984 0.0086528 0.0381837 0.0313679 -0.0212648 0.0173075 0.00663166 0.0148938 -0.0259749 0.00901926 0.00469954 0.00251988 -0.0047557 0.00486659 -0.0230685 0.00874241 0.0276983 0.0311354 0.00676784 -0.0319826 0.00763032
internal_weight=34385.1 1766.65 32618.5 5167.19 27451.3 16121.3 3521.27 3146.76 1645.92 1306.6 12994 1143.58 802.945 1225.66 3127.23 339.316 279.51 169.489 12845.6 11330 7361.29 1795.29 5565.99 148.399 3968.75 374.514 357.507 2977.27 59.8059 3776.93
internal_count=101960 4860 97100 18396 78704 45424 10107 9161 8289 7179 36465 3120 2148 6950 8959 1110 889 670 35655 33280 22328 6642 15686 810 10952 946 885 8491 221 10472
is_linear=0
shrinkage=0.05


Tree=37
num_leaves=31
num_cat=0
split_feature=37 28 7 27 7 24 30 51 51 51 15 45 36 53 51 51 14 6 51 21 34 12 12 21 8 21 27 16 51 35
split_gain=289.004 179.223 111.516 80.1077 91.0618 110.269 74.9706 65.8586 62.7646 114.007 58.1391 53.2898 72.0322 51.0113 50.8326 45.9913 38.9469 38.7125 38.6409 37.2907 34.7103 31.6518 32.7092 30.8608 34.9406 30.3979 29.3732 57.9095 35.4349 28.9709
threshold=-0.38664999604225153 0.012494999915361406 84.054248809814467 -0.024495000019669529 25.159439086914066 0.10186500102281572 0.015914999879896644 0.022055000066757206 0.018135000020265583 -0.020744999870657917 1.0075500011444094 0.92434999346733104 0.73364999890327465 0.44085000455379492 -0.0057650001253932706 -0.014264999888837336 0.92685002088546764 -0.030407942831516262 0.0071849999949336061 11.949999809265138 207.50000000000003 -0.18570499867200849 -0.10785499960184096 21.884999275207523 -1.0000000180025095e-35 26.170000076293949 -0.0049750001635402432 0.99575001001358043 -0.0080949999392032606 23.500000000000004
decision_type=2 2 2 2 2 2 2 2 2 2 2 2 2 2 2 2 2 2 2 2 2 2 2 2 2 2 2 2 2 2
left_child=1 7 3 29 5 14 16 19 9 13 15 18 -13 -3 -5 -11 -4 -12 -6 -1 21 -8 -23 24 -21 -7 28 -28 -18 -2
right_child=2 8 6 4 11 25 20 -9 -10 10 17 12 -14 -15 -16 -17 26 -19 -20 23 -22 22 -24 -25 -26 -27 27 -29 -30 -31
leaf_value=-0.013177885236093291 0.014010907690353883 -0.08557915204104595 -0.055136405248676801 0.018854878383523226 0.0073711221412416502 0.0079054629212641954 -0.078458077420467107 0.047810016227143669 0.056896825712666702 0.052861551503812138 0.042239970177534558 0.0053941910029113981 -0.0055698025291310823 0.056317417553383854 -0.02723907797038343 0.016487552952748879 0.0051262804591556826 -0.0039424952588310363 0.015427404596184788 -0.00011106736080204654 -0.036676144999585117 0.077675008301331006 0.010469644720838001 0.042742805276539474 0.017157887674052026 0.080875425610178853 0.10971672644166995 -0.010105386638419308 -0.036094985017375993 0.0039727039167856077
leaf_weight=176.88279782235622 4314.5038498789072 6.4525105506181708 91.175169661641121 66.994494765996933 9981.4837898761034 426.6211421340704 9.2978658378124219 113.95327742397785 288.81050997972488 157.60409152507782 54.255009651184082 11006.920657962561 1734.0705125257373 344.19517277926207 557.96223308146 193.71983776986599 69.406456604599953 277.31021875143051 1749.232952773571 532.54269762337208 41.767461434006691 19.534399256110191 247.44848212599754 73.660673022270203 650.95437200367451 14.766339585185049 12.100668743252752 60.492968574166298 209.505650870502 862.44894886016846
leaf_count=610 10827 24 630 255 27795 1308 36 295 856 344 118 30743 9045 1006 2863 491 328 774 4597 1583 197 48 869 160 1890 32 67 428 1444 2297
internal_value=0.00758389 0.022772 0.00619886 0.00666723 0.00551755 -0.00878547 -0.012712 0.0112245 0.03629 0.0305316 0.018632 0.0061408 0.00390197 0.0537063 -0.0222979 0.0328049 -0.0260166 0.00361448 0.00857244 0.00831732 0.00580626 0.0122286 0.0153869 0.0113417 0.00938731 0.0103466 -0.0184633 0.00986782 -0.0258372 0.0123386
internal_weight=34346.1 2870.34 31475.7 30715 25538.1 1066.34 760.729 1547.99 1322.35 1033.54 682.889 24471.7 12741 350.648 624.957 351.324 442.681 331.565 11730.7 1434.04 318.048 276.281 266.983 1257.16 1183.5 441.387 351.506 72.5936 278.912 5176.95
internal_count=101960 8151 93809 89762 76638 4458 4047 4538 3613 2757 1727 72180 39788 1030 3118 835 2897 892 32392 4243 1150 953 917 3633 3473 1340 2267 495 1772 13124
is_linear=0
shrinkage=0.05


Tree=38
num_leaves=31
num_cat=0
split_feature=37 51 7 0 8 16 12 37 37 16 16 51 6 35 24 28 51 55 1 28 0 37 1 12 51 51 14 6 33 23
split_gain=271.969 102.521 123.015 94.2265 65.3704 75.6205 81.2072 54.7142 48.768 46.7826 54.7636 66.5957 58.0619 41.4151 56.9511 36.6146 33.0269 28.7563 30.2918 28.6902 36.985 28.4603 26.3925 26.0931 24.7474 23.2959 21.1975 19.6565 17.4314 28.9358
threshold=-0.58335000276565541 -0.014994999859482048 85.536067962646499 0.72962653636932384 -0.018133580684661862 1.0289500355720522 -0.034324999898672097 -0.018749999813735482 0.043549999594688422 1.0320499539375307 0.99575001001358043 -0.0042850000318139783 -0.023676542565226551 22.500000000000004 0.078984998166561141 0.016055000014603141 0.019805000163614753 0.060949999839067466 0.19823972135782245 0.021185000427067283 0.67337486147880565 -0.32654999196529383 0.30997380614280706 -0.23547999560832975 -0.020744999870657917 -0.01829500030726194 1.115150034427643 0.46405418217182165 -0.55149999260902394 67.634998321533217
decision_type=2 2 2 2 2 2 2 2 2 2 2 2 2 2 2 2 2 2 2 2 2 2 2 2 2 2 2 2 2 2
left_child=3 8 4 15 13 6 -6 -7 19 10 11 -4 -12 14 -3 16 17 18 -1 20 26 -11 -15 -5 -22 -19 -2 -23 29 -17
right_child=1 2 9 23 5 7 -8 -9 -10 21 12 -13 -14 22 -16 28 -18 25 -20 -21 24 27 -24 -25 -26 -27 -28 -29 -30 -31
leaf_value=0.027261450091645448 0.042852915095252075 0.0048045031728390208 0.086295126564855287 0.005651990472669656 0.0041656301027623941 0.019301148813336975 -0.0073317998184656901 0.0072214737052625046 0.011150509465061981 0.046839249033671565 0.04872205475537978 -0.019347251669245211 -0.032436608116764458 -0.0021221587016428652 0.014912364165895895 -0.063596408884809955 0.042514542401511111 -0.069162494932851093 0.0013422668960186629 0.051175059070375228 0.022455824190932765 -0.0095953142778994836 0.013417677023263297 0.051253978307989501 -0.031196020078021688 0.0010980778369246076 0.0048501645772455575 0.043316988880427787 0.048075657345022872 0.053464595116765337
leaf_weight=339.66033904254436 188.11786666512489 2004.8580618351698 24.259503155946732 33.98812772333622 13436.726889371872 1082.2020940333605 1733.9860642254353 7006.4111097231507 480.24629265069962 35.573112010955811 23.202572554349899 38.741274677217007 438.86365792900324 975.48262141644955 4570.3528464883566 9.7949116230011004 101.37189003825188 12.489427790045736 168.72003641724586 157.62533342838287 45.530173495411873 135.37160481512547 379.53740301728249 407.03549413383007 40.711724445223808 213.00362087786198 45.585835173726082 20.167135015130043 141.05732493102551 11.449965864419935
leaf_count=842 435 5553 86 95 40929 2787 7453 19301 1416 83 106 263 2718 2752 11664 35 265 44 478 376 121 574 981 1281 130 605 125 45 386 31
internal_value=0.00721472 0.00628324 0.00579937 0.0284942 0.00626982 0.00493323 0.00285149 0.00883765 0.0224013 -0.014689 -0.0223987 0.0213321 -0.0283612 0.0101901 0.0118304 0.0199857 0.015763 0.0120677 0.0186595 0.0337151 0.0251132 0.00649287 0.00223051 0.0477396 -0.0028713 -0.00279346 0.0354402 -0.00273471 0.0417164 -0.000506165
internal_weight=34302.1 32863.6 31905.7 1438.57 31189.6 23259.3 15170.7 8088.61 957.817 716.179 525.067 63.0008 462.066 7930.23 6575.21 997.548 835.245 733.873 508.38 477.571 319.946 191.112 1355.02 441.024 86.2419 225.493 233.704 155.539 162.302 21.2449
internal_count=101960 97898 95295 4062 91420 70470 48382 22088 2603 3875 3173 349 2824 20950 17217 2686 2234 1969 1320 1187 811 702 3733 1376 251 649 560 619 452 66
is_linear=0
shrinkage=0.05


Tree=39
num_leaves=31
num_cat=0
split_feature=37 51 7 0 27 43 12 37 51 30 16 37 28 51 28 0 25 1 39 12 35 44 5 51 14 37 6 6 23 13
split_gain=252.225 93.5386 111.648 92.0963 64.6976 69.9204 59.2341 45.5469 44.4506 39.0948 47.7935 38.1969 35.0284 31.1772 27.2839 33.9265 26.1215 52.3589 37.3177 25.7822 24.6555 24.0541 23.5914 22.3231 19.6509 17.2535 18.0357 25.7701 17.372 16.9486
threshold=-0.58335000276565541 -0.014994999859482048 85.536067962646499 0.72962653636932384 -0.024495000019669529 8.5000000000000018 -0.22351499646902082 0.043549999594688422 0.011154999956488611 0.014175000134855511 0.99575001001358043 -0.23384999483823773 0.016055000014603141 0.019805000163614753 0.021185000427067283 0.67337486147880565 1.164449989795685 0.047416424378752715 0.15014999359846118 -0.19370499998331067 22.500000000000004 -0.11675000190734862 0.43481285870075231 -0.020744999870657917 1.115150034427643 0.060450000688433654 0.11981146782636644 0.10548883303999902 69.944999694824233 0.61029499769210827
decision_type=2 2 2 2 2 2 2 2 2 2 2 2 2 2 2 2 2 2 2 2 2 2 2 2 2 2 2 2 2 2
left_child=3 7 4 12 11 6 -6 14 9 10 -4 -3 13 16 15 24 18 -18 -1 -5 -13 -7 -11 -17 -2 -9 27 -27 -28 -14
right_child=1 2 8 19 5 21 -8 25 -10 22 -12 20 29 -15 -16 23 17 -19 -20 -21 -22 -23 -24 -25 -26 26 28 -29 -30 -31
leaf_value=0.0052625673829777208 0.041262973871278662 0.037500492600646057 0.017994182942302546 0.010413657021591249 0.0088312293859948692 0.034598596869112583 0.0035773624198885343 -0.063310003669036843 0.040844725972179641 0.017182152894770337 -0.032564585408602971 0.012225144165713573 0.045856355594868392 0.041387399306505784 0.049701315841553996 0.021527896862349471 0.02682972951972519 -0.012726931162678746 0.036897134912514139 0.051086090414374098 0.0034609771193996352 -0.051114622619852126 -0.014086612562108192 -0.029455497703591668 0.0046120289747728247 0.008578613219437134 0.038866548505409056 -0.092639880190874699 -0.027015184700196482 -0.011532642489963834
leaf_weight=190.32718320190907 185.66149833798409 133.78017191588879 53.480390287935734 43.375806540250778 7553.782644495368 9.2355801537632924 18512.961299568415 7.7721223384141913 34.976514264941216 102.33979049324989 371.03434045612812 3900.4207208603621 143.94917845726013 98.987264022231102 154.27042509615421 45.128507263958454 132.5685653835535 226.7264492213726 182.72653195261955 383.05006404221058 1010.3445177227259 71.974485158920288 146.91923146694899 40.955005720257759 45.543717935681343 370.25350068509579 84.955278471112251 6.3969916999340048 11.341851472854612 14.127816841006277
leaf_count=535 435 322 314 121 20328 30 57841 30 98 376 2498 9840 411 265 376 121 320 685 429 1255 2693 366 589 130 125 1135 188 27 36 41
internal_value=0.00686129 0.00597081 0.00550986 0.0275244 0.00595573 0.00495554 0.00509986 0.0214125 -0.0141133 -0.0169663 -0.0261952 0.0111401 0.0191526 0.0150502 0.0324532 0.0240669 0.0114903 0.00186823 0.0207576 0.0469489 0.010422 -0.0413669 -0.00124841 -0.00272791 0.0340433 0.0105823 0.0117966 0.00685953 0.031107 0.0407273
internal_weight=34269.4 32853.5 31901.2 1415.84 31192.5 26148 26066.7 952.279 708.75 673.774 424.515 5044.55 989.413 831.336 471.559 317.289 732.349 359.295 373.054 426.426 4910.77 81.2101 249.259 86.0835 231.205 480.72 472.948 376.65 96.2971 158.077
internal_count=101960 97898 95295 4062 91420 78565 78169 2603 3875 3777 2812 12855 2686 2234 1187 811 1969 1005 964 1376 12533 396 965 251 560 1416 1386 1162 224 452
is_linear=0
shrinkage=0.05


Tree=40
num_leaves=31
num_cat=0
split_feature=37 2 7 28 30 7 12 37 30 12 37 16 54 51 51 40 35 31 21 51 8 21 51 16 31 13 13 49 51 17
split_gain=229.921 155.74 90.4235 68.6988 68.6264 66.7713 98.8373 60.7633 59.8692 75.7404 52.4937 82.7055 69.1209 51.5461 58.775 49.6433 47.4939 42.4646 36.3827 34.9118 33.7987 33.1382 31.9888 58.468 31.2288 29.267 30.0167 28.3459 32.4487 27.3098
threshold=-0.42155000567436213 0.57925161719322216 85.536067962646499 0.013985000085085632 0.014175000134855511 24.221292495727543 -0.042604999616742127 0.040149999782443054 0.027265000157058242 -0.03353499993681907 -0.18264999985694882 0.97865000367164623 1.011949956417084 0.022055000066757206 -0.020744999870657917 1.5000000000000002 9.5000000000000018 -0.015494999941438435 11.949999809265138 0.011154999956488611 0.0016498565673828127 13.610000133514406 -0.0042850000318139783 0.99915000796318065 0.0045049998443573722 0.1050349995493889 0.15417500585317614 0.19849999994039538 0.016135000623762611 0.99024999141693126
decision_type=2 2 2 2 2 2 2 2 2 2 2 2 2 2 2 2 2 2 2 2 2 2 2 2 2 2 2 2 2 2
left_child=1 3 5 17 19 6 10 8 9 -7 12 -12 -2 14 -3 21 -17 29 -19 22 -6 -9 23 -4 -20 -22 -27 -16 -29 -1
right_child=2 13 4 -5 20 7 -8 15 -10 -11 11 -13 -14 -15 27 16 -18 18 24 -21 25 -23 -24 -25 -26 26 -28 28 -30 -31
leaf_value=0.0044237343592597551 0.03708779601469811 0.051990968280314 0.055148176230331858 0.030022209483116929 0.029028722785979785 0.010183872633419536 -0.047070411908299449 0.012242949920772518 0.018642072059834081 -0.0083044294550240084 0.002922004629450047 -0.033161435080544498 -0.012986470505377068 0.055569133803530547 0.0086539148437145171 0.0066638581447639698 -0.00053998041334030829 -0.032630854131315924 -0.010073656527380782 0.060401913954500258 -0.044398644057706244 0.0058651478887393575 -0.04165387827112485 -0.025612188274516293 0.011763007289724587 0.03802357406805118 -0.010355973919372931 0.023769370280521018 0.059895312235905142 0.036074665749424771
leaf_weight=137.13318751007318 175.34714920818806 218.02172930538654 26.86540250480175 313.81372165679932 100.8393155708909 4128.1563767045736 129.32524834573269 2483.0903070420027 1695.5669289380312 639.80928179621696 545.07718044519424 224.08926696330309 113.54034680128098 234.79473385214806 247.4475329965353 3797.6520366296172 5755.4392439574003 90.455203950405121 317.23655979335308 11.24823686480522 40.558631829917431 11329.226095199585 214.58218800276518 135.16596927493811 338.35608594119549 44.518452733755112 114.5763576477766 378.9980725646019 74.35262057185173 135.48905868828297
leaf_count=399 531 731 119 883 389 12018 826 6893 4261 2910 1740 1264 388 745 668 10846 17063 357 1052 31 204 31898 1740 785 987 174 395 979 169 334
internal_value=0.00656944 0.0212117 0.00542128 0.00956745 -0.0125029 0.00581908 -0.00580863 0.00628193 0.0105726 0.00770294 -0.000765228 -0.00759056 0.0174073 0.0346613 0.0293186 0.00509502 0.00232377 0.00326611 -0.00290501 -0.0263988 0.00543337 0.00701171 -0.0289913 -0.0122218 0.0011964 -0.00648397 0.00318176 0.0222651 0.0296943 0.0201538
internal_weight=34190.8 2486.1 31704.7 1332.48 688.355 31016.3 1187.38 29828.9 6463.53 4767.97 1058.05 769.166 288.887 1153.61 918.82 23365.4 9553.09 1018.67 746.048 387.862 300.493 13812.3 376.614 162.031 655.593 199.653 159.095 700.798 453.351 272.622
internal_count=101779 7304 94475 4012 3837 90638 4749 85889 19189 14928 3923 3004 919 3292 2547 66700 27909 3129 2396 2675 1162 38791 2644 904 2039 773 569 1816 1148 733
is_linear=0
shrinkage=0.05


Tree=41
num_leaves=31
num_cat=0
split_feature=37 51 51 52 25 37 15 24 21 27 31 1 35 6 24 24 21 6 37 53 31 23 24 35 51 15 8 44 0 51
split_gain=213.528 164.805 189.058 112.94 83.0589 71.4711 71.4156 62.1211 57.7572 56.9063 56.7423 61.666 53.8507 50.338 50.8638 51.9298 45.7511 37.6491 39.1492 34.6523 32.8499 32.123 30.3927 76.0164 45.654 29.7979 33.2233 27.3721 26.5407 24.3407
threshold=-0.31125000119209284 0.022055000066757206 -0.020744999870657917 4.5000000000000009 1.1306499838829043 0.30994999408721929 0.98895001411437999 0.064494997262954726 13.139999866485597 -0.0060650000814348451 0.030384999699890617 0.30013962090015417 2.5000000000000004 0.1950519531965256 -0.19799000024795529 0.090724997222423567 21.980000495910648 0.39545689523220068 0.033150000497698791 0.096650000661611571 -0.06484499946236609 39.024999618530281 -0.03824499994516372 6.5000000000000009 0.00090499999350868176 0.95875000953674328 -0.015063554048538206 -0.030650000087916848 1.3503457307815554 0.01888500060886145
decision_type=2 2 2 2 2 2 2 2 2 2 2 2 2 2 2 2 2 2 2 2 2 2 2 2 2 2 2 2 2 2
left_child=1 2 7 5 9 8 12 -1 22 19 11 -6 25 14 -8 -16 28 18 -10 -4 29 -11 23 -2 -24 26 -5 -22 -7 -18
right_child=3 -3 4 6 10 16 13 -9 17 21 -12 -13 -14 -15 15 -17 20 -19 -20 -21 27 -23 24 -25 -26 -27 -28 -29 -30 -31
leaf_value=0.054076783474047152 0.035863933204602176 0.051845880994233456 -0.023477072635504356 -0.025491749167909174 0.0004231962190503005 0.001637408734074478 0.0090619062432636469 -0.052667312148389059 0.014408495028206448 -0.034181957078170865 0.023821143495978442 -0.032764571517800448 0.0095952312270037882 0.012277894666319837 -0.011268273501265079 0.0013205176828689194 0.046056047348438475 0.025878403739343993 0.0079290552132100702 0.022013094534268189 -0.018323640264422944 0.0063744053620383365 -0.0099075250551255503 0.0013866881550751954 0.0050604868190613885 -0.022817401275694742 0.084467101028493072 0.024066028171071618 0.012123557123822593 -0.040800813681581664
leaf_weight=327.06830226629972 220.07045809924603 327.95402359962463 43.14499294757843 12.995864048600199 672.58135588467121 8052.7427242621779 524.14265717566013 14.222551122307776 3276.1779778599739 70.733268149197102 188.80257783830166 176.75141927599907 1950.6415735632181 433.79902629554272 2753.2796846777201 1166.1746547520161 127.0022377371788 376.04522523283958 8082.6599814370275 1409.6709767132998 63.717796742916107 157.6319355070591 815.64297212660313 584.50053648650646 1356.9936942905188 200.08414667844772 14.572077780961989 94.65772520005703 652.30096045136452 8.6131650209426862
leaf_count=1069 520 1054 137 40 2019 23165 1465 47 8668 315 474 637 5694 1139 13658 3628 268 876 21717 3869 193 528 2485 1681 3781 685 26 243 1670 28
internal_value=0.00624776 0.0181602 0.0145507 0.00493576 0.0101482 0.00658827 -0.000617637 0.0496285 0.00873521 0.017015 -0.00097199 -0.00648338 0.00690955 -0.00397935 -0.00556644 -0.00752267 0.00307834 0.0103132 0.00979789 0.0206622 0.0224779 -0.00618742 0.0025155 0.0108171 -0.000558747 -0.0161028 0.0326312 0.00701177 0.00242317 0.0405396
internal_weight=34155.4 3388.56 3060.61 30766.8 2719.32 23711.1 7055.69 341.291 14712.1 1681.18 1038.14 849.333 2178.29 4877.4 4443.6 3919.45 8999.03 11734.9 11358.8 1452.82 293.991 228.365 2977.21 804.571 2172.64 227.652 27.5679 158.376 8705.04 135.615
internal_count=101779 10149 9095 91630 7979 65295 26335 1116 39728 4849 3130 2656 6445 19890 18751 17286 25567 31261 30385 4006 732 843 8467 2201 6266 751 66 436 24835 296
is_linear=0
shrinkage=0.05


Tree=42
num_leaves=31
num_cat=0
split_feature=37 2 27 12 13 37 28 23 51 18 37 7 0 51 7 12 21 0 31 18 30 29 51 12 33 21 21 49 7 53
split_gain=197.661 112.645 80.0182 74.6287 133.174 70.9752 65.3443 59.8074 99.756 84.0657 59.2373 113.657 44.9657 34.9899 33.909 34.7933 34.2937 28.3311 25.2659 33.4021 24.1587 28.1687 23.8958 22.7337 24.3762 21.7198 21.6468 23.6461 21.5327 48.3046
threshold=-0.53415000438690174 0.53456813097000133 -0.024495000019669529 -0.10178500041365622 0.075855001807212843 0.040149999782443054 0.013985000085085632 44.145000457763679 0.0080149997957050818 1.0020499825477602 -0.2581499963998794 37.125097274780281 0.3100371658802033 0.018135000020265583 66.987903594970717 -0.22568500041961667 10.919999599456789 0.76900416612625133 -0.031085000373423096 1.062750041484833 0.060514999553561218 0.067664999514818205 0.016695000231266025 -0.11717499792575835 -0.069749999791383729 13.555000305175783 13.139999866485597 0.063599999994039549 20.831883430480961 0.22584999352693561
decision_type=2 2 2 2 2 2 2 2 2 2 2 2 2 2 2 2 2 2 2 2 2 2 2 2 2 2 2 2 2 2
left_child=1 6 18 5 7 26 13 8 -5 -9 12 -12 -6 23 16 -16 -7 25 -2 20 22 -22 -20 -1 -25 28 -4 -28 29 -3
right_child=2 17 3 4 10 14 -8 9 -10 -11 11 -13 -14 -15 15 -17 -18 -19 19 -21 21 -23 -24 24 -26 -27 27 -29 -30 -31
leaf_value=0.015324373867153971 0.015400525440309239 -0.089970481995245863 0.0035831781665264708 -0.03304832798090853 0.0020066804373238259 0.024569657016532742 0.033612813570078899 0.025683133460795482 0.0012954056672764987 -0.016095166442292485 -0.027959236452354732 0.0027745193673198894 0.024223433477534129 0.026632370656142823 0.006015871175951374 -0.015100815634060835 0.0046762035645628005 0.049233648621509994 -0.00027719132950109604 0.013741517404484357 0.021275886504994328 -0.02396751034909804 0.028738864932987992 -0.029472809844276561 -0.0017865517585402921 0.036173543913052171 -0.030346609293431605 0.014389717266471026 0.021611466135824479 0.057654090893182963
leaf_weight=114.43186654150486 1873.4081618189812 13.79792380332947 600.29675370454788 599.00311956554651 391.82708323001862 220.86179007589817 215.58300320804119 199.70590700954199 326.79004110395908 303.24192494899035 311.80950251966715 8533.4824624583125 543.88747093081474 113.14296094328165 352.89398734271526 436.16253545880318 11326.807040065527 277.82564387470484 1478.0770479142666 1495.4870398342609 293.34414927661419 38.973773404955864 74.5331791639328 113.6862308382988 264.39784844219685 364.69611404836178 29.825423002243042 3063.5318104922771 134.51129890233278 9.2602475136518461
leaf_count=284 4631 55 1667 3673 1434 561 632 946 1232 1624 1695 27025 1512 326 972 1456 31605 1020 3996 3716 705 117 186 392 815 985 100 8042 351 24
internal_value=0.00594324 0.0229813 0.0050931 0.00400342 0.000873799 0.00619191 0.00997294 -0.0133855 -0.0209255 0.000493777 0.00295669 0.00169111 0.0149202 0.00155838 0.00437146 -0.00565669 0.00505669 0.0363336 0.0107429 0.0081616 0.00373454 0.0159698 0.00111573 -0.00420172 -0.0101115 0.0294713 0.0122722 0.0139584 0.0139587 -0.0306839
internal_weight=34115.3 1621.33 32494 27240.1 11209.7 16030.4 821.242 1428.74 925.793 502.948 9781.01 8845.29 935.715 605.659 12336.7 789.057 11547.7 800.091 5253.82 3380.42 1884.93 332.318 1552.61 492.516 378.084 522.266 3693.65 3093.36 157.569 23.0582
internal_count=101779 4884 96895 83544 39141 44403 2449 7475 4905 2570 31666 28720 2946 1817 34594 2428 32166 2435 13351 8720 5004 822 4182 1491 1207 1415 9809 8142 430 79
is_linear=0
shrinkage=0.05


Tree=43
num_leaves=31
num_cat=0
split_feature=51 51 7 23 13 12 51 5 18 51 22 3 15 2 7 18 51 8 53 29 8 15 28 13 3 22 15 14 34 48
split_gain=165.355 169.91 121.236 91.4836 64.0464 119.452 65.95 45.6911 42.7618 41.1817 39.4835 38.9722 37.8527 37.633 33.8995 29.4123 27.2518 42.8146 39.6926 38.1935 30.4002 26.7253 25.117 24.1741 20.5845 21.1164 22.0954 20.4765 19.6455 18.8695
threshold=-0.014994999859482048 0.022055000066757206 85.536067962646499 1.0000000180025095e-35 0.15997000038623813 -0.14106499403715131 0.0082249999977648276 -0.86439257860183705 1.0396500229835512 -0.001114999991841614 3.7491500377655034 0.97579532861709606 0.94165000319480907 0.051405984908342368 12.768405437469484 0.99575001001358043 -0.020744999870657917 0.010972440242767336 0.77985000610351574 -0.0096149998717010004 0.021929681301116947 1.0345500111579897 0.012205000035464765 1.9327099919319155 0.76953426003456127 2.3459500074386601 0.99755001068115245 0.98035001754760753 247.50000000000003 0.3254500031471253
decision_type=2 2 2 2 2 2 2 2 2 2 2 2 2 2 2 2 2 2 2 2 2 2 2 2 2 2 2 2 2 2
left_child=11 2 4 21 5 9 -7 10 15 -2 13 29 23 -4 -14 -9 19 28 -19 -13 -20 -3 -12 -6 25 26 -5 -10 -18 -1
right_child=1 3 7 24 12 6 -8 8 27 -11 22 16 14 -15 -16 -17 17 18 20 -21 -22 -23 -24 -25 -26 -27 -28 -29 -30 -31
leaf_value=0.015720393001808632 0.013625387801416878 0.042482247453592373 0.066854607371150329 0.039760265709492711 0.013990189535398753 -0.0090708284016265302 0.0054115373459519165 0.0045748062668715768 -0.013313787623807022 0.0038181967794576493 0.044094097454097592 -0.0074554567331693126 -0.035231734981125862 -0.019574043876643327 0.006119021776070252 -0.036714721332496557 0.042122505924270991 0.031967941211150729 -0.044858253474733024 0.045724401905288425 0.0096981392404812319 -0.034579721656512449 -0.051682811530293596 0.045984878740086027 0.0030840975258033879 -0.10297223252307044 -0.080110762368225355 0.034325016155406757 -0.03705078069304335 -0.023358535339181623
leaf_weight=550.67878951132298 1374.2578746080399 479.62519779801369 13.878497757017611 9.1314866989851016 927.8853849619627 2882.6893584057689 1080.8347296491265 49.229128807783127 55.755990207195282 4841.5555300414562 63.152541227638721 37.563871800899506 49.685801811516285 136.17278185486794 20226.947728358209 348.18324310332537 165.74256317317486 71.07140651345253 49.439192816615105 333.63564273715019 52.809239313006401 11.521047592163084 7.6773578375577918 63.050028815865517 97.712590962648392 10.218911707401274 6.6393854916095725 37.882331475615501 8.2239090502262098 32.725532934069633
leaf_count=1521 3683 1509 62 21 2330 13199 3590 285 200 13426 268 106 216 703 55527 2279 424 180 172 1146 142 36 34 130 270 42 25 123 29 101
internal_value=0.00565299 0.0049588 0.004461 0.0309953 0.00492292 0.00166135 -0.00512155 -0.0159425 -0.0244379 0.00598647 0.00294392 0.0231286 0.00648402 -0.0115801 0.0060177 -0.0316 0.030924 0.0208565 0.00326796 0.0403428 -0.016681 0.0406746 0.0337127 0.0160259 -0.00743498 -0.0469831 -0.0107043 0.00595897 0.0383798 0.0135283
internal_weight=34075.6 32773.7 32158.8 614.849 31446.9 10179.3 3963.52 711.932 491.051 6215.81 220.881 1301.89 21267.6 150.051 20276.6 397.412 718.486 347.286 173.32 371.2 102.248 491.146 70.8299 990.935 123.702 25.9898 15.7709 93.6383 173.966 583.404
internal_count=101779 97958 96055 1903 92101 33898 16789 3954 2887 17109 1067 3821 58203 765 55743 2564 2199 947 494 1252 314 1545 302 2460 358 88 46 323 453 1622
is_linear=0
shrinkage=0.05


Tree=44
num_leaves=31
num_cat=0
split_feature=37 51 51 52 13 25 12 37 24 21 31 1 7 12 23 51 51 13 21 35 12 23 6 37 31 13 35 28 44 30
split_gain=178.695 149.703 169.917 92.3215 111.945 75.4244 63.4408 62.7037 58.9925 50.6131 49.433 55.384 49.2039 50.0384 47.4577 47.0608 57.2165 46.8653 40.5415 40.0829 35.9226 33.904 33.5589 32.9202 29.6258 28.8437 27.3538 27.0527 24.6991 24.1826
threshold=-0.31125000119209284 0.022055000066757206 -0.020744999870657917 4.5000000000000009 0.10026500001549722 1.1306499838829043 -0.035125000402331345 0.30994999408721929 0.064494997262954726 13.139999866485597 0.030384999699890617 0.30013962090015417 19.512702941894535 -0.011824999935925005 -51.124999999999993 -0.012335000094026325 0.010125000029802324 0.045324999839067466 21.980000495910648 1.0000000180025095e-35 -0.3803849965333938 41.534999847412116 0.39545689523220068 0.033150000497698791 -0.06484499946236609 0.85898500680923473 9.5000000000000018 0.019735000096261505 -0.030650000087916848 0.022084999829530719
decision_type=2 2 2 2 2 2 2 2 2 2 2 2 2 2 2 2 2 2 2 2 2 2 2 2 2 2 2 2 2 2
left_child=1 2 8 7 6 15 14 9 -1 20 11 -7 -6 19 -5 -4 -17 -16 25 -14 -2 -22 23 -11 -20 26 -9 -15 -26 -8
right_child=3 -3 5 4 12 10 29 18 -10 22 -12 -13 13 27 17 16 -18 -19 24 -21 21 -23 -24 -25 28 -27 -28 -29 -30 -31
leaf_value=0.052754646419385834 0.018458759555959482 0.050153322000260375 0.033362648374763292 -0.033380796031639091 -0.032486173039634539 -0.0001848503211539078 -0.035768516123393268 0.0044532463467936295 -0.051201332282039859 0.012916002397461837 0.021731280820464563 -0.031723658058861508 -0.017807129699953624 -0.02423645129789518 -0.01381819810894735 0.0040281666899082613 0.0254577895153974 0.0037714668574157055 0.037884236734837769 0.0059412880047156344 -0.0039272749618524455 0.0079914648850407822 0.023896479207097213 0.0069709582926187454 -0.018069156852686143 0.0088987377065223149 -0.0017648702994180832 0.016768364627103901 0.022192010906440879 0.023242643505662873
leaf_weight=297.80340238660574 294.11013659834862 299.12167157977819 304.63947144150734 156.31869181245565 95.292824491858482 668.65970861911774 281.109450109303 2865.1588001102209 14.302444308996199 3271.5196431875229 185.87694878876209 175.79416109621525 184.98306684195995 226.09460950642824 711.02406952530146 878.90624955296516 482.46599511802197 810.17231746762991 134.99815331399441 4498.1803558990359 1787.2972838059068 895.67065884172916 374.51888582110405 8079.0262788906693 63.69525682926178 1222.3771516531706 4621.4134742468596 48.928268805146217 94.772669494152069 18.503743082284927
leaf_count=1069 746 1054 745 928 540 2019 2069 8080 47 8668 474 637 650 1330 3358 2864 1240 3284 296 13937 5207 2514 876 21717 193 3244 13511 159 243 80
internal_value=0.0053758 0.0164186 0.0130644 0.00418743 -0.000844363 0.00902162 -0.0109312 0.00567983 0.0479908 0.00769212 -0.00161219 -0.00675044 0.00310202 0.003786 -0.00714603 0.015598 0.0116228 -0.00445014 0.0023935 0.00500324 0.0018701 5.16267e-05 0.00917037 0.00868447 0.0206722 0.00177756 0.000614842 -0.0169414 0.00600927 -0.0321241
internal_weight=34042.7 3307.57 3008.45 30735.2 7030.61 2696.34 1977.13 23704.6 312.106 14702.1 1030.33 844.454 5053.48 4958.19 1677.52 1666.01 1361.37 1521.2 9002.42 4683.16 2977.08 2682.97 11725.1 11350.5 293.466 8708.95 7486.57 275.023 158.468 299.613
internal_count=101779 10149 9095 91630 26335 7979 9719 65295 1116 39728 3130 2656 16616 16076 7570 4849 4104 6642 25567 14587 8467 7721 31261 30385 732 24835 21591 1489 436 2149
is_linear=0
shrinkage=0.05


Tree=45
num_leaves=31
num_cat=0
split_feature=51 51 37 37 12 13 40 1 51 23 21 37 35 6 37 24 27 35 23 24 37 1 21 15 52 8 27 21 49 13
split_gain=170.485 135.194 111.622 71.8238 69.9903 118.455 60.1404 69.585 65.9924 53.5033 41.1214 47.3476 41.7818 41.4372 37.3351 32.8652 32.4255 31.1096 38.238 34.2559 29.1729 35.2957 28.968 24.9252 35.86 24.2184 23.8039 22.1553 20.7838 18.8356
threshold=-0.0194300003349781 0.022055000066757206 -0.18264999985694882 -0.083049997687339769 -0.17983499914407727 0.48103499412536627 1.5000000000000002 0.12905850261449817 0.013975000008940698 -33.414999008178704 21.82499980926514 0.45094999670982366 7.5000000000000009 -0.490135908126831 -0.42155000567436213 0.10379499942064287 -0.0099550001323223097 2.5000000000000004 31.98499965667725 0.23666500300168994 0.040149999782443054 0.090440414845943465 22.065000534057621 1.0012499690055849 4.5000000000000009 -0.058156013488769524 -0.039324998855590813 17.340000152587894 0.67469999194145214 0.14818499982357028
decision_type=2 2 2 2 2 2 2 2 2 2 2 2 2 2 2 2 2 2 2 2 2 2 2 2 2 2 2 2 2 2
left_child=3 4 -3 9 10 6 7 -6 -8 14 11 12 -2 -13 -1 22 -11 18 -12 -19 21 -7 25 -18 -25 -4 -22 -17 -5 -30
right_child=1 2 15 28 5 20 8 -9 -10 16 17 13 -14 -15 -16 27 23 19 -20 -21 26 -23 -24 24 -26 -27 -28 -29 29 -31
leaf_value=-0.11752560496451032 0.0023090077048904928 0.049053906596910869 0.063245044155469665 0.016405356051854874 0.0056226176642019329 -0.013189790787713743 -0.0063061250486121309 -0.0042836501157679802 0.019024980728799407 0.052871024782351311 -0.020487969280285956 -0.041748374872588416 0.0099076219583853903 0.00081949540570036301 0.010870788828660716 0.0430204463383944 0.051874676047505688 0.011182399223343076 0.034051699536756672 0.035255638077092546 0.019717735397878178 0.015672657583005924 -0.081525053582103241 0.012207221287596376 -0.11066668636322026 -0.0070009141440713109 0.0050570924803576452 -0.0066485897511302586 -0.081234115396385392 -0.0042146616288014091
leaf_weight=7.7566485702991512 2443.1485011875629 308.83215424418449 13.293278828263281 237.43922707438469 5046.5716658830643 114.65003846585751 4668.672558888793 2732.5643038526177 272.09897458553314 340.38582391291857 95.900016367435455 58.821398943662643 6970.6600112020969 2036.0513712763786 20.963480040431023 74.380239948630333 25.000823497772217 284.54273894429207 48.335083514451981 307.45121373236179 290.22540736198425 1391.7520706653595 12.131267473101614 29.01826736330986 7.4655019193887702 159.38758014142513 6018.2369569391012 32.158488810062408 9.6351638138294202 45.070160821080208
leaf_count=32 6683 1094 26 673 16128 349 17156 10310 765 1203 286 200 18246 5771 52 168 65 751 112 673 692 3461 46 83 31 496 16266 90 39 125
internal_value=0.00511438 0.00459418 0.0281104 0.0291399 0.00416361 0.00237951 -0.000597093 0.00214286 -0.00491109 0.0421231 0.00715555 0.0064227 0.00793557 -0.000375757 -0.0238061 0.00591018 0.0468348 0.0186115 -0.00221101 0.0236848 0.00722439 0.013476 -0.00684007 0.0134173 -0.0129359 -0.00159326 0.00573157 0.028028 0.010004 -0.01778
internal_weight=34102.6 33379.9 600.183 722.735 32779.7 20534.8 12719.9 7779.14 4940.77 430.591 12244.9 11508.7 9413.81 2094.87 28.7201 291.351 401.87 736.229 144.235 591.994 7814.86 1506.4 184.812 61.4846 36.4838 172.681 6308.46 106.539 292.145 54.7053
internal_count=102072 99769 1920 2303 97849 65127 44359 26438 17921 1466 32722 30900 24929 5971 84 826 1382 1822 398 1424 20768 3810 568 179 114 522 16958 258 837 164
is_linear=0
shrinkage=0.05


Tree=46
num_leaves=31
num_cat=0
split_feature=37 28 7 7 12 31 5 8 8 8 2 28 30 37 52 37 2 1 9 7 38 35 24 37 35 12 31 15 28 31
split_gain=160.211 137.33 85.9277 72.4495 101.641 65.6978 62.6731 78.7229 75.5942 72.1858 59.8697 53.6743 48.4037 47.5534 54.7442 43.5032 40.8965 69.1462 38.5465 36.5946 35.9742 29.7763 30.5617 29.1418 28.4757 25.3676 25.3497 24.1894 32.7825 24.0946
threshold=-0.18264999985694882 0.013685000129044058 85.536067962646499 24.221292495727543 -0.10911499708890914 -0.021935000084340569 -9.3637018203735334 -0.00073945522308349599 0.00095951557159423839 -0.016980022192001339 0.7589109241962434 0.02553499955683947 0.014175000134855511 0.29475000500679022 4.5000000000000009 -0.67419999837875355 0.0078895771875977534 0.31896716356277471 1.0000000180025095e-35 66.987903594970717 1.0000000180025095e-35 2.5000000000000004 0.026074999943375591 0.053549999371171005 31.500000000000004 -0.099514998495578752 -0.017955000512301918 1.0106499791145327 0.019445000216364864 -0.022614999674260613
decision_type=2 2 2 2 2 2 2 2 2 2 2 2 2 2 2 2 2 2 2 2 2 2 2 2 2 2 2 2 2 2
left_child=1 5 3 4 26 29 -7 9 -9 -8 15 13 16 14 -5 -3 17 -4 -17 -15 -12 22 -6 -13 -23 -20 -2 -22 -29 -1
right_child=2 10 12 11 21 6 7 8 -10 -11 20 23 -14 19 -16 18 -18 -19 25 -21 27 24 -24 -25 -26 -27 -28 28 -30 -31
leaf_value=0.018871069236255086 0.0047897058790320642 0.033876945387115602 -0.05798898419675861 0.0067936498953655271 -0.053598126589560473 0.026399585282777312 0.018498282495811282 0.019291489874729284 -0.0034022213304356268 -0.021908570490222195 0.0014544842756369037 0.023046625645481152 -0.00092006332079932985 0.0018006426813528171 -0.00040227853149764348 0.035432292985853334 -0.038589069883535637 0.20448326238359615 0.012861130760499757 -0.0077102648054322102 0.048385181080124379 -0.043833222075505968 0.036094296952221161 0.0084018517421143388 0.050891662053065216 -0.011199329394736987 -0.039408739353576583 0.0059319599510363292 0.044696927489672217 0.066409219327847116
leaf_weight=708.51630791276693 521.32359999418259 258.56280206888914 5.3826117217540723 11675.920838080347 14.587867580354212 267.81263998150826 139.6821943372488 688.82417719066143 785.32899062335491 529.61221720278263 64.117365494370461 378.90570053458214 208.3751135468483 8234.7652876079082 3416.4088668450713 111.04550209641457 222.04706924408674 4.7004761770367622 254.81793181598186 1152.9828168973327 386.28421730548143 244.47535939514637 27.217091456055641 3282.7305637151003 8.1999936476349813 192.16301334649324 34.59413468837738 97.321426823735237 124.06260000169277 27.696726456284523
leaf_count=1990 1539 869 47 31458 99 698 376 2373 2707 2036 175 883 870 23939 12183 276 1903 28 674 3752 1197 1661 143 8615 38 637 148 281 414 63
internal_value=0.0048645 0.013504 0.00350371 0.00383672 -0.0105417 0.00758619 0.00359462 0.000745255 0.00720182 -0.0134756 0.0260185 0.00427122 -0.0184136 0.0034267 0.00516473 0.0169229 -0.0341169 0.0643688 0.00906722 0.000632534 0.0370746 -0.034292 0.00479607 0.00991729 -0.0407591 0.00251722 0.00203929 0.0408331 0.0276557 0.0206595
internal_weight=34068.5 4635.85 29432.6 28992.1 850.398 3147.47 2411.26 2143.45 1474.15 669.294 1488.37 28141.7 440.505 24480.1 15092.3 816.589 232.13 10.0831 558.026 9387.75 671.786 294.48 41.805 3661.64 252.675 446.981 555.918 607.668 221.384 736.213
internal_count=102072 14766 87306 84458 3628 10243 8190 7492 5080 2412 4523 80830 2848 71332 43641 2456 1978 75 1587 27691 2067 1941 242 9498 1699 1311 1687 1892 695 2053
is_linear=0
shrinkage=0.05


Tree=47
num_leaves=31
num_cat=0
split_feature=37 28 7 7 16 5 25 2 21 28 30 37 52 27 6 37 25 28 6 34 24 35 49 16 1 44 6 35 1 1
split_gain=146.04 127.628 78.4018 65.711 86.1641 57.2369 62.6051 56.5042 55.5233 48.5023 45.5177 42.9176 49.4034 41.5066 55.1378 40.9896 44.7701 37.8129 114.236 41.0026 36.961 36.0587 57.5415 36.002 35.5858 34.745 32.6925 31.9235 24.5826 24.5147
threshold=-0.18264999985694882 0.013685000129044058 85.536067962646499 24.221292495727543 0.96004998683929454 -9.3637018203735334 1.3353499770164492 0.7589109241962434 12.234999656677248 0.02553499955683947 0.014175000134855511 0.29475000500679022 4.5000000000000009 -0.011004999745637177 0.14406742155551913 -0.67419999837875355 1.2785499691963198 0.0053950001019984492 -0.020723967812955376 223.50000000000003 -0.16941000521183011 31.500000000000004 0.61525002121925365 0.99915000796318065 0.053949989378452308 -0.045150000602006905 -0.069438312202692018 30.500000000000004 0.46214036643505102 0.94868138432502758
decision_type=2 2 2 2 2 2 2 2 2 2 2 2 2 2 2 2 2 2 2 2 2 2 2 2 2 2 2 2 2 2
left_child=1 5 3 4 -2 29 8 15 28 11 17 12 -5 14 -9 -3 -17 18 -4 -20 -18 -6 -23 -10 -8 -13 -11 -28 -7 -1
right_child=2 7 10 9 21 6 24 13 23 26 -12 25 -14 -15 -16 16 20 -19 19 -21 -22 22 -24 -25 -26 -27 27 -29 -30 -31
leaf_value=0.026678332537745347 0.0050842288327210602 0.032909591114255857 0.30992121080464025 0.0064538797970555423 -0.029932382376201383 -0.017070379536922396 0.0055764908594489876 0.047478068999525842 0.017972855675312451 0.020399910398529661 -0.000874349350799723 0.0043549253341408842 -0.00038219114140427115 0.0085714296054823971 -0.0021204808476147029 0.01908874222070903 0.026366291548233767 -0.04231259333093447 -0.045872865346090773 0.078121921279410367 -0.023357484760712935 -0.071281723463382934 0.12491385242746796 0.0038892324001318125 -0.019702026232482545 -0.0018638884950005531 0.0062485696523950224 0.030010307500416125 0.029272520200099461 -0.031986020989284783
leaf_weight=412.23190019279718 443.39894780516624 252.99833263456821 2.9766739904880515 11676.074209682643 384.96303359419107 255.94348053634167 226.99378303438425 480.84943035244942 1021.4963291585445 572.57903173565865 208.30798324942589 3720.7074330821633 3416.1781089901924 114.43940763920546 63.425026476383209 360.71014825999737 50.268961355090141 189.32294151186943 25.15752786397934 9.07128196954727 145.67844255268574 6.1726003661751738 9.4718682840466482 816.46320855617523 360.06643980741501 5666.9380036070943 2938.5743508860469 148.49194827675819 32.217597723007202 18.612187370657921
leaf_count=1061 1258 869 13 31458 2313 1000 692 1559 3175 1397 870 10547 12183 327 181 990 118 1649 247 69 479 34 23 2782 1356 17144 7755 346 106 71
internal_value=0.00462646 0.0128986 0.00332951 0.00364567 -0.010101 0.00721457 0.00452622 0.025069 0.00851723 0.00405799 -0.017744 0.00325537 0.00490651 0.0359431 0.0416983 0.0162221 0.00863768 -0.0332567 0.0128248 -0.0130119 -0.0106012 -0.0269083 0.0475039 0.0117166 -0.00992779 0.000600882 0.0094268 0.00739154 -0.0118891 0.0241441
internal_weight=34030.8 4612.39 29418.4 28983.5 844.006 3144.02 2713.18 1468.37 2126.12 28139.5 434.836 24479.9 15092.3 658.714 544.274 809.656 556.658 226.528 37.2055 34.2288 195.947 400.608 15.6445 1837.96 587.06 9387.65 3659.65 3087.07 288.161 430.844
internal_count=102072 14766 87306 84458 3628 10243 9111 4523 7063 80830 2848 71332 43641 2067 1740 2456 1587 1978 329 316 597 2370 57 5957 2048 27691 9498 8101 1106 1132
is_linear=0
shrinkage=0.05


Tree=48
num_leaves=31
num_cat=0
split_feature=51 51 37 37 12 13 30 16 37 13 21 21 51 7 24 51 8 35 3 44 27 21 24 17 52 7 55 49 39 24
split_gain=143.367 117.447 103.18 64.2779 60.0398 106.113 67.8767 87.2218 63.1013 56.6136 51.5563 50.7981 49.3864 48.3892 46.8264 44.9418 41.6221 40.1115 38.49 36.7553 32.1561 28.8861 26.5838 23.9632 30.6653 22.8838 19.6541 18.7548 17.7362 17.3858
threshold=-0.0194300003349781 0.022055000066757206 -0.23384999483823773 -0.083049997687339769 -0.034324999898672097 0.093984998762607588 0.0068749999627470979 0.99375000596046459 0.21325000375509265 0.055209999904036529 25.60999965667725 13.139999866485597 0.0040450000669807204 50.740901947021491 0.11915499716997148 -0.010894999839365481 -0.00026723742485046381 20.000000000000004 0.80616948008537304 -0.045150000602006905 -0.0099550001323223097 18.185000419616703 0.10379499942064287 1.0012499690055849 4.5000000000000009 34.844163894653327 0.40455000102519995 0.67469999194145214 0.051550000905990608 0.23191000521183017
decision_type=2 2 2 2 2 2 2 2 2 2 2 2 2 2 2 2 2 2 2 2 2 2 2 2 2 2 2 2 2 2
left_child=3 4 -3 14 8 6 18 -8 9 15 19 -11 13 -7 20 -2 -14 -16 -6 -10 -1 22 26 -22 -25 -12 -4 -5 -29 -23
right_child=1 2 21 27 5 12 7 -9 10 11 25 -13 16 -15 17 -17 -18 -19 -20 -21 23 29 -24 24 -26 -27 -28 28 -30 -31
leaf_value=0.051118022626565743 0.022914531851198922 0.048304079398069612 0.0062693424904663566 0.01518325992958685 -0.062187058119954411 -0.032319586107499465 0.073247327508728144 -0.014427675883432137 0.0046414172967034805 0.0016615479972869399 0.073531733584232414 0.0096279726463451513 -0.0080566337877148626 -0.0014759481821977449 0.028800829095236027 -0.0029094280757309202 0.012804887398781752 -0.09164561723701975 -0.025210347591247368 -0.0006232591385077602 0.050162491172145551 -0.035846588357343015 0.037339574580153058 0.0093290189108436051 -0.10356363892201087 0.021502142071572909 -0.073242143667302806 0.0033435512183316129 -0.056621690385582638 0.025948878536039839
leaf_weight=311.82953697443008 184.00465466827154 276.90022196620703 142.82039622962475 237.30985386669636 103.97737671434879 133.92460931092501 33.419348292052746 187.63675940781832 5919.2115490436554 2511.847948141396 31.287905558943748 9840.4345986992121 302.18653343617916 2518.2462545707822 16.399444878101352 1996.7179963514209 1145.1998535394669 11.94850070774555 217.7840538918972 7536.0936940908432 23.470791921019554 53.4528519064188 81.75188946723938 28.055828019976616 7.6569467931985846 65.115189075469971 8.219284459948538 35.789463818073273 18.812970608472824 14.461429804563521
leaf_count=1205 511 1070 420 673 748 800 117 896 16493 7217 62 26803 1139 8744 37 7230 3313 45 1324 22280 65 179 188 83 31 172 30 98 66 33
internal_value=0.00439969 0.0039319 0.0262818 0.0269374 0.00353744 -0.00173002 -0.0225043 -0.00117293 0.00440814 0.00669676 0.0019538 0.00800799 0.00102069 -0.00303344 0.0399726 -0.000730458 0.0084494 -0.0219667 -0.0371594 0.00169276 0.0447052 0.00600297 0.0143733 0.010917 -0.0148756 0.0383885 0.00194248 0.00910403 -0.0173171 -0.0226881
internal_weight=33996 33304.7 577.606 691.273 32727.1 4642.37 542.818 221.056 28084.7 14533 13551.7 12352.3 4099.56 2652.17 399.361 2180.72 1447.39 28.3479 321.761 13455.3 371.013 300.706 232.792 59.1836 35.7128 96.4031 151.04 291.912 54.6024 67.9143
internal_count=102072 99769 1920 2303 97849 17081 3085 1013 80768 41761 39007 34020 13996 9544 1466 7741 4452 82 2072 38773 1384 850 638 179 114 234 450 837 164 212
is_linear=0
shrinkage=0.05


Tree=49
num_leaves=31
num_cat=0
split_feature=51 51 37 28 12 6 6 6 37 25 12 37 23 51 8 40 12 44 37 6 51 0 2 49 37 8 23 16 30 37
split_gain=132.804 110.077 85.2026 93.2695 62.2907 93.8958 97.6603 92.8516 53.8335 74.6118 66.6834 53.0463 45.3542 38.3924 37.5077 33.9013 32.9784 32.3329 38.2642 38.3947 36.2081 33.1937 27.9876 32.1207 24.9326 23.282 22.8547 23.8661 23.4329 22.0183
threshold=-0.01829500030726194 0.016135000623762611 -0.19244999438524243 0.010935000143945219 -0.17983499914407727 -0.00086411923984996964 1.0000000180025095e-35 0.028121585026383403 -0.23384999483823773 1.1306499838829043 -0.059395000338554375 -0.083049997687339769 -41.774999618530266 -0.020744999870657917 0.014835536479949953 1.5000000000000002 -0.0041650000493973485 -0.0019500000635161994 0.36294999718666082 -0.490135908126831 0.00026499999512452638 0.32163399457931524 0.20554457604885104 0.29234999418258673 -0.34125000238418574 0.041112720966339118 43.664999008178718 1.067349970340729 0.081715002655982985 0.54115000367164623
decision_type=2 2 2 2 2 2 2 2 2 2 2 2 2 2 2 2 2 2 2 2 2 2 2 2 2 2 2 2 2 2
left_child=11 4 3 22 17 8 15 -8 9 -6 -10 12 24 -14 -15 -7 -16 20 25 -20 21 -2 -3 -24 -1 -19 -4 29 -29 -28
right_child=1 2 26 -5 5 6 7 -9 10 -11 -12 -13 13 14 16 -17 -18 18 19 -21 -22 -23 23 -25 -26 -27 27 28 -30 -31
leaf_value=-0.11358514791440276 0.0059662795346105985 -0.043842563958373937 0.012072966380979988 0.046297114486995798 0.014591968481109963 0.01243470616404492 -0.0083121203447410388 0.0026852574183734669 -0.0096130883483382529 -0.019687221286701966 -0.046160094577483747 0.0091912483051477048 0.049245630189418417 0.043497667149909908 0.0054071714446741878 -0.0042628442516883741 -0.10131416529695321 0.0036120205877245657 -0.052537461883099518 -0.0023531632335692873 0.0053324787008221788 0.017637216824815713 0.0024225404596532199 0.047040508773750662 0.00081367828521820254 0.012767792642377965 -0.0089556524914379126 0.031350361494722312 -0.014719362226119033 -0.055759133243041187
leaf_weight=6.8997581154108074 1014.0419093370438 24.248114570975304 513.09518732875586 386.93771874159575 500.16119329631329 2813.9634559676051 2291.2517982721329 11824.384027548134 1634.8691850081086 232.54456213116646 135.12746334820986 343.91893453896046 291.00617387890816 77.370542198419571 72.575971603393555 340.79941018670797 8.0407947748899442 3055.2129456549883 39.121675506234169 1478.4871321171522 3966.6093969792128 1526.1238098591566 175.85963598638773 52.343188434839249 15.378231108188627 898.54033727943897 98.794765323400497 61.092111974954605 50.349752098321915 33.700225159525871
leaf_count=28 2745 83 1444 1358 1589 7714 9739 34737 6549 811 984 985 1179 208 209 987 33 8250 140 4254 10611 3792 504 109 40 2285 285 144 147 129
internal_value=0.0041843 0.00369398 0.0174332 0.0308721 0.00308973 0.00136604 0.00267767 0.000900162 -0.00768508 0.00371251 -0.0124032 0.0241218 0.0350176 0.0384727 0.0186295 0.0106309 -0.00523732 0.00593514 0.00310222 -0.00364684 0.00831725 0.0129781 0.00722983 0.0126566 -0.034617 0.00569279 0.00608278 -0.00651695 0.0105359 -0.0208602
internal_weight=33962.8 33147.7 1396.42 639.389 31751.2 19773.1 17270.4 14115.6 2502.7 732.706 1770 815.19 471.271 448.993 157.987 3154.76 80.6168 11978.1 5471.36 1517.61 6506.78 2540.17 252.451 228.203 22.278 3953.75 757.032 243.937 111.442 132.495
internal_count=102072 99390 4203 2054 95187 63110 53177 44476 9933 2400 7533 2682 1697 1629 450 8701 242 32077 14929 4394 17148 6537 696 613 68 10535 2149 705 291 414
is_linear=0
shrinkage=0.05


Tree=50
num_leaves=31
num_cat=0
split_feature=51 51 24 43 7 40 51 23 7 6 13 13 22 35 53 35 13 3 27 29 15 8 34 15 5 14 53 45 34 29
split_gain=136.316 116.94 65.194 63.0161 57.7032 43.6467 57.4654 77.1371 45.1713 44.4246 73.9687 59.8351 21.5648 21.0909 28.4403 20.2587 19.1632 18.9333 18.2791 17.5726 14.97 15.2256 14.8854 13.7025 13.0718 12.3371 12.2622 21.0691 36.1636 13.7334
threshold=-0.0194300003349781 0.023485000245273117 -0.017254999838769432 8.5000000000000018 65.531539916992202 1.5000000000000002 0.006545000011101366 -18.945000648498532 6.5763912200927743 0.0057054138742387303 0.093984998762607588 0.35001499950885778 2.2343499660491948 29.500000000000004 0.74005001783370983 14.500000000000002 0.36338500678539282 0.77799057960510265 -0.010114999953657387 -0.0093749999068677408 0.96995002031326305 -0.058156013488769524 173.50000000000003 1.0012499690055849 0.79178479313850414 1.1468500494956972 0.4528499990701676 2.7122999429702763 130.50000000000003 0.020894999615848068
decision_type=2 2 2 2 2 2 2 2 2 2 2 2 2 2 2 2 2 2 2 2 2 2 2 2 2 2 2 2 2 2
left_child=4 3 12 5 13 9 8 -8 -7 11 -11 -2 -3 26 -15 -5 -4 -14 -6 -17 21 -18 23 -20 -19 -25 27 28 -1 -28
right_child=1 2 16 15 18 6 7 -9 -10 10 -12 -13 17 14 -16 19 20 24 22 -21 -22 -23 -24 25 -26 -27 29 -29 -30 -31
leaf_value=0.010199241257065676 0.005143723696843662 0.034143260555920311 0.043761049109059744 -0.060406595488151832 0.046059006611815188 -0.047228654213127767 0.015550263466413789 -0.0018211784856385325 -0.0004276290562062995 -0.021101425169649895 0.0029037571861369547 0.014994718228614657 -0.080584056462031498 -0.10475951749441043 0.025777961042706091 0.035897717814326331 0.014705268647234739 -0.05215082593015672 0.037796582999257478 -0.029963529342220654 0.028982252499010621 -0.074021545187850007 0.046556058697901498 -0.050448240385801528 0.0020551096107470192 0.020223241212887849 0.013757891080104652 0.033657745070813087 -0.054445365043375771 0.044857151019616633
leaf_weight=76.373444631695747 9408.7877992913127 23.106299519538879 292.87149485200644 45.534993015229702 278.63785856962204 51.812491610646248 1408.8474028557539 1169.5446131005883 10474.054124124348 334.34000543504953 7986.7582164034247 1843.5008051395416 11.357717737555502 8.8841417133808154 7.8678046241402617 12.717495180666445 11.779747650027277 14.449591547250746 13.940896287560461 49.736208587884903 53.69125397503376 8.2014722824096662 25.575034484267235 16.231695190072063 48.2956607863307 9.9675464332103711 113.02519653737545 42.122287079691887 30.18518278002739 51.754366874694824
leaf_count=193 27698 55 1134 254 1123 349 3906 3514 32292 1782 23540 4606 44 36 24 33 29 51 44 258 123 29 77 57 134 28 368 93 102 140
internal_value=0.00389215 0.0034407 0.0283728 0.00308803 0.0261442 0.00321405 0.000980746 0.00767067 -0.000658002 0.00470923 0.00193923 0.00675765 -0.00803043 0.0112107 -0.0434506 -0.035044 0.0380271 -0.0211807 0.0404645 -0.0165522 0.0152327 -0.0217135 0.0167436 -0.00225127 -0.010428 -0.0235612 0.0141319 0.00372105 -0.00811283 0.0235256
internal_weight=33924 33249.4 463.753 32785.6 674.565 32677.6 13104.3 2578.39 10525.9 19573.4 8321.1 11252.3 97.2093 330.212 16.7519 107.989 366.544 74.103 344.353 62.4537 73.6725 19.9812 65.7152 40.1401 62.7453 26.1992 313.46 148.681 106.559 164.78
internal_count=102116 99831 1599 98232 2285 97687 40061 7420 32641 57626 25322 32304 284 956 60 545 1315 229 1329 291 181 58 206 129 185 85 896 388 295 508
is_linear=0
shrinkage=0.05


Tree=51
num_leaves=31
num_cat=0
split_feature=37 28 13 6 12 6 12 15 23 35 8 8 2 39 9 37 12 5 28 14 6 33 23 37 15 5 16 21 23 31
split_gain=122.075 107.648 55.7533 104.575 67.0609 56.1923 84.1544 52.6315 50.22 142.163 43.9507 66.859 54.8213 43.4632 43.3502 43.3224 39.729 38.9902 38.5267 38.3113 42.0118 40.3462 37.1773 36.1671 40.3795 32.0859 46.5189 31.438 29.1174 37.07
threshold=-0.34125000238418574 0.013685000129044058 0.37688499689102178 0.0042742141522467145 -0.046105001121759408 -1.0000000180025095e-35 -0.10656999796628951 1.0039499998092654 41.534999847412116 16.500000000000004 -0.023207008838653561 -0.00073945522308349599 0.5653091073036195 0.01544999983161688 1.0000000180025095e-35 -0.14735000580549237 -0.1669650003314018 -8.7754921913146955 0.016165000386536125 0.96285000443458568 0.056025184690952308 -1.0000000180025095e-35 70.415000915527358 -0.11585000157356261 0.93954998254776012 -3.4770432710647579 0.98725000023841869 19.485000610351566 85.024997711181655 0.047244999557733543
decision_type=2 2 2 2 2 2 2 2 2 2 2 2 2 2 2 2 2 2 2 2 2 2 2 2 2 2 2 2 2 2
left_child=1 10 3 5 -5 6 13 16 9 -7 -1 12 17 -2 -10 -8 27 -12 28 20 -6 -21 -20 -4 -25 -13 -27 -3 -9 -30
right_child=2 7 23 4 19 8 15 18 14 -11 11 25 -14 -15 -16 -17 -18 -19 22 21 -22 -23 -24 24 -26 26 -28 -29 29 -31
leaf_value=0.029798850588321671 -0.0098006251913815672 0.031053093637707703 0.01749746060191322 -0.00091007211042896127 -0.03553948252918044 0.013044690993372632 0.001415458120683701 0.0073850568048373358 0.032822075654494021 -0.010900765827500098 0.008678803848690398 0.032721264178868927 0.010509179022711139 0.0037383633713986182 0.011365970571189663 -0.023023583843412122 0.044215717104777078 -0.028179055214535183 0.0072281605358911899 -0.018549444484103474 -0.011374813673434478 0.0015972469550146282 0.043401690442339727 0.017480193381198394 0.0040956718101736031 0.025106107539956447 0.0010676878292461228 -0.03234259187822177 -0.068667531478240215 0.043550210079245415
leaf_weight=186.73878319561481 642.177330493927 50.017709076404572 584.36678117513657 3454.2618137970567 311.57236576080322 1683.5472453609109 281.01307312399149 123.79992833733559 298.05158709734678 981.0392606779933 93.128129452466965 156.03468208760023 237.96285392343998 7705.3815258666873 1120.1451115310192 511.22887378185987 430.42389563471079 312.60021987557411 138.26965555548668 420.80113740265369 425.50403115153313 606.92778734862804 146.06010206788778 592.86319048702717 11378.411032289267 287.40166288614273 671.48124828189611 32.110135570168495 30.501414120197296 9.6996778845787031
leaf_count=499 1901 135 1426 10666 1970 4526 1188 337 769 2996 261 385 708 21581 3206 3244 1587 1158 453 2292 1567 3342 596 1438 30631 809 2202 111 111 21
internal_value=0.00370016 0.0134986 0.00278148 0.00103178 -0.00496123 0.00339727 0.00121876 0.0271907 0.00827413 0.00422853 0.00673555 0.00428656 -0.00854407 0.00269681 0.0158752 -0.0143549 0.038135 -0.019719 0.0146787 -0.0128906 -0.0215896 -0.00665177 0.0258105 0.00535142 0.00475852 0.0116942 0.00827262 0.00626681 -0.00462049 -0.0415918
internal_weight=33903.5 2906.23 30997.3 18441.7 5219.07 13222.6 9139.8 960.883 4082.78 2664.59 1945.35 1758.61 643.691 8347.56 1418.2 792.242 512.552 405.728 448.331 1764.81 737.076 1027.73 284.33 12555.6 11971.3 1114.92 958.883 82.1278 164.001 40.2011
internal_count=102116 9373 92743 59248 19837 39411 27914 3351 11497 7522 6022 5523 2127 23482 3975 4432 1833 1419 1518 9171 3537 5634 1049 33495 32069 3396 3011 246 469 132
is_linear=0
shrinkage=0.05


Tree=52
num_leaves=31
num_cat=0
split_feature=51 51 37 43 7 16 37 25 7 8 37 53 51 53 37 8 23 37 35 37 12 34 35 35 30 45 0 2 6 39
split_gain=120.078 105.085 59.1389 53.4135 47.4726 46.0637 42.7863 46.8633 45.6261 42.3068 40.2997 61.4672 43.9695 46.5194 38.2029 32.622 21.3289 20.0665 19.1841 17.7257 23.4866 17.707 17.3817 16.698 19.6234 18.8228 17.3111 16.7593 15.5577 21.3941
threshold=-0.016985000111162659 0.025504999794065956 -0.2581499963998794 8.5000000000000018 85.536067962646499 1.0320499539375307 -0.083049997687339769 1.3353499770164492 26.734554290771488 0.00095951557159423839 -0.19244999438524243 0.37935000658035284 -0.020744999870657917 0.78334999084472667 -0.13094999641180036 0.014468669891357424 -20.744999885559078 -0.45665000379085535 14.500000000000002 -0.2019500061869621 -0.098334997892379747 16.500000000000004 20.000000000000004 9.5000000000000018 -0.079494997859001146 5.265899896621705 0.92002320289611828 0.31752844154834753 0.11981146782636644 0.24434999376535418
decision_type=2 2 2 2 2 2 2 2 2 2 2 2 2 2 2 2 2 2 2 2 2 2 2 2 2 2 2 2 2 2
left_child=10 3 -3 4 6 9 7 -2 -8 -6 11 17 -13 -14 -7 -15 -4 -1 -5 20 -20 -18 -23 25 -25 26 27 -12 29 -26
right_child=1 2 16 18 5 14 8 -9 -10 -11 23 12 13 15 -16 -17 21 -19 19 -21 -22 22 -24 24 28 -27 -28 -29 -30 -31
leaf_value=-0.11300505666266787 0.010070733431790583 0.05357836417877037 0.029193301019915616 -0.058827135218773696 -0.0035734401779411746 0.038584283872352174 -0.0084000847662748703 -0.0015782058372385698 0.0027385735310669515 -0.031947281791087662 0.047378668463304366 0.049507046101424632 0.056220008351691969 0.030229264282365095 -0.0069336390398146404 -0.01577177900777979 0.02925175090490037 -0.014813568127401365 0.075477352102941708 -0.043701780845732494 -0.017770274137138813 -0.0022893608824580704 -0.05771504405187039 0.04120298473707254 -0.020822374836220649 -0.047408145473791727 0.053178282110044266 0.0041488491150763257 0.021929712635489582 0.014116283161076769
leaf_weight=7.908244043588641 3792.956341587007 152.83697197586298 96.350263148546219 42.735022768378258 266.93111203610897 76.13514156639576 953.20298662781715 1117.8210337609053 25896.997877009213 258.69960616528988 31.234266370534897 247.88368768617511 59.685919344425201 68.49263796210289 116.8375131636858 88.131210967898369 29.515237748622894 15.210972622036932 9.6924954056739825 28.545979872345924 22.264911577105522 54.974262312054634 19.04584538936615 29.629512876272202 124.44561272859573 8.9993841648101789 44.829409345984459 79.44290192425251 53.665440797805786 67.624133005738258
leaf_count=32 11805 744 232 248 1741 221 3849 3511 74123 1525 71 1112 162 189 477 265 72 43 18 185 85 166 71 62 395 29 101 237 128 217
internal_value=0.00351973 0.00302016 0.0301648 0.00272631 0.00284044 -0.00986789 0.00312798 0.00741913 0.00234314 -0.0175382 0.0212653 0.031169 0.035132 0.0186586 0.0110249 0.00434478 0.0122623 -0.0484013 -0.0331812 -0.0150669 0.0105112 -0.00349364 -0.0165507 0.0102934 0.00276375 0.0228973 0.026966 0.0163488 -0.00187106 -0.00852113
internal_weight=33862.7 32935.5 352.723 32582.8 32479.6 718.603 31761 4910.78 26850.2 525.631 927.183 487.313 464.193 216.31 192.973 156.624 199.886 23.1192 103.238 60.5034 31.9574 103.535 74.0201 439.871 275.365 164.506 155.507 110.677 245.735 192.07
internal_count=102116 99073 1285 97788 97252 3964 93288 15316 77972 3266 3043 1803 1728 616 698 454 541 75 536 288 103 309 237 1240 802 438 409 308 740 612
is_linear=0
shrinkage=0.05


Tree=53
num_leaves=31
num_cat=0
split_feature=51 51 24 7 13 43 31 18 13 6 6 23 51 15 9 54 18 53 21 7 13 1 18 49 24 29 6 30 1 18
split_gain=111.691 98.4469 57.2029 51.5739 44.6041 44.0985 39.4886 44.4704 38.2532 101.006 50.5361 27.9572 44.2294 44.4625 28.857 21.9057 21.8928 19.1775 19.0223 18.9596 18.8794 18.3838 25.3948 19.5984 16.5663 22.379 16.5321 18.0484 16.3715 15.217
threshold=-0.014994999859482048 0.023485000245273117 -0.017254999838769432 85.536067962646499 0.013805000111460687 8.5000000000000018 0.035875000059604652 0.99575001001358043 0.078704997897148146 0.0070005517918616542 0.0050372930709272632 73.165000915527358 -0.020744999870657917 1.0078499913215639 2.5000000000000004 0.9646500051021577 1.0184499621391299 0.79704999923706066 22.765000343322757 57.86181831359864 0.36338500678539282 0.01716253720223904 1.0077499747276308 0.23414999991655353 -0.030975000001490113 -0.036614999175071709 -0.012721063103526829 -0.018155000172555443 0.71314775943756115 1.0024500489234927
decision_type=2 2 2 2 2 2 2 2 2 2 2 2 2 2 2 2 2 2 2 2 2 2 2 2 2 2 2 2 2 2
left_child=11 3 18 5 -5 8 7 -6 9 -2 -10 14 -13 28 -1 17 -8 -16 19 -3 -4 23 -23 -15 -17 -26 -7 -28 29 -14
right_child=1 2 20 4 6 26 16 -9 10 -11 -12 12 13 21 15 24 -18 -19 -20 -21 -22 22 -24 -25 25 -27 27 -29 -30 -31
leaf_value=0.021127666029851343 0.00029840624629587359 0.014131680943157868 0.041620510286067405 0.18891067757168117 0.018713653911358794 -0.0034941764110752583 -0.040895017727590015 -0.026880429201568763 0.0061340215113406425 -0.035930542863951975 0.0017234222792630767 0.045349793670208326 -0.026875473489647264 0.057246268799973479 -0.010717049213673091 0.022734218099173489 0.0099782879007285635 -0.07754877064353155 -0.086741937121164403 -0.035120452068328332 0.01302351920222675 -0.074954407577348142 -0.005629030932003838 -0.034202281085381807 0.041470124397419816 -0.012917864211467043 0.05998748862804805 -0.057411763586966369 0.082325217558389813 0.036048987358638956
leaf_weight=421.95492330938578 4740.2393259033561 61.205751463770866 274.9742134809494 2.7759184390306464 62.056754991412163 29.826584286987782 23.533521212637424 386.96685037016869 11394.96789713949 200.52539949864149 15101.599819742143 205.28507804125547 10.877023369073866 19.285050570964817 68.169313058257103 113.674112316221 208.59301164001226 12.740271240472792 7.0750729590654364 28.70305660367012 73.046596609055996 15.696733504533766 83.380299910902977 8.4153800308704358 22.942032903432846 107.71455648541451 3.4995666444301596 50.74045018851757 16.802673310041428 82.347493171691895
leaf_count=1171 15989 162 1134 17 347 117 132 2645 31018 1167 44179 940 41 39 196 353 792 56 28 94 181 60 254 29 48 331 8 297 39 252
internal_value=0.0033466 0.00279836 0.0261549 0.00247563 -0.0111081 0.00277036 -0.0119233 -0.0205792 0.00286707 -0.00117198 0.00362022 0.0183976 0.028364 0.013639 0.0125009 0.00130886 0.00482064 -0.0212406 -0.00780366 -0.00159188 0.0356182 -0.00654468 -0.0166122 0.0294642 0.00877605 -0.00336786 -0.0333948 -0.0498372 0.0368954 0.0287072
internal_weight=33839.6 32650.3 445.005 32205.3 683.926 31521.4 681.15 449.024 31437.3 4940.76 26496.6 1189.28 442.09 236.805 747.195 325.24 232.127 80.9096 96.9839 89.9088 348.021 126.777 99.077 27.7004 244.331 130.657 84.0666 54.24 110.027 93.2245
internal_count=102116 98307 1599 96708 3933 92775 3916 2992 92353 17156 75197 3809 1654 714 2155 984 924 252 284 256 1315 382 314 68 732 379 422 305 332 293
is_linear=0
shrinkage=0.05


Tree=54
num_leaves=31
num_cat=0
split_feature=28 35 24 35 21 35 21 13 24 21 36 7 3 21 14 33 13 21 7 14 12 24 13 35 35 23 16 0 25 21
split_gain=53.0111 68.038 78.8097 145.845 93.1975 80.7434 99.471 71.0235 61.1465 56.616 53.5478 48.6994 45.07 44.3293 44.2557 104.62 52.6237 41.0907 40.1262 46.3573 45.3739 38.3412 37.4356 31.1552 42.0228 39.7032 38.0287 33.3344 29.1579 29.6022
threshold=0.013685000129044058 29.500000000000004 0.10186500102281572 5.0000000000000009 13.265000343322756 10.500000000000002 11.315000057220461 0.38662499189376837 -0.032424999400973313 23.295000076293949 0.77739998698234569 32.825901031494148 0.98092409968376171 15.409999847412111 0.98035001754760753 -1.0000000180025095e-35 0.017675000242888931 21.335000038146976 72.568737030029311 0.96285000443458568 -0.05845499970018863 0.25945499539375311 0.073185000568628325 3.5000000000000004 16.500000000000004 -32.954999923706048 1.0787499547004702 0.92002320289611828 2.1485500335693364 15.739999771118166
decision_type=2 2 2 2 2 2 2 2 2 2 2 2 2 2 2 2 2 2 2 2 2 2 2 2 2 2 2 2 2 2
left_child=1 2 7 4 21 6 -5 14 18 -6 13 -9 -12 23 16 -16 -1 -7 19 -3 -21 -4 -10 25 26 27 -25 -2 -15 -30
right_child=10 8 3 5 9 17 -8 11 22 -11 12 -13 -14 28 15 -17 -18 -19 -20 20 -22 -23 -24 24 -26 -27 -28 -29 29 -31
leaf_value=-0.053532752288544608 -0.025800943203414053 -0.0012542863988669528 -0.047053030960034166 0.051147975942960611 -0.0042762882495782127 0.0045961325104932399 0.013679880794543242 -0.069843225830433078 -0.04698648345106668 0.035834760732047666 0.0061777859768996669 0.0054301520323772005 0.021805269312799243 0.0061324488245363719 -0.011161425362644556 0.0075578961881641359 -0.0074237524086643763 0.028769863949373815 -0.065868911694037677 0.032715953034270211 0.13647633050555177 -0.0095818720099950898 -0.014410800526845118 -0.0065598616648110302 0.0044992082485935661 0.012574898974625237 0.0057982273742090348 0.0088187705315208326 0.03899293290636207 0.012633727970190349
leaf_weight=63.134912833571434 138.0962990373373 84.992026545107365 179.12474016845226 196.92179384827614 1587.6781228259206 4831.4463470131159 1763.2360962107778 21.631804510951042 105.93403629213572 93.13384635746479 999.66587898135185 3214.9827328175306 856.80608151853085 3450.30917724967 1245.9806325957179 1861.5980889350176 3113.025075905025 182.42843674868345 14.067980915307997 46.953825891017914 13.584440343081949 110.3063622713089 526.6373215764761 2428.8671319037676 3488.9280269145966 1213.1643047481775 837.04726070165634 140.04634186625481 121.07637566328049 885.47755538672209
leaf_count=334 421 271 627 419 4549 13095 4548 98 457 222 3293 8713 3332 9173 5584 7862 11552 438 79 142 39 324 1729 6986 9529 3167 2220 359 268 2286
internal_value=0.00318162 0.00146027 0.00207586 0.00544596 -0.00656632 0.00883957 0.017444 -0.00109032 -0.0128885 -0.00205373 0.00545834 0.00492706 0.0133902 0.00429914 -0.00418975 5.24026e-05 -0.0083403 0.00547569 0.0147674 0.0225622 0.0559992 -0.0327722 -0.0198661 0.00212769 0.000683624 0.00866853 -0.00339251 -0.00836973 0.0083168 0.0158044
internal_weight=33816.3 19256.8 18464.6 8944.28 1970.24 6974.03 1960.16 9520.35 792.17 1680.81 14559.5 3236.61 1856.47 12703 6283.74 3107.58 3176.16 5013.87 159.598 145.53 60.5383 289.431 632.571 8246.15 6754.84 1491.31 3265.91 278.143 4456.86 1006.55
internal_count=102116 61082 58365 24222 5722 18500 4967 34143 2717 4771 41034 8811 6625 34409 25332 13446 11886 13533 531 452 181 951 2186 22682 18735 3947 9206 780 11727 2554
is_linear=0
shrinkage=0.05


Tree=55
num_leaves=31
num_cat=0
split_feature=37 51 51 13 6 13 22 37 13 2 6 12 37 35 23 35 21 5 35 33 5 28 8 35 35 23 33 33 51 45
split_gain=116.242 56.1029 72.3865 47.6281 86.9925 71.3183 46.3074 44.4495 53.7471 52.9289 38.6282 80.3738 136.042 47.5318 141.405 69.5033 37.4385 30.4668 29.4564 28.4099 27.5163 23.0222 22.4212 21.4346 21.8114 20.348 20.2313 19.2974 18.4721 26.0917
threshold=-0.58335000276565541 -0.020744999870657917 0.018135000020265583 0.48103499412536627 0.0070005517918616542 0.10026500001549722 2.8632000684738164 -0.18264999985694882 0.22682500630617144 0.96043518185615551 -1.0000000180025095e-35 -0.14430499821901319 -0.10235000029206275 16.500000000000004 38.295000076293952 5.0000000000000009 21.82499980926514 -3.3566490411758418 15.500000000000002 0.13434999436140063 12.17057514190674 0.010565000120550396 -0.017343372106552121 26.000000000000004 29.500000000000004 -43.274999618530266 -0.027050000615417954 -0.086350001394748674 0.001835000002756715 0.747850000858307
decision_type=2 2 2 2 2 2 2 2 2 2 2 2 2 2 2 2 2 2 2 2 2 2 2 2 2 2 2 2 2 2
left_child=1 25 19 4 10 6 22 9 -9 -7 11 16 -13 15 -15 -12 -2 23 -8 20 27 -4 -6 -5 -25 -1 -26 -3 -19 -30
right_child=3 2 21 17 5 7 18 8 -10 -11 13 12 -14 14 -16 -17 -18 28 -20 -21 -22 -23 -24 24 26 -27 -28 -29 29 -31
leaf_value=-0.073782722162806347 0.0029827539327931308 -0.013753924503160082 0.016627973020922709 0.0080048302106298496 0.058775975790300077 0.0047783240647970189 -3.1291929343493379e-05 -0.011990998895025163 -0.00072228972363282639 0.047384842501498242 0.0006159816652410938 0.0056573932789413806 -0.021477073905434955 -0.010293007475609283 0.016413840191438756 0.016683887922366868 0.018129936557588773 0.0064803375510122403 -0.025644607892102319 0.031002828624476227 0.028835240336934704 0.047788861836406821 -0.048936212034820001 0.033786151409395532 -0.013487661071085628 0.050590187171482427 0.025328324582351902 0.0055120513044797361 0.0062002932561006398 -0.0023916014981767448
leaf_weight=3.3670385330915442 7976.2059267684817 197.5229434967041 90.28365832567215 3106.525067910552 5.0120667666196814 864.78822930902243 239.3552041053772 1372.1244964674115 4624.2858394160867 79.601725280284882 1033.3656999543309 934.20147305727005 913.71727541089058 1157.665280804038 866.69085969030857 1930.0129518285394 429.92651563882828 2777.2606602162123 211.38244242966175 104.00797241926193 88.692122161388397 172.57855792343616 134.00125750899315 170.30245485901833 64.056688919663429 141.13964453339577 70.53230981528759 380.0653542727232 1481.5360916852951 2189.4486955031753
leaf_count=12 21928 624 247 8051 14 2953 1298 6249 13464 223 3077 3420 4681 3619 2417 5270 1115 7365 1318 250 219 839 886 388 184 798 170 1111 3920 6032
internal_value=0.00307913 0.0185119 0.0144304 0.00252218 0.00126526 -0.00313128 -0.019824 -0.00171292 -0.00330084 0.00836959 0.00343748 0.00168195 -0.00775945 0.00704659 0.00114104 0.0110808 0.00375745 0.00542522 -0.0120432 0.00669908 0.00290521 0.0370862 -0.0450527 0.00924647 0.0218975 0.0476923 0.00685413 -0.0010765 0.0034036 0.00107592
internal_weight=33809.7 1177.66 1033.15 32632 22772.3 7530.55 589.751 6940.8 5996.41 944.39 15241.8 10254.1 1847.92 4987.73 2024.36 2963.38 8406.13 9859.66 450.738 770.288 666.28 262.862 139.013 3411.42 304.891 144.507 134.589 577.588 6448.25 3670.98
internal_count=102142 4100 3290 98042 71932 26405 3516 22889 19713 3176 45527 31144 8101 14383 6036 8347 23043 26110 2616 2204 1954 1086 900 8793 742 810 354 1735 17317 9952
is_linear=0
shrinkage=0.05


Tree=56
num_leaves=31
num_cat=0
split_feature=37 51 51 29 30 37 54 7 8 16 16 37 15 51 28 0 39 44 24 33 5 0 37 34 6 28 5 53 23 0
split_gain=106.921 54.633 68.4909 44.5102 59.6661 80.9865 55.9858 52.8725 45.4797 45.137 42.5824 38.711 30.3648 28.1131 40.4001 31.6859 31.5935 28.0135 27.0229 26.0066 25.1346 24.8614 23.9706 23.8441 23.0219 22.8218 22.7774 20.5655 18.9897 18.1678
threshold=-0.58335000276565541 -0.020744999870657917 0.018135000020265583 -0.016974999569356438 0.014175000134855511 0.053549999371171005 1.0379499793052676 75.891452789306655 0.00095951557159423839 1.0469500422477724 0.98514997959136974 0.14844999462366107 1.026950001716614 0.0083650001324713247 0.021025000140070919 1.2778576016426089 0.25274999439716345 -0.014349999837577341 -0.040185000747442239 0.13434999436140063 12.17057514190674 0.18083091080188754 -0.0091500002890825254 170.50000000000003 0.65729424357414257 0.010565000120550396 194.62937164306643 0.6025499999523164 -43.274999618530266 2.0745915174484257
decision_type=2 2 2 2 2 2 2 2 2 2 2 2 2 2 2 2 2 2 2 2 2 2 2 2 2 2 2 2 2 2
left_child=1 28 19 6 7 18 13 9 11 10 -5 -9 -10 15 -15 16 -2 24 21 20 -3 -6 -16 -20 -7 -4 -19 -11 -1 -8
right_child=3 2 25 4 5 17 29 8 12 27 -12 -13 -14 14 22 -17 -18 26 23 -21 -22 -23 -24 -25 -26 -27 -28 -29 -30 -31
leaf_value=-0.069549233044220615 0.0080811470367073944 -0.0010219754769095581 0.015921068654170655 0.0014340996276375755 0.033087706072811397 0.0077406169668707732 -0.0011465671878606732 0.0058461527795760438 -0.032821516292300269 0.0032731756309905 -0.0045735910120145856 -0.034255679138612771 0.075166470882768344 0.025321763346872073 -0.063982366586772685 0.026998541095022789 -0.0082686437405994403 0.00015096156088086583 0.011025720716649492 0.029772257356044843 0.027700277372692917 0.013848211176580192 0.0018849208694298035 -0.0041413266532682952 -0.056546050400589111 0.047232466451197996 0.032401419338531488 0.015348116110553731 0.050218366231320047 0.020674911618127026
leaf_weight=3.3926732242107382 3280.1776490211487 577.7631411999464 89.595638930797577 7090.3477996587753 234.54947438836098 1870.9348121285439 2259.970489397645 272.74728515744209 267.59947790205479 854.83633016049862 5050.543077968061 77.216262243688107 6.6719893068075171 507.51857240498066 15.84626357257366 201.16326366364956 324.71953292191029 7018.9548037350178 1495.2913223057985 102.91979138553143 87.734646365046501 590.99623192846775 107.63672278821468 313.45111857354641 14.030871674418448 166.0469578653574 55.178897202014923 600.20793770253658 135.22524775192142 99.586735159158707
leaf_count=12 8559 1735 247 21126 587 5046 6158 1626 1763 2313 18389 675 18 1215 54 455 917 20167 4160 250 219 1633 281 929 48 839 129 1561 798 233
internal_value=0.00292859 0.0178279 0.0138402 0.00239737 0.00144951 0.00411181 0.00599735 -0.000721007 -0.0149496 -6.77234e-05 -0.00106507 -0.00300195 -0.0301946 0.00930661 0.0190812 0.00768609 0.0066084 0.00184575 0.0118186 0.00638191 0.00276457 0.0193144 -0.00656766 0.0083973 0.00726209 0.0362587 0.000402518 0.00825411 0.0472871 -0.000225577
internal_weight=33772.9 1162.68 1024.06 32610.2 25813.6 11593.4 6796.62 14220.2 624.235 13595.9 12140.9 349.964 274.271 4437.06 631.002 3806.06 3604.9 8959.1 2634.29 768.418 665.498 825.546 123.483 1808.74 1884.97 255.643 7074.13 1455.04 138.618 2359.56
internal_count=102142 4100 3290 98042 80170 32699 17872 47471 4082 43389 39515 2301 1781 11481 1550 9931 9476 25390 7309 2204 1954 2220 335 5089 5094 1086 20296 3874 810 6391
is_linear=0
shrinkage=0.05


Tree=57
num_leaves=31
num_cat=0
split_feature=37 51 51 21 21 23 40 21 16 8 15 5 28 24 35 33 30 35 53 55 37 51 3 33 9 6 23 6 16 34
split_gain=98.3093 53.1376 66.5238 41.7871 60.2162 75.3543 61.9113 61.7975 53.616 40.7573 38.5025 36.4845 34.4254 33.9432 47.5275 56.4611 33.8604 33.3678 32.5031 28.8927 31.5768 27.1522 26.3689 26.1946 24.429 36.439 23.143 20.8247 19.8708 18.7645
threshold=-0.58335000276565541 -0.020744999870657917 0.023485000245273117 21.82499980926514 19.485000610351566 -30.095000267028805 1.5000000000000002 16.82499980926514 1.0337499976158144 0.020554125308990482 1.0556499958038332 -3.3566490411758418 0.023295000195503238 0.28695000708103185 1.5000000000000002 0.20904999971389773 0.023245000280439857 5.0000000000000009 0.27294999361038214 -0.036550000309944146 -0.27144999802112574 0.01888500060886145 2.1060400009155278 -0.096450001001358018 1.0000000180025095e-35 -0.047398412600159638 72.045001983642592 -0.036281086504459374 0.90985000133514415 249.50000000000003
decision_type=2 2 2 2 2 2 2 2 2 2 2 2 2 2 2 2 2 2 2 2 2 2 2 2 2 2 2 2 2 2
left_child=1 -1 23 4 6 9 11 8 -8 18 -9 17 -13 19 15 -15 22 -2 -6 28 27 -22 -7 -3 25 -16 -18 -21 -5 -25
right_child=3 2 -4 13 5 16 7 10 -10 -11 -12 12 -14 14 24 -17 26 -19 -20 20 21 -23 -24 29 -26 -27 -28 -29 -30 -31
leaf_value=0.04688597923116361 0.00016102507984520995 -0.0043997411512532109 0.050200614428790813 -0.019752754325268924 -0.03423758324724395 -0.0062013957178667211 -0.0030921779847912414 0.035869354167013721 0.0042976549477732155 0.0053933246365361802 -0.070880362845357814 0.0014136617267739937 0.0082696894526136568 -0.076817862195263611 0.041600361555772208 0.047665195968840689 0.0088850841495138905 0.0094583830963207334 -0.011546921805153902 0.053480708522246484 -0.0021970496829485601 -0.053584858560970887 0.053596120863956279 0.016474043435254406 0.046685881565946129 -0.027667490980127253 0.042488267260565385 0.0071135062978019241 0.01956861946016783 -0.019250047927465222
leaf_weight=132.9668021723628 1218.7691939026117 264.66880425065756 108.87212183326483 34.79421678185463 352.21996565163136 596.87134069949389 8001.7322693765163 155.29797012358904 3540.578736461699 143.82683120667934 8.9327257275581342 9712.2731379494071 2256.2916122898459 22.066598236560822 44.932298928499222 15.512364432215689 245.17648470401764 4635.6584062576294 285.95309271663427 40.428197696805 507.21549429744482 27.077678591012955 19.023571163415909 602.54257899522781 154.45601259171963 32.880111441016197 64.776194423437119 60.385469138622284 419.44150537997484 39.14641497284174
leaf_count=810 3497 820 648 103 1191 1960 25977 399 9796 376 33 30768 5905 81 93 32 658 12553 888 104 1616 98 39 1693 310 97 168 182 1118 129
internal_value=0.00278486 0.0171643 0.0132716 0.00227836 0.00190493 -0.00722344 0.00243287 -0.00039203 -0.000825363 -0.0186513 0.0300631 0.00428833 0.00270615 0.0108606 0.0267362 -0.025432 0.00242891 0.00752287 -0.0240703 0.00692799 4.14889e-05 -0.00480136 -0.00435439 0.00883566 0.0351766 0.0123308 0.0159077 0.0257076 0.0165566 0.0142947
internal_weight=33744.8 1148.2 1015.23 32596.6 31237.4 1707.85 29529.5 11706.5 11542.3 782 164.231 17823 11968.6 1359.19 269.847 37.579 925.848 5854.43 638.173 1089.34 635.107 534.293 615.895 906.358 232.268 77.8124 309.953 100.814 454.236 641.689
internal_count=102142 4100 3290 98042 94208 5280 88928 36205 35773 2455 432 52723 36673 3834 613 113 2825 16050 2079 3221 2000 1714 1999 2642 500 190 826 286 1221 1822
is_linear=0
shrinkage=0.05


Tree=58
num_leaves=31
num_cat=0
split_feature=37 51 51 13 6 30 35 12 54 14 13 9 23 13 51 37 37 37 7 31 24 51 7 23 33 13 25 39 39 51
split_gain=90.1188 51.456 64.2041 40.8642 89.2631 70.8003 50.4065 47.9248 40.6553 51.2638 38.9466 38.6888 39.8775 37.3141 37.2886 34.594 30.0936 29.0368 25.6423 29.2262 39.1725 24.1786 33.6059 30.2638 23.7724 21.9814 20.7456 20.3832 25.5768 21.8048
threshold=-0.58335000276565541 -0.020744999870657917 0.023485000245273117 0.2384850010275841 0.0070005517918616542 0.014595000073313715 3.5000000000000004 -0.014405000023543833 1.0129500031471255 0.94034999608993541 0.065075002610683455 4.5000000000000009 -54.004999160766594 0.066634997725486769 -0.022625000216066834 0.24055000394582751 0.6837500035762788 -0.28395000100135798 66.496276855468764 0.11310499906539918 -0.0049850000068545333 0.0071849999949336061 19.512702941894535 -58.844999313354485 -0.096450001001358018 0.11127500236034395 0.48395000398159033 0.29514999687671667 0.31364999711513525 0.013615000061690809
decision_type=2 2 2 2 2 2 2 2 2 2 2 2 2 2 2 2 2 2 2 2 2 2 2 2 2 2 2 2 2 2
left_child=1 -1 24 4 7 8 17 11 9 -6 -9 12 -2 -13 -8 21 -10 -7 -17 26 -21 -5 -23 -24 27 -12 -20 29 -29 -3
right_child=3 2 -4 15 5 6 14 10 16 -11 25 13 -14 -15 -16 18 -18 -19 19 20 -22 22 23 -25 -26 -27 -28 28 -30 -31
leaf_value=0.04637296716128933 -0.0073405604942223569 -0.0019236832542850477 0.049852717057389161 0.0046623892262490406 -0.021787969746937003 0.060817441689068989 0.04032370296320828 -0.051360326046727016 -0.025647869221967014 1.70627637216151e-05 0.094854799199908746 -0.013081292694704469 0.0041996586673691914 0.00066070475980642364 -0.0049439514042646498 0.0028776130081408675 0.02175734520463074 0.015030606643010799 0.0030236311075491013 0.0084089119324496347 -0.011922206689739888 -0.088835379493965 0.023329273818170265 0.0078971543165488982 0.013637504615513338 0.034846865034535275 -0.016276559809741454 -0.096480358919602535 -0.013884550954634124 0.046744603914007282
leaf_weight=127.84603532031178 818.55052150040865 151.4338413476944 104.26691795140505 7676.5964222326875 421.70153150707483 47.276295483112335 48.410145968198776 10.218411736190317 648.40366448462009 747.07156422734261 21.828541748225689 763.56618549674749 8757.5590855181217 1399.1618170067668 754.81859558075666 6748.9446557462215 35.300769425928593 129.40963038802147 185.71055830270052 697.32927179336548 358.83190321922302 8.3489217907190305 422.47059896588326 1281.0209357962012 639.06942361593246 50.721095211803913 556.34140203148127 10.696730613708494 75.729958057403564 27.138905197381973
leaf_count=810 2776 451 648 20530 2063 126 177 60 3265 3985 51 2841 26599 4080 2677 18577 133 422 539 1860 1051 37 1020 3299 1822 137 1737 44 243 82
internal_value=0.00264762 0.01649 0.0127012 0.00216502 0.000206261 -0.00776615 0.00310294 0.00211641 -0.0135156 -0.00785035 0.0400298 0.00184909 0.00321322 -0.004191 -0.0022157 0.0037654 -0.0232003 0.0272819 0.00146397 -0.00384164 0.00150139 0.00586061 0.0112339 0.0117244 0.0084165 0.0529019 -0.0114464 -0.0041744 -0.0241071 0.00547276
internal_weight=33725.8 1136.18 1008.34 32589.6 14654 2832.39 979.915 11821.6 1852.48 1168.77 82.768 11738.8 9576.11 2162.73 803.229 17935.6 683.704 176.686 8547.16 1798.21 1056.16 9388.44 1711.84 1703.49 904.069 72.5496 742.052 264.999 86.4267 178.573
internal_count=102142 4100 3290 98042 49392 12848 3402 36544 9446 6048 248 36296 29375 6921 2854 48650 3398 548 23764 5187 2911 24886 4356 4319 2642 188 2276 820 287 533
is_linear=0
shrinkage=0.05


Tree=59
num_leaves=31
num_cat=0
split_feature=37 2 13 6 31 37 12 14 33 9 1 13 13 1 37 44 0 21 1 2 0 7 31 24 13 35 29 54 12 21
split_gain=83.169 53.9934 39.461 86.4774 62.4715 48.1685 45.082 43.4176 65.0491 36.8809 36.5537 36.2152 33.5662 32.9308 31.929 27.5728 24.5386 36.3588 33.487 37.946 23.8627 23.1461 26.4088 35.3558 21.7587 32.918 21.4014 21.2842 20.9534 20.8137
threshold=-0.55744999647140492 0.53456813097000133 0.2384850010275841 0.0070005517918616542 0.04138500057160855 -0.21254999935626981 -0.014405000023543833 0.9759500026702882 -1.0000000180025095e-35 4.5000000000000009 0.37146902084350591 0.066634997725486769 0.065075002610683455 1.0459167361259463 0.24055000394582751 0.43915000557899481 0.27989360690116888 12.139999866485597 0.21623051166534427 0.15020611137151721 0.67337486147880565 66.496276855468764 0.11310499906539918 -0.0049850000068545333 2.0683500766754155 1.5000000000000002 0.045494999736547477 1.0522499680519106 -0.030044999904930588 13.72499990463257
decision_type=2 2 2 2 2 2 2 2 2 2 2 2 2 2 2 2 2 2 2 2 2 2 2 2 2 2 2 2 2 2
left_child=1 16 3 6 7 -6 9 10 -9 13 -5 -11 -8 -2 24 -7 27 -18 28 -20 -3 -16 -23 -24 29 -26 -27 -1 -19 -4
right_child=2 20 14 4 5 15 12 8 -10 11 -12 -13 -14 -15 21 -17 17 18 19 -21 -22 22 23 -25 25 26 -28 -29 -30 -31
leaf_value=0.00046275492079412813 0.0029047476636569142 0.018856828931813459 0.0015649801890350121 -0.016289396286623025 0.036052505525013108 -0.0055927593800133872 -0.048427443168046848 -0.019165104970584271 0.0035107573017960528 -0.013019317899921943 -0.045605253332005179 0.00056953546614396482 0.050357082422918732 0.065771908942738586 0.0027335650238395834 0.026091950640392738 -0.030248466508471957 0.019118126682900385 -0.052644216981455688 0.009744845813477036 0.040306489817158515 -0.010885121267727477 0.0079873674803407294 -0.011329159931953346 -0.037181056650510129 0.023717912974317523 -0.012160876469861541 -0.037424358369748716 0.051920870132439449 0.0067360864377043073
leaf_weight=146.68610371649265 9506.3295415937901 350.99860184639692 2866.6716977357864 743.82007896155119 111.25040646642447 414.5842205286026 9.7464901804923993 546.11900442838669 751.43741205334663 755.96926271915436 124.06883220002055 1395.1971623674035 73.061520278453827 20.876023255288601 6749.3470972627401 82.291991412639618 46.528347007930279 234.55357855558395 30.736474066972733 117.69844538718462 205.62453358247876 741.3265972957015 697.4226455539465 358.73725467920303 27.004548892378807 376.46099261939526 46.72108305990696 49.604951158165932 61.433580875396729 6058.3156231790781
leaf_count=469 29119 1064 7848 3358 331 1456 59 2814 3779 2827 731 4068 187 73 18577 219 168 712 125 428 1196 2276 1860 1051 85 879 130 187 158 15908
internal_value=0.00251732 0.0152055 0.00203106 9.51225e-05 -0.00784676 0.0063134 0.00196801 -0.0118234 -0.00603312 0.00170734 -0.0204802 -0.0042059 0.0387302 0.0030425 0.0036011 -0.000345179 0.00583027 0.0118044 0.016207 -0.00317408 0.0267806 0.00139078 -0.00365124 0.00142628 0.00561614 0.0163413 0.0197567 -0.00911174 0.0259265 0.00507515
internal_weight=33700.6 1243.86 32456.8 14534.8 2773.57 608.127 11761.2 2165.45 1297.56 11678.4 867.889 2151.17 82.808 9527.21 17922 496.876 687.241 490.95 444.422 148.435 556.623 8546.83 1797.49 1056.16 9375.17 450.187 423.182 196.291 295.987 8924.99
internal_count=102142 4507 97635 49021 12688 2006 36333 10682 6593 36087 4089 6895 246 29192 48614 1675 2247 1591 1423 553 2260 23764 5187 2911 24850 1094 1009 656 870 23756
is_linear=0
shrinkage=0.05


Tree=60
num_leaves=31
num_cat=0
split_feature=51 51 23 13 6 9 5 39 23 38 53 51 6 6 7 2 14 12 25 36 21 51 5 30 27 53 13 28 25 14
split_gain=64.7132 64.1344 65.5197 58.8956 102.799 41.9652 40.6809 39.1299 37.8616 37.7849 37.5053 70.8912 33.1644 46.0021 30.0891 27.2417 26.1064 24.7048 22.5458 21.8735 28.1616 18.9952 21.978 20.4897 22.0403 15.9729 19.699 18.0513 16.6498 16.6435
threshold=-0.014994999859482048 0.016135000623762611 30.244999885559086 0.2384850010275841 0.0063577408436685809 4.5000000000000009 30.396082878112797 0.20944999903440478 49.495000839233406 1.0000000180025095e-35 0.1381499990820885 0.022055000066757206 1.0000000180025095e-35 0.24362776428461078 19.512702941894535 0.11861057206988336 0.50145000219345104 -0.036845000460743897 2.8516999483108525 0.69484999775886547 12.565000057220461 -0.022625000216066834 -0.75756865739822377 0.01163499988615513 -0.011285000015050171 0.16155000030994418 0.063644997775554671 0.012585000135004522 1.4577500224113467 1.0974499583244326
decision_type=2 2 2 2 2 2 2 2 2 2 2 2 2 2 2 2 2 2 2 2 2 2 2 2 2 2 2 2 2 2
left_child=17 3 10 4 5 8 9 -7 -2 -6 11 16 -5 14 -14 -15 -3 25 -8 -12 -21 -19 -23 -24 -25 28 27 -27 29 -1
right_child=1 2 -4 12 6 7 18 -9 -10 -11 19 -13 13 15 -16 -17 -18 21 -20 20 -22 22 23 24 -26 26 -28 -29 -30 -31
leaf_value=0.017084952499783822 0.0011449073478831827 0.041355886659607891 -0.0073492566570296132 0.0074010816919696026 0.006978906331980856 -0.0022890697347846033 0.027789364017547325 -0.021933063514659019 0.0090981999077333273 -0.012869266810404838 0.017288386062369383 0.029013659305666475 -0.074299412047715382 -0.048289853446007482 0.00088063434863807288 0.0084677619702288667 -0.018068734686660513 0.040456828178306724 -0.049361337030592825 -0.016414019080886934 0.040559551222052313 0.035206577720229323 0.044218945078314163 0.023745342094535375 -0.019954762575574471 -0.035110912687996265 0.00098247781715150211 0.025910952358767021 0.039400794290206903 -0.06366667232221028
leaf_weight=26.997763335704803 7289.1442953795195 20.409356489777565 308.06564691662788 4328.802364885807 267.54852998256683 1694.2851393297315 98.530013725161552 298.11137913167477 1882.9425837099552 2310.4758715778589 303.20707500725985 196.93404340744019 13.326475232839583 21.30382177233696 10132.050116829574 2766.20593303442 195.7389537319541 127.28271313011646 10.476322025060652 23.481663219630718 284.19781980663538 97.511390201747417 27.004780724644661 45.701410114765167 78.264352969825268 13.175761401653288 484.11861844360828 151.14683917909861 77.555570140480995 8.3557925522327405
leaf_count=67 22200 43 894 11297 767 5398 270 1036 5846 11350 812 833 70 76 28256 7143 621 699 38 90 971 298 74 152 271 43 1507 506 165 29
internal_value=0.00253508 0.00212418 0.0128679 0.00166422 -0.00076425 0.00134892 -0.00954435 -0.00522829 0.00277764 -0.0108094 0.0189503 0.00731348 0.00361292 0.00234498 0.000781881 0.00803399 -0.0124577 0.0142593 0.0203746 0.0268192 0.0362114 0.0247497 0.0167039 0.00475306 -0.00384421 0.00908176 0.00605973 0.0210181 0.0264374 -0.00200065
internal_weight=33582.4 32445.2 1332.03 31113.2 13851.5 11164.5 2687.03 1992.4 9172.09 2578.02 1023.97 413.082 17261.7 12932.9 10145.4 2787.51 216.148 1137.11 109.006 610.887 307.679 375.765 248.482 150.971 123.966 761.35 648.441 164.323 112.909 35.3536
internal_count=101822 98011 4264 93747 46905 34480 12425 6434 28046 12117 3370 1497 46842 35545 28326 7219 664 3811 308 1873 1061 1494 795 497 423 2317 2056 549 261 96
is_linear=0
shrinkage=0.05


Tree=61
num_leaves=31
num_cat=0
split_feature=51 51 23 6 12 8 28 49 6 4 51 31 39 30 12 0 15 8 44 5 51 8 27 27 14 44 35 54 45 27
split_gain=58.9289 58.3584 59.6804 44.8792 74.6301 67.1352 35.1915 34.7206 34.6659 32.0077 29.5576 29.1366 24.8985 23.0182 22.9633 20.7559 19.6787 19.3604 18.5382 19.7277 17.8967 30.0524 27.2751 36.3153 21.8462 16.6986 16.1076 23.4279 21.1409 14.9089
threshold=-0.014994999859482048 0.016135000623762611 30.244999885559086 0.24362776428461078 -0.056825000792741769 0.014835536479949953 0.011545000132173302 0.047700000926852233 0.0077824220061302194 4.5000000000000009 0.020674999803304676 -0.16276000440120694 0.28685000538825994 -0.096960000693798051 -0.036845000460743897 0.65419569611549389 1.0493499636650088 0.005380570888519288 0.063749998807907118 1.2015148997306826 -0.022625000216066834 0.013787448406219484 -0.011285000015050171 -0.0072950001340359441 1.0091499686241152 1.0000000180025095e-35 26.000000000000004 0.86605000495910656 0.48225000500679022 -0.043554998934268944
decision_type=2 2 2 2 2 2 2 2 2 2 2 2 2 2 2 2 2 2 2 2 2 2 2 2 2 2 2 2 2 2
left_child=14 3 6 4 11 9 7 10 -7 -6 -3 25 -13 29 -1 -9 -15 18 19 -4 -16 -22 24 -24 -23 -2 -5 -28 -29 -8
right_child=1 2 17 26 5 8 13 15 -10 -11 -12 12 -14 16 20 -17 -18 -19 -20 -21 21 22 23 -25 -26 -27 27 28 -30 -31
leaf_value=0.0086518453740463391 0.018373230792819939 -0.081066960812771136 -0.029572958707418447 0.0064236222086837998 -0.0091129331755736894 0.014831307871607203 0.039490683897658516 0.019987857560540938 -0.00057886358934925938 0.018014408317416471 0.0030587518015284662 0.002440932748068652 -0.0039778254993229701 0.031600343990143095 0.039267052589636565 -0.0037446901297902412 -0.017152931558106044 -0.017386720972870195 0.055231223021066624 0.015612463000712671 0.035498532189448921 -0.018619902138324675 -0.03051879986936093 0.05646294075359734 0.05318609148476211 -0.0017844561108052073 -0.044705689406068533 0.04468759669126729 0.013061534211774554 -0.02749605994512715
leaf_weight=759.39611506462097 425.59277744591236 19.210666954517365 36.548573613166809 2528.5006838217378 3484.2891089171171 485.16423117369413 11.453005686402319 284.07181506603956 1472.793532051146 112.24057671427727 22.87302440404892 20568.131620392203 1630.5901108086109 490.84099591523409 124.65043189376593 136.3477333933115 21.609245806932449 182.38753187656403 17.904711216688156 71.239469274878502 109.75308287888765 15.540356874465941 73.419972561299801 14.344184428453444 33.268241286277771 135.43384170532227 13.443994060158728 77.38694079220295 166.59549827873707 30.232692390680313
leaf_count=2317 1032 78 122 6589 15479 1269 24 753 4311 446 91 58866 4757 1816 699 455 62 550 37 185 360 52 250 29 104 368 44 164 422 91
internal_value=0.00241052 0.0020193 0.0122971 0.00158151 0.000985723 -0.00421048 0.0181393 0.00795674 0.00323964 -0.00826634 -0.0353436 0.00225385 0.00196945 0.026638 0.0136328 0.0122911 0.0295445 -0.00698145 0.0081172 0.000291072 0.023829 0.0160168 0.000360783 -0.0163025 0.0303235 0.0135071 0.00763672 0.019552 0.0230928 -0.00909168
internal_weight=33555.3 32424.9 1324.72 31100.2 28314.2 5554.49 1016.64 462.503 1957.96 3596.53 42.0837 22759.7 22198.7 554.136 1130.37 420.42 512.45 308.08 125.693 107.788 370.976 246.326 136.573 87.7642 48.8086 561.027 2785.93 257.426 243.982 41.6857
internal_count=101822 98011 4264 93747 86528 21505 3370 1377 5580 15925 169 65023 63623 1993 3811 1208 1878 894 344 307 1494 795 435 279 156 1400 7219 630 586 115
is_linear=0
shrinkage=0.05


Tree=62
num_leaves=31
num_cat=0
split_feature=37 51 51 13 12 7 16 31 21 24 7 43 51 33 45 40 7 21 35 12 7 37 28 44 35 13 29 28 3 35
split_gain=76.3569 97.5513 88.9753 53.7707 86.8039 68.5906 66.2482 59.5583 53.021 52.6584 43.4395 41.3363 38.8115 38.395 33.8667 33.1008 32.9375 41.7352 32.5237 30.4588 30.1911 28.592 27.8602 26.8669 25.4215 28.0757 25.2788 23.1624 22.4782 22.1856
threshold=-0.18264999985694882 0.022055000066757206 -0.020744999870657917 0.15997000038623813 -0.13957499712705609 90.79480361938478 0.97865000367164623 0.03350500017404557 12.234999656677248 0.10581500083208085 14.864700794219972 2.5000000000000004 -0.001114999991841614 0.093350000679492964 2.8047000169754033 1.5000000000000002 42.279439926147468 16.630000114440922 30.500000000000004 -0.01099500013515353 29.751860618591312 -0.87235000729560841 0.0064850000198930511 -0.26285000145435328 1.0000000180025095e-35 1.9327099919319155 0.0045249999966472396 0.011545000132173302 0.22153437882661822 20.000000000000004
decision_type=2 2 2 2 2 2 2 2 2 2 2 2 2 2 2 2 2 2 2 2 2 2 2 2 2 2 2 2 2 2
left_child=1 2 9 4 12 19 16 20 10 -1 27 13 23 -10 -9 -13 17 -6 -14 24 -8 -12 -18 -2 -5 -26 -21 -4 -25 -11
right_child=3 -3 8 5 6 -7 7 14 11 29 21 15 18 -15 -16 -17 22 -19 -20 26 -22 -23 -24 28 25 -27 -28 -29 -30 -31
leaf_value=0.046058771624491568 0.021672694101460371 0.041423039933192587 -0.069641666650771969 -0.0056364445362753514 -0.01939065803483473 -0.046307143375737797 -0.035756139261194628 0.0087399362818685235 0.0016390401058674578 0.018365680101474616 0.028394754234259967 0.024132601988332069 -0.00020927808602016432 0.017863358972760864 -0.037084207065191443 0.00075726666485022992 -0.0075540548583818215 0.021604199341970054 -0.027575598448370084 -0.033102936567269141 -0.01638031397117095 -0.010172700433677809 0.019907979879128998 -0.038251644042765959 0.0032513632941171666 0.01275562933749904 -0.0036482039859984036 0.021732736367898034 0.006169053391495094 -0.089192751847363194
leaf_weight=194.08003865554929 310.59193193912506 213.91555780917406 41.780927240848541 765.74607411772013 252.16390719264746 71.033139742910862 243.24836482107639 318.54801225662231 2202.9009419307113 8.7681741416454315 54.979288905858994 542.5805125311017 4427.6216819211841 436.99083802103996 46.163547873497009 210.08894049376249 132.72053465992212 82.363033302128315 111.29831639677286 80.90676611661911 1158.8562178723514 381.58677483350039 303.6559521779418 29.30109778046608 18333.861603163183 811.41093967854977 730.84337244182825 8.3158252835273725 1015.5058927386999 10.578294947743416
leaf_count=1121 757 1118 204 2209 1115 504 1789 1216 7061 21 134 1665 12386 1149 159 746 466 293 361 370 7275 1410 921 96 50241 2021 2120 25 2829 40
internal_value=0.00229187 0.00850742 0.00678698 0.00137598 -0.00199193 0.00274169 -0.00972351 -0.0150598 0.00505775 0.0382174 -0.010376 0.00727172 0.0013368 0.00432471 0.00293972 0.017608 0.00250662 -0.00929742 -0.000880324 0.00290982 -0.0197418 -0.00531568 0.0115556 0.00876145 0.00329687 0.00365417 -0.00658394 -0.0544739 0.0049233 -0.0404453
internal_weight=33532.4 4306.57 4092.65 29225.8 8432.04 20793.8 2537.72 1766.82 3879.22 213.427 486.663 3392.56 5894.32 2639.89 364.712 752.669 770.903 334.527 4538.92 20722.8 1402.1 436.566 436.376 1355.4 19911 19145.3 811.75 50.0968 1044.81 19.3465
internal_count=101822 14694 13576 87128 29663 57465 13234 10439 12394 1182 1773 10621 16429 8210 1375 2411 2795 1408 12747 56961 9064 1544 1387 3682 54471 52262 2490 229 2925 61
is_linear=0
shrinkage=0.05


Tree=63
num_leaves=31
num_cat=0
split_feature=51 51 6 12 13 51 30 53 12 6 35 2 24 8 51 8 30 5 31 25 0 21 30 33 9 21 5 49 0 54
split_gain=50.5926 51.2889 37.2535 66.2798 60.9398 63.2512 46.3539 32.1554 30.4321 42.047 31.5727 25.8865 24.7773 23.0322 28.3372 44.7956 34.8643 33.097 21.7446 19.3186 18.9651 18.543 18.5104 18.2173 23.917 19.0003 16.5707 15.4765 21.1092 15.1381
threshold=-0.014994999859482048 0.025504999794065956 0.24362776428461078 -0.032935000956058495 0.093984998762607588 0.0058649999555200347 0.0079149999655783194 0.54105001688003551 -0.17983499914407727 -0.00086411923984996964 7.5000000000000009 0.11861057206988336 -0.35726499557495112 -0.0042164027690887442 -0.022625000216066834 0.011926114559173586 -0.065944999456405626 -3.9660764932632442 -0.010574999731034039 2.0628999471664433 0.7512820065021516 20.039999961853031 0.019375000149011615 -0.032150000333786004 2.5000000000000004 20.909999847412113 -6.6134142875671378 0.23414999991655353 1.8817779421806338 1.1011499762535097
decision_type=2 2 2 2 2 2 2 2 2 2 2 2 2 2 2 2 2 2 2 2 2 2 2 2 2 2 2 2 2 2
left_child=12 2 3 8 6 -6 -5 -3 10 -10 -2 -4 22 18 16 20 -15 -17 19 -14 -16 29 -1 25 -25 -20 -21 28 -13 -9
right_child=1 7 11 4 5 -7 -8 21 9 -11 -12 27 13 14 15 17 -18 -19 23 26 -22 -23 -24 24 -26 -27 -28 -29 -30 -31
leaf_value=-0.0021501649979300654 -0.00042092665592478174 0.030859757607658963 -0.047618315917184739 -0.034898718086550151 -0.0071800924078423006 0.010259212630412601 -0.0010733296006021295 -0.012324448398939985 -0.0053051216559168004 0.0016779676256681896 0.0053522656240408521 -0.002098928406477791 0.0025587156458421051 -0.10915762639782214 0.034835705678521345 0.033557270734912721 0.033780900043786748 -0.0075121003284823757 0.018892320121500675 0.010319626313895505 -0.0024565895190681031 -0.070853838304311217 -0.086572284801635202 -0.0016829547584045501 -0.063670636199163563 -0.063574172803604778 0.076255745618779958 0.0096878851539118557 0.022053733377897022 0.039194037422113109
leaf_weight=17.130327910184864 3252.2684405595064 240.02152892947197 21.47816875576973 285.21733678504825 2130.2936368361115 687.80857706069946 157.05662798136473 47.70507225394249 2663.0104312822223 11314.686358161271 8712.1143273711205 641.96814332157373 101.26834371685982 4.3374846056103697 194.24219590425491 59.725228890776634 258.91970884427428 274.61207593977451 45.059448271989822 18.486373350024223 41.349835552275181 9.6899500936269742 10.456186696887015 30.12516063451767 32.186799004673958 8.26594629883766 19.664811238646507 2091.1379951834679 105.30442029237747 20.337812796235085
leaf_count=47 8939 1082 77 2030 8377 2271 756 143 10519 33223 23171 1728 276 18 607 148 1232 885 109 47 143 37 40 82 113 29 35 5366 246 46
internal_value=0.00217967 0.00181894 0.00162084 0.00108748 -0.00563175 -0.00292372 -0.0228869 0.0218081 0.00193194 0.00034756 0.00378294 0.00706701 0.0126475 0.0138338 0.0178584 0.0115914 0.0314258 -0.000175565 0.000686779 0.0139826 0.0282904 -0.00614139 -0.0341489 -0.0153435 -0.0337023 0.00610922 0.044306 0.00748081 0.00130462 0.00307427
internal_weight=33495.9 32380.1 32062.3 29202.5 3260.38 2818.1 442.274 317.754 25942.1 13977.7 11964.4 2859.89 1115.83 1088.24 833.187 569.929 263.257 334.337 255.057 139.42 235.592 77.7328 27.5865 115.637 62.312 53.3254 38.1512 2838.41 747.273 68.0429
internal_count=101822 98011 96703 89286 13434 10648 2786 1308 75852 43742 32110 7417 3811 3724 3033 1783 1250 1033 691 358 750 226 87 333 195 138 82 7340 1974 189
is_linear=0
shrinkage=0.05


Tree=64
num_leaves=31
num_cat=0
split_feature=37 51 51 25 5 24 13 6 7 5 43 25 1 6 12 28 54 1 1 6 6 34 8 34 12 12 14 54 2 1
split_gain=70.769 89.9937 79.4212 67.0983 51.6525 47.7685 47.4577 83.1658 63.4199 45.2313 43.2054 40.9728 39.4171 38.121 73.7358 34.5189 30.4377 30.3136 30.1307 29.76 37.692 37.2506 25.5929 24.958 29.4266 24.7954 24.5196 20.6461 36.3243 19.8274
threshold=-0.18264999985694882 0.023485000245273117 -0.020744999870657917 1.072149991989136 9.5954566001892108 0.10581500083208085 0.15997000038623813 0.0063577408436685809 90.79480361938478 -4.372591257095336 2.5000000000000004 0.99695000052452099 1.0459167361259463 -0.00086411923984996964 -0.12922499328851697 0.011725000105798246 1.0379499793052676 0.27197493612766271 -0.39960378408432001 1.0000000180025095e-35 0.19929835200309756 10.500000000000002 -0.065658360719680772 132.50000000000003 -0.3803849965333938 -0.011824999935925005 0.82615000009536754 0.92374998331069957 0.37551996111869818 0.078680932521820082
decision_type=2 2 2 2 2 2 2 2 2 2 2 2 2 2 2 2 2 2 2 2 2 2 2 2 2 2 2 2 2 2
left_child=1 2 5 11 9 -1 7 10 19 -5 13 15 18 14 -2 -4 -13 -6 -9 23 21 -21 -3 -8 -25 -15 -20 28 -12 -29
right_child=6 22 3 4 17 -7 8 12 -10 -11 27 16 -14 25 -16 -17 -18 -19 26 20 -22 -23 -24 24 -26 -27 -28 29 -30 -31
leaf_value=0.045161169621099 0.00083751462685455321 -0.093685809082591387 0.00076135272132277806 0.0061469896493361285 0.0306484352934157 -0.037286632792078021 0.0076094738917768835 0.060418818946300759 -0.045342367767819559 -0.014047147539866446 0.0060685533536709293 0.026930850025026761 0.14245291747102137 0.0059788970429518612 -0.019222635215877464 0.016029554391559005 0.0062615747726402554 -0.010430150280158479 -0.034438533348905127 -0.0069756485529855073 0.0054531751038005083 0.0010750465729729719 0.049227237752066895 0.0084730930402650683 -0.0028020859255034614 0.050602730817446887 -0.014039614877684528 -0.012015988374974838 -0.027174495736102772 -0.036364581528778826
leaf_weight=182.93602123856544 3946.7807273939252 3.2011605054140082 1128.1083359792829 416.65611027926207 157.80824841558933 19.434423536062241 4362.3480878323317 12.180638715624807 69.112360030412674 828.96781369298697 333.19390425086021 504.89539976418018 3.8623812943696967 2096.0612460374832 518.23979785293341 550.99560660123825 275.19914127886295 62.775655344128609 192.15381787344813 1742.101893864572 3920.9156400561333 8199.713330693543 146.4346764460206 914.22318886220455 1576.618689596653 31.599216476082802 631.2603199519217 432.35587801784277 109.0750208646059 103.65529926121235
leaf_count=1121 11102 19 3780 1208 392 61 11408 28 504 2984 1173 1648 12 6110 2927 1481 918 196 1146 5266 10288 23242 886 2374 4383 95 4338 1499 599 634
internal_value=0.00207224 0.00807861 0.00669776 0.00512301 -0.00334307 0.0372434 0.00119225 -0.00197683 0.00247458 -0.00729229 -0.000321218 0.0101706 -0.0169085 0.00113379 -0.0014908 0.00577159 0.0196392 0.0189579 -0.0176452 0.0026341 0.00130164 -0.000335675 0.0461699 0.00532944 0.00133629 0.00664163 -0.0188 -0.0101266 -0.00213005 -0.0167246
internal_weight=33472.9 4277.41 4127.78 3925.41 1466.21 202.37 29195.5 8410.42 20785 1245.62 7570.96 2459.2 839.457 6592.68 4465.02 1679.1 780.095 220.584 835.595 20715.9 13862.7 9941.82 149.636 6853.19 2490.84 2127.66 823.414 978.28 442.269 536.011
internal_count=101822 14694 13789 12607 4780 1182 87128 29663 57465 4192 24139 7827 5524 20234 14029 5261 2566 588 5512 56961 38796 28508 905 18165 6757 6205 5484 3905 1772 2133
is_linear=0
shrinkage=0.05


Tree=65
num_leaves=31
num_cat=0
split_feature=37 51 51 25 53 7 16 7 31 45 35 53 28 15 43 40 35 31 24 8 55 8 27 29 43 35 21 37 31 8
split_gain=74.0863 93.5068 78.4309 72.7771 49.9236 46.3288 48.067 40.5383 44.6855 39.6132 37.2389 85.5146 37.163 56.9189 55.2578 36.9642 40.1982 35.4564 33.3779 40.5569 34.3988 32.7377 59.5663 32.388 30.5361 29.4076 29.2338 28.6709 36.829 22.5709
threshold=-0.18264999985694882 0.022055000066757206 -0.020744999870657917 1.0475500226020815 0.37935000658035284 26.734554290771488 0.95634999871253978 79.088512420654311 0.035144999623298652 0.95335000753402721 1.0000000180025095e-35 0.4236499965190888 0.0079049998894333857 0.97675001621246349 3.5000000000000004 1.5000000000000002 10.500000000000002 0.043205000460147865 -0.12762499600648877 -0.011862456798553465 0.086549997329711928 0.00095951557159423839 -0.0048749998677521935 -0.0067849999759346238 6.5000000000000009 2.5000000000000004 22.664999961853031 -0.1092500016093254 0.037645000964403159 -0.068863689899444566
decision_type=2 2 2 2 2 2 2 2 2 2 2 2 2 2 2 2 2 2 2 2 2 2 2 2 2 2 2 2 2 2
left_child=1 2 4 12 -1 6 -2 10 21 -5 11 -7 13 -4 -14 23 -17 -11 19 -8 -21 22 -9 -12 25 -20 -13 28 -10 -3
right_child=5 29 3 9 -6 7 18 8 27 17 15 26 14 -15 -16 16 -18 -19 24 20 -22 -23 -24 -25 -26 -27 -28 -29 -30 -31
leaf_value=-0.038397604465675361 -0.00013821855530294001 -0.079275399256973425 0.035168807274953771 0.027760964806085225 0.044928705827779719 -0.025455428205343911 -0.08837084533927253 -0.023342650796176517 0.14188610848161995 -0.0089822461864042073 0.0064400572358937289 0.0012156228683744994 0.010554028633834584 -0.0034338250238360709 0.036178336006809052 0.0032947551850841181 -0.0029442802738068336 0.015479456372594022 0.001288211505755343 0.052958524538908036 -0.0849062698787377 -0.04492075114658043 0.058456305400391789 0.0017385293498288401 0.01754969807714557 -0.036162261562219307 0.05018649389237434 -0.004219691712161174 0.016980362274341989 0.044238161584092162
leaf_weight=19.948660969734192 624.8743199929595 3.7722213864326468 109.90128271281719 92.378629922866821 181.73491892963648 411.04382263123989 7.7027164101600638 150.76233394816518 7.2405275031924239 1232.8605914786458 5871.3157404214144 628.94189352542162 1303.5845096930861 728.27124188095331 250.88335961103439 4456.3131429478526 6137.4063946604729 168.3666787520051 62.627269245684147 37.450522437691689 5.1463056206703177 122.18717953935266 26.110385976731777 9739.504134580493 36.919551827013493 321.56947080045938 32.027279660105705 544.31654462218285 31.91243701428175 189.98840764164925
leaf_count=63 1760 16 256 222 1151 1354 33 1275 24 4195 15439 1837 3834 2773 725 12828 18293 445 331 120 23 1077 230 28460 273 2024 74 1856 129 1071
internal_value=0.00175136 0.00789423 0.00628557 0.00470784 0.0366868 0.000852316 -0.00923183 0.00124491 -0.00930195 -0.00395226 0.00158615 -0.00754786 0.0101139 0.00162776 0.0146897 0.00195982 -0.000319792 -0.00604301 -0.0212857 0.0172104 0.0363025 -0.0250171 -0.0112673 0.0035068 -0.0258838 -0.0300575 0.00358851 -0.00124708 0.0400791 0.0418335
internal_weight=33537.1 4281.69 4087.93 3886.25 201.684 29255.4 1096.29 28159.1 882.529 1493.61 27276.6 1072.01 2392.64 838.173 1554.47 26204.5 10593.7 1401.23 471.416 50.2995 42.5968 299.06 176.873 15610.8 421.116 384.197 660.969 583.47 39.153 193.761
internal_count=102191 14751 13664 12450 1214 87440 4564 82876 4591 4862 78285 3265 7588 3029 4559 75020 31121 4640 2804 176 143 2582 1505 43899 2628 2355 1911 2009 153 1087
is_linear=0
shrinkage=0.05


Tree=66
num_leaves=31
num_cat=0
split_feature=37 51 51 25 53 13 12 16 1 12 24 54 1 31 21 35 12 21 37 29 39 7 28 40 15 1 2 31 44 35
split_gain=67.2992 88.4303 74.0606 65.7636 46.7497 44.4665 66.568 71.0984 66.8438 52.2476 46.0889 43.6924 38.1516 56.3746 34.875 33.8652 33.5703 32.9406 32.8511 32.6506 31.4479 31.2733 30.5953 30.2643 29.7317 29.2114 36.83 26.0395 26.5571 25.5323
threshold=-0.18264999985694882 0.022055000066757206 -0.020744999870657917 1.0475500226020815 0.37935000658035284 0.13353000581264499 -0.13642499595880506 0.9824500083923341 1.0459167361259463 -0.02656499948352575 -0.015874999575316903 0.95855000615119945 -0.03425298631191253 0.036745000630617149 13.510000228881838 24.500000000000004 -0.030044999904930588 12.139999866485597 -0.15525000542402265 -0.023164999671280381 0.0077499998733401307 92.920578002929702 0.0075250000227242717 1.5000000000000002 0.97425001859664928 0.40039001405239111 0.81425747275352489 -0.12847000360488889 -0.50055000185966481 1.0000000180025095e-35
decision_type=2 2 2 2 2 2 2 2 2 2 2 2 2 2 2 2 2 2 2 2 2 2 2 2 2 2 2 2 2 2
left_child=1 2 4 14 -1 6 15 9 20 17 -11 -10 16 -14 24 18 -5 -8 19 -2 -9 23 -16 27 -4 26 -25 -7 -29 -20
right_child=5 -3 3 12 -6 21 7 8 11 10 -12 -13 13 -15 22 -17 -18 -19 29 -21 -22 -23 -24 25 -26 -27 -28 28 -30 -31
leaf_value=-0.036289146723444014 0.024019160978813639 0.041106065436033096 0.036758239138590276 0.0093563704147598733 0.044310210337529604 0.016215652579765188 -0.046196328022130514 -0.05277749874325597 0.17223041752882998 0.14222596004609164 0.020069735299398258 -0.035252443787720675 -0.012430625137442294 0.017025642330268684 0.0027041513492825778 -0.010806353778091846 0.10422909614334702 0.0020080813425614741 -0.015219473260479899 -0.068321069492035036 -0.016574167710274309 -0.028172180752329919 0.017174642868237857 0.00017581063243372647 -0.0042747227789735115 0.004725875055032692 -0.0085746663151060627 -0.011525756593679224 0.0035890901968505307 0.0031890311833855725
leaf_weight=20.049597501754761 13.722587138414381 187.51082880049944 48.062669470906258 280.76879420131445 175.22390565276146 398.04560223221779 37.514624573290348 63.064321305602789 7.6196672990918142 11.898589953780172 21.995480008423328 3.8041398972272873 1008.4753561168909 193.61545567959547 509.52087929844856 592.10251326858997 9.644519090652464 640.95387711375952 197.22224994003773 31.658101186156273 1228.0299348831177 86.075036644935608 1290.3458258211613 5621.610430508852 541.76090958714485 2353.6378092169762 1529.6874661818147 297.87843000888824 11913.59658639133 4192.7973454371095
leaf_count=63 32 1087 109 761 1151 966 219 481 30 40 119 19 3573 512 1784 1773 16 2410 598 121 7865 642 3730 16124 1965 6388 4462 846 32730 11575
internal_value=0.00166524 0.00753274 0.00598881 0.0044775 0.0360347 0.000809487 -0.00265228 -0.0103311 -0.0172771 0.00236927 0.062953 0.103138 -0.003757 -0.00768623 0.00962044 0.000425174 0.0125071 -0.00065729 0.00192452 -0.0403985 -0.0183425 0.00190762 0.0130782 0.0020247 -0.00093109 -0.000105758 -0.00169595 0.00363061 0.00322039 0.00236203
internal_weight=33507.9 4264.98 4077.47 3882.19 195.274 29242.9 7042.38 2014.88 1302.52 712.363 33.8941 11.4238 1492.5 1202.09 2389.69 5027.5 290.413 678.469 4435.4 45.3807 1291.09 22200.5 1799.87 22114.5 589.824 9504.94 7151.3 12609.5 12211.5 4390.02
internal_count=102191 14751 13664 12450 1214 87440 25282 11183 8395 2788 159 49 4862 4085 7588 14099 777 2629 12326 153 8346 62158 5514 61516 2074 26974 20586 34542 33576 12173
is_linear=0
shrinkage=0.05


Tree=67
num_leaves=31
num_cat=0
split_feature=37 2 23 9 21 9 21 53 21 31 15 13 30 35 21 28 37 23 21 27 21 35 35 21 21 25 37 53 54 22
split_gain=62.4135 36.1729 33.6676 33.2922 61.6139 41.603 75.1996 95.0488 78.3315 38.6748 36.0289 46.9356 36.8279 35.2213 33.1949 40.8041 35.444 30.261 54.1771 72.2849 69.6039 42.4748 59.0445 49.8561 30.1643 28.4628 20.7754 27.5578 23.9076 19.6704
threshold=-0.64184999465942372 0.53456813097000133 -55.534999847412102 2.5000000000000004 21.980000495910648 1.5000000000000002 14.454999923706056 0.43655000627040869 14.989999771118166 -0.0037149999989196654 0.98074999451637279 0.22412500530481341 0.021525000222027305 3.5000000000000004 10.984999656677248 0.010024999734014274 0.19424999505281451 42.085000991821296 15.795000076293947 -0.0085950000211596472 16.564999580383304 23.500000000000004 8.5000000000000018 11.090000152587892 12.275000095367433 0.63815000653266918 -0.23384999483823773 0.14985000342130664 1.0522499680519106 2.0519499778747563
decision_type=2 2 2 2 2 2 2 2 2 2 2 2 2 2 2 2 2 2 2 2 2 2 2 2 2 2 2 2 2 2
left_child=1 2 -1 5 10 17 14 8 -8 -9 13 12 -12 29 16 -16 -7 18 19 -2 -20 22 -19 -23 -15 -13 -6 -28 -29 -5
right_child=3 -3 -4 4 26 6 7 9 -10 -11 11 25 -14 24 15 -17 -18 21 20 -21 -22 23 -24 -25 -26 -27 27 28 -30 -31
leaf_value=-0.046339122610645732 0.0041259844288273851 0.02741156777880295 0.0095762435549234873 -0.028593512464683897 0.054949145048130636 -0.0071102744332781744 0.053500098101019494 -0.0069231410338725582 0.015284063842704582 0.0080549255119881195 -0.010100817742906557 0.0047549506564306286 0.0011262184625468916 -0.01286670720068606 -0.008022368902265575 0.0036748687138761955 0.03277074286117531 0.010615327232570571 -0.023621833897189089 -0.01368227211647729 -0.0030165512758153958 -0.043258331831024142 -0.0025415896844402002 0.015161453361921155 0.006333571931641949 -0.0028640739798029557 0.046719514822754077 0.016528085938191103 -0.027932133775288987 -0.0021775457620091011
leaf_weight=28.617443069815636 4684.9052583128214 347.82704593613744 454.10174803435802 123.00827385485172 41.692286394536495 88.42643441259861 144.9518555700779 706.9046526402235 1788.812663808465 1104.1466183513403 2809.8310941010714 2029.227200396359 987.03349271416664 221.42396608740091 1303.985736656934 1740.9167924597859 150.59037432819605 1239.8416777029634 494.34458418190479 648.73559476062655 2397.5916643477976 37.927610583603382 2731.1131370775402 984.50086285173893 2685.6445052400231 3096.0103206112981 57.852644771337509 142.02222739905119 38.415287904441357 165.00535578280687
leaf_count=103 13207 1625 1547 384 92 290 314 2147 4824 3358 11406 5520 3007 662 4533 4922 376 3576 1611 2791 7194 139 8668 2831 7186 8748 120 404 131 475
internal_value=0.00158351 0.0151189 0.00626137 0.00123914 -0.000801472 0.00248856 0.00559672 0.0104398 0.0181487 0.00220856 -0.00133728 -0.00296884 -0.00718224 0.00321875 7.39386e-05 -0.0013345 0.0180164 0.000835892 -0.00102803 0.00195995 -0.0065388 0.00390632 0.00156636 0.0129943 0.00487114 0.000152514 0.0223876 0.0166905 0.00706247 -0.0134596
internal_weight=33475.4 830.546 482.719 32644.9 12397.2 20247.7 7028.74 3744.82 1933.76 1811.05 12117.2 8922.1 3796.86 3195.08 3283.92 3044.9 239.017 13219 8225.58 5333.64 2891.94 4993.38 3970.95 1022.43 2907.07 5125.24 279.982 238.29 180.438 288.014
internal_count=102191 3275 1650 98916 38135 60781 20764 10643 5138 5505 37388 28681 14413 8707 10121 9455 666 40017 24803 15998 8805 15214 12244 2970 7848 14268 747 655 535 859
is_linear=0
shrinkage=0.05


Tree=68
num_leaves=31
num_cat=0
split_feature=37 51 51 25 36 23 7 12 35 23 23 2 34 15 21 43 21 3 45 35 23 40 15 0 3 21 1 13 37 1
split_gain=60.1124 82.5665 68.8927 60.5931 45.2756 43.4533 40.1469 67.0153 41.8972 45.0584 34.4508 34.9045 55.9419 31.8668 41.8161 31.191 31.0541 35.3289 28.8747 28.0649 69.7923 27.1666 26.8875 26.6648 25.5101 28.7229 24.517 22.9146 22.0355 22.0266
threshold=-0.18264999985694882 0.022055000066757206 -0.020744999870657917 1.0475500226020815 0.72235000133514415 -27.814999580383297 26.734554290771488 -0.10911499708890914 2.5000000000000004 -23.704999923706051 -89.854999542236314 0.08316864445805551 245.50000000000003 0.93954998254776012 11.795000076293947 6.5000000000000009 13.510000228881838 0.96068406105041515 1.0856500267982485 1.0000000180025095e-35 -36.085000991821282 1.5000000000000002 0.97425001859664928 0.72962653636932384 0.83261591196060192 12.429999828338625 0.38981105387210851 0.15029499679803851 0.39155000448226934 -0.12896960973739621
decision_type=2 2 2 2 2 2 2 2 2 2 2 2 2 2 2 2 2 2 2 2 2 2 2 2 2 2 2 2 2 2
left_child=1 2 5 16 18 -1 7 24 9 -9 11 12 -8 14 -12 -10 22 -18 -5 20 -15 -21 -4 -6 -2 -26 -16 -17 -11 -3
right_child=6 29 3 4 23 -7 10 8 15 28 13 -13 -14 19 26 27 17 -19 -20 21 -22 -23 -24 -25 25 -27 -28 -29 -30 -31
leaf_value=-0.026294066405419869 0.0085743917830321086 -0.07079533359970458 0.035162370971263179 0.02717767998746053 -0.010791138264652632 0.044621307478242556 -0.017839530641749066 0.19746877739444352 -0.043138107542848421 -0.015064869279022923 -0.032752202567373219 -0.044780535434599228 0.25324110242218373 -0.023663291145866558 0.0071326628703156109 -0.0017852758782607751 0.0062620192947168574 0.020423156796778558 0.00033993566402511048 0.002478421473187796 0.0028213411417912907 -0.00081996681825484614 -0.0040363006722759828 -0.052554233246040111 -0.060113230789114708 -0.0061043276676845297 0.024412882315160787 0.15576783191771285 0.079733716745920127 0.042963337241813823
leaf_weight=24.911057814955711 365.85823847353458 4.3608317002654067 47.600152023136616 117.1338706612587 635.95103277266026 162.58981790021062 6.8308960422873479 3.1619885116815558 224.22097333520651 34.56175022572279 56.038012996315956 67.94391417875886 2.6382293999195099 399.44565996527672 803.58147709071636 26.527614578604702 1020.1363149508834 775.0361665636301 694.17375107109547 15326.889282353222 659.34192984551191 10532.699087422341 540.42871259152889 40.664098158478737 26.244471788406372 397.00501491129398 275.67971873283386 2.5276975929737082 7.4516185373067847 175.63346944749355
leaf_count=75 1021 20 109 286 2357 1139 67 11 1693 232 178 649 13 1333 2055 222 3194 2320 2070 44250 1990 31703 1965 149 104 1236 638 12 33 1067
internal_value=0.00150526 0.00706974 0.00560014 0.00416646 -0.0037504 0.0351996 0.000698043 -0.00872807 -0.02891 0.015448 0.00106246 -0.0322467 0.0576873 0.00115438 0.00936004 -0.0368218 0.00910926 0.0123759 0.00421468 0.000808298 -0.00717044 0.00113498 -0.000863221 -0.0133011 -0.001095 -0.00945326 0.0115466 0.0119212 0.0017489 0.0402072
internal_weight=33457.3 4238.62 4058.62 3871.12 1487.92 187.501 29218.6 1087.56 298.452 45.1754 28131.1 77.413 9.46913 28053.7 1135.3 253.276 2383.2 1795.17 811.308 26918.4 1058.79 25859.6 588.029 676.615 789.108 423.249 1079.26 29.0553 42.0134 179.994
internal_count=102191 14751 13664 12450 4862 1214 87440 4564 2203 276 82876 729 80 82147 2871 1927 7588 5514 2356 79276 3323 75953 2074 2506 2361 1340 2693 234 265 1087
is_linear=0
shrinkage=0.05


Tree=69
num_leaves=31
num_cat=0
split_feature=51 37 7 40 22 51 37 31 21 13 6 37 43 16 31 24 29 3 14 13 55 53 43 51 12 51 9 44 33 17
split_gain=56.4215 42.1985 36.5035 38.0698 47.2095 31.2158 43.8374 30.8624 29.4601 27.4184 83.9912 37.5198 25.027 48.01 38.5869 24.5647 20.938 20.4613 17.6372 16.6693 15.7689 20.1908 18.9928 13.4757 16.3581 12.587 11.8923 11.2722 10.7249 19.2717
threshold=-0.014994999859482048 -0.87235000729560841 85.536067962646499 2.5000000000000004 3.9988499879837041 0.025504999794065956 -0.29665000736713404 0.053525000810623176 18.929999351501468 0.078704997897148146 0.0070005517918616542 0.033150000497698791 2.5000000000000004 0.99575001001358043 0.031214999966323379 -0.39012999832630152 -1.0000000180025095e-35 1.4771452546119692 2.060500025749207 1.3624100089073183 0.072650000452995314 0.15914999693632129 2.5000000000000004 -0.0093249999918043596 -0.015955000184476372 -0.020744999870657917 1.5000000000000002 0.49795000255107885 -0.10355000197887419 1.0234499573707583
decision_type=2 2 2 2 2 2 2 2 2 2 2 2 2 2 2 2 2 2 2 2 2 2 2 2 2 2 2 2 2 2
left_child=15 23 5 12 7 9 -7 -5 -8 10 -3 -11 14 -14 -4 16 -1 18 20 28 22 -22 -17 24 -2 -18 -6 -25 29 -19
right_child=1 2 3 4 26 6 8 -9 -10 11 -12 -13 13 -15 -16 17 25 19 -20 -21 21 -23 -24 27 -26 -27 -28 -29 -30 -31
leaf_value=0.016468911627014814 -0.08176310901964827 -0.001147705555276934 -0.034316970101631067 -0.038316382605884602 0.11413811533736627 0.051552697762896948 0.014435594394650659 0.056658085005093298 -0.037348051067262293 0.0052318662274580567 -0.035312572339892163 0.00063538950104983659 0.074071089005083107 -0.0084719468360330182 -0.0029733951298161316 0.010953291251185491 -0.01683979954332851 -0.0037270843928402008 -0.071991922520371218 -0.053000353207375554 0.042531766421542161 -0.0086019065412060343 0.034124788116406742 0.026173939788690922 0.029927310247069985 -0.11090617537942526 0.03857233840109011 -0.034934092993703328 0.042901062688461104 0.039855105495802109
leaf_weight=11.15441730618477 6.7926626652479172 4686.3160888813436 242.46367765963078 25.636171773076057 13.580985799431803 71.638441413640976 169.17415934801102 12.836850091814993 32.788845419883728 5656.0711016058922 187.0742616802454 20643.734603509307 19.955204084515572 150.28915499523282 165.02596670389175 580.71960797905922 5.844132348895072 47.709960352629423 6.4430883377790442 6.1407786756753913 22.04574815928936 155.31263352930546 104.32066660374403 230.50819477438927 6.3361760824918729 9.0840007513761503 8.4437433555722219 7.8020799010992041 93.406641453504562 54.159806758165359
leaf_count=28 27 16122 1819 166 33 551 450 46 109 16557 1209 58584 98 1039 692 2025 17 214 23 21 46 537 328 741 20 38 34 27 314 276
internal_value=0.00143102 0.00105281 0.000892912 -0.0109453 0.0267916 0.00113317 0.0179483 -0.00662735 0.00602848 0.000985591 -0.00245919 0.00162391 -0.0148969 0.00120334 -0.0216234 0.0125863 -0.0353564 0.0137546 0.010426 0.0281133 0.0110417 -0.00224596 0.0144819 0.0214564 -0.0278596 -0.0740806 0.085168 0.0241733 0.0306641 0.0194437
internal_weight=33432.8 32336.5 32085 638.232 60.4978 31446.8 273.601 38.473 201.963 31173.2 4873.39 26299.8 577.734 170.244 407.49 1096.34 26.0826 1070.26 868.842 201.417 862.399 177.358 685.04 251.439 13.1288 14.9281 22.0247 238.31 195.276 101.87
internal_count=102191 98324 97509 3927 279 93582 1110 212 559 92472 17331 75141 3648 1137 2511 3867 83 3784 2959 825 2936 583 2353 815 47 55 67 768 804 490
is_linear=0
shrinkage=0.05


Tree=70
num_leaves=31
num_cat=0
split_feature=37 28 25 37 31 30 7 43 0 0 30 21 34 13 13 15 16 49 24 7 12 36 35 35 37 27 21 27 13 39
split_gain=63.3483 52.1108 59.2241 41.7614 37.4156 36.8904 36.6473 34.066 46.2068 39.1438 32.4838 31.9895 31.9639 31.0048 45.1404 29.9176 28.1342 27.6961 27.6825 45.6983 44.4706 35.3928 29.0132 32.5926 29.8462 27.4337 26.836 26.4962 25.3231 26.83
threshold=-0.083049997687339769 0.023984999395906929 1.3353499770164492 -0.70875000953674305 -0.016764999367296692 0.042404999956488616 79.088512420654311 3.5000000000000004 0.23752190172672275 0.36931647360324865 -0.065944999456405626 12.234999656677248 249.50000000000003 0.80744999647140514 0.021304999478161338 0.99994999170303356 0.98725000023841869 0.19040000438690188 0.40008500218391424 26.013624191284183 -0.18177999556064603 0.53575000166893016 22.500000000000004 1.5000000000000002 0.62415000796318065 -0.016675000078976151 14.500000000000002 -0.0062450000550597897 0.13014500588178637 0.03655000030994416
decision_type=2 2 2 2 2 2 2 2 2 2 2 2 2 2 2 2 2 2 2 2 2 2 2 2 2 2 2 2 2 2
left_child=1 2 7 27 17 -6 18 11 12 -10 -3 25 -9 14 -8 -16 -13 -5 19 20 -2 -22 23 -20 -24 -1 -25 -4 -12 -30
right_child=6 10 3 4 5 -7 13 8 9 -11 28 16 -14 -15 15 -17 -18 -19 22 -21 21 -23 24 26 -26 -27 -28 -29 29 -31
leaf_value=0.023841886547059904 -8.475738021845812e-05 -0.013055120931333592 0.015538903636334518 -0.01606690212587689 -0.020094047028619031 0.018826857519001192 0.18258307412911307 0.011791378419261565 0.052959152358284939 0.010989046970905787 0.055289665112643563 0.01360350310912088 -0.045568903378860923 0.0090623536061173651 -0.04113719536578013 -0.011552619642457851 0.0038913792043463302 0.016749003270188179 -0.01462420331527693 0.00055936900254887527 -0.055778321734846308 -0.016794292734386453 -0.0041046319635510455 0.022799085392449601 -0.099344795813729431 -0.011988678681872544 0.0070888405152678751 -0.049722614353710705 -0.021517772090158458 0.029475184203595378
leaf_weight=62.429360546171665 363.10076434910297 48.080161444842815 276.01247499138117 98.03394141793251 603.78681889548898 67.709236219525337 2.8571567609906188 319.40016391128302 139.76614202558994 92.205232553184032 79.906950563192368 1223.6509253308177 26.285948179662228 160.08707638084888 103.15416564419866 498.03791365772486 1908.9327015280724 186.83545514941216 119.33296184241772 24548.722155854106 74.047869309782982 272.39822073280811 305.65411542356014 427.15196785330772 8.4535052776336652 370.24706400930882 747.53250654041767 16.481520980596542 30.034376010298729 182.76008081436157
leaf_count=179 1025 146 1105 348 2367 174 19 1321 418 313 359 3758 133 423 743 2794 6632 521 349 70689 332 1929 837 1024 34 1436 1920 67 93 632
internal_value=0.00128807 0.00607134 0.00487285 -0.00467157 -0.00972804 -0.0161695 0.000295673 0.00774997 0.0190138 0.0362766 0.0250335 0.00592495 0.00742971 -0.0105016 -0.0156865 -0.0166288 0.00768513 0.00545585 0.000602771 0.000197797 -0.0123118 -0.0251266 0.00696355 0.0102724 -0.00666781 -0.00681881 0.0128016 0.0118615 0.0312901 0.0222779
internal_weight=33363.1 5732.56 5391.78 1248.86 956.365 671.496 27630.5 4142.92 577.657 231.971 340.782 3565.26 345.686 764.136 604.049 601.192 3132.58 284.869 26866.4 25258.3 709.547 346.446 1608.13 1294.02 314.108 432.676 1174.68 292.494 292.701 212.794
internal_count=102120 20002 18772 4582 3410 2541 82118 14190 2185 731 1230 12005 1454 3979 3556 3537 10390 869 78139 73975 3286 2261 4164 3293 871 1615 2944 1172 1084 725
is_linear=0
shrinkage=0.05


Tree=71
num_leaves=31
num_cat=0
split_feature=37 51 51 25 36 49 51 27 23 7 13 30 34 21 23 39 37 24 7 16 43 35 35 37 34 37 21 21 45 55
split_gain=57.3046 68.4767 65.523 58.5378 44.0525 36.1053 67.2138 45.1327 33.7611 33.2726 37.6696 39.9449 38.0529 53.6452 29.6538 36.4823 27.6069 25.0042 41.4811 39.8949 32.2757 26.2089 29.4387 27.0499 25.1014 26.3069 26.0954 24.2782 24.172 21.7673
threshold=-0.083049997687339769 0.023485000245273117 -0.020744999870657917 1.3353499770164492 0.99235001206398021 0.25049999356269842 0.013975000008940698 -0.0088349999859929067 -33.414999008178704 79.088512420654311 0.01977500040084124 0.0033350000157952313 245.50000000000003 13.484999656677248 -89.854999542236314 0.073950000107288374 -0.53415000438690174 0.40008500218391424 26.013624191284183 0.97354999184608471 6.5000000000000009 22.500000000000004 1.5000000000000002 0.62415000796318065 176.50000000000003 0.52134999632835399 19.72500038146973 14.500000000000002 1.2342500090599062 -0.18685000389814374
decision_type=2 2 2 2 2 2 2 2 2 2 2 2 2 2 2 2 2 2 2 2 2 2 2 2 2 2 2 2 2 2
left_child=1 2 8 5 28 7 -7 -4 -1 17 -11 12 -12 -14 -13 -16 -6 18 19 -2 -21 22 -19 29 25 -20 -26 -24 -5 -23
right_child=9 -3 3 4 16 6 -8 -9 -10 10 11 14 13 -15 15 -17 -18 21 24 20 -22 23 27 -25 26 -27 -28 -29 -30 -31
leaf_value=-0.015509929432259617 -0.0030245980900151085 0.041015355413060221 -0.013732126442033563 0.020871471775827637 -0.0054665695475238675 0.0066723498432866863 0.032546493281799767 0.020284272111286396 0.043780215292507092 0.16489685646928021 -0.057388350565135242 -0.049058565496848276 0.19660269233026026 -0.039258679583560011 0.013761293762394464 -0.012159961883469114 -0.031168664437572553 -0.013891819246435634 0.0021228829274399993 -0.034118457036301869 0.024783718893893591 0.019384193139315359 0.021690529186408621 -0.094727008000325463 -0.0016751142314532772 -0.0030215761775628349 -0.016543203384881463 0.0067391258533819167 -0.0024811411673174044 -0.01154355589385654
leaf_weight=28.477943077683449 458.10808125138283 134.62713153660297 397.66159549355507 130.60468912869692 202.6479454189539 3328.8653405159712 271.46402058005333 129.190320558846 153.03428157791495 3.0650504976510993 69.931079871952534 39.084352906793356 3.7408777847886068 6.7802654430270195 195.9910876378417 441.55833011120558 215.66440038383007 119.34273479878902 16530.307842604816 221.58191537857056 25.984220374375582 75.572570502758026 426.54902115464211 8.4229428917169553 4779.415756650269 2924.6895912662148 314.53808335959911 747.02148778736591 731.1514435261488 230.15211388468742
leaf_count=82 1491 919 1348 325 655 11127 721 425 1121 17 778 368 19 65 753 1979 1054 349 46828 1592 203 184 1024 34 14204 8624 1033 1920 2225 653
internal_value=0.00122424 0.00577776 0.00492893 0.00393701 -0.00540435 0.00683429 0.00862325 -0.0053909 0.034478 0.000280723 -0.0100351 -0.0107433 -0.0440503 0.0446037 -0.00678308 -0.00419143 -0.0187175 0.000572648 0.000187829 -0.0117641 -0.0279362 0.00661998 0.00976744 -0.00633378 0.000531395 0.00134951 -0.00259318 0.0121734 0.0010581 -0.00389848
internal_weight=33345.2 5723.39 5588.76 5407.25 1280.07 4127.18 3600.33 526.852 181.512 27621.8 760.151 757.086 80.4522 10.5211 676.634 637.549 418.312 26861.7 25254.6 705.674 247.566 1607.06 1292.91 314.148 24549 19455 5093.95 1173.57 861.756 305.725
internal_count=102120 20002 19083 17880 4259 13621 11848 1773 1203 82118 3979 3962 862 84 3100 2732 1709 78139 73975 3286 1795 4164 3293 871 70689 55452 15237 2944 2550 837
is_linear=0
shrinkage=0.05


Tree=72
num_leaves=31
num_cat=0
split_feature=51 51 37 28 29 44 28 49 37 7 1 55 9 12 13 37 28 54 6 13 23 28 5 45 13 23 34 37 36 33
split_gain=53.7501 39.4942 39.1898 52.1267 31.925 32.7597 34.5782 44.7834 29.89 29.1439 28.7557 49.957 32.0656 30.8089 45.8949 26.2442 26.1419 25.3254 24.8064 24.063 20.1613 20.5091 19.5912 19.1651 18.9451 18.9006 20.0292 18.3733 16.2364 16.0423
threshold=0.015114999841898681 -0.0194300003349781 -0.24554999917745587 0.011725000105798246 -0.038905000314116471 0.41155000030994421 0.021025000140070919 0.16705000400543216 0.64555001258850109 71.078319549560561 0.23466603457927707 1.0000000180025095e-35 1.0000000180025095e-35 -0.034324999898672097 0.11435499787330629 0.19944999366998675 0.021335000172257427 1.0705500245094302 0.019726347178220752 0.043765000998973853 45.094999313354499 0.00027499999850988393 -84.329086303710923 0.30564999580383306 0.03975499980151654 43.145000457763679 94.500000000000014 0.71415001153945934 0.055549999698996551 -0.19794999808073041
decision_type=2 2 2 2 2 2 2 2 2 2 2 2 2 2 2 2 2 2 2 2 2 2 2 2 2 2 2 2 2 2
left_child=1 9 3 10 17 6 7 -6 -8 -1 13 12 -12 19 -15 -11 23 28 -13 -2 21 -19 -18 -7 -4 -26 29 -28 -3 -27
right_child=2 4 24 -5 5 16 8 -9 -10 15 11 18 -14 14 -16 -17 22 20 -20 -21 -22 -23 -24 -25 25 26 27 -29 -30 -31
leaf_value=0.0050867059859593016 0.0058114080259603169 0.010278924595554101 -0.021403234819452062 0.040617519985581683 -0.0094375227282592223 0.017491560644108839 0.0047512776454242088 -0.0006267685596393894 -0.0078196137329774752 0.039148639379379284 -0.051978219509591563 -0.093938429552997291 0.021587376458299043 -0.10541557140110039 0.015624444921968168 -0.0024690094572684708 -0.091973683918376681 0.050380180804182273 -0.0022827659225132576 0.04113078207533697 0.031505472751318944 -0.0049585317318884062 -0.0032035139548495166 0.0055979651999936309 0.01143875485019581 -0.031470056381000401 0.018946999424559616 -0.051296068208177115 0.037278656518223756 -0.0015741734471829091
leaf_weight=339.17680489644408 79.123796716332436 1029.4387810528278 67.990454480051994 208.26706375181675 1551.1213136427104 430.81494331359863 4378.9966583698988 20541.923401594162 530.10466447472572 154.83380312845111 18.07722470164299 21.685186855494976 82.020198814570904 11.468745358288286 24.694028109312057 50.150154158473015 6.2884086817502967 17.251159876585007 11.192319065332411 123.48538498580456 44.712727576494217 568.19208951294422 535.09911315143108 1584.2414565086365 557.29660011082888 78.518948897719383 101.27238680422306 10.25174507498741 58.865463674068451 104.71796803176403
leaf_count=1102 233 2583 252 1150 4976 1092 11688 65457 1546 1015 66 97 244 51 68 175 24 36 35 319 102 1540 1472 4288 1544 246 255 37 129 298
internal_value=0.00116376 0.000727747 0.0104129 0.0205915 0.000495405 0.000110236 -0.000401937 -0.00124536 0.00339382 0.0140822 0.00937217 -0.00926222 0.0083017 0.0197499 -0.0227625 0.0289667 0.00552001 0.00712054 -0.0627366 0.0273377 -0.000856274 -0.00332787 -0.00423461 0.00814079 0.00399616 0.00602292 -0.00421666 0.01249 0.0117393 -0.0143849
internal_weight=33321.3 31821.2 1500.06 580.014 31277.1 29558.6 27002.1 22093 4909.1 544.161 371.747 132.975 100.097 238.772 36.1628 204.984 2556.44 1718.46 32.8775 202.609 630.156 585.443 541.388 2015.06 920.048 852.058 294.761 111.524 1088.3 183.237
internal_count=102120 97225 4895 2263 94933 90543 83667 70433 13234 2292 1113 442 310 671 119 1190 6876 4390 132 552 1678 1576 1496 5380 2632 2380 836 292 2712 544
is_linear=0
shrinkage=0.05


Tree=73
num_leaves=31
num_cat=0
split_feature=37 51 51 25 36 43 0 23 33 7 44 44 44 12 37 13 30 34 5 23 51 12 37 49 45 8 48 37 2 7
split_gain=49.9212 61.7267 58.6087 52.9335 40.0251 32.7361 37.979 31.8677 30.2691 30.2349 31.4995 34.247 43.8197 47.6891 33.877 30.6287 37.8775 35.7778 34.5237 27.901 27.897 35.1771 25.4063 25.1839 21.9167 19.6183 19.5024 19.7998 19.6866 18.4125
threshold=-0.083049997687339769 0.023485000245273117 -0.020744999870657917 1.3353499770164492 0.99235001206398021 3.5000000000000004 0.23752190172672275 -33.414999008178704 0.10594999790191652 79.088512420654311 0.41155000030994421 -0.019049999304115769 0.0113500002771616 -0.17983499914407727 0.040149999782443054 0.01977500040084124 0.0033350000157952313 245.50000000000003 0.036128062754869468 -89.854999542236314 -0.0022650000173598524 -0.28302499651908869 -0.53415000438690174 0.7698500156402589 1.2342500090599062 -0.065658360719680772 0.14275000244379046 0.40694999694824224 0.28817260265350347 23.212542533874515
decision_type=2 2 2 2 2 2 2 2 2 2 2 2 2 2 2 2 2 2 2 2 2 2 2 2 2 2 2 2 2 2
left_child=1 2 7 5 24 8 -7 -1 -4 10 11 20 13 -13 -14 -11 17 -17 -19 -18 21 -2 -6 -21 -5 -3 27 28 -12 -22
right_child=9 25 3 4 22 6 -8 -9 -10 15 26 12 14 -15 -16 16 19 18 -20 23 29 -23 -24 -25 -26 -27 -28 -29 -30 -31
leaf_value=-0.015044321962083768 0.018069456506991311 -0.085803864725922607 0.0022451791440319022 0.019829073829764444 -0.0052916887940048559 0.0071198369198034704 0.03332727361615568 0.042814736993458419 0.013624205239644355 0.13927892070087863 0.017962579359166383 0.0029102699042504263 0.0066067671644300056 -0.015412935208752433 -0.0017704041598674174 -0.057026851481113909 -0.048282352434620757 0.11948507593847846 -0.060292340581933328 -0.0091339051249439331 -0.010673031854680035 0.0032175454021707117 -0.030041381916893702 0.015352745331336268 -0.0024529470028772562 0.042857092021082829 0.013759567899916557 -0.0050315642762647312 0.0032356593996047214 0.00120532136626798
leaf_weight=28.505705028772354 547.55462074279785 3.035192757844924 2804.3706353604794 130.00526956468821 202.08852247148752 351.0767825320363 228.02937059849501 144.11596557870507 738.28156660497189 3.4371894374489775 296.70447272062302 523.9157001376152 1381.4869047440588 1102.0858754329383 9546.4342444166541 66.89233385771513 37.733747512102127 6.105109326541422 4.746778029948473 503.94068441912532 337.74901377037168 1466.4569780528545 212.96142326295376 132.64115401357412 730.24869029223919 124.29204957187176 604.61155845224857 503.1816436201334 964.9282952696085 9576.086401835084
leaf_count=82 1337 19 9461 325 655 1462 700 1121 1998 17 746 1422 3950 5082 27556 778 368 38 46 2165 1374 4229 1054 567 2225 900 1559 1463 2565 26856
internal_value=0.0011066 0.00536797 0.00458106 0.00366377 -0.0052383 0.00641814 0.0174393 0.0332602 0.00461655 0.000227207 0.000504763 -2.80072e-05 -0.00185086 -0.009509 -0.000711378 -0.00963746 -0.0103181 -0.0433651 0.0408477 -0.00650795 0.00189052 0.00725537 -0.0179907 -0.00403175 0.000914408 0.0397901 0.00600954 0.00335444 0.00669906 0.000800644
internal_weight=33303.7 5697.01 5569.68 5397.06 1275.3 4121.76 579.106 172.622 3542.65 27606.7 26851.2 24481.8 12553.9 1626 10927.9 755.497 752.06 77.7442 10.8519 674.316 11927.8 2014.01 415.05 636.582 860.254 127.327 2369.43 1764.81 1261.63 9913.84
internal_count=102120 20002 19083 17880 4259 13621 2162 1203 11459 82118 78139 71806 38010 6504 31506 3979 3962 862 84 3100 33796 5566 1709 2732 2550 919 6333 4774 3311 28230
is_linear=0
shrinkage=0.05


Tree=74
num_leaves=31
num_cat=0
split_feature=37 28 25 1 37 30 31 25 12 34 27 35 23 21 35 2 34 44 6 12 2 16 27 35 53 12 6 23 37 8
split_gain=45.202 44.7279 44.528 39.2432 34.6675 29.423 29.2863 28.4332 31.0596 36.4939 28.2681 28.2871 56.5598 31.8577 29.775 40.6754 42.6727 38.4956 42.7924 36.9473 28.1785 25.9894 24.6624 24.4829 24.1789 34.5292 23.1734 20.9535 19.7634 19.5809
threshold=-0.083049997687339769 0.023984999395906929 1.3353499770164492 0.31389519572258001 -0.53415000438690174 -0.065944999456405626 -0.016764999367296692 0.8866499960422517 -0.083664998412132249 98.500000000000014 -0.035395000129938119 1.0000000180025095e-35 -31.935000419616696 19.485000610351566 10.500000000000002 0.12649412453174594 191.50000000000003 0.41155000030994421 0.24362776428461078 -0.057585000991821282 0.32966634631156927 1.0417500138282778 -0.0062450000550597897 7.5000000000000009 0.096650000661611571 -0.10528500005602835 0.056025184690952308 -65.895000457763658 0.19684999436140063 -0.018991529941558834
decision_type=2 2 2 2 2 2 2 2 2 2 2 2 2 2 2 2 2 2 2 2 2 2 2 2 2 2 2 2 2 2
left_child=1 2 7 4 -4 -3 -6 8 23 -10 -2 12 13 27 15 19 -17 18 -16 -13 -19 29 26 -1 25 -9 -14 -12 -15 -5
right_child=10 5 3 21 6 -7 -8 24 9 -11 11 14 22 28 17 16 -18 20 -20 -21 -22 -23 -24 -25 -26 -27 -28 -29 -30 -31
leaf_value=-0.002926814804903824 0.0077220596474167381 -0.013156960543312182 0.011984560656996789 0.001492430672215769 0.0085318126757605341 0.029191890199286794 -0.015330750551142969 0.024368728113891805 0.0018057945887900149 -0.020165953418799211 -0.054794731410805125 0.010607484892017434 0.016475682183088213 -0.024765356837729093 -0.0028787774318011182 0.0023365652493467417 -0.0078508097342330323 0.015923599550683936 0.0070189152702129073 -0.022188905194934553 0.0016834146035322754 0.011715335640738447 -0.012024038759633624 0.01217098593557937 0.012540233805654902 -0.033749409007470567 -0.0081943206873890898 -0.013633458933565133 -0.088311338651565499 -0.03607304209149207
leaf_weight=377.91761643439531 1199.658026561141 48.027882978320122 385.52422624826431 43.242745585739613 192.93319164216518 280.89456702768803 385.47866981104016 41.100556507706642 714.33743347972631 256.9718032181263 34.349885515868664 1767.9042517393827 278.29011617228389 21.723368316888809 12605.835862770677 6852.5957856066525 1209.3452906347811 505.24753917753696 1195.6152433305979 90.260093584656715 1111.9462986364961 48.795036017894745 240.20169444009662 927.60169683396816 1739.5402675122023 67.575555853545666 144.67775367945433 309.51965583115816 28.0147645175457 175.37481829896569
leaf_count=1091 3019 146 1407 204 546 1084 1492 118 2584 1169 182 4854 825 82 39039 20032 3840 1306 3104 505 3037 144 792 2494 6410 324 418 962 121 789
internal_value=0.00105196 0.00511165 0.00401266 -0.00433134 0.000370077 0.0230083 -0.00737123 0.00650339 0.00276332 -0.0040071 0.000215555 -0.00012561 -0.00814054 -0.0231551 0.00020866 0.00234548 0.000808391 -0.00116614 -0.00202134 0.0090144 0.00613237 -0.0212784 0.000770978 0.00780052 0.0111108 -0.0117695 0.00803721 -0.0177451 -0.0605573 -0.0286426
internal_weight=33280.5 5685.32 5356.39 1231.35 963.936 328.922 578.412 4125.04 2276.83 971.309 27595.2 26395.5 1056.78 393.608 25338.8 9920.11 8061.94 15418.6 13801.5 1858.16 1617.19 267.413 663.17 1305.52 1848.22 108.676 422.968 343.87 49.7381 218.618
internal_count=102120 20002 18772 4582 3445 1230 2038 14190 7338 3753 82118 79099 3382 1347 75717 29231 23872 46486 42143 5359 4343 1137 2035 3585 6852 442 1243 1144 203 993
is_linear=0
shrinkage=0.05


Tree=75
num_leaves=31
num_cat=0
split_feature=51 53 40 23 30 16 21 44 15 13 37 51 21 0 21 21 6 14 29 13 3 24 35 24 44 49 8 3 1 13
split_gain=39.9548 48.437 47.8945 42.777 41.5126 35.7435 43.2678 33.4006 33.2024 40.7112 40.2142 34.7289 35.6934 33.1053 34.9541 46.5154 36.0422 31.5323 30.6714 30.5995 28.9601 28.3028 27.6657 25.4028 25.2039 24.665 24.7646 23.6516 23.5423 26.9938
threshold=0.0079149999655783194 0.78675001859664928 1.5000000000000002 -79.06499862670897 -0.0061049999203532926 1.0297500491142275 20.400000572204593 -0.22334999591112134 0.99935001134872448 0.14643500000238421 -0.24554999917745587 0.023485000245273117 21.82499980926514 1.2109991908073428 14.825000286102297 14.644999980926515 -0.019670438952744004 0.59904998540878307 -0.010114999953657387 0.043765000998973853 1.4198514819145205 0.051355000585317619 2.5000000000000004 0.36541000008583074 0.19545000046491626 0.44470000267028814 0.03945660591125489 0.7416994869709016 0.18031908571720126 0.17022500187158587
decision_type=2 2 2 2 2 2 2 2 2 2 2 2 2 2 2 2 2 2 2 2 2 2 2 2 2 2 2 2 2 2
left_child=2 8 3 4 -1 6 7 23 9 11 21 12 -2 14 15 -5 -16 -15 -12 -9 28 22 -10 -4 -6 -3 -27 -23 -7 -30
right_child=1 25 5 13 24 20 -8 19 10 -11 18 -13 -14 17 16 -17 -18 -19 -20 -21 -22 27 -24 -25 -26 26 -28 -29 29 -31
leaf_value=0.1322781289335363 -0.0093849452391173288 -0.010519403617648741 -0.00071562431780929309 0.0042416547051825487 -0.045904627712208074 -0.0038114722819353138 0.0089748448675979666 -0.020268643204893036 -0.041547561577531693 0.0086515751094681168 0.022218636898681206 0.025742703112554378 0.023793757955398131 -0.0022188150511854715 -0.0044411568005698742 0.028757590872278652 0.0021111151123783356 0.01708265251624879 0.0044994696468345988 -0.005762511356663778 0.01595019190601446 0.059355933548825637 0.015932872274973094 0.019584409251830359 -1.7199819139715391e-05 0.029589732150283411 -0.043050422032723919 0.02590074219062068 0.036815232311338479 0.0034757402727134943
leaf_weight=4.0445567965507498 953.11146216094494 620.89540529996157 1276.0848378613591 5163.7166166976094 88.09613324701786 1543.7561240978539 599.17653224617243 390.89832228422165 23.159783467650414 1459.4363304898143 296.50454749166965 90.409615032374859 88.595355719327927 302.84092859178782 2988.1329158842564 201.01347424834967 7051.7308429405093 702.32313910871744 1385.0800375491381 5194.0599819235504 342.53593876957893 67.867440991103649 217.76463102549314 175.27706003189087 45.317246843129396 72.985935546457767 13.980800762772558 238.41721925139427 63.033952929079533 1649.3138682320714
leaf_count=12 3158 1807 3631 15493 745 4533 1806 1890 95 3940 709 553 220 804 8914 509 21662 1793 4110 17421 990 173 713 427 168 186 48 825 258 4487
internal_value=0.0013049 0.00518689 0.00053242 0.002243 -0.0255336 -0.00198716 -0.00392336 -0.0050217 0.00698039 0.00313207 0.0114551 -0.00398324 -0.00656315 0.00247567 0.00190201 0.00516025 0.000160983 0.0112674 0.00762379 -0.00677781 0.002121 0.0232286 0.0104073 0.00173596 -0.0303178 -0.00702636 0.0179121 0.0333138 0.000666199 0.00470301
internal_weight=33309.6 5528.21 27781.4 16547.2 137.458 11234.1 7635.5 7036.32 4820.35 2591.55 2228.79 1132.12 1041.71 16409.8 15404.6 5364.73 10039.9 1005.16 1681.58 5584.96 3598.64 547.209 240.924 1451.36 133.413 707.862 86.9667 306.285 3256.1 1712.35
internal_count=102080 16537 85543 50100 925 35443 25175 23369 14496 7871 6625 3931 3378 49175 46578 16002 30576 2597 4819 19311 10268 1806 808 4058 913 2041 234 998 9278 4745
is_linear=0
shrinkage=0.05


Tree=76
num_leaves=31
num_cat=0
split_feature=51 28 53 40 23 15 5 5 13 28 54 9 8 8 40 37 39 31 51 35 37 28 13 34 7 54 28 39 54 1
split_gain=36.1187 50.696 43.7642 41.982 39.1053 30.0214 40.1771 43.0738 58.2855 37.96 31.3228 29.1437 30.7391 28.4935 28.4929 28.3536 27.7477 25.5309 27.4865 24.0633 23.6299 33.0711 22.5417 24.5455 22.2694 22.2577 28.6828 21.4105 31.0709 21.9248
threshold=0.0079149999655783194 0.02553499955683947 0.78675001859664928 1.5000000000000002 -79.06499862670897 0.99935001134872448 -9.0726366043090803 1.7038505673408511 0.16198500245809558 0.0066250001545995483 1.1200500130653384 2.5000000000000004 -0.065658360719680772 0.060828268527984626 2.5000000000000004 -0.1092500016093254 0.0069500000681728133 0.035144999623298652 0.0070849999319762 1.5000000000000002 -0.24554999917745587 0.0075250000227242717 0.0033050000201910739 142.50000000000003 34.516654968261726 0.96074998378753673 0.018164999783039096 0.16894999891519549 1.0705500245094302 -0.1245342083275318
decision_type=2 2 2 2 2 2 2 2 2 2 2 2 2 2 2 2 2 2 2 2 2 2 2 2 2 2 2 2 2 2
left_child=1 3 5 4 17 6 -2 8 -8 10 14 12 -5 16 -7 -3 -13 -1 -19 -14 21 -11 23 -6 -24 26 -4 28 -17 -30
right_child=2 15 25 11 22 9 7 -9 -10 20 -12 13 19 -15 -16 27 -18 18 -20 -21 -22 -23 24 -25 -26 -27 -28 -29 29 -31
leaf_value=-0.046310250809438486 0.012149515175115904 0.025895428732199001 0.033113202340682289 0.022499813906248074 -0.0042588009019367363 0.024100397030751591 -0.017348033903009676 0.010144588094654185 0.0046348317455860389 -0.024924659702008554 -0.057352324942110039 -0.026531015440763701 -0.012801229903029161 0.014085317389546962 0.071538030190756316 0.0074836937206838525 -0.0060175464864929279 -0.013411862693901405 0.096939888505401306 -0.00026017185678655806 0.005128386859604016 0.022761282473108446 -0.0041897987259472231 0.046933548241838458 0.0022420797530059307 -0.01201302679738585 -0.0071234656485675719 0.010842551388837475 -0.032210387610537246 -0.0033701709169054721
leaf_weight=69.945376358926296 817.30662464350462 181.65499548614025 71.077479965984821 141.15740984678268 39.869088731706142 282.52534253895283 615.91396736353636 564.77330584079027 590.73625883460045 40.030128061771393 10.752755939960478 172.77563815936446 409.9623528458178 168.0308802574873 35.648152895271778 962.13241734355688 3593.5045785941184 56.110080435872078 6.2738184034824362 5709.1013856232166 1460.3809039220214 396.41360851377249 1501.7820757105947 56.738047979772091 12955.158363427967 519.56050036847591 117.52654971182346 1105.9430991187692 74.560657888650894 567.26415299624205
leaf_count=685 2340 733 177 339 114 808 2276 1624 1631 133 43 636 1360 434 73 2483 11787 217 16 18020 4197 1371 5303 129 38669 1531 333 2846 230 1542
internal_value=0.00124019 0.000505816 0.00493319 -0.000222451 0.00148877 0.00664025 0.0029792 -0.00125184 -0.00658595 0.0108984 0.0265788 -0.00268758 -0.000568247 -0.00605982 0.0294153 0.0067722 -0.00695859 -0.0255691 -0.00231402 -0.00110039 0.00817922 0.0183876 0.0017348 0.0258068 0.00157394 -0.0066723 0.00804016 0.00549029 0.00179986 -0.00672053
internal_weight=33294.6 27772 5522.65 24880.4 14685.9 4814.48 2588.73 1771.42 1206.65 2225.75 328.926 10194.5 6260.22 3934.31 318.173 2891.56 3766.28 132.329 62.3839 6119.06 1896.82 436.444 14553.5 96.6071 14456.9 708.165 188.604 2709.9 1603.96 641.825
internal_count=102080 85543 16537 77709 45133 14496 7871 5531 3907 6625 924 32576 19719 12857 881 7834 12423 918 233 19380 5701 1504 44215 243 43972 2041 510 7101 4255 1772
is_linear=0
shrinkage=0.05


Tree=77
num_leaves=31
num_cat=0
split_feature=51 28 53 40 21 21 53 6 6 3 15 5 5 12 37 5 28 9 37 39 9 12 54 53 15 28 49 1 30 12
split_gain=32.6356 45.8186 39.5319 37.895 39.0234 41.9249 58.0667 30.5094 40.5801 29.7753 27.1412 36.3292 38.8946 52.8043 34.167 27.5043 29.3835 26.3239 26.114 24.6307 23.6673 23.5546 22.7342 22.628 22.0968 22.0245 20.8853 22.3022 20.8494 20.8408
threshold=0.0079149999655783194 0.02553499955683947 0.78675001859664928 1.5000000000000002 14.825000286102297 14.644999980926515 0.49475000798702246 -0.00086411923984996964 1.0000000180025095e-35 0.25991310179233557 0.99935001134872448 -9.0726366043090803 1.7038505673408511 -0.13064499944448468 -0.24554999917745587 -0.37613397836685175 0.010484999977052213 2.5000000000000004 -0.1092500016093254 0.0069500000681728133 2.5000000000000004 -0.051245000213384621 0.96375000476837169 0.093850001692771925 1.0003499984741213 0.024455000646412376 0.44470000267028814 0.46849301457405096 0.12048500031232835 -0.13064499944448468
decision_type=2 2 2 2 2 2 2 2 2 2 2 2 2 2 2 2 2 2 2 2 2 2 2 2 2 2 2 2 2 2
left_child=1 3 10 4 5 20 -7 9 -9 -6 11 -2 13 -13 21 16 -16 25 29 -19 -1 22 -12 -23 -17 28 -4 -28 -5 -3
right_child=2 18 26 17 7 6 -8 8 -10 -11 14 12 -14 -15 15 24 -18 19 -20 -21 -22 23 -24 -25 -26 -27 27 -29 -30 -31
leaf_value=0.0019646740183834263 0.011561898146630363 0.0071631154805954335 -0.0095521360655095693 -0.00067672617133714196 -0.025939194707575303 0.049231844413629176 -0.0070088215720397647 0.0066606181015573659 -0.0016455864324082033 -0.0032430360806073896 0.048487554219661527 0.004370474521346198 0.0096443996270291869 -0.016554108466575582 0.029597025352098051 -0.022170158482108411 0.0069867648651775515 -0.023858930705888147 0.0052180497336025231 -0.004894811735484117 0.0098410761769140605 -0.047164458730159065 0.020390602114551931 0.013300050711750933 0.0041102327171697412 -0.026101914932921452 0.0026367938548482058 0.06245078293688712 0.017351073023741996 0.041273060697119834
leaf_weight=3611.0262006558478 815.93855166435242 86.046453326940536 621.25604347884655 6011.4689802080393 151.16415188461542 120.01329575479031 74.313919804990292 2433.5331398583949 3715.514476004988 3281.721659515053 108.99816739559174 593.56364418566227 564.37144556641579 612.76438837498426 225.64948932081461 87.152202166616917 395.62094390392303 179.40361068770289 2708.8126477077603 3752.8045971319079 1296.0673020966351 16.740990616381168 212.07093933224678 204.34660494327545 972.5550831630826 83.147157751023769 66.830491162836552 20.323307007551193 164.77501173317432 93.376068726181984
leaf_count=11151 2340 241 1807 19041 477 268 226 6543 12411 10242 268 1608 1624 2299 659 418 1119 654 7101 12203 3815 72 782 684 2623 268 194 40 410 492
internal_value=0.00117866 0.000480621 0.00469063 -0.000211515 0.00141437 0.00494702 0.0277245 -0.000466418 0.00164166 -0.00424244 0.00631478 0.00283272 -0.00118969 -0.00625834 0.0103662 0.00684596 0.015199 -0.00255397 0.00644165 -0.00576003 0.004045 0.0212808 0.0299291 0.00872161 0.00194889 -0.000539892 -0.00633658 0.0165848 -0.000195765 0.0249148
internal_weight=33281.4 27763.2 5518.18 24875 14683.4 5101.42 194.327 9581.93 6149.05 3432.89 4809.77 2586.64 1770.7 1206.33 2223.13 1680.98 621.27 10191.6 2888.24 3932.21 4907.09 542.157 321.069 221.088 1059.71 6259.39 708.41 87.1538 6176.24 179.423
internal_count=102080 85543 16537 77709 45133 15460 494 29673 18954 10719 14496 7871 5531 3907 6625 4819 1778 32576 7834 12857 14966 1806 1050 756 3041 19719 2041 234 19451 733
is_linear=0
shrinkage=0.05


Tree=78
num_leaves=31
num_cat=0
split_feature=51 51 39 53 12 13 34 13 40 28 21 5 37 23 27 8 12 0 44 37 44 9 39 5 12 3 51 53 39 34
split_gain=31.4128 34.434 38.3535 35.7116 33.3703 54.2597 32.1913 29.3446 27.8862 26.2375 24.8765 26.4483 24.4403 27.14 31.614 23.3205 27.0404 21.6065 20.6869 19.704 18.7689 18.5357 25.3778 21.4428 17.7491 17.2242 16.2902 14.8248 19.1088 14.495
threshold=-0.015974999405443665 0.0079149999655783194 1.0000000180025095e-35 0.78675001859664928 -0.26038500666618342 0.48103499412536627 112.50000000000001 0.042445000261068351 2.5000000000000004 0.0050250000786036262 13.650000095367433 -11.389224052429197 -0.42155000567436213 -24.855000495910641 -0.010305000003427265 0.014137208461761476 -0.012645000126212834 0.0040795130189508208 -0.20605000108480451 0.18614999949932101 0.46034999191761022 1.5000000000000002 0.30865000188350683 -12.199691295623778 -0.29385499656200403 2.1060400009155278 0.0084850001148879545 0.86765000224113475 0.24434999376535418 72.500000000000014
decision_type=2 2 2 2 2 2 2 2 2 2 2 2 2 2 2 2 2 2 2 2 2 2 2 2 2 2 2 2 2 2
left_child=12 2 -2 9 6 7 -4 -6 -7 10 11 -3 13 -1 -15 -16 -17 -8 -12 24 -21 23 -23 -11 -5 -22 -26 28 -14 -30
right_child=1 3 4 19 5 8 17 -9 -10 21 18 -13 27 14 15 16 -18 -19 -20 20 25 22 -24 -25 26 -27 -28 -29 29 -31
leaf_value=-0.054696441378145146 -0.038891132189788458 0.041653319753675734 0.0099712783089525737 0.039106393933797202 -0.010505448011208828 0.0033808083442025518 -0.070938631438886166 -0.0019641585864142129 -0.010591026348238705 0.012627625816744129 0.00011299514414998895 -0.01703024066361809 0.0030975771952345566 0.041164295752988217 0.032409735693930845 0.0099489264464105373 -0.049542900875340329 0.0015998741707608875 0.028808762394741123 -0.007713923835686233 -0.06171641280331315 0.0088882038434637475 -0.0078731175028716339 -0.0021402465077397567 0.045558106125878184 0.019134335827047523 -0.0092203834083785918 -0.011428614320889128 0.0083356377926015243 0.045827809094619448
leaf_weight=11.247489109635351 62.850098636001348 24.700647130608559 1445.1361963152885 39.641159951686859 1096.7023785486817 7036.9280519112945 10.288126736879347 12104.315436515957 376.22027634084225 301.0502472743392 79.044331520795822 86.220536261796951 382.81362964957952 145.72850875928998 62.72150532156229 67.164316587150097 26.690435826778412 4705.3757142573595 305.7232133820653 530.01358278095722 29.932921126484871 2419.4441511034966 249.07609440386295 1339.3765633180737 16.176004528999329 8.4461084157228452 84.310987442731857 119.26811123639345 50.843311473727226 52.295852422714233
leaf_count=39 299 55 3690 88 5000 18765 38 40520 1065 826 215 296 1092 1095 207 203 94 12732 754 1547 107 7142 955 4253 34 22 243 432 153 119
internal_value=0.00112024 0.000861319 0.000121974 0.00446042 0.000213552 -0.000751435 0.00344242 -0.00267374 0.00267173 0.00600574 0.0168996 -0.00396221 0.0102369 0.0215667 0.0244041 0.00880516 -0.00696937 0.00144162 0.0229137 -0.00601879 -0.0101589 0.00475254 0.00732372 0.000569945 0.0107744 -0.0439235 -0.000402356 0.00436723 0.00824403 0.0273457
internal_weight=33269.7 32351 26837.8 5513.16 26775 20614.2 6160.8 13201 7413.15 4804.64 495.689 110.921 918.773 313.552 302.305 156.576 93.8548 4715.66 384.768 708.521 568.393 4308.95 2668.52 1640.43 140.128 38.379 100.487 605.221 485.953 103.139
internal_count=102080 98646 82109 16537 81810 65350 16460 45520 19830 14496 1320 351 3434 1638 1599 504 297 12770 969 2041 1676 13176 8097 5079 365 129 277 1796 1364 272
is_linear=0
shrinkage=0.05


Tree=79
num_leaves=31
num_cat=0
split_feature=51 51 23 49 51 13 28 44 15 53 37 15 5 23 49 21 21 33 24 35 6 37 9 37 23 51 53 15 33 5
split_gain=28.6362 31.0963 33.1163 39.2405 36.1873 32.9943 35.1275 45.4121 40.0192 31.994 31.2432 30.5316 38.0712 28.8293 29.1121 27.0341 34.8725 27.6283 26.3046 43.5607 25.2192 24.0871 23.2476 22.887 24.7272 24.13 23.9027 23.6186 19.227 20.3462
threshold=-0.015974999405443665 0.0079149999655783194 -22.335000038146969 0.17465000599622729 0.019805000163614753 0.0033050000201910739 0.015594999771565201 0.37874999642372137 0.98925000429153453 0.15914999693632129 -0.2581499963998794 0.99935001134872448 -12.199691295623778 -27.814999580383297 0.2775499969720841 15.610000133514406 15.88499975204468 0.0045499999541789302 0.09614999964833261 6.5000000000000009 -0.0076838990207761517 0.23775000125169757 1.5000000000000002 -0.42155000567436213 -24.855000495910641 -0.022625000216066834 0.78334999084472667 1.0012499690055849 0.013849999755620958 0.84628590941429149
decision_type=2 2 2 2 2 2 2 2 2 2 2 2 2 2 2 2 2 2 2 2 2 2 2 2 2 2 2 2 2 2
left_child=23 5 11 4 9 28 7 8 -7 -4 -6 12 -3 14 -13 17 -17 -8 -5 -20 -15 -9 -14 24 -1 -26 -27 -28 -2 -30
right_child=1 2 3 18 10 6 15 21 -10 -11 -12 13 22 20 -16 16 -18 -19 19 -21 -22 -23 -24 -25 25 26 27 -29 29 -31
leaf_value=-0.051627958047068795 0.03921492824140041 0.015239813852172327 -0.04389962901634839 0.0019447234428543051 0.030917824514610281 0.00068422014791647229 -0.0015863493996250283 0.011693240478564727 -0.0043591821540182769 -0.011102989644217865 -0.012284836907756353 -0.00031484148070761342 -0.0096027788436160791 0.0080696917035277382 0.017871483613064364 0.026670555686416082 0.0050383075130115817 0.0056057833397568394 -0.031590120371567706 0.034520480845644817 0.073244441598972768 -0.00032330000236740954 0.0044089451134301195 0.004152551542164872 0.048309192303015357 0.045230912043620911 0.033843117597207914 -0.0062448828337774778 0.012915438804654747 -0.077887756334152847
leaf_weight=11.318244859576224 85.036853663623333 521.05034354329109 91.034520424902439 1776.0694517046213 85.469844624400139 7033.258467823267 4249.4560684971511 958.89628319442272 8924.1718356050551 406.02520538121462 81.994164764881134 313.3576961606741 472.18499563634396 24.52748879045248 739.01581890881062 200.47246994078159 2635.8771351277828 1947.149176850915 30.39403074234724 138.26835200935602 37.590203568339348 737.9771450906992 793.51116962730885 604.75303851813078 74.432761397212744 51.577400431036949 53.631076343357563 116.67614049464464 49.372636869549751 7.049999125301837
leaf_count=39 201 1389 365 5246 582 19912 11890 2467 32407 1197 274 965 1505 85 1995 481 7144 5353 117 397 97 2095 2323 1796 819 201 201 378 130 29
internal_value=0.00106501 0.00081855 0.00423964 0.000152413 -0.0103371 0.000115874 -1.17858e-05 -0.00130936 -0.0021363 -0.0171096 0.00976482 0.00791553 0.00386455 0.01441 0.0124563 0.00252423 0.00656727 0.000673623 0.00373671 0.0226069 0.0475099 0.0064672 -0.000818317 0.00980067 0.0209038 0.0236743 0.0154103 0.00637914 0.0241997 0.00156959
internal_weight=33251.6 32339.2 5510.49 2609.26 664.524 26828.7 26687.3 17654.3 15957.4 497.06 167.464 2901.24 1786.75 1114.49 1052.37 9032.95 2836.35 6196.61 1944.73 168.662 62.1177 1696.87 1265.7 912.389 307.636 296.317 221.885 170.307 141.459 56.4226
internal_count=102080 98646 16537 8178 2418 82109 81749 56881 52319 1562 856 8359 5217 3142 2960 24868 7625 17243 5760 514 182 4562 3828 3434 1638 1599 780 579 360 159
is_linear=0
shrinkage=0.05


Tree=80
num_leaves=31
num_cat=0
split_feature=37 16 45 52 51 34 37 8 50 53 49 0 48 37 15 16 0 51 45 7 12 27 45 0 24 28 27 1 6 49
split_gain=31.7155 30.8925 34.5356 35.5923 30.5263 37.7016 28.2676 26.3353 24.0937 23.2083 21.5802 22.0697 28.3532 20.7197 24.3409 20.3948 19.0901 19.775 18.1434 17.6493 17.5404 16.6432 16.1663 15.6736 15.526 13.2631 11.3937 11.2854 9.28113 11.4179
threshold=-0.87235000729560841 1.0387499928474428 6.3096499443054208 1.5000000000000002 0.016135000623762611 250.50000000000003 -0.12310000136494635 -0.068863689899444566 1.0000000180025095e-35 0.10485000163316728 0.9365999996662141 0.23455367982387546 0.21955000609159472 0.69844999909400951 0.98704999685287487 0.69824999570846569 0.89504730701446544 0.0084850001148879545 5.463599920272828 99.970916748046889 -0.14258500188589093 0.001515000010840595 7.081900119781495 2.0745915174484257 0.25945499539375311 0.023535000160336498 -0.010114999953657387 0.24612513184547427 0.075633313506841673 0.20335000008344653
decision_type=2 2 2 2 2 2 2 2 2 2 2 2 2 2 2 2 2 2 2 2 2 2 2 2 2 2 2 2 2 2
left_child=22 2 3 8 5 -5 7 -3 20 -6 11 12 -4 19 25 -13 17 -9 -18 23 -2 -10 28 -8 -16 -15 27 -24 29 -1
right_child=1 6 10 4 9 -7 13 16 21 -11 -12 15 -14 14 24 -17 18 -19 -20 -21 -22 -23 26 -25 -26 -27 -28 -29 -30 -31
leaf_value=0.029840784981489871 0.00060268047075843839 -0.11754707743603764 -0.035990460370624588 0.00096530096361892726 -0.0067006850610184234 -0.012198042188317826 0.0027761759215579776 0.0064913773642045801 -0.017433769613379727 0.015117154403684786 0.05170904804858574 -0.075875302645401044 0.0031761722943439551 -0.029280589197625901 -0.0020497629969693631 -0.0049230507510151303 0.041955622399161153 0.032620913117229713 -0.038170798068576692 -0.050533392846329794 -0.0086140628386318346 0.04456950439005234 0.026759494545771707 0.019930239528063297 -0.068298804844784594 -0.10404704599374742 -0.055577488798965624 -0.055109391066855112 0.038593269805580636 0.0059198243701582042
leaf_weight=86.995406992733479 1293.3027427196503 3.8333307057619086 135.86548228934407 18187.270721025765 152.22630365937948 560.73062075302005 7418.3848595023155 477.24969360977411 431.93069822341204 611.58574056625366 15.672046616673468 10.188648387789724 70.020918115973473 53.085470154881477 404.6075681000948 1704.1357805244625 83.184911150485277 85.359914287924767 7.7206201478838912 15.379380725324152 859.11757557466626 11.101146176457403 16.272578120231632 135.59379674494267 9.0414325743913633 6.6777684837579718 11.66053858399391 5.6782489232718936 59.328118149191141 116.94181197881699
leaf_count=491 3479 16 480 58486 642 2210 20109 1392 1339 2103 34 37 198 168 1176 4844 331 206 28 88 2644 26 75 321 33 27 44 30 202 361
internal_value=0.000749673 0.000602166 -0.000321686 0.000239077 0.000970786 0.000571601 0.00315527 0.0131244 -0.00526169 0.0107689 -0.00672545 -0.00720237 -0.0226701 0.00234048 -0.00780724 -0.00534474 0.0138909 0.0104558 0.0351505 0.00297515 -0.00307609 -0.0158801 0.0170185 0.00308409 -0.00349782 -0.0376348 -0.0156359 0.00558162 0.0211876 0.016124
internal_weight=33040.1 32743.3 24043.1 22107.3 19511.8 18748 8700.12 657.348 2595.45 763.812 1935.88 1920.21 205.886 8042.77 473.412 1714.32 653.515 562.61 90.9055 7569.36 2152.42 443.032 296.877 7553.98 413.649 59.7632 33.6114 21.9508 263.265 203.937
internal_count=101620 100417 76522 70929 63441 60696 23895 1973 7488 2745 5593 5559 678 21922 1404 4881 1957 1598 359 20518 6123 1365 1203 20430 1209 195 149 105 1054 852
is_linear=0
shrinkage=0.05


Tree=81
num_leaves=31
num_cat=0
split_feature=43 27 16 45 39 52 27 0 13 22 0 9 1 39 5 24 23 35 3 39 39 28 35 40 16 22 15 24 33 5
split_gain=31.3452 25.3847 24.7407 31.981 27.7008 28.2377 26.9271 24.8209 23.6847 39.6821 23.4613 20.8384 19.5159 18.2532 18.2263 17.6421 17.3432 16.353 14.9279 21.3584 20.6965 14.6203 16.4307 14.5859 14.2362 28.2284 13.904 13.0408 38.0865 15.6764
threshold=7.5000000000000009 -0.014634999912232159 1.1083499789237978 6.3096499443054208 0.0069500000681728133 1.5000000000000002 -0.019855000078678128 0.077037293463945403 0.21569500118494037 3.4005500078201298 0.32163399457931524 3.5000000000000004 0.86554032564163219 0.24434999376535418 -27.029047966003414 -0.030975000001490113 -44.725000381469719 29.500000000000004 1.3857632875442507 0.2645500004291535 0.2751500010490418 0.019735000096261505 10.500000000000002 1.0000000180025095e-35 1.2047500014305117 1.3063499927520754 0.94165000319480907 -0.10496500134468077 0.97464999556541454 10.599418640136721
decision_type=2 2 2 2 2 2 2 2 2 2 2 2 2 2 2 2 2 2 2 2 2 2 2 2 2 2 2 2 2 2
left_child=2 16 3 4 8 11 -7 -5 9 -1 13 -6 18 -9 -12 24 23 -10 19 26 -21 22 -3 -2 -14 -26 -4 28 -20 -29
right_child=1 21 12 7 5 6 -8 10 17 -11 14 -13 15 -15 -16 -17 -18 -19 27 20 -22 -23 -24 -25 25 -27 -28 29 -30 -31
leaf_value=-0.022673245244561092 0.026695210757990629 -0.050197001449363614 0.027175483031675884 0.027685907966165314 -0.0012585077976779106 0.0048760946575267987 0.00086686452784961977 -0.01437711021307661 0.00067505017732198995 0.021195071526777812 -0.017533309355400716 -0.011609521818863419 0.043018999942747001 -0.066633697226629027 -0.0019235806472365981 0.0085800718325313129 0.034666514338089142 -0.046428254477576016 0.0088818696153985573 -0.09641382483323141 -0.014734904139311323 0.069570011409943858 -0.017600347802778409 -0.07295714084129605 -0.052584642956472687 0.032361381522066052 0.0022630739552604562 0.03085954834391191 -0.10964701552334855 0.0036922882955688695
leaf_weight=357.3263683244586 6.420881323516368 60.092780157923698 57.532511860132217 56.65137343108654 2636.4773002639413 5498.2435864172876 17574.587246928364 401.9571102000773 578.70010354369879 60.241270259022713 208.70403284579515 596.17615114152431 80.840741023421288 17.435618907213211 1798.4302015677094 353.30075515061617 32.627844713628292 19.032141342759132 53.183620929718018 8.8476421386003476 62.836213394999504 3.8297478705644599 108.3850779607892 8.5768972560763341 13.528196353465317 35.298764690756798 2113.5567308738828 131.68296230584383 7.767195299267768 88.980503164231777
leaf_count=1391 21 402 131 145 7479 15177 57597 1249 1601 212 619 1796 173 68 5037 899 139 64 140 35 183 26 657 45 45 79 5634 305 32 239
internal_value=0.000712542 -0.0181005 0.000838645 0.000402512 0.000896295 0.00120908 0.00182226 -0.00503026 -0.00720763 -0.0163445 -0.00579408 -0.00316747 0.00516088 -0.0165496 -0.0035467 0.0143694 0.0142099 -0.000824746 0.00339909 0.00203663 -0.0248162 -0.0270311 -0.0292269 -0.0302938 0.0301434 0.00882589 0.00292324 0.0142498 -0.00622272 0.0199046
internal_weight=33031.3 219.933 32811.3 29804 27320.8 26305.5 23072.8 2483.18 1015.3 417.568 2426.53 3232.65 3007.36 419.393 2007.13 482.968 47.6256 597.732 2524.39 2242.77 71.6839 172.308 168.478 14.9978 129.668 48.827 2171.09 281.614 60.9508 220.663
internal_count=101620 1290 100330 92435 85317 82049 72774 7118 3268 1603 6973 9275 7895 1317 5656 1196 205 1665 6699 5983 218 1085 1059 66 297 124 5765 716 172 544
is_linear=0
shrinkage=0.05


Tree=82
num_leaves=31
num_cat=0
split_feature=37 16 12 8 8 6 40 8 16 37 23 3 45 54 51 23 49 51 30 51 45 44 44 37 15 5 5 12 54 44
split_gain=29.2853 26.3503 32.6191 49.3384 34.0223 70.4978 47.5542 30.0444 29.4449 26.3001 30.2332 25.6996 24.5176 25.9558 33.735 33.5241 25.509 23.2109 21.6883 22.2949 21.328 20.7913 20.4362 19.6267 31.8246 22.982 17.1113 15.0889 23.247 14.5556
threshold=-0.87235000729560841 1.0387499928474428 -0.034324999898672097 -0.00051221251487731923 0.0002508163452148438 0.010080871637910606 1.0000000180025095e-35 -0.016980022192001339 1.0067500472068789 -0.049049999564886086 55.73500061035157 1.2774721384048464 5.265899896621705 1.0062499642372134 0.0014550000196322801 -53.725000381469719 0.94844999909400951 0.0034049999667331581 -0.045924998819828027 6.5000000176951303e-05 0.17445000261068347 -0.16094999760389325 -0.021149999462068077 0.69844999909400951 0.98315000534057628 194.62937164306643 30.396082878112797 -0.12123499810695647 1.035849988460541 -0.21014999598264691
decision_type=2 2 2 2 2 2 2 2 2 2 2 2 2 2 2 2 2 2 2 2 2 2 2 2 2 2 2 2 2 2
left_child=-1 2 12 7 5 -5 -6 11 -9 10 17 -4 13 15 -15 -2 22 20 19 21 -3 -11 -14 25 -25 -20 -21 -12 -29 -19
right_child=1 9 3 4 6 -7 -8 8 -10 18 27 -13 16 14 -16 -17 -18 29 23 26 -22 -23 -24 24 -26 -27 -28 28 -30 -31
leaf_value=0.016379601985528815 -0.0053411866337349225 -0.034790238143071937 0.023860723308987059 -0.033774125287889402 -0.026091322949006981 0.014422053126270803 -0.0019553187767343901 -0.032032145501683928 -0.0050393398530367631 0.0098426346202784253 0.038092979105633112 -0.080058719779224505 -0.00027023424873642165 0.0021701123697044698 -0.0043977863549524241 0.0033092594038342548 0.067537817111984311 -0.019084680427838702 0.0017467601098484964 0.008215725952205816 0.00028414574527464123 0.049596200772494103 -0.010073114917466623 -0.0517892207269001 -0.0046625720928063505 0.035970104258449868 -0.045322124074539116 0.0026969313878830912 0.033095783992207126 0.017689741129877073
leaf_weight=294.27900601550937 1256.3981488756835 51.011492505669594 57.00548093020916 88.439098209142685 253.0795368924737 534.01365002989769 1054.0347723811865 323.01428855955601 147.01271241903305 63.849451959133148 104.4140562415123 6.6426489800214759 1059.7069674581289 3644.9826991073787 4217.0156242772937 10316.978236280382 12.126110568642614 29.854489266872406 6832.1057180017233 199.60532784461975 288.28639083355665 67.83287987112999 1066.9552212283015 39.1502545773983 421.59573847055435 49.409770801663399 16.130645275115967 148.61671308800578 109.03132939711213 272.61307709664106
leaf_count=1203 4039 159 177 600 1214 2948 4257 1769 638 161 245 30 2918 10932 13131 30712 23 88 18655 508 785 137 3134 136 1240 110 52 510 408 701
internal_value=0.000676998 0.000535818 -0.000317356 -0.00576835 -0.00204685 0.00757426 -0.00662846 -0.0192239 -0.0235895 0.00289483 0.0105064 0.0130152 0.000305014 0.000864166 -0.00135277 0.00237017 -0.00477605 0.00398885 0.00190119 0.0141084 -0.00498909 0.0303207 -0.00518838 0.00132358 -0.00866699 0.00199249 0.00421268 0.022059 0.0155611 0.01406
internal_weight=33025.2 32730.9 24037.4 2463.24 1929.57 622.453 1307.11 533.675 470.027 8693.51 1003.83 63.6481 21574.2 19435.4 7862 11573.4 2138.79 641.765 7689.68 347.418 339.298 131.682 2126.66 7342.26 460.746 6881.52 215.736 362.062 257.648 302.468
internal_count=101620 100417 76522 11633 9019 3548 5471 2614 2407 23895 2896 207 64889 58814 24063 34751 6075 1733 20999 858 944 298 6052 20141 1376 18765 560 1163 918 789
is_linear=0
shrinkage=0.05


Tree=83
num_leaves=31
num_cat=0
split_feature=43 37 51 51 21 7 35 8 44 16 12 44 43 51 21 15 30 22 44 30 34 24 21 7 27 21 8 27 7 27
split_gain=28.2577 30.7214 45.6016 41.3097 38.5993 39.7481 35.9717 33.5812 29.3524 28.4425 28.1464 25.3773 45.7564 25.2975 31.4941 30.1987 30.0568 26.9226 24.528 24.0425 23.6837 31.1128 23.3195 21.8852 20.0023 18.5332 17.7622 17.1803 19.8417 17.7775
threshold=7.5000000000000009 0.036749999970197685 -0.020744999870657917 0.022055000066757206 12.139999866485597 28.058742523193363 7.5000000000000009 -0.068863689899444566 -0.014349999837577341 0.89125001430511486 -0.18570499867200849 0.0065500000491738328 6.5000000000000009 -0.0019050000119023023 15.194999694824221 1.0395500063896181 0.0024149999953806405 0.43874999880790716 -0.69085001945495594 -0.018714999780058857 134.50000000000003 0.32023499906063085 16.110000610351566 97.602058410644545 -0.011725000105798243 14.644999980926515 0.060828268527984626 -0.014194999821484087 46.116306304931648 -0.0081050000153481943
decision_type=2 2 2 2 2 2 2 2 2 2 2 2 2 2 2 2 2 2 2 2 2 2 2 2 2 2 2 2 2 2
left_child=1 2 10 4 5 -4 -6 -5 13 20 -1 12 -11 14 18 16 -15 -16 -3 -2 21 -10 -22 -13 -9 -21 -17 28 -27 -29
right_child=19 8 3 7 6 -7 -8 24 9 11 -12 23 -14 15 17 26 -18 -19 -20 25 22 -23 -24 -25 -26 27 -28 29 -30 -31
leaf_value=-0.007498998309043008 0.035533719653927619 -0.063550700358562279 -0.037713920010359503 -0.072137881587601413 -0.0022193169850428691 -0.0037078793646937594 0.0056086922220639837 0.033690999517301194 -0.014017689793579364 -0.010617591862992078 0.039248446886870993 -0.0005084387399357128 0.044010039261289699 -0.00064454201249749036 -0.075328450804573885 -0.02205734167334663 0.0060116905529168348 0.016718536352684672 0.0029817254913259172 -0.042680699897872307 -0.018195442835668329 0.026228751162517158 -0.06545258317202185 -0.042120975396214455 -0.044479777583665676 0.067712919996396809 0.0042659041001663588 -0.041459470381312202 -0.021635315222539055 0.00065563700988323023
leaf_weight=42.09757362306118 19.572073481976986 14.012662798166273 94.638360649347305 8.4029747545719129 2009.8954529762268 933.83115979656577 5438.8775878697634 176.30586174502969 280.45006039738655 1044.8110850267112 136.94493016973138 11734.183829348534 39.792420275509357 6058.2467764504254 8.0389253944158536 224.98592783510685 2355.3861892223358 672.64566002041101 1213.6462887227535 72.493315499275923 84.441057831048965 57.941268682479858 37.786919414997101 31.682095907628536 8.5816774219274503 13.369623228907587 89.609606549143791 49.542362559586763 11.609060131013392 50.700470238924026
leaf_count=125 74 50 498 33 6602 3195 17181 1138 813 4560 1103 33831 273 17468 30 677 6452 1744 3435 499 253 134 134 338 28 44 235 294 62 317
internal_value=0.000643287 0.000762352 0.00327969 0.00276393 0.00224279 -0.00683707 0.00349647 0.0256197 -0.000167902 -0.00173269 0.0282569 -0.0012951 -0.00861339 0.00179034 0.0070052 0.000650159 0.00121886 0.0156315 0.00222232 -0.0173284 -0.0139404 -0.00712647 -0.032805 -0.000620489 0.0300627 -0.0225613 -0.0145594 -0.0109137 0.0261876 -0.0201586
internal_weight=33014.5 32797.2 8849.58 8670.53 8477.24 1028.47 7448.77 193.291 23947.7 13311.1 179.043 12850.5 1084.6 10636.6 1908.34 8728.23 8413.63 680.685 1227.66 217.287 460.619 338.391 122.228 11765.9 184.888 197.715 314.596 125.222 24.9787 100.243
internal_count=101620 100330 29903 28675 27476 3693 23783 1199 70427 40336 1228 39002 4833 30091 5259 24832 23920 1774 3485 1290 1334 947 387 34169 1166 1216 912 717 106 611
is_linear=0
shrinkage=0.05


Tree=84
num_leaves=31
num_cat=0
split_feature=6 15 37 37 45 0 12 13 49 45 35 53 6 16 3 49 54 23 28 3 21 27 30 7 3 21 53 21 49 27
split_gain=26.9561 28.1918 24.6481 23.9476 24.3499 21.2555 29.008 36.9143 35.3083 22.0244 25.5777 76.355 22.5056 21.6796 19.6717 19.2659 19.1805 18.9285 23.3339 22.4367 17.4819 17.3084 29.1574 28.1609 23.5538 22.4456 21.5745 16.4733 16.3223 15.9926
threshold=0.4144085049629212 0.94165000319480907 -0.70875000953674305 0.50304999947547924 1.1199499964714053 0.023698969744145874 -0.14589499682188031 0.65949499607086193 0.84135001897811901 6.3096499443054208 29.500000000000004 0.55454999208450328 -0.12817713618278501 1.146650016307831 0.28266786038875585 0.94455000758171093 0.79584997892379772 49.82500076293946 0.012114999815821649 0.71044349670410167 14.045000076293947 -0.010395000223070381 -0.0021450000349432226 54.943933486938484 0.56171342730522167 11.739999771118166 0.093850001692771925 19.960000038146976 0.95640000700950634 -0.010395000223070381
decision_type=2 2 2 2 2 2 2 2 2 2 2 2 2 2 2 2 2 2 2 2 2 2 2 2 2 2 2 2 2 2
left_child=2 -2 21 14 29 6 17 8 -8 10 12 -12 -7 15 -3 -11 -16 18 -4 -19 -9 26 24 -24 -23 -25 27 -1 -18 -5
right_child=1 3 5 4 -6 9 7 20 -10 13 11 -13 -14 -15 16 -17 28 19 -20 -21 -22 22 23 25 -26 -27 -28 -29 -30 -31
leaf_value=-0.0044745032067207693 0.047416608602308175 0.028964613231548836 0.0047474680253684204 -0.096030068586459461 -0.00049636648820372022 0.0057681977200827132 0.1187398760779092 -0.013228802574099339 -0.024460037034318358 -0.0052351119743621237 -0.017468738357202005 0.0070465630732770949 0.00071088730240011797 0.015597957889372099 -0.071573825894674911 0.062493318356698913 0.0087880242446462826 -0.0024030587112238498 -0.026042872950301929 0.046933038025832929 0.028258617980512959 0.0086417512934707629 0.045313024858948336 -0.061391085387229496 -0.074705071655947253 0.0043361684669522864 0.022912809264149521 -0.10671906381710042 -0.050276312345156483 -0.011973533288495659
leaf_weight=39.738369293510914 46.524010241031647 116.94887989759445 233.17774873971939 13.84313076734543 53.290513277053833 2417.9417503997684 4.3541758246719828 43.924927294254303 377.97461069375277 2525.3424829319119 683.47508408129215 593.35157706215978 24388.427996218204 135.16303414106369 7.7699659168720236 10.543769955635069 547.9975862801075 45.900858536362648 83.589271605014801 46.279291331768036 60.181325942277908 14.033973932266234 39.244369879364967 14.599747553467749 21.40604142844677 117.7435235157609 291.11142118647695 4.373010102659463 11.951982378959654 9.5710694342851621
leaf_count=200 93 264 639 54 144 6361 21 134 1727 7223 2256 1835 76014 335 28 20 1387 131 257 104 141 37 91 60 91 377 1499 30 39 28
internal_value=0.000611466 0.00963213 0.00038508 0.00732329 -0.0191697 0.000203986 -0.00738999 -0.0156417 -0.0228292 0.000425078 0.000837733 -0.00607628 0.00116706 -0.00391354 0.0102914 -0.00495351 0.00644471 0.00242531 -0.00337756 0.0223663 0.0107541 0.010955 -0.000412115 0.00811563 -0.0417004 -0.00291468 0.0179752 -0.0146106 0.00752731 -0.0616701
internal_weight=32999.8 807.897 32191.9 761.373 76.7047 31649.6 895.382 486.435 382.329 30754.2 28083.2 1276.83 26806.4 2671.05 684.668 2535.89 567.72 408.947 316.767 92.1801 104.106 542.25 207.028 171.588 35.44 132.343 335.223 44.1114 559.95 23.4142
internal_count=101620 2037 99583 1944 226 97198 3154 2023 1748 94044 86466 4091 82375 7578 1718 7243 1454 1131 896 235 275 2385 656 528 128 437 1729 230 1426 82
is_linear=0
shrinkage=0.05


Tree=85
num_leaves=31
num_cat=0
split_feature=37 43 29 54 12 21 21 28 21 6 1 7 31 6 24 53 35 8 29 8 12 27 5 54 27 53 27 6 28 55
split_gain=30.7563 28.7977 27.3291 32.0787 27.2686 24.3051 22.5853 38.5315 29.0633 23.5666 39.5575 29.9086 20.2856 18.9638 18.4087 17.9197 16.8885 13.846 13.204 9.8965 14.5536 7.77816 14.9545 9.962 8.7202 7.6821 10.0826 16.0602 6.72981 6.45267
threshold=-0.87235000729560841 8.5000000000000018 -0.02730500046163797 0.94054999947547924 -0.098334997892379747 12.055000305175783 26.170000076293949 0.015594999771565201 26.694999694824222 -0.14194805175065991 -0.19867143779993054 34.516654968261726 -0.060314999893307679 -0.1072888821363449 0.087635003030300154 0.081650000065565123 14.500000000000002 -0.03658634424209594 -0.035734999924898141 0.052990019321441657 -0.11313500255346297 -0.0076249998528510323 -1.0931115150451658 0.89214998483657848 -0.017614999786019322 0.081650000065565123 -0.019325000233948227 -0.014538625720888375 0.0088149998337030428 -0.081950001418590532
decision_type=2 2 2 2 2 2 2 2 2 2 2 2 2 2 2 2 2 2 2 2 2 2 2 2 2 2 2 2 2 2
left_child=19 2 3 15 16 13 9 12 -9 10 -4 -11 -8 -5 -7 17 -3 -2 -17 25 -21 24 23 -23 -6 26 -1 -28 -18 -24
right_child=1 4 6 5 21 14 7 8 -10 11 -12 -13 -14 -15 -16 18 28 -19 -20 20 -22 22 29 -25 -26 -27 27 -29 -30 -31
leaf_value=0.056260700598229685 -0.039980104169471876 -0.045618739067624967 0.00046869396877039697 0.027966825252178029 -0.005927416201731206 -0.0031236040684928419 0.00048734206871790272 -0.090067005240531892 0.0066629231966014559 -0.0053953793210142261 0.015439171430516322 0.00034109751834293157 0.062444177289088236 -0.017343936578016594 0.0061706917837952542 0.023030991285054144 0.079009971983795557 0.0094272735547208976 0.0094044100692019846 -0.080560207631734826 0.01439395881838885 0.085593277283073324 0.014794964994482905 -0.025057754820540901 -0.06604556676466701 0.022196794249446473 -0.077713663228711163 0.013603314515738677 0.018173188329725521 -0.059989279327584612
leaf_weight=5.0625649020075825 25.963045455515385 7.8320545032620457 1327.1171384006739 25.802887856960297 7.2476288750767699 713.45324781537056 17.657223165035248 8.5388806760311109 85.724270835518837 2506.7691501639783 661.06665086746216 24281.971026010811 52.471660934388638 219.80063495784998 2103.5339334458113 349.09997840225697 7.3683858886361149 31.24536620080471 362.2456344589591 6.2362133935093906 11.434369020164011 4.4196293503046054 3.5417186133563545 3.7685954868793488 35.960113666951656 245.77219173312187 7.9902920946478888 12.11583229154348 11.866844266653059 15.542222015559672
leaf_count=45 82 36 3611 61 36 1983 47 34 257 9964 1651 74424 157 667 5424 819 19 80 929 27 52 19 23 27 225 1022 31 39 39 145
internal_value=0.00088696 0.000744269 0.000825011 0.00479348 -0.0263824 0.00250152 0.00029968 0.0187798 -0.00209941 0.00019411 0.00544634 -0.000195696 0.0468445 -0.0125836 0.00381674 0.0139266 0.016276 -0.0129954 0.0160918 0.017138 -0.0191168 -0.042765 -0.0218578 0.0346666 -0.0559614 0.0195026 -0.00680671 -0.0226866 0.0414778 -0.0461103
internal_weight=33158.6 32870 32772.5 3831.14 97.5472 3062.59 28941.3 164.392 94.2632 28776.9 1988.18 26788.7 70.1289 245.604 2816.99 768.554 27.0673 57.2084 711.346 288.611 17.6706 70.4799 27.2722 8.18822 43.2077 270.941 25.1687 20.1061 19.2352 19.0839
internal_count=101975 100759 100190 10045 569 8135 90145 495 291 89650 5262 84388 204 728 7407 1910 94 162 1748 1216 79 475 214 46 261 1137 115 70 58 168
is_linear=0
shrinkage=0.05


Tree=86
num_leaves=31
num_cat=0
split_feature=37 43 6 29 24 13 12 28 51 37 35 5 35 35 55 5 37 3 2 30 27 5 27 37 16 15 25 15 34 0
split_gain=28.032 26.3836 25.2601 24.6926 26.6253 25.6353 50.8775 33.4682 32.7509 29.6645 34.6199 33.0004 25.4869 33.6315 24.6253 22.3798 16.9696 14.7589 13.2158 14.1698 10.3631 14.6904 9.91986 9.80038 9.5674 8.85332 8.26169 8.022 13.4385 8.46333
threshold=-0.87235000729560841 8.5000000000000018 -0.032860321924090378 -0.02730500046163797 0.087635003030300154 0.073185000568628325 -0.035125000402331345 0.019284999929368499 0.016135000623762611 0.14584999531507495 9.5000000000000018 -3.2470016479492183 23.500000000000004 5.0000000000000009 -0.25214999914169306 -0.063847795128822313 1.0816500186920168 0.52059742808341991 0.047524938359856612 0.027265000157058242 -0.0076249998528510323 -4.2350854873657218 -0.017614999786019322 -0.13894999772310254 0.96635001897811901 1.0087500214576723 0.93414998054504406 1.0542500019073489 122.50000000000001 0.079741746187210097
decision_type=2 2 2 2 2 2 2 2 2 2 2 2 2 2 2 2 2 2 2 2 2 2 2 2 2 2 2 2 2 2
left_child=18 3 23 4 15 6 8 -8 -5 11 -11 -7 13 -6 -14 16 -2 -17 19 24 22 -22 -4 -3 -1 -26 -23 29 -29 -20
right_child=1 2 20 5 12 9 7 -9 -10 10 -12 -13 14 -15 -16 17 -18 -19 27 -21 21 26 -24 -25 25 -27 -28 28 -30 -31
leaf_value=0.015856616837032263 -0.0043647164429751395 0.047511125656689954 -0.0043797300460607013 -0.0031409817680319568 -0.0004299549325626048 0.0075629837676114871 -0.027170022214938656 0.076400771434187137 0.014417932174712357 0.0026559860539722493 -0.0023067826643478179 0.0011596645284593528 0.02756883589303008 0.012446025109666014 -0.009629575540512858 -0.010356211910549631 -0.065478901582024893 0.035882337576099231 0.053105601169117549 0.052219379562799755 0.067437647252861527 0.0045557417180787105 -0.064934058187653049 -0.028197933923077009 -0.090677102979247415 -0.015277964730718439 -0.052813841230344639 0.016333422313679673 -0.087265551818989776 0.01932707470387298
leaf_weight=6.6573855802416864 839.98754128068686 13.981275811791422 8.2782842963933927 3664.7613222077489 707.68807946890593 2869.508511338383 266.29149541258812 8.0354302078485471 286.31043667346239 5559.5787219405174 9551.473711092025 6733.8770540207624 51.060557380318642 1789.5570746213198 345.79894667863846 24.593522861599922 11.514382168650625 57.858121857047081 20.223581485450268 5.9973162189126006 4.4800425544381168 10.274181328713896 36.954928148537874 6.156872145831584 8.3930879980325681 7.2617165595293036 16.123932387679815 10.007656041532753 4.5550087243318549 223.26330166682601
leaf_count=18 2360 39 38 13520 1912 8247 1835 44 1151 15909 28074 21365 117 4449 966 69 44 128 44 14 13 71 232 31 38 26 145 45 23 1008
internal_value=0.00084286 0.00070714 -0.0254326 0.00078392 0.0045578 0.000284725 -0.00331429 -0.0241363 -0.00186859 0.000900044 -0.000480907 0.00307299 0.00692663 0.00879713 -0.00484357 -0.00278265 -0.00519113 0.0220904 0.0164189 -0.0160111 -0.0386083 -0.0162781 -0.0538518 0.0243645 -0.0343508 -0.0557021 -0.0304855 0.0199767 -0.016071 0.0221327
internal_weight=33150.5 32864.1 96.2495 32767.9 3828.06 28939.8 4225.4 274.327 3951.07 24714.4 15111.1 9603.39 2894.1 2497.25 396.86 933.954 851.502 82.4516 286.359 28.3095 76.1114 30.8782 45.2332 20.1381 22.3122 15.6548 26.3981 258.05 14.5627 243.487
internal_count=101975 100759 569 100190 10045 90145 16550 1879 14671 73595 43983 29612 7444 6361 1083 2601 2404 197 1216 96 499 229 270 70 82 64 216 1120 68 1052
is_linear=0
shrinkage=0.05


Tree=87
num_leaves=31
num_cat=0
split_feature=37 43 12 34 51 1 35 7 12 12 5 37 4 51 53 7 34 8 51 16 33 51 54 35 54 3 49 33 28 27
split_gain=25.9639 24.7764 23.5102 23.0714 34.0322 23.1314 21.299 23.7633 21.5265 20.6815 20.0728 40.6898 32.7364 19.691 20.4837 19.2574 25.4138 18.4317 17.0376 15.3597 15.2655 17.8754 14.7215 14.396 12.124 11.7029 9.77828 9.63184 8.26967 7.61325
threshold=-0.70875000953674305 8.5000000000000018 -0.40234999358654017 250.50000000000003 0.016135000623762611 0.40984202921390539 24.500000000000004 65.773777008056655 -0.8760099709033965 -0.098334997892379747 -4.5080099105834952 -0.18264999985694882 3.5000000000000004 0.025504999794065956 0.081650000065565123 40.484447479248054 200.50000000000003 0.032176375389099128 -0.020744999870657917 0.97214999794960033 0.020849999971687797 0.01888500060886145 1.3208000063896181 14.500000000000002 1.10904997587204 0.76953426003456127 0.67469999194145214 -0.017649999819695946 0.0053049998823553332 -0.0076249998528510323
decision_type=2 2 2 2 2 2 2 2 2 2 2 2 2 2 2 2 2 2 2 2 2 2 2 2 2 2 2 2 2 2
left_child=13 2 6 10 5 -5 7 22 -9 23 11 -4 -12 14 19 17 -17 -8 25 27 21 -20 -2 -3 -6 -16 -25 -1 -22 -11
right_child=1 9 3 4 24 -7 15 8 -10 29 12 -13 -14 -15 18 16 -18 -19 20 -21 28 -23 -24 26 -26 -27 -28 -29 -30 -31
leaf_value=-0.036973710879246821 0.0073230001847645991 -0.045463149801508063 0.013668866639927689 -0.0096739199036949171 0.052553669351344236 -0.059040796603768278 -0.034477528412044926 -0.067826158283453272 -0.0061128596235438971 -0.055192513648093369 -0.0016965775265914505 0.0014545121648306097 0.0026334648046593525 0.048869100791189723 -0.048167121036705125 0.014108601057509565 -0.01860849149433718 0.045292345424050071 -0.0013370412030540987 -0.0051065277435804694 -0.0096930363324390905 0.033962107356605979 0.040395385978750406 0.062749082080627697 -0.017159244807150597 0.049146958732931435 -0.015596944102908881 -0.13407619555997863 0.029557043768544906 -0.020097347176404101
leaf_weight=5.7534760609269142 2355.1682260781527 7.5666071474552181 747.76067120954394 611.79544750228524 29.193025939166546 24.685935501009226 78.872942954301834 15.699397772550581 141.39221331477165 37.801659990102053 14156.600308798254 7734.8244354352355 6310.9261619001627 33.310336668044329 3.3482707738876334 140.37243157625198 102.84099823236465 7.9735712707042685 281.43342465907335 20.118998199701309 15.488730728626249 41.102727338671684 34.135867238044739 12.003738753497602 7.9311624988913527 39.969400554895401 5.9600498229265204 4.5921339243650454 100.46733264625072 26.138256635516882
leaf_count=23 6117 34 2332 2317 90 131 249 57 395 242 45104 21597 19822 413 15 354 308 17 863 64 46 183 73 30 39 526 25 21 275 213
internal_value=0.000801083 0.00061999 0.000692325 0.000273276 -0.00887438 -0.0115886 0.00500798 0.00655699 -0.0122804 -0.0256556 0.000486121 0.00253124 -0.000361459 0.0116184 0.00919618 -0.00694256 0.000274421 -0.0271537 0.0117103 -0.0305654 0.00875507 0.00316134 0.0077955 0.0123877 0.0376603 0.041625 0.0367553 -0.0800749 0.0243142 -0.0408458
internal_weight=33135.2 32589.6 32500.2 29623.7 673.606 636.481 2876.46 2546.4 157.092 89.4703 28950.1 8482.59 20467.5 545.585 512.274 330.06 243.213 86.8465 481.81 30.4646 438.492 322.536 2389.3 25.5304 37.1242 43.3177 17.9638 10.3456 115.956 63.9399
internal_count=101975 99546 99002 91432 2577 2448 7570 6642 452 544 88855 23929 64926 2429 2016 928 662 266 1908 108 1367 1046 6190 89 129 541 55 44 321 455
is_linear=0
shrinkage=0.05


Tree=88
num_leaves=31
num_cat=0
split_feature=37 28 25 15 8 21 8 29 29 35 24 35 35 7 54 2 28 3 13 3 16 43 13 16 8 12 13 23 34 21
split_gain=24.4499 36.8514 35.5582 29.3924 57.0015 40.1224 39.3332 27.8013 82.5404 38.1005 43.7151 56.9556 47.6905 36.3452 35.5188 33.6041 27.8767 24.2557 24.0391 23.7306 29.8631 26.6076 23.7234 28.2026 23.6665 22.9327 22.9207 22.4685 32.9036 21.9227
threshold=-0.083049997687339769 0.023984999395906929 1.4855499863624575 0.98194998502731334 -0.00073945522308349599 13.694999694824221 0.00049918889999389659 -0.0014950000331737099 0.0032349999528378253 29.500000000000004 0.087635003030300154 5.0000000000000009 8.5000000000000018 16.408099174499515 0.99075001478195202 0.18371707946062091 0.027455000206828121 0.11338804662227632 0.33350500464439398 0.25172683596611029 1.051349997520447 6.5000000000000009 0.041184999048709876 0.98115000128746044 0.021468877792358402 -0.15861500054597852 0.40738999843597418 -53.145000457763665 54.500000000000007 18.000000000000004
decision_type=2 2 2 2 2 2 2 2 2 2 2 2 2 2 2 2 2 2 2 2 2 2 2 2 2 2 2 2 2 2
left_child=1 2 3 -1 5 -5 -6 9 19 10 13 14 -13 -2 -12 17 -15 -10 -19 25 21 -21 23 -17 -4 -9 -11 28 -3 -22
right_child=7 27 24 4 6 -7 -8 8 15 26 11 12 -14 16 -16 22 -18 18 -20 20 29 -23 -24 -25 -26 -27 -28 -29 -30 -31
leaf_value=0.013480719545639286 -0.05292250503155177 0.0077156806105981805 -0.0088617717602158738 -0.025539720823434572 0.013838253160219026 -0.0016531064848413002 0.001339802754568174 -0.05315929796885293 -0.057360167483097801 -0.020150769935796137 0.0033115944434891362 0.017973703495326756 0.0052398541272417817 -0.0025015591320206197 -0.010992458712890365 -0.0059388217876648729 0.01018930593621542 0.0084073547810110741 -0.0034503969634670146 -0.011121028605208442 0.0088970734463937121 0.013644394449314486 -0.000538871210989651 -0.053087879361813972 0.012920175058016337 -0.012994592145590372 0.0024178922863615231 0.024142135639808722 -0.12629219675686895 -0.025590875051853142
leaf_weight=789.26969714090228 34.095425128936768 18.344720423221592 857.07905265316367 241.04408856481314 1078.8384246826172 649.48866461962461 1511.3195291645825 56.908944189548492 15.226733461022375 306.33003909885883 959.62214603275061 862.81629602611065 4974.3041762411594 3917.6319661438465 792.31540288776159 100.76343740522861 486.44134978950024 2047.2336640954018 540.2008518576622 2260.1536171101034 365.80826433748007 113.92266196385026 9328.442672688514 46.285124555230141 145.93763393163681 94.641936011612415 177.79749590158463 293.53326001018286 6.1049929261207572 52.719294294714928
leaf_count=2204 217 51 3301 998 4425 2230 5069 196 55 983 2617 2116 13129 11602 2294 305 1224 5749 1531 10462 1005 887 26347 243 519 371 476 1169 26 174
internal_value=0.000761464 0.00377601 0.00277916 0.00476917 0.00279377 -0.00811859 0.00654559 0.000149333 -0.00130062 0.00189028 0.00244386 0.00474908 0.00712211 -0.00149794 -0.00315743 0.000529227 -0.00109982 0.00556142 0.00593171 -0.00880742 -0.00776169 -0.00993263 -0.000852982 -0.0207795 -0.00569253 -0.0280769 -0.0118624 0.0203063 -0.0257455 0.00455284
internal_weight=33124.6 5590.96 5272.98 4269.96 3480.69 890.533 2590.16 27533.7 15022.3 12511.4 12027.2 7589.06 5837.12 4438.17 1751.94 12078.2 4404.07 2602.66 2587.43 2944.15 2792.6 2374.08 9475.49 147.049 1003.02 151.551 484.128 317.983 24.4497 418.528
internal_count=101975 19992 18746 14926 12722 3228 9494 81983 47325 34658 33199 20156 15245 13043 4911 34230 12826 7335 7280 13095 12528 11349 26895 548 3820 567 1459 1246 77 1179
is_linear=0
shrinkage=0.05


Tree=89
num_leaves=31
num_cat=0
split_feature=37 12 21 23 21 35 35 9 35 53 35 35 34 54 35 1 30 39 35 7 12 21 7 15 29 2 30 16 33 15
split_gain=24.1424 21.3756 23.1066 70.3336 107.809 70.1348 62.9654 43.819 39.9861 32.6565 79.2947 79.7021 45.3902 36.9969 33.8914 30.4295 24.1508 19.8286 19.1116 20.9874 19.7166 19.2695 17.5119 27.142 23.25 11.849 12.7027 8.59872 8.29858 7.55605
threshold=-0.87235000729560841 -0.40234999358654017 12.429999828338625 37.475000381469734 11.414999961853029 6.5000000000000009 14.500000000000002 2.5000000000000004 14.500000000000002 0.3254500031471253 5.0000000000000009 29.500000000000004 249.50000000000003 0.84055000543594371 1.5000000000000002 0.49708414077758795 0.011295000091195108 1.0000000180025095e-35 24.500000000000004 65.773777008056655 -0.8760099709033965 14.454999923706056 40.484447479248054 1.008449971675873 -0.037684999406337731 0.047524938359856612 0.027265000157058242 0.96635001897811901 -0.076349999755620943 1.0542500019073489
decision_type=2 2 2 2 2 2 2 2 2 2 2 2 2 2 2 2 2 2 2 2 2 2 2 2 2 2 2 2 2 2
left_child=25 17 3 4 6 7 -3 -5 -7 10 13 -12 14 -4 -11 -6 -14 -2 19 21 -21 -19 23 -20 -24 26 27 -1 -29 -27
right_child=1 2 9 5 15 8 -8 -9 -10 12 11 -13 16 -15 -16 -17 -18 18 22 20 -22 -23 24 -25 -26 29 -28 28 -30 -31
leaf_value=0.015000315170545821 -0.078758860398653679 0.011662847998258946 0.017305370957237071 0.027930051734725448 -0.022825713325786048 -0.013253217806988436 -0.010029110812830616 -0.011639433159016903 0.0040584854715094909 0.0070536623338083347 0.0065640382149478099 -0.017355961335786145 -0.027424444738485466 -0.007265893790746456 -0.00095739085850120417 -0.00060808124497742182 -0.0036486271286169229 0.013802037824270169 -0.042295433190909906 -0.064528055994854713 -0.0054321176610574937 0.0043223442136710892 0.054784947676335842 0.021336300282615274 -0.0039289992644818 0.020866502616631082 0.050387664508275268 -0.092026567848543017 -0.018845714044043282 -0.016339197405350961
leaf_weight=6.606625482440001 7.0972248315811148 689.95107945799828 165.85577980056405 386.01481539383531 1021.9308276884258 480.20587005466223 649.42341693863273 85.453598778694868 1092.2329989485443 1462.1292697228491 7323.1198962442577 365.63447466120124 235.42298547551036 2007.1813848242164 13603.942353963852 181.48138963803649 195.50364749506116 812.43656194210052 64.17643004655838 15.688357904553412 140.66880172491074 1575.9037422537804 18.231491521000862 22.681257501244545 224.27870556712151 238.3910958096385 5.7885817661881438 7.2796917334198978 8.2802575007080979 14.474920921027659
leaf_count=18 27 2079 462 1052 3661 1658 2149 277 3460 4460 21137 1215 1051 6293 43020 537 657 2046 210 57 392 4142 36 56 625 1052 14 34 30 68
internal_value=0.000723721 0.000598839 0.000203078 -0.0030627 -0.00861378 0.00384329 0.00114505 0.0207581 -0.00122832 0.000793766 0.00304301 0.00542654 -0.000637581 -0.00539051 -0.000179936 -0.0194752 -0.0166378 0.0047122 0.00491833 0.0063852 -0.0113616 0.00754703 -0.00641476 -0.0256792 0.000485012 0.0153218 -0.0155677 -0.0327913 -0.0530832 0.0187367
internal_weight=33107.5 32826.6 29945.5 4586.69 2542.79 2043.91 1339.37 471.468 1572.44 25358.8 9861.79 7688.75 15497 2173.04 15066.1 1203.41 430.927 2881.16 2874.07 2544.7 156.357 2388.34 329.368 86.8577 242.51 280.821 27.9552 22.1666 15.5599 252.866
internal_count=101975 100759 93168 14873 8426 6447 4228 1329 5118 78295 29107 22352 49188 6755 47480 4198 1708 7591 7564 6637 449 6188 927 266 661 1216 96 82 64 1120
is_linear=0
shrinkage=0.05


Tree=90
num_leaves=31
num_cat=0
split_feature=37 2 8 15 8 28 35 37 49 28 27 55 12 21 15 16 16 38 7 21 7 31 44 33 31 33 49 25 44 28
split_gain=22.8092 31.2612 40.5689 49.4331 37.2372 34.1436 48.5718 30.1102 52.937 48.8551 37.3539 32.9316 29.568 36.7579 27.4686 31.5974 25.3259 24.4405 31.8342 31.4095 30.5571 44.9051 29.6476 27.1997 23.4656 23.1209 21.3455 21.1946 21.1238 21.0695
threshold=-0.083049997687339769 0.57925161719322216 -0.00051221251487731923 0.98194998502731334 0.00095951557159423839 0.0046349999029189357 21.500000000000004 -0.40249998867511744 0.28390000760555273 0.024695000611245636 -0.011454999912530182 0.082450002431869521 -0.053075000643730157 13.694999694824221 0.99844998121261608 0.99615001678466808 1.015049993991852 1.0000000180025095e-35 16.408099174499515 25.60999965667725 68.056518554687514 0.13087499886751178 -0.24755000323057172 -0.41685000061988825 -0.012775000184774397 -0.25544999539852137 0.82545000314712536 1.1050500273704531 0.096450001001358046 0.012585000135004522
decision_type=2 2 2 2 2 2 2 2 2 2 2 2 2 2 2 2 2 2 2 2 2 2 2 2 2 2 2 2 2 2
left_child=1 2 3 27 5 6 -4 10 9 11 25 -9 -10 -14 -5 -16 -12 23 19 22 -20 24 29 -2 -22 -3 -7 -1 -24 -19
right_child=17 7 4 14 -6 26 -8 8 12 -11 16 -13 13 -15 15 -17 -18 18 20 -21 21 -23 28 -25 -26 -27 -28 -29 -30 -31
leaf_value=0.012452350209510896 -0.0022725803337874072 -0.0024518978669721345 -0.054810717266336961 -0.021045877543369899 -0.00057681274909104983 0.013427573113413881 0.049040488515074247 -0.026090797230444319 0.015723762313893976 0.024261770133196719 -0.011405858253949658 0.010716587266154928 -0.021512044191937335 0.0089061916442413642 0.02161093106660476 -0.019308379259766195 0.016949700414857684 0.038132871499031523 -0.00015828289375955111 0.076861978225058136 0.099164055048554856 0.0022168466364889164 -0.032445825733354465 0.0039422609604819027 -0.012278437101787259 0.028603708147147314 0.038789335806948641 -0.0076316540835873322 0.050648053578182556 -0.035329859070375301
leaf_weight=332.60590724647045 2513.8757624328136 69.936101637780666 37.953353691846132 542.13289695233107 1185.3378999046981 521.15533168241382 16.007849425077438 295.2519743591547 707.58824303746223 81.353154055774212 165.35023561492562 76.518126875162125 143.84785883501172 320.82079581171274 94.132142759859562 94.57880212366581 150.34645558521152 31.247470527887344 16569.123684346676 8.3881902098655683 4.7395203486084929 938.4549840092659 203.68063171580434 5874.7990167289972 1402.9274592511356 419.00417119637132 98.670988157391548 217.10358292609453 7.9468847289681426 14.19361852109432
leaf_count=869 6905 342 231 2143 4096 1932 81 1095 1963 217 570 223 630 1228 270 326 492 105 48643 23 21 2515 1456 15847 6636 2085 387 760 19 54
internal_value=0.000418315 0.00333677 4.12847e-05 -0.00680696 0.00475831 0.0141439 -0.0240028 0.00759467 0.00367865 -0.010835 0.0155051 -0.0185151 0.00928873 -0.000510407 -0.0153269 0.00110285 0.00209811 -0.000171285 -0.00115581 -0.0183505 -0.000914499 -0.00625515 -0.0214573 0.00207983 -0.0119032 0.0241616 0.0174649 0.00452033 -0.0293255 0.0151866
internal_weight=33139.1 5569.7 3139.68 1280.55 1859.13 673.788 53.9612 2430.02 1625.38 453.123 804.637 371.77 1172.26 464.669 730.844 188.711 315.697 27569.4 19180.7 265.457 18915.2 2346.12 257.069 8388.67 1407.67 488.94 619.826 549.709 211.628 45.4411
internal_count=102164 19940 11095 4368 6727 2631 312 8845 5356 1535 3489 1318 3821 1858 2739 596 1062 82224 59472 1657 57815 9172 1634 22752 6657 2427 2319 1629 1475 159
is_linear=0
shrinkage=0.05


Tree=91
num_leaves=31
num_cat=0
split_feature=51 37 21 31 7 51 28 33 53 24 37 30 51 35 35 23 38 8 40 37 28 51 55 28 21 28 23 37 25 35
split_gain=24.6441 32.157 24.3651 23.2251 23.2499 37.4406 38.2555 43.7087 32.9193 28.6092 21.8121 31.4381 33.4333 32.5575 25.2873 38.3446 20.4337 19.9391 18.2781 15.9396 14.9175 14.4123 24.2247 20.1834 19.8684 22.2071 19.122 16.0752 16.2879 11.4459
threshold=0.025504999794065956 -0.29665000736713404 22.065000534057621 -0.12847000360488889 29.751860618591312 0.018135000020265583 0.0067849999759346255 0.0045499999541789302 0.15705000609159472 0.27521499991416937 0.2241499945521355 0.014595000073313715 -0.022625000216066834 5.0000000000000009 8.5000000000000018 -38.92499923706054 1.0000000180025095e-35 -0.009086728096008299 1.5000000000000002 0.34594999253749853 0.027455000206828121 1.0000000180025095e-35 -0.36294999718666071 -0.0003050000086659565 14.164999961853029 0.003084999974817038 -40.835000991821282 0.75155001878738414 2.4300500154495244 20.000000000000004
decision_type=2 2 2 2 2 2 2 2 2 2 2 2 2 2 2 2 2 2 2 2 2 2 2 2 2 2 2 2 2 2
left_child=3 16 29 21 5 6 7 -5 17 -8 11 13 -13 -6 15 -12 -2 -7 -16 -10 -4 22 -1 -23 25 -25 -26 28 -24 -3
right_child=1 2 20 4 10 8 9 -9 19 -11 14 12 -14 -15 18 -17 -18 -19 -20 -21 -22 23 27 24 26 -27 -28 -29 -30 -31
leaf_value=-0.061378654010110195 -0.10707355322837915 0.020064927970673767 -0.017924058667127245 0.013886912142202971 -0.0055480652320565142 -0.019645265556282585 -0.016374680892392173 -0.013037873492285027 0.048777266358277629 0.009064314628061931 -0.0042130713684295027 0.032718900124781215 0.0039025376429623611 0.0014454402407594854 -0.00073184861545116985 0.0053194060362308088 0.050692315765263646 0.021418762546146212 -0.0051821622699512494 -0.017566894363127413 -0.11251661624203327 -0.057438468669674281 0.01421449911089971 0.050867906886348138 -0.024660040898473665 -0.016445601286801611 0.010711018854467668 -0.041424922160489271 0.045373058891420043 -0.0066657788333762931
leaf_weight=10.32517473399639 2.1199835836887351 120.9732618033886 13.111456230282785 347.26925104111433 2181.0949516668916 66.594799973070621 955.5338325239718 266.33206314966083 69.090376324951649 124.97658096253872 1625.0986090004444 102.31472139805555 6210.0582010820508 7021.9781828485429 5730.5242268331349 3006.9513633213937 64.375081423670053 53.157767623662949 3862.2396417036653 10.418671667575834 6.1103085428476325 13.58449713885784 368.84619651734829 13.302911683917044 41.008163377642632 155.18388889729977 559.96480633318424 11.799175024032591 47.323443546891212 59.864180192351341
leaf_count=36 13 314 41 1420 7222 246 4047 1174 278 319 4784 890 17236 22822 16636 8567 738 184 11846 41 26 47 914 27 121 451 1412 39 97 176
internal_value=0.000397499 0.0155394 0.00552715 0.000274652 1.34411e-05 -0.00535886 -0.00777023 0.00220028 0.0151425 -0.0134323 0.000355461 0.00165201 0.00436961 -0.000211995 -0.00105872 0.00197505 0.0456625 -0.00141708 -0.00252363 0.0400837 -0.0479936 0.00704023 0.0143001 0.00297666 0.00404326 -0.0111308 0.00829743 0.0161259 0.0177576 0.011216
internal_weight=33121.5 266.554 200.059 32855 31633.6 1893.37 1694.11 613.601 199.262 1080.51 29740.3 15515.4 6312.37 9203.07 14224.8 4632.05 66.4951 119.753 9592.76 79.509 19.2218 1221.34 438.294 783.044 769.46 168.487 600.973 427.969 416.17 180.837
internal_count=102164 1308 557 100856 97712 7709 6960 2594 749 4366 90003 48170 18126 30044 41833 13351 751 430 28482 319 67 3144 1086 2058 2011 478 1533 1050 1011 490
is_linear=0
shrinkage=0.05


Tree=92
num_leaves=31
num_cat=0
split_feature=51 37 28 21 0 51 27 44 13 30 23 35 35 51 1 12 53 36 7 30 16 1 5 37 5 2 37 39 13 37
split_gain=23.039 26.1797 48.0327 28.2654 31.4874 32.2795 24.6436 24.8823 19.7013 41.3945 48.4436 64.2462 42.5033 39.2216 36.5593 38.2313 21.7477 27.1847 20.001 19.577 19.2537 19.1727 19.1654 18.9843 21.4232 21.9748 18.085 18.0774 17.2948 16.2015
threshold=0.015114999841898681 -0.23384999483823773 0.013075000140815975 11.989999771118166 0.65419569611549389 0.023485000245273117 -0.015395000111311672 0.053549999371171005 0.27023500204086309 0.013754999730736019 -53.725000381469719 6.5000000000000009 12.000000000000002 -0.022625000216066834 0.042917484417557723 -0.19594500213861463 0.89004999399185192 0.37510000169277197 18.034199714660648 0.01163499988615513 1.062750041484833 0.40039001405239111 1.781599283218384 0.52134999632835399 19.857790946960453 0.03168329410254956 -0.28395000100135798 0.5303499996662141 0.44507999718189245 0.52785000205039989
decision_type=2 2 2 2 2 2 2 2 2 2 2 2 2 2 2 2 2 2 2 2 2 2 2 2 2 2 2 2 2 2
left_child=8 2 3 6 22 -6 -2 -8 9 10 11 20 -13 26 19 -16 17 -15 -10 -12 -1 -18 -5 -20 25 -25 -11 -28 -4 -26
right_child=1 -3 28 4 5 -7 7 -9 18 13 14 12 -14 16 15 -17 21 -19 23 -21 -22 -23 -24 24 29 -27 27 -29 -30 -31
leaf_value=-0.045491050490513558 0.026361074012877572 0.0013351483601599613 0.046595835175339696 0.01298177624867136 -0.018846435496752498 0.03943671491746073 -0.089207662156374171 0.033560851815838975 -0.060617401640044526 0.05025415601786698 0.00049054618921291131 0.010811115085190007 -0.01603726774229702 0.00065875018812226987 0.0039421357348471773 -0.0096450916023041663 -0.0048161418321436833 0.0096419093544219542 0.0020373897907515737 -0.017755595486321239 0.014978376600080981 -0.037672155347629833 0.044651545507574046 -0.024846530531738516 -0.079327870262425049 0.00078120718068623834 0.0006663003521335879 0.080649798834601938 -0.026822278836642035 -0.011761546970380524
leaf_weight=167.51288956776261 11.106395713984965 890.84874555468559 121.56023155152798 154.75574921071529 117.16780994087458 29.798179022967815 19.537668526172641 5.2325439453124991 13.022801563143728 59.930744541808963 6627.6186937242746 219.55327950790524 448.61035186052322 3220.5755981206894 668.87028799951077 2291.0747488066554 430.67265977710485 1140.3960613645613 14012.414981093258 150.34347698092461 14.286516085267065 49.505024872720242 69.102456197142601 88.253661200404167 9.0706788748502714 1602.0357587561011 52.22589448094368 8.1694224029779416 8.5880974456667882 405.57202948629856
leaf_count=965 49 2571 874 439 401 238 85 12 67 729 19565 947 2241 9069 1788 11742 1378 3902 37879 525 39 218 167 281 35 4521 174 15 32 1216
internal_value=0.000378032 0.00659119 0.0153131 0.0068526 0.0109526 -0.0070292 -0.0355252 -0.0632736 9.80262e-05 -0.00117194 -0.00293792 -0.0143856 -0.0072151 0.00259669 -0.00193873 -0.00657473 0.00189583 0.00300785 0.00132225 8.58245e-05 -0.0407391 -0.00820351 0.0227579 0.0013723 -0.0030552 -0.000556872 0.0307949 0.0114853 0.0417512 -0.0132396
internal_weight=33107.4 1427.7 536.849 406.701 370.824 146.966 35.8766 24.7702 31679.7 15549.3 10587.9 849.963 668.164 4961.48 9737.91 2959.95 4841.15 4360.97 16130.4 6777.96 181.799 480.178 223.858 16117.3 2104.93 1690.29 120.326 60.3953 130.148 414.643
internal_count=102164 4868 2297 1391 1245 639 146 97 97296 53297 37812 4192 3188 15485 33620 13530 14567 12971 43999 20090 1004 1596 606 43932 6053 4802 918 189 906 1251
is_linear=0
shrinkage=0.05


Tree=93
num_leaves=31
num_cat=0
split_feature=37 25 8 21 27 8 15 8 7 35 24 14 32 35 21 24 21 28 21 35 44 6 53 21 16 31 31 3 34 5
split_gain=20.2515 26.5122 34.1771 26.0869 43.5162 37.138 43.9728 38.4223 35.8568 22.2084 43.5659 33.0854 31.5642 29.9837 34.6515 52.3822 84.217 31.3732 43.588 47.8442 37.1829 37.7955 34.5731 30.3194 24.5058 41.4908 30.6401 23.4157 24.9208 23.0344
threshold=-0.083049997687339769 2.0090500116348271 0.021468877792358402 15.010000228881838 -0.019205000251531597 -0.0016910135746002195 1.0000500082969668 -0.016980022192001339 28.59955978393555 1.0000000180025095e-35 -0.0066750000696629277 0.20899999886751178 1.0000000180025095e-35 10.500000000000002 11.119999885559084 0.066174998879432692 10.515000343322756 0.014955000020563604 15.234999656677248 16.500000000000004 0.40264999866485601 0.24965646862983706 0.22584999352693561 11.234999656677248 0.93274998664855968 -0.031944999471306794 -0.11401499807834624 0.59731826186180126 10.500000000000002 194.62937164306643
decision_type=2 2 2 2 2 2 2 2 2 2 2 2 2 2 2 2 2 2 2 2 2 2 2 2 2 2 2 2 2 2
left_child=1 3 -3 4 8 7 -7 -6 -1 10 11 -2 24 14 15 -11 -17 20 19 -19 21 -15 -20 -22 26 -26 -12 28 -16 -29
right_child=9 2 -4 -5 5 6 -8 -9 -10 13 12 -13 -14 17 27 16 -18 18 22 -21 23 -23 -24 -25 25 -27 -28 29 -30 -31
leaf_value=0.047790397725240123 -0.048376584974117148 -0.012106576431230523 0.018120908331696498 0.0089614338576765647 0.0043674883343503184 0.011151538387763522 -0.0045516489216795176 -0.016998845746016556 0.0093805538952994524 -0.001505639262794671 -0.0043548181597461424 0.0049969795987812151 0.033419495242540426 -0.005060461967229743 -0.0035444355130303858 -0.042676443848790574 0.042221306210968312 -0.0094545792932347189 0.020317210590644223 0.0018750016995979571 -0.031704476211485234 0.0087420725455885553 0.0041468743577268768 0.0082003179541435128 0.016957529439491255 -0.023403605770952494 -0.066009448981155058 -0.00076453794345256838 0.0063612911374143436 0.036467412720255485
leaf_weight=79.151351746171713 30.638475246727467 511.0929894708097 114.45407723635435 1889.6876931972802 337.14552722871304 915.52716313116252 868.92505287751555 559.72929858416319 261.51800744980574 243.38883018493652 30.972671777009964 554.8257646150887 28.536526814103127 7883.8136195205152 786.96147295460105 33.679182305932045 220.18412065505981 1321.7117760181427 405.39175795763731 3159.0564359948039 50.193480938673019 529.27458623796701 1790.5357777886093 921.37172480672598 79.375022940337658 321.90734338015318 57.674800008535385 5768.8160755485296 3286.7598404288292 41.843066275119781
leaf_count=452 109 1999 467 6313 953 3592 3184 2199 781 786 86 1639 69 25748 2198 114 492 3885 958 8788 164 1356 4926 2445 222 1175 213 17905 8852 94
internal_value=0.000359502 0.00311867 -0.00657596 0.00435337 0.0014719 -0.000666751 0.00350499 -0.008967 0.0183047 -0.000195122 -0.00714339 0.00220384 -0.0176985 9.49513e-05 0.00218914 0.0150682 0.0309582 -0.00125868 0.00136124 -0.00146693 -0.00312261 -0.00419213 0.00713209 0.00613874 -0.0206759 -0.01542 -0.0444678 0.00154123 0.0044477 -0.000496427
internal_weight=33084.1 5537.23 625.547 4911.68 3022 2681.33 1784.45 896.875 340.669 27546.9 1103.93 585.464 518.466 26443 10381.6 497.252 253.863 16061.3 6676.7 4480.77 9384.65 8413.09 2195.93 971.565 489.93 401.282 88.6475 9884.38 4073.72 5810.66
internal_count=102164 19940 2466 17474 11161 9928 6776 3152 1233 82224 3513 1748 1765 78711 30441 1392 606 48270 18557 12673 29713 27104 5884 2609 1696 1397 299 29049 11050 17999
is_linear=0
shrinkage=0.05


Tree=94
num_leaves=31
num_cat=0
split_feature=51 37 21 31 13 7 12 37 22 37 12 16 51 51 16 21 49 51 38 28 28 37 8 8 15 8 35 27 5 13
split_gain=20.5899 29.1877 22.1304 20.5872 20.0385 36.2257 34.0041 53.6497 36.2905 33.9598 32.534 33.7127 31.8404 27.9823 27.3097 25.7623 19.2199 19.9652 18.4817 17.8627 13.4317 12.6798 14.7295 11.2616 16.6822 11.8958 11.0218 22.3738 23.7974 17.5006
threshold=0.025504999794065956 -0.29665000736713404 22.065000534057621 -0.13515000045299527 0.093984998762607588 19.512702941894535 -0.035125000402331345 0.58735001087188732 2.8948500156402592 0.23775000125169757 -0.036845000460743897 0.98514997959136974 0.0071849999949336061 6.5000000176951303e-05 0.88765001296997081 13.184999942779543 0.23414999991655353 0.010714999865740539 1.0000000180025095e-35 0.01074500009417534 0.027455000206828121 0.85115000605583202 -0.03658634424209594 0.0079813599586486834 1.0613500475883486 0.025809884071350101 7.5000000000000009 -0.011545000132173298 24.895358085632328 0.82308000326156627
decision_type=2 2 2 2 2 2 2 2 2 2 2 2 2 2 2 2 2 2 2 2 2 2 2 2 2 2 2 2 2 2
left_child=3 18 23 21 6 16 10 8 -8 12 13 -12 -7 -5 -11 -9 19 -18 -2 -6 -4 26 -23 -3 25 -25 27 -1 -29 -28
right_child=1 2 20 4 5 9 7 15 -10 14 11 -13 -14 -15 -16 -17 17 -19 -20 -21 -22 22 -24 24 -26 -27 29 28 -30 -31
leaf_value=0.0051530681175826903 -0.094922182611312841 0.019541369796919335 -0.017283946603337534 0.0026783248963106747 -0.077177117627055203 0.0013667371504586801 -0.044053822271629323 -0.036575725997946 -0.01115231676608529 -0.016972501390158063 0.092366203430238103 -0.0034306584574490813 0.0077207703126737168 -0.0046893815359959753 -0.00080428634500223748 0.091664476536621825 -0.02569969107211802 0.0098281712070386641 0.050314552202573248 -0.013474052803831972 -0.10694988521002931 0.0003716602001804375 -0.094653797425967301 0.0040187977688823893 0.022701787854432255 -0.055309147246414919 0.013319424271170638 -0.056688130713456346 0.031139395488458368 -0.010703580513282381
leaf_weight=226.47821256518364 2.2763259336352339 119.2373638600111 13.130708187818529 2132.7563324347138 24.977934665977955 11192.844517057762 107.16075832024217 5.1100830323994186 384.6418056152761 267.12171614170074 18.744787096977234 18.00603037700057 2393.1518554836512 3256.4230175875127 11733.356495495886 16.764044132083654 104.07145696133375 63.776337377727032 58.047754462808371 19.670658126473427 6.1245813220739356 10.863656729459764 6.5288011878728858 14.806228831410406 26.890352874994278 19.679171487689018 701.95755173265934 31.037506192922592 10.263087898492811 84.991065129637718
leaf_count=587 13 316 41 7767 129 33226 838 39 2425 788 57 105 6520 11313 33887 62 628 222 738 93 26 30 27 41 65 68 1746 109 24 234
internal_value=0.000341729 0.0143516 0.00515145 0.000230629 4.37098e-07 0.000603256 -0.00261794 -0.0149135 -0.0183214 0.000774001 -0.0014539 0.0454306 0.00248599 -0.00177363 -0.00116418 0.0617059 -0.019956 -0.0122003 0.0448341 -0.0491117 -0.0458042 0.00704512 -0.0352991 0.0105839 -0.00681826 -0.0298368 0.00774337 -0.0010188 -0.0348632 0.0107249
internal_weight=33070.9 260.192 199.868 32810.7 31738.6 25799 5939.61 513.677 491.803 25586.5 5425.93 36.7508 13586 5389.18 12000.5 21.8741 212.496 167.848 60.3241 44.6486 19.2553 1072.12 17.3925 180.613 61.3758 34.4854 1054.73 267.779 41.3006 786.949
internal_count=102164 1308 557 100856 98099 75493 22606 3364 3263 74421 19242 162 39746 19080 34675 101 1072 850 751 222 67 2757 57 490 174 109 2700 720 133 1980
is_linear=0
shrinkage=0.05


end of trees

feature_importances:
Column_37=317
Column_51=224
Column_28=157
Column_21=144
Column_12=136
Column_35=135
Column_13=134
Column_27=119
Column_7=98
Column_8=87
Column_30=79
Column_23=72
Column_24=71
Column_6=67
Column_0=66
Column_1=63
Column_5=61
Column_31=60
Column_16=58
Column_53=57
Column_15=55
Column_25=50
Column_2=48
Column_36=40
Column_44=38
Column_45=38
Column_49=35
Column_33=34
Column_29=31
Column_34=30
Column_39=28
Column_40=28
Column_3=27
Column_54=26
Column_43=24
Column_9=20
Column_14=18
Column_52=17
Column_55=13
Column_22=11
Column_18=9
Column_17=8
Column_48=6
Column_38=5
Column_50=3
Column_4=2
Column_32=1

parameters:
[boosting: gbdt]
[objective: binary]
[metric: auc]
[tree_learner: serial]
[device_type: cpu]
[data_sample_strategy: bagging]
[data: ]
[valid: ]
[num_iterations: 300]
[learning_rate: 0.05]
[num_leaves: 31]
[num_threads: 0]
[seed: 7]
[deterministic: 0]
[force_col_wise: 0]
[force_row_wise: 0]
[histogram_pool_size: -1]
[max_depth: 6]
[min_data_in_leaf: 20]
[min_sum_hessian_in_leaf: 0.001]
[bagging_fraction: 0.8]
[pos_bagging_fraction: 1]
[neg_bagging_fraction: 1]
[bagging_freq: 5]
[bagging_seed: 17422]
[bagging_by_query: 0]
[feature_fraction: 0.8]
[feature_fraction_bynode: 1]
[feature_fraction_seed: 7040]
[extra_trees: 0]
[extra_seed: 6516]
[early_stopping_round: 0]
[early_stopping_min_delta: 0]
[first_metric_only: 0]
[max_delta_step: 0]
[lambda_l1: 0]
[lambda_l2: 0]
[linear_lambda: 0]
[min_gain_to_split: 0]
[drop_rate: 0.1]
[max_drop: 50]
[skip_drop: 0.5]
[xgboost_dart_mode: 0]
[uniform_drop: 0]
[drop_seed: 15215]
[top_rate: 0.2]
[other_rate: 0.1]
[min_data_per_group: 100]
[max_cat_threshold: 32]
[cat_l2: 10]
[cat_smooth: 10]
[max_cat_to_onehot: 4]
[top_k: 20]
[monotone_constraints: ]
[monotone_constraints_method: basic]
[monotone_penalty: 0]
[feature_contri: ]
[forcedsplits_filename: ]
[refit_decay_rate: 0.9]
[cegb_tradeoff: 1]
[cegb_penalty_split: 0]
[cegb_penalty_feature_lazy: ]
[cegb_penalty_feature_coupled: ]
[path_smooth: 0]
[interaction_constraints: ]
[verbosity: -1]
[saved_feature_importance_type: 0]
[use_quantized_grad: 0]
[num_grad_quant_bins: 4]
[quant_train_renew_leaf: 0]
[stochastic_rounding: 1]
[linear_tree: 0]
[max_bin: 255]
[max_bin_by_feature: ]
[min_data_in_bin: 3]
[bin_construct_sample_cnt: 200000]
[data_random_seed: 61]
[is_enable_sparse: 1]
[enable_bundle: 1]
[use_missing: 1]
[zero_as_missing: 0]
[feature_pre_filter: 1]
[pre_partition: 0]
[two_round: 0]
[header: 0]
[label_column: ]
[weight_column: ]
[group_column: ]
[ignore_column: ]
[categorical_feature: ]
[forcedbins_filename: ]
[precise_float_parser: 0]
[parser_config_file: ]
[objective_seed: 15521]
[num_class: 1]
[is_unbalance: 0]
[scale_pos_weight: 2.73553]
[sigmoid: 1]
[boost_from_average: 1]
[reg_sqrt: 0]
[alpha: 0.9]
[fair_c: 1]
[poisson_max_delta_step: 0.7]
[tweedie_variance_power: 1.5]
[lambdarank_truncation_level: 30]
[lambdarank_norm: 1]
[label_gain: ]
[lambdarank_position_bias_regularization: 0]
[eval_at: ]
[multi_error_top_k: 1]
[auc_mu_weights: ]
[num_machines: 1]
[local_listen_port: 12400]
[time_out: 120]
[machine_list_filename: ]
[machines: ]
[gpu_platform_id: -1]
[gpu_device_id: -1]
[gpu_use_dp: 0]
[num_gpu: 1]

end of parameters

pandas_categorical:null
