tree
version=v4
num_class=1
num_tree_per_iteration=1
label_index=0
max_feature_idx=24
objective=binary sigmoid:1
feature_names=cpr_width_pct vwap_dist atr_pct_rank vol_rank n_rules_fired sg_vel ema200_dist rsi14 mom5 dow rule_id direction dist_hi52 dist_lo52 vol_accel market_rs_5d market_rs_20d sector_rs_5d sector_rs_20d deliv_pct pcr india_vix conf_vol rsi_dir hi52_dir
monotone_constraints=0 0 0 1 1 0 0 0 0 0 0 0 0 0 1 0 0 0 0 1 0 -1 1 -1 0
feature_infos=[0:11.3837890625] [-0.99282163381576538:56.387290954589844] [0.0039525693282485008:1] [6.4609064764908908e-09:5] [2:7] [-14693.1376953125:7661.1708984375] [-0.98993128538131714:5.8379554748535156] [0:100] [-0.99442493915557861:181.74638366699219] [0:6] [1:11] [-1:1] [-0.99462997913360596:0.19997000694274902] [-0.87300002574920654:256.84201049804688] [0:10] [-0.028400000184774399:6] [-0.069899998605251312:6] [-0.028400000184774399:6] [-0.069899998605251312:6] none none [9.380000114440918:31.979999542236328] [0:50] [-100:100] [-0.99462997913360596:0.9946100115776062]
tree_sizes=25143 25153 25290 25335 25284 25262 25331 25329 25347 25370 25184 25271 25401

Tree=0
num_leaves=232
num_cat=0
split_feature=13 12 8 13 8 8 2 14 7 15 8 24 8 5 5 24 18 24 5 23 8 24 12 18 7 18 13 13 10 8 12 2 2 15 13 5 15 7 12 5 15 8 15 18 18 15 14 18 14 15 5 18 23 14 7 2 5 7 13 2 12 13 24 7 7 18 7 13 15 24 7 13 18 5 13 14 12 13 9 24 7 14 8 8 22 7 18 14 18 18 8 12 23 13 13 12 14 12 2 14 12 24 7 18 18 7 18 7 12 5 13 24 12 8 13 13 14 8 15 2 13 13 12 5 23 13 13 15 2 7 2 15 12 2 23 18 14 13 2 14 18 22 13 7 14 12 9 13 14 7 8 13 13 12 24 8 23 2 5 15 18 24 5 18 14 2 5 18 12 7 13 7 15 18 13 14 18 22 8 14 12 22 7 15 5 15 24 18 14 13 13 2 7 12 5 18 14 18 18 7 13 2 7 18 13 7 18 8 15 12 18 5 12 12 23 18 24 15 18 7 15 2 13 14 13 14 23 7 2 12 18
split_gain=5763.22 4503.46 4109.1 3686 3219.2 1822.62 1498.52 1110.29 876.438 788.733 862.611 700.622 490.743 474.539 613.266 414.271 402.06 527.998 479.12 371.568 369.157 345.581 344.149 343.327 290.52 273.808 261.706 253.992 248.651 239.238 223.069 264.448 214.195 208.101 203.161 232.24 202.974 190.342 180.961 179.424 174.265 160.268 158.166 157.754 157.651 155.523 144.264 141.785 140.118 137.383 127.327 147.78 125.807 123.083 117.516 112.254 109.277 106.58 105.972 111.355 103.165 102.938 102.412 227.474 180.36 100.434 99.9365 99.8865 95.513 90.5453 90.0235 88.5834 180.891 88.5264 88.2646 88.149 86.3146 86.0742 84.6523 101.489 83.9692 83.9128 83.395 82.9072 82.56 80.7336 89.5348 79.008 78.8188 78.2894 79.3661 77.6419 77.4615 76.7097 76.1173 74.5266 92.2081 71.1316 70.3211 69.6105 68.1242 66.9029 92.6666 64.0191 61.6815 61.614 60.6512 73.0711 70.9068 60.1458 60.034 59.7176 58.7163 55.9617 55.9126 70.7948 55.7271 55.4443 74.5661 55.4152 55.407 54.9184 54.6787 97.681 54.0165 53.845 58.1306 52.6814 51.9377 51.9093 51.3642 50.8972 50.4607 50.0567 49.9264 67.4193 47.6357 47.1095 47.0374 46.8855 46.7163 46.6019 46.4491 46.4467 46.2759 45.9764 45.6655 45.1575 44.9454 44.1231 44.0257 43.6946 43.1626 61.3122 43.1177 43.0212 42.6251 42.423 55.9487 45.5931 44.8774 41.8873 41.8415 41.4783 41.4484 41.1746 43.1955 40.6107 40.4281 56.288 40.1042 40.0966 38.9862 38.9377 38.7797 38.4724 37.6407 37.4295 37.179 37.0198 36.2443 36.0718 37.9943 36.0277 35.8811 35.5658 46.8032 35.5531 35.2958 35.1787 44.7266 34.7434 34.7151 33.9894 33.2045 33.1047 32.8709 39.3367 32.8292 32.6722 32.4265 32.0537 32.0284 31.7657 31.7622 31.6664 31.3984 35.8313 32.5238 35.1485 30.8616 30.4777 30.1392 30.1339 30.0589 29.9938 29.3315 29.0162 28.8196 28.4676 68.3168 28.1521 34.2079 28.0219 27.9653 27.8899 27.7407 27.1795 104.019 25.8925 45.7446
threshold=0.65613999962806713 -0.1059649996459484 0.017092538066208366 0.17691499739885333 -0.01702147256582975 -0.041758067905902856 0.61786028742790233 0.99994999170303356 88.343807220458999 1.1231500506401064 -0.053271140903234475 0.1621850058436394 0.11157948896288873 3.6081196069717412 -4.3352758884429923 -0.03062499966472387 1.0230500102043154 0.035475000739097602 3.0087412595748906 -32.034999847412102 -0.084883429110050188 -0.0019650000613182779 -0.027445000596344468 1.0920500159263613 16.595309257507328 0.9662500023841859 1.4942049980163576 0.21791500598192218 8.5000000000000018 0.023170136846601967 -0.29276500642299647 0.55337888002395641 0.7431011199951173 1.0239500403404238 0.22593500465154651 -7.9744269847869864 0.99915000796318065 62.588706970214851 -0.043054999783635133 -2.3135877847671504 1.0608499646186831 -0.094765119254589067 0.98524999618530285 1.0230500102043154 1.1487500071525576 0.98084998130798351 1.4628500342369082 0.98605000972747814 0.99994999170303356 1.0476500391960146 -2.541462659835815 0.99884998798370372 -50.485000610351555 1.9048500061035158 51.70936584472657 0.14257481694221499 -10.56473398208618 77.89768218994142 0.068755000829696669 0.20040161162614825 -0.80643498897552479 0.82410499453544628 0.11131499707698823 10.559048175811769 18.67131328582764 0.99114999175071727 57.104887008666999 0.45045499503612524 1.0017499923706057 0.46903499960899359 24.543443679809574 0.097795002162456526 1.0077499747276308 12.383343219757082 0.042954999953508384 0.99594998359680187 -0.088825002312660203 0.27442499995231634 1.0000000180025095e-35 -0.17375499755144116 34.263221740722663 1.6122500300407412 0.012684701941907408 -0.021534119732677933 4.9331500530242929 64.64447402954103 1.0186499953269961 4.0342500209808358 0.84035000205039989 1.0318500399589541 -0.00865762075409293 -0.15458499640226361 38.385000228881843 0.08084499835968019 0.51304501295089733 -0.0053550000302493564 0.99994999170303356 -0.020835000090301033 0.01584164705127478 2.2882499694824223 0.037720000371336944 -0.0031350000062957402 73.55530166625978 1.0166500210762026 1.0046499967575075 70.613708496093764 1.0939499735832217 65.987388610839858 -0.0086250002495944483 8.0906276702880877 0.39439499378204351 0.12288999930024148 -0.069095000624656663 -0.025660972110927101 1.2810500264167788 3.09111499786377 0.0057500000111758718 -0.020497648045420643 1.007350027561188 0.4652314186096192 0.78400999307632457 0.012325000017881395 -0.020835000090301033 3.1226689815521245 71.165000915527358 0.022710000164806846 0.035305000841617591 1.0205499529838564 0.9486672878265382 95.526599884033217 0.30831687152385717 1.0173500180244448 -0.58029499650001515 0.35128542780876165 64.814998626708999 1.1627500057220461 1.6921499967575075 0.052135000005364425 0.7431011199951173 0.49394999444484716 1.0262500047683718 3.0807499885559086 0.035305000841617591 80.417198181152358 6.2627501487731942 -0.023734999820590016 1.5000000000000002 0.059554999694228179 0.99994999170303356 46.059146881103523 -0.24908746033906934 0.042954999953508384 1.6145799756050112 -0.2127450034022331 0.064034998416900649 0.0043907966464757928 46.225000381469734 0.10675774142146112 -0.045615773648023598 0.99985000491142284 1.0379499793052676 -0.81048500537872303 -0.56782245635986317 1.0628499984741213 3.0304499864578252 0.51287579536437999 7.1835567951202401 1.0153500437736513 -0.29885500669479365 46.202678680419929 0.053934998810291297 46.059146881103523 1.0137500166893008 0.95954999327659618 0.23392499983310702 0.94924998283386242 1.0628499984741213 0.91834998130798351 0.013073761947453024 1.3705499768257143 -0.069095000624656663 4.8826498985290536 67.440334320068374 0.99594998359680187 -5.0338869094848624 1.0898500084877016 -0.13382499665021894 0.97984999418258678 1.0840499997138979 0.23127499967813495 0.321714997291565 0.19560386240482333 29.734869956970218 -0.065925002098083482 24.878671646118168 1.0254500508308413 2.1351499557495122 1.1627500057220461 0.94615000486373912 63.57752990722657 0.10154499858617784 0.11468930169939996 62.797069549560554 1.1946499943733218 0.075484998524189009 23.452610969543461 1.1487500071525576 0.026796962134540084 1.0520499944686892 -0.0063650000374764195 0.97624999284744274 1.7578205466270449 -0.0018750000162981448 -0.059445001184940331 78.485000610351577 0.9386500120162965 0.061824999749660499 0.9564499855041505 0.95684999227523815 41.38880920410157 1.0004499554634096 0.43340486288070684 0.057624999433755882 0.86204999685287487 0.031345000490546233 1.3479500412940981 53.164999008178718 85.950901031494155 0.82617905735969555 -0.041085001081228249 1.0379499793052676
decision_type=2 2 2 2 2 2 2 2 2 2 2 2 2 2 2 2 2 2 2 2 2 2 2 2 2 2 2 2 2 2 2 2 2 2 2 2 2 2 2 2 2 2 2 2 2 2 2 2 2 2 2 2 2 2 2 2 2 2 2 2 2 2 2 2 2 2 2 2 2 2 2 2 2 2 2 2 2 2 2 2 2 2 2 2 2 2 2 2 2 2 2 2 2 2 2 2 2 2 2 2 2 2 2 2 2 2 2 2 2 2 2 2 2 2 2 2 2 2 2 2 2 2 2 2 2 2 2 2 2 2 2 2 2 2 2 2 2 2 2 2 2 2 2 2 2 2 2 2 2 2 2 2 2 2 2 2 2 2 2 2 2 2 2 2 2 2 2 2 2 2 2 2 2 2 2 2 2 2 2 2 2 2 2 2 2 2 2 2 2 2 2 2 2 2 2 2 2 2 2 2 2 2 2 2 2 2 2 2 2 2 2 2 2 2 2 2 2 2 2 2 2 2 2 2 2 2 2 2 2 2 2
left_child=1 5 3 4 15 20 13 38 12 10 41 23 27 14 36 192 17 50 47 26 69 39 44 30 42 221 81 33 29 165 60 53 46 145 35 138 45 68 143 57 52 -2 83 48 67 -6 55 -19 -27 56 51 -9 -29 58 216 114 116 -18 59 91 161 206 64 -64 125 -61 76 85 133 150 128 72 -35 151 -47 -31 113 117 79 -66 -20 153 141 -17 -45 86 146 134 142 90 -40 -32 164 -78 101 122 -97 -56 139 106 177 227 189 201 -100 -73 107 -54 -108 -92 -80 -43 199 -26 -21 -116 -13 121 162 176 180 -58 123 -37 196 -33 -127 -52 187 -98 -118 -28 -132 155 -25 185 218 -135 -24 -90 184 -70 -72 219 -55 229 167 -115 -142 191 -1 -39 -63 -12 -121 -15 -114 211 159 -159 -160 171 205 -107 -22 166 -10 -5 169 -120 -170 -7 -153 -151 215 -152 193 -11 -104 200 -57 182 -65 -148 -124 186 -136 -62 -84 -103 -191 -60 204 -69 214 -41 197 -42 -176 -88 -75 -94 -23 -155 -3 -119 207 -34 209 -209 -164 -87 -211 -210 -122 -123 -38 -194 -51 220 -8 222 -16 -95 -203 -14 -219 -36 -229 -4 -231
right_child=9 2 8 22 6 11 7 16 28 100 19 49 225 37 25 24 21 18 80 32 92 202 34 87 66 43 131 40 -30 75 31 62 61 71 94 95 54 73 89 195 124 111 -44 84 -46 74 -48 -49 -50 136 127 -53 99 144 97 120 77 -59 149 65 70 152 63 181 78 -67 -68 119 82 -71 88 105 -74 179 -76 -77 93 -79 110 -81 -82 -83 188 -85 -86 157 112 -89 98 -91 109 -93 103 223 -96 96 129 -99 104 -101 -102 102 178 -105 -106 163 108 -109 -110 -111 -112 -113 156 147 115 -117 130 118 168 154 194 174 140 -125 -126 126 -128 -129 -130 -131 132 -133 -134 137 135 -137 -138 -139 -140 -141 148 -143 -144 -145 -146 -147 183 -149 -150 173 175 172 -154 203 -156 -157 -158 158 160 -161 -162 -163 210 -165 -166 -167 -168 -169 170 -171 -172 -173 -174 -175 198 -177 -178 -179 -180 -181 -182 -183 -184 -185 -186 -187 -188 -189 -190 190 -192 -193 217 -195 -196 -197 -198 -199 -200 -201 -202 224 -204 -205 -206 -207 -208 208 213 212 -212 -213 -214 -215 -216 -217 -218 226 -220 -221 -222 -223 -224 -225 -226 -227 -228 228 -230 230 -232
leaf_value=-0.88602661802773341 -0.87370281517441517 -0.91538556888739997 -0.8892864431424351 -0.8928366671988075 -0.8904364857941196 -0.88793990990092864 -0.9000783540229399 -0.9000783540229399 -0.90142596528814956 -0.88176051505652053 -0.88115685718225767 -0.89546437391448241 -0.88147310587228023 -0.89872495619098203 -0.90093633700380182 -0.86051140448116847 -0.88535577015206979 -0.88673405588589926 -0.86765954793525091 -0.89252300443970967 -0.88351031526484858 -0.89043358187861577 -0.89509533332657609 -0.88458387796940285 -0.88465123902107312 -0.91342876903431292 -0.8811315844380625 -0.88721064730832189 -0.90142596528814956 -0.88088178414763807 -0.89419641555981377 -0.9135496151628778 -0.88619917028091766 -0.89070729909949009 -0.8926106935391539 -0.9074879901435674 -0.90779167131027638 -0.91736296538165252 -0.90034292361248291 -0.87365510723015072 -0.88675296024590633 -0.88166336219838726 -0.89155701137928711 -0.90296459654584649 -0.88258543417264312 -0.91605003909856841 -0.88448546413206852 -0.89968717894076489 -0.90845665217680582 -0.87900802128797972 -0.9000783540229399 -0.88503402477952919 -0.8910182765677509 -0.88826024181441143 -0.88228862424263632 -0.8889839018102651 -0.8788737263013382 -0.86383702609388424 -0.89323692848306635 -0.88826024181441143 -0.89046458226866754 -0.88443233744738436 -0.87069561765062653 -0.88725504026645752 -0.88264238403702522 -0.89553382753684319 -0.90291545945428908 -0.88792212653262959 -0.90874439725127165 -0.87445372335597871 -0.89832470796752673 -0.88533161285071471 -0.8688790852870566 -0.90709304852684891 -0.90276696294021797 -0.86285499542266841 -0.87349745976771698 -0.88508416448906213 -0.89010126905857956 -0.88921228152938703 -0.88836208719974774 -0.88033318306136532 -0.89877232604165969 -0.88074502407418676 -0.88290463790574669 -0.91169358852338056 -0.88582899383334734 -0.87882467823379473 -0.90015127591616473 -0.9000783540229399 -0.91188483425643918 -0.90142596528814956 -0.89430260025268249 -0.8903875741956272 -0.88797136904531748 -0.913177387945032 -0.87999690625014848 -0.89819024450615004 -0.88786006593719946 -0.88721064730832189 -0.8707247689602452 -0.88061364571913292 -0.90903612439580173 -0.88351031526484858 -0.88566663157080594 -0.87477132298624316 -0.88721064730832189 -0.89499813883477553 -0.89476773387562047 -0.9000783540229399 -0.88698695114870907 -0.87726831410076445 -0.88818674574020984 -0.91116160755043341 -0.91651844427893847 -0.89597346159511193 -0.88569947262956483 -0.89790798608862843 -0.88135199723163427 -0.88842800132087618 -0.88773836345515345 -0.88865391553464035 -0.89736746901958953 -0.88568971784947503 -0.8895180751240761 -0.88372801733028195 -0.90766506584151396 -0.88496407167939006 -0.90645798355117757 -0.90142596528814956 -0.8751076599383828 -0.87737115207242999 -0.88322189058489042 -0.89802350180980062 -0.88977372494722418 -0.88458387796940285 -0.87849355590078149 -0.88349309544117405 -0.87392184184809107 -0.88976792954324602 -0.9095052195286778 -0.89872969484964849 -0.88019540604693403 -0.91298609521143148 -0.88237029071146367 -0.88393917642629516 -0.88932216356331872 -0.89169518534239633 -0.89189265960155795 -0.88826024181441143 -0.88181803552639859 -0.90759886886029051 -0.88207508950126734 -0.88443233744738436 -0.88465806264882718 -0.88624256443720273 -0.89305930865893257 -0.89503997755499265 -0.90597813816689987 -0.88463490451611271 -0.89475390186601444 -0.9045259644326491 -0.88941052519537644 -0.88670409034494291 -0.87823992946789298 -0.87834992520732635 -0.88365838919792761 -0.90251682402735534 -0.89649303711646966 -0.88743012919526076 -0.88754757864428246 -0.89302349954545301 -0.89798510842764157 -0.89050837787568726 -0.88572714477770242 -0.87823192307486808 -0.89959831806740254 -0.87642250559125645 -0.89348395857507379 -0.8826475003715869 -0.89422798400698345 -0.88174279661866273 -0.90139739446634204 -0.89266016285750782 -0.91314206655989238 -0.88458387796940285 -0.89868310661326145 -0.90394788724450192 -0.878873447597872 -0.90022749819730852 -0.89257029030162838 -0.89070042898015367 -0.90248820170309318 -0.89386866353856165 -0.88448546413206852 -0.88814789347946477 -0.88017986812658111 -0.88017986812658111 -0.89700540191976752 -0.89978668302909348 -0.89249983191657734 -0.90142596528814956 -0.9000783540229399 -0.8808447784755622 -0.89603675469920263 -0.88761056398987903 -0.88443233744738436 -0.89114349078759691 -0.89389881047844588 -0.91139656819735593 -0.8929967880004136 -0.89606919580611988 -0.89560368453233496 -0.88453310224751369 -0.89805189561768795 -0.884384767018489 -0.89411256244821946 -0.8895741154889879 -0.88498958288669649 -0.9000783540229399 -0.91010266777621096 -0.90190306246698337 -0.88627188868702589 -0.88091694505258977 -0.88722185732129455 -0.87565335140138278 -0.90200473698991324 -0.89778738786489465 -0.86870495596585695 -0.89982804247539816 -0.88142453344716309
leaf_weight=337.54729104042053 1339.314964056015 26.383320569992065 762.28873872756958 1971.6696860790253 158.37646555900574 555.9408483505249 205.48347020149231 124.19391489028931 43.768779754638672 491.74633288383484 1319.5736801624298 97.499157190322876 539.55529475212097 224.79307651519775 49.063117504119873 256.98237347602844 76.790624618530273 350.64594054222107 235.2781388759613 297.22954106330872 8852.2069053649902 58.218360185623169 42.050009250640869 2833.1121406555176 140.54320573806763 1573.5450716018677 2301.5529520511627 2643.4798114299774 53.060385942459106 87.904520988464355 733.4291660785675 61.33185338973999 1303.1368992328644 110.44629168510437 926.64135956764221 94.92691445350647 68.413974761962891 66.416610956192017 155.26385045051575 43.655974864959717 1095.505428314209 1782.3753976821899 54.86752462387085 309.41244959831238 596.09613537788391 112.66085815429688 2276.1924045085907 296.38701677322388 3534.1221594810486 273.32501339912415 1283.4024531841278 238.35125923156738 2880.3598992824554 2423.7968072891235 226.1885838508606 802.71509003639221 241.06827259063721 197.25570106506348 2123.3015668392181 906.05736446380615 235.38341474533081 5953.7009267807007 179.28695583343506 2294.7319185733795 950.62653946876526 636.23724246025085 38.774931192398071 514.55242347717285 142.37311840057373 695.21044993400574 35.238074064254761 889.36291456222534 274.01602268218994 47.210524320602417 494.31534361839294 447.68791842460632 292.79620456695557 4307.5120339393616 5377.6141879558563 998.93891978263855 60.432048559188843 1561.6275849342346 37.592329502105713 72.432260990142822 38.562810182571411 43.779727697372437 1317.1908779144287 365.27646088600159 96.27784538269043 174.33777713775635 751.86691665649414 436.49004435539246 186.18227100372314 131.44856905937195 519.45115947723389 30.776190757751465 56.138494491577148 78.455533504486084 7414.7297239303589 752.58804202079773 460.56691789627075 29.381468057632446 137.36411833763123 841.89061117172241 4520.7089068889618 270.31758069992065 886.25450301170349 1357.1796853542328 302.69054532051086 81.04546856880188 1736.2011351585388 1357.0649373531342 852.21672296524048 30.35028600692749 43.319316387176514 81.886330127716064 2299.8393566608429 71.503031253814697 645.60197186470032 2350.4908409118652 2863.7630093097687 647.27870678901672 23.481948375701904 56.419628620147705 567.15239810943604 30.423502683639526 33.906498193740845 40.110710620880127 52.014147758483887 36.801126003265381 203.76128077507019 1591.606612443924 2132.5786192417145 64.455416440963745 997.63764691352844 720.76307225227356 576.7275857925415 195.70027160644531 56.869091987609863 1359.9664964675903 49.389706134796143 197.20359563827515 443.43991231918335 47.586771011352539 307.43688821792603 329.95255947113037 2130.3036336898804 52.828909873962402 48.546303749084473 1716.6348314285278 1584.4420826435089 333.69909024238586 2900.7432255744934 8049.6106734275818 1003.3132195472717 68.145451307296753 722.42299294471741 227.15573906898499 100.72711801528931 144.20968198776245 163.53698062896729 36.846580505371094 1343.2358772754669 116.66145205497742 376.00990700721741 119.68990254402161 45.800650119781494 74.975078821182251 122.74953413009644 769.91963958740234 1278.3562188148499 854.16784763336182 92.550763130187988 9167.2425982952118 85.355836868286133 1831.5554301738739 103.21519613265991 2123.1252412796021 29.377264499664307 30.313238620758057 456.79535269737244 297.21351146697998 41.604749441146851 1098.9034745693207 256.51706743240356 212.9409601688385 140.08113169670105 35.408944129943848 38.422243118286133 254.9228343963623 361.21359825134277 2674.5220782756805 50.736433506011963 373.97725200653076 627.44300150871277 253.40435886383057 410.06117582321167 199.88102078437805 145.44027900695801 39.646095752716064 54.471922874450684 31.381372690200806 108.07522201538086 746.18344116210938 24.699056625366211 2081.4753177165985 500.76354932785034 401.59449505805969 120.42978525161743 27.585277318954468 925.08925557136536 37.056160688400269 67.174970626831055 282.42893528938293 67.520914316177368 1300.5679819583893 42.856364250183105 170.07198524475098 1254.9036953449249 569.93343639373779 187.08461666107178 45.411792755126953 103.40288043022156 250.3405237197876 1407.5995066165924 561.61808371543884 33.039537191390991 56.380918502807617 40.35479736328125 136.74544763565063 28.369736433029175
leaf_count=1130 3775 127 2667 7211 559 1911 803 514 178 1556 4150 365 1701 878 195 568 251 1185 594 1080 28875 203 155 9341 459 7176 7240 9019 213 270 2724 284 4386 390 3378 411 298 319 617 116 3713 5647 194 1271 1909 531 7494 1171 15344 829 5159 786 10307 8419 718 2798 729 463 7803 3130 833 19596 475 7833 3050 2400 161 1768 623 1979 135 2958 708 205 2025 1043 817 14299 19031 3493 205 4856 145 221 119 200 4412 1107 381 685 3380 1761 690 463 1786 144 168 303 25516 2551 1233 86 603 2721 15122 769 2997 5091 1130 320 5905 4037 2941 139 208 308 7694 275 2033 8144 9837 2246 88 184 1989 94 149 128 224 147 581 4743 6903 248 3513 2358 1743 631 154 4790 220 770 1372 220 979 1074 7464 187 172 5918 5030 1439 9246 26755 3308 225 2647 850 429 471 609 156 4710 391 1130 356 144 308 466 2631 4378 3129 357 32608 281 5528 406 6241 105 92 1696 938 166 4009 1170 693 546 149 111 1013 1314 9533 209 1382 2047 871 1268 606 556 155 195 125 456 2334 91 7137 1616 1436 443 127 3388 138 251 926 260 4274 156 594 4157 2143 829 186 344 780 4801 1627 136 216 97 540 84
internal_value=-0.88743 -0.888765 -0.89212 -0.894894 -0.899675 -0.886979 -0.901784 -0.896291 -0.88645 -0.88302 -0.88355 -0.887878 -0.887197 -0.9054 -0.906961 -0.881579 -0.891398 -0.893938 -0.885795 -0.884286 -0.88282 -0.882498 -0.890505 -0.888702 -0.878277 -0.908826 -0.8827 -0.8879 -0.872501 -0.870484 -0.889066 -0.889713 -0.885588 -0.884266 -0.894646 -0.900868 -0.898076 -0.898735 -0.903858 -0.8775 -0.888866 -0.877885 -0.868103 -0.909401 -0.889582 -0.902195 -0.887435 -0.892552 -0.910006 -0.885741 -0.898544 -0.891393 -0.889764 -0.890647 -0.890471 -0.888737 -0.886135 -0.869366 -0.891063 -0.893632 -0.887701 -0.884396 -0.888077 -0.885705 -0.888815 -0.891209 -0.882631 -0.889906 -0.894955 -0.879419 -0.887337 -0.881038 -0.87485 -0.904536 -0.905388 -0.865544 -0.881707 -0.88678 -0.888589 -0.885952 -0.871497 -0.883759 -0.900025 -0.864502 -0.90065 -0.89077 -0.89038 -0.88536 -0.887168 -0.907527 -0.90902 -0.896888 -0.884125 -0.879175 -0.892682 -0.903799 -0.894582 -0.886146 -0.887383 -0.890872 -0.876323 -0.894066 -0.897111 -0.886471 -0.88702 -0.88302 -0.891456 -0.892275 -0.888614 -0.910683 -0.889327 -0.879719 -0.888404 -0.889808 -0.895721 -0.903044 -0.884256 -0.887548 -0.88821 -0.888153 -0.888139 -0.885612 -0.906068 -0.899404 -0.88543 -0.904651 -0.896521 -0.900078 -0.894817 -0.887751 -0.884035 -0.879558 -0.882448 -0.891261 -0.885875 -0.887693 -0.882304 -0.886821 -0.881867 -0.890421 -0.908835 -0.902851 -0.881405 -0.900078 -0.887876 -0.888619 -0.891495 -0.899396 -0.901136 -0.890624 -0.880381 -0.907226 -0.883759 -0.883759 -0.887267 -0.8955 -0.890366 -0.895343 -0.894148 -0.89074 -0.899188 -0.891336 -0.889397 -0.878056 -0.88351 -0.883806 -0.892279 -0.893213 -0.886382 -0.884575 -0.888284 -0.890954 -0.905403 -0.890111 -0.886421 -0.879856 -0.89124 -0.877376 -0.905923 -0.89493 -0.890821 -0.886793 -0.887489 -0.890432 -0.911633 -0.88968 -0.89082 -0.892388 -0.887515 -0.894757 -0.895641 -0.891806 -0.896146 -0.890329 -0.887216 -0.885503 -0.884128 -0.885478 -0.892443 -0.8862 -0.899611 -0.888238 -0.900078 -0.884432 -0.905618 -0.887926 -0.886893 -0.88779 -0.890204 -0.892894 -0.890836 -0.90415 -0.900853 -0.88712 -0.887957 -0.88575 -0.902093 -0.894043 -0.883831 -0.900078 -0.904117 -0.893335 -0.890584 -0.883907 -0.887505 -0.878376 -0.891761 -0.891719 -0.884344 -0.890403 -0.895982
internal_weight=181662 139463 48478.1 32565.7 15593.2 90984.8 13966.9 5538.8 15912.4 42198.8 39123.3 74840.8 15114.5 8428.14 6834.79 1626.3 3366.2 2628.8 942.743 34644.6 16144 737.4 16972.4 54037 1321.36 5653.52 15570.2 14013.3 797.912 744.852 48767.2 33127 19074.4 2918.16 3107 751.916 1181.27 1593.35 2172.6 571.107 11095.2 4478.76 384.282 5455.64 13865.4 765.353 7516.86 647.033 5107.67 20803.8 1686.06 362.545 8822.55 21125.1 415.914 5240.67 18698.8 274.046 18393.9 2712.21 15640.1 11557.6 12001.9 2812.84 9189.04 1542.29 937.083 13269.3 968.686 4448.76 14193.2 1660.8 384.462 624.662 606.976 535.592 898.308 13965.2 9063.38 1949.57 295.71 11677 415.591 329.415 347.975 8923.79 8207.33 5269.81 13870.4 1162.51 988.176 1169.92 11695.3 674.585 2355.09 652.997 123.716 304.644 13391.7 6179.07 3075.44 1835.64 812.259 2467.05 11935.4 1276.34 5426.48 4237.54 1188.95 832.912 7113.82 3139.44 2931.48 223.722 422.435 125.206 4733.68 9657.64 7237.93 4345.55 4818.24 2419.71 529.282 151.347 2272.6 125.662 64.33 1323.51 322.807 92.9396 4636.18 3893.16 2336.34 553.094 4904.53 2071.42 2104.96 260.156 98.9191 1456.24 377.935 339.577 478.678 1010.09 2731.23 1257.36 5275.85 83.1792 97.936 15681.7 3753.54 492.666 8854.44 10115.4 3353.8 292.939 1574.64 716.465 635.63 371.365 264.264 1446.96 4421.3 386.979 9228.22 209.259 89.5694 2046.64 2816.63 1415.52 1401.11 1410.11 426.25 10883.9 2178.64 3416 991.745 2614.87 166.741 131.996 1259.51 2633.55 2336.34 3229.21 279.999 1350.66 1137.72 270.792 76.0146 645.518 616.136 4797.82 304.93 888.53 3558.73 297.06 1705.45 1295.39 230.796 1356.84 101.682 1625.16 166.294 8795.79 51.0824 2152.98 2703.11 2202.35 899.213 496.355 2268.33 80.8359 94.7602 402.859 2931.28 1947.85 111.27 253.848 1528.23 962.502 392.568 197.878 152.466 381.789 1438.98 1101.17 203.112 1023.38 96.7357 927.404 165.115
internal_count=621839 485517 175864 122080 61708 309653 56562 21099 53784 136322 127292 257644 51580 35463 29225 5146 12102 9742 3155 113833 52009 2360 60372 187969 3989 24635 50078 48252 2204 1991 170411 116693 63755 9581 11611 3013 4590 6238 8997 1701 38671 13459 983 23910 48761 3115 25728 2356 22520 69675 6587 1300 31095 75275 1475 18234 62946 714 65877 10015 53718 38027 41418 9412 32006 5530 3006 46852 3631 13667 48522 5216 1098 2607 2556 1313 2845 47403 31479 6543 799 38095 1649 789 1390 31844 29147 17558 47316 5002 4317 4485 38342 2060 8598 2704 459 1021 45809 22076 9030 6812 3121 8337 40638 4118 19525 15398 4127 3700 24936 9684 10155 785 1596 516 15543 33104 25018 15008 16638 8086 2245 595 7576 527 243 5287 1206 315 15178 11983 7484 1982 16451 7110 6729 879 309 5171 1650 1393 1507 3995 9398 4365 18992 326 392 55862 11688 2115 28842 33239 11452 1103 5588 2697 2359 1321 1038 5196 15510 1160 30005 678 322 7519 9508 4664 4844 5040 1796 38526 7357 10558 3556 7797 708 492 4494 8937 7999 11473 1258 4752 4059 982 256 2413 2327 17336 1157 3150 12144 987 5587 4319 837 4567 400 5616 659 29089 218 7412 9185 7569 3183 1814 8098 338 378 1369 10097 6520 454 939 4986 3775 1632 725 539 1243 4926 3328 730 3691 313 3291 624
is_linear=0
shrinkage=1


Tree=1
num_leaves=232
num_cat=0
split_feature=0 13 12 13 5 5 0 0 24 6 17 7 17 23 6 7 12 24 23 13 12 24 7 24 6 0 6 0 1 6 13 17 0 17 13 7 22 7 17 17 5 22 13 7 2 17 2 7 7 3 2 6 3 3 2 0 6 6 13 13 17 6 17 5 1 5 1 17 7 5 12 0 2 22 23 3 12 7 1 7 1 2 6 12 6 24 17 6 13 7 6 3 3 3 17 13 0 0 17 22 0 6 17 13 7 1 17 23 13 3 7 6 12 22 2 22 6 2 1 13 6 7 24 12 0 17 13 22 6 1 12 6 7 0 17 1 7 3 24 13 1 3 6 17 7 12 13 6 3 22 13 17 0 12 24 1 6 12 12 1 13 13 2 6 2 6 2 2 7 7 7 1 6 3 5 22 1 22 1 0 0 7 9 7 1 1 22 1 13 23 12 22 10 12 1 24 3 7 2 6 5 17 24 24 22 22 2 24 2 6 7 17 7 13 2 7 7 1 22 1 17 3 0 7 0 3 24 5 13 13 24
split_gain=7969.17 5458.7 8347.12 1648.66 1421.48 1290.51 1054.93 891.64 754.55 693.317 548.066 522.673 516.464 488.849 451.465 422.239 368.968 346.309 288.205 278.919 355.464 246.422 238.719 263.016 258.881 233.69 228.151 216.147 214.656 203.082 197.445 196.999 187.408 184.918 184.031 187.449 175.689 166.006 165.013 200.548 163.858 161.051 159.764 158.945 155.604 153.089 151.147 150.695 144.923 142.52 136.978 135.729 130.111 124.181 117.623 113.218 110.748 110.444 116.415 109.519 108.665 106.697 104.545 104.353 133.468 101.668 100.409 100.233 100.212 97.86 94.8323 91.6598 91.3482 90.9006 89.9534 89.2231 130.142 89.0785 88.9362 88.3871 87.8709 86.7555 86.4958 83.658 107.801 79.0589 76.0266 74.4976 74.2136 73.1608 71.7931 71.1077 71.0544 70.1379 69.9242 68.6412 68.4107 80.87 68.0112 67.4644 66.6482 66.3285 65.5849 73.2624 65.4371 65.4313 64.9574 64.2924 63.5936 63.2841 62.8375 61.5703 69.8788 67.8816 61.0253 90.5574 64.5233 60.7196 60.5958 59.867 59.5215 59.0096 58.9712 58.7295 57.583 57.5704 57.3326 56.858 56.5768 59.8967 55.754 55.578 55.4695 53.7344 53.1325 53.0851 52.4905 77.6128 51.7562 51.6241 51.475 51.3937 51.3035 51.1105 79.7289 50.743 91.1836 60.456 78.2112 50.0792 50.0682 49.9852 55.7089 49.7498 49.7239 49.5984 49.5332 47.8416 47.6663 47.0355 46.5762 46.2977 45.894 45.665 45.3688 44.6922 43.8966 42.2639 42.18 42.0887 41.7647 41.7501 41.5481 41.4868 41.3627 40.9402 49.4208 40.8257 40.3162 40.2827 39.8799 41.2708 39.8335 39.7916 41.4223 39.7823 39.2656 38.8764 38.1348 37.8598 37.7081 37.7034 38.9256 37.6889 37.3266 35.8876 35.5937 34.6889 34.2382 33.6756 33.6673 33.2457 33.0294 32.5385 32.4639 32.3508 32.2932 31.9862 31.3121 31.2276 31.161 73.7946 52.9029 40.1049 39.9038 46.6259 39.5862 31.034 31.0306 30.6473 30.4737 29.5927 29.2121 29.156 28.5658 28.4589 30.7595 28.3148 28.2111 27.7052 27.4799
threshold=0.57941213250160228 0.19184499979019168 -0.10995499789714812 0.65613999962806713 6.9602661132812509 -4.3352758884429923 1.0599417090415957 0.32253520190715795 0.15855499356985095 -0.10819030180573462 1.0186499953269961 85.950901031494155 1.0647500157356264 34.305000305175788 0.41525591909885412 81.474449157714858 -0.066935002803802476 0.093194998800754561 38.385000228881843 0.088555000722408309 -0.074404999613761888 -0.21794500201940534 18.67131328582764 0.026455000042915348 0.26746354997158056 0.66060611605644237 0.097466882318258299 0.6891896426677705 0.087547320872545256 -0.21657326817512509 1.0113500356674197 1.0823499560356142 0.40958213806152349 1.0239500403404238 0.08084499835968019 95.526599884033217 6.1276500225067148 95.526599884033217 1.0000500082969668 0.99985000491142284 -5.6051185131072989 19.09584999084473 0.31498999893665319 42.699665069580085 0.62077134847641002 0.98045000433921825 0.75111594796180736 18.67131328582764 76.581069946289077 0.6291777789592744 0.95247507095336925 0.24082423001527789 1.5733256340026858 0.84429365396499645 0.13840073347091678 1.9503627419471743 -0.10550203546881674 -0.02429608907550573 0.041154999285936363 1.0113500356674197 0.98884999752044689 0.013564999215304853 0.9256500005722047 8.3376317024230975 0.022058817557990554 3.2423853874206547 -0.043237209320068352 1.0137500166893008 20.625006675720218 2.2999125719070439 -0.05845499970018863 0.6891896426677705 0.73922333121299755 4.0649499893188485 69.33499908447267 1.5936859250068667 -0.013104999903589485 52.246408462524421 0.25502465665340429 72.003097534179702 0.49650415778160101 0.29250356554985052 0.028210114687681202 -0.18702500313520429 0.12068354338407518 0.20743000507354739 1.0027499794960024 0.19154822081327441 0.13468000292778018 27.885784149169925 0.1987981125712395 1.2680750489234927 0.75833037495613109 1.2391743659973147 0.98524999618530285 0.096055001020431532 0.40958213806152349 0.36740072071552282 0.97995001077651989 4.4743499755859384 0.17751385271549228 0.050220394507050521 1.0291499495506289 0.22326499968767169 48.730741500854499 0.90665319561958324 0.9848499894142152 73.225002288818374 0.052135000005364425 1.3137421607971194 52.798263549804695 -0.64068999886512745 -0.28380499780178065 0.89104998111724865 0.41900998353958135 3.473850011825562 -0.12790241092443463 0.91683137416839611 0.13695954531431201 1.8599799871444704 0.10346282646059991 62.215795516967781 0.072930000722408309 -0.070134997367858873 0.011888577137142422 0.99985000491142284 0.23661499470472339 3.2667499780654912 -0.0827224627137184 -0.34640684723854059 -0.046125000342726701 -0.026767038740217682 48.874322891235359 0.1021820977330208 0.93404999375343334 0.64003509283065807 70.27915191650392 1.0194716453552248 0.015685000456869606 0.27734500169754034 0.090271778404712691 0.51560983061790477 0.0054548378102481374 0.95195001363754284 41.763889312744148 -0.07875999808311461 0.052135000005364425 0.061129601672291763 0.89300280809402477 3.7526500225067143 0.068755000829696669 1.0898500084877016 0.0025735407834872608 -0.0042250000406056634 0.037365000694990165 0.011845475528389217 -0.099895443767309175 -0.14066500216722486 -0.020835000090301033 -0.0097089763730764372 0.64710998535156261 0.090295001864433302 0.51287579536437999 -0.22836315631866452 0.14257481694221499 0.16174624860286715 0.63247057795524608 0.63656747341156017 10.559048175811769 37.708318710327156 47.914899826049812 0.22207222133874896 -0.04530364274978637 1.3024187088012698 -7.1830711364746085 9.5633497238159197 0.26699733734130865 6.5727500915527353 0.002154408255591989 1.9503627419471743 0.45448246598243719 54.460882186889656 4.5000000000000009 55.904218673706062 -0.14858308434486386 0.16465727239847186 1.4559499621391299 0.1908499822020531 0.31181499361991888 55.284999847412116 -0.014184999745339153 2.345350027084351 8.5000000000000018 -0.24894500523805616 -0.19358111917972562 0.06623499840497972 0.94553858041763317 52.519500732421882 0.9723728895187379 0.017475557513535026 9.0749030113220233 0.96895000338554393 -0.027135000564157959 -0.038334999233484261 12.519500255584719 1.0646499991416933 0.17507062107324603 0.16545500606298449 0.08316864445805551 -0.03348985128104686 58.706041336059577 0.99594998359680187 82.60248184204103 0.17933499813079837 0.22330927103757861 30.743899345397953 47.204170227050788 0.060847807675600059 2.1955499649047856 -0.067575469613075242 1.0229499936103823 0.51997435092926036 0.42964056134223944 36.409126281738288 0.32913671433925634 1.403008818626404 -0.0067749998997896901 0.75312939286232006 0.19704500585794452 0.055779999122023589 -0.22926499694585797
decision_type=2 2 2 2 2 2 2 2 2 2 2 2 2 2 2 2 2 2 2 2 2 2 2 2 2 2 2 2 2 2 2 2 2 2 2 2 2 2 2 2 2 2 2 2 2 2 2 2 2 2 2 2 2 2 2 2 2 2 2 2 2 2 2 2 2 2 2 2 2 2 2 2 2 2 2 2 2 2 2 2 2 2 2 2 2 2 2 2 2 2 2 2 2 2 2 2 2 2 2 2 2 2 2 2 2 2 2 2 2 2 2 2 2 2 2 2 2 2 2 2 2 2 2 2 2 2 2 2 2 2 2 2 2 2 2 2 2 2 2 2 2 2 2 2 2 2 2 2 2 2 2 2 2 2 2 2 2 2 2 2 2 2 2 2 2 2 2 2 2 2 2 2 2 2 2 2 2 2 2 2 2 2 2 2 2 2 2 2 2 2 2 2 2 2 2 2 2 2 2 2 2 2 2 2 2 2 2 2 2 2 2 2 2 2 2 2 2 2 2 2 2 2 2 2 2 2 2 2 2 2 2
left_child=1 2 9 8 5 32 11 10 12 21 19 13 16 22 17 18 44 31 30 57 61 79 23 -2 43 95 37 106 66 173 47 54 45 82 35 40 50 68 39 60 135 165 -17 70 90 77 175 56 94 -41 -22 75 -45 158 59 -49 -8 150 117 141 69 149 -23 64 100 -51 131 145 -18 -30 134 -72 156 174 119 76 185 154 -50 88 89 -63 86 -46 143 151 121 157 98 -65 107 164 -29 -60 206 -13 97 109 99 163 110 130 103 -70 168 127 -25 128 -12 -68 -42 -100 113 -113 115 116 -15 -59 -74 191 222 186 180 -62 -90 195 -104 229 129 -3 142 -9 -35 -78 -24 183 197 -138 189 172 221 -5 -40 -85 -145 146 -47 148 -147 -21 159 152 219 -39 178 -94 -66 -76 -27 -7 201 -124 -44 198 -16 228 177 -99 -64 -61 -102 -38 205 -10 -19 176 -20 -129 -4 -48 -96 -182 207 184 230 -28 -6 -86 -130 -93 -53 -56 -193 -114 -174 -98 -91 -84 -1 -188 -139 -141 -97 -168 -33 -31 -34 -136 -126 -178 214 213 -213 -212 216 -216 -154 -202 -156 -36 -132 -118 -109 -220 -148 226 -134 -110 -14 -88 -11
right_child=6 3 4 14 33 7 15 28 29 34 108 25 41 114 91 42 26 73 46 20 36 62 24 27 -26 53 51 92 38 139 -32 204 48 132 85 -37 171 153 101 49 63 -43 162 52 83 67 179 55 78 65 -52 190 -54 -55 74 -57 -58 58 93 169 123 81 104 80 72 -67 96 -69 102 -71 71 -73 118 -75 87 -77 133 -79 -80 -81 -82 -83 136 84 187 -87 105 -89 124 196 -92 138 155 -95 122 202 125 167 111 -101 170 -103 126 -105 -106 -107 -108 120 227 -111 -112 112 193 -115 -116 -117 140 -119 -120 -121 -122 -123 161 -125 208 -127 -128 166 188 -131 220 -133 225 -135 182 -137 137 200 -140 160 -142 -143 -144 144 -146 147 224 -149 -150 -151 -152 -153 210 -155 218 -157 -158 -159 -160 -161 -162 -163 -164 -165 -166 -167 203 -169 -170 -171 -172 -173 194 -175 -176 -177 209 -179 -180 -181 181 -183 -184 -185 -186 -187 199 -189 -190 -191 -192 192 -194 -195 -196 -197 -198 -199 -200 -201 217 -203 -204 -205 -206 -207 -208 -209 -210 -211 211 212 -214 -215 215 -217 -218 -219 223 -221 -222 -223 -224 -225 -226 -227 -228 -229 -230 -231 -232
leaf_value=0.017592412244859846 0.014502885079496063 0.0092806859390367862 0.016409705129682269 0 -0.0025412441168163801 0.0010491116997131773 0.021076663628763859 0.0096352760427865971 0.0204666713547751 -0.00075341877927859538 -0.0037387048165855082 0 0.00055918159089157705 0.014502885079496063 0.0080827016590387258 0.038293743390282159 -0.010818641199020564 0.020449444433934021 0.016384414277096544 -0.002728849387431123 -0.0079236261428258428 0.023483117841893893 0.02084479210222967 0.025534891362627793 0.021793559708936733 0 0.012128924772123933 0.014502885079496063 -0.002730613488837044 0.010235214190591008 0.024582251168695213 0.01882815610950073 6.5360432109195132e-06 0.0011575911193500055 0.0063389028804936047 -0.016806455031736407 0.01894105214435627 -0.013140941670140996 -0.0075640770797475035 -0.01053655684494114 0.00577591594383608 0.024638264339362323 0.0075007444401050984 0.014758231317398882 0.01673316069611638 -0.0041520245032623977 0.01865259143530229 0.019477754107920284 0.0068882350082860432 0.0050853297677788938 0.0059412811199895249 0.020152837665568024 0.019626531146720239 0.032792186181147938 0.01383725621942241 0.02362267374088306 0.036660612860746351 -0.015021194594825666 -0.010086324469240815 -0.013949968225745334 0 0.0021046000167106805 0.0036037165303255598 -0.0066907142635721766 0.015591910079780226 0.018592230036551364 0.0052171803521552243 0.012464417361407925 0.0025470770589907559 0.017186564153154643 0.014502885079496063 0.031545025329048022 -0.0025680125603799058 0.023397211394046526 0.011594829075934517 0.013950866510767261 0 0.00017767108234101979 0.031885040230325817 -0.0049579943420264456 0.023590444525767057 0.021353024110577889 0.0067400351210611959 0.01593065603348524 0.018324168021498125 0.013810909277315594 -0.009014828224908766 0.012543627672496305 0 0.0079198986374622721 0.021001521573577056 0.029630734744553536 0.022855425531412031 -0.0033135839813368904 0.0082423308306529917 0.028869663085674156 0.00056054794554246919 -0.0070462003543955189 0.005265581297651473 0.019451503776913969 0.010618134578969277 0.0038583330152071279 0.020501940985343269 0.0076912931908039561 0.011891347034763499 -0.01412615092958377 0.014502885079496063 0.0092806859390367862 0.0040380068028209627 0.02175287993950208 -0.0052037326246017982 0 0.0030988613592876565 0.012933493566799664 0.014502885079496063 0.014502885079496063 0.0085622750994422351 0.0003083108777727744 0.018220570934403515 0.018852597266383636 -0.0037154310795637609 -0.0035341206421729728 0.0022801021711385048 -0.013833567695878181 0.013153299903856748 0.014605526835710798 0.0092479659359092168 0.00029462471087657549 0.010368528811240901 0.015192975503829496 -0.013203575574413479 -0.009602720400713553 0.015588450912237591 0.0069292198665807546 0.016201689041210086 0.025091839887471129 -0.0029070065697948348 0 0.019748594322028058 0.018612607495021371 0.0079265692713456175 0.014835178133025947 0.0059527527585300395 0.0075756384811325878 0.012389167763977211 -0.0059979886867623745 0.011983071485974524 0.010036224057175828 0.001694699700273381 0.011444966918879017 0.0087771579867291678 0.020426673657039943 0.007888344207865482 0.0054312839597360531 0.0063496791777767391 0.034426553620743948 -0.0016567926271050921 -0.0019845359347842612 0.020807515530633109 -0.008115774408110718 0.0016385396624732569 0.022834989680329001 0.025737910214594883 0.01086756567275371 0.019748594322028058 0.018764139897155908 0.019881529815403674 0.0049482174237019333 0.017382397076392799 0.0022067604261508159 0.0050592492847607393 0.0059412811199895249 0.0038234050412144158 0.029790402314920358 0.016968346719367925 0.019477754107920284 0.017492269054552683 0.013358392834580677 -9.7409252498175731e-05 0.021076663628763859 -0.010189111023135458 0.0036374495382492092 0.014573094581196317 0 0.013561942344451757 0.0094418916466470944 0.013092291522607165 0.013409165988671692 0.011901407624301676 0.021815123056359909 0.011539013239108437 0.014917841402232434 0.017823627131224765 0.01208105589192051 0.012781872332844568 0.012684264022892064 0.013600554862812964 0.016109890535353718 0.0013504641461642348 0.00063819939954031955 0.0023132409296960231 0.015746413594654968 0.012108625022058219 0.0011497316716556436 0.025614205577866922 0.016888158658502524 0.015187550948914576 0.019110033790506128 0.018598847211626458 0.011137990210983783 0.0014979470082824261 0.0094733313113519943 0.020148403200959716 0.015165636977067656 0.0050535504529718193 0.012275826168350344 0.011226739895215979 0.017978677442104678 0.0254318780376315 0.021643722872839742 0.0010207670922824708 0.013395256798427962 0 0.012733838543999907 0 0.020900938027986656 0.0034232217001538795 0.014597132523188578 0.01459060433735913 0.00029462471087657549 0.0093117921328645607
leaf_weight=452.95645113289356 224.60703697800636 490.18791241943836 35.422825932502747 56.186097800731659 33.357374459505081 137.22454228997231 240.27512080967426 32.035810172557831 389.2998311817646 58.706062868237495 49.441877707839012 56.714842468500137 33.417610764503479 888.06168785691261 81.884805932641029 294.42784126102924 50.788149565458298 1359.6834858804941 3292.8530727177858 184.98230724036694 2259.8458503633738 496.10738910734653 1142.809337630868 113.27579462528229 2088.4000526070595 31.296064525842667 1976.6957776993513 56.103760629892349 199.34968741238117 223.58658634126186 2509.2287945002317 940.66139151155949 34.567503035068512 50.475820317864418 44.538964092731476 49.002549901604652 58.303591504693031 95.225751116871834 142.7491292655468 88.409794509410858 669.90046979486942 475.48276500403881 38.583764791488647 8512.0608891397715 1604.2995143681765 120.32202473282814 4240.0326227843761 7754.3658210933208 46.038244158029556 751.7053597420454 133.62797220051289 362.02210046350956 1277.7946444749832 599.77022135257721 5002.4817192554474 1429.2483189553022 190.47789788246155 1152.2044384330511 1778.6412470787764 32.97424378991127 77.626706823706627 76.508685022592545 51.876008808612823 43.195241197943687 27.649369359016418 120.96061605215073 239.68949043750763 150.40900662541389 662.99195170402527 53.923405796289444 87.132114112377167 204.42294144630432 31.311476111412048 937.38078299164772 70.981636673212051 1060.5621939599514 259.05421961843967 119.1277347356081 96.04819430410862 44.385688200592995 93.742869392037392 118.23888538777828 127.90408110618591 642.36262476444244 918.28555063903332 2309.9678831994534 70.978747546672821 1214.9119895845652 40.920342862606049 594.32680127024651 156.72501218318939 466.12634339928627 154.25096096098423 366.17974914610386 73.008317172527313 41.032662898302078 137.29647134244442 130.65920166671276 308.4674809128046 487.30613894760609 1138.1680066585541 87.784641042351723 120.72716811299324 2854.5636427551508 604.7990809828043 40.606978386640549 142.58360989391804 347.8615337908268 79.71597558259964 53.092455789446831 105.25087542831898 75.53509321808815 271.19428677856922 3218.5200161188841 13052.023738354445 3333.9550504088402 425.76176507771015 44.336064413189888 80.908025547862053 895.23632928729057 83.80718120932579 57.372128993272781 46.123458012938499 222.75117716193199 423.71390379965305 344.25771746039391 416.63626374304295 218.3864804059267 6780.8900404572487 1523.5293879061937 300.41493634879589 100.21383535861969 247.12620101869106 984.34128279983997 1831.1005657762289 66.177932292222977 108.42769455909729 38.703918263316154 386.95545430481434 1501.5907314568758 1132.8417137116194 259.75903625786304 73.45325343310833 860.76281617581844 3751.6296596378088 423.32790757715702 205.71594196557999 85.430413842201233 556.9659067094326 56.155802801251411 45.148046284914017 110.83874273300171 1401.9640006870031 30.071332141757011 55.010414525866508 520.85082972049713 653.06685809791088 119.68625320494175 41.851370066404343 335.99567577242851 45.894828334450722 42.869029328227043 474.71641466021538 839.36374832689762 2706.1136616170406 773.08729073405266 60.20084922015667 83.562032118439674 3524.1244057416916 135.56084069609642 378.89136037230492 30.781966239213943 110.98543295264244 213.09755130112171 2451.9318052381277 525.44075109064579 234.19980067014694 53.547614768147469 72.426860809326172 1145.9036196321249 80.610226392745972 66.540344193577766 1176.1963979452848 45.106733366847038 1090.3775817751884 3084.9428667873144 355.15057201683521 705.8591178804636 7809.436915948987 346.06804290413857 198.79387357831001 4485.9725167304277 1513.6429377794266 140.57197079062462 1390.288260564208 69.56662218272686 409.83070376515388 334.00051839649677 31.964217901229858 53.629941985011101 39.712524488568306 3618.0023694038391 100.78915144503117 30.739464804530144 260.25169087946415 1121.9429903179407 273.60060782730579 2399.3602375239134 841.53795532882214 840.70172552764416 336.18953981995583 1630.063598960638 98.928551495075226 42.686847761273384 201.8070198148489 4098.3379947543144 1681.3580047786236 104.89280644059181 106.05800844728947 143.51843847334385 24.265713408589363 1032.5227047652006 62.161902740597725 100.81496831774712 41.127943024039268 257.9108340293169 59.675594732165337 221.9828358143568 1843.1113634109497 184.36871629953384 176.88598118722439
leaf_count=1458 811 1761 112 224 140 545 732 112 1201 239 210 227 131 2976 295 669 232 4204 10819 770 9923 1460 3509 318 6335 127 6873 188 830 791 7298 2975 137 198 163 238 181 444 627 402 2514 1378 138 28553 5240 510 13485 24556 167 2863 501 1125 4004 1521 16968 4222 443 5425 7984 158 314 299 197 189 87 382 910 516 2590 171 297 528 131 2772 244 3598 1040 476 241 190 273 359 473 2116 2934 7843 318 4190 163 2174 478 1246 455 1535 264 104 548 570 1163 1529 4030 336 369 10493 2102 193 529 1239 303 156 449 303 1048 11064 43537 11191 1543 176 254 2831 352 243 179 1040 1449 1160 1498 874 24096 5081 1392 450 814 3649 6026 186 452 156 1212 4771 4144 867 274 3158 12989 1820 715 302 2197 194 161 339 5134 111 202 1283 2671 492 123 1480 178 123 1349 2955 8416 2449 184 315 11407 529 1433 128 423 564 7963 1632 753 179 293 3446 364 254 3949 182 3715 11091 1217 2406 27223 1045 693 15008 4860 485 4782 237 1395 1101 124 212 153 11966 346 120 739 3654 909 7578 2678 2950 1323 5851 304 138 760 14209 5907 332 298 433 94 3529 250 343 166 786 227 743 6194 736 632
internal_value=0.0137253 0.0116396 0.00793196 0.0139374 -4.90437e-05 -0.00183098 0.0176041 -0.00403925 0.0125208 0.0121892 -0.00675601 0.0162714 0.011745 0.0160368 0.0168965 0.0199337 0.0113003 0.0160342 0.0195712 -0.00761952 -0.00440932 0.0147524 0.01756 0.0235797 0.0171627 0.026802 0.00932316 0.0268449 0.00175967 0.016202 0.02103 0.0149945 0.00630811 0.0092958 0.010478 0.00842137 -0.00640799 0.00673168 -0.000798732 0.00161438 0.0086599 0.0171001 0.0297753 0.016573 0.0122309 0.00414267 0.0178383 0.0200877 0.0121048 0.00538432 -0.00712297 0.0106968 0.0154065 0.0306891 0.0145123 0.0196813 0.028367 -0.0100284 -0.010943 0.00763704 -0.00484773 0.0068312 0.0172301 0.00727267 0.005927 0.00708907 0.00638611 0.00204175 0.00721 0.00157681 0.0182253 0.0263534 0.00104658 0.0192902 0.014757 0.0101793 0.00952902 0.0107845 0.0245201 0.0131224 0.0108381 0.014212 0.00713917 0.0137789 0.0130736 0.0114421 0.00471157 0.0112932 0.0132436 0.00956266 0.0114641 0.0211318 0.0307005 -0.00895823 0.00902615 0.013041 0.00779593 0.00400818 0.0125287 0.0148423 0.00759226 -0.00664745 0.00745748 0.00673771 0.0164541 0.00157999 0.0153321 0.0113689 0.00968461 0.00863449 0.00421168 0.0114592 0.0119568 0.0126346 0.0145029 0.0130997 0.0114571 -0.0144203 0.0121958 0.0151584 0.00625191 0.0087107 0.00416946 -0.0103417 0.0163476 0.011147 0.0119996 0.00277089 0.0115169 0.0137977 -0.00844468 -0.0044827 0.0158331 0.00548361 0.0178396 0.0126757 0.010767 0.005862 0.0242286 0.0155955 0.0102754 0.0123199 -0.00276015 0.0120693 0.0115079 0.000884059 0.00522628 -0.000589553 -0.00159818 0.000554751 -0.00401218 0.0108729 0.01075 -0.00833695 0.0140505 0.0320103 -0.00079972 0.0030124 0.0120261 -0.00538814 0.0164869 0.0132351 0.0245221 0.0130559 0.0197486 0.0156928 0.00623075 -0.0021762 0.0171986 -0.000998304 0.00927543 0.0117895 0.0139405 0.0240271 0.0182433 0.0160094 0.0154828 0.00318852 0.00539994 0.0194778 0.000133589 -0.00374599 0.0171801 0.0119672 0.012394 0.010509 0.01041 0.0162557 0.0111952 0.026488 0.0172868 0.0148466 0.0156704 0.00635971 0.0121599 0.00501201 0.0103287 0.0136919 0.0166269 0.0115813 0.011211 0.0166105 0.0179698 0.0143263 0.020422 0.0158503 0.0136391 0.0178792 0.0168599 0.0126268 0.0105843 0.00895461 0.010158 0.00330274 0.0110383 0.0119519 0.00973557 0.0141475 0.01731 0.0184614 -0.0120176 0.0120425 0.00840531 0.0198363 0.00995187 0.017054 0.0134359 0.0120396 0.0143643 -0.00201216 0.00666712
internal_weight=182725 118847 45487.9 73359.5 15821.8 13294.6 63878 10463.1 49635 29666 7129.32 40667.6 41020.3 39796.1 23724.5 23210.5 37895.2 19737.3 22402.7 6778.17 2918.45 11853.3 19930.9 1211.67 18719.3 871.454 12157.4 987.065 3333.77 8614.69 12123.6 14988.3 2831.57 2527.17 17812.7 5712.5 2482.56 4231 2143.39 1514.73 5663.5 3125.1 807.728 16630.9 25737.8 2072.16 10279.1 9614.37 759.406 961.076 2393.47 7926.41 9789.86 672.918 13787.4 9183.61 430.753 3859.73 3341.36 484.48 553.651 435.886 4676.91 4226.24 3085.15 872.666 1190.37 1583.3 4105.71 253.273 6841.02 291.555 792.936 4749 13302.9 7365.6 6305.03 488.861 142.086 7176.44 1141.1 194.748 1911.98 8483.2 6878.9 12100.2 1158.34 1405.58 7132.05 1047.35 17254.6 3987.15 731.206 2144.82 617.319 198.537 1058.12 507.003 5825.88 1811.59 2292.21 628.668 4054.92 3517.56 4180.8 658.829 255.859 17097.9 351.141 292.782 775.151 4014.29 3705.82 3294.06 19865.2 6813.14 3479.19 1196.54 112.22 11897.3 493.831 499.51 309.151 300.378 1306.17 551.121 537.363 618.222 16604 2013.72 540.883 132.25 615.188 1243.4 6549.47 1437.25 753.642 291.737 1199.15 8012.29 2591.13 315.945 216.202 5254.76 4612.39 1432.89 367.166 1065.72 980.294 241.138 518.368 9790.23 9679.39 125.297 369.733 675.102 680.716 190.668 73.1474 473.22 5165.49 88.9925 513.3 1324.28 2788 2649.62 362.874 214.221 3576 168.535 1517.06 89.0856 2846.8 602.397 3811.62 4893.2 4367.75 271.934 107.85 5385.94 220.159 147.151 5406.66 1371.08 1325.97 5061.64 442.138 1624.14 14590.3 812.194 560.816 11002.1 5999.62 411.766 1501.27 206.863 1004.16 461.905 484.921 408.781 183.309 5119.59 141.822 90.9403 1200.91 1345.53 308.168 4230.46 1265.25 1074.9 9491.34 2107.87 1728.99 378.876 7383.47 4300.15 3083.32 144.605 261.883 188.057 324.681 1458.28 410.023 206.873 246.844 564.713 306.802 301.699 1876.53 255.347 235.592
internal_count=621839 415616 166767 248849 63796 54688 206223 44100 171611 102971 30917 133731 143281 131283 77238 72492 133129 65024 70336 29661 12355 39775 64363 3584 60779 2448 43806 2773 13183 28330 37251 50085 10588 9108 63196 20792 10733 15737 8725 6002 20554 10152 2156 54444 89323 7950 33085 29953 2638 3647 10424 28069 32557 1771 46371 28778 1175 17306 15120 1778 2355 1622 15166 15600 11569 3245 4458 6226 15182 1001 21887 825 3143 14939 44593 26251 22653 1724 408 24609 4031 658 7083 28843 23603 42404 4416 4926 24419 3758 60480 12214 1926 9519 2230 677 3896 1951 20129 6066 8426 2723 14950 13083 13706 2604 847 60002 1256 1066 2963 14063 12900 11367 66920 23383 12192 5601 385 39667 1841 1812 1184 1354 4290 1945 1867 2411 58161 6842 2387 562 2025 4689 21062 4954 2667 1093 3503 26565 9216 1091 901 18263 16147 5710 1391 4319 4017 964 2186 34561 34222 555 1248 1738 2758 736 250 2025 16915 302 1487 4537 8711 8774 1357 885 11604 687 5463 309 9650 1765 12167 16154 14522 1053 405 16931 882 618 17553 4768 4586 17964 1569 5340 51319 2291 1818 36836 19868 1533 5205 785 3569 1574 1582 1429 641 16737 450 304 3714 4445 1046 13604 4127 3703 33626 7616 6155 1461 26010 14969 11041 485 843 596 1486 5072 1489 641 881 1827 1041 1046 6325 1054 871
is_linear=0
shrinkage=0.0136102


Tree=2
num_leaves=232
num_cat=0
split_feature=0 13 12 8 13 8 0 0 6 12 5 7 23 17 6 7 8 5 8 23 12 3 6 17 23 14 7 0 8 23 14 16 6 13 7 12 13 0 17 13 8 5 23 13 7 6 13 13 0 8 6 12 5 7 16 6 8 2 7 7 23 3 17 22 7 7 12 17 1 2 10 7 3 8 14 6 12 7 0 1 17 5 13 2 10 7 6 8 16 14 2 7 17 13 13 3 8 13 0 17 14 6 0 7 1 13 7 23 17 17 16 2 12 16 1 0 16 5 12 2 12 6 17 22 12 12 1 8 8 13 8 12 8 12 6 5 12 17 3 8 2 3 17 16 16 2 13 7 1 2 14 8 17 22 1 2 5 3 16 17 16 7 14 16 12 2 14 0 6 6 14 1 1 0 1 6 5 16 22 10 3 2 6 6 6 7 16 0 13 1 6 16 13 0 12 23 12 5 22 7 2 16 7 8 1 3 16 2 17 2 1 14 23 7 17 1 6 8 22 16 6 5 7 7 1 6 5 12 2 12 12
split_gain=7620.48 5236.35 8052.8 2351.45 1576.19 1286.18 1000.32 920.003 664.096 653.045 510.34 496.929 462.254 460.641 430.307 400.098 338.43 328.313 288.764 263.682 242.883 270.339 237.877 235.389 235.124 231.142 242.755 221.568 218.809 199.108 197.223 215.258 180.859 176.658 182.701 176.164 171.825 169.729 168.593 163.844 159.789 157.562 151.063 149.14 140.347 155.523 144.68 135.457 133.383 132.206 131.894 131.522 129.866 214.928 122.091 118.269 116.971 111.062 109.677 107.306 115.204 101.793 100.401 99.8807 99.6719 99.6601 132.938 99.4667 99.024 98.131 96.4799 96.1047 94.1211 93.619 90.508 88.9073 86.7762 85.8735 85.6532 82.2008 118.118 88.9533 81.5912 80.1883 77.8984 74.5816 103.846 74.4473 73.8986 73.0806 70.3111 69.0802 87.5003 67.6423 67.5966 66.7805 66.0209 65.3813 62.8218 62.7718 93.9441 68.7635 62.5176 111.689 61.4656 60.983 59.7022 58.3716 63.0477 57.2286 56.9908 56.95 56.605 56.1479 60.9708 54.2739 54.1903 61.252 54.1404 67.8404 54.0706 54.0295 54.0111 53.2733 52.2482 51.0885 51.0869 50.5199 50.3547 49.5559 48.6795 48.6313 47.986 47.506 46.8594 46.2378 47.1074 45.0297 66.201 44.6299 44.4888 44.3466 44.2465 43.844 43.4342 43.1971 42.8883 42.6224 42.0837 41.4358 41.3316 40.9459 40.9098 40.5649 40.2952 39.3969 39.3278 39.0827 38.6805 38.0801 37.3786 39.3494 37.2617 43.1107 37.2059 36.8595 48.7536 45.0026 36.7311 36.5282 36.3868 36.3777 36.1186 48.2377 36.0649 35.905 35.2033 34.6098 34.4872 48.1981 34.3686 33.9544 33.9373 33.8866 33.1594 33.1067 32.5849 32.5634 32.476 32.0657 32.038 41.4962 31.8273 31.8231 31.7557 35.7827 31.5744 30.5863 30.5657 29.3583 28.8817 64.7505 28.8568 28.1537 27.7951 51.0874 45.366 27.7103 27.6211 32.4745 27.5339 27.0922 27.0454 27.0189 29.3004 26.6898 26.5812 26.3271 26.2021 35.4586 26.1823 25.2103 25.0609 25.0435 25.0396 24.971 24.8592 24.754 24.2261 24.1289 23.9476
threshold=0.57941213250160228 0.19184499979019168 -0.10995499789714812 0.016686211340129379 0.65613999962806713 -0.014691111631691454 1.0599417090415957 0.3104884028434754 -0.10819030180573462 -0.16412000358104703 7.8512628078460702 85.950901031494155 34.305000305175788 1.0608499646186831 0.41525591909885412 81.474449157714858 -0.041758067905902856 -4.1691627502441397 -0.084883429110050188 28.474999427795414 -0.017184999771416184 1.2188555002212527 0.1987981125712395 1.1231500506401064 -1.0000000180025095e-35 0.99994999170303356 20.625006675720218 0.81656745076179515 0.0086687514558434504 38.385000228881843 0.96485000848770153 1.0343499779701235 -0.22836315631866452 0.08084499835968019 95.526599884033217 -0.030275000259280201 0.15647500008344653 0.6891896426677705 1.0823499560356142 0.80979999899864208 0.016686211340129379 -13.056623935699461 -32.76499938964843 0.31498999893665319 20.625006675720218 -0.10819030180573462 1.0332600474357607 0.321714997291565 0.35715524852275854 -0.048249162733554833 0.011589614208787681 -0.061455000191926949 0.6166084110736848 48.467449188232429 0.9662500023841859 0.27346448600292211 0.11157948896288873 0.56159114837646495 81.474449157714858 54.033458709716804 1.0000000180025095e-35 1.0194716453552248 1.0621500015258791 5.5988500118255624 6.4213404655456552 42.135799407958991 -0.034044999629259103 0.9256500005722047 0.011845475528389217 0.13439798355102542 8.5000000000000018 61.659574508666999 0.88819143176078807 -0.024425173178315159 0.88604998588562023 -0.076138913631439195 -0.026455000042915341 72.003097534179702 0.66060611605644237 -0.014510617125779389 1.0214499831199648 -2.7853826284408565 1.0113500356674197 0.72336220741271984 8.5000000000000018 70.613708496093764 0.028210114687681202 -1.0000000180025095e-35 1.0767499804496767 0.99994999170303356 0.6444971263408662 27.248369216918949 0.9848499894142152 0.096055001020431532 0.029205000028014187 1.2680750489234927 -0.030257654376327988 0.13468000292778018 0.39341193437576299 0.97995001077651989 0.94394999742507946 -0.34605772793292994 0.55513432621955883 75.475830078125014 0.038791989907622344 0.062964998185634627 75.475830078125014 58.895000457763679 0.99594998359680187 0.95534998178482067 1.0335499644279482 0.18647430837154391 -0.003035000059753656 1.0318500399589541 0.3037832379341126 0.011888577137142422 1.009649991989136 -17.651185035705563 -0.0086250002495944483 0.71937766671180736 -0.16567499935626981 -0.023007147014141079 1.0264499783515932 0.83384999632835399 -0.55670997500419606 -0.07875999808311461 0.22972898185253146 -0.10174180567264555 -0.042776694521307938 0.052135000005364425 -0.084883429110050188 -0.53674501180648793 -0.017485039308667179 -0.86953997611999501 -0.1350605636835098 9.0749030113220233 -0.0042250000406056634 1.0239500403404238 1.2903614044189455 0.010804174467921259 0.14257481694221499 0.51560983061790477 0.99085000157356273 1.0134499669075014 1.1575500369071963 0.51287579536437999 0.67489498853683483 72.346542358398452 0.19427335262298587 0.96840023994445812 1.0716499686241152 -0.050709072500467293 0.98684999346733104 3.2667499780654912 0.58528107404708873 0.67992094159126293 0.75312939286232006 0.68653741478919994 1.0046499967575075 0.97154998779296886 1.1188499927520754 41.183811187744148 2.5321500301361088 0.95684999227523815 -0.16732499748468396 0.54332983493804943 0.83425000309944164 0.16460507363080981 0.23117756843566897 0.0085201179608702677 1.4773499965667727 -0.012108248658478258 0.35167449712753301 0.40356811881065374 0.15055096894502643 0.03861676715314389 74.591781616210952 0.97385001182556163 6.9532001018524179 8.5000000000000018 1.3024187088012698 0.83403640985488903 -0.087246801704168306 0.062530960887670531 -0.060841120779514306 57.735174179077156 1.0077499747276308 0.39004258811473852 0.061215000227093704 0.32306247949600225 0.041076056659221656 1.0553500056266787 0.14739499986171725 0.2122675105929375 -0.10739500075578688 -39.754999160766594 -0.013104999903589485 3.8692890405654912 12.519500255584719 44.120645523071296 0.91683137416839611 1.0022500157356264 61.117132186889656 0.018914619460701946 0.096037533134222045 0.7977731227874757 1.0398499965667727 0.61555257439613353 1.0434499979019167 0.38733786344528204 0.072693180292844786 1.1449499726295473 -32.034999847412102 34.605171203613288 0.95434999465942394 0.59570816159248363 0.13977748900651935 0.013450222089886667 4.557849884033204 0.91114997863769542 0.50010401010513317 2.0265734195709233 54.460882186889656 95.526599884033217 0.56542727351188671 -0.046799656003713601 -3.2904914617538448 -0.099624998867511735 0.90928685665130626 -0.16567499935626981 -0.143605001270771
decision_type=2 2 2 2 2 2 2 2 2 2 2 2 2 2 2 2 2 2 2 2 2 2 2 2 2 2 2 2 2 2 2 2 2 2 2 2 2 2 2 2 2 2 2 2 2 2 2 2 2 2 2 2 2 2 2 2 2 2 2 2 2 2 2 2 2 2 2 2 2 2 2 2 2 2 2 2 2 2 2 2 2 2 2 2 2 2 2 2 2 2 2 2 2 2 2 2 2 2 2 2 2 2 2 2 2 2 2 2 2 2 2 2 2 2 2 2 2 2 2 2 2 2 2 2 2 2 2 2 2 2 2 2 2 2 2 2 2 2 2 2 2 2 2 2 2 2 2 2 2 2 2 2 2 2 2 2 2 2 2 2 2 2 2 2 2 2 2 2 2 2 2 2 2 2 2 2 2 2 2 2 2 2 2 2 2 2 2 2 2 2 2 2 2 2 2 2 2 2 2 2 2 2 2 2 2 2 2 2 2 2 2 2 2 2 2 2 2 2 2 2 2 2 2 2 2 2 2 2 2 2 2
left_child=1 2 8 5 9 59 11 10 24 19 17 12 25 20 16 18 130 125 146 32 22 40 49 29 67 -2 37 50 36 44 35 52 180 34 41 105 54 132 42 74 47 222 72 -17 45 -20 144 48 142 194 188 -38 102 87 -19 127 178 62 65 60 73 226 111 71 75 66 -51 -1 -39 82 -67 -30 199 150 88 -43 98 97 110 91 81 -81 141 184 113 86 90 -54 128 -29 153 92 -66 -37 -55 140 -34 99 -5 100 131 124 227 -104 109 121 -86 116 152 -62 174 143 -80 114 203 -99 117 -35 119 120 -71 -9 170 -103 211 129 -24 -28 -14 207 -6 228 -27 -113 -125 136 156 138 -60 -87 -16 -44 -22 176 162 -45 -8 -76 -50 -75 -4 -93 171 -12 -130 -63 -42 -137 185 -119 161 181 163 -46 -82 167 -167 -127 189 -124 -100 -109 173 -95 -52 -116 183 -84 179 221 -3 -129 -135 -21 -77 -31 -179 -123 -13 -128 225 -192 -171 -92 213 -196 -90 -106 -40 -18 201 -156 -154 -78 -110 -206 230 -7 209 -120 -49 -101 220 214 -11 -23 -184 -212 -161 -220 -142 -15 224 -115 -10 -145 -33 -32 -26 -59 -207
right_child=6 4 3 76 14 7 15 30 33 13 85 27 39 56 95 43 38 28 23 57 21 215 126 -25 77 26 55 89 63 158 31 61 96 107 -36 93 51 68 198 -41 135 64 69 145 46 -47 -48 210 148 58 78 -53 53 94 -56 -57 -58 229 137 -61 104 155 -64 -65 79 70 -68 -69 -70 118 -72 -73 -74 149 147 83 84 -79 112 80 164 -83 177 -85 106 139 -88 -89 196 -91 193 151 -94 172 -96 -97 -98 115 122 101 -102 123 103 -105 197 -107 -108 108 204 -111 -112 133 -114 223 175 -117 -118 159 208 -121 -122 187 169 134 -126 165 168 160 154 -131 -132 -133 -134 182 -136 157 -138 -139 -140 -141 212 -143 -144 190 -146 -147 -148 -149 -150 -151 -152 -153 202 -155 200 -157 -158 -159 -160 218 -162 -163 -164 -165 -166 166 -168 -169 -170 192 -172 -173 -174 -175 -176 -177 -178 186 -180 -181 -182 -183 216 -185 -186 -187 -188 -189 -190 -191 191 -193 -194 -195 195 -197 -198 -199 -200 -201 -202 -203 -204 -205 205 206 -208 -209 -210 -211 217 -213 -214 -215 -216 -217 -218 -219 219 -221 -222 -223 -224 -225 -226 -227 -228 -229 -230 -231 -232
leaf_value=0.023084570336531159 0.015937986430447991 0.020006227587645736 0.013634295157984394 0.013588070130922817 0.024988431016267007 -0.0077724874554119259 0.022044309198731054 0.00062502489813499244 0.013688216200438608 0.01350766071004967 -0.0069372704918850428 0.0092941838890049158 0.01453682687429033 0.015663517059894445 0.0079529395283586928 0.037205421878295862 0.018174315369969052 0.0011835842490808817 0.016642544972997393 0.0094181465816550805 0 0.012428828224364818 0.018751376112434961 0.02394680369580339 0.016174834504378222 0.026043419500042915 0.024100231347735548 0.015141798972332875 0.0053491722742023892 0.015414148276376426 0.010962478860349142 0.010949401771939513 0.017988162886544444 0.014506438402228396 -0.016706155017576794 -0.017341533972442643 0.012235850673189221 0.020007600565347426 0.018372801058349618 0.015937986430447991 0.010247637075352523 -0.0014406253123072231 -0.00084035920495386708 0.0073885957736105215 0.019211002668063689 0.035755727889484126 0.022810106747717277 -0.0051210261893142343 0.012428828224364818 0.0082922475895792127 0.01358952187361828 -0.0049713049690024991 0.0023501120444526166 0.018950901497206931 -0.010325900223924486 0.023848756786611996 0.022196045544244519 0.015440609489745552 -0.014820784278882389 -0.00028669348570008857 -0.0074775778938464803 0.010949401771939513 0.015450438585951661 0.014836271488224808 0.012369268868885584 0.010187465947292114 -0.010145815270937808 0.016174834504378222 0.032563168137856827 0.015067012255422892 0.012505969909851634 -0.0066738775917132053 0.018699619465003849 0.01045082168032937 0.01453682687429033 0.024460515506969479 0.0051300849857584489 -0.0049059776288745954 0.031570351313227434 0.0083924360678019755 0.0053373634946075766 0.00011421591770091574 0.0066951402896298431 0.034542450603152468 0.013639775460680664 -0.01014311399512483 0.015517887241714257 0.014234539212306019 0.01453682687429033 0.035924310428577952 0.004293652626020922 0.017283284549743705 -0.0050812729920557591 -0.0095567707222539901 0.00062502489813499244 0.023664967135612038 0.015450438585951661 0 0 0.0062604878868117025 0.016174834504378222 0 0.00062502489813499244 0.028024654937346589 -0.0088955172116511223 0.00062502489813499244 -0.0095076864341088804 0.0099009377736059001 0.0099009377736059001 0.01045082168032937 0.022359835331786471 0.0023044966074830192 0.011073985153452892 0.020940024442661267 -0.0052176717357594552 0.016174834504378222 0.013251437293741146 0.012926300497996422 0.015072872263348178 0.015072872263348178 0.011153407109861018 -0.0036219723281356434 0.00098652948308673846 0.013571607146131853 -0.0043374553177658306 -0.0097240771953683858 0.0013712743499955115 0.017459339627658811 0.011406774664882912 0.0090006670725055159 0.019398056489620393 0.0089826800498174642 0.015937986430447991 0.015450438585951661 0.009773641047371601 0.0040587201026683539 -0.0017357362606161802 0.0097997303823767565 0.0082597539633462551 0.0034524094602880959 0.018352841660344819 0.013708172091791071 -0.011003815341238231 0.010296225866025724 0.022749363200051938 0.025126811425278766 0.026816511858461518 0.015937986430447991 0 0.025806707427634405 0.024585216264328674 0.0084462802187414403 0.0055493415600645583 0.003934826053453756 0.0097488805630213376 0.030596377259141189 0.0013217608877625884 0.012428828224364818 0.016642544972997393 0.0099009377736059001 0.021996096059060697 0.015937986430447991 0.022850321541790581 0.016642544972997393 0.020600161427411157 -0.0056881377530884573 0.0044095537376139726 -0.00034378164750643604 0.017072409043378558 0.022619906006807841 0.012946472450063608 -0.0033391454810389287 -0.012343564355268533 0.00062502489813499244 -0.0015903469453810519 0.012268503338440874 -0.0031836366077239767 -0.014447026097880178 0.018155481088936186 0.018155481088936186 0.02857040490555646 0.022738860801515087 0.012377935620132258 -0.00026398819072998508 0.0064908178368943406 0.010232886466377423 0.00061412652150061233 -0.014530952353638374 -0.0094073967219172952 0.011857108384532113 0.011936425720170552 0 0.0055809527224339297 0.019107550190927157 0.015183031227393741 0.0064213920604677755 0.0065876529290935584 0.0066040060161466777 0.024631632607303722 0.015072872263348178 0.013592819099388139 -0.0032385541911010896 -0.0075634490348278167 0.020741873025272226 -0.0049559529790321579 -0.0048184419758035748 0.013251437293741146 0.0069301812320246101 0.013143731052094394 0.0063858771916033711 0.0079657515093947539 0.012641960094612539 0.018003380637118795 0.018194308409293095 0 0.019004153642888606 0.0011509998786158203 -0.00041047005662089766 0.019119299257878662 0.011112584457256708 0.023664967135612038 0.0099428892779131473 0.001113418505418475 0.034801689232179543 0.025496276359968036 0.014508128240025274 0.00062502489813499244 0.00062502489813499244 0.0031209763316112243 0.0034462111244377221 0.0099009377736059001
leaf_weight=491.3390826433897 11880.393065959215 398.7647545337677 167.98386214673519 966.03835189342499 520.82250295579433 65.815404951572418 1625.8495724648237 92.444499760866165 740.02513837814331 110.25855033099651 121.05890896916389 31.103809043765068 715.85817170143127 257.61540015041828 82.159257799386978 299.01445060968399 793.82771606743336 169.29344978928566 139.01433621346951 2189.5122989416122 76.578055500984192 902.7264564037323 853.83476974070072 1497.708827406168 223.42375954985619 107.21993459761143 259.4367543309927 52.25230173766613 180.9337637424469 2713.4878667145967 70.414102301001549 28.197649419307709 2255.1844702214003 873.77019037306309 48.655029758810997 147.30323089659214 96.152453616261482 217.32208660244942 1080.8824145495892 3987.7736211419106 260.77826596796513 34.697569832205772 40.780310481786728 38.703347310423851 2586.1287869513035 217.89176033437252 1833.9644269347191 35.382147297263145 56.698504984378815 2339.6490102857351 53.074675694108009 434.31227788329124 136.37294352054596 32.757814779877663 5026.9076645821333 669.70965838432312 603.21081314980984 2751.612324655056 63.234576523303986 144.11488223075867 29.220788195729256 43.699560537934303 836.05096882581711 64.865655124187469 76.451076254248619 14452.13260897994 69.143297791481018 4036.4224995523691 509.43344408273697 1171.2135855555534 4760.5412661135197 351.66050399839878 2137.8746235817671 533.6216091811657 7799.8380743712187 30.315147995948792 35.942804902791977 44.293833956122398 175.88263575732708 341.61800028383732 60.10798841714859 821.99940103292465 51.66006375849247 56.07828563451767 45.770632371306419 80.554500907659531 181.98855300247669 468.99048511683941 1339.9850446283817 363.71732723712921 78.83159302175045 110.42625857889652 149.1888896971941 93.016199588775635 635.14193460345268 1211.049328789115 5653.5258079767227 40.920342862606049 198.23365545272827 453.32435019314289 918.27222420275211 64.679781287908554 35.967566266655922 39.713945180177689 73.117616787552834 605.48528407514095 29.167053610086441 108.58766041696072 1352.8661925941706 152.98365415632725 83.382887333631516 90.929225757718086 44.284023687243462 179.79590359330177 35.620776116847992 1275.9239012300968 3114.2734261453152 1102.2240833491087 64.360945373773575 4233.7942059636116 2195.7952650338411 127.27891696989536 42.359388798475266 2340.7367383986712 57.997880041599274 183.38566176593304 87.042420700192451 2250.204978376627 4764.6950313001871 180.00753247737885 1741.8553299754858 694.41266478598118 156.32509626448154 743.29249969124794 1033.5558408945799 144.26899932324886 144.68649011850357 36.285894706845284 28.910370722413063 85.006895050406456 530.03491878509521 203.15275344252586 315.97419202327728 621.52874249219894 509.35646054148674 479.71746835112572 810.18356575071812 887.32486842572689 70.065926432609558 33.751533716917038 190.38282078504562 3011.5076583325863 40.671590864658356 120.62916350364685 149.58957369625568 79.695899114012718 159.14196233451366 340.13473220169544 5992.5728924274445 3894.131245419383 381.88368473947048 3258.6138736009598 377.8659889549017 3934.5219224989414 94.235689118504524 127.26248632371426 258.97079245746136 210.87077753245831 223.44566267728806 70.136960208415985 44.826247841119766 37.279820546507835 93.907204121351242 95.47759447991848 48.360922232270241 39.43540270626545 36.776245594024658 44.590447098016739 531.46512781083584 298.2193937599659 222.78517788648605 385.36863550543785 3113.3449238836765 60.414063662290573 75.548083931207657 345.49064856767654 46.899494752287865 103.99328210949898 28.780797213315964 204.8420956581831 109.80950982868671 96.58549065887928 43.179015338420868 50.118383377790451 231.19193252921104 187.75560757517815 135.93116095662117 27.163997158408165 287.36928340792656 4361.7818306386471 76.447470083832741 122.65358082950115 84.025830835103989 200.91207709908485 65.314894914627075 46.088713020086288 61.479861170053482 29.362739607691765 429.9582853615284 460.8968236297369 338.64530843496323 213.47486263513565 1487.2767054140568 651.87553295493126 33.117482230067253 149.21364979445934 48.634832173585892 75.288110047578812 138.17623198032379 1211.8495102673769 710.80597338080406 682.65338726341724 33.99031263589859 62.590396508574486 47.401965513825417 843.51299275457859 50.287208721041679 1395.1798023432493 36.499580577015877 43.258999168872833 26.560789003968239
leaf_count=1429 38771 1221 563 3266 1474 292 4833 357 2493 367 527 107 2357 841 295 669 2502 672 449 7812 306 3153 2682 4326 702 293 741 167 686 8925 245 90 7147 2913 238 716 330 663 3395 12849 920 143 167 138 8044 501 5380 152 184 8473 176 1858 533 99 22711 1933 1788 9056 300 582 130 150 2693 214 259 51135 313 13132 1260 3871 16346 1533 6694 1914 26215 82 133 190 439 1234 223 3286 189 128 150 365 598 1582 4370 841 299 350 633 419 2578 3503 18849 163 793 1681 2907 259 153 102 326 2334 132 376 4753 526 241 351 148 541 153 4136 10577 3754 202 13938 7645 539 164 7913 245 821 339 7182 16570 645 5399 2483 569 2429 3668 548 592 125 102 327 1660 681 1430 2187 1498 1349 2225 2771 283 90 541 10900 150 460 528 201 624 1157 19135 13943 1137 10680 1108 12700 285 549 988 855 714 202 149 157 436 360 199 131 154 214 1675 936 588 1134 10704 243 278 1212 185 492 130 705 376 385 158 154 760 691 498 98 813 14499 254 508 367 609 277 196 191 106 1456 1700 1232 729 4696 2060 133 466 189 304 429 4231 2060 2409 132 143 128 2819 207 5719 138 163 90
internal_value=0.0134637 0.0114274 0.00780015 -4.63774e-05 0.0136698 -0.00204302 0.0172416 -0.00341331 0.0119642 0.0122873 -0.00613017 0.0159473 0.0157187 0.0109968 0.0165525 0.0195006 0.0157125 -0.0071982 0.0191483 0.0141927 0.0104911 0.00682967 0.01095 0.0185915 0.0144647 0.0171945 0.0190014 0.0261629 -0.00837042 0.0181536 0.001607 0.00355072 0.0160407 0.010292 0.00827938 -0.00267523 -0.00918794 0.0255061 0.0150577 0.0142303 0.00386932 0.00851337 0.0146509 0.0290272 0.0195659 0.0283855 0.0192073 -7.88868e-05 -0.00483495 0.010612 0.0191656 -0.00170017 0.00254559 0.00581412 -0.00994241 0.0180864 0.0167884 0.0128228 0.0103571 0.0105355 0.0118561 0.0170081 0.0120311 -0.000456965 0.00755069 0.0104319 0.00772834 0.0169557 0.0290095 0.0134144 0.0107668 -0.00250321 0.0161523 0.0141896 0.0135521 0.0171349 0.0137508 0.0129252 0.0219252 0.00712202 0.00415815 0.00260216 0.00640186 0.0212908 0.0181103 0.00476485 0.00717445 0.0116608 0.0123674 0.0335991 0.00283326 0.0082697 0.000780184 -0.00983831 0.000625025 0.0206702 0.0154504 0.0130411 0.0116586 0.0123843 0.0145802 0.0113724 0.000625025 0.0131288 0.00396543 0.000625025 0.00409067 0.0112342 0.00883611 0.00867378 0.0140652 0.0115072 0.0279311 0.019885 0.0152899 0.0159688 0.0116492 0.0109448 0.0137234 0.0141317 0.012545 -0.00522911 0.0067845 0.0122006 0.00733657 -0.000131884 0.0165362 0.0174739 0.0116029 0.00482235 0.0207495 0.0111035 0.015938 0.0127212 0.0124348 0.00753843 0.00470153 -0.00185899 -0.00711165 -0.00301636 0.0193296 0.0111411 -0.00877983 0.0102584 0.0182967 0.0239547 0.0236943 0.0145368 0.00695452 0.0104508 0.0197952 0.00879612 0.00251752 -0.00137293 0.0110655 0.0245824 0.00701019 0.0106887 0.0166425 0.0104381 0.0171765 0.0168409 0.0179475 0.0176417 0.0152296 -0.00194793 0.000951393 -0.00486897 0.0126581 0.0129945 0.00248013 0.00739158 -0.00557365 -0.00178249 0.00620705 0.0036321 0.00891838 -0.00149152 0.0148713 0.0133691 0.0233229 0.0182839 0.0129504 0.00914014 0.0127875 0.014858 -0.00663409 -0.00888218 0 0.0089351 0.0120387 0.00638471 0.0169304 0.0108032 0.0150904 0.0114616 0.0145368 -0.00420652 0.0197929 0.0150729 0.00620149 0.00379304 -0.00292796 0.0186801 0.00990094 0.00430238 0.00911834 -0.00272152 0.0103815 0.00795179 0.00532209 0.00843463 0.0196438 0.0168765 0.0102409 0.0124288 0.01222 0.00635703 0.00990094 0.0120225 0.0215057 0.0116199 0.0140909 0.0252495 0.0145903 0.0127857 0.00392682 0.000625025 0.0161748 0.0152753 0.000452662
internal_weight=183753 119415 45634.5 15819.7 73780.4 13825.7 64338.3 12473.3 29814.8 49891.5 8097.99 40936.8 40056 29776 23888.8 23401.5 19867.5 7379.8 22584 20115.5 27402.8 3069.58 24333.3 20148 11925.3 20075.9 8195.52 880.839 6324.13 18650.3 4375.33 3016.42 8530.26 17889.5 5732.25 1358.91 5726.67 990.301 17604.8 19980.1 2017.64 5683.59 16236.6 817.435 9598.74 356.906 9241.84 968.632 519.317 22964.1 464.87 530.465 2814.54 1273.26 5196.2 7205.22 2373.16 11585.3 21749.9 1352.34 1208.23 201.88 8790.39 597.46 4862.17 21621.5 2408.79 4527.76 726.756 8943.1 19212.7 532.594 7293.48 925.74 15992.3 196.639 1994.01 7397.52 404.985 4665.53 1317.96 1163.62 387.083 161.942 629.235 718.188 552.627 605.363 7305.16 415.97 370.638 3347.57 225.64 429.704 667.9 4021.33 7908.71 7353.22 1364.77 6036.38 1872.61 4163.77 1541.28 75.6815 282.486 929.202 74.9377 12157.3 1822.88 182.204 184.818 7954.34 220.167 554.297 311.911 1316.84 10334.4 7220.15 8556.02 7600.8 3367.01 323.717 398.735 3438.97 724.797 1055.68 1369.16 6535.51 5829.24 275.186 2262.68 954.336 263.545 3996.2 3374.29 1049.01 564.607 128.431 92.1449 165.561 2810.28 243.933 392.552 3958.14 7407.87 518.421 2436.03 8687.16 126.764 567.373 358.367 3121.93 270.565 241.688 5113.39 123.395 419.92 484.404 9051.55 6346.38 6276.07 5894.19 6898.52 6520.65 154.344 780.49 386.233 394.256 515.33 155.675 243.06 145.867 282.401 188.494 101.436 75.0562 2286.7 143.15 1769.95 1238.49 621.55 2635.57 3905.27 2249.93 105.863 3058.98 91.4899 231.272 59.8846 291.885 1671.44 206.395 113.316 128.95 1214.2 418.948 1475.92 100.282 1368.25 5155.61 348.691 272.243 124.697 236.855 1552.31 199.444 134.129 95.1781 955.216 525.258 449.316 666.799 2728.12 795.252 143.376 1051.94 3161.98 413.933 5244.16 1350.03 1240.84 940.269 821.417 242.386 787.427 1465.04 78.4849 1465.59 259.923 2794.87 72.6495
internal_count=621839 415616 166767 63796 248849 57072 206223 52302 102971 171611 34990 133731 131283 104245 77238 72492 65024 32260 70336 67366 96596 11351 85245 63278 39775 64363 25592 2448 28004 58952 17312 11659 27805 63196 20792 5653 25571 2785 58151 66920 7732 20554 53943 2156 29680 950 28730 3891 2203 80805 1440 2188 11011 4792 23383 22807 7649 39561 76794 4770 4188 648 30342 2433 17801 76267 8786 14561 1923 30248 67481 2219 23695 3108 54071 631 6724 25214 1203 17170 5028 4520 1436 488 1992 2730 2038 2115 25085 1008 1440 12142 892 1931 2677 12214 25996 25024 4732 20725 6230 14495 6219 255 1080 3722 282 42404 6557 656 616 27649 587 1710 1026 4299 35847 25270 28812 25454 11516 1388 1466 11840 2655 4256 4440 20874 20217 1043 6873 3323 862 13673 11581 3841 2136 527 402 692 8711 848 1736 13976 23350 1487 7058 28986 467 2004 1104 11250 1050 987 17860 351 1544 1705 29272 22357 20133 18996 21852 20744 508 3213 1537 1676 1758 524 942 533 1215 779 375 284 8209 588 5861 4186 1809 8316 13322 8055 360 10137 399 1031 237 1044 5767 761 360 453 4011 1451 4868 424 4208 17001 1290 1036 517 742 5507 754 477 398 3358 1902 1688 2410 8416 2560 500 3619 10893 1536 18603 4660 3720 3250 2753 684 2621 5006 297 5964 840 9219 286
is_linear=0
shrinkage=0.0136102


Tree=3
num_leaves=232
num_cat=0
split_feature=0 13 12 8 13 8 0 0 24 6 15 7 11 6 7 7 13 12 12 8 8 8 6 15 6 24 15 6 0 14 16 6 7 16 12 8 14 13 7 16 15 24 0 7 7 6 13 8 13 2 6 15 8 6 6 24 3 16 24 15 15 24 2 24 7 7 13 14 7 13 7 3 2 7 9 8 11 15 8 2 6 8 9 12 6 12 13 3 12 12 7 12 2 0 8 13 6 13 13 16 12 12 10 24 2 7 8 8 13 16 0 14 13 13 15 14 3 7 8 3 12 6 0 13 7 6 12 7 24 3 12 24 6 2 13 6 16 0 14 15 24 0 6 7 24 9 3 3 0 3 24 12 15 0 9 13 13 14 8 12 16 12 14 16 7 3 16 16 9 24 3 14 7 2 13 14 9 2 15 2 15 8 24 7 12 12 7 6 16 16 2 6 0 16 8 15 2 16 3 12 13 14 14 6 2 7 15 7 12 14 6 13 0 13 13 8 24 13 6 13 8 0 14 13 0 2 9 7 12 7 6
split_gain=7297.55 5023.19 7774.21 2279.41 1508.5 1248.96 954.762 897.453 687.546 638.093 474.363 473.917 437.815 410.178 387.335 379.243 358.354 369.539 345.194 322.578 300.449 273.403 246.2 231.605 227.275 224.174 222.791 214.256 208.332 189.22 208.641 185.27 182.558 175.529 173.061 172.048 171.827 169.169 178.118 162.156 160.874 177.066 158.711 157.265 151.943 147.152 139.658 136.866 132.576 131.582 130.443 128.926 128.204 126.61 126.483 125.354 122.542 111.852 111.668 110.128 164.374 122.961 107.534 106.757 128.462 104.497 103.299 106.895 110.855 255.385 100.148 97.762 97.7346 95.7592 95.7205 95.3858 94.6389 94.205 93.4417 92.9207 98.1364 86.7244 106.994 86.4657 86.4542 85.2573 113.298 83.6919 121.69 83.1152 82.6283 80.2697 80.0865 78.7825 78.6429 78.3607 172.509 78.0093 77.2493 75.9468 108.608 75.0746 74.5781 74.4665 74.3205 78.3667 71.817 70.6851 92.1917 70.4311 69.5228 67.9757 67.6441 66.9841 63.4043 98.5833 62.9663 62.2196 62.0169 61.8226 61.5398 94.8353 59.968 59.9434 58.0977 57.7559 66.2475 57.3424 57.1885 73.1837 55.4127 54.4928 54.4282 53.6731 53.2472 53.2302 53.1811 53.0004 52.6532 52.2369 51.8931 51.7046 51.6219 88.8831 67.5813 51.4031 51.3484 50.8376 49.9678 49.3517 48.6505 48.3053 47.8285 53.0582 47.5643 47.4513 47.2032 46.7881 45.889 45.8168 45.7513 45.7463 45.4473 45.2741 44.947 44.2353 44.2112 44.1572 43.6199 43.3898 43.0083 43.0065 42.3519 75.5072 41.8993 41.1745 40.881 40.811 40.7635 40.7076 40.0183 62.8374 39.9607 39.7086 38.9814 38.6843 38.0504 38.437 37.7308 42.6581 37.2696 65.4918 44.2794 38.8429 44.5599 37.0895 36.8157 36.7307 36.5213 36.4078 35.3461 35.2951 35.2324 35.1067 34.9905 34.5989 59.036 34.0682 33.9753 33.8106 32.3225 41.3359 32.0592 31.7242 31.7104 31.4272 31.1309 31.081 31.0612 30.8679 30.8201 30.7217 30.5706 30.2843 30.0471 29.7157 29.3221 71.3661 29.0968 28.9347 28.8534
threshold=0.57941213250160228 0.19184499979019168 -0.10995499789714812 0.016686211340129379 0.65613999962806713 -0.014691111631691454 1.0599417090415957 0.3104884028434754 0.15855499356985095 -0.10819030180573462 1.0647500157356264 85.950901031494155 1.0000000180025095e-35 0.41525591909885412 20.625006675720218 81.474449157714858 0.041154999285936363 -0.034044999629259103 -0.066935002803802476 -0.041758067905902856 -0.06101586110889911 -0.084883429110050188 0.26746354997158056 1.0000500082969668 0.030415651388466362 -0.21794500201940534 1.1231500506401064 0.097466882318258299 0.81656745076179515 0.96485000848770153 1.0343499779701235 -0.21657326817512509 20.625006675720218 1.1743499636650088 -0.030275000259280201 -0.062840785831212984 3.5459500551223759 0.08084499835968019 95.526599884033217 1.0230500102043154 1.0823499560356142 0.072930000722408309 0.6891896426677705 95.526599884033217 42.699665069580085 -0.10819030180573462 0.31498999893665319 -0.017485039308667179 1.0113500356674197 0.5377568006515504 -0.02429608907550573 0.97635000944137584 0.0097455144859850424 0.24082423001527789 0.011589614208787681 -0.084504999220371232 1.5733256340026858 1.1306499838829043 -0.0031350000062957402 0.99985000491142284 1.0000500082969668 0.051355000585317619 0.85376426577568065 0.017634999938309196 54.033458709716804 20.625006675720218 0.82410499453544628 0.88604998588562023 72.346542358398452 0.20733000338077548 70.27915191650392 0.98453047871589672 0.13439798355102542 20.625006675720218 4.5000000000000009 -0.027635508216917511 1.0000000180025095e-35 0.9256500005722047 -0.00825329916551709 0.90928685665130626 0.048882329836487777 -0.024425173178315159 1.0000000180025095e-35 -0.05845499970018863 -0.11419821903109549 -0.027445000596344468 0.18917500227689746 1.5936859250068667 -0.013104999903589485 -0.026455000042915341 72.003097534179702 -0.12769500166177747 0.92093941569328319 0.78329378366470348 -1.0000000180025095e-35 0.077305000275373473 -0.055318096652626984 1.0113500356674197 0.042954999953508384 0.97914999723434459 -0.19658499956130979 -0.016174999997019764 8.5000000000000018 0.20743000507354739 0.62077134847641002 72.713085174560561 0.035384867340326316 0.020789750851690773 0.22326499968767169 1.1374500393867495 0.61877769231796276 0.99994999170303356 0.13468000292778018 0.096055001020431532 0.97995001077651989 0.94394999742507946 1.2680750489234927 48.730741500854499 0.025215171277523044 1.1241317987442019 -0.18702500313520429 0.082775551825761809 0.39341193437576299 0.062964998185634627 75.475830078125014 -0.64068999886512745 -0.28380499780178065 25.536642074584964 -0.040345000103116029 1.2286220788955691 -0.18702500313520429 -0.21079500019550321 0.1987981125712395 0.28172905743122106 0.21527499705553058 -0.023007147014141079 1.0318500399589541 0.011888577137142422 0.96485000848770153 1.0264499783515932 -0.0055449998471885911 0.1021820977330208 0.21865307539701465 69.370784759521499 -0.12844499945640561 1.0000000180025095e-35 1.4799762368202212 3.7458587884902959 1.691632926464081 2.4536625146865849 0.015685000456869606 -0.0042250000406056634 1.0898500084877016 0.0025735407834872608 1.5000000000000002 0.077305000275373473 0.029205000028014187 0.83864998817443859 -0.084883429110050188 -0.53674501180648793 1.053149998188019 -0.02933500055223703 2.1351499557495122 1.0089499950408938 45.288936614990241 0.51560983061790477 0.95385000109672557 0.97694998979568493 1.5000000000000002 0.093194998800754561 0.89300280809402477 1.3362500071525576 66.939754486083999 0.14257481694221499 0.20467499643564227 1.0716499686241152 1.5000000000000002 0.14257481694221499 0.94525000452995311 0.51287579536437999 0.94664999842643749 -0.050709072500467293 -0.27160499989986414 10.559048175811769 -0.28692500293254847 -0.056354999542236321 1.0000000180025095e-35 -0.0098338294774293882 0.96805000305175792 1.0022500157356264 0.67590761184692394 -0.026767038740217682 0.17751385271549228 1.0034499764442446 -0.00825329916551709 0.98645001649856578 0.67992094159126293 1.0318500399589541 1.3024187088012698 -0.24894500523805616 0.67489498853683483 1.4773499965667727 0.051850000396370895 0.0085201179608702677 0.88933616876602184 58.881937026977546 0.99594998359680187 70.613708496093764 -0.014184999745339153 1.2551500201225283 -0.029323259368538853 0.35798500478267675 0.39004258811473852 0.053934998810291297 0.061215000227093704 -0.066975735127925859 0.086415000259876265 0.039274999871850021 -0.046799656003713601 0.62977001070976268 0.072512209415435805 0.15841592103242877 0.89074999094009411 0.14739499986171725 0.33527266979217535 0.08316864445805551 5.5000000000000009 29.734869956970218 -0.37735499441623682 42.876045227050788 0.02498135901987553
decision_type=2 2 2 2 2 2 2 2 2 2 2 2 2 2 2 2 2 2 2 2 2 2 2 2 2 2 2 2 2 2 2 2 2 2 2 2 2 2 2 2 2 2 2 2 2 2 2 2 2 2 2 2 2 2 2 2 2 2 2 2 2 2 2 2 2 2 2 2 2 2 2 2 2 2 2 2 2 2 2 2 2 2 2 2 2 2 2 2 2 2 2 2 2 2 2 2 2 2 2 2 2 2 2 2 2 2 2 2 2 2 2 2 2 2 2 2 2 2 2 2 2 2 2 2 2 2 2 2 2 2 2 2 2 2 2 2 2 2 2 2 2 2 2 2 2 2 2 2 2 2 2 2 2 2 2 2 2 2 2 2 2 2 2 2 2 2 2 2 2 2 2 2 2 2 2 2 2 2 2 2 2 2 2 2 2 2 2 2 2 2 2 2 2 2 2 2 2 2 2 2 2 2 2 2 2 2 2 2 2 2 2 2 2 2 2 2 2 2 2 2 2 2 2 2 2 2 2 2 2 2 2
left_child=1 2 9 5 8 63 11 16 10 25 18 12 14 19 23 21 50 24 35 158 -14 154 44 42 49 90 32 43 54 34 59 198 45 66 123 -3 174 38 51 52 41 72 47 73 74 -23 -17 -2 95 55 190 65 78 87 214 -18 85 104 110 -31 61 -61 99 226 81 -11 67 -22 145 133 162 -32 97 -20 83 -33 -50 -27 -19 80 -41 175 155 168 -44 176 -87 88 166 122 112 -25 128 -85 -49 96 -34 165 185 186 224 -81 136 152 105 132 -60 108 -75 164 146 -30 114 -36 115 159 177 183 -102 -51 178 -122 -5 135 -104 188 127 -127 129 -52 -107 209 -37 -70 -109 -9 -91 -114 156 201 -54 -90 143 184 -144 -69 -56 -147 -78 -35 -118 -45 153 -39 200 -83 -64 -98 -6 -1 -145 -62 -26 172 -97 -21 -29 -96 -16 -160 -43 202 195 -174 221 -65 -46 -15 -106 -48 -76 -182 -28 -79 -74 -84 -53 -188 217 -190 191 -7 -193 194 -192 -155 -73 -166 -10 -128 -8 -124 -77 -141 -68 -165 -207 -206 -55 -67 -204 228 -137 -169 -13 -170 -100 -116 -158 -213 -209 -12 -86 -205 -101 -139 227 -4 -212 -99 -229
right_child=6 4 3 89 13 7 15 29 31 37 36 28 20 116 22 46 17 39 27 40 33 26 -24 91 70 77 182 53 111 30 71 75 48 149 113 57 -38 103 -40 79 -42 170 84 151 56 -47 179 94 76 119 92 62 140 208 58 -57 -58 -59 106 60 161 -63 138 64 -66 131 204 68 69 -71 -72 196 142 107 180 171 148 117 -80 101 -82 82 98 93 222 86 -88 -89 141 102 -92 -93 -94 -95 167 109 157 229 216 100 118 -103 124 -105 120 130 -108 134 -110 -111 -112 -113 137 -115 125 -117 150 -119 -120 -121 121 -123 139 -125 -126 126 199 -129 -130 -131 -132 -133 -134 -135 -136 212 -138 225 -140 203 -142 -143 144 160 -146 147 -148 -149 -150 -151 -152 -153 -154 163 -156 -157 218 -159 169 -161 -162 -163 -164 205 197 -167 -168 213 215 -171 -172 -173 173 -175 -176 -177 -178 -179 -180 -181 181 -183 -184 -185 -186 -187 187 -189 189 -191 193 192 -194 -195 -196 -197 -198 -199 -200 -201 -202 -203 210 223 207 206 -208 220 -210 -211 211 219 -214 -215 -216 -217 -218 -219 -220 -221 -222 -223 -224 -225 -226 -227 -228 230 -230 -231 -232
leaf_value=0.016083261002404113 0.026693147532605124 0.017183325681024268 -0.015255423692837821 0.013329439633621397 0.024407266200782159 -0.01146098986615714 0.0176595571966176 0.00064779661906676873 0.019601080428814512 0.026830588460698739 0.012106028196760541 0.0091530417400475794 0.020006031101316806 0.0078258380539006391 0.016382591412203551 0.036184811800630767 0.0031747468900796046 0.00016664972315872786 -0.010715973783887762 0 0.011533576653790093 0.015474634245236232 0.0209047616512162 0.013922853831274319 0.0084478651147351837 0.022431428962684463 0.015665637092089204 0.0036413442954174292 0.014867490268219419 0.00064779661906676873 0.0023569707180210414 0.017358031009488434 0.017710266374472705 0.017130404993192065 -0.017238226600152569 0.010865590510508063 0.02286005344862203 0.017837633509638608 -0.016607615001772429 -0.0097753321276779909 0.019371518692836168 0.015860861111428794 0.015898735692107195 -0.012993544467174536 0.01309566526281895 0.034796991359667774 0.0072785420763099521 -0.0064918846152245439 0.022345380147784092 -0.00064647791600582296 -0.012678145424488219 0.020516949900408199 0.0051155819024593027 0.019348508112052555 -0.00086054771764392543 -0.0066952228801429071 0.018846454311579032 0.015516026785224327 -0.0010493997616000245 0.0047182197841429989 0.0013964975450232037 0.014001367118948558 -0.0016213317783823713 0.013380247291478572 -0.0019674876665747424 0.00024708453272218712 0.01441393974361093 0.015564220249507908 0.014292657909242761 0.011533576653790093 -0.0065835669523575755 0.010734218107676573 0.018057433395221159 0.0012400110037560643 0.018682823525571296 0.00083159125554474315 0.015944707307115179 0.0033703100618570612 -0.010490946940862431 0.020088016929219212 0.0052202746089267255 0.032579938179949169 -0.0078815779852531281 0.018354757730791996 0.017792392662520144 -0.0094568509615666606 0.010628125058512921 0.013448722964357798 0 0.014999299154967404 -0.0048544646137392835 -0.015731226558184073 0.00093520433318065464 0.036896759143863242 0 0.017576229008156585 0.016506964133384178 -0.010900089987395369 0.01258116067105052 0.0064724832772194135 0.0016466691148249216 -0.0017683413479513434 0.013402079187607547 0.013316433614016064 0 0.0099601167276383764 0.022512166903417036 0.019167332281719501 0.0072787931265508449 0.019556161441828264 0.028708535636951665 0.034950030224056093 0 -0.0054958296018360435 -0.00044861234620462631 0.017646426408637544 0.025292892168821506 0.011379941155909509 0.011959488810936742 0.0073495456872765359 0.010355362595299521 0.013995291771353191 0 0.00064779661906676873 -0.0094279532336609267 0.003466268638619186 0.0028946209939776819 0.012573577855468344 -0.016910473758459062 0.0015386068855842226 0.00051897619237437867 0.012665488715140246 0.020371822482950667 0.02994888210873425 0.0090686944815859625 -0.0035797343529313302 0.024680314900484744 0.012604642427639522 0.021499451401621655 0.00097402645577465404 -0.008799843642165352 0.006693770596482981 0.020410636686709435 -0.0021566614680166431 0.014232320599256458 0.012340177805583226 0.021514778755984714 0.017843248021276476 0.021086553215381169 0.025461846606039989 0.018921189114360321 0.0052903575199549522 0.019761530247030659 0.011256708339492825 0.024934321956075371 0.011039194971592271 0.01795208697014682 0.033756119410365978 0.016248136955821248 0.0088853701489917791 0.0085987451436730106 -0.0054958296018360435 0.025610233050897765 0.012629846974424552 0.014367563802347843 0.013446576369044205 0.010397747978154619 0.028579822547275001 0.023870950327656435 0.021291357269485441 0.019457499925619518 0.016610772424878715 0.010763759367693604 -0.0077930408954745003 0.0150151225615012 0.024251132960652223 0.015314750701231382 0.018921189114360321 0.015848898349474887 0.02454281410316124 0.003043145729664853 0.013783178854774323 0.024311119705811051 0.016697240163209334 0.012772847900860803 0.0082966118120982296 0.0079908289863520835 0.021805052092859781 -0.0064727676155132505 0.006919808975515771 0.0096452601033915047 0.011012729445993233 -0.0087549306942819177 0.0085994681278704459 -0.0090795132869888329 0.0087488987571594113 0.028810059143376088 0.01651825721160884 0.028352441561103187 0.011680626880583675 0.024355870292136123 0.012724114903491363 0.015014063562937628 0.022138428892380858 0.018902505955171994 0.0023458140284037202 0.010725916541051097 0.00095178102626850068 0.011161136524481545 0.012323694321806317 0.00083159125554474315 0.014648341420579683 -0.014427829705728937 0.0072675316585239947 -0.0093282243320794243 0.018647070949651654 0.0017620313955405424 0.013425914406468148 0.0033022738023804005 0.003256752649350578 0.016387488480986381 -0.0045284168615667341 0.032474024192691915 0.0055006404606974162 0.011910402122434594 0.017869941405025899 0.010588284351435735 0.0078829231801366521 0.010871666233962731 0.002347089828025764 -0.0018246965827316956
leaf_weight=261.44241350889206 132.88211917877197 1095.3785207569599 36.814679220318794 971.42859011888504 526.03662951290607 246.67657534778118 612.87245728075504 92.468967959284782 395.72257904708385 88.643947288393974 34.279111176729202 31.221707940101624 1524.3353262394667 82.428020998835564 1810.6406300216913 303.35943865776062 278.45902869105339 154.5716904103756 50.522239416837692 49.047272071242332 7219.5240768939257 139.95297349989414 2119.9771055132151 28.044621795415878 368.33758328855038 505.47496311366558 173.33951207995415 212.15029326081276 52.572353199124336 722.10542678833008 67.380813106894493 2418.0410135686398 1161.8882037997246 1174.0688898861408 146.2034802287817 15765.947054043412 646.58372555673122 190.4115846902132 48.306497171521187 192.64257527887821 1379.1071976572275 3100.3143885433674 102.95278999209404 94.439694285392761 3231.3949761688709 220.94963420927525 38.820617899298668 47.076273515820503 1834.1333933025599 716.12903943657875 376.79608930647373 52.089752733707428 157.7702130228281 367.62376666069031 31.487528651952744 1394.1752244383097 1296.9450995177031 1330.6938693374395 61.087114304304123 1093.2936016023159 382.38832168281078 359.85230924189091 46.303623035550117 168.92200894653797 96.320914968848228 140.12291713058949 1977.8130515962839 1794.8515288084745 74.584019601345062 388.61615002155304 72.687604382634163 48.426178351044655 344.10539592802525 599.39749912917614 292.02022832632065 49.30306251347065 1376.6916221380234 52.237490817904472 2395.6515974998474 61.581044673919678 129.56187728047371 50.645604014396667 74.488928526639938 122.77835169434547 59.772740885615349 55.93411760032177 328.76479810476303 1072.0647975355387 259.78632992506027 313.80516059696674 44.202689036726952 30.331391036510468 59.572162449359894 103.88858290016651 33.374034896492958 3660.4669393599033 62.135766744613647 35.643906205892563 280.85784059762955 590.73075853288174 1294.0187251716852 45.239908069372177 46.025940805673599 2334.6127323210239 34.718495279550552 224.98119628429413 31.734268054366112 121.14491285383701 2498.9023913294077 1536.0633558183908 251.37847374379635 368.85672283172607 40.920342862606049 281.55096615850925 32.543497830629349 893.25424027442932 828.72030457854271 611.79870496690273 115.98125328123569 231.16900891065598 3456.4841578304768 2480.5714159607887 198.23365545272827 605.64460302889347 29.051994815468788 150.70249995589256 272.77134254574776 3176.6090324223042 771.02172338962555 74.288282811641693 251.67530304193497 866.32613417506218 123.90109616518021 298.76200723648071 863.03573888540268 127.08208328485489 244.78499925136566 428.85231538116932 138.60212901234627 42.376478403806686 66.386895805597305 990.23554258048534 406.76008696854115 86.954212501645088 5853.7702836990356 5811.2943302989006 32.712159171700478 389.33253014087677 679.07971167564392 201.1741418838501 393.80003187060356 30.19863486289978 112.28724363446236 1908.100625783205 1501.6210895180702 51.209949389100075 92.079056158661842 210.01274247467518 827.29364743828773 677.76478990912437 301.89538073539734 261.3856492638588 31.609916508197784 2214.0914464741945 3796.9108040630817 236.96255311369896 4894.2681538015604 34.951111733913422 415.03687314689159 928.22698728740215 1108.6665923893452 1104.5111861675978 81.777432441711426 70.802461639046669 2451.3720364421606 191.24194119870663 5004.2096536308527 2749.6259845942259 1226.5832908302546 484.5207981467247 133.38589178025723 690.89789302647114 1338.7734103351831 3572.4884666651487 4691.9984924793243 36.010752007365227 1773.9852805584669 39.061846330761909 78.803757414221764 88.145136699080467 24.988954082131386 44.991376996040344 30.601474851369858 56.451504588127136 95.052533566951752 3879.670147061348 87.395243585109711 4106.6402366608381 218.11920107901096 141.87297332286835 344.61156058311462 45.065316841006279 1777.6635186523199 70.779750213027 937.35922226309776 196.36342111229897 1225.5866812318563 53.78144958615303 200.53609332442284 62.641338676214218 45.534382328391075 1270.7549982070923 103.34746497869492 35.03305047750473 28.668750420212746 1677.5567972064018 72.503010168671608 110.70727634429932 50.913306221365929 58.29925300180912 51.122223943471909 35.774745598435402 625.81002125144005 43.277793928980827 351.52978220582008 853.59826229512691 78.008633062243462 139.34053955972195 1391.9660319536924 117.39240291714668 81.825434923171997
leaf_count=840 354 3476 178 3266 1474 1133 1907 357 1201 238 113 107 4637 295 5791 669 1082 624 232 198 24865 449 6326 88 1339 1460 553 804 167 3008 259 7638 3647 3729 716 54886 1869 596 238 867 4208 9998 325 444 10850 501 138 202 5328 2921 1757 152 599 1125 128 6082 4004 4339 246 4153 1512 1211 189 563 397 552 6524 5845 243 1341 319 166 1077 2366 897 191 4432 197 10882 188 491 120 326 378 182 248 1137 3598 1040 1026 190 145 236 227 130 11521 194 166 956 2177 5066 188 150 7843 135 790 86 371 9137 4692 651 841 163 1215 132 2813 2291 2102 395 853 12100 8268 793 2334 132 573 1048 10794 3738 296 992 2941 370 776 3076 539 684 1449 411 164 298 3649 1230 355 19373 19765 92 1223 2027 558 1212 111 339 6603 4191 175 287 504 2648 2413 1076 1127 83 7518 12518 790 17160 87 1181 2751 3383 3533 282 309 8019 536 16318 8416 3967 1349 503 2294 3773 11407 15841 126 6423 112 339 321 86 158 140 204 426 13876 223 13139 564 485 960 149 5817 202 2901 761 4277 207 693 210 180 4174 492 124 130 5204 280 371 192 219 159 151 1515 158 1209 2678 272 505 4813 456 336
internal_value=0.0132093 0.0112197 0.00767092 -4.56476e-05 0.0134083 -0.00201782 0.0168921 -0.00337267 0.0120584 0.0117459 0.01132 0.015631 0.015408 0.0162184 0.0169738 0.0190903 -0.00606259 -0.0045216 0.0108948 0.0154 0.0140863 0.0187478 0.0164526 0.0248123 -0.00114731 0.0141893 0.0182071 0.00898906 0.0255595 0.00158087 0.00348051 0.0155488 0.0177818 0.0136371 -0.00261976 0.0117901 0.0164179 0.0101092 0.00814182 -0.00776034 0.0147618 0.0143649 0.0262461 0.00648396 0.0158214 0.0276963 0.0283171 0.0167093 0.0175787 -0.00272801 -0.0114641 0.00837142 -0.0089627 0.0103134 0.0187789 -0.00502377 0.0147818 0.0115481 0.0214604 0.00248937 0.00442144 0.00708084 0.00730305 0.010347 0.0125452 0.0124867 0.0132818 0.0128192 0.013868 0.0190345 0.00747317 0.0166853 0.0134974 0.00694558 0.0177647 0.014971 0.0199266 0.0165366 -0.00982991 0 -0.00363215 0.0141009 0.0104723 0.0187722 0.0295079 0.0141561 0.00752833 0.00981438 0.00918601 0.0134965 0.0126396 -0.000861529 -0.0137822 0.0275782 0.00711211 0.0169416 0.0202136 0.0068953 0.00742969 0.00668805 0.00500403 0.0107673 0.01775 0.011029 0.0113194 0.0107819 0.00725269 0.00718558 0.00612709 0.0165736 0.0253527 0.0327225 0.0127555 -0.0097401 0.0120737 0.0142964 0.0202226 0.0158007 0.00255881 0.00128746 0.0125285 0.0118924 0.0114499 0.000647797 0.0040237 0.0110439 0.0115228 0.0121785 -0.0145336 -0.0102555 0.00511077 0.0111527 0.010948 0.0271349 0.0104339 -0.0051628 0.0194761 0.0157056 0.0148945 0.00668496 0.000725155 0.0052814 0.0137392 0.0126642 0.0146545 0.0133602 0.0106073 0.0127049 0.017705 0.0184572 0.0231243 -0.00821905 0.0104785 0.0103586 0.0231529 0.0230516 0.00946418 0.0302952 0.0202983 0.0109988 0.00609316 0.000647797 0.0101729 0.0101974 0.0161665 0.0110486 0.0101284 0.0136973 0.0182195 0.0189851 0.0168375 0.0139381 0.00940206 0.00191733 0.0147123 0.0194905 0.0144566 0.0189212 0.015438 0.0234117 0.0139408 0.01212 0.0233959 0.0165208 0.0131577 -0.00213827 0.00877311 0.00836371 0.0050561 0.000357242 -0.00535673 -0.00808208 0.0024609 -7.91166e-05 -0.00464891 0.00959073 0.0232023 0.0154989 0.022959 0.00609028 0.0202139 0.00244577 0.0132711 0.0127744 0.0156929 0.0114726 0.00960813 0.0180091 0.0166394 0.00435943 0.0133961 0.0123193 -0.00880006 0.0195339 0 0.0197512 0.0105246 0.0100807 0.0132697 0.0141917 0.00920785 0.00330401 0.0313765 0.0166138 0.00859079 0.0161907 0.0034631 0.0010101 0.0105214 -0.000702199 0.00414631
internal_weight=184752 119969 45777.2 15818 74191.9 13813.1 64782.8 12454.9 50143.2 29959.2 41413.3 41200 40310.3 24048.7 18413.7 23582.8 8076.41 6295.97 38245.2 19994.2 21896.6 22756.1 17283.4 1130.23 3092.57 11994.2 20297 12254.3 889.719 4378.53 3022.23 8729.92 18784.9 20372.3 1356.3 25990.9 3168.01 17965 5751.34 3203.41 17712.6 16333.5 1071.85 4257.64 15163.5 360.903 826.701 283.317 18424 2619.93 1780.44 5703.03 2774.38 7996.66 468.29 1672.63 9917.25 24895.6 408.4 2819.03 2096.92 1453.15 4545.3 1358.19 1022.2 1157.73 18997 15977 8757.44 761.962 472.635 203.202 12124.5 4133 5246.21 8116.07 3889.9 4742 2550.22 429.025 322.204 925.88 565.716 4129.9 788.536 8620.3 384.699 7428.51 6356.44 2004.83 7252.19 58.376 1281.68 226.667 150.434 14534.1 1434.04 439.046 463.861 4217.4 2352.26 106.821 633.668 12213.7 23564.9 16366.5 92.8214 4082.48 3098.3 13100.1 315.578 421.429 7207.99 427.754 5884.62 1832.46 4054.57 4236.52 1410 947.298 7198.36 5937.06 1371.16 928.543 75.0779 4052.16 3741.96 3327.31 1222.11 451.084 476.656 1069.09 15889.8 373.346 984.181 322.899 558.59 1323.37 327.898 399.733 224.157 1250.02 11685.5 5424.95 6260.53 7995.48 64.1997 6200.63 2055.77 1375.24 1222.52 124.638 9879.09 9766.8 2459.11 101.856 189.296 272.149 2281.56 939.207 388.85 643.774 399.947 9576.39 11564 286.01 5106.42 103.358 3903.23 1755.52 4208.98 5698.03 5940.35 152.58 2521.43 360.164 8235.6 2832.05 1261.3 523.341 1116.3 824.284 1512.11 3624.73 5036.1 110.5 1865.14 1813.05 310.2 166.949 498.762 322.269 75.5929 176.493 120.041 5787.77 135.821 7903.55 613.842 414.644 957.484 243.299 4593.52 156.434 3020.08 3636.04 1421.95 1042.26 568.16 202.764 4544.22 2766.55 230.43 69.9842 59.8905 2092.59 353.361 143.251 142.992 1329.05 104.904 70.0539 685.583 114.058 942.261 1282.45 335.989 257.981 1437.5 153.036 221.166
internal_count=621839 415616 166767 63796 248849 57072 206223 52302 171611 102971 143281 133731 131283 77238 58510 72492 34990 26816 133129 65024 72773 70336 55358 3152 12679 39775 63278 43806 2448 17312 11659 28330 58952 68136 5653 89323 10152 63196 20792 14137 58151 53943 2919 15737 49032 950 2156 897 58002 10938 8174 20554 12403 28069 1440 7164 32557 85847 1203 11011 8003 5364 16613 4770 3479 3941 63849 54058 29193 2360 1741 648 40562 15182 16475 26565 11787 15166 11506 1734 1358 3082 1983 12781 2022 28553 1385 26251 22653 6724 24609 233 6027 605 543 46215 4345 1610 1688 15534 8847 376 1992 42404 81508 57038 332 14950 11503 41870 871 1008 24419 1931 20129 6066 12214 13706 5461 3774 24470 20368 4732 3722 282 14063 12900 11367 5791 2053 1782 3703 55256 1019 3447 1388 1710 4290 1079 1466 897 4689 38952 18349 20603 26833 220 20988 6459 4287 3503 555 34561 34222 7058 295 668 698 6873 3253 1431 2639 1422 33626 37178 988 17964 341 12176 5399 13381 18927 21070 591 8283 1099 27168 8711 4102 1487 3694 2797 4326 11604 16918 452 6687 6535 1163 660 2147 1431 298 716 512 20479 389 25657 1765 1533 2867 942 15394 524 9791 12556 5038 3267 1818 762 15203 9386 1031 211 237 6385 1236 503 479 4393 366 264 1697 360 3386 4127 1291 1019 4993 622 841
is_linear=0
shrinkage=0.0136102


Tree=4
num_leaves=232
num_cat=0
split_feature=0 13 6 13 13 0 15 5 0 1 6 16 5 15 15 6 6 14 2 6 6 23 5 16 0 15 10 16 23 15 22 3 1 13 1 15 23 16 13 5 15 10 14 5 15 15 1 5 6 15 15 15 3 14 23 1 6 1 2 1 0 15 22 0 2 1 0 6 13 1 15 5 15 15 5 3 23 23 6 23 13 13 15 13 0 14 15 0 3 13 14 6 16 0 3 14 23 6 16 16 5 6 14 23 3 1 14 6 22 6 0 15 2 6 0 6 1 23 0 5 16 5 2 2 15 5 15 13 23 6 23 0 2 0 5 5 15 14 13 3 2 15 6 13 6 13 2 14 23 13 5 16 6 13 5 6 1 22 2 1 6 1 6 2 1 23 1 15 16 16 22 6 0 14 15 23 2 15 16 16 15 6 13 3 15 23 23 1 1 23 5 0 14 5 13 6 5 14 15 16 5 16 5 1 2 6 2 6 16 15 1 16 16 16 6 16 2 2 0 15 13 3 2 1 2 10 16 1 2 16 13
split_gain=6986.5 4823.31 5009.51 1859.96 1444.45 910.586 806.212 879.198 627.02 590.967 568.66 465.881 442.235 406.323 402.195 399.744 391.646 385.359 299.427 272.549 231.159 231.138 230.56 211.316 200.512 188.177 172.209 159.589 157.786 156.182 151.698 149.069 143.943 196.495 140.991 140.475 161.835 133.703 132.682 130.499 128.591 128.546 115.481 110.515 108.683 176.739 106.404 138.262 105.006 103.746 101.602 137.881 98.6308 98.4962 138.729 137.266 97.4267 126.057 97.316 98.6051 104.657 97.2252 95.0809 107.566 94.7235 93.9389 114.267 90.5276 85.6576 114.96 94.9814 84.8932 83.6529 80.0473 94.4695 77.6369 76.0356 74.6245 73.3136 71.6844 70.5127 70.1359 68.8069 66.9598 76.5119 68.0107 68.4244 65.9519 62.4818 61.959 61.5152 61.2773 59.4694 59.437 59.2072 57.0198 56.6609 76.0891 69.7095 56.1611 55.9941 68.7872 55.5081 54.1462 53.1112 52.8573 51.38 50.6546 49.861 49.8547 49.499 49.3122 48.5811 47.0557 46.7326 51.0105 46.6062 53.8981 46.1642 46.0187 55.53 45.9746 43.7216 43.5434 42.8847 42.8452 46.7271 71.4011 55.1358 41.3279 40.4218 40.083 40.0829 40.0828 39.9819 39.7648 39.4848 39.1929 39.1242 38.4446 38.0827 37.9077 37.6857 37.4073 36.0333 35.1796 34.9183 34.909 34.5749 34.5649 52.1808 34.299 40.7937 41.0331 34.6491 34.2272 33.6577 32.8333 32.8253 32.7001 32.4908 46.7059 31.9136 45.4645 42.8904 34.549 31.109 30.6794 30.4694 29.4163 29.0996 28.7165 28.5099 28.2354 27.8962 27.6347 27.5563 27.436 27.3643 30.5986 27.0477 27.6129 26.5938 26.4414 25.7938 25.7079 25.6384 53.7485 25.2118 25.0832 25.0332 25.0187 45.1404 25.8986 24.7222 24.6965 24.6145 24.607 24.3553 24.3454 28.2294 24.2437 24.1209 23.7571 48.1602 23.4056 36.7828 29.1496 30.5657 26.9104 23.3865 22.6026 22.5709 21.9225 26.7119 23.7778 22.4868 21.3173 21.1932 21.1913 20.8729 20.663 20.564 21.8856 20.5553 20.4571 20.4239 20.1565 20.1367 20.0174 19.8167
threshold=0.57941213250160228 0.19184499979019168 -0.036149771884083741 0.097795002162456526 0.65613999962806713 1.0599417090415957 0.98184999823570263 5.8475680351257333 0.32913671433925634 0.090271778404712691 -0.10271069034934042 1.0238500237464907 -3.7133837938308711 1.0845499634742739 0.94365000724792492 0.0044140866957604894 0.41525591909885412 0.99994999170303356 0.7589646875858308 -0.06266115233302115 0.25046090781688696 -1.0000000180025095e-35 9.6122865676879901 1.1188499927520754 0.32585504651069647 0.95195001363754284 8.5000000000000018 0.95585000514984142 38.385000228881843 0.97944998741149913 5.9306499958038339 1.4799762368202212 0.75001424551010143 0.26827499270439154 0.198160395026207 1.0823499560356142 -20.219999313354489 0.98124998807907116 0.079015001654624953 -13.056623935699461 1.0291499495506289 9.5000000000000018 3.7655000686645512 -9.1181821823120099 1.0205499529838564 0.98645001649856578 0.078821614384651198 7.3972709178924569 0.028210114687681202 1.0239500403404238 1.0000500082969668 0.99854999780654918 1.0723083019256594 2.2882499694824223 63.495000839233406 0.19427335262298587 0.012532554566860201 0.30877378582954412 0.73922333121299755 0.13695954531431201 0.28155331313610082 0.9256500005722047 4.7325501441955575 0.34766708314418798 0.13439798355102542 -0.017130893655121323 0.5131773352622987 -0.02429608907550573 0.21274500340223315 -0.0071245955768972627 1.1394500136375429 -5.2204642295837393 0.99915000796318065 1.0000500082969668 2.4986499547958378 0.88819143176078807 72.665000915527358 28.474999427795414 -0.0020724150817841287 -30.394999504089352 0.31181499361991888 1.0113500356674197 0.99204999208450328 0.13058499991893771 0.0056478355545550593 0.44795000553131109 0.97995001077651989 0.425983875989914 2.5345176458358769 1.2113449573516848 1.0653499960899355 -0.34605772793292994 1.1087500452995303 0.11475445702672006 1.2680750489234927 2.5321500301361088 69.33499908447267 0.19154822081327441 1.0999500155448916 0.99884998798370372 25.886034011840824 0.0096246842294931429 0.97495001554489147 59.98500061035157 0.51560983061790477 0.61723753809928905 0.94394999742507946 -0.15657849609851834 6.685000181198121 -0.016675529070198532 0.83392491936683666 1.0195500254631045 0.73922333121299755 0.19511162489652636 0.53038492798805248 -0.034787498414516442 0.11463528871536256 65.564998626708999 0.44058705866336828 -4.1691627502441397 0.97984999418258678 -6.2500970363616934 0.3039607852697373 0.28172905743122106 0.9507499933242799 34.172630310058601 0.98334997892379772 0.022710000164806846 1.0000000180025095e-35 -0.1350605636835098 -1.0000000180025095e-35 0.4367166012525559 0.14257481694221499 0.20916316658258441 -7.1830711364746085 19.64124965667725 1.1394500136375429 1.7149500250816347 0.38618500530719763 0.65352758765220653 0.37117306888103491 1.0511500239372256 -0.22836315631866452 1.0332600474357607 -0.0120163531973958 0.062964998185634627 0.97227710485458385 1.0600499510765078 26.82499980926514 1.1798650026321413 99.364593505859389 1.009649991989136 -0.040752757340669625 0.094195000827312483 1.1108099818229678 0.035064041614532478 -0.043237209320068352 2.8928500413894658 0.098825719207525267 0.33696584403514868 0.086306348443031325 -0.10180672258138655 -0.16626144200563428 0.52966231107711803 0.090271778404712691 82.24499893188478 -0.56045922636985768 0.98434999585151683 0.93035000562667858 0.95385000109672557 12.519500255584719 0.029316775500774387 0.26889163255691534 1.3951500058174136 1.0040499567985537 1.0000000180025095e-35 0.10278526693582536 1.0101500153541567 0.97055000066757213 1.0077499747276308 0.97345000505447399 -0.005304104881361126 0.14521499723196032 2.0890183448791508 1.0145500302314761 -32.034999847412102 64.465000152587905 -0.26661211252212519 -0.0071245955768972627 31.925000190734867 0.95932206511497509 0.29129366576671606 1.0213499665260317 5.3335471153259286 0.13468000292778018 0.50010401010513317 2.4986499547958378 0.82925000786781322 1.0396500229835512 1.053149998188019 13.50356435775757 1.0467500090599062 9.6122865676879901 -0.27824863791465754 0.003960411762818695 -0.040752757340669625 0.54589495062828075 0.093637324869632735 1.066850006580353 0.97095000743865978 -0.41000288724899286 1.0509499907493594 1.0901499986648562 0.96535000205039989 -0.084958631545305238 1.0343499779701235 0.22930340468883517 0.30831687152385717 0.3104884028434754 0.99244999885559093 0.057624999433755882 1.2680750489234927 0.77872899174690258 0.18302986025810244 0.73922333121299755 8.5000000000000018 1.0179499983787539 0.099274814128875746 0.48403041064739233 1.1246500015258791 0.79631498456001293
decision_type=2 2 2 2 2 2 2 2 2 2 2 2 2 2 2 2 2 2 2 2 2 2 2 2 2 2 2 2 2 2 2 2 2 2 2 2 2 2 2 2 2 2 2 2 2 2 2 2 2 2 2 2 2 2 2 2 2 2 2 2 2 2 2 2 2 2 2 2 2 2 2 2 2 2 2 2 2 2 2 2 2 2 2 2 2 2 2 2 2 2 2 2 2 2 2 2 2 2 2 2 2 2 2 2 2 2 2 2 2 2 2 2 2 2 2 2 2 2 2 2 2 2 2 2 2 2 2 2 2 2 2 2 2 2 2 2 2 2 2 2 2 2 2 2 2 2 2 2 2 2 2 2 2 2 2 2 2 2 2 2 2 2 2 2 2 2 2 2 2 2 2 2 2 2 2 2 2 2 2 2 2 2 2 2 2 2 2 2 2 2 2 2 2 2 2 2 2 2 2 2 2 2 2 2 2 2 2 2 2 2 2 2 2 2 2 2 2 2 2 2 2 2 2 2 2 2 2 2 2 2 2
left_child=1 2 10 6 13 17 87 8 12 44 21 15 72 14 107 108 25 20 28 77 29 61 24 26 37 90 53 109 95 122 49 149 136 110 48 36 75 105 39 173 67 217 -15 99 45 167 118 58 65 82 51 -45 56 54 80 -56 -13 -58 119 -60 -61 -1 63 100 81 78 -67 -29 69 -33 -70 -39 133 74 -26 168 83 -16 -10 169 -21 104 -9 85 -85 -23 106 121 103 -35 188 219 162 174 132 124 112 98 -98 -36 101 -47 -49 151 -38 -17 142 148 -11 -14 -34 -75 201 116 115 -84 147 146 125 -48 -121 176 189 203 -7 126 128 -128 -41 -93 -110 -89 -18 137 -95 156 -19 -8 -43 -127 -59 -55 -87 145 -135 197 -118 -25 -3 150 160 154 153 -153 222 196 -65 205 -24 191 -20 -162 210 164 182 184 172 180 -27 -31 -37 -142 -125 -12 -74 -175 -4 -119 -83 -180 -5 -182 -164 -64 -165 195 -168 -188 -6 -2 -111 192 193 -123 -54 -134 -46 -126 -51 -198 -201 -66 -167 204 -79 -30 207 208 228 -208 -81 -99 -105 214 -120 220 -216 -28 -104 -88 -215 -50 223 -40 -155 -196 -169 -166 -207 -206 -152
right_child=5 4 3 9 16 18 7 30 34 11 38 52 27 42 19 22 94 32 31 23 -22 76 158 113 73 35 41 40 157 79 -32 68 33 89 43 170 64 71 88 46 -42 138 -44 50 155 62 47 102 221 198 -52 -53 194 141 55 -57 57 140 59 60 -62 -63 183 135 96 66 -68 -69 70 -71 -72 -73 93 111 -76 -77 -78 123 -80 92 -82 178 114 84 -86 86 91 131 -90 -91 -92 129 -94 134 -96 -97 97 211 -100 -101 -102 -103 218 212 -106 -107 -108 -109 130 190 -112 -113 -114 -115 -116 -117 117 177 213 120 -122 159 -124 166 143 139 127 -129 -130 -131 -132 -133 185 144 -136 -137 -138 -139 -140 -141 171 -143 -144 -145 -146 -147 -148 -149 -150 -151 230 152 -154 224 -156 -157 -158 -159 -160 -161 161 -163 163 165 227 202 186 226 -170 -171 -172 -173 -174 175 -176 -177 -178 -179 179 -181 181 -183 -184 -185 -186 -187 187 -189 -190 -191 -192 -193 -194 -195 225 -197 199 -199 -200 200 -202 -203 -204 -205 229 206 209 -209 -210 -211 -212 -213 -214 215 216 -217 -218 -219 -220 -221 -222 -223 -224 -225 -226 -227 -228 -229 -230 -231 -232
leaf_value=0.02210841823015991 0.014584372166771001 0.026239676925609214 0 0.012742798737490178 0.003418842124510062 0.020293520241852415 -0.007806494097279835 0.01417905299375565 0.012223059542382885 0.0067647027461575056 0.011061415333457206 0.014218541889127155 -0.0042724744334553541 0.015947193817005174 0.016310689213522637 0.0050421311731999622 0.0077013194158070293 0.016824959996392001 0.019746185005311345 0.009607030214299964 0.016824959996392001 0.0075041437844478422 -0.00079403120495771785 0.01283256337872829 0.0024078087783853865 0.017986987817345389 0.012494419548091532 -0.0041456695979539011 0.015637847432251335 0.016613770295483148 0.015667755605151278 0.019746185005311345 0.023159622705171638 0.016824959996392001 -0.0017143436839059008 0.01759168269300378 -0.0028991591069599519 0.0015439704515845696 0.011431357781511066 0.013932855562756027 0.01175012668815428 0.010253305471595401 0.024198778429191888 -0.010336955068937352 0.013555147772297669 0.0055308967639887893 0.003399309200810865 0.0033880317975799831 0.0097090438453176983 0.015667755605151278 -0.01131792148609127 0.0024013048274795627 0.014218541889127155 0.011984384427688084 0.009607030214299964 0.0045947557721704602 -0.0049624144956051455 -0.00075097540991072502 -0.010326663039487146 0 0.025408514009181551 0.015453622162398758 0.010279977641104256 0.0039128418374625691 0.011845220335930561 -0.0019458121602292195 0.012308154240072538 -0.010573130574199821 0.019899650157504799 0.033126361257574836 0.026337883795119112 -0.0083636435205196834 -0.0080987767340303454 -0.0066973678298785167 0.016811733657880201 0.018035971726746931 -0.0051296783271063484 0.016310689213522637 -0.0014939022454153747 0.0089126602059513369 0.010969853253342991 0.0062191702276581688 0.015667755605151278 -0.0037586299142022355 0.015453622162398758 0.015453622162398758 0.014167303348441187 0.030816538685020788 0.016669418647126968 0.021193531521082918 0.022840533864438607 0.013159582262091612 0.013994191898081194 0.015873809159855506 0.022603560804951676 0.023524923910877973 -0.0055777888698844468 0.0060514304607001794 0.01037215189857232 0.017437896929245935 0.010279977641104256 3.2229631855755983e-05 0.009986118736579749 0.0059246286041892224 0.01313568408792512 -0.013210353952023813 0.015453622162398758 0.016167860022508505 0.026373539201816659 0.00081246245393462254 0.034184551988203297 0.011045044948783249 0.014807073451843228 0.017265674423444021 0.012981582613598351 0 0.014270743384309193 -0.00086888070778118071 0.014977109637182986 0.0017771025946289899 -0.0090081478429423281 -6.314961055076892e-05 0.016121809932640674 -0.0025990732004516686 0.016060840924684166 0.00058049691506518693 6.8276271077919844e-05 0.0068976715021898888 0.0055947066091488491 0.0096381746513812226 0.0067647027461575056 0.013722548449511464 0.017585455753656724 0.0093215401879476155 0.0043743164332331452 0 0.023782994542635539 0.0071498267952398893 0.0125330612076137 0.01934245908236323 3.6754765999125612e-06 0.017300283816752707 0.0088270512227382331 0.021882001056970971 -0.0023348080609182529 0.016060840924684166 0.0067752250370340435 0.018021826368321149 0.014209136842753697 0.019899650157504799 0.0070812668081852081 0.0071946976968941699 0.0059246286041892224 0.015177552961045461 0.0085734376393075389 0.01554985440324713 0.010279977641104256 0.016060840924684166 0.012254691282532544 -0.0073561217247836361 0.006291559440781613 0.017797240440370087 0.0086134585613649017 0.010806910549511068 -0.0026264353580765765 -0.0028529521092643508 0.015945368721076495 0.020399311164735267 0.014807073451843228 0.013994191898081194 0.023630463517063598 0.013810650489900713 0.01349351001612106 0.021586636572103819 0.0050461133759340041 0.011061415333457206 0.013855249271444017 0.0067752250370340435 -0.014096560858446091 0.00074010422090391983 0.01229074798715549 0.0059083086083279931 0.012413019645166735 0.016467271336174545 0.013506058452216694 0.017243651792177229 0.015945368721076495 -0.0016581387082309762 0.017468467792441315 0.010403121594812994 0.018249743268895335 0 0.016569697740683172 0.01176782762527831 0.021988538920179664 0.022603560804951676 0.010340420417189642 0.022999984009215216 0.003876319605003817 -0.0014852431241982084 0.00889980282080482 0.014674469564409801 0.010806910549511068 0.012368043623118529 0.0054151846456084191 0.010218268118962733 0.0060809750357040436 0.013700016372385462 -0.00012865700368749517 0.015862804614910461 0.013994191898081194 0.012581886127722383 -0.0036379791027738493 0.019131051097304664 -0.0036490593971885629 0.001916790439424703 0.0077068433246813813 0.015811914706678053 0.026008631512125568 0.0075041437844478422 0.0084600722101988504 0.025126951119207406 0.015927595166563391 0.0072499632747853003 0.0087706397845913019 0.014218541889127155 0.0067613766971983255 0.0075679038356067391 0 0.015036052525404164 0.01814107775705057
leaf_weight=513.45231845974922 1063.8478398621082 217.04430745542049 33.444951787590981 822.25796246528625 34.016742527484894 1615.4085562378168 217.19751293957233 84.134531334042549 269.42484676837921 1021.0900936573744 474.37919792532921 242.3853098154068 48.640430957078934 1456.8058351427317 2180.3865217715502 250.8585175126791 82.691220089793205 15682.715135857463 2768.6485775858164 8642.7792326807976 3183.9694348722696 701.62190836668015 34.990948706865311 771.80739887058735 531.79707954823971 769.62207120656967 792.84536094963551 490.14276123046875 820.19899602234364 1082.8958970159292 284.63631270825863 251.43115469813347 279.69048701226711 878.69408968091011 39.263847723603249 1097.2711569070816 40.307544216513634 172.4143588244915 1898.4140723794699 331.8318722397089 46.519245475530624 4055.541158631444 467.77686452865601 216.80330948531628 435.49537232518196 751.20465314388275 134.73661386966705 78.755268231034279 59.746261268854141 146.66468696296215 249.26922777295113 533.70568709075451 178.08532680571079 1725.6355001777411 2510.5085202306509 1787.9238730370998 188.20483568310738 49.495000690221786 32.385699361562729 52.080860003829002 67.467549622058868 4339.6745619773865 694.9609185308218 181.88310638070107 2465.3304757773876 654.13896186649799 119.12637627124786 3649.9294348657131 2024.598465025425 362.67459827661514 689.10397128760815 1360.8188949376345 55.53675688803196 211.12660878896713 98.966996237635612 2282.581807628274 40.443943023681641 59.496722728013992 89.954311370849609 241.95718513429165 12903.014691472054 44.759991019964218 25.270388409495354 34.033884778618813 1549.2337569743395 238.55902810394764 107.92612011730671 35.793731167912483 353.4891367405653 897.22901014983654 695.42532566189766 2120.1513846218586 893.74849796295166 122.64064440131187 1233.6020403951406 500.13272231817245 95.204025685787201 150.02772411704063 96.262916967272758 68.692375674843788 116.19434973597527 986.90839524567127 48.464588344097137 464.91002331674099 203.75880280137062 27.976394802331924 952.5157259106636 2040.1197346150875 45.563943848013878 29.636498048901558 213.30497463047504 27.926357284188271 3891.1323463767767 852.92745940387249 57.155186027288437 830.18138232827187 704.88155649602413 76.594648092985153 59.311369746923447 120.37742488086224 269.04150238633156 103.73240058124065 4704.3551258444786 37.030603975057602 185.10730130970478 31.507340416312218 365.93530656397343 1473.7562702596188 318.69388335943222 1147.444568619132 38.340774148702621 221.73558022081852 537.95424261689186 79.361240983009338 131.33763781189919 85.345754235982895 289.54885746538639 31.618478581309319 2854.1689473986626 94.608336210250854 39.631475016474724 376.73676833510399 500.98921285569668 396.95261128246784 106.69895562529564 3265.746767744422 86.478592440485954 548.73665107786655 103.41237671673298 2563.8679341822863 143.39611104130745 208.91478617489338 133.42542557418346 1079.8383393287659 1828.0823640227318 470.85702235996723 543.34553816914558 3196.1274050623178 220.92724679410458 31.74706469476223 84.308487474918365 3313.993277952075 732.50628826022148 1656.5252982079983 29.105230569839478 49.778371572494507 1132.1304273605347 136.77117425203323 4652.8350050151348 4383.4279162436724 292.38690707087517 186.43381732702255 31.575253680348396 146.83308516442776 52.557242065668106 58.193889260292053 247.89771555364132 347.11141182482243 41.702962189912796 46.539414867758751 240.3359577357769 384.2292967736721 1083.8307020664215 157.63274312019348 1888.7570970654488 1509.3328676968813 34.963521763682365 51.690219640731812 1204.7854181975126 564.48024167120457 46.742431312799454 89.24492259323597 78.078404307365417 42.309036880731583 218.99700480699539 722.9016947299242 578.90101183950901 362.70530495047569 52.162468433380127 81.181680753827095 95.436452999711037 929.10143099725246 25.596450164914131 1206.7440650612116 428.47824437916279 248.91316801309586 82.499201506376266 197.9685256332159 83.449305891990662 505.07923518121243 599.41274037957191 1083.5996304154396 37.702405378222466 169.24562136828899 44.191632449626923 32.369887351989746 77.714567437767982 1851.5593402981758 52.63485161960125 500.54977406561375 76.720784530043602 42.396174728870392 214.97790095210075 368.0704780369997 161.18073999881744 42.218190968036652 42.278165981173515 1030.2442591786385 45.573811933398247 49.3676478266716 51.869292229413986
leaf_count=1467 3457 576 131 2774 124 4786 956 279 924 3749 1628 800 205 4649 6913 952 295 49923 8281 30532 9882 2528 142 2584 2078 2377 2669 2075 2628 3425 920 747 791 2841 163 3395 169 679 6505 1098 155 14118 1299 981 1451 2789 511 298 211 466 1139 2074 623 5866 8845 6711 799 201 148 208 181 13962 2481 684 8382 2683 407 16670 6050 845 1836 6062 247 920 316 7040 175 175 370 850 44496 164 75 144 4987 760 355 84 1124 2635 1979 7086 2873 397 3503 1406 404 546 332 213 391 3960 166 1694 676 133 2985 6497 119 116 485 93 12630 2684 190 3331 2315 306 190 468 1193 418 15000 152 593 122 1458 5386 1179 4028 140 736 1660 282 501 337 811 114 9621 288 156 1178 1775 1138 443 10365 323 1709 335 7494 509 751 493 3511 6506 1516 1865 10164 752 141 301 10245 2593 5703 120 204 3631 414 15202 14542 813 626 101 428 195 206 820 1230 201 183 812 1422 3660 502 6279 4696 102 208 3732 1951 143 355 248 142 639 2060 2012 1031 193 326 334 3033 82 4079 1581 857 296 649 327 1613 1919 3642 157 522 184 123 277 5970 140 1862 271 112 689 1324 566 154 152 3705 177 156 154
internal_value=0.0129622 0.0110184 0.00754454 0.00281476 0.0131557 0.0165523 -0.00157526 -0.00280759 -0.00471422 0.00641011 0.0118204 0.00293482 -0.0073869 0.0118372 0.011589 0.000748945 0.0158962 0.0153239 0.0186908 0.0113034 0.0141396 0.0138044 -0.00186594 0.0109222 -0.00306026 0.0150981 0.0106205 -0.00910867 0.017066 0.0135652 0.00674799 0.0202064 0.016825 0.0204148 0.00109999 0.0146495 0.0142851 -0.00564056 0.0095862 0.00775785 -0.00956555 0.0122285 0.0180253 -0.00239699 0.00905002 0.00803381 0.00677058 0.00244088 0.00426727 0.00454008 -0.00385043 -0.00126407 0.0105815 0.0100674 0.00982579 0.00753857 0.00724711 0.00341577 -0.000347208 0.00901875 0.0147704 0.0161858 0.00627944 0.00496923 0.0130071 0.00299519 0.000255991 -0.00982728 0.0228019 0.0278962 0.0215901 -0.00722185 0.00187628 0.0022701 0.00483416 0.0157788 0.0123269 0.0142741 0.00870181 0.0127163 0.0102786 0.00602416 0.00266828 0.0124248 0.0150749 0.0117388 0.0122587 0.0107813 0.0108234 0.0181442 0.0192514 0.0111813 0.0118556 0.0066956 0.019794 0.0185624 0.0133015 0.0106007 0.00228762 0.0103196 0.00311497 0.00244014 0.0128962 0.0104825 0.0103195 0.00288781 0.0146668 0.0171173 0.00771714 0.00567938 0.0282758 -0.00429312 0.0138174 0.0142311 0.00149883 0.00062088 0.0131658 0.0110119 0.00795695 -0.00319224 -0.00558873 0.00816656 0.0153848 0.012774 0.0181117 0.00719465 0.00674921 0.00556472 0.00997608 0.0119503 0.0179196 0.0167388 0.0185315 -0.00207104 0.0102629 0.0091209 0.016825 -0.00565284 0.0112084 0.0151467 0.00927094 0.0129909 0.0112911 0.0172443 0.00252586 0.0167259 0.0131784 0.0150731 0.0227314 0.0192232 0.0184233 0.0108596 0.0127348 0.0134258 0.0101488 0.0121407 0.0101496 0.0152161 0.0103315 0.00455465 0.0186578 0.0175324 0.0113665 0.0109913 0.00959673 0.0120745 0.0148338 0.0117767 0.0148071 0.0139942 0.0189631 0.0116134 0.00462383 0.0133303 -0.00139998 0.0180379 0.0123144 0.00677523 -0.00164181 -0.00617506 0.0109706 0.0084988 0.0109279 0.01028 0.0122715 0.0188272 0.0153563 0.0068092 0.017129 0.0131922 0.0124054 0.00597567 0.00836203 0.00334216 0.0157227 0.020623 0.0107059 0.020455 0.0134588 0.00893992 0.00398319 0.0124852 0.00213079 0.0111963 0.00840946 0.0135796 0.0120396 0.00925038 0.00668042 0.0146143 0.0139942 0.0118452 0.00592463 0.0120982 0.00759924 0.0147172 0.00328532 0.0148554 0.0194609 0.00750414 0.0161753 0.017275 0.0112755 0.0107858 0.0144125 0.0195819 0.0176436 0.00723977 0.0087189 0.00662355 0.0105629
internal_weight=185720 120505 45915.6 21808.7 74589.4 65215.4 9815.27 8931.29 7451.08 11993.5 24106.8 5188.25 5108.56 50386.3 48461.7 4042.8 24203.1 41455.6 23759.8 46101.1 23214.4 12746.6 2937.8 40889.3 2681.89 20116.7 37500.7 4311.61 11505.9 20030.5 1480.2 12253.9 18241.2 2268.92 2342.52 18182.4 16792.8 1812.07 11360.2 4611.24 4186.59 9554.11 1924.58 1107.73 6805.22 5143.35 3931.83 855.944 1234.79 1195.57 999.778 750.509 1145.45 27946.6 25844.2 4298.43 706.15 463.765 676.09 151.934 119.548 4853.13 3517.48 2664.88 9087.73 1132.64 773.265 4140.07 3327.81 614.106 2713.7 1533.23 796.948 869.817 630.764 7705.04 7893.47 5211.86 359.379 13697.8 21545.8 377.069 996.741 7853.03 1583.27 6269.76 5568.14 883.984 6749.01 1775.92 1934.23 3876.07 8231.46 362.072 4086.48 6326.05 8710.66 1425.09 191.467 107.956 1854.31 1738.11 179.855 6395.52 244.066 278.835 1692.06 2360.58 1104.99 125.019 492.995 239.053 7285.56 3388.54 912.607 855.452 2535.61 1215.07 3075.89 524.156 389.419 626.454 6332.68 3031.48 5825.92 2616.33 2490.22 1839.69 650.526 3267.6 83.9047 257.529 2852.88 434.876 253.978 810.574 15972.3 248.816 6909.71 126.116 275.56 2102.37 739.548 4210.51 186.06 3813.56 791.36 1320.54 320.457 8926.08 6362.22 5892.9 1583.36 1449.93 4309.54 1661.87 725.229 5179.81 255.918 345.112 6166.95 3398.3 7337.71 6496.34 2875.69 3620.66 1287.39 1625.87 5422.46 5466.32 1389.66 226.065 68.6059 679.406 108.094 205.027 281.343 423.706 133.002 88.2424 1446.82 624.565 1816.34 852.594 3545.28 2770.19 1218.78 86.6537 1238.8 1628.33 76.3789 313.365 224.12 146.041 439.301 1260.86 1191.01 547.813 198.827 755.519 176.618 3394.43 75.3748 1744.09 537.343 1983.68 1163.48 575.905 377.936 587.578 841.37 1233.63 502.612 459.554 181.218 278.336 121.906 2644.4 101.099 608.476 245.966 102.142 2481.46 2266.48 1241.02 261.215 179.049 1059.35 294.487 477.846 195.265
internal_count=621839 415616 166767 84660 248849 206223 40305 37230 31776 44355 82107 20133 22499 171611 165663 16135 77238 133731 72492 158255 76245 42114 12127 141157 11233 65024 130006 19364 36030 66363 5454 36462 57486 6752 9277 59189 54981 7826 39993 16673 18900 32378 5948 4570 24222 18583 14411 3313 4707 4534 4194 3055 3998 97628 90584 15556 2582 1782 2709 537 389 15429 13009 10026 30362 4384 3090 18745 9478 1592 7886 6741 3135 3407 2394 24619 26685 17098 1294 45955 75028 1393 3875 26510 5131 21379 18851 3075 23320 5476 5835 13331 27988 1340 12214 19319 28969 4924 736 376 7140 6749 604 22196 845 1085 5520 7408 4008 464 1276 1013 24045 11151 3596 3406 8467 4174 11098 2172 1661 2255 20408 10185 17913 9531 9121 6844 2277 11114 259 820 8711 1795 898 2886 50734 1070 23739 410 983 7044 2535 13127 725 11989 2638 4293 911 26984 19490 20345 5321 4828 15024 5639 2549 16711 894 1304 18827 10546 25115 22346 10078 12268 4194 5574 17579 17967 4208 782 253 2262 442 634 951 1536 548 384 5008 2234 6253 2983 11982 8416 3941 310 3856 5408 259 1163 808 560 1416 3720 4123 1624 659 2672 660 11415 286 5991 1912 6547 3919 2010 1361 1909 2769 4188 1851 1567 651 916 461 8639 306 2217 793 323 8518 7829 4077 793 566 3825 1034 1737 663
is_linear=0
shrinkage=0.0136102


Tree=5
num_leaves=232
num_cat=0
split_feature=0 13 12 8 13 8 0 0 24 7 8 16 12 8 16 7 13 7 12 13 8 24 13 13 8 15 7 7 8 15 12 23 13 7 7 7 7 12 16 2 24 16 15 2 24 13 8 24 24 24 7 8 12 2 16 0 16 5 12 5 2 14 24 24 23 5 8 13 0 12 12 7 12 24 7 5 8 2 14 5 2 12 12 7 12 2 12 24 24 8 16 7 13 24 14 8 10 7 8 15 5 23 12 14 0 7 5 16 12 2 2 22 23 22 2 5 9 24 22 0 16 2 8 5 5 24 7 16 13 0 24 7 24 7 14 16 16 23 8 13 13 14 7 0 24 24 0 13 14 8 8 23 7 24 16 24 8 16 5 14 0 8 2 5 9 7 7 13 14 24 7 0 0 8 7 15 12 8 7 24 13 2 2 10 5 0 16 5 15 16 8 13 0 12 5 9 9 7 8 15 7 13 12 16 9 22 0 13 9 23 16 24 12 23 2 14 24 22 13 7 8 13 16 0 7 2 15 8 13 15 15
split_gain=7019.73 4829.02 7338.83 2099.55 1382.84 1127.89 935.934 696.265 676.65 650.369 612.294 422.049 395.714 362.799 331.592 333.569 318.798 310.885 301.305 293.564 233.235 230.67 230.137 218.142 210.861 231.259 208.05 219.978 206.266 193.896 192.195 163.298 154.129 210.523 153.178 151.55 171.487 149.496 148.589 144.1 142.393 140.191 136.966 131.132 125.913 120.266 116.767 116.657 107.798 106.914 104.185 143.402 104.174 103.682 103.58 135.245 101.022 100.839 117.976 126.496 97.9133 95.8329 93.5869 92.3764 89.8385 89.4021 91.0488 88.2258 87.6266 231.898 137.151 93.8128 87.206 83.7132 86.1855 82.9932 82.6529 80.904 78.5887 76.9007 76.257 96.9174 75.2737 107.99 74.085 73.4316 73.2975 70.7297 82.3655 70.5503 68.719 68.3501 66.8707 66.0086 64.6108 63.6286 63.2429 104.602 62.7155 66.8932 62.6176 62.4946 61.5883 61.4878 58.8392 57.9905 87.5221 86.0281 57.7804 56.1354 55.3209 54.3503 52.1588 51.7789 51.1155 51.0138 50.94 50.4088 50.2101 50.0471 50.0458 49.3743 49.3442 144.364 48.9587 48.4157 48.2227 47.8812 77.5921 134.237 61.456 50.6441 47.5406 47.2905 47.2004 47.1675 61.95 51.6131 45.6781 45.3494 54.6552 45.5496 45.3377 47.1201 45.3192 44.6603 44.5677 44.1305 43.9573 43.8361 122.408 43.6948 43.1823 42.3367 42.0829 44.8264 67.934 42.0616 41.4083 40.4375 47.4904 40.3795 40.1572 39.9088 39.515 56.5935 38.8253 38.0893 37.566 37.3107 46.0824 37.1717 40.7939 54.8273 37.0713 36.9477 35.9778 35.9567 35.8884 59.36 38.9827 35.4384 35.2355 35.2256 34.4695 34.3959 34.2301 33.8031 36.9997 33.8023 77.4058 60.008 32.7179 31.7448 31.4117 30.977 40.7215 46.2665 35.9876 61.1931 30.9452 30.4598 40.8517 37.7048 46.4308 30.4942 30.1701 46.3483 30.7683 29.7588 48.5251 29.7265 55.9561 29.5933 29.4799 29.3951 28.8091 29.0074 28.7316 28.5723 28.5136 28.4718 28.4069 28.3509 28.0406 27.8035 27.0432 25.7596 25.6094 25.3629 26.7514
threshold=0.54900357127189647 0.19431499391794207 -0.095894999802112565 0.015415938571095468 0.72570499777793895 -0.01659449283033609 0.90004959702491771 0.3074756413698197 0.18103500455617907 85.950901031494155 -0.044881539419293397 1.1681500077247622 -0.31566500663757319 -0.094765119254589067 1.1946499943733218 13.762453556060793 0.041154999285936363 81.474449157714858 -0.034044999629259103 1.9656950235366824 0.015815201215445999 0.03188499994575978 0.90079498291015636 0.097795002162456526 -0.040768070146441453 1.0596500039100649 88.343807220458999 36.135934829711921 -0.041758067905902856 1.0760499835014345 -0.047164998948574059 35.045000076293952 0.08084499835968019 68.533599853515639 26.423064231872562 66.448188781738295 41.579980850219734 -0.071215000003576265 1.0230500102043154 0.90928685665130626 1.0000000180025095e-35 1.0134499669075014 1.019149959087372 0.92871257662773143 0.0026749999960884456 1.0113500356674197 -0.071861837059259401 0.35253499448299414 -0.31865499913692469 0.10297499969601633 45.135211944580085 -0.0010195308714173732 -0.016174999997019764 0.7589646875858308 0.97624999284744274 0.48948425054550176 0.89704999327659618 -4.3352758884429923 -0.22121500223875043 8.5832457542419451 0.67590761184692394 0.99994999170303356 0.061824999749660499 -0.22159999608993527 58.895000457763679 8.5832457542419451 -0.00825329916551709 0.041154999285936363 0.6891896426677705 -0.073294997215270982 -0.051115000620484345 10.559048175811769 -0.034044999629259103 -0.03062499966472387 54.033458709716804 -1.6041666865348814 0.0043907966464757928 0.10675774142146112 6.2627501487731942 0.68445029854774486 0.61786028742790233 -0.052094999700784676 -0.0042250000406056634 99.970909118652358 -0.01519499998539686 0.62077134847641002 -0.10207999870181082 -0.065664999186992631 0.045384999364614494 0.011176015250384809 1.1805500388145449 35.251848220825202 0.4889149963855744 0.2124150022864342 0.94394999742507946 -0.056075876578688615 8.5000000000000018 73.983959197998061 0.017092538066208366 1.0101500153541567 -2.908187627792358 -12.795000076293944 -0.075494997203350053 1.1738499999046328 0.3605837374925614 58.706041336059577 1.1846445202827456 1.0179499983787539 -0.025595000013709065 0.33598418533802038 0.079073712229728713 10.296999931335451 63.495000839233406 2.9897500276565556 0.21748226135969165 -3.1650544404983516 1.0000000180025095e-35 0.043285001069307334 10.296999931335451 2.2615505456924443 1.0467500090599062 0.47380892932415014 0.022667963057756427 -1.0070221424102781 -9.1181821823120099 0.033634999766945846 85.950901031494155 1.0065500140190127 0.070365000516176238 0.64664974808692943 -0.31287500262260431 55.467550277709968 -0.0031350000062957402 42.135799407958991 0.89534997940063488 1.0179499983787539 1.0999500155448916 76.655002593994155 -0.042776694521307938 0.18176999688148501 0.11503499746322633 0.44114999473094946 64.199382781982436 0.67453104257583629 -0.012405000161379574 0.1621850058436394 0.42269471287727362 0.17691499739885333 0.94924998283386242 -0.015632990747690197 -0.0036875137593597169 56.024999618530281 22.182264328002933 0.086415000259876265 0.9662500023841859 -0.086934998631477342 0.0053689882624894389 0.99234998226165783 6.9602661132812509 0.87624999880790722 1.1430639028549197 0.0040773814544081697 0.003960411762818695 1.2655788660049441 5.5000000000000009 42.320713043212898 55.467550277709968 1.0764900445938113 0.95954999327659618 -0.28133499622344965 61.483547210693366 0.46823097765445715 0.40356811881065374 -0.022094325162470337 62.215795516967781 0.99854999780654918 -0.080974999815225587 0.050011808052659042 32.071388244628913 0.10297499969601633 0.015299999620765449 0.40169152617454534 0.64828652143478405 8.5000000000000018 89.471302032470717 1.9503627419471743 1.1448499560356142 -14.073154926300047 1.0224500298500063 1.0034499764442446 0.016686211340129379 0.32518000900745397 1.0599417090415957 -0.38849499821662897 -1.4271756410598753 1.5000000000000002 4.5000000000000009 56.199245452880866 -0.017485039308667179 0.98765000700950634 27.885784149169925 0.11680500209331514 -0.025595000013709065 1.038850009441376 4.5000000000000009 5.4574499130249032 0.096034109592437758 0.18917500227689746 2.5000000000000004 63.815000534057624 0.99584999680519115 -0.059544999152421944 -0.29276500642299647 54.57500076293946 0.47380892932415014 3.0304499864578252 -0.81048500537872303 3.9301500320434575 0.13058499991893771 65.780101776123061 0.020789750851690773 0.27442499995231634 1.0077499747276308 0.44058705866336828 79.469467163085952 0.067210286855697646 1.0089499950408938 -0.026942162774503228 0.082785002887249007 1.0200499892234804 1.0141499638557436
decision_type=2 2 2 2 2 2 2 2 2 2 2 2 2 2 2 2 2 2 2 2 2 2 2 2 2 2 2 2 2 2 2 2 2 2 2 2 2 2 2 2 2 2 2 2 2 2 2 2 2 2 2 2 2 2 2 2 2 2 2 2 2 2 2 2 2 2 2 2 2 2 2 2 2 2 2 2 2 2 2 2 2 2 2 2 2 2 2 2 2 2 2 2 2 2 2 2 2 2 2 2 2 2 2 2 2 2 2 2 2 2 2 2 2 2 2 2 2 2 2 2 2 2 2 2 2 2 2 2 2 2 2 2 2 2 2 2 2 2 2 2 2 2 2 2 2 2 2 2 2 2 2 2 2 2 2 2 2 2 2 2 2 2 2 2 2 2 2 2 2 2 2 2 2 2 2 2 2 2 2 2 2 2 2 2 2 2 2 2 2 2 2 2 2 2 2 2 2 2 2 2 2 2 2 2 2 2 2 2 2 2 2 2 2 2 2 2 2 2 2 2 2 2 2 2 2 2 2 2 2 2 2
left_child=1 2 10 5 8 73 22 16 11 13 47 17 48 167 15 21 43 24 35 28 104 163 26 30 86 37 27 68 -6 34 80 45 33 56 -30 36 101 85 65 147 113 100 115 154 220 185 -10 94 67 110 51 -39 -41 111 125 134 -14 178 -59 -60 105 -43 127 181 91 66 -20 103 70 71 149 153 -72 164 77 176 -38 -75 211 -74 87 116 83 161 -52 92 120 146 -89 -77 138 93 -26 -34 -1 -73 98 -98 99 -5 -28 -18 224 213 144 106 152 168 -108 -109 -36 169 -13 -11 -50 -35 -82 -76 -114 183 216 -57 123 -63 -66 -32 177 130 129 -129 214 -131 -106 -87 -56 142 225 -138 -24 140 141 -69 143 -130 -19 222 -9 -40 -71 -2 193 -65 -25 -70 -7 156 -156 187 -46 160 -55 -62 -143 -15 165 -4 -83 -8 -107 170 -33 172 173 -79 -67 -152 -37 -112 179 -58 -180 -21 -117 -16 -159 -17 195 -93 -189 -132 191 -191 -47 -151 -45 -64 197 -197 199 -198 -195 203 218 204 -104 226 -141 208 -208 210 -142 212 -27 -12 -29 -31 -3 -218 -203 -211 -22 -222 -97 -209 229 -137 -204 -167 -171 230 -100
right_child=6 4 3 96 19 7 9 23 46 40 12 112 32 14 119 31 18 20 38 63 44 -23 90 60 25 78 41 62 29 215 54 53 64 42 49 75 76 50 39 52 -42 61 -44 194 158 192 -48 -49 114 -51 84 -53 -54 159 55 121 57 58 59 -61 82 122 186 151 124 174 -68 139 69 148 72 95 79 74 117 89 -78 171 -80 -81 81 166 -84 -85 -86 133 -88 88 -90 -91 -92 157 -94 -95 -96 145 97 -99 102 -101 -102 -103 201 -105 132 107 108 109 -110 -111 126 -113 118 -115 -116 182 -118 -119 -120 -121 -122 -123 -124 -125 -126 -127 -128 128 135 131 189 -133 -134 -135 -136 136 137 -139 -140 206 209 162 -144 -145 -146 -147 -148 -149 -150 150 175 -153 -154 -155 155 -157 -158 184 -160 -161 -162 -163 -164 -165 -166 227 -168 -169 -170 228 -172 -173 -174 -175 -176 -177 -178 -179 180 -181 -182 -183 -184 -185 -186 -187 -188 188 -190 190 -192 -193 -194 200 -196 196 198 -199 -200 -201 -202 202 205 -205 -206 -207 207 223 -210 219 -212 -213 -214 -215 -216 -217 217 -219 -220 -221 221 -223 -224 -225 -226 -227 -228 -229 -230 -231 -232
leaf_value=0.012458942980365992 0.016873673683036983 0.0037988846184591018 -0.011905110413295845 0.015360966445506739 0.019539435097379258 0 0.021642113849882131 -0.011473087728140506 0.021949833602183031 0.0197615145133739 0.005488178227571053 0.019948737975406753 0.013338786589557358 -0.0053325295377891491 0.018841688956109166 0.016872494500878708 -0.00037029129155925246 0.0029693338459547852 1.067232447357748e-05 0.0029993503796976579 0.011640090545232658 0.032967141054212161 0.019857407622090404 -0.010109337079076049 0.0099844677136977401 0.016044304825304851 0.020634984560063668 0.013052975471791789 -0.011136699379894012 0.017680655322263518 -0.0026435131448609844 0.015826630056114222 0.006929221186556556 0.0048772772326693761 0.0044893060028749271 0.013023572693586899 0.00089141703812400366 0.007365685304005525 -0.006904435652923922 0.022098710791177211 0.015649888918135464 0.0081347118083606555 0.017119185454907978 0.014388522536138496 0.004402573896119988 0.01696251369908517 0.014990516935489306 0.020604391240542256 0.012999228332856477 0.01678492654758041 0.0098679041794990999 -0.0079007417362722664 -0.0049398257856583406 0.012593799760029379 -0.017427512273240187 -0.0077322626411629389 0.0058534209389207508 0.0090778455032036187 0.0024913990671823678 0.0092224722257759906 0.0094558520857378411 0.030615787189575798 0.013068670728825039 0.021014964555743733 -0.0029473467956297249 0.011359953900265214 -0.010295221387943428 0.0054266252546312458 0.012916313790224902 0.01308604005717722 -0.005498400929524104 0.018949208885526425 0 0 0.012636409139371078 -0.011760138344272955 0.0086736676334290448 0.020569499706100468 0.020870616974904926 0.027897273135394807 0.013145483396421584 0.0070503090784953615 -0.0063693573313569566 0.026907070229482279 0.0071020993834782255 0.0094689533441634378 0.010016009643786574 0.012313609177994546 -0.0010528518709300033 0.0021467579611479316 0.020671480332395149 0.013429598502630574 0.012458687546647331 0.014218299983228351 0.016960429379534282 0.011882529902687533 0.010740276794828092 -0.0079132154535018276 0.0085444138708218355 0 -0.00041017071879068443 -0.0078709580655770984 0.019304322859946623 0.012938899440224305 0.010751930771677775 -0.012730191151269549 0.0064670705172436291 -0.0040849988867026491 0.023145027860746483 0.012901652032476525 0.013168028630279017 0.016872494500878708 0.013263287765463538 0.03533071011388899 0.01681593594686764 -0.012693064743717961 0 -0.010520032791215841 0.019948737975406753 0.025715760263927068 0.020711070108124275 0.009901283573065944 0.033215273461910819 0.0084005173010263719 0.006929221186556556 0.017185277164733184 0 0.0069047344914492589 0.017848953118583376 0.016575723912050717 0.01124597047911431 0.028591254199957873 -0.0097523304196565439 0.012737620921269384 -0.0084203351948779464 0.0073490050623840272 0.015234104822137263 0.0078985846969546452 0.015647980307984873 0.014359217914082199 0.012190257066072697 0.0054266252546312458 0.021369690340923321 0.010850506885056083 -0.013814692692416707 0.016809961620970485 0.0018741056341403579 0.0090305036091958123 0.031214485425551601 0.012924738710343119 0.004757491146396094 0.016957936460430784 0.0020920237110155118 0.029655871518335625 -0.013066914035739736 -0.014032778910271637 0.012844108113315289 0.012179259576792806 0.023869733685202319 0.016872494500878708 0.016518218455642802 0.00061671977704892667 0.012090287748674345 0.014258100191001773 0.012967145099331516 0.011010478156549803 0.030295589545120676 0.02717271895069636 -0.0025488343364934419 0.016872494500878708 0.010190477434985457 0.0066000863709420815 0.026420880256418568 0.0085788774800169172 -0.0034351166665051885 0.018030826038264679 -0.0020210707957950117 0.015559011881312035 -5.6586875260222213e-05 0.016948169788564924 0.0094125978921475451 0.014427310646650678 0.002422732026677562 0.023103129616086716 0.006929221186556556 0.019928338620047354 0.019353891310629673 0.0087007640151790799 0.012285769075177097 -0.0071113763619594008 0.014092448012145322 0.010142301086049903 0.021561636150785417 -0.007479906384171931 -0.0017851097976434992 0.017032592682937591 0.011707882741649238 0.012359859980108696 0.014947101752882497 -0.0010131660440942871 0.0045526271144656827 0.00063232042823745322 0.023269008523691265 0.028772253086347593 0.0063717862298509681 0.024431047713495992 -0.0080623415192611694 0.0047012835810515217 0.0047917290568603287 0 0.017135185151518767 0.015118104629414059 0.010083903431367235 -0.0070020544710576423 0.018337220185479907 0.023042846716956288 0.013627152991925738 0.017934374217983697 0.011679530763545488 0.011520671045254937 -0.011128648427634946 0.0023249314071692008 0 0.020705399714929636 -0.0018409472600306839 0.012017480188891951 0.010300160450881966 -0.0018075263982446125 0.012526040245829602 0.013899800302152451 -0.0052392211819728271
leaf_weight=1461.3295592367649 1314.2794234752655 59.32627047598362 45.024915918707848 85.081083729863167 1784.5672976374626 43.827250614762306 1800.7178284525871 156.85175348818302 529.19507297873497 78.081939920783043 618.21233291924 890.02077823877335 575.42385466396809 32.75340960919857 1554.5480560958385 10262.479482501745 387.48745420575142 29.212950482964516 161.15627256035805 87.065193057060242 43.54197259247303 360.54185327887535 734.55783259868622 61.499335795640945 13376.213582009077 472.40291151404381 34.228072285652161 1304.1885503083467 40.117816463112831 1239.4662107378244 37.740811556577682 2559.1516533643007 733.66742712259293 41.9165860414505 146.39087714254856 32.312718853354454 788.7758623957634 412.19568012654781 278.52729341387749 71.096397057175636 120.52432845532894 66.389127478003502 43.566356346011162 29.858360201120377 35.409224987030029 603.58350215852261 6790.1708340197802 887.50150421261787 2181.6649874895811 2319.6614106893539 9571.859097674489 150.68210233747959 35.115475878119469 1169.6516331732273 149.14099007844925 36.134294837713242 150.04452992975712 1586.5662025362253 1951.7233338803053 716.38798360526562 430.32696439325809 142.81793640553951 2878.3829260766506 2571.4208642989397 84.928138196468353 45.14411686360836 2493.9966073781252 284.87069354951382 58.653542786836624 46.090078875422478 100.51336166262627 834.50065051019192 42.788971662521362 52.340508058667183 25.350015565752983 465.20841790735722 378.56168232858181 200.42506676912308 321.92113594710827 31.871079057455063 65.072231441736221 34.300122037529945 54.909362509846687 57.268524423241615 2433.928636521101 1176.0759353339672 686.33024410903454 99.156493008136749 463.23204669356346 71.880539074540138 1005.3276248276234 521.48224341869354 2686.6460615247488 240.34060643613338 1322.2188412100077 757.0228278785944 215.59516543149948 68.3961241543293 78.775510355830193 136.260991320014 69.522566303610802 466.23758324980736 293.29118491709232 251.07606318593025 46.223690554499626 100.11837916076183 197.89416061341763 50.479017660021782 50.332241505384445 90.798713475465775 8738.3999119699001 691.79354485869408 884.76475149393082 517.60644826292992 1242.2886642217636 183.68168637156487 265.9447687715292 36.918783783912659 168.47141812741756 569.84730264544487 342.01331388950348 91.338560909032822 200.88057713210583 102.41424515843391 1587.9893548935652 41.023356661200523 53.327144503593445 142.01472553610802 394.41015078127384 176.95385900139809 4956.7996064722538 192.03930306434631 30.130056753754616 5579.2408838272095 632.68790364265442 324.20418013632298 2204.4705619961023 236.38488966226578 3837.7837706208229 69.217793673276901 909.64916044473648 203.71728390455246 263.04427722096443 483.92079564929008 183.54887521266937 589.38455708324909 56.619611948728561 30.361536547541618 292.39733570814133 40.311446517705917 58.175817847251892 953.14651474356651 283.11278463900089 159.612618252635 39.766034573316574 1349.2335392385721 27.408493712544441 3858.8508563935757 93.962685778737068 3180.5198715776205 1828.6451533734798 136.54288816452026 2407.4523348063231 32.575936734676361 59.254144623875618 62.266651228070259 34.342022821307182 456.50844064354897 237.45912116765976 231.77365197241306 386.75436791777611 69.192765638232231 124.20455139875412 146.9372101277113 75.954015016555786 333.22957837581635 134.81284184753895 1809.7645515352488 78.098743751645088 321.60376672446728 1022.078051418066 177.81762292981148 27.040591910481453 851.93548761308193 57.210719004273415 960.94306196272373 354.55634543299675 3230.4545998126268 767.84110189974308 95.462911948561668 111.57842496037483 54.760577961802483 1773.1045899689198 59.629858747124672 51.163284957408905 2541.2154101133347 544.34274296462536 626.64142179489136 895.20801559090614 72.879472181200981 99.060116618871689 62.972946837544441 48.303296476602554 80.968718573451042 81.634603798389435 98.407886266708374 65.246388301253319 83.284165978431702 60.867291882634163 54.358340784907341 904.74625287950039 1263.5501493513584 1140.0483552664518 30.707091003656387 334.05465514957905 389.62713769078255 1606.8089484572411 539.24598982930183 247.70451620221138 117.2747108489275 31.100738987326622 156.22328418493271 35.38589434325695 30.845850721001625 35.096594408154488 4976.2736087590456 179.90570393204689 41.157164439558983 4006.1829511672258 142.34746120870113 30.573906198143959
leaf_count=4878 4090 218 208 279 5291 178 5141 717 1506 223 2265 2651 1909 137 4659 32008 1581 110 652 326 146 820 2173 279 46446 1494 96 4322 184 3784 159 8119 2737 156 546 107 3159 1488 1218 207 367 232 133 97 129 1862 21785 2589 7202 7209 33330 653 152 3878 736 162 549 5593 7550 2525 1535 344 9479 7456 348 153 11406 1048 187 146 419 2504 166 205 83 2157 1373 589 927 78 216 124 238 150 8825 4098 2366 341 1886 283 2938 1723 9007 780 4122 2532 736 298 277 544 278 2065 893 830 159 467 729 214 143 307 28779 2100 2912 1115 3886 853 1063 168 472 1517 1007 321 455 353 5718 129 206 507 1223 554 16845 495 137 18602 2788 1153 7055 829 12148 222 3050 747 770 1648 857 1831 221 106 695 129 211 2942 1111 387 191 6426 92 13008 261 9672 5702 542 8115 101 197 213 84 1176 986 707 1319 246 332 519 319 1026 563 5763 307 1011 3580 565 103 2381 225 2830 1060 11418 2584 406 360 185 5053 257 213 7912 1819 2078 2873 287 362 243 132 202 293 265 280 304 221 213 2831 4045 3916 136 1024 1081 5257 1657 836 397 141 593 138 86 142 16713 610 169 13318 462 130
internal_value=0.0126901 0.0106573 0.00716092 -0.000967869 0.0128445 -0.00303174 0.0161272 -0.00417409 0.0116575 0.0177465 0.0108684 0.0110197 0.0101591 0.017463 0.0170684 0.0165966 -0.00661302 0.010731 -0.00515786 0.0158625 0.001305 0.0287286 0.014559 0.00046464 0.0108762 0.0105892 0.0140668 0.0138922 0.015056 0.0145045 -0.00241182 0.0164037 0.00894674 0.00728222 0.0139305 -0.00181045 6.84837e-05 0.010265 -0.00799717 -0.000296419 0.030685 0.0220623 -0.0037961 -0.0121418 0.00861792 0.0175063 0.0155123 0.0161129 0.012415 0.0140143 0.00904308 0.0031772 0.0129538 0.0153287 -0.00682885 -0.00815096 0.00780342 0.00723997 0.00611536 0.0043263 0.00403964 0.025004 0.0133446 0.0193462 0.00994573 -0.00913163 -0.00965546 0.0112738 0.0165954 0.0182756 0.0143012 0.016708 0.00242763 0.0119174 0.0143208 -0.00722663 0.0034733 0.0159111 0.0141445 0.0133195 0.00127822 0.00608978 0.00807877 0.00945076 0.00931343 0.0109343 0.0142698 -0.00116892 0.00131069 -0.00982155 0.0171536 0.0104742 0.0104042 0.00692922 0.0146355 0.0157553 0.0123802 0.00605393 0.0134569 0.00622113 0.006723 -0.00453357 0.0145642 0.00716176 -0.00766099 0.00141967 0.00427329 -0.00203599 0.0103593 0.00661437 0.0134059 0.0142257 0.0172695 0.03352 0.014416 -0.00779584 0.00277386 -0.000269137 0.0148922 0.0214743 0.0153804 0.0045022 0.0273186 0.0218174 0.00692922 0.0075643 0.0135232 0.0127182 0.013403 0.0188532 0.0117661 0.0232053 0.00206614 0.0121812 -0.0102795 0.0130755 0.0126452 0.0145561 0.0163518 0.0119721 0.0123057 0.0109994 0.0158982 0.0141136 -0.0113095 0.0137422 -0.00778073 -0.00510199 0.0290673 0.0153637 0.0118327 0.0199522 -7.06251e-05 0.0256895 -0.0130828 -0.013488 -0.00178586 0.01088 0.0191702 0.0167168 0.0150218 0.00741935 0.0115816 0.00414165 0.00400044 0 0.0203772 0.0228301 -0.00581412 0.0137987 0.015117 0.0174629 0.0188945 0.0157863 0.00196486 0.0162366 0.000914485 0.0135885 0.0102324 0.0135921 0.00870612 0.010934 -0.0105545 0.0204072 0.0119909 0.0168725 0.014618 0.00989764 0.00941234 0.0109821 0.00572907 -0.000447941 0.0204447 0.00280466 0.00414077 0.0143792 0.0151632 0.0161398 0.0130494 0.010144 0 0.016096 0.0136982 0.0191941 0.0167038 0.0172818 0.00647967 0.00382256 -0.00159569 0.014161 0.0147144 0.0133463 0.0118948 0.00479109 0.0142022 0.0190475 0.0144951 0.0147634 0.00960997 0.00785513 0.00228019 0 0.0113279 0.00998676 0.00842863 0.011746 0.0136142 0.0056695 0.0128577 0.0100264 0.00427916
internal_weight=186370 117129 45088 14120.6 72041.2 12235.3 69240.8 11372.2 51730.5 34030.2 30967.4 44411.1 27296.4 33314 31056.8 28080.5 7457.89 42467.8 5916.63 20310.8 649.353 425.871 35210.6 3914.33 41818.5 38584.8 29632.9 29016.7 16521.3 14736.8 2163.58 27654.6 17780.9 6698.13 13107.7 2725.28 2021.06 35386.8 3191.35 415.101 716.213 616.253 296.205 1541.26 360.238 13600.1 7319.37 3671.05 9515.48 13067.5 12568.7 562.878 106.212 14054.5 988.066 909.302 6401.93 5826.5 4254.68 2668.11 1750.74 512.502 24163.8 3789.45 11082.8 2776.25 2655.15 6091.53 4852.91 2773.05 2079.86 2434.56 175.173 863.072 655.369 704.215 1167.34 593.1 3197.92 74.6601 1175.52 399.659 679.048 624.138 12005.8 22818.2 3233.72 775.86 562.389 537.089 5577.67 9409.85 16062.9 974.008 2783.55 2216.29 1885.32 283.991 1601.32 221.342 103.751 853.725 1379.98 899.995 289.116 1071.69 592.839 478.855 248.226 141.278 10747.9 7875.66 1943.26 595.688 3423.95 252.639 331.017 62.2688 1053.24 2976.33 2547.39 127.473 446.113 245.232 1672.92 78.7642 10601.5 16250.6 9393.72 511.008 6856.84 368.993 76.3537 6755.32 781.829 8882.71 7741.33 2440.86 4572.34 5191.53 4882.07 2896.04 1141.38 878.331 212.762 1381.79 213.471 308.889 338.487 1904.69 590.407 3524.57 344.612 218.266 1460.24 1416.41 67.1745 8435.84 129.372 6178.82 2998.3 566.87 2611.17 65.3293 207.703 148.449 68.6421 2257.23 337.578 7183.86 2945.91 540.76 471.567 347.362 121.098 391.405 167.126 10548.2 1571.83 471.648 1100.18 264.883 210.722 2406.48 3916.06 11223.4 7913.23 4519.78 3998.3 5218.6 261.802 150.223 2376.69 199.001 81.0216 7558.67 4680.29 3167.86 1512.43 617.222 158.69 1093.19 637.294 455.895 374.926 326.617 309.461 240.244 126.114 1986.03 1814.4 2876 1612.45 648.919 1638.24 1629.09 2205.38 2146.05 310.677 171.633 230.866 187.324 792.409 114.13 286.793 5300.48 228.209 103.424 4237.96 251.697 109.349
internal_count=621153 403176 163849 57617 239327 51275 217977 48346 175195 104205 106232 151904 94643 102500 96183 87626 32698 145869 25501 64132 2533 1058 113772 15648 143336 132831 96513 94755 52843 47552 8947 86568 62810 24269 42687 11288 8178 122449 14213 1683 1705 1758 1245 7197 1270 41753 23291 11589 31833 42503 44296 2141 359 44815 4295 4007 23024 21115 15668 10075 6701 1384 79597 11289 38541 12530 12058 20745 15158 8420 6738 7579 663 2929 2142 3110 4532 1891 10382 244 4652 1487 2465 2227 42155 78153 10505 3165 2227 2440 17259 32475 55453 3517 9000 7005 6342 1034 5308 823 374 3646 4485 3231 1263 4236 2262 1974 872 521 35294 25563 6035 1338 11088 1112 1279 251 3384 8557 8139 483 1152 697 6066 288 34748 54089 30947 1556 23142 1049 296 22700 3524 29391 25750 7884 14321 17514 16401 9910 3641 2871 967 4501 938 1324 841 6075 1985 10398 1390 574 6887 6709 283 28958 390 19252 9580 2077 8862 238 787 590 208 6317 1453 23463 9438 1686 1440 1108 472 1237 670 34542 5447 1560 3887 891 956 7040 13233 34838 25508 15725 14002 17796 951 591 6915 748 310 24448 14969 9990 4979 2106 619 3474 2086 1388 1186 1007 1113 891 501 6491 5881 9455 5410 2401 5346 4865 7132 6914 1079 610 880 734 2670 390 1011 17866 742 382 14025 869 407
is_linear=0
shrinkage=0.0136102


Tree=6
num_leaves=232
num_cat=0
split_feature=0 13 12 8 13 8 0 6 0 7 12 6 16 8 16 7 5 5 11 23 7 8 13 5 13 8 8 3 7 23 13 12 13 5 1 8 0 3 7 8 7 17 12 6 12 1 16 23 7 16 6 7 7 3 8 7 2 12 7 13 23 8 23 7 2 16 8 2 23 23 17 2 12 1 0 12 7 22 2 3 16 11 7 3 7 8 6 12 3 23 12 16 22 7 2 13 8 8 23 2 13 23 22 12 12 3 7 5 16 17 12 1 22 17 14 22 14 23 7 0 6 17 2 14 6 7 1 1 3 12 3 22 1 1 7 13 8 6 13 14 16 6 2 8 6 5 23 13 6 1 6 0 0 7 7 14 0 16 14 5 12 6 1 12 1 14 2 7 7 1 23 16 13 3 14 13 7 13 8 14 14 13 2 2 13 13 1 16 13 0 3 8 6 7 5 8 1 22 12 14 7 17 5 17 2 3 2 8 1 7 5 23 17 1 6 7 7 7 7 2 1 8 1 23 1 5 13 12 6 23 12
split_gain=6732.41 4641.5 7089.95 2040.3 1325.36 1115.86 895.023 702.368 695.197 619.434 527.884 361.78 356.086 345.463 315.89 320.075 303.602 284.782 265.22 250.383 249.692 226.927 225.677 222.565 219.731 211.573 211.02 202.251 199.526 211.222 197.641 189.786 185.734 179.254 206.822 175.961 147.788 133.795 133.37 131.27 128.891 128.101 127.834 140.294 122.75 122.633 118.471 117.829 115.114 112.402 111.567 110.368 107.565 104.622 101.496 99.9955 98.0025 104.508 100.936 94.1683 93.5811 80.6631 79.009 77.5725 75.9443 74.888 74.7896 90.2656 74.4123 74.0849 73.9507 73.0669 85.2276 72.5996 72.0111 236.642 89.7804 68.2946 68.1431 67.7722 65.3133 65.2845 155.198 84.5395 72.9931 64.7263 64.6336 64.4287 63.8051 63.5009 62.5489 110.958 61.6572 61.5812 60.6358 58.9973 58.3722 58.3433 58.341 57.5174 66.2261 57.514 57.1286 56.1757 55.1497 53.8507 53.2989 74.5095 63.4614 62.0663 61.4988 58.66 53.1884 52.3969 52.3402 51.1977 50.7671 50.5698 144.574 49.8916 73.1499 48.9565 48.8104 48.4754 48.1963 47.6606 73.5487 62.7581 49.6022 53.1985 47.031 46.915 46.8058 46.4281 45.9596 45.2015 43.4194 43.3606 43.3016 42.593 42.0951 41.5251 50.3815 41.1996 40.8029 40.5972 40.4482 40.3791 40.019 39.8719 50.8971 44.3276 54.4461 39.436 69.4124 39.3912 47.3661 39.1344 38.7686 38.4515 38.4342 54.471 38.0429 37.4671 38.374 47.2068 46.5941 36.7368 65.9733 37.7582 36.2577 35.9315 35.8353 35.8042 35.1746 76.8041 34.9885 34.6965 34.6741 34.3235 34.2939 34.1809 42.3862 33.8506 36.4315 35.2602 33.7543 33.683 32.8031 32.4583 32.0472 31.9669 31.9137 31.8242 31.3687 47.1289 37.2081 31.075 30.534 30.3711 42.7688 30.2827 52.8202 33.0531 30.1265 29.8145 29.072 28.9973 28.9513 28.751 28.1295 30.3119 28.1068 27.8973 27.3667 27.3482 75.2277 28.1438 56.3189 27.1111 50.4005 35.2931 26.9118 26.7683 26.361 26.2317 25.9423 25.7648 25.6324 25.4092 25.3777
threshold=0.54900357127189647 0.19431499391794207 -0.095894999802112565 0.014226615428924562 0.72570499777793895 -0.01659449283033609 0.90004959702491771 -0.10271069034934042 0.3074756413698197 85.950901031494155 -0.18512500077486035 0.45183992385864263 1.1575500369071963 -0.094765119254589067 1.1946499943733218 18.67131328582764 8.8176088333129901 -4.1691627502441397 1.0000000180025095e-35 28.474999427795414 84.163299560546889 -0.050709072500467293 0.08084499835968019 -4.3352758884429923 0.90079498291015636 0.016246809624135498 -0.041758067905902856 1.9552473425865176 88.343807220458999 34.305000305175788 0.097795002162456526 -0.047164998948574059 0.041154999285936363 8.5832457542419451 0.0247403783723712 -0.02102604694664478 1.3240851759910586 1.2188555002212527 25.536642074584964 -0.071861837059259401 52.105249404907234 1.0760499835014345 -0.014184999745339153 0.14756267517805102 -0.034044999629259103 0.67852416634559642 1.1087500452995303 -1.0000000180025095e-35 25.536642074584964 1.0230500102043154 -0.11419821903109549 66.448188781738295 42.135799407958991 0.78924447298049938 0.017092538066208366 85.950901031494155 0.67590761184692394 -0.0042250000406056634 99.970909118652358 0.042954999953508384 -35.31500053405761 1.0000000180025095e-35 15.199999809265138 54.033458709716804 0.10675774142146112 1.1448499560356142 0.078588098287582411 0.63247057795524608 35.045000076293952 38.385000228881843 1.0024500489234927 0.61786028742790233 -0.052094999700784676 -0.16947533935308454 0.6891896426677705 -0.073294997215270982 10.559048175811769 5.7623999118804941 0.64033353328704845 0.93988928198814403 1.1805500388145449 1.0000000180025095e-35 73.983959197998061 1.4639123082160952 73.55530166625978 -1.0000000180025095e-35 -0.02429608907550573 -0.075494997203350053 1.4972769021987917 30.974999427795414 -0.13635500520467755 1.0115500092506411 4.2026500701904306 18.67131328582764 0.66404706239700328 0.050344999879598624 -0.01702147256582975 -0.074763711541891084 54.57500076293946 0.25051440298557287 1.55009001493454 44.754999160766609 2.9301500320434575 -0.016174999997019764 -0.10207999870181082 1.1566600799560549 58.706041336059577 1.1846445202827456 1.0179499983787539 1.0004499554634096 -0.025595000013709065 0.37832142412662512 3.3785499334335332 0.98844999074935924 0.87185001373291027 19.09584999084473 1.6122500300407412 1.0000000180025095e-35 28.532980918884281 0.35715524852275854 0.084542650729417815 1.078049957752228 0.91683137416839611 0.91874998807907116 0.026083425618708137 58.881937026977546 0.099274814128875746 -0.27824863791465754 1.0517596006393435 -0.2320350036025047 1.6359014511108401 6.8174500465393075 0.044430574402213104 0.11158771440386774 69.978591918945327 1.1798650026321413 -0.042776694521307938 -0.057054093107581132 1.0332600474357607 0.99994999170303356 0.95774999260902416 -0.16626144200563428 0.035643704235553748 0.011176015250384809 0.026083425618708137 -1.1754953265190122 -57.645000457763665 0.02505499962717295 -0.02429608907550573 0.0095802913419902342 1.0000000180025095e-35 0.46823097765445715 0.40356811881065374 55.315900802612312 1.0000000180025095e-35 0.53084999322891246 1.2707381844520571 1.0166500210762026 0.95954999327659618 1.2655788660049441 -0.07875999808311461 0.076255887746810927 0.41691279411315924 -0.25378499925136561 -0.27824863791465754 0.45424999296665197 0.11089152470231058 59.206237792968757 55.904218673706062 -0.30270919203758234 62.594999313354499 1.0006499886512759 1.0764900445938113 1.101093649864197 0.44795000553131109 0.061215000227093704 63.793136596679695 0.16541999578475955 -0.016098786145448681 3.0304499864578252 1.2221500277519228 0.10538499802350999 0.4652314186096192 0.26551172137260443 0.18176999688148501 0.99116000533103954 0.090271778404712691 0.99114999175071727 0.022710000164806846 0.042609233409166343 1.0194716453552248 -0.0019912389107048507 -0.27943791449069971 55.467550277709968 0.82424244284629833 -0.0036875137593597169 0.42941357195377355 5.5240499973297128 -0.0053550000302493564 1.6122500300407412 10.559048175811769 0.98524999618530285 -3.8668744564056392 1.0596500039100649 0.15919147431850436 0.91924571990966808 0.84200125932693493 -0.011240922845900057 0.52845591306686412 60.942174911499031 -7.446542263031005 51.545000076293952 0.99395000934600841 -0.12870717048645017 -0.020526380278170105 95.526599884033217 82.60248184204103 79.469467163085952 69.978591918945327 0.003960411762818695 -0.15328002721071241 0.042695714160799987 0.46169227361679083 56.534999847412116 0.075739871710538878 0.95932206511497509 0.4889149963855744 -0.10093499720096587 0.04757861606776715 -7.5050001144409171 -0.03605500049889087
decision_type=2 2 2 2 2 2 2 2 2 2 2 2 2 2 2 2 2 2 2 2 2 2 2 2 2 2 2 2 2 2 2 2 2 2 2 2 2 2 2 2 2 2 2 2 2 2 2 2 2 2 2 2 2 2 2 2 2 2 2 2 2 2 2 2 2 2 2 2 2 2 2 2 2 2 2 2 2 2 2 2 2 2 2 2 2 2 2 2 2 2 2 2 2 2 2 2 2 2 2 2 2 2 2 2 2 2 2 2 2 2 2 2 2 2 2 2 2 2 2 2 2 2 2 2 2 2 2 2 2 2 2 2 2 2 2 2 2 2 2 2 2 2 2 2 2 2 2 2 2 2 2 2 2 2 2 2 2 2 2 2 2 2 2 2 2 2 2 2 2 2 2 2 2 2 2 2 2 2 2 2 2 2 2 2 2 2 2 2 2 2 2 2 2 2 2 2 2 2 2 2 2 2 2 2 2 2 2 2 2 2 2 2 2 2 2 2 2 2 2 2 2 2 2 2 2 2 2 2 2 2 2
left_child=1 2 7 5 10 62 24 21 16 13 19 26 20 172 15 18 17 103 50 39 27 131 23 116 28 145 210 35 29 52 31 71 86 34 40 160 68 45 -28 -3 117 55 43 48 51 102 139 141 -37 -46 -15 -34 74 -33 95 89 106 58 105 93 130 85 63 64 -4 121 67 163 183 138 176 140 162 92 96 76 -76 101 134 113 136 82 -56 87 -85 -55 171 144 146 104 125 181 -42 -49 155 209 -2 -78 123 100 -91 -13 -30 147 -40 -58 107 111 158 -110 -109 -32 -27 -35 -77 -29 208 178 -119 120 -44 -54 -88 -95 -104 127 128 137 129 -127 -24 229 -64 224 227 -106 -26 -62 -38 -11 -10 142 -23 -75 -83 190 -16 -7 -149 150 -66 152 -151 154 -80 156 -70 189 -108 -20 -12 180 -73 164 165 166 -21 168 169 -165 -14 -19 -8 -138 175 -61 -18 -128 -25 -43 -162 182 187 -17 214 -186 -84 -92 -31 -129 -22 -142 -41 -74 -98 -196 -197 -172 -101 200 -183 202 -177 -203 -139 -52 -63 -169 223 -5 211 -6 -115 -69 -185 216 217 218 -97 220 -166 -221 -72 -9 -96 -126 -99 -36 -93 -1 -45
right_child=6 4 3 54 11 8 9 22 30 46 12 77 170 14 88 36 70 32 159 66 25 47 60 33 80 112 38 115 37 188 56 53 44 79 78 42 69 -39 41 192 73 179 119 230 49 -47 -48 59 -50 -51 205 -53 65 61 81 -57 57 -59 -60 174 90 206 132 -65 149 -67 -68 213 94 -71 222 72 193 143 75 114 97 -79 153 -81 -82 83 186 84 -86 -87 122 -89 -90 99 91 228 -94 98 133 215 194 226 -100 198 -102 -103 124 -105 135 -107 108 110 109 -111 -112 -113 -114 212 -116 -117 -118 118 -120 -121 -122 -123 -124 -125 225 126 177 157 -130 -131 -132 -133 -134 -135 -136 -137 173 204 -140 -141 191 -143 -144 -145 -146 -147 -148 148 -150 151 -152 -153 -154 -155 -156 -157 -158 -159 -160 -161 161 -163 -164 167 219 -167 -168 207 -170 -171 197 -173 -174 -175 -176 201 -178 -179 -180 -181 -182 199 -184 184 185 -187 -188 -189 -190 -191 -192 -193 -194 -195 195 196 -198 -199 -200 -201 -202 203 -204 -205 -206 -207 -208 -209 -210 -211 -212 -213 -214 -215 -216 -217 -218 -219 -220 221 -222 -223 -224 -225 -226 -227 -228 -229 -230 -231 -232
leaf_value=0.018261162467272409 0.016105745632587348 0.021814049910631943 0.003701046201872137 0.0027550338204190799 0.021319226794685467 -0.01022325140974868 0.02117591581183239 0.0095236762890138112 0.011595420824251875 0.016883930483926068 0.012614611440194955 0.02098716409352501 0.018592712962982979 0.013883339482396864 0.021989241634283733 0.014101172843412545 0.01272397636665276 -0.010387057945110165 -0.00023960924065521462 -0.013440017413704384 -0.0073775617344136657 0.012067230728446187 0.011831566446228185 0.014642986603436079 0.019441570002340328 0 -0.0094120765039231863 0.012614611440194955 -0.0037971971168519227 0.0033031078973259453 0.0036356338969316154 -0.014808598190052065 -0.0023051693341808056 0.013488054848161325 -0.0032995193031763147 -0.0056018167770048458 0.01785836432036483 0.027942532353811011 0.016570894763003934 0.019226211301146875 -1.7414316766580996e-05 0.0166990169882794 -0.0027790843247153195 0.012614611440194955 -0.010097115692250854 0.027780761110714342 0.020294974170704222 -0.003159395011600551 0.0092726650745335367 -0.00079592214764281292 0.019767268659638459 -0.0096052765001491281 0.013071355244749427 -0.008187248792904514 0.012144720025911384 -0.0050731919544547179 0.0050090270161015091 -0.010699173501004154 0.026305555915527468 -0.0030151970789397183 -3.7610207219081885e-06 -0.013945842492562853 0.003701046201872137 0.003701046201872137 0.016652261075662724 0.018661670600646173 0.014770835544389516 0.0097289246571426718 0.01036822668129362 0.016088768852993336 0.00098438873704154574 0.00050129305726706087 0.0072242408504263108 -0.0088420281870841052 0.025124855764354768 0.012454400193673698 0.019929147349047119 0.0233138346976219 0.015866532985815363 0.013488054848161325 0.020231898037263545 7.2356287752450963e-06 0.0016968399343371013 0.013332744226827615 0.026030409668793612 0.0017160537273920265 -0.015216446652282899 0.013332744226827615 0.024055741947695858 0.010127535537358278 0.0087321268349843939 0.011831566446228185 0.021461237443480302 0.006519157367643056 0.013841954433368784 0.010798994664373439 0.012454400193673698 0.013822074003146072 -0.0067629401010422391 0.013289701568496874 -0.0036803865403634947 0.016102448922014751 0.00097633620007306539 -0.0095855852180471973 0.013289701568496874 0.015517953077268519 -0.012501291056778163 0.0055827329735995551 0.013706039881626091 -0.0041452040109459971 0.022657440027703538 -0.0083140767516905884 0.016892261585003392 -0.0065490644165158464 0.029400104694972701 0.017319714645189912 0.017287109736748636 -0.010589925580621546 0.0067778565674941182 0.0094496481330987349 0.0059516307322616518 0.019226409946283215 0 0.012067230728446187 0.022320559967592055 0.009701426636194041 -0.0058444533637929683 0.011831566446228185 0.011279716877787041 0.0021776444265660523 0.016722324790242105 0.023194996190413316 -0.007789791327047416 0.016202862893360211 -0.011978485475413856 0.016214938036515084 0.014344159252308886 0.0016194940017994425 0.021470630189073671 0.035286959757553714 -0.0061338538780752894 0.012716896691316804 0.017338092419029043 0.0015350520762498138 0.013210019945499269 -0.011739873269013081 0.0172478023130965 0.01439889303176136 0.000549666862703199 0.016712562358133901 0.003701046201872137 0.006071599353981506 0.029901490152679573 0.016631098310119496 -0.0035659803395825707 0.013578806302213437 -0.0046541503460904351 0.011831566446228185 -0.0020715562214293939 0.014462678634650427 0.0022013919518318499 0.011540120731604571 0.012326877335081306 -0.002790080717054064 0.014770835544389516 0.010046345177069991 0.0056372588902319646 -0.004055122479556428 0.014770835544389516 0.0096744630838935634 0.012161802762647052 0 0.026541706612747358 0.017692811341634657 0.012067230728446187 0.012067230728446187 0 0.0075083159367886074 0.0077014011975567757 0.022514466846490791 0.011823584941822125 -0.01074714465821491 -0.0091496645091032995 0.017474898902311953 0.016202862893360211 0.018812632327893538 -0.015697837768898295 -0.0053144460621027557 0.012454400193673698 0.0093160750526264623 0.010282836115664133 0 0.014770835544389516 0.028980167926217007 0.012454400193673698 0.016090089056729168 0.027878826512682389 0.018592712962982979 0.009645318987715824 0.01149184388540828 0.0046085290741039783 0.012067230728446187 -0.0063393641763135012 0.00046416919314031739 0.011831566446228185 0.035017586712230112 0 0.0073520044062363359 0.016599233619245778 -0.014674287293585329 0.016623095320471286 0.0090208461029670176 0.0052208744872209627 0.014770835544389516 0.022784702388090852 0.016187961693370619 -0.0066641134408416845 0.021000039980096915 -0.0039952522791831457 0.013218445036026942 0.0020394738626414869 0.0092236439240770528 -0.0097339252524551896 -0.0016785600703604344 0.0070117179082673535 0.0057147618781001486 0.018879455348464316 0.0044960023058663555 0.00018575782394853637 0.014306005545218773 0.010452842168060974
leaf_weight=924.05222374200821 1683.1043723225594 578.39934822916985 53.14547872543335 25.054126679897308 1069.9208561778069 55.727253377437592 1815.3105116933584 1301.7670236229897 40.480116367340088 46.969224959611893 4009.8257625102997 1040.7352919280529 899.86380651593208 83.503069698810577 816.57616932690144 1622.1872413009405 159.00743268430233 171.21211937069893 60.843302071094513 27.77352999150753 37.711485967040062 431.92749893665314 3494.1381316781044 233.56744191050529 740.11496745049953 54.064168199896812 39.325633808970451 2399.2309223264456 48.638671979308128 88.451178893446922 237.0161064863205 228.82267448306084 1315.5072106719017 142.86964991688728 577.01637889444828 90.748164638876915 4179.3903905451298 319.12420780956745 2678.4307124763727 402.94287256896496 54.158904686570168 1145.6398811489344 194.17030467092991 2349.1525444239378 2374.5905711054802 88.651929318904877 218.04620563983917 79.565403148531914 17643.155496478081 279.30970861017704 61.588118702173233 553.45921169221401 7262.4363579005003 173.75995470583439 274.12906536459923 46.530408307909966 433.92726691067219 45.834489837288857 57.87876632809639 86.945257127285004 175.482077896595 160.33761604130268 136.21042482554913 60.374385789036751 66.098890632390976 596.49333328008652 881.07289998233318 284.79265816509724 557.43155753612518 5084.9266489744186 221.76376840472221 264.32189150154591 33.991877779364586 179.66085605323315 220.28241527080536 41.407998457551003 546.00393076241016 909.30894033610821 42.220466881990433 514.3380860388279 1013.2326235920191 137.28807114064693 26.278448954224586 211.37694169580936 197.88076338171959 373.93191190063953 1031.5616697967052 695.70161351561546 1051.2175093740225 450.58123260736465 80.540140554308891 434.44807727634907 36.041181474924088 702.1350427120924 1244.3311660885811 162.97332498431206 541.35859195888042 2107.1412945389748 38.056283339858055 6257.0241201817989 67.877317324280739 1258.9042372107506 56.491213351488113 111.37293192744255 2346.0689822733402 121.77281391620636 97.524581208825111 191.36103481054306 73.030995383858681 59.663297086954117 50.808512315154076 106.54897391796112 106.24732826650143 34.140406683087349 362.09435474872589 652.64668460190296 227.67877131700516 91.454293712973595 1028.2124416381121 661.94363801181316 1396.0629908591509 296.38471621274948 46.064826369285583 607.33980070054531 70.007123410701752 348.97104766964912 103.89760763943195 408.88895542919636 646.76237832009792 384.06973242759705 426.10491268336773 277.27000603079796 59.378696143627167 2995.689799413085 104.27076888084412 1275.3015087395906 2744.5366215258837 83.46165432035923 1060.8981081545353 458.90504716336727 222.28423675894737 1889.8964548707008 1383.7903532385826 103.71475386619568 63.468634024262428 177.13368174433708 1132.4944501966238 36.795560196042061 787.20811027288437 285.92895543575287 45.601100265979767 57.553814575076103 102.65248183906078 39.725186660885811 116.79023975133896 3758.6475974470377 35.41788923740387 1293.0668118745089 230.86659345030785 55.829224482178688 259.0702118575573 1087.6472237855196 60.514847040176392 39.285711571574211 39.64106822013855 794.19915492832661 84.009745091199875 36.305826932191849 276.70725636184216 1672.0089113116264 659.49384945631027 99.84065417945385 461.07512122392654 1116.3734509348869 4696.7602466791868 40.350809037685394 49.785284116864204 48.260718122124672 479.94116234779358 356.96735885739326 98.811834946274757 29.852170586585999 73.336810529232025 1236.283353894949 3974.0982066094875 1346.9244838356972 48.42158006131649 42.926832318305969 14657.921384066343 3588.225309252739 29.95874996483326 488.44929032027721 6336.8864261358976 33.20184813439846 107.99707373976707 257.70490211248398 97.368085905909538 256.52383907139301 562.14848358929157 118.1263080239296 630.14145915210247 325.03303998708725 48.496332928538322 53.140701830387115 133.71717634797096 367.86193799972534 28.265707865357399 729.4569938480854 128.56311158835888 32.371699005365372 869.2445562183857 60.062202885746956 461.65626111626625 1239.1213820129633 373.33022670447826 56.502793863415718 67.258054405450821 30.867481589317322 59.131155088543892 3112.725713044405 146.98636411130428 616.62851777672768 48.224118068814278 33.153755500912666 158.15850406885147 38.189022481441498 305.94873210787773 82.809841901063919 42.257812097668648 914.42442831397057 1604.1619541347027
leaf_count=2758 5236 1626 209 95 3036 257 5141 4530 137 137 13210 2966 2700 261 2284 5184 536 788 236 129 168 1439 11840 756 2173 211 178 7947 201 327 912 1096 5500 468 2399 387 12603 798 8256 1182 216 3510 798 7724 10905 219 614 325 61468 1146 170 2525 23735 773 913 196 1632 209 150 354 683 760 480 245 201 1781 2752 970 1893 15829 876 1047 122 795 574 137 1588 2480 129 1697 2938 534 99 684 521 1466 5022 2268 2838 1549 282 1445 102 2531 4013 566 1936 6781 167 20337 282 3888 214 503 7722 393 457 710 241 253 143 473 328 147 875 2000 702 411 3734 2314 5106 878 189 2025 193 1213 438 1321 2202 1467 1329 763 261 9281 486 3964 8761 317 2979 954 962 6199 4242 401 205 814 3435 120 3150 892 184 205 252 124 486 12208 146 4247 955 174 984 3668 203 160 113 2734 303 150 859 5782 2186 411 1176 3387 15602 128 201 170 1725 983 331 136 321 3761 12540 3973 229 183 48558 12491 102 1964 20296 81 386 805 248 765 1927 396 2336 1062 205 203 440 777 113 2596 401 158 2657 201 1706 3902 1043 182 293 90 251 10256 556 2134 219 136 555 133 910 318 163 2940 5484
internal_value=0.0124574 0.0104695 0.00704484 -0.000953519 0.012607 -0.00311412 0.015812 0.0106751 -0.00427393 0.01739 0.0114469 0.0155522 0.0104687 0.0171136 0.0167293 0.0162697 -0.00672208 -0.00745504 0.0260261 0.0134017 0.0101382 0.01318 0.00898686 0.0067865 0.0142821 -0.000380392 0.0147514 0.0102708 0.013802 0.0136312 0.000429417 -0.00234351 -0.00859395 0.00512194 0.00342196 0.00991577 0.0160417 0.0216042 0.014184 0.015346 0.00571937 0.0142505 0.00940061 0.00972563 -0.00723853 0.0144635 0.0299521 0.0123258 0.00919287 -0.00913648 0.0302395 -0.00450641 0.0148271 -0.00678056 0.011444 0.0138113 0.00387679 0.00797961 0.00950796 0.011196 0.0100322 -0.00415647 0.0117092 0.0139422 0.0154539 0.0137343 0.0119657 0.0115474 0.015235 0.0173824 0.00367159 0.00137864 0.00612187 -0.00146273 0.0162311 0.0175886 0.0162654 0.019812 -0.00180367 0.00972878 0.01681 0.0130003 0.00737446 0.014442 0.0197854 -0.00139312 -0.0130705 0.0118714 0.0210137 0.0138804 0.00920782 0.00650296 0.00874385 0.00796022 0.0142764 0.00534839 0.0143799 0.0155553 0.00865511 0.0129427 0.00822608 0.0183672 0.00828599 -0.000658787 0.0149562 0.00748989 0.00123075 0.00396697 -0.00216263 0.00550989 0.00967561 -1.27572e-05 0.0114864 0.00656543 0.0276223 0.013658 0.0109924 0.00720509 0.00528664 0.0062397 0.00485531 0.0133293 -0.0146058 0.0091556 0.0121009 0.00974205 0.0074618 0.0103433 0.00845351 0.0058516 0.0118316 0.017318 0.00370105 0.0154903 -0.00368058 0.0137317 0.0160287 0.00482198 0.0186151 0.0338208 -0.00106449 0.014335 0.0159616 -0.00493804 0.00457608 -0.00838105 0.0193008 0.00046814 0.00129151 0.0169651 0.00847573 0.0188953 0.0206006 0.00513489 0.00163802 0.0130256 0.00937462 0.010741 -0.00541732 0.00673435 0.0121594 0.00999018 0.00296514 0.0109016 0.0116833 0.00888474 0.000213267 0.0095013 0.0105278 0.00935811 0.0163848 -0.00668115 0.0223305 0.0153423 0.0120602 0.00824757 0.00968063 -0.00125647 0.0101074 0.0181702 0.00508333 0.00378041 -0.00110039 0.0162029 0.0166795 0.0162029 -0.00931518 0.00351581 0.0124544 0.00988685 3.05216e-05 -0.00191032 0.0147708 0.0196786 0.0124544 0.0167584 0.0197423 0.0140919 0.0132897 0.00506602 0.00378519 0.0104392 0.00252853 0.0120672 0.00882594 0.0331504 -0.0117525 0.00673803 0.00993579 -0.00676396 0.0190111 0.0207395 0.0042779 0.0146899 0.0187913 0.00735895 0.00547455 0.00891938 0.00667987 0.0123095 0.00651102 0.0125806 -0.000909415 0.00921045 0.0131253 0.0172793 0.0145138 -0.00223633 0.0118316 0.0163555 0.0120922
internal_weight=187277 117612 45211.3 14111.7 72400.6 12023 69665.4 31099.6 11156 34257.9 51966.6 20434.1 34667.6 33534 31257.6 28257.3 7341.43 6862.65 629.626 17298.9 32851.7 12499.2 18600.4 6013.75 35407.5 405.115 17225.1 32446.6 29793.2 29172.1 3814.6 2108.36 5871.55 4322.59 3169.58 29394.8 27627.7 621.102 15225.9 7318.23 2206.75 15186.6 23939.4 21687.2 4522.87 301.978 723.92 10383.4 17733.9 2653.9 512.953 1868.97 14425.7 965.118 2088.7 13684 1706.23 659.413 613.579 6677.82 12586.7 736.295 866.944 671.355 610.981 8155.31 9980.72 9099.64 17302.5 10325.2 478.781 1143.24 392.03 373.576 6270.41 3582.88 3179.38 3208.95 962.833 1153 5614.26 1654.55 348.829 1305.72 409.258 547.692 1348.68 896.458 3000.29 13637.4 8666.43 1451.63 90.2001 1427.1 8749.68 434.159 2687.53 2959.09 1347.53 7337.63 518.459 2299.64 213.326 991.104 6299.8 555.7 1046.82 585.735 461.085 132.694 242.17 343.565 160.311 638.666 403.502 3051.88 1691.16 1833.18 1119.67 2252.18 1590.23 7558.82 1077.63 1309.47 164.687 7214.8 1531.96 5682.84 1379.8 733.041 3920.24 2115.75 195.589 4398.18 764.097 3621.37 4601.03 392.661 5240.29 505.874 751.214 3705.61 1815.72 283.376 200.757 244.804 1949.07 879.731 824.004 557.835 111.7 446.135 388.581 198.736 159.011 4351.5 592.849 5290.18 328.391 116.673 5455.36 1445.53 324.837 7575.73 4821.96 905.982 111.783 2753.76 1988 1711.29 1815.88 271.053 2276.39 3860.91 5250.73 553.966 208.793 152.158 713.509 1502.61 357.882 974.924 196.804 8552.82 6930.64 5321.02 74.7 123.467 14746.4 3997.11 67.6702 710.734 6739.83 67.1937 1004.43 463.07 355.073 916.018 6819.17 778.12 659.994 467.021 88.8471 378.174 217.179 429.45 188.603 765.763 1463.48 57.4258 1999.23 1129.98 495.797 1523.91 1609.61 376.733 320.23 252.972 222.104 3915.98 186.627 3729.35 269.988 1334.92 1402.49 108.196 2413.09 659.826 476.706 1838.48 3953.31
internal_count=621153 403176 163849 57617 239327 50529 217977 106232 47600 104205 175195 64132 118695 102500 96183 87626 32348 30516 1618 56500 113044 40943 65289 21869 113772 1623 54798 111421 96513 94755 15252 8724 26486 16100 12082 101474 86008 1758 48904 23104 8140 48726 83281 75063 20076 960 1705 34482 61855 12051 1208 8025 45870 4208 7088 44233 6528 2384 2175 22602 43420 3112 2929 2188 1943 26394 33396 30644 54597 31411 1832 4516 1453 1514 19476 10865 9853 9334 3942 4018 17259 5453 1241 4212 1205 2239 6410 3007 8557 44037 30251 5262 318 5048 28096 1635 8611 9279 4723 24095 1831 6854 741 4030 19942 2025 4144 2238 1906 494 853 1385 539 2321 1012 9947 5769 6626 4145 8218 5904 24613 5211 4556 540 24989 5490 19499 4882 2680 13169 6461 741 13849 3203 11686 14321 1440 15582 1091 3063 11880 5681 1196 739 1084 5719 3527 3270 1734 385 1349 1144 739 615 14247 2039 18059 1412 410 18193 4983 1250 25772 16225 3166 432 9547 6801 5942 5651 1199 6317 12148 17554 1952 737 608 2481 4493 1315 3654 786 26501 21317 16513 328 465 48885 13812 270 2926 21478 203 3375 1439 1053 2951 22264 2868 2472 1598 333 1265 757 947 873 2746 5067 253 5894 3237 1853 4872 4804 1382 1200 907 817 13059 669 12390 1095 4666 4568 326 7691 2717 1608 5698 13208
is_linear=0
shrinkage=0.0136102


Tree=7
num_leaves=232
num_cat=0
split_feature=0 6 12 6 8 8 8 0 0 7 11 6 7 8 8 16 7 12 6 12 11 7 12 12 3 0 8 7 11 7 15 12 6 12 15 14 6 8 0 3 7 16 12 16 16 2 3 6 9 14 16 12 16 0 7 6 8 16 23 6 6 15 10 14 12 6 12 14 14 6 0 7 8 6 6 7 12 15 7 8 6 7 14 16 7 2 2 2 7 23 23 2 10 7 12 16 3 8 2 14 15 8 15 3 23 2 15 23 2 15 8 3 15 12 2 7 16 8 6 6 8 12 12 16 6 16 12 14 3 7 14 7 9 7 7 7 14 7 8 16 8 6 8 15 12 12 3 7 6 12 14 8 23 15 0 14 9 12 23 10 15 2 16 8 14 0 12 0 0 12 12 3 7 0 6 7 12 6 15 15 9 7 7 16 16 0 14 7 6 12 10 7 12 16 7 2 0 6 7 2 7 23 8 3 14 7 2 2 0 2 6 14 23 2 15 0 15 23 12 23 15 7 14 3 16 14 6 16 6 15 14
split_gain=6450.27 2907.14 5910.59 3544.14 1370.71 1281.67 981.39 856.242 613.466 591.386 469.242 435.312 364.506 360.479 329.851 301.849 306.482 287.576 293.897 259.926 252.568 248.225 244.11 232.972 206.146 201.824 198.538 215.267 199.6 192.746 179.972 167.433 162.152 156.042 144.895 149.179 141.974 181.296 141.634 139.355 133.474 246.186 139.832 131.012 130.919 129.664 133.16 128.16 124.391 122.766 111.796 111.36 109.655 106.988 105.762 105.336 105.278 101.619 98.0178 94.6914 91.6073 91.0398 89.077 96.8688 88.9283 88.6939 116.952 91.974 91.6755 87.0426 86.2863 84.1275 84.1089 82.6221 82.1797 82.0054 80.8453 80.3944 81.0324 80.0207 94.2535 88.6554 78.6768 74.8267 73.8789 72.624 72.3675 71.5587 71.4059 70.6162 69.9966 69.9878 68.7336 68.3916 66.8789 65.8206 63.4826 63.1425 62.7839 61.3516 61.1039 86.6522 60.4509 60.3588 59.1335 58.2093 57.6349 55.5968 55.0272 54.9004 54.7672 54.1843 52.3919 52.1974 51.597 58.6193 65.5429 58.3591 51.5002 61.6582 51.4557 50.7945 50.6729 48.5651 48.1259 47.8646 53.9477 47.4159 47.1143 46.7194 46.7037 46.6077 56.0633 53.6542 46.5227 46.5206 45.7833 45.2421 44.6634 44.1357 43.2326 51.7564 44.3431 42.5242 42.4391 41.7495 47.1337 41.2539 41.2099 94.4175 55.4536 40.554 40.4371 40.0817 39.68 39.5398 38.8082 38.8044 39.8006 38.7417 38.7299 38.4742 38.1122 37.758 37.6828 45.9369 37.3914 37.3605 37.2999 37.2001 37.1945 42.348 37.1856 36.3277 35.5572 35.3147 92.1635 40.3191 34.8422 34.5213 34.1069 33.9153 35.2496 33.8657 33.8656 33.7711 33.4259 33.0552 32.9954 35.6689 34.6164 51.4951 34.6685 32.9925 32.8137 32.7256 32.6463 32.2253 39.8373 31.7308 31.6008 31.5096 58.7628 31.305 31.3035 31.0316 30.6782 30.5436 30.537 30.3916 30.2959 30.229 30.1335 29.9337 29.4295 29.3656 29.1872 29.1702 28.1527 28.1143 47.0867 33.4661 27.6772 27.5104 27.491 27.2443 27.2183 26.9511 26.5058 26.4506 26.2975
threshold=0.54900357127189647 0.16174624860286715 -0.095894999802112565 0.04757861606776715 0.013073761947453024 -0.013393694069236515 -0.051978655159473412 0.90004959702491771 0.31660932302474981 85.950901031494155 1.0000000180025095e-35 0.38356673717498785 84.163299560546889 0.014594016131013634 -0.094765119254589067 1.1946499943733218 18.67131328582764 -0.040155000984668725 0.0011005603591911497 -0.0723149999976158 1.0000000180025095e-35 65.562191009521499 -0.31566500663757319 -0.19267500191926953 1.5936859250068667 0.3104884028434754 -0.069455780088901506 80.417198181152358 1.0000000180025095e-35 25.536642074584964 1.0350499749183657 -0.035049999132752412 0.065386664122343077 -0.2127450034022331 1.0008500218391421 0.96485000848770153 0.032632894814014442 -0.01797851454466581 1.3240851759910586 1.0076525807380678 20.625006675720218 0.9905499815940858 -0.086745001375675188 1.0115500092506411 1.1743499636650088 0.81425747275352489 0.90872573852539074 0.028210114687681202 1.0000000180025095e-35 0.99994999170303356 1.1087500452995303 -0.027445000596344468 1.0046499967575075 0.6891896426677705 41.579980850219734 -0.11419821903109549 0.017092538066208366 0.82945001125335704 68.915000915527358 0.58474585413932811 -0.16626144200563428 1.0000500082969668 8.5000000000000018 1.3587500452995303 -0.0086250002495944483 0.020520986057817939 -0.16256500035524366 0.81615000963211071 1.4492500424385073 0.24524427205324176 0.051696179434657104 95.526599884033217 0.0028347052866593008 0.027170769870281223 0.23605916649103167 95.526599884033217 -0.066935002803802476 0.99915000796318065 77.197048187255874 -0.01702147256582975 0.028210114687681202 13.762453556060793 0.89985001087188732 1.0361500382423403 54.319227218627937 0.26551172137260443 0.92871257662773143 0.1305327042937279 63.57752990722657 38.385000228881843 35.045000076293952 0.15270467847585681 8.5000000000000018 74.944782257080092 -0.0053550000302493564 0.98124998807907116 1.0387901067733767 0.0097455144859850424 0.94857302308082592 1.0268500447273257 0.9848499894142152 -1.0000000180025095e-35 1.0229499936103823 1.4972769021987917 43.774999618530281 0.66404706239700328 0.99204999208450328 1.0000000180025095e-35 0.38081710040569311 1.0898500084877016 -0.021534119732677933 4.9997489452362069 1.0066500306129458 -0.10466499999165534 0.08316864445805551 23.452610969543461 0.94844999909400951 0.010476466268301012 -0.1350605636835098 0.22291797399520877 0.023170136846601967 -0.027445000596344468 -0.047164998948574059 1.1246500015258791 0.033807570114731796 0.99404999613761913 -0.014184999745339153 1.9048500061035158 0.69528722763061535 68.256179809570327 1.7390499711036684 48.06031799316407 4.5000000000000009 30.24473857879639 31.650303840637211 70.27915191650392 1.6921499967575075 6.4213404655456552 0.038223126903176315 0.98054999113082897 -0.00825329916551709 0.022659882903099064 -1.0000000180025095e-35 1.0101500153541567 -0.084365002810955034 0.0056450001429766425 2.718320488929749 72.003097534179702 0.13482555747032168 -0.027445000596344468 0.31284999847412115 0.10641403123736383 49.805000305175788 0.97785001993179332 0.43325437605381018 0.99994999170303356 1.5000000000000002 -0.012054999824613331 63.495000839233406 8.5000000000000018 1.0285499691963198 0.098825719207525267 1.0939499735832217 -0.0036875137593597169 0.53084999322891246 1.2707381844520571 -0.075494997203350053 0.43325437605381018 0.083543393760919585 -0.016174999997019764 -0.064795002341270433 0.81591394543647777 77.89768218994142 0.13402354717254641 0.38356673717498785 52.386177062988288 -0.39421500265598292 -0.076138913631439195 1.0033499598503115 1.0141499638557436 1.5000000000000002 79.469467163085952 45.288936614990241 1.0128499865531924 1.1946499943733218 0.75985074043273937 0.42184999585151678 40.58415603637696 0.014484117738902571 -0.041085001081228249 8.5000000000000018 66.212993621826186 -0.025595000013709065 1.0398499965667727 44.465513229370124 0.62077134847641002 1.0000000180025095e-35 0.18804610520601275 71.663906097412124 0.26551172137260443 40.792398452758796 15.199999809265138 -0.071861837059259401 1.3024187088012698 1.0213499665260317 55.617139816284187 0.95263594388961803 0.63656747341156017 0.27534896135330206 0.78661397099494945 0.10958883911371232 1.507350027561188 34.305000305175788 0.9723728895187379 1.0244500041007998 0.20611029118299487 0.98684999346733104 -49.444999694824212 -0.11265499889850615 1.0000000180025095e-35 0.98045000433921825 40.188697814941413 2.234300017356873 0.89300280809402477 1.0102500319480898 0.88115000724792492 0.19511162489652636 1.0115500092506411 -0.13140249997377393 1.0000500082969668 0.28945000469684606
decision_type=2 2 2 2 2 2 2 2 2 2 2 2 2 2 2 2 2 2 2 2 2 2 2 2 2 2 2 2 2 2 2 2 2 2 2 2 2 2 2 2 2 2 2 2 2 2 2 2 2 2 2 2 2 2 2 2 2 2 2 2 2 2 2 2 2 2 2 2 2 2 2 2 2 2 2 2 2 2 2 2 2 2 2 2 2 2 2 2 2 2 2 2 2 2 2 2 2 2 2 2 2 2 2 2 2 2 2 2 2 2 2 2 2 2 2 2 2 2 2 2 2 2 2 2 2 2 2 2 2 2 2 2 2 2 2 2 2 2 2 2 2 2 2 2 2 2 2 2 2 2 2 2 2 2 2 2 2 2 2 2 2 2 2 2 2 2 2 2 2 2 2 2 2 2 2 2 2 2 2 2 2 2 2 2 2 2 2 2 2 2 2 2 2 2 2 2 2 2 2 2 2 2 2 2 2 2 2 2 2 2 2 2 2 2 2 2 2 2 2 2 2 2 2 2 2 2 2 2 2 2 2
left_child=1 2 6 4 5 79 57 26 17 14 23 19 30 25 -9 16 20 18 86 110 55 54 52 60 64 83 186 28 40 33 32 73 51 -24 35 -33 37 84 90 94 41 53 -43 75 118 140 -47 -37 91 102 155 120 58 100 -20 -16 95 104 114 152 85 -48 63 71 74 66 67 -50 -68 109 113 214 -41 77 160 -29 181 106 -79 81 98 -4 -55 -14 137 -8 144 -76 134 174 199 127 194 108 169 -6 -23 125 122 112 -28 -102 -45 159 213 164 -10 -35 -72 131 -3 129 -97 143 175 117 -117 -116 -30 145 167 219 -81 -66 -75 -53 -127 154 212 -67 157 132 180 -134 -34 -99 193 -25 162 -103 141 -19 -142 -39 -7 146 147 -120 149 -133 -150 217 -13 168 -31 -11 207 161 -159 -17 163 -32 215 -21 165 -92 -164 211 -89 -27 195 -172 -121 -54 -40 177 -177 -12 -122 -38 -42 182 -58 224 -112 -51 -2 -175 189 -78 192 -192 -190 201 -62 -136 -196 198 -165 -18 -181 -59 -203 -94 -194 -101 -162 -114 -95 -93 -160 -5 -61 -1 -15 -90 -82 -26 -139 220 -83 -221 -154 -57 -107 -185 -125 -71 -22 -88 -204
right_child=7 11 3 12 56 8 10 9 31 50 22 59 13 62 15 103 38 45 21 24 228 96 29 36 151 39 27 43 44 48 130 34 88 107 -36 47 179 70 89 72 69 42 -44 49 -46 46 61 -49 65 185 -52 97 173 82 -56 223 76 136 -60 128 92 -63 -64 -65 123 111 68 -69 -70 227 93 -73 -74 124 87 -77 188 78 -80 80 216 121 -84 -85 -86 -87 229 153 138 -91 105 209 203 208 -96 99 -98 135 -100 205 101 139 -104 -105 -106 183 -108 -109 -110 -111 184 -113 156 -115 115 116 -118 -119 119 172 178 -123 -124 226 -126 126 -128 -129 -130 -131 -132 148 133 -135 170 -137 -138 218 -140 -141 142 -143 -144 -145 -146 -147 -148 -149 150 -151 -152 -153 222 -155 -156 -157 -158 158 210 -161 206 -163 166 197 -166 -167 -168 -169 -170 -171 171 -173 -174 187 -176 176 -178 -179 -180 200 -182 -183 -184 225 -186 -187 -188 -189 190 -191 191 -193 204 -195 196 -197 -198 -199 -200 -201 -202 202 230 -205 -206 -207 -208 -209 -210 -211 -212 -213 -214 -215 -216 -217 -218 -219 -220 221 -222 -223 -224 -225 -226 -227 -228 -229 -230 -231 -232
leaf_value=0.023773734911275442 0.012176719461551414 0.018185766042258734 0.022398177194717182 0.003957329414571273 0.015646216747161854 -0.0038408488882956089 0.014187805314480486 0.021850586786969065 0.0010266604259196932 0.016580003030712123 0.0087006186375134225 0.018811334716206246 -0.014669428755619648 -0.0061680174133781447 0.013636714340125831 0.017101953220869982 0.013835746712423005 -0.0097591715792726807 -0.0032480863383452111 0.01187939092615276 0.010283866891950795 -0.011942726559034845 0.01263685095703119 0.027417265760556322 0.018473731038969123 -0.015316802932798509 0.023242375483860739 0.012227957907182745 0.014310154143763142 0.0082565664513311755 0 -0.012014815166911191 -0.0052936634820951126 0.0061331624511875623 -0.011204067781745283 -0.0022977637704293843 0.011898954665727086 0.00012879033921185386 0.017845099496983815 0.024211718450315608 0.013953063793518766 0.018091928199319089 -0.011458411876685469 0.0018011542725710681 0.017422309376104762 -0.0095648238183911691 0.010563854423815907 0.0090678884858762503 0.0074081624818714839 0.021048312439145674 0.019881749563453285 -0.0086282498413847043 0.015756392614433727 0.0084979514393844092 0.005649024268914905 0.017479191914650898 -0.0038032250897152013 0.015931121171931174 -0.0095245487986375717 0.02142994406058326 0.013275669444689499 -0.0089869162883270612 -0.0072247315437207046 0.026262617962044071 0.006207839024984365 0.010397407054372703 0.0049003409994213057 0.010171810034369129 0.01072698217320118 0.013620740653939247 0.0071420256189101807 0.01888737004466208 0 0.015521651202085814 -0.0026941866048600955 -0.010571357009575892 0.023338303148945746 0.0053806859482359044 -0.0055551206058222545 0.00090943362721473259 0.018612482259176048 0.012957127376988207 0.029221435102185229 0 -0.00019507625410764332 0.01944309870804254 0.0078764101964794858 0 0.0034645775811227492 0.015773472010946362 0.010187403377515841 0.011625869312869372 0.013814382737624907 -0.0086259494650579357 -0.014568692727099226 0.0070940031045884228 -0.00081826221512538283 0.012866164708057628 0.014365948179562835 0.019507240519951802 -0.002087515824568027 0.0084702896114164563 0.016546574717903731 0.023523323963849117 0.00881263396701382 0.01359417118331672 -0.0076131143521196232 -0.0093487105291657872 0.010648683402893221 0.020364936576722885 0.01457425533125299 0.017732318925275332 0.0070940031045884228 -0.014377454964063287 0.0082054042707437914 0.013926436068918868 0.010107646792844587 -0.0095245487986375717 0.011153132348244731 0.014600458717169479 0 0.025575055278401745 -0.011716760945587067 0.0018428176196817424 0.0046164673539960087 0.0054303948061699883 -0.0052013615496576664 0.014271867238214627 0.023561419222042961 0.0067828334043846935 0.01565910476775647 0.012409130298894762 0.0034359495721249457 0.012873061084087945 0.0094026319895598367 -0.00049548537295357269 0.018935898159992508 0.013916807361571738 0.011891352098783458 0.02751338951026604 -0.014227383601912526 0.0058176777188468781 -0.0098428585024613133 0.010105669774401888 -0.0091707519876216073 0.00028516358243554235 0.01528922129801776 0.014937002195299497 0.0045926029929877991 0.0017347980015900758 0.015512719131116549 0.020523059538020128 0.014238176544119012 0.014533257958905288 0.00047416438505050489 0.034406459851286028 -0.011041192127495627 0.014042480338529307 0.009972679829881868 0.021845192464682917 0.014491779567205763 0.012342074992510665 0 0.0070295634789354564 0.013324379629209383 -0.0046053149223880723 0.01188676755962568 0.011141116299246055 0.01115177594067774 0 0.0078517012488550052 0.010689635693161193 0.00022431428446315527 0.0042115392085318969 0.023130311827106759 0.0071058556244894336 0.018921601508752973 0.0019309178296235275 0.014799744105892791 0.0014293405298318358 0.016690689243798917 -0.0029681049801122111 0.0093498891493948542 0.013923831857480806 0.019726408819123697 0.028629330168732599 0.019097274514481719 0.012862279359525426 0.010479420980510816 0.007422500992799049 0.011564360793249351 -0.0081468067775217843 0.0059236977900336985 0.018935898159992508 0.0010635191620400736 0.012705975223009052 0.0113919480486506 0.009966188981236147 -0.0032778337895390808 0.016337634264118703 0.015259350052045416 0.015856620635305376 -0.00067367362006548589 0.01715853545601087 0.021524090065576772 0.0070940031045884228 0.00825072723344796 -0.0082527301051398324 0.0067858240149050618 0.015138897359084009 -0.0023869153529332797 0.01050975718712149 0.014712014597685771 0.013053791347766327 0.0091671403568722529 0.0070552360267945669 0.0034904494051224248 0.014533257958905288 0.0076182533232714896 -0.0039508795674936892 0.0048816308594199056 0.0048816308594199056 0.018811334716206246 0.033852802036421492 0.00034651618897955233 0.016337634264118703 0.012856597440633465 0.018419145216664032 -0.003448744144066073 -0.0055921227141660923 0.01089862465634495
leaf_weight=655.14866456389427 211.69011987745762 1883.0873644500971 115.33358214795589 1040.9875292778015 80.167840600013733 386.45869216322899 1577.4924324601889 2294.7803747951984 353.99644280970097 47.259179562330246 1616.5324479341507 1446.2843668609858 300.95828413963318 58.109155982732773 83.934074014425278 1244.3255966305733 1630.8313168734312 85.622770696878433 326.64640103280544 1118.4622896015644 88.729431673884392 303.05864107608795 111.57796101272106 48.34744530916214 525.84620028734207 29.178199350833893 129.44738310575485 117.92839130759239 2260.5693832337856 972.24762320518494 54.629788503050804 168.5907266587019 31.03511255979538 47.059880048036575 317.27892446517944 479.24315248429775 3265.6095421463251 267.86980777978897 4913.3921189755201 66.955188199877739 2161.8887816220522 47.055874884128571 64.957894638180733 77.755667179822922 1023.882024794817 231.23420931398869 155.62507244944572 289.04360373318195 4147.3984910696745 530.87215480208397 219.63066144287586 141.95069846510887 1191.7914798855782 48.140718072652817 933.24834837019444 47.623822689056396 33.490719214081764 2346.1580018550158 39.322820514440536 356.71640174090862 3638.9857552647591 54.933227524161339 31.003804445266724 96.888681635260582 908.01324942708015 5982.3737370222807 2784.342837870121 5537.5541023761034 633.62825307250023 438.36308717727661 1927.3527169674635 71.575245723128319 43.182377904653549 132.23545734584332 43.199557617306709 32.77255117893219 147.19148723781109 934.81706731021404 137.61649763584137 177.03839333355427 77.063964411616325 445.26488210260868 409.2457872480154 77.480636835098267 67.704317852854729 902.92049285769463 71.500809207558632 57.664559826254845 800.68927346169949 5115.8536514341831 559.66823601722717 3017.7762004584074 2860.0177355408669 58.539055317640305 68.327000707387924 64.700289785861969 150.31777796149254 105.83770264685154 40.668344214558601 38.034922063350677 64.457800626754761 71.008028596639633 210.8947851806879 1060.4162391871214 81.772046834230423 1616.9392192661762 227.41601011157036 210.52564959228039 1735.4542997330427 281.86725905537605 3658.249661564827 187.89057466387749 41.112451508641243 28.731445655226707 95.049449011683464 1876.1528674513102 1890.3028124719858 37.502551928162575 11255.527786791325 1896.8470551222563 31.620954304933548 34.381573766469955 79.875936627388 57.245305255055428 213.81632933020592 191.70000140368938 155.07052779197693 236.41297647356987 929.19349664449692 863.53751090168953 713.81797741353512 3970.5477483868599 143.55594819784164 1009.332240357995 1214.286598905921 75.274794548749924 959.83062224090099 1465.8639477789402 351.00411058962345 44.022405415773392 653.58107057213783 63.29947666823864 2095.262930303812 113.30835515260696 1496.9710326045752 68.294324830174446 706.26133041083813 672.57678094506264 107.7024590075016 170.56757473945618 1506.4039815366268 432.13338027894497 1464.3442118912935 3026.8648878782988 152.01928426325321 464.31972442567348 110.83314652740955 64.791360080242157 48.05155922472477 718.59086659550667 808.50842046737671 1548.1569294184446 49.692176669836044 627.86664153635502 3778.2349347025156 35.354157239198685 358.50254666805267 226.8165095448494 402.72174175083637 62.392232090234756 2479.416252553463 2010.245055809617 39.915775448083878 104.3053073734045 363.0494721531868 314.9709796756506 226.60747101902962 202.13476911187172 216.39017172157764 39.050073817372322 2456.053173288703 43.845568984746933 571.87743318080902 1296.5289018154144 346.70527896285057 281.62228032946587 1701.3783840239048 2947.8412598669529 312.56752502918243 48.211581483483315 59.41172944009304 33.687358051538467 41.915200933814049 461.12887044250965 67.42614483833313 1596.0620768517256 3566.1338973194361 1086.4404323846102 69.719595775008202 6975.599843069911 1238.7459310442209 834.65219588577747 30.548246994614601 941.15397800505161 159.76529428362846 217.61752228438854 248.11749289929867 28.736658453941345 31.726635783910751 732.32059694826603 110.54216341674328 160.00739081203938 388.64684456586838 91.61278261244297 32.081524014472961 1111.7123845070601 47.302645489573479 1218.111859023571 198.10375174880028 71.321600958704948 229.14199703931808 212.95089909434319 298.78985899686813 386.64677412807941 36.205249205231667 1473.9234795570374 450.19350399076939 1386.960527613759 28.245278835296631 34.675360575318336 876.81707961857319
leaf_count=1765 683 5609 323 3886 257 1651 5002 6317 1401 137 5619 4230 1440 246 261 3731 5184 392 1370 3708 295 1418 367 118 1564 143 348 386 7231 3423 210 788 134 168 1460 1974 10819 1041 14608 181 6892 134 288 293 3090 1056 560 1030 14708 1498 614 632 3753 161 3468 134 138 7224 176 989 11783 250 136 248 3267 20331 10289 18951 2154 1386 6901 211 172 426 177 148 410 3505 589 695 236 1455 967 311 263 2637 259 221 3009 15829 1893 10127 9175 262 326 235 626 350 131 111 259 242 643 2838 277 5183 996 926 5917 808 11580 561 145 138 331 6062 6439 168 37690 5993 123 87 366 215 795 718 672 760 2489 3081 2228 12978 522 3272 4182 302 2816 4744 1174 107 3131 238 9631 383 6816 258 2217 2130 386 643 4707 1221 4613 9603 585 954 506 207 160 1988 2584 5122 193 2225 12208 146 1199 769 1332 208 8766 6848 150 379 974 1115 683 764 693 145 7513 179 1973 4136 1006 677 4980 9660 1060 168 195 148 147 1353 254 5244 11859 3700 285 21317 3907 2593 120 2869 450 828 858 130 111 2326 443 544 1211 288 107 3993 176 3924 696 297 835 756 853 813 135 4395 1466 4092 115 152 2931
internal_value=0.012231 0.0102878 0.00926803 0.004215 -0.000807566 -0.00258568 0.0115215 0.0155036 -0.00431628 0.0170418 0.0109814 0.0147732 0.00861506 0.00033984 0.0167721 0.0163972 0.0159488 -0.00657376 -0.00393569 0.0137238 0.0254568 0.000174889 0.00999211 0.0124655 0.0124654 -0.00525329 0.0140107 0.0137588 0.0135365 0.00926245 0.00913351 0.000559218 0.00843785 -0.000391139 -0.0033169 -0.00056218 0.0109088 0.0094792 0.015726 0.00359077 0.0147501 0.0200919 0.000824534 0.0194181 0.0125482 -0.00947751 -0.00245843 0.00195335 0.00940525 0.0210672 0.0292571 0.00516105 0.0117566 0.0228344 0.00330685 0.0295361 0.00949871 0.0166338 0.0105654 0.0183949 0.0136629 0.00519344 0.0128891 0.0155363 0.0115184 0.00890867 0.00822155 0.00899649 0.00600497 0.0143965 0.00788404 0.00833388 0.0151457 0.00301222 0.0121266 0.00684628 0.0114757 0.00170457 0.00392242 0.00901032 0.00376344 0.0109481 0.0272316 -0.0116383 0.013158 0.0161487 -0.00748818 0.013702 0.00919956 0.0170348 0.014938 0.0113444 0.0130961 0.00853424 -0.00431659 0.00444058 -0.00838714 0.000401254 -0.000309462 0.00244473 0.015899 0.00994598 0.0128012 0.0205704 0.021341 0.0140084 -0.0023157 -0.00630881 0.00882553 0.013934 0.0160741 0.0101769 -0.00227678 0.00180498 0.0107048 0.0117188 0.0120349 0.0023419 0.012246 0.0119202 0.00703325 0.00948311 -0.00299394 0.00824339 0.00904436 -0.0020842 0.000554671 0.00853947 0.0212048 0.00995212 0.0124788 0.0137654 0.0147138 0.0117509 0.00991457 0.00721566 0.0159018 0.0137088 0.00720907 0.0168548 -0.0105282 -0.00289677 -0.0109215 0.00328263 -0.00811032 0.0115452 0.0116027 0.0113754 0.0127967 0.0119816 0.0148239 0.0162904 0.0168887 0.0139199 0.0072463 0.0329963 -0.00614385 0.0111782 0.0053625 0.0189047 0.0106977 0.0119463 0.00646187 0.0097884 0.0127842 0.00921291 0.0103681 0.00595128 0.00969907 0 0.00998799 0.0091408 0.0143263 0.0135019 0.0182357 0.0089934 0.0122387 0.00797707 0.0128856 0.0127586 0.0154326 0.00767916 0.00853305 0.0151953 0.0150519 0.023868 0.0183828 0.0125865 0.0144362 0.0198686 0.0124896 0.00396909 0.0139063 0.0152347 0.0122582 0.0113103 0.011213 0.00842836 0.00592721 0.0158757 0.0148748 0.0147522 0.0131045 0.0146722 0.0186777 0.007094 0.0131055 0.00127706 -0.00271554 0.0123399 0.00127945 0.00489975 0.0180899 0.0225982 -0.000108642 0.00558467 0.0134969 0.0151686 0.0132137 0.00874777 0.0103234 0.00476708 0.0152451 0.0323462 0.0133303 0.0158757 0.0117204 0.0173251 0.00662849 0.00306239 0.0104631
internal_weight=188157 118077 96223.8 29686.4 13860 11826.8 66537.4 70080.5 10296.5 34480.1 60199.7 21853.1 15826.4 938.132 33748.9 31454.1 28430.8 7042.44 3702.88 16969.2 635.179 1713.27 36159.2 24040.5 11081.1 648.474 35600.4 33687.3 32435.5 25616.7 14888.3 3254.05 12348.3 369.163 1254.16 936.877 10486.4 5943 27795.6 270.035 14511.6 878.336 112.014 1251.85 17923.9 3339.56 441.793 768.287 25247.5 1101.14 731.21 2345.66 10542.5 766.322 1259.89 518.205 2033.17 6337.67 6298.58 4883.98 13554.1 210.558 289.658 258.655 8905.02 20136.7 13102.9 9684.95 3417.97 13633.2 4162.98 161.766 110.138 1999.9 7489.57 150.701 1451.96 1653.85 1072.43 1530.34 421.949 1108.39 457.387 378.439 1780.02 2480.41 1989.61 3530.45 10002.6 10392.3 17403.3 5110.78 11073.7 3753.07 159.897 581.203 453.376 669.834 297.583 501.035 308.936 179.488 288.65 3023.33 828.533 8796.85 581.412 257.586 3662.81 11807.9 5888.04 7033.8 245.383 409.91 6259.25 3899.01 3766.46 132.552 16900 14639.4 1675.82 993.061 256.914 1415.45 346.052 488.721 346.771 1360.68 1674.56 6845.91 2539.99 11526.1 5770.83 1152.89 7331.05 181.112 5509.14 1712.32 2671.6 115.03 2897.77 148.922 2748.84 381.178 1883.43 12702.7 12634.4 11928.1 5755.22 4141.12 1614.11 2176.09 3209.42 3487.25 1124.27 511.579 180.682 1826.17 223.385 1962.92 3959.11 1602.79 2320.6 2902.49 4373.26 595.022 408.195 1427.81 460.386 91.5704 7300.01 4489.66 1936.76 4243.94 5276.44 2360.25 541.578 1818.67 248.011 4543.41 4617.94 649.214 605.368 4423.6 4004.95 812.494 1913.07 3052.15 802.75 195.403 607.347 93.0991 514.248 4549.3 7272.55 2810.35 3633.56 1784.03 697.586 8606.43 1277.8 4088.18 1742.02 3801.17 201.68 255.652 1056.63 69.8491 90.2657 3750.1 158.594 1200.99 745.363 746.761 90.1907 1912.4 124.367 1743.96 1663.97 958.679 674.407 284.273 1763.13 434.271 1653.14 2770.45 507.439 1825.32 116.975 106.176 907.365
internal_count=621153 403176 334246 111949 56419 49339 222297 217977 43982 104205 202930 68930 55530 3729 102500 96183 87626 31018 15760 54545 1618 6882 123906 79024 36350 2781 113772 108109 104464 88757 51801 12964 43431 1461 5252 3792 35445 20574 86008 1030 45705 2506 422 3645 58759 15258 1866 3004 87296 3111 1705 8689 35149 2084 4838 1208 7080 19367 21357 14385 43579 810 948 812 29641 70075 46102 33659 12443 43199 14753 564 353 7712 24693 534 4868 6491 4094 5357 1604 3753 1128 1751 5821 7639 8878 11333 34742 31411 54597 17221 35940 13191 677 2212 2044 2674 1192 1955 956 608 936 8557 2330 28096 2397 1094 12818 37721 18195 23973 1016 1562 21181 13000 12501 499 55669 48438 6015 3430 1061 4948 1221 2022 1390 4768 4689 23412 8370 36913 18199 3794 25174 652 17037 5558 9568 349 13392 630 12762 1424 8467 42295 42037 39820 18714 13621 5093 6709 9696 11156 4008 1091 781 6142 810 5719 13360 5332 8394 9918 14247 2039 1392 5199 1553 351 25040 15614 6143 13792 15582 8181 1798 6383 816 14871 14405 2290 2111 13849 12586 2175 5663 10039 2578 578 2000 343 1657 14221 23896 9426 12113 6210 2510 26501 4052 12868 5644 12044 597 939 3442 275 373 12453 603 4430 2200 2053 353 7002 412 5488 5440 3343 2290 1053 5466 947 5318 8531 1681 5478 410 411 3051
is_linear=0
shrinkage=0.0136102


Tree=8
num_leaves=232
num_cat=0
split_feature=6 12 6 8 8 8 2 24 3 3 6 12 7 12 7 12 2 17 17 6 6 12 8 8 2 7 12 7 1 6 8 8 5 12 3 14 12 17 12 16 1 2 3 6 24 24 17 5 16 16 5 14 7 16 5 24 14 5 3 11 12 16 24 17 9 8 17 6 1 12 6 24 1 16 5 10 17 17 6 5 5 8 7 9 5 24 14 12 2 11 7 14 12 8 8 7 3 14 7 17 7 8 12 16 14 8 24 14 5 3 22 7 2 17 6 24 7 16 5 7 6 10 2 6 3 16 7 8 1 7 24 1 5 5 1 2 24 22 5 12 6 2 6 9 9 2 6 3 5 16 16 1 2 6 8 12 8 3 6 24 24 9 1 1 7 7 16 6 17 16 10 8 14 5 8 14 9 12 2 3 5 6 7 2 8 5 9 2 2 8 8 16 6 5 1 2 1 12 7 6 16 24 6 8 1 5 7 24 14 5 1 24 5 5 12 6 5 16 3 16 17 6 2 8 7 7 17 17 17 7 12
split_gain=3369.38 4037.91 3228.85 1998.84 2563.26 1844.38 982.736 791.353 684.86 579.575 496.227 481.787 412.051 390.164 373.845 299.697 291.524 289.015 454.424 276.884 265.438 247.283 257.376 238.745 218.287 266.494 213.058 210.679 198.75 192.021 181.73 181.156 203.534 218.693 176.654 168.748 165.197 156.986 150.935 150.601 139.878 138.377 130.455 129.261 139.883 125.888 134.909 121.229 297.358 120.061 135.912 119.571 118.533 167.839 126.002 114.087 112.593 137.2 111.564 133.116 107.814 107.657 107.264 103.988 103.845 103.594 103.003 95.5475 101.123 93.6161 93.1479 93.1849 91.4489 87.9273 87.9031 87.3813 83.6825 83.5948 217.752 88.8335 81.9109 79.8868 79.4612 75.0118 74.9942 74.9366 89.7648 74.8732 73.9518 75.2505 72.4292 72.1072 70.3697 69.767 68.3094 67.9185 66.5355 64.1107 79.9477 63.9633 58.88 98.6253 58.6567 77.4963 62.4553 58.3446 58.012 76.5844 56.3432 56.2294 55.1732 55.0711 94.1801 61.8267 54.8451 54.81 96.9257 59.2502 52.7163 52.2101 52.0436 51.8963 51.563 50.9444 50.0796 83.5692 60.1107 49.3779 49.0882 48.2762 48.1692 48.0406 47.8671 47.329 47.2399 47.0081 46.5983 45.921 45.2941 45.2265 84.533 43.9657 43.7749 43.5692 45.8084 43.5663 43.4755 43.4107 43.3504 42.9549 47.8338 42.944 42.6259 42.3859 42.3688 42.1183 41.7388 41.709 41.6999 67.9882 41.1945 85.8862 43.6359 40.8844 40.0227 39.7472 39.6687 38.5143 38.4564 38.4171 37.82 37.7649 37.1924 36.7494 35.78 35.7449 35.6895 35.6859 35.662 35.4817 35.6928 35.1004 34.9456 34.6602 34.6185 34.3284 34.2265 38.2002 34.1121 34.0727 34.062 53.3839 33.629 33.6101 32.5298 32.3039 32.2875 34.2733 44.1087 32.1627 32.1117 30.5826 66.1088 36.9818 30.0544 29.6022 29.4069 29.1544 29.009 54.3387 28.7575 28.6623 32.4217 28.0269 27.906 27.7328 27.6706 27.3388 26.8926 26.8737 26.5538 26.4702 26.3197 26.3176 26.2394 26.0746 35.1277 25.7935 49.5541 26.7897 25.5929
threshold=0.21467874199151996 -0.095894999802112565 0.044975431635975845 -0.01702147256582975 0.017092538066208366 -0.051978655159473412 0.58810907602310192 0.10297499969601633 0.97861337661743175 1.4639123082160952 0.45183992385864263 -0.050185000523924821 91.498672485351577 -0.035049999132752412 22.182264328002933 -0.31566500663757319 0.4652314186096192 1.0004499554634096 0.99985000491142284 0.065386664122343077 -0.0010258142137899993 -0.073294997215270982 0.10641403123736383 -0.094765119254589067 0.39590324461460119 20.625006675720218 -0.066935002803802476 25.536642074584964 0.033413039520382888 0.029316775500774387 0.03753222897648812 0.023170136846601967 -1.8875971436500547 -0.014184999745339153 1.0588721632957461 6.2627501487731942 -0.064795002341270433 1.0285499691963198 -0.18138500303030011 1.0160500407218935 -0.081956241279840455 0.17137166112661364 1.4799762368202212 0.12068354338407518 -0.15874499827623365 0.024865000508725647 0.98524999618530285 -3.5668997764587398 0.98675000667572033 0.98935002088546764 2.1149145364761357 0.93325001001358043 65.562191009521499 1.0153500437736513 2.0265734195709233 -0.0019650000613182779 0.99594998359680187 1.1108099818229678 1.5329266190528872 1.0000000180025095e-35 -0.067984998226165758 1.0318500399589541 0.024865000508725647 1.0169499516487124 1.0000000180025095e-35 0.01010163687169552 1.0584500432014468 -0.097183372825384126 0.51224869489669811 -0.047164998948574059 0.022659882903099064 -0.013954999856650828 0.011845475528389217 0.99634999036788952 -0.42723387479782099 8.5000000000000018 1.0004499554634096 0.98645001649856578 0.0011005603591911497 -5.8262217044830313 -2.541462659835815 0.0028347052866593008 47.065544128417976 1.0000000180025095e-35 -3.0415111780166622 -0.0044250001665204755 0.54054999351501476 -0.030275000259280201 0.079073712229728713 1.0000000180025095e-35 25.536642074584964 0.43475000560283666 -0.067984998226165758 0.012684701941907408 0.026232079602777961 80.417198181152358 1.3507705330848696 0.82925000786781322 44.294729232788093 0.97034999728202831 77.197048187255874 -0.011240922845900057 -0.012054999824613331 1.0370499491691592 5.4327001571655282 -0.019969684071838852 -0.85459500551223744 1.4081500172615053 -0.42723387479782099 1.4799762368202212 4.9331500530242929 71.287742614746108 0.80238339304924022 0.97034999728202831 0.03147301264107228 -0.0019650000613182779 76.007064819335952 1.0040499567985537 -48.623039245605462 58.881937026977546 0.032632894814014442 8.5000000000000018 0.51287579536437999 0.0011005603591911497 1.4639123082160952 1.0361500382423403 82.60248184204103 0.020285984501242641 -0.054816585034131997 66.939754486083999 0.070675000548362746 0.0816917158663273 6.9602661132812509 -10.173213005065916 0.24603364616632464 0.7075285315513612 -0.40801000595092768 2.8161499500274663 1.5852292180061343 -0.80643498897552479 -0.45597127079963679 0.73922333121299755 0.081022564321756377 1.0000000180025095e-35 2.5000000000000004 0.67196837067604076 -0.040752757340669625 0.68653741478919994 264.02400207519537 1.0022500157356264 0.89704999327659618 1.0000000180025095e-35 0.8103107511997224 0.052787946537137038 0.051964648067951209 -0.60907998681068409 0.0053689882624894389 1.1089914441108706 0.11384895071387292 0.15132499486207965 0.27527000010013586 3.5000000000000004 0.41058805584907537 0.084476388990879073 48.730741500854499 34.605171203613288 1.0230500102043154 0.31756457686424261 1.0004499554634096 1.0077499747276308 8.5000000000000018 -0.054712755605578416 0.69064998626708995 -12.153039932250975 0.14282128214836123 0.56884998083114635 2.5000000000000004 -0.0097349998541176302 0.1305327042937279 1.0652314424514773 50.495134353637702 0.10550985485315324 50.592390060424812 0.16816170513629916 0.0028347052866593008 0.054011266678571708 1.5000000000000002 0.26198686659336096 0.5377568006515504 0.091412480920553221 0.0006691007292829455 1.0160500407218935 0.021610012277960781 81.643821716308608 -0.025209620594978329 0.85773307085037243 0.22587570548057559 -0.55670997500419606 23.452610969543461 -0.032171098515391343 0.7925499975681306 -0.051595000550150864 0.026083425618708137 0.019354440271854404 0.075739871710538878 -3.5668997764587398 72.346542358398452 0.075054999440908446 6.2627501487731942 10.750398159027101 -0.12870717048645017 -0.21423500031232831 32.814723968505866 3.4901379346847539 -0.13354500383138654 0.65522828698158275 -14.619454383850096 1.0437499880790713 2.0890183448791508 0.95954999327659618 1.0332500338554385 -0.066386301070451723 0.96050029993057262 0.041886663064360626 48.730741500854499 79.469467163085952 1.0219500064849856 1.0209500193595888 1.0125499963760378 42.135799407958991 -0.51790499687194813
decision_type=2 2 2 2 2 2 2 2 2 2 2 2 2 2 2 2 2 2 2 2 2 2 2 2 2 2 2 2 2 2 2 2 2 2 2 2 2 2 2 2 2 2 2 2 2 2 2 2 2 2 2 2 2 2 2 2 2 2 2 2 2 2 2 2 2 2 2 2 2 2 2 2 2 2 2 2 2 2 2 2 2 2 2 2 2 2 2 2 2 2 2 2 2 2 2 2 2 2 2 2 2 2 2 2 2 2 2 2 2 2 2 2 2 2 2 2 2 2 2 2 2 2 2 2 2 2 2 2 2 2 2 2 2 2 2 2 2 2 2 2 2 2 2 2 2 2 2 2 2 2 2 2 2 2 2 2 2 2 2 2 2 2 2 2 2 2 2 2 2 2 2 2 2 2 2 2 2 2 2 2 2 2 2 2 2 2 2 2 2 2 2 2 2 2 2 2 2 2 2 2 2 2 2 2 2 2 2 2 2 2 2 2 2 2 2 2 2 2 2 2 2 2 2 2 2 2 2 2 2 2 2
left_child=1 5 3 14 6 23 13 15 11 19 21 95 66 20 45 40 35 18 87 31 28 75 88 106 30 168 124 96 65 39 38 32 100 111 93 97 165 62 108 49 90 169 67 44 64 -3 105 55 -49 50 -15 -31 54 60 74 -20 205 -58 59 148 -54 -14 115 172 122 130 -11 224 158 -19 84 -72 135 114 -22 174 -13 82 79 164 -55 -81 -40 185 -41 86 -65 -10 156 109 155 178 99 166 119 146 151 98 149 -74 101 182 -91 -104 128 -47 121 -108 142 183 160 113 -113 -34 -53 117 177 129 -80 -46 -94 -1 -29 -66 126 -126 -6 206 -105 -38 -5 -75 222 -103 -118 -16 -85 -56 173 -93 -141 -45 143 -9 -145 -39 -8 -119 215 150 -17 210 -115 -114 -129 -7 -23 -48 159 -69 162 -162 175 -135 -79 -21 -35 -130 199 227 179 -77 -28 -138 214 -25 -44 -117 -92 211 -181 -167 -4 -90 -36 -43 187 -157 -96 -32 191 -84 -137 -64 -120 230 197 -110 -199 -26 -142 203 -203 -174 -204 -30 -88 -101 209 -68 -18 212 -61 -51 -2 -12 -171 -177 -24 -98 -140 -170 -78 -185 -27 -100 -227 228 -42 -229 -188
right_child=10 2 9 4 26 7 8 24 17 12 58 76 61 29 72 16 27 69 47 36 52 22 218 110 25 42 63 43 56 51 189 -33 33 34 184 -37 37 145 77 70 41 83 176 141 94 46 157 48 -50 213 -52 73 53 80 137 -57 57 -59 -60 170 -62 -63 193 85 123 -67 208 68 -70 -71 71 -73 92 131 -76 171 132 78 118 81 -82 -83 190 136 -86 -87 127 -89 89 102 91 139 120 -95 188 -97 219 -99 225 207 -102 133 103 104 -106 -107 107 -109 196 -111 -112 112 153 152 -116 116 134 147 194 -121 -122 -123 -124 -125 125 -127 -128 154 167 -131 -132 -133 -134 163 -136 192 138 -139 220 140 200 -143 -144 144 -146 -147 -148 -149 -150 -151 -152 -153 -154 -155 -156 186 -158 -159 -160 -161 161 -163 -164 -165 -166 181 -168 -169 221 216 -172 -173 201 -175 -176 217 -178 -179 -180 180 -182 -183 -184 223 -186 -187 195 -189 -190 -191 -192 -193 -194 -195 -196 -197 -198 198 -200 -201 -202 202 204 -205 -206 -207 -208 -209 -210 -211 -212 -213 -214 -215 -216 -217 -218 -219 -220 -221 -222 -223 -224 -225 -226 226 -228 229 -230 -231 -232
leaf_value=0 0.017374121641344723 0.0017467491729726682 0.012740741834472838 -0.0030117237644577436 0.0077227157725723167 0.010008895698983085 -0.0083928486235511704 0.011044345451971008 0.005303330573405712 0.012740741834472838 0.019774649537240445 -0.0039418664295724848 0.014551176077778822 -0.0089116421011983405 0 0.0096477936878286551 0 0.0050778556149202589 0.029343680045549495 -0.0014200074408829083 0.0030656234307662629 -0.011224395863369343 0.016945803121712521 0.011969374646612886 0.025456476423827104 0.016583988967776384 0 0.0078668269006536458 -0.007801025735738089 -0.011579356674276861 0.015130544798133569 0.012740741834472838 -0.0064588893037626624 -0.015002564502323878 0.012663711424449855 0.017385564314697097 0.0065724613892827518 0.0094468929054651457 0.013887548954880197 0.013255657403543187 0.0091355449844595805 0.015392506837745117 0.016583988967776384 0.012270324934586709 0.0093311766789338658 0.032505592018358488 -0.00063895335446012092 0.024498883238888481 0.0083651169492615467 -0.014068163757997753 0.0094567034360940536 0.020228433283677381 -0.016027626047254055 0.017770073227869606 0.0029883616110980187 0.0050778556149202589 -0.007801025735738089 0.0021798203900465752 0.022646919362332801 0.014756907499673547 -0.0027329147241779237 0.0329507322874803 0.010538411046164969 0.001499953444597807 0.010568140323906874 0.017407878882436858 0.01927645586198096 0.01050960254534735 0.015967139386182723 -0.0061040208757036701 0.028065810681987657 -0.0020637871100148719 0.015575469360858171 0.0052713868540257532 -0.0050651573048643098 0.022416253183161265 -0.014942566973414149 0.0058370706827997783 -0.0022281505907277735 -0.0020597237335033725 0.00075525274414528043 0.0067845193493338909 0.0028226927040314767 0.017396623240834068 -0.0094211278226336709 0.011878721037191755 0.0045755119989538554 -0.0039418664295724848 0 0.013484964991601137 0.0043984418182615665 0.0095535263678610191 0.020897272963594886 0.003869727258280985 0.0064264673975584106 -0.010899438125384176 0.018948907881743523 0.0096477936878286551 0.0090008619119344054 0.00012410518260583896 0.012740741834472838 0.0082708434714626362 0.002558140166901552 -0.0047417601252035362 0.021818276208606199 0.016634749634147239 0.018629253900226652 0.022934666897750776 0.014263073953727556 0.018417362112784091 0.018309426265689051 -0.01050447236535792 0.012740741834472838 0.0051427850177388108 0.0034902046251338121 0.0081587236294890578 -0.0075790262320905178 0.0072440719589309636 0.0051125622703944067 0.0050472310896795998 0.0087580065085451873 0.015814565673852785 0.015807651322511357 0.013045482797666329 0.0077227157725723167 0.025100526896071246 -0.0099736431945538738 0.026842795558809009 0.0094639670064396216 -0.0008112990758863685 0.0060636328136057941 -0.0055940860414595032 -0.0061040208757036701 0.0066337114604747387 0.0030129516651982431 0.014018361086726184 0.014306119347537199 0.010954982083644876 0.017280873698341151 0.020490242667522793 0.019754618019567734 0.016018842646854357 0.021409880021447936 0.015158008619364735 0.012588019178751289 0.012740741834472838 0.0050778556149202589 0.010279198990835207 0.012519984174157846 0.0096477936878286551 0.0040870345307454405 0.0029535211176972302 0.011509936386126936 -0.0026897190694569273 0.012269317715438465 -0.011792748634991653 0.0087097955890755169 0.016973241105753212 0.014938786217090293 0.013172811492885437 0.018309426265689051 0.011481065680190906 0.017182840883128356 -0.0028133985359641398 0.016890382988076436 0.010618563490772065 -0.0022749117628358597 0.013684701998185713 0.018149384365183638 0.02434601859332371 0.020628914287113748 0.018123121861621985 0.031045393553181273 0.006460381305951125 0.022789308652780779 0.01443849218956126 0.01999588286979297 0.001921421452625258 0.0095535263678610191 0.015609983086847292 0.022646919362332801 0.012740741834472838 0.0057201106317374632 0.013471419588967526 0.003869727258280985 0.022804780164049625 0.016839814473936059 0.0041560780587630436 0.012513778903847268 0.020037284179518913 0.014596014566238966 0.011964163314354811 0 -0.0017859026840502299 0.012812537565717751 -0.0049849843358371181 0.014032129916003505 -0.0021042379310868922 0.010365762454537939 0.011743595078617629 0.01224487706610974 0.00051015288725178793 0.020860784422606408 0.009971592645153576 0.0051957381702423715 -0.014172458767582193 0.020961919517399823 0.0092660873395250028 0.021209406914081876 0.013095992059085538 -0.012082756050340064 0.014838924080576878 0.0010609004791815129 -0.0071347582185861428 0.014745938588126879 0.022646919362332801 0.01282597751346164 0.018309426265689051 0.021227259181309563 0.0029535211176972302 0.011830896092627994 0.0021509002447227844 -0.0061040208757036701 0.016408531175868653 0.012444994671057759 -0.010266001435838012 0.0082744669362203316 0.0034546552984305217 -0.0015358295167064342 0.015628136106988971 0.0030551015848741037
leaf_weight=55.918222010135651 1707.9319062829018 43.550369083881378 360.27274397015572 336.021758005023 637.01687817275524 296.11951825022697 40.919519528746605 1550.9950088262558 452.53411249816418 4236.1981325149536 1487.7226834148169 983.36356620490551 100.84942258894444 324.26411746442318 156.65335932374001 280.06252256035805 53.121486485004425 315.53749895095825 228.22373756766319 34.271192640066147 846.80949281156063 31.737031608819962 908.32651801407337 1328.3181276321411 555.87986899912357 1699.0837909281254 45.458849400281906 202.74253422021866 107.20388005673885 190.47835981845856 1868.8885395079851 671.68223334848881 63.977627754211426 261.10016492009163 84.53043358027935 470.34498617053032 1308.1355857998133 1185.4935073703527 1339.4034158289433 27.862543314695358 728.65958411991596 280.77876915037632 1300.8250606954098 1283.1482066363096 4000.3913984149694 384.23627872765064 32.186447694897652 350.67416599392891 572.31782779097557 1236.5545892864466 90.645983919501305 45.238770484924316 177.58708480000496 70.627250149846077 228.22289623320103 44.062458708882332 822.77424643933773 358.46028338372707 1796.276536360383 58.716587081551552 329.73442284762859 268.94854941964149 3713.4974164068699 38.87554831802845 4681.6601195931435 67.057200372219086 502.39352048933506 2994.8548854291439 2369.8131536245346 278.15926831960678 33.274485290050507 32.566523253917694 245.42635402083397 90.291726991534233 340.45857048034668 721.42019519209862 332.3674493432045 215.98899617791176 43.133768141269684 521.24264945089817 193.5092559158802 288.48739229142666 353.58813989162445 1002.3790089935064 140.15798954665661 169.43951119482517 52.770488604903221 165.39863827824593 30.967751994729042 4776.0950219780207 338.01854309439659 1204.3457386791706 347.47206318378448 49.255990236997604 237.31453178822994 43.648710131645203 42.622356250882149 13085.323143318295 5786.5030554682016 118.56542362272739 186.63339151442051 241.90146894752979 214.35187736153603 30.942988187074661 109.95059011876583 78.561633199453354 2752.9702029377222 1447.865954220295 536.09648966789246 824.89330385625362 1830.3020724207163 99.775609135627747 33.876525416970253 932.21446497738361 180.35724626481533 854.21720817685127 137.90226003527641 1743.8345877677202 139.55975317955017 679.32382327318192 108.14564520120621 153.80404314398766 1907.200145855546 2883.5032309889793 129.96339595317841 96.464965522289276 29.932563826441765 576.36864984035492 1272.1421235203743 175.41497357189655 154.2368194013834 324.9253643900156 82.585393667221069 125.74075213074684 162.35673859715462 116.22712196409702 206.32979077100754 410.96274246275425 552.28893999755383 267.328299254179 133.04050680994987 1675.8711005449295 151.73966719210148 3110.2958699166775 3223.6665187478065 2531.3772600889206 1242.5258854478598 2284.2548663169146 152.10870796442032 304.7872199267149 1710.3037067949772 160.05423349142075 270.99038615822792 29.311575889587402 62.842432662844658 50.268350288271904 37.314876452088356 63.062135651707649 1605.4673834443092 6107.1026224792004 1755.8069053590298 451.33810189366341 1469.7984208315611 235.85598626732826 98.715026274323463 2461.7673030942678 66.338987305760384 769.42141914367676 68.225343436002731 54.404813170433044 405.05941006541252 2319.9427278339863 38.124109253287315 333.46981517970562 184.34315602481365 3887.6018188297749 927.31994721293449 238.66770114004612 818.24125261604786 360.90331593155861 169.73592518270016 4269.1694555580616 171.08090078830719 3098.9107822328806 94.594033628702164 471.87322077155113 49.142862066626549 48.218159139156342 1805.8599670380354 448.41742777824402 120.20822165906429 190.58200325071812 35.994391277432442 34.544462203979492 1239.9197669476271 29.734234184026718 882.02097135782242 46.562300145626068 3079.2715596854687 57.834424704313278 8856.2634474486113 89.372665137052536 86.448052480816841 46.754452779889107 45.769324988126755 431.9264165610075 46.007849827408791 167.25467899441719 277.81561826169491 892.34215825796127 82.000483825802803 1665.7476327419281 80.934241950511932 162.10089845955372 3016.3248991370201 675.54370920360088 603.13003066182137 407.1351293027401 863.70913703739643 47.041399374604225 418.55170792341232 36.279081046581268 40.224457994103432 1081.4999332875013 429.68988956511021 28.111754730343819 40.412763178348541 53.953258350491524 82.077125072479248 212.14461542665958 68.434619545936584
leaf_count=210 5083 165 1148 1419 2199 999 181 5113 1680 13901 4205 4165 311 1476 601 946 205 1179 555 139 3244 145 2704 4311 1436 5074 175 702 459 887 5818 2180 268 1259 280 1413 4661 4044 4295 91 2494 871 3995 4176 13696 837 126 932 2039 5948 323 138 863 217 866 156 3681 1407 4809 177 1400 567 12502 144 15722 210 1459 10046 7259 1203 84 138 762 337 1454 1957 1599 774 171 2089 776 1027 1308 3030 644 550 189 712 119 15222 1234 4104 994 182 838 202 121 44766 20002 455 574 848 792 127 302 234 7948 3868 1681 2406 5367 454 96 3423 705 2996 597 6170 502 2462 371 469 5920 9317 449 251 133 1471 4315 698 579 1414 331 452 618 369 649 1414 1676 771 382 5153 423 9700 10414 8200 4560 7762 474 1029 6293 599 909 122 200 223 125 184 4989 19586 5117 1458 4389 961 302 8268 275 2437 198 143 1138 6826 87 1170 493 12159 2665 907 2763 1091 434 13787 617 9829 377 1312 147 174 5894 1278 380 623 140 137 4037 125 2790 184 10279 188 28989 340 242 154 161 2073 126 568 768 2832 371 5138 298 721 9374 1742 1954 1188 2376 174 1363 135 165 3272 1382 128 137 195 322 660 251
internal_value=0.0120108 0.011238 0.00795092 0.00317202 0.00151434 0.0126612 -0.000791913 0.0119557 0.00379688 0.0105391 0.0162968 -0.000810715 0.0142566 -0.00385854 0.0163248 0.0109606 0.0103249 0.00909972 0.0122016 0.00960577 -0.00149968 0.0152831 0.0141661 0.0170212 0.0135041 0.0145998 0.0151098 0.011534 -0.0048908 -0.00783105 0.0124763 0.00627295 0.00493177 0.00214244 -0.00503905 0.00922116 0.0102299 0.00938285 0.0119751 -0.0100732 0.0124908 0.0144627 0.0142511 0.0117325 0.0112399 0.0252519 0.0269856 0.0172223 0.0146272 -0.0113959 -0.00474377 -0.00223584 0.00146111 -0.00297277 0.00335877 0.0254939 -0.00717993 -0.00474115 0.0195331 0.0183999 -0.00756545 0.0282752 0.00852022 0.018675 0.0123115 0.00210405 0.0133517 0.0137753 0.0133095 0.00507786 3.49169e-05 0.0134015 0.0120763 0.000539492 0.000689709 0.0172431 -0.00627014 0.00978631 0.00806963 0.00352118 0.00567614 0.00106132 0.0119254 0.0161578 -0.00517902 0.0211104 0.0229924 0.00507786 0.0134435 0.013523 0.0116716 0.0119045 0.0141246 -0.0103299 0.0096845 0.00507786 0.00142373 0.00903479 0.00804086 0.010416 0.00907166 0.00756521 0.0125601 0.0106784 0.0114505 0.0300834 0.0197718 0.0201456 0.0127598 0.014874 0.0159201 0.00496881 -0.00224945 0.0059337 0.00735119 0.00748137 0.00496359 0.00810587 0.011614 0.00872339 0.0182173 0.0118291 0.0150821 0.0115249 0.00981657 0.0155391 0.00772272 0.024054 0.0108352 0.00567229 -4.54694e-05 -0.00310352 -0.0111245 0.00366032 -0.0017582 0.00529399 0.0148971 0.00821412 0.0131653 0.0122742 0.012619 0.014428 0.0134924 0.0133229 0.0138662 0.0118311 0.00507786 0.0089848 0.020918 0.00581361 0.00500695 -0.00161097 0.00664776 0.0100177 0.0255683 0.00654796 -2.49875e-05 0.0108525 0.0127111 0.0123066 0.0154369 0.0172771 0.014848 0.000401625 0.00961955 0.0120156 -0.0126117 0.011101 0.0228662 0.0112144 0.0162275 0.0191862 0.0118298 0.00962682 0.0160145 0.0142173 0.0174459 0.006847 0.00849063 0.015409 0.0189413 0.0120909 0.0118569 0.0141515 0.00584691 0.0202005 0.00211181 -0.00374832 0.0118422 0.0161343 0.00784244 0.00616973 0.0105649 0.010412 0.0120819 0.00629234 0.0114431 0.0107921 0.0101643 0.0243242 0.0123703 0.0135115 0.0101159 0.0209717 0.0160826 -0.0123656 0.0131785 0.00567404 0.016448 0.0154058 -0.00723017 0.0143041 0.00738048 -0.0133188 0.0157202 0.0214627 0.0139985 0.01489 0.0191037 0.0114477 0.0150379 0.0132844 -0.0135269 0.0142577 0.016584 0.0089019 0 0.009426 0.00800286 0.0134079 0.0095553
internal_weight=189010 160157 48408.4 17015.8 15118.5 111749 12926.9 96208.1 5172.54 31392.6 28853 2765.63 6278.55 7754.31 1897.34 58606.9 41447.7 2406.91 1813.21 25114 4875.59 22000.2 14050.3 15540.9 37601.2 18152.4 2191.61 19741.9 2277.68 2878.72 19448.8 3979.13 3307.45 1985.97 555.82 21705.8 21134.9 14369.7 17131.5 2047.43 17159.2 5000.04 17434.2 19357 16398 601.597 558.046 1195.28 922.992 1813.57 414.91 831.291 2597.91 771.458 1826.45 272.286 1720.36 1181.23 6852.75 5056.47 507.322 369.798 10652.8 1298.23 9675.11 557.316 5908.75 15206 13077.2 593.697 233.862 65.841 1295.74 640.813 1187.27 7949.96 1438.54 4550.83 2547.05 1124.43 264.137 809.73 2003.78 3265.67 168.021 946.304 776.865 617.933 12278.2 12209.2 12159.2 11617.2 986.864 376.695 6722.89 1327.09 384.84 21235.5 8150.18 531.246 1321.49 1134.85 7172.9 2396.81 2182.46 462.798 4410.56 4200.84 12580.6 5036.27 11130.3 1430.15 162.964 1267.18 225.596 6904.78 1393.14 5511.64 1422.61 4679.72 455.618 209.722 2109.94 7565.16 893.378 226.428 666.949 737.989 2072.51 1483.55 490.259 415.217 455.177 603.498 300.259 308.875 2513.02 639.186 1510.64 10461 9256.63 2959.02 8036.7 7884.96 6333.96 3716.87 1283.45 4028.09 2315.38 2295.15 1990.37 295.176 1203.2 63.1881 639.211 541.918 69.0519 95.2486 10707.4 9101.96 9300 2207.15 7092.85 361.597 314.704 6765.21 327.439 2041.56 718.219 1734.37 2741.1 3041.36 351.927 539.8 4908.6 5623.06 2228.15 1092.88 1156.26 2336.04 530.639 6730.94 531.354 4211.38 179.124 752.652 245.798 98.4865 2043.17 2317.31 664.378 544.17 152.222 3748.04 1379.48 147.312 4543.95 3661.93 3125.83 613.714 8989.3 306.469 221.59 84.8786 132.217 539.13 98.7783 285.82 1672.55 1394.74 135.122 1805.4 139.651 1398.66 4724.26 2163.27 657.535 4294.74 1772.04 89.6638 970.841 104.504 372.592 4180.41 2128.77 5855.03 68.5245 1076.83 810.737 266.098 117.577
internal_count=621153 533743 171053 65304 59498 362690 52627 316206 19659 105749 87410 11203 19838 32968 5806 196065 140064 8456 6074 85911 20062 67904 44171 46484 120141 56953 6871 65350 9828 12906 63188 14425 12245 7645 2373 74714 71486 49292 56092 9425 56001 15839 54996 63880 54551 1546 1381 3682 2971 8468 1799 3481 10234 3256 6978 711 7620 5088 19506 14697 2263 878 37048 3839 31661 2208 18960 48336 41880 2382 957 222 4260 2594 4698 23733 6260 15508 8902 4192 993 3116 6606 10071 735 2680 2130 2392 39091 38821 40162 38243 3150 1716 22890 4943 1470 73301 28535 1785 4600 4026 23195 7973 7181 1071 12495 11816 40584 15626 33989 5272 672 4600 843 24409 5118 19291 4710 16158 1365 679 6622 25039 3032 700 2332 1986 6879 5359 1998 1751 2095 2261 1215 1110 7888 2280 4858 34246 30142 9329 25650 25227 20114 12244 4741 13932 6421 8268 7239 1175 4332 218 1671 1919 270 310 34621 29632 28622 6575 22047 1413 1076 22194 1534 6752 1957 5768 8276 8783 1159 1819 14950 17658 6660 3903 3997 7138 1525 22055 1765 13220 657 2183 920 397 6732 7096 2311 1931 509 12639 4539 523 14934 12144 10463 1624 29371 984 743 241 403 2532 315 1023 5059 4291 576 5613 475 6669 14457 5947 2097 13347 5080 295 3039 333 1764 13101 6456 20267 265 3671 2816 855 398
is_linear=0
shrinkage=0.0136102


Tree=9
num_leaves=232
num_cat=0
split_feature=13 12 6 15 15 15 2 15 3 6 24 13 7 12 15 12 15 24 12 16 15 15 2 7 7 12 2 24 1 15 13 24 3 7 15 7 16 16 3 23 14 23 16 12 7 16 15 12 2 13 13 6 13 24 1 7 15 16 13 1 15 24 7 2 3 12 7 2 16 24 1 16 2 1 24 23 1 1 2 24 1 13 6 7 7 24 2 1 22 6 12 24 16 22 15 14 3 1 22 15 14 15 1 2 3 3 3 3 14 16 1 6 23 7 12 23 7 1 7 24 15 22 15 14 2 1 22 6 1 23 6 12 1 13 16 12 14 16 7 7 24 7 7 16 1 1 1 14 15 16 7 14 6 13 2 16 22 13 13 16 6 12 1 9 14 24 16 9 6 13 23 12 16 12 1 1 6 6 1 24 7 3 13 15 7 23 22 6 16 14 16 1 14 15 15 15 1 16 7 16 15 14 1 1 9 16 16 2 15 2 6 12 1 1 13 6 12 1 24 9 14 24 9 15 6 6 1 1 7 1 22
split_gain=4012.51 3150.31 3084.76 1343.2 1594.34 1032.73 894.887 640.797 616.13 609.594 560.989 543.006 482.802 462.914 389.286 380.517 310.02 249.314 247.48 237.446 233.071 349.379 230.745 227.85 207.203 188.982 215.039 181.237 160.47 150.874 149.487 147.053 146.963 314.222 177.619 146.116 267.829 132.375 155.572 131.507 131.271 127.412 126.335 123.71 123.054 160.098 117.184 115.421 115.164 147.945 109.303 120.127 106.384 124.696 105.119 103.507 204.854 101.654 101.378 120.05 98.3276 135.44 97.3703 96.3546 95.2995 94.7824 94.5868 93.627 90.9021 88.1531 86.738 85.389 84.4139 104.802 84.3147 84.2611 83.9228 82.289 80.7197 80.5223 80.1032 76.9245 76.699 87.7022 76.5241 75.5998 75.0945 73.1149 73.0845 72.416 94.829 71.7743 71.2551 70.8901 70.8862 74.2483 69.7069 68.9358 68.5317 68.5025 67.9024 66.8595 66.7838 66.1084 65.3777 65.1593 64.61 63.0844 62.7457 60.9482 60.5442 60.1356 60.8552 59.7413 59.0533 60.1151 58.8259 57.7952 56.8778 56.5841 72.8043 56.0608 55.5278 55.2466 54.817 54.7938 54.59 54.0563 53.9388 52.6652 54.3322 52.5793 56.227 52.0952 52.0711 51.8509 51.4195 51.3482 50.9759 50.8522 50.3807 50.2469 50.2166 49.7722 49.6199 49.4852 48.2607 47.5945 45.763 45.062 51.9975 44.7055 44.1673 43.6529 60.6422 43.2316 43.1187 42.7582 42.7529 42.4914 42.1825 42.022 45.1329 41.807 41.6802 67.0641 41.3909 41.3824 41.2597 41.084 39.8331 39.5205 39.5204 39.8498 39.2093 39.1455 38.9856 49.7411 38.6918 38.0867 38.0401 46.2796 37.7317 37.569 56.3858 36.7941 36.6655 40.5578 36.4566 35.8899 35.7696 36.5255 35.5711 35.1514 84.1928 45.7484 34.9857 34.8228 34.3221 34.2716 34.2652 34.1548 33.9574 33.6365 33.4319 43.4103 32.6422 32.5871 32.2426 31.9648 31.8806 46.1804 31.7726 54.0157 49.1382 41.0882 38.1631 31.7349 31.585 31.4652 31.1304 30.782 30.5113 43.8085 30.0621 29.7749 29.549 41.2064 29.0763 34.2933 36.1381
threshold=0.66554000973701488 -0.1059649996459484 0.043752189725637443 1.0229499936103823 0.98285001516342174 0.95315000414848339 0.61786028742790233 1.0350499749183657 0.97861337661743175 0.45183992385864263 0.18103500455617907 0.077305000275373473 18.67131328582764 -0.045055000111460679 0.94014999270439159 -0.047164998948574059 1.0845499634742739 0.072930000722408309 -0.039115000516176217 1.0565499663352969 1.0004499554634096 0.99985000491142284 0.81838294863700878 51.70936584472657 88.343807220458999 -0.31566500663757319 0.36623811721801763 0.045384999364614494 0.033413039520382888 0.91304999589920055 0.14521499723196032 0.035475000739097602 1.1403061151504519 73.55530166625978 0.99985000491142284 95.526599884033217 1.0134499669075014 1.0147500038146975 1.1828861832618716 63.495000839233406 0.99994999170303356 57.045000076293952 1.0301499962806704 -0.053215000778436654 67.440334320068374 1.0153500437736513 1.1116500496864321 -0.033084999769926064 0.24115637689828875 1.55009001493454 0.36976499855518347 -0.10819030180573462 0.0085799996741116064 0.10570500046014787 -0.036962859332561486 91.498672485351577 1.0169499516487124 1.0370499491691592 0.068755000829696669 0.5202310085296632 1.0133499503135683 0.015685000456869606 56.790094375610359 0.24611357599496844 1.3758695721626284 -0.12215499952435492 40.188697814941413 0.9723728895187379 0.96715000271797191 0.35253499448299414 0.81512275338172924 1.1681500077247622 0.15667146444320681 -0.10180672258138655 0.061824999749660499 74.475002288818374 0.44211612641811376 0.46169227361679083 0.091089468449354186 -0.0019650000613182779 -0.01981165166944265 1.1229250431060793 -0.084958631545305238 25.536642074584964 16.595309257507328 0.026455000042915348 0.043564528226852424 0.85158267617225658 0.0045499999541789302 0.10550985485315324 -0.017184999771416184 -0.0044250001665204755 0.99944999814033519 2.9999500513076787 1.0291499495506289 0.71654999256134044 1.2485327124595644 -0.19358111917972562 6.1276500225067148 1.0870500206947329 1.4773499965667727 1.0113499760627749 0.087547320872545256 0.01584164705127478 0.89813080430030834 1.1566600799560549 0.65749230980873119 1.2391743659973147 0.33345000445842748 1.1743499636650088 -0.27824863791465754 0.33635209500789648 70.68500137329103 78.649131774902358 -0.2127450034022331 -30.394999504089352 59.896905899047859 -0.039927326142787926 30.24473857879639 -1.0000000180025095e-35 1.0000500082969668 11.866499900817873 1.1514499783515932 1.3046500086784365 0.84200125932693493 0.0070901245344430217 9.5633497238159197 0.1373744532465935 0.052551871165633209 64.465000152587905 0.15862045437097552 -0.047164998948574059 0.033413039520382888 0.02505499962717295 1.1448499560356142 -0.055245000869035714 0.43475000560283666 1.0379499793052676 48.730741500854499 55.761835098266609 -0.0044250001665204755 79.469467163085952 27.248369216918949 1.0276499986648562 0.31321975588798529 -0.19977480918169019 0.25502465665340429 0.5100499987602235 0.98045000433921825 1.0901499986648562 70.27915191650392 0.6285499930381776 0.068293865770101561 0.08084499835968019 0.41108915209770208 0.97055000066757213 8.370549678802492 0.30501499772071844 0.1676449999213219 0.99825000762939464 0.13248144090175631 -0.31566500663757319 -0.0022211131872609253 1.0000000180025095e-35 1.1813499927520754 0.11131499707698823 1.1575500369071963 1.0000000180025095e-35 0.15862045437097552 0.070365000516176238 49.805000305175788 -0.054214999079704278 0.98935002088546764 -0.01519499998539686 -0.022602408193051812 1.0283693671226504 -0.0064593383576720944 0.011589614208787681 -0.35939007997512812 -1.0000000180025095e-35 53.078916549682624 0.99016097187995922 0.23392499983310702 0.9783499836921693 10.559048175811769 68.49499893188478 3.8414499759674077 -0.028039650060236451 1.0696499943733218 0.76085001230239879 1.1805500388145449 0.28091123700141912 0.43475000560283666 1.0125499963760378 1.0004499554634096 0.99985000491142284 -0.039927326142787926 0.94505000114440929 62.797069549560554 0.9905499815940858 0.99325001239776622 0.38625000417232519 0.093051746487617507 -0.061014315113425248 4.5000000000000009 0.9256500005722047 1.0752499699592593 0.85773307085037243 1.0239500403404238 0.4067231565713883 0.16174624860286715 -0.30199499428272242 0.10250031203031541 -0.014510617125779389 0.34647001326084143 0.054155813530087478 -0.056354999542236321 0.090271778404712691 -0.03062499966472387 1.0000000180025095e-35 0.69984999299049389 -0.39794500172138209 1.0000000180025095e-35 1.078049957752228 0.041076056659221656 -0.053492916747927659 0.24603364616632464 0.51224869489669811 66.70767974853517 0.32306247949600225 1.4054500460624697
decision_type=2 2 2 2 2 2 2 2 2 2 2 2 2 2 2 2 2 2 2 2 2 2 2 2 2 2 2 2 2 2 2 2 2 2 2 2 2 2 2 2 2 2 2 2 2 2 2 2 2 2 2 2 2 2 2 2 2 2 2 2 2 2 2 2 2 2 2 2 2 2 2 2 2 2 2 2 2 2 2 2 2 2 2 2 2 2 2 2 2 2 2 2 2 2 2 2 2 2 2 2 2 2 2 2 2 2 2 2 2 2 2 2 2 2 2 2 2 2 2 2 2 2 2 2 2 2 2 2 2 2 2 2 2 2 2 2 2 2 2 2 2 2 2 2 2 2 2 2 2 2 2 2 2 2 2 2 2 2 2 2 2 2 2 2 2 2 2 2 2 2 2 2 2 2 2 2 2 2 2 2 2 2 2 2 2 2 2 2 2 2 2 2 2 2 2 2 2 2 2 2 2 2 2 2 2 2 2 2 2 2 2 2 2 2 2 2 2 2 2 2 2 2 2 2 2 2 2 2 2 2 2
left_child=1 5 3 4 12 29 11 22 15 14 19 18 31 44 65 54 17 48 28 25 21 47 27 171 46 72 58 32 68 69 91 -3 33 89 57 43 -37 172 70 109 -15 88 77 71 66 135 78 84 49 123 51 63 53 -28 155 -34 119 -35 59 80 61 -42 67 219 76 -2 74 85 -6 189 -39 160 75 82 -13 169 -23 -30 -9 93 108 111 83 -74 -10 118 -70 114 -11 90 198 94 105 -36 125 -96 143 186 153 134 -82 -92 -62 110 158 -61 149 -47 -27 -21 -60 112 144 -56 -19 -116 124 -51 -14 120 -57 182 185 201 -99 -25 148 175 -93 -83 -131 132 196 174 141 -46 -85 -114 204 167 -90 222 -135 -64 -50 -91 -40 -118 -105 150 -45 -84 -81 154 161 -8 166 -143 -38 -97 -24 197 -163 -32 165 -31 -43 -75 -26 180 -128 176 209 -174 -87 212 207 -178 -155 -59 181 -7 206 -33 -185 -18 -54 -188 -187 -1 191 -184 -190 194 195 -17 -22 -53 -4 -55 -146 -16 -68 -120 -65 -206 -80 -5 -112 -20 211 -203 213 214 -29 216 -214 -152 -151 -12 -156 -169 -41 -224 -153 -52 -113 -228 229 -129 -231
right_child=9 2 7 23 6 10 8 24 20 41 50 13 62 40 16 193 122 87 37 39 131 64 35 30 168 26 52 127 42 164 163 183 55 34 79 36 104 38 146 99 60 156 -44 106 45 107 -48 -49 81 117 225 98 97 199 113 56 -58 179 103 92 102 -63 96 138 -66 -67 202 -69 86 -71 -72 -73 73 139 -76 -77 -78 -79 121 152 100 129 151 136 -86 133 -88 -89 140 145 101 128 -94 -95 95 159 -98 116 -100 -101 -102 -103 -104 126 -106 -107 -108 -109 -110 -111 208 226 137 -115 115 -117 147 -119 203 -121 -122 -123 -124 -125 -126 -127 170 228 -130 130 -132 -133 -134 142 -136 -137 -138 -139 -140 -141 -142 157 -144 -145 200 -147 -148 -149 -150 218 217 224 -154 178 220 -157 -158 -159 -160 -161 -162 162 -164 -165 -166 -167 -168 221 -170 -171 -172 -173 173 -175 -176 -177 177 -179 -180 -181 -182 -183 190 184 -186 188 187 -189 192 -191 -192 -193 -194 -195 -196 -197 -198 -199 -200 -201 -202 210 -204 -205 205 -207 -208 -209 -210 -211 -212 -213 215 -215 -216 -217 -218 -219 -220 -221 -222 -223 223 -225 -226 -227 227 -229 -230 230 -232
leaf_value=0.014449629054133349 0.02050405044333373 0.00080212665711526781 0.0078438717072228017 0.0054099646343626481 0.012043304891011084 0.0075322380776779744 0.0044400110376217605 0.0035285600305980562 0.01481882818890015 0.01674054261271956 0.01003537253774503 -0.0037646895656128936 -0.012378257675682788 -0.0081691428778782101 -0.0027580362660621599 -0.0069735940947370564 0.018293933348576014 0.01736566826461115 -0.011286105424717177 0.013932235957911831 0.0044400110376217605 0.010770861616200878 0.010680620373362147 0 0.031641785153615175 -0.0085128435681120981 -0.00058934690317129603 -0.0025608100329995403 -0.0073514606352448227 0.012266580210709232 0.01857943591361336 0.030407646615518081 0.0092460567092951321 -0.014198247959176957 -6.3702818850697624e-05 -0.0095410126341627724 0.02110164629479858 -0.016798218039591806 0.022710205824056733 0.012488309126368958 -0.0054740458533874235 0.012705660690726121 0.014000242904128863 0.0063814060798191808 -0.010673254695824481 0.0024077564636516349 0.018131345890076239 -0.0051535684444910983 0.014033867130694901 0.0073115275985358276 0.018058664022468078 0 0.0050832941031519457 0.024953509219391247 0.0050087323457594576 0.022710669108501166 0.0316027308112053 0.0083023670468516542 -0.0065455068963089068 -0.0047931200529611161 0.019547294872727352 0.0028991736808618011 -0.0063585205355779799 0.017986139231812231 0.023286097470042153 0.014322853421461987 0.010180071980936805 0.0196287506036644 -0.011928898169132748 0.022146929745629727 0.0094564046426582199 0.020180818280033045 0.0043444434111670812 0.020225049874700363 0.0072291455176266813 -0.00913919949057365 0.020411682160122603 -0.00046419916462404665 0.017144120476705816 -0.0089957089854337223 -0.00035299715319975049 0.014976702957490224 0.0014341359918019177 0.0086143883147488005 0.0050087323457594576 0.012172732631766801 0.0014097598904348786 0.01825407469918474 0.024109956428704279 -0.004124992988259071 -0.0028226892799148948 0.017753993493690206 0.02866218517365993 0.0076790499859794607 0.0091316110057400573 0.013166779920005535 0.017731004278542191 0.010846465228043825 0.015530295889071098 0.013932235957911831 0.012135398626990307 0.0089436402821717331 0.0010126461917719211 0.011200407812024289 0.027256161964824624 0.020644388257529782 0.010483449919846691 0.01978555168903768 0.0074865105538263563 0.019096353780859665 0.0079433533433822742 0.0097193788149857411 -0.0015560471630605747 -0.009577776838708963 0.014352992935245893 0 0.0023733035634487479 -0.011047221291206954 -0.0068879401661858979 0.0023367358859422357 0.0076790499859794607 0.017144120476705816 0.021651053190480742 0.01455098706812998 0.012796759936281986 0.018235775868502863 0.016343294097506823 0.017091481548980228 0 -0.002333818398592116 0.01217807435884849 -0.0011853052978955249 0.0050087323457594576 0.018837370165929374 0.012817727237716191 0.0062914476801734769 0.013686233038573539 0.0095796177900356709 0.012110570609317403 0.010169610064135212 0.020100405457925796 0.007259539019798463 0.0104167603365417 0.0099598987831917059 0.010292190494386084 0.0092460567092951321 0.0094564046426582199 0.0093907734148973125 0.0089289974616742762 0.002230239794558545 0.010180555863514113 0.010541276335172559 0.0014782897403954893 0.0061892207885796769 0.0075926852960942395 -0.012382698666209373 0.020100405457925796 -0.0084531708638760378 0.0010287098472407557 0.02947547772167405 0.013993305283846043 0.0073899420155628471 -0.00021656608272089327 0.0091501729490961175 0.016304710381243034 0.01541010267004673 0.01674054261271956 0.017505359282549197 0.012540513439905239 0.011580981255074788 0.011200407812024289 -0.0056120149184650109 -0.015956734037222999 -0.0080098553854931615 -0.0064662380918405768 0.021217504808589586 0.017788428246810199 0.0039756928927951012 0.012241919105146866 -0.008939762158916972 0 0.012436096783018375 0.012693733323276378 0.025413086714998871 0.0042755122169632872 0.0038053187027397586 0.013905641544906611 0.0050832941031519457 0.0030356799058369826 0.018374179144019145 0.015786516226341286 0.009901497257196917 0.015966368562994659 -0.0011853052978955249 -0.012839434666726771 -0.0011853052978955249 0.018982711900571835 0.015530295889071098 0.0041708422497860644 0.0077451213476881766 0.012520855039685194 0.01455098706812998 0.005823428505382101 0.0067942259419671207 0.017842451916175943 0.0094804130344393542 0.0094255375843257383 -0.011931384312835287 0.0020108419206977357 -0.00056744697235198331 0.013881572207075825 0.0033571330637166296 0.0054067067633257332 0.012970868392852424 0.010925460299165963 0.0093368023783657432 -0.00892763368664121 -0.0049201916697153283 0.010483449919846691 0.013561853335465654 0.015530295889071098 0.012922005816358237 0.0086486459151963648 -0.0011791600179787516 0.0014341359918019177 0.014806409674074964 0.01925435534082056 0.013097925734841415 0.0016742852174220452 -0.0024938158748425967 0.011967572719397189
leaf_weight=1000.1345667541027 2591.1105904877186 46.534089267253876 2663.0273407548666 41.783027157187462 127.05300441384315 1084.0278206169605 33.898118421435356 183.04903498291969 182.93581944704056 521.05346111953259 754.20583494007587 267.21250142157078 28.609396025538445 702.11651107668877 46.822005376219749 380.00120921432972 1779.5003201812506 1772.5496993660927 136.05562205612659 6541.6850026547909 43.371998310089111 547.93007718026638 2208.6747035235167 37.019776403903961 150.81111614406109 40.70636011660099 45.967598080635071 87.119503155350685 1635.5775742083788 2535.8534686714411 132.00078909099102 294.66456392407417 2991.6671478748322 202.04345904290676 254.71262322366238 47.169256076216698 39.514149144291878 94.163367554545403 48.962795421481133 454.08888605237007 913.22322165966034 742.63736920058727 55.064671784639359 905.68469032645226 223.09260965883732 133.28847984969616 966.98195415735245 149.03036026656628 3297.6280152201653 42.041736528277397 1011.2227918058634 33.824798956513405 640.29489417374134 222.2717063575983 1382.5483925789595 68.75857612490654 116.44681300222874 65.818202257156372 56.596819370985031 33.987766087055206 61.564142361283302 576.0490420460701 148.34273846447468 2136.8945891410112 343.81001359224319 683.27659524977207 841.86379884183407 187.10048659145832 85.185287475585938 944.91138635575771 25.169886007905006 277.75197385251522 248.22844080626965 486.08826859295368 238.8284398317337 33.917151585221291 283.34379044175148 416.3806366622448 427.13056281208992 119.25290821492672 555.16067704558372 6157.2248367965221 182.84737016260624 503.01358635723591 329.59858587384224 28.561822637915611 598.65577761828899 1995.4445417076349 1251.4958615601063 44.743434116244316 321.63038878142834 69.730086222290993 66.573495760560036 433.90213741362095 57.336355850100517 53.85042405128479 32.724199026823044 12591.232516020536 1060.6940945833921 848.20240263640881 88.836707100272179 118.41416381299496 91.441721960902214 2303.7067367434502 259.65670171380043 29.754256710410118 2563.3721080869436 55.387532368302345 1734.718393728137 493.86989194154739 1238.1295956522226 193.58284248411655 76.537599593400955 54.186272218823433 4958.8823870867491 54.031946197152138 228.2568590939045 87.674730241298676 29.438104495406151 37.191290453076363 33.047570392489433 664.67932523787022 831.87789842486382 383.16001290082932 4041.3132763206959 193.78615948557854 427.1824619024992 513.91497135162354 54.334883004426956 43.467159360647202 1251.8010851889849 316.3654153496027 247.6549618691206 175.54682822525501 838.95587985217571 32.900911152362823 3360.4205654263496 816.90566794574261 579.29291941225529 362.24387590587139 2341.4894857555628 65.578760981559753 1025.9599476754665 39.14156499505043 2294.0300425738096 3143.8659325838089 40.7463648468256 1384.0372320860624 9752.8210181444883 101.22507992386818 26.489354968070984 525.45036025345325 172.58613680303097 243.32556267082691 152.85855855047703 87.084256663918495 410.11493071913719 54.708349496126175 44.687536865472794 387.09967574477196 1399.9944236129522 579.25528953969479 178.0951856225729 435.82653690874577 3063.7598777711391 3443.7820616066456 1616.0015524476767 663.69834007322788 43.077569603919983 4614.8925656825304 657.35366412997246 50.748381659388542 616.47287325561047 191.81433102488518 52.172126024961472 62.808525308966637 81.744375392794609 141.90342326462269 7766.7116291075945 30.037751436233521 90.335386544466019 639.31305189430714 3166.4037831276655 75.246600046753883 43.31422820687294 72.057539284229279 258.75812184810638 145.56367135047913 52.856684073805809 1501.446607619524 571.29283963143826 1609.8297615945339 650.93230989575386 129.15431153774261 283.01129899919033 414.09261959791183 89.545680820941925 122.91840578615665 658.46395576000214 37.327970698475838 5239.6611290425062 87.208028212189674 693.9151473492384 451.97082558274269 260.68943743407726 302.12021064758301 149.38377673923969 29.680042028427124 223.02358692884445 95.382392212748528 157.46442332863808 305.54409126937389 181.84064827859402 1013.0211358815432 98.73275463283062 1661.7119983136654 36.338034629821777 129.48728337883949 372.7464742064476 3180.6965288817883 279.36934238672256 860.02777145802975 1715.0205553621054 79.688921853899956 65.638864323496819 2804.0354434251785 585.2583134919405 489.73729962110519 39.790253803133965 32.025973066687584 172.16380763053894
leaf_count=3082 7145 173 9343 150 429 3772 123 664 575 1576 2490 1111 134 3156 188 1680 5141 5220 638 20850 162 1841 7348 141 318 177 178 345 7285 8160 386 650 10241 956 1002 215 111 471 136 1472 3975 2336 179 3216 1020 512 2790 646 10369 145 2963 127 2295 568 4991 182 245 228 237 143 177 2260 637 6261 927 2092 2889 543 400 2517 87 783 898 1389 861 150 820 1704 1254 542 2197 18944 682 1722 1241 90 2387 5789 3237 182 1327 202 165 1530 190 168 96 41869 3245 2630 291 410 355 7646 617 79 8596 160 6111 1421 4315 637 300 245 15318 203 845 394 126 172 139 1975 2247 1202 13001 572 1309 1549 206 173 4021 1275 951 507 2687 121 10668 2745 1856 1202 6480 226 3449 131 7583 10730 166 4707 33510 372 88 1748 665 850 527 399 1102 233 168 924 4418 2017 688 1473 9199 10504 4725 1983 130 15184 2200 214 3047 881 224 173 244 515 25070 133 344 2068 10212 187 153 253 822 523 187 4312 1733 5401 1945 503 1340 1679 264 371 2427 125 16836 271 2527 1620 762 999 498 134 830 398 500 1119 651 3287 325 5648 160 541 1209 10012 846 2753 5880 307 247 8670 1685 1546 145 127 558
internal_value=0.0117968 0.0107102 0.00795345 0.00356883 0.00238708 0.0121636 0.000582503 0.0105421 0.0050203 0.0154086 0.0116115 -0.00202705 0.012055 0.00107104 0.0147071 0.000557847 0.0142625 0.0138154 -0.00562604 0.0109456 0.00986298 0.0125064 0.00941429 0.0148512 0.0139064 0.0105418 0.0100221 0.00840736 -0.00342638 0.0158264 0.0172696 0.0247484 0.0075281 0.00653882 0.000302816 0.0112522 0.0195342 -0.0107029 -0.000597723 0.0127759 -0.00325412 0.0191619 -0.00540783 0.0108309 0.00516387 -0.0012375 0.0135326 0.00500873 0.0130079 0.00856521 0.0135201 0.0130423 0.01101 0.0191977 0.00500873 0.0100101 0.018489 -0.00878749 0.00889237 0.00631474 -0.00111168 -0.00220911 0.00933856 0.0144404 0.0169691 0.0192479 0.00657747 0.0102931 0.00167379 0.0183408 -0.0107909 0.0126109 0.0119293 0.0129799 0.00136219 0.0107349 0.0141972 -0.00597771 0.0128584 0.0031334 0.00558194 0.0132451 0.011775 0.0125369 0.00755097 0.00924945 -0.000259485 0.0157855 0.0207617 0.00767905 0.00634829 0.0209548 0.0189819 0.00568098 0.0226546 0.0257685 0.000543946 0.0108738 0.0120645 0.0107471 0.00137886 0.000310288 0.00907157 0.00933589 0.0237106 0.00706011 0.00912136 0.00805942 0.00707639 0.0139322 0.00652215 0.0125681 0.0122329 0.00500873 0.015042 0.0141976 0.0110747 -0.00474892 0.00461986 0.00767905 0.0133522 0.0131088 0.0182315 0.010382 0.0113261 0.0153974 0.00965545 0.0109729 0.0102092 0.0144119 0.0116535 0.00500873 0.00620013 0.0110369 0.00976133 -0.00826635 0.0130471 0.00857742 0.0162463 0.0154176 0.0215365 0.00863976 0.011746 -0.00258739 0.012527 0.00922511 0.0123986 0.00843173 0.00937037 0.00679747 0.00512522 0.00762672 -0.00273569 0.0116601 0.0091788 -0.00735502 0.0167405 0 0.0114957 0.0277272 0.0119928 0.00703706 0.00555712 0.0115412 0.0148551 0.0140939 0.015848 0.0163187 0.0279811 0.0108523 0.0127358 0.00470541 -0.0126844 -0.0141753 0 0.0101077 0.00667253 0.00945211 0.0120667 0.00233674 0.00895196 0.00940242 0.0126366 0.0273104 0.0184571 0.0170666 0.00729383 0.0106012 0.0141108 0.0168499 0.0122206 0.0117712 0.0150779 -0.00515357 -0.00603963 -0.00515357 0.0141502 0.0135834 0.00713452 0.022806 0.0118541 0.00755064 0.00826059 0.00581826 0.0170972 0.0135354 0.0163016 -0.00153563 0.00707446 -0.00713533 0.00851629 0.0061309 0.00983746 0.0117097 0.00447855 0.00859698 0.00270549 -0.0018902 0.0103754 0.0129084 0.0134968 0.0149904 0.0090973 0.00818784 0.00944897 0.0156992 0.0155801 0.0165532 0.0144256 0.0150612 0.00949984
internal_weight=189838 145957 50405.5 18721.3 16954.5 95551.6 14295.1 31684.2 5297.56 43881.1 83061.7 8997.57 2659.33 4830.88 36998.3 2763.98 33723.9 30336.7 4166.68 61615.5 2533.59 1836.65 23751.5 1766.84 7932.64 50523.7 36803.6 15375.1 2917.92 12489.9 1420.98 459.759 11475.6 8228.5 1278.35 8376.45 391.028 1248.77 209.042 11091.8 2344.39 6882.79 2107.02 7985.43 2486.49 444.67 7738.75 661.565 21555.7 1109.92 21446.2 17631 19595 305.567 1557.72 3247.11 255.444 297.899 17208.6 2549.74 1642.28 1489.27 2199.57 7213.9 1175.08 3274.39 2041.82 1979.36 810.894 3446.49 119.333 3886.42 13720.1 7257.66 506.041 6462.49 831.274 2051.96 6771.77 980.454 2419.42 20445.8 4885.6 4111.66 512.534 1792.26 683.841 8780.91 4114.04 6950.15 3761.54 853.157 130.316 688.615 729.092 498.286 220.209 19289.5 10417.1 4056.24 643.997 440.045 153.006 14658.8 343.858 63.742 4099 188.676 1775.42 7035.55 1517.75 12993.3 11724.8 1436.73 6785.46 5012.91 18244.8 129.716 510.018 138.997 101.806 6588.72 3387.22 980.199 16632.5 230.806 13141.1 3899.47 124.065 7452.49 1295.27 696.938 380.573 1282.24 3208.04 255.994 3863.43 893.443 3279 2372.06 3592.99 2369.09 1201.51 187.484 10831.3 3188.61 89.7092 1612.29 12056.5 1535.63 1061.66 773.937 291.839 9356.36 1346.32 120.982 2768.75 120.287 84.2017 440.95 3608.67 914.094 757.35 567.827 9043.4 5979.64 2358.64 2009.81 193.889 6428.57 1084.54 345.859 1039.73 808.287 80.7339 3141.57 295.111 223.648 8010.04 95.856 1813.68 1723.34 5924.04 413.225 118.561 2555.35 1044.62 404.322 775.847 2501.58 5347.53 4776.23 703.789 1206.26 1077.11 794.094 132.918 156.743 3321.49 259.6 7533.69 597.039 1535.78 481.409 2699.7 562.81 576.514 71.4631 1461.15 231.438 550.217 392.752 3078.76 1198.87 185.852 1879.89 218.179 155.977 473.972 3934.9 432.228 1523.73 2248.8 1794.71 591.089 3815.26 1268.58 1075 757.895 718.105 204.19
internal_count=621153 487499 177312 71233 65714 310187 56994 106079 19662 133654 272413 37332 8720 19124 114198 10960 104961 95188 18208 204659 8702 6050 81104 5519 24975 168953 124143 53422 12384 37774 4262 1163 40454 29475 5056 27682 1111 5824 860 35706 9923 19456 9168 26571 9201 1813 24527 2462 68658 3819 67754 56121 64933 871 5758 10979 738 1317 59210 9163 6767 6235 7557 22380 3588 9237 7388 6693 3216 9911 558 12549 44810 23292 1972 21518 2661 8989 21737 3739 8776 64839 15965 13288 1816 6150 2787 26530 11293 24419 13507 2403 387 2532 1995 1282 864 64062 33741 13435 2488 1737 532 50047 896 222 14022 672 6288 22271 5382 41701 37833 5236 20741 15521 60422 539 1880 493 321 21073 9773 3280 54870 713 44665 12968 408 23138 4194 2652 1377 4270 10805 1141 12390 3045 9878 7327 9717 8118 3956 768 34788 10912 302 5552 41156 5426 3845 2677 1207 30496 4576 522 8163 459 279 1092 11766 3203 2705 1859 27863 18664 7061 6125 448 21368 3509 1257 4964 3928 314 10589 1043 759 25920 361 6184 5840 19098 990 340 7526 3640 1345 2385 7394 17346 15613 2132 5202 4699 3359 426 498 11770 693 24419 2078 5416 1746 8022 1761 1752 284 5145 1036 1890 1390 10416 3957 670 6459 811 629 1581 12502 1373 4736 7659 6187 1995 11633 3868 3231 2379 2234 685
is_linear=0
shrinkage=0.0136102


Tree=10
num_leaves=232
num_cat=0
split_feature=13 12 8 13 8 8 16 5 7 6 14 8 5 24 24 5 16 14 16 24 15 24 15 8 15 15 13 7 12 7 12 15 13 8 6 6 22 5 1 23 16 13 1 14 3 13 1 15 1 13 12 14 3 7 24 7 16 6 1 23 16 16 24 13 16 24 8 16 13 3 13 24 3 3 5 1 8 8 23 15 6 1 7 8 24 23 23 12 5 16 1 13 14 6 3 3 12 12 12 6 12 12 7 13 1 24 14 24 1 16 16 6 22 12 1 1 1 6 8 14 23 14 5 3 3 3 13 24 1 6 5 7 1 1 9 3 16 7 8 14 1 24 16 1 5 5 7 15 9 8 1 6 8 14 6 8 16 24 9 6 9 12 12 16 3 1 3 16 14 6 1 1 1 7 5 15 3 8 15 23 16 23 6 12 12 24 1 1 16 14 16 23 1 16 7 14 5 15 9 8 15 1 15 7 1 1 7 24 13 5 3 6 16 8 13 8 3 15 7 8 12 23 15 7 5 12 14 16 7 16 24
split_gain=3653.4 2968.31 2856.14 2235.99 2499.33 1173.19 787.7 942.805 656.246 646.276 572.693 541.007 522.615 467.696 437.892 392.037 384.836 335.437 276.835 266.504 288.617 258.963 257.608 242.213 228.898 228.1 272.882 213.942 195.742 193.098 181.061 178.16 164.067 153.766 153.187 145.104 139.904 136.009 129.727 127.036 123.988 119.452 205.253 122.226 118.087 156.83 136.415 117.921 109.731 108.326 106.696 104.715 102.802 138.404 132.882 102.716 250.494 94.9992 88.4301 83.4871 90.2185 83.814 83.4854 83.1893 99.6308 82.6274 81.3828 107.13 126.824 79.8557 78.6592 90.9708 78.1273 77.9579 75.5981 74.9992 73.8733 72.9717 72.867 72.5844 72.3326 71.277 74.3433 68.6972 67.9269 66.813 66.2281 65.0647 64.6655 63.1744 62.2716 76.6031 59.6771 58.1987 58.3583 57.7796 56.1183 54.2775 53.4055 99.9744 53.1106 57.8887 52.716 52.5346 52.2353 51.4618 51.2321 51.1988 58.4615 57.8929 54.6568 50.9526 50.8852 50.6704 48.4604 60.8436 48.3283 67.0137 58.682 51.2908 47.5915 47.5246 46.6731 46.6595 45.9285 44.5743 44.22 43.9771 43.3316 43.036 42.9452 49.5677 45.1721 42.5906 42.321 41.165 41.0773 48.0301 40.668 40.5992 40.0807 39.0102 49.1065 49.1669 61.9107 38.5617 50.7362 50.504 48.9931 44.5376 38.5608 37.789 37.6464 37.4308 37.4273 37.3604 37.26 50.9414 96.8788 46.2758 40.2855 37.0769 36.9016 35.9986 35.9136 35.8351 35.832 35.6433 35.4596 35.1087 34.4187 37.5931 34.3597 34.3177 34.1084 33.5604 33.4538 33.396 32.9968 32.9071 36.5696 32.8796 32.4474 53.7086 31.9004 42.2876 36.9364 38.0668 35.7097 31.6841 31.5947 37.987 32.685 31.5767 30.7908 30.239 29.9081 28.9754 42.1554 47.7159 38.9459 28.5371 34.6415 33.0334 29.0782 28.4623 28.3837 28.3056 27.8237 27.7624 27.6165 27.2791 26.8025 26.392 26.3444 26.2483 28.7541 26.0272 25.9004 25.8447 25.7885 25.7134 28.3162 25.4045 26.9773 25.331 25.1111 24.9305 24.4705 24.1576 24.0075
threshold=0.63795500993728649 -0.095894999802112565 0.016686211340129379 0.19964500516653064 -0.01702147256582975 -0.042776694521307938 1.0230500102043154 3.8692890405654912 88.343807220458999 0.35747209191322332 0.99994999170303356 -0.057565769180655472 -4.3352758884429923 0.023145000450313095 0.1550950035452843 -2.3135877847671504 0.97694998979568493 0.99994999170303356 1.0847499966621401 0.095535002648830428 1.078049957752228 -0.03062499966472387 1.0000500082969668 -0.077631752938032136 0.99954998493194591 1.0550499558448794 0.21791500598192218 74.44699859619142 -0.31566500663757319 32.879909515380866 -0.03605500049889087 0.99985000491142284 0.10338500142097475 0.022667963057756427 0.1373744532465935 0.58474585413932811 8.1448497772216815 6.7566628456115732 0.10565023124217988 -57.645000457763665 1.0083499550819399 0.13058499991893771 0.78170025348663341 6.2627501487731942 1.1566600799560549 0.321714997291565 0.17918247729539874 0.98524999618530285 0.97479087114334118 0.041154999285936363 -0.035049999132752412 0.72075000405311596 1.1738831996917727 25.536642074584964 0.10297499969601633 61.483547210693366 1.0115500092506411 0.048882329836487777 0.25063593685626989 68.49499893188478 1.0379499793052676 1.1743499636650088 0.090704999864101424 0.36552500724792486 0.95585000514984142 0.56103000044822704 0.023170136846601967 1.0077499747276308 0.11885999888181688 1.0588721632957461 0.035305000841617591 0.064034998416900649 2.718320488929749 4.9997489452362069 1.1108099818229678 0.047134475782513625 -0.019969684071838852 0.11157948896288873 64.814998626708999 0.99954998493194591 -0.026767038740217682 0.21020283550024035 79.469467163085952 -0.084883429110050188 0.0086650000885128992 50.305000305175788 -40.17499923706054 -0.01519499998539686 -0.71342268586158741 1.1215500235557558 0.0095802913419902342 0.079015001654624953 0.99594998359680187 0.035064041614532478 1.2188555002212527 1.2680750489234927 -0.1086049973964691 -0.017184999771416184 -0.012054999824613331 0.19511162489652636 -0.034044999629259103 -0.05845499970018863 18.67131328582764 0.40315499901771551 0.13695954531431201 -0.0080650001764297468 0.0057500000111758718 0.013714999891817571 0.85158267617225658 1.0301499962806704 1.0115500092506411 0.22291797399520877 4.8826498985290536 -0.03605500049889087 0.14018642157316211 -0.29038423299789423 -0.09765834733843802 0.061129601672291763 0.01010163687169552 0.43475000560283666 45.645000457763679 0.8249499797821046 -5.8262217044830313 0.95629000663757335 1.1089914441108706 1.0517596006393435 0.090295001864433302 -0.034345000982284539 0.15055096894502643 -0.015494504477828739 11.679283142089846 76.007064819335952 0.027594218030571941 0.047134475782513625 2.5000000000000004 2.718320488929749 1.0603500008583071 13.762453556060793 0.055153632536530502 0.77034997940063488 0.69095873832702648 -0.075965002179145799 0.99695000052452099 0.24603364616632464 -3.5668997764587398 -2.7853826284408565 54.726364135742195 1.0055499672889712 5.5000000000000009 -0.018446717411279675 0.17918247729539874 0.1987981125712395 0.011897266842424871 0.99594998359680187 0.095535557717084899 0.042695714160799987 1.0520499944686892 0.16924499720335009 4.5000000000000009 -0.24291298538446424 1.5000000000000002 -0.10329499840736388 -0.02933500055223703 0.97984999418258678 0.60438534617424022 0.047134475782513625 0.92442208528518688 1.0467500090599062 0.88115000724792492 -0.0120163531973958 0.17918247729539874 0.45536495745182043 0.22587570548057559 64.86828994750978 -0.36100426316261286 0.99985000491142284 1.3137421607971194 0.056319465860724456 0.9507499933242799 48.795000076293952 1.0034499764442446 63.815000534057624 0.03745051100850106 -0.061455000191926949 -0.0018750000162981448 -0.0019650000613182779 0.24603364616632464 -0.03400152921676635 1.1870500445365908 0.42184999585151678 1.0737499594688418 54.805000305175788 0.22972898185253146 1.0254500508308413 69.978591918945327 0.1438500061631203 6.5642578601837167 0.98385000228881847 1.0000000180025095e-35 0.070593811571598067 1.0085499882698061 0.033413039520382888 0.95534998178482067 36.409126281738288 0.1908499822020531 0.37832142412662512 69.677169799804702 -0.078194998204708085 0.62169000506401073 -5.2204642295837393 0.20572208613157275 0.023797219619154934 1.1041499972343447 0.050011808052659042 0.27119499444961553 0.061496041715145118 0.44803065061569219 0.99825000762939464 91.498672485351577 -0.038070319220423691 -0.050185000523924821 58.625000000000007 0.97785001993179332 78.649131774902358 -15.726292133331297 -0.27790500223636622 1.0268500447273257 0.88795000314712536 39.113178253173835 1.0578500032424929 0.12288999930024148
decision_type=2 2 2 2 2 2 2 2 2 2 2 2 2 2 2 2 2 2 2 2 2 2 2 2 2 2 2 2 2 2 2 2 2 2 2 2 2 2 2 2 2 2 2 2 2 2 2 2 2 2 2 2 2 2 2 2 2 2 2 2 2 2 2 2 2 2 2 2 2 2 2 2 2 2 2 2 2 2 2 2 2 2 2 2 2 2 2 2 2 2 2 2 2 2 2 2 2 2 2 2 2 2 2 2 2 2 2 2 2 2 2 2 2 2 2 2 2 2 2 2 2 2 2 2 2 2 2 2 2 2 2 2 2 2 2 2 2 2 2 2 2 2 2 2 2 2 2 2 2 2 2 2 2 2 2 2 2 2 2 2 2 2 2 2 2 2 2 2 2 2 2 2 2 2 2 2 2 2 2 2 2 2 2 2 2 2 2 2 2 2 2 2 2 2 2 2 2 2 2 2 2 2 2 2 2 2 2 2 2 2 2 2 2 2 2 2 2 2 2 2 2 2 2 2 2 2 2 2 2 2 2
left_child=1 5 3 4 21 23 7 12 25 11 32 83 40 37 18 27 50 104 28 20 59 201 31 65 -19 26 66 182 49 47 34 165 167 93 62 72 63 75 -33 -37 70 42 52 86 45 46 87 76 51 102 74 -39 55 54 -54 96 -57 81 122 61 111 95 136 64 79 153 141 129 105 -41 175 -72 85 78 -14 127 168 126 155 88 161 82 -17 -2 -71 -11 103 -32 -16 -87 178 -92 -35 94 -10 113 -30 -34 99 170 101 -93 -7 154 -18 -69 -66 109 110 196 -109 172 156 228 115 -88 117 118 119 -51 -97 -104 -42 212 -49 -60 -27 -9 223 -68 131 132 -47 -52 225 210 137 -5 -120 -77 -111 163 -143 -144 -145 146 148 149 -108 -147 -24 194 -59 -1 -43 -20 157 159 160 -25 -159 -44 -70 -4 -136 -15 -29 -8 -23 -81 207 -172 -61 -139 -89 -6 -175 195 -31 180 -123 -116 183 -12 186 -186 187 -128 229 -188 191 219 -192 -165 -36 -65 -48 -118 199 -199 -200 202 -3 -203 -205 -113 -148 213 -134 -197 -22 -64 214 -28 -100 216 -131 -90 -94 -153 -126 -138 -223 224 -80 -21 -164 -55 -13 -187 -85
right_child=9 2 8 30 6 14 10 13 33 35 15 19 16 22 36 57 17 24 73 134 135 29 150 112 -26 77 98 166 41 90 44 38 97 92 151 39 -38 48 -40 69 58 43 80 -45 -46 130 107 124 -50 116 133 -53 53 227 -56 56 -58 152 125 60 -62 -63 211 177 106 -67 67 68 162 84 71 -73 -74 -75 -76 139 -78 -79 128 169 -82 -83 -84 230 -86 89 114 174 217 -91 91 100 218 -95 -96 120 -98 -99 123 -101 -102 -103 121 -105 -106 -107 145 108 -110 140 -112 205 -114 -115 181 -117 197 -119 138 -121 -122 179 -124 -125 220 -127 184 -129 -130 215 -132 -133 208 -135 164 -137 221 173 -140 -141 -142 142 143 144 -146 147 206 -149 -150 -151 -152 190 -154 -155 -156 -157 -158 158 -160 -161 -162 -163 226 193 -166 -167 -168 -169 -170 -171 171 -173 -174 176 -176 -177 -178 -179 -180 -181 -182 -183 -184 -185 185 188 189 -189 -190 -191 192 -193 -194 -195 -196 209 -198 198 200 -201 -202 203 -204 204 -206 -207 -208 -209 -210 -211 -212 -213 -214 -215 -216 -217 -218 -219 -220 -221 -222 222 -224 -225 -226 -227 -228 -229 -230 -231 -232
leaf_value=0.015433054666522278 0.021252503616480654 -0.0023284987717956487 0.011870159184152363 -0.0070662785640578409 -0.01011322586446709 -0.0032494114760689028 -0.012604818516234391 0.010742861291426705 -0.0066431211767251416 0.017674381528476068 0.0026739164774223011 0.010453790636420615 0.002830638282296715 0.01279513637439165 0.013710181071418616 0.013771735576400075 -0.0097307659167400681 -0.0097307659167400681 0.013053178544721581 0.017607974576158012 0.0020980350825068046 0.014583738159706896 0.0038240287481740862 0.016244727388125629 -0.0023328688186795049 0.028517838976398053 0.015246452626586329 0.013281425721913799 0.0083846363518677424 0.014211723741746517 0.010558393971703713 0.0056510434884784579 0.0026739164774223011 0.015273647088941307 0.012103015795042133 0.024585882047590088 0.016947530297599007 -0.0027411356821385614 0.026979298254231388 0.015845677523635766 -0.0026014006322150176 0.01047049430542318 0.028061572778230223 0.018049604230531133 0.010981450516993367 0.0015063266824406635 -0.0095925871767829334 0 -0.015524099566689062 0.0080850865099633094 0.0062699375651753065 0.008602161009062215 0.0086484627542833519 0.015324142439964161 0.024664023473778527 -0.005608882712683322 0.0086484627542833519 0.018044237429878575 0.0083757425168695769 -0.014893756237153706 0.010453790636420615 0.01660638266514522 0.0044549459591610822 0.00017650569323472589 0.00087524720146244818 0.022461823332085195 0 0.029110872955317661 0.011992730177514366 0.023692013966080418 0.00043100647705230277 0.0092814179341928101 0.021228160745599071 0.02011983134678931 0.012696883623881475 -0.01472302708248259 0.015320427515398957 0.017825904250559368 0.0031790053317355227 0.016427706720445343 0.0036007057717437519 0.0026739164774223011 0.0026739164774223011 0.015311429040643676 0.015845677523635766 0.012727388921988074 0.0058301960730097607 0.0068657546974209682 0.010359603028674218 0.01650512933069859 0.027005997193942709 0.013673517208544272 0.019633769985358426 0.019287420729816582 0.013981199410753046 0.015880036016900769 0.0040672795280069646 -0.005467696001208576 0.0087693841622388975 0.014434303007809915 0.022511572383975418 0.0004205385653189868 0.0050939896638413223 0.013746580607709462 -0.012656019434795865 0.013480934010330552 0.014129318582518062 0.0091872460206137568 -0.01384134565132423 -0.0017499224564052403 -0.0025506374989235614 0.010453790636420615 0.016244727388125629 0.010453790636420615 0.0090775168122336925 0.01047049430542318 0.01043048243941346 0 0.0096360077005678557 0.013408004650620748 0.012423363343127295 0.01041655757553784 0.011849771632249546 0.0087693841622388975 0.0063301082556279529 0.021725620618931015 0.008588280879834943 -0.003453464980396879 0.0073209774511541759 0.00099728255986064325 0.0030535275293012789 -0.00039674091288578246 0.01071161535582231 -0.0096191524077894851 0.015137091028872169 0.020098048246395592 0.012489664374864042 0.0085177442892591052 0.012607520151747964 -0.0038197655559928309 0.010981450516993367 0.018954211954594905 0.012919496011555769 0.019429828519255267 -0.00018455832535486708 0.011735710065339196 0.010173782335937125 0.011846349684120622 0.0097878339439323604 0.0080040174816471583 -0.010917607782476966 0.0035440447248395964 0.0026739164774223011 0.018124877643587119 0.016071677750310431 0.016381371737879572 0.016244727388125629 0.013368885068981802 0.009698077544549398 0.011620104002921966 0.016244727388125629 0.011047197902566568 0.012915920324769851 -0.0083924193114813701 0.018677218552208739 0 0.030495130725295413 0.00200588019969738 0.030586603325975278 0.0091196675140110643 0.0066097880105370176 0.010324146740591917 0.00021395766541390613 0 -0.0067417397228537648 0.0016926937163709269 0.013229013123775566 0.016947530297599007 0 0.0050939896638413223 0.022522456349610198 0.0051576956070152336 0.0026739164774223011 0.01851357358867637 0.015970183686301195 0.011646115268027118 0.0034690556007479357 0.015766333711203822 0.016691190631281067 0.012097319762118652 0.021824726684975596 0.0035440447248395964 0.011661096957938112 0.0083890841940744299 0 0.015624329244953035 0 0.018683107015037764 0.015624935157354889 0.00536334522383735 0.01156700412695414 -0.0091109041793031656 0.01171701684979942 -0.0014218973146155429 0.014186657879412118 0.0010494591165402848 0.00087524720146244818 0.0096172005529519215 0 0.012717614939527007 0.015947859910533137 0.01620891728629726 0.0087693841622388975 0.0057626649882482521 0.00037551705034413139 0 0.014355552739125621 0 0.031259699289935543 0.017073465547541015 0.024966417990316951 -0.0033743888328272979 0.0087349749536934085 0.00699771138487062 0.012976083358190045 0.014136551009793396 0.022385393613166729 0.0089284644055748347 0.012387496959138844 0.0025320307005748215 0.019077390922109329
leaf_weight=2630.2669877409935 1649.559691131115 34.111341327428818 51.24879464507103 31.779472410678864 140.0195479542017 68.8330237865448 214.47162924706936 89.751205965876579 41.498028188943863 3646.82415561378 30.021012768149376 638.69489972293377 448.00166246294975 82.089516967535019 2906.8309823274612 216.77365809679031 974.91583481431007 979.81776162981987 2512.0440213084221 671.93690691888332 35.41909559071064 50.926622673869133 69.817544788122177 429.26420645415783 3793.1580862700939 38.45397612452507 392.90777803957462 44.61987791955471 7437.9852024465799 40.142648264765739 340.16483749449253 70.859149903059006 388.14070156216621 92.893896028399467 1779.3504286706448 977.0757814347744 1502.8087555766106 182.12097872793674 360.80146992206573 1324.4203949719667 115.03760160505772 2915.7190277576447 151.33971109986305 384.40002363920212 903.56660096347332 132.00045597553253 271.36467199027538 42.113572478294373 39.832348883152008 442.65917503833771 34.369899779558182 714.8336198925972 187.75087442994118 144.5263144671917 237.06078737974167 357.3770244717598 483.77535779774189 154.62835469841957 115.71379572153091 38.977559447288513 1783.1886884868145 933.66332909464836 55.71441462635994 36.191493928432465 96.645745486021042 627.69601656496525 58.505793124437332 271.2490209043026 378.76122902333736 779.59741087257862 910.47593905031681 282.00187350809574 748.02359600365162 323.78110982477665 221.60911965370178 82.187182068824768 116.28089347481728 1037.5916288495064 68.833387419581413 1770.4806174635887 43.812882408499718 240.74277079105377 82.152255341410637 1104.7069886177778 372.50163245201111 1730.5885171443224 605.57227027416229 55.933651477098465 1545.0768167972565 2214.951880261302 101.17746537923813 205.7116601318121 95.074336633086205 131.56663118302822 49.289014726877213 1486.1787769794464 657.88006137311459 144.41287437081337 52.438153550028801 845.13282373547554 86.902375891804695 95.562702372670174 524.75689409673214 1656.3348118960857 1331.7782407850027 72.147810995578766 2743.662123337388 177.56617094576359 30.960434198379517 119.24581156671047 113.20734970271587 51.067946374416351 1758.0345867574215 2463.0595193654299 6546.5517813265324 13746.265033692122 661.01617795228958 98.413840636610985 3552.5948483794928 3629.6526062041521 2285.5158162266016 591.3534043431282 57.106623366475105 1042.7989433556795 37.958534419536591 111.45480087399483 199.05115473270416 62.057577282190323 563.88827602565289 39.746658310294151 312.69629544019699 91.442009925842285 1217.483553096652 126.59768018126488 1351.6028440892696 743.9333431571722 856.7080902159214 5826.0496120154858 1396.8741647154093 331.1182460039854 40.576033473014832 161.49177202582359 315.2745953053236 31.783869236707687 145.68664856255054 985.57345081865788 1143.2506048232317 3134.0452868789434 730.7104643881321 2101.2413357794285 51.998040556907654 37.314734622836113 43.588887721300125 2637.5347477644682 259.61953970789909 1188.1550413966179 846.00078001618385 1347.8501533567905 714.45188653469086 4285.6035513579845 1554.4087985008955 48.387812927365303 137.99755248427391 51.901088789105415 1654.1893099695444 86.705966055393219 301.49540050327778 29.2913698554039 473.7990564852953 179.36662609875202 1607.8056033104658 881.962551638484 63.497917339205742 168.96329878270626 72.570044964551926 55.028554081916809 38.688805237412453 496.97564014792442 86.949281081557274 51.030764684081078 58.328633144497871 496.64820289611816 44.965398743748665 80.222807824611664 148.27782179415226 73.330784991383553 110.77138531208038 1544.1610960960388 57.918999701738358 638.98554989695549 269.5412744730711 87.634713336825371 126.14148876070976 27.039722383022308 40.427658557891846 1390.1641489863396 66.937737837433815 599.8233425617218 858.58862212300301 68.772595122456551 1503.6393071264029 40.720301285386086 144.78356915712357 41.49764059484005 33.594914183020592 94.281877607107162 53.818770512938499 2374.6158670186996 49.971752405166626 2133.8037886172533 1844.2043417394161 398.47288680076599 142.90449556708336 89.054436042904854 372.23795263469219 31.166732639074326 451.57032173871994 44.21387030184269 446.40448601543903 188.74298343062401 36.822950646281242 34.077039018273354 244.14353258907795 224.30489328503609 1584.4834199398756 3566.8931540101767 216.80147023499012 2557.092615544796 11082.621360704303 252.51365953683853 915.4135195016861
leaf_count=7894 4404 138 166 133 634 277 1002 312 175 10465 123 2146 1719 270 9092 714 4347 4475 7977 1947 125 150 262 1280 15948 85 1223 140 25676 121 1148 247 1428 280 5759 2455 4443 753 905 3923 470 9747 363 1124 2997 493 1197 161 193 1524 128 2561 647 443 609 1498 1658 464 413 184 5887 2768 199 133 360 1636 222 645 1223 1994 3617 989 2004 901 737 399 349 2981 247 5308 160 991 329 3314 1080 5429 2149 200 5076 6541 248 647 252 375 150 4465 2450 620 174 2626 237 358 1876 5221 6340 223 8555 610 146 473 452 154 5243 8164 22201 45816 2176 371 11902 11537 7289 1954 192 3552 127 315 665 268 1937 147 1150 358 4072 575 4089 2045 2766 20000 4471 1406 128 478 1010 88 556 3173 3766 10079 2416 7176 240 132 162 7519 788 3573 2521 4189 2341 13829 4548 159 437 223 4725 343 678 113 1041 596 5635 2943 240 651 314 212 121 1432 329 202 156 1775 177 239 439 232 396 4687 167 2047 736 313 401 90 153 4214 260 1750 2638 237 4879 181 481 166 104 351 202 7992 189 6748 5496 1217 487 311 1429 116 1416 166 953 560 90 137 831 773 5052 10933 584 8728 35374 914 2565
internal_value=0.0116259 0.0105572 0.00765292 0.00519932 0.00164078 0.011872 -0.000243408 -0.0015774 0.0124546 0.0149577 0.00761265 0.0140055 -0.00341339 0.00639984 0.0112004 0.0133418 -0.00491671 -0.00594704 0.0105772 0.0134076 0.0126885 0.0173569 0.0153724 0.0151572 -0.00386773 0.0117509 0.0106385 0.0226207 0.0102472 0.0198473 0.00911122 0.0190175 -0.00150462 0.0240685 0.0100847 0.01773 0.0128085 0.00202509 0.0236651 0.020185 0.00321471 0.0097388 0.00859807 0.0102633 0.00661148 0.00530737 0.0016328 0.0245538 0.00521331 0.0116432 0.0038018 0.00625173 0.00833639 0.0105067 0.0178442 0.00756772 0.00294361 0.0068847 0.00986819 0.0121418 0.00938255 0.012434 0.00909534 0.0125137 0.0120785 0.0174287 0.0146492 0.0164317 0.0190593 0.0183912 0.00124519 0.00258478 0.0166983 0.0132685 0.00621872 -0.00318813 0.0269069 0.0145051 0.0128863 0.0134741 0.0210125 0.00376281 0.00938462 0.0189882 0.0212098 0.0162344 0.0101446 0.00746954 0.0124422 0.0148747 0.0138604 0.0160947 0.0275765 0.013535 0.00425814 0.0122107 0.00804126 0.00267392 0.0093701 0.00996664 0.0128721 0.00967025 0.0077491 0.0116531 -0.0102161 0.0261593 0.0112511 -0.00167688 0.00245425 -0.00442408 0.00451028 0.00146487 0.0139223 0.0117775 0.00979963 0.0102794 0.0120306 0.0114452 0.011567 0.0128489 0.0138134 0.00840948 0.00214116 0.00703017 0.0107995 0.0153938 0.0133428 0.00474682 0.0109302 0.0113834 0.00789957 0.00887663 0.00951084 -0.00590316 0.0157296 0.0170047 0.0087137 0.00822793 0.0104935 -0.00621953 0.00209236 0.0107584 0.0121359 0.00966916 0.00349608 0.011339 0.0123578 0.0105592 0.0132417 0.00922388 -0.00231058 0.0130417 0.0149134 0.0168028 0.0105306 0.0141513 0.0134653 0.0131404 0.0144558 0.01211 0.0155963 0.0244706 0.0155422 0.00336141 0.0171237 0.00659379 0.0285896 -0.010681 0.0292466 0.0157986 0.00924134 0.00795798 -0.00553491 0.00832038 -0.000481579 -0.00661551 0.00252868 0.0143586 0.00469375 0.0107868 0.011712 0.00881032 0.00862785 0.0126801 0.0130947 0.00961666 0.0138021 0.014994 0.0069015 0.0109045 0.0159821 0.0120195 0.0188526 -0.00201558 0.0118368 0.0137665 -0.00760826 0.0134503 0.0140792 0.0174181 0.0130858 0.00548385 0.00882579 0 0.0054552 0.00668899 0.00971888 0.0103315 0.0103043 0.0138941 0.015714 0.0149131 0.00372017 0.0136467 0.00184011 0.0126134 0.0133756 0.0100657 0.0294703 0.0149964 0.0169102 0.0112317 0.00707816 0.0119726 0.0126024 0.0147144 0.0190219 0.00931038 0.0121959 0.00483601 0.0170764
internal_weight=190556 144303 44987.3 29785.3 15605.8 99315.9 13936.8 11921.3 15202 46252.6 2015.53 34458.6 9697.09 2224.17 82484.8 1239.21 7910.25 7079.67 59489.9 30788.9 23544.3 1669.06 722.272 16831.1 4772.98 14345.3 10244.2 501.324 53024.4 1374.35 14179.4 600.456 776.317 856.726 10183.8 11794 22994.9 1501.9 431.661 3453.6 1786.84 38918.1 12307 26611.1 3995.69 3092.12 1288.53 757.902 936.787 14106.3 830.578 896.955 12063.4 3126.43 424.812 8937.02 841.152 737.886 399.313 20920.7 2031.01 18889.7 7654.6 21492.1 17434.9 5895.5 2442.37 1657.95 1076.96 2476.52 1387.53 1192.48 8340.39 6465.49 669.611 565.114 641.007 4101.06 6141.71 6445.97 243.54 539.669 298.926 3669.68 1152.1 7592.36 26226.7 468.669 4496.12 3945.54 616.446 489.354 634.373 222.354 90.787 17956.1 8095.87 532.554 7801.86 6191.48 388.177 301.274 1294.3 4831.67 2306.69 343.397 10988.9 819.858 321.734 498.124 290.774 247.825 10935.6 14184.4 21395 14351.8 12812 9120.19 9021.78 4072.31 3771.69 1225.47 172.144 1610.38 116.895 227.169 3063.46 151.809 2441.51 580.99 1803.59 1490.9 1399.46 160.968 7244.62 2623.56 7200.41 6065.48 4949.47 413.305 159.822 784.426 654.237 492.745 177.471 10892.3 4671.44 6220.86 3474.37 3086.81 121.816 2529.15 198.217 5267.8 3175.34 3700.2 9177.58 8331.58 3616.71 4714.87 2902.26 199.728 733.56 130.19 3005.79 168.795 346.115 243.763 524.726 1949.85 5346.35 2489.77 102.475 6033.7 128.504 195.048 207.652 4057.14 127.092 700.713 649.682 7043.2 155.209 110.244 3025.01 532.041 2492.97 1743.21 383.763 749.757 709.375 313.692 395.683 78.9408 1819.78 3560.16 338.302 3691.84 3030.82 668.596 2362.23 294.708 178.895 115.813 75.0926 145.35 1197.07 2856.58 1267.46 3523.97 1879.62 454.187 567.581 481.962 424.676 522.484 491.317 1589.29 541.479 226.058 74.7815 1134.93 278.221 1877.62 1653.32 4238.83 354.799 2701.62 11721.3 325.844 2020.12
internal_count=620581 480025 158468 109674 61378 321557 56450 49270 48794 140556 7180 106665 41111 8159 270557 4017 34269 31110 197622 96382 74688 4928 2267 51000 20423 46609 33996 1357 177162 3858 48296 1765 3163 2185 34109 33891 72935 5892 1152 9452 6842 131212 42391 88821 14187 11190 4928 1918 3507 45950 3159 3314 41709 10427 1256 31282 3156 2660 1390 67022 6816 60206 26055 68492 55965 17049 7624 5013 3112 6997 5452 4606 24439 20460 2456 2385 1540 12613 19559 20238 682 2034 1043 10283 3074 22435 87697 1662 14334 11970 1940 1490 1485 700 325 57438 28126 2048 26372 20730 1242 1005 4465 15756 10687 868 35727 3266 1208 2058 1062 929 33951 45684 71941 47965 41485 29805 29434 13061 11754 4188 662 5642 378 728 9632 580 8009 1901 6262 5112 4754 703 21694 7666 24639 20905 16373 1805 601 2611 2132 1654 644 35367 14939 20428 10971 10349 502 8054 626 15413 10535 11550 28708 26187 11078 15109 8737 522 2244 479 8814 613 818 1115 1191 5904 18104 8578 424 20772 514 846 772 12527 450 2312 2110 23976 539 362 9547 1752 7795 5352 1313 2443 2142 1005 1137 313 5912 11095 1457 11680 9504 1987 7517 1070 619 451 270 505 3968 9526 4261 10962 5621 1416 2090 1534 1603 1679 1563 5242 1205 692 217 3734 968 6072 5299 12880 1021 9171 37520 1146 5879
is_linear=0
shrinkage=0.0136102


Tree=11
num_leaves=232
num_cat=0
split_feature=0 13 12 8 8 13 0 0 6 12 14 5 17 5 6 8 24 13 12 0 6 8 0 16 10 6 2 16 16 8 17 23 5 22 24 12 13 8 24 14 24 17 14 12 5 12 14 12 24 12 5 5 6 13 3 13 17 2 0 16 2 24 17 12 13 24 2 24 3 10 13 12 6 5 17 8 2 5 16 0 0 8 3 8 9 13 6 8 12 5 24 13 0 8 17 0 12 3 23 5 14 16 0 5 6 17 17 17 13 8 12 13 16 12 2 16 2 8 8 0 23 2 13 13 12 24 23 22 13 24 22 8 23 8 13 3 13 14 9 2 24 24 2 13 12 23 6 14 3 13 24 17 22 22 16 2 2 17 23 17 17 6 13 13 12 2 3 14 10 3 2 13 12 12 16 24 13 0 16 2 16 5 5 8 13 13 6 16 6 16 16 23 8 24 2 12 6 23 24 8 5 2 5 16 16 17 2 23 14 16 2 24 17 13 13 6 6 12 8 2 12 12 8 8 23 17 5 5 14 24 23
split_gain=5459.55 3708.67 5546.87 1622.53 1160.42 1095.58 885.904 717.959 527.905 508.772 399.573 383.064 376.832 331.58 297.97 275.998 267.68 316.581 355.933 372.18 248.79 208.791 196.922 224.298 177.542 175.497 173.179 165.642 177.6 165.594 240.129 156.823 152.846 142.138 141.666 131.363 126.533 121.485 116.821 115.24 138.71 125.928 113.845 107.147 105.95 105.413 104.433 104.132 103.867 103.503 216.586 104.372 103.114 101.036 100.324 94.0551 93.1114 92.7909 86.8405 127.402 85.3507 85.187 84.034 82.8879 86.6491 80.597 80.0016 78.8833 77.897 77.4463 76.7048 75.8322 75.6169 73.5035 73.0881 70.5939 70.3321 70.0046 69.3547 69.2734 69.0585 68.4164 68.1735 67.6846 101.331 74.8744 66.6504 66.0381 64.864 72.7075 63.4803 63.3968 62.8549 61.8481 98.5908 59.6797 57.0408 56.6007 79.9639 56.4211 55.472 55.0655 54.8277 60.4478 54.698 54.2287 53.6341 57.2692 51.5671 50.3373 63.0737 50.0456 50.0396 50.3417 49.5662 48.6173 48.4523 47.0673 46.2691 46.2603 46.0892 46.0188 45.9521 45.9194 45.7271 45.5625 45.4823 45.167 45.068 44.7535 48.6922 44.7264 44.3124 44.092 43.8706 43.7433 43.5554 43.2231 43.0552 54.3401 48.2386 42.7631 42.0857 41.9095 41.7304 40.887 40.7394 40.649 40.617 40.5267 44.5056 40.4497 40.0206 39.817 48.3807 39.6685 39.5004 55.8854 55.9528 39.2459 64.3054 38.5089 38.4365 38.3073 37.9875 38.301 37.9855 37.4595 37.198 46.4226 36.9492 36.5303 35.5106 48.3741 35.4643 34.6931 34.6576 52.1342 34.47 36.3305 34.2525 34.2116 46.5301 34.1528 34.0847 34.347 33.7529 33.0047 48.4325 47.7984 32.6433 32.3614 32.198 31.3428 31.336 31.1 31.0099 90.1487 37.0554 34.3233 30.6911 30.4794 30.4662 29.7272 29.572 29.542 29.3616 37.7508 29.002 28.4346 28.3588 28.2849 28.2469 28.22 27.9992 27.9845 36.6271 36.3486 27.8395 27.3096 27.2413 27.09 27.0166 26.9663 26.947 34.9563 26.6618 26.5828 26.4516 26.331 26.2757
threshold=0.57941213250160228 0.17691499739885333 -0.11265499889850615 0.015415938571095468 -0.014691111631691454 0.72570499777793895 0.3104884028434754 1.1804530024528506 -0.099895443767309175 -0.071215000003576265 0.97495001554489147 6.3708720207214364 1.0356499552726748 -4.3352758884429923 0.35747209191322332 -0.069455780088901506 -0.049765000119805329 0.16999500244855884 -0.20849499851465222 0.69709619879722606 0.082775551825761809 -0.041758067905902856 0.40958213806152349 0.98675000667572033 8.5000000000000018 0.03745051100850106 0.79449346661567699 1.029249966144562 0.9662500023841859 -1.0000000180025095e-35 1.0008500218391421 40.914999008178718 -16.987694740295407 19.09584999084473 -0.19681500643491742 -0.047164998948574059 0.068755000829696669 -0.036225738003849976 0.064034998416900649 0.99994999170303356 -0.018664999864995476 0.99954998493194591 0.99594998359680187 -0.18512500077486035 -4.3352758884429923 -0.092404998838901506 0.67264997959136974 -0.017184999771416184 0.095535002648830428 -0.027445000596344468 6.9602661132812509 -5.4089064598083487 0.1373744532465935 0.12672499567270282 1.4972769021987917 0.80979999899864208 1.078049957752228 0.84600183367729198 0.37026172876358038 0.97385001182556163 0.90928685665130626 -0.078194998204708085 1.1514499783515932 -0.012054999824613331 0.088555000722408309 0.03188499994575978 0.6444971263408662 0.3425350040197373 1.7634878754615786 9.5000000000000018 1.9656950235366824 -0.17077500373125074 0.65522828698158275 -0.2287587374448776 1.0621500015258791 -0.071861837059259401 0.094916861504316344 23.992172241210941 0.99825000762939464 0.88029909133911144 0.1428976655006409 0.016686211340129379 1.4639123082160952 -0.024425173178315159 1.0000000180025095e-35 0.070365000516176238 0.21467874199151996 -0.069455780088901506 -0.064795002341270433 5.5027000904083261 -0.10099500045180319 2.2456699609756474 0.35408119857311254 0.023170136846601967 1.010950028896332 0.0087010478600859659 -0.0723149999976158 1.6142131686210635 58.104999542236335 1.3433857560157778 0.96485000848770153 1.0379499793052676 0.24091257899999621 -3.5668997764587398 0.016522484831511978 0.9848499894142152 0.99355000257492077 0.98645001649856578 1.0113500356674197 -0.01702147256582975 -0.025595000013709065 0.044834999367594726 1.0999500155448916 -0.23674499988555905 0.7075285315513612 0.98995000123977672 0.00792082352563739 -0.01166462618857622 -0.026300881057977673 0.32253520190715795 53.614999771118171 0.051392633467912681 0.090295001864433302 0.24778999388217929 -0.0086250002495944483 -0.018664999864995476 52.215000152587898 7.0995500087738046 0.053934998810291297 -0.0031350000062957402 3.8698999881744389 -0.10174180567264555 67.674999237060561 -0.017485039308667179 0.37796500325202947 1.0451242327690127 0.64710998535156261 0.9045500159263612 2.5000000000000004 0.41513645648956304 -0.13901499658823011 0.090704999864101424 0.24611357599496844 0.18176999688148501 -0.09844499826431273 67.284999847412124 -0.16143336147069928 3.7655000686645512 3.4993951320648198 0.45045499503612524 0.19382499903440478 0.97785001993179332 1.297749996185303 3.473850011825562 1.0343499779701235 0.035643704235553748 0.61555257439613353 1.0153500437736513 76.655002593994155 1.0173500180244448 1.0027499794960024 -0.06266115233302115 0.46114499866962438 0.070365000516176238 -0.023734999820590016 0.65618824958801281 1.0588721632957461 0.70814999938011181 8.5000000000000018 4.4413797855377206 0.41900998353958135 0.17933499813079837 -0.17256500571966168 -0.19461499899625775 0.97224998474121105 0.093194998800754561 0.046755000948905952 0.4856118261814118 1.0166500210762026 0.18647430837154391 1.0053499937057497 -2.908187627792358 -19.157109260559078 0.14282128214836123 0.08084499835968019 0.14095499366521838 0.066881991922855391 0.90465000271797191 -0.087246801704168306 0.9662500023841859 1.0268500447273257 59.694999694824226 0.017092538066208366 -0.30718499422073359 0.61555257439613353 -0.06256499886512755 0.21865307539701465 70.215000152587905 -0.13382499665021894 0.034000607207417495 -4.5078961849212638 0.82217830419540416 -3.8668744564056392 1.0186499953269961 0.94124999642372142 0.98645001649856578 0.23541565239429477 61.704999923706062 3.3546499013900761 0.94725000858306896 0.38733786344528204 0.055475000292062766 1.0040499567985537 0.53149500489234935 0.14521499723196032 0.10550985485315324 0.097466882318258299 -0.0086250002495944483 -0.0097550447098910791 0.20040161162614825 -0.42715500295162195 -0.041085001081228249 0.051964648067951209 0.10641403123736383 89.924999237060561 1.0113499760627749 6.9602661132812509 3.0087412595748906 0.22645000368356707 -0.20382500439882276 59.155000686645515
decision_type=2 2 2 2 2 2 2 2 2 2 2 2 2 2 2 2 2 2 2 2 2 2 2 2 2 2 2 2 2 2 2 2 2 2 2 2 2 2 2 2 2 2 2 2 2 2 2 2 2 2 2 2 2 2 2 2 2 2 2 2 2 2 2 2 2 2 2 2 2 2 2 2 2 2 2 2 2 2 2 2 2 2 2 2 2 2 2 2 2 2 2 2 2 2 2 2 2 2 2 2 2 2 2 2 2 2 2 2 2 2 2 2 2 2 2 2 2 2 2 2 2 2 2 2 2 2 2 2 2 2 2 2 2 2 2 2 2 2 2 2 2 2 2 2 2 2 2 2 2 2 2 2 2 2 2 2 2 2 2 2 2 2 2 2 2 2 2 2 2 2 2 2 2 2 2 2 2 2 2 2 2 2 2 2 2 2 2 2 2 2 2 2 2 2 2 2 2 2 2 2 2 2 2 2 2 2 2 2 2 2 2 2 2 2 2 2 2 2 2 2 2 2 2 2 2 2 2 2 2 2 2
left_child=1 2 8 4 65 9 11 10 34 15 38 13 20 61 21 67 37 18 -18 133 49 -7 23 39 33 35 31 28 163 88 44 131 191 43 53 90 57 -12 55 -8 -41 -42 -30 118 78 115 -46 86 56 145 51 135 141 87 91 75 76 58 59 187 119 -6 -39 64 -29 109 -37 -3 124 -26 147 -61 168 142 -35 -2 108 105 -31 96 215 -73 93 104 122 -86 132 137 176 117 -25 -28 186 94 -47 -55 128 98 99 167 -59 144 125 -104 -67 -13 107 -100 -23 110 184 120 113 206 -52 -5 146 -90 228 -27 201 152 -85 -94 180 -96 -123 -107 -21 130 -32 -9 166 -20 171 -51 -88 -1 139 140 -60 209 -36 -56 -63 153 -113 202 -33 150 203 -136 -118 154 200 -75 -115 158 -158 160 -117 -141 -143 -15 165 221 174 -38 169 -16 -126 -120 173 -140 -22 -161 218 -178 179 -108 -14 182 -87 -133 204 -186 -53 188 -34 -189 -152 -10 -105 230 -139 -134 197 -78 -198 -199 -11 220 -19 -71 -4 -111 213 -208 -58 -45 -168 -159 -147 214 -77 216 -49 -217 -24 -69 -89 -95 -180 -204 -82 -226 -172 -174 -17 -74 -97
right_child=7 5 3 45 6 14 22 26 32 12 16 77 68 27 72 24 17 70 19 79 47 48 29 25 69 60 54 63 42 30 129 148 36 74 73 66 97 62 -40 40 41 -43 -44 52 46 82 -48 80 -50 50 114 92 -54 95 143 -57 208 100 138 71 -62 101 -64 -65 -66 83 -68 219 -70 149 -72 81 229 155 -76 112 196 -79 -80 -81 224 -83 -84 84 85 181 136 111 89 -91 -92 -93 123 164 102 193 -98 -99 106 -101 -102 -103 103 192 -106 127 178 -109 -110 205 -112 116 -114 156 -116 159 121 -119 134 -121 -122 126 -124 -125 170 -127 -128 -129 -130 -131 -132 183 195 -135 151 -137 -138 194 172 161 -142 162 -144 -145 -146 212 -148 -149 -150 -151 190 -153 -154 -155 -156 -157 157 211 -160 175 -162 -163 -164 -165 -166 -167 210 -169 -170 -171 226 -173 227 -175 -176 -177 177 -179 222 -181 -182 -183 -184 -185 185 -187 -188 189 -190 -191 -192 -193 -194 -195 -196 -197 198 199 -200 -201 -202 -203 223 -205 -206 -207 207 -209 -210 -211 -212 -213 -214 -215 -216 217 -218 -219 -220 -221 -222 -223 -224 -225 225 -227 -228 -229 -230 -231 -232
leaf_value=0.0099577446807701028 0.013678304642549679 0.015193577495173633 0.0079041568718798572 -0.0016846623659785931 0.010831409438497417 0.017304504091638723 -0.0020381286642235114 0.020777670763229724 0.012626096506657808 0.0061353246389423593 0.016522759441913362 0.013448427486692472 0.0060548357887291581 -0.0034980573380966932 0.014385744007940959 0.0010991297817760661 0.013678304642549679 0.015555109993269263 0.021082706569373548 0.022549620693206693 0.0050256858903769677 0.010280388054732187 -0.011264941977124689 0.015192359554933709 0.0142724087503616 -0.011118991027609174 0.016613001413798668 -0.005548386241080238 -0.011922862956182279 0.0029389878208768935 -0.0033160710563644351 0.012702838593869444 -0.00092111728800269488 0.012799613120310816 0.013608963085701812 -0.013699865858842562 0.0080938649641224877 0.01253308456719671 0.013670434314173887 -0.0020381286642235114 0.0026976648315485785 0.021141328735501903 -0.0076855156792858441 0.0065058340409351175 -0.011984035587281602 0.015321560800210479 0.0097220833003020899 0.0010255489728798626 0.014800459323612141 0.0013102342179820703 0.016151094908690551 -0.010722106540540772 0.012799613120310816 -0.0013862642747664068 0.025569768945275847 0.01253308456719671 0.014341132070933876 0.006589013483208 -0.0029363873897926378 0.004210228939177987 0.021084614976199862 0.0075272691531137817 0.023238478531791749 -0.011929678816795835 0.012066093183012496 0.02034646515369775 -0.0034440317849069595 0.011948419769106738 0.015171408411855235 0.0092821844538903842 0.020193157112157904 -0.0035196971832746771 0.0077447041621810306 0.0067356845710400447 0.022205249514885842 0.0082327029879525546 0.011051349966296723 0.011453765991788963 0.024897319529348212 0.029026148896805177 0.0078261718531242534 0.0094917805620140447 0.01689271166148567 0.029024246179224999 -0.00070177563922910798 0 0.01573930638796793 0.010906808129678985 0.0015732189587133901 0.012964365553476409 -0.0024988264633810766 0.020491678818919359 -0.0030251750436639615 0.016288035336264814 0.015650942504349601 0.016252284725068372 0.026043331298641632 0.011441352256235609 0.0048576653487999227 0.0074951584596310182 0.01864692134206462 0.011702825763452848 0.016121364677851292 -0.011140479649188555 0.007491555501759996 -0.0011432125342338698 0.0060506375307430617 -0.010083478155488124 -0.0026783933954036727 0.0034774457108769359 0.02573733016577414 0.0091194543401624788 0.01253308456719671 0.0080670551630835242 0 0.013553923452932676 -2.4434904572672016e-05 -0.010060022297991049 0.0026260922562754154 0.0044764548240487402 -0.0048971214504831342 0.010849978127731533 0.0070413843500157398 0.011213786170640597 -0.0022570854302059432 0 0.0053662625606058258 0.0138316837502557 0.013678304642549679 -0.010000708334115151 0.0069734619856735361 0.016423762167033874 -0.0072976143823524171 0.013670434314173887 0.007174009225577419 0.016210627537354874 0.0086601496170158835 0.020915085719017752 0.010532300471152646 0.0175284804041905 0.0072082600045700728 0.0094477046509110745 0.017088938813150802 0.020491678818919359 -0.0031016988743408167 -0.011287892029416926 0 0.018172484103657703 0.016423762167033874 0.01355943116744363 0.014694830503720781 0.012799613120310816 0.014862400296827139 0.0086152691088114946 0.0086152691088114946 0.012505499267261678 0.0092311821865044552 0.01253308456719671 -0.0065523475624531865 0.015335969031465958 -0.011268775108832802 0.0056428373060109834 0.012799613120310816 0.0075206794366790434 0.01689271166148567 0.0052336358579721564 0.014754303703262681 0.011065258577268224 0.017904947340228974 0.023436625498114753 0.0029848724164635377 0.010349906171090158 0.010784313482277985 -0.0062367216150814716 0.0089553089293299901 0 0.013719945964184837 -0.00078816550720742543 0.0074951584596310182 -0.001871185148753379 0.012458655229544669 0.0019090880854249687 0.017453702898591585 0.023449001894970543 0.01285101230330132 0.0011639853038484319 -0.0026629796664046504 0.0041484577168990995 0.016190727112484669 0.011943272437716621 0.0089426387536825133 0 0 0.0081432817976216324 0.0099577446807701028 0.0050256858903769677 0.017343084929531856 -0.0045488172929576947 0.012028553604311038 0.0065603477673274796 0.00172486615936798 0 0.013678304642549679 0.011815246285595922 -0.0066790131950965849 -0.011160445604664565 0.01253308456719671 0.0039721886927699141 0.021065678990444307 0.0088417781517007975 0.0098615789163532218 0 0.00172486615936798 -0.0010952208341981509 0.012400423340580148 0.0073372479415484944 -0.013509023179330858 0 0.0032478372239098867 0.025920548726435486 0.006955288358449648 0.0027130334664197827 0.00056706229038854916 0.01788272496693722 -0.0076151117035352291 0.0078261718531242534 0.010318003614819334 0.023373406930305173 0.012799613120310816 0.020134453154001784 0.010003754363482612
leaf_weight=255.40847145020962 551.07162275910378 1465.8825083673 36.237944364547729 143.92064347863197 119.0225508660078 1976.5831430852413 200.82017478346825 649.02465541660786 1625.0298642069101 505.46062165498734 1886.2322641462088 53.91529843211174 211.96377943456173 91.499959290027618 3031.9125143885612 46.965352743864059 1326.8954815715551 2519.1302958577871 190.9574671536684 222.96576963365078 558.4446986913681 100.61162209510803 36.44055338203907 35.453726187348366 3596.3609950989485 36.659958407282829 5969.2366274744272 72.637798219919205 1928.9753344357014 39.662310972809792 198.98168002068996 3562.1590099334717 32.587913826107979 410.93683862686157 1893.6415654718876 426.60549910366535 1472.9861125051975 7904.6713421493769 10272.382199168205 70.764543607831001 115.27017292380333 194.26980693638325 3432.5689442753792 1348.7051180303097 37.861992061138153 185.65079516172409 824.55075152218342 101.20712658762932 2990.4318090230227 115.54838132858276 164.51335494220257 286.64811509847641 1621.3445066213608 39.148337423801422 433.95503929257393 3645.4165655970573 736.71335817873478 165.16464683413506 162.05682264268398 688.94445833563805 49.304222047328949 68.998989194631577 146.36750328540802 56.034721955657005 143.38312762975693 275.35034301877022 232.87213400006294 55.843603804707527 1240.6633934080601 2604.5783254653215 525.53472445905209 660.45789951086044 51.235890597105026 322.92340904474258 287.47488391399384 800.44495104253292 4441.253758341074 136.84814323484898 139.40859746932983 904.86915254592896 1528.6576993465424 78.77569580078125 510.88512891530991 58.720595434308052 173.79119329154491 40.563532054424286 508.82830986380577 599.52756105363369 78.631261333823204 32.166339576244354 553.82611225545406 767.58519774675369 122.04346778988838 208.0393203496933 87.984422937035561 1129.3720441162586 535.31317222118378 1315.7468649595976 101.39288148283958 3505.307964220643 156.55180816352367 51.840732857584953 30.511279717087746 60.88162088394165 102.54325577616692 619.49433749914169 260.44709843397141 79.941840574145317 113.38994450867176 44.470667436718941 28.882994800806046 230.93437598645687 1720.1211227178574 2498.3135289549828 49.529864847660065 30.270705685019493 29.33463741838932 237.07690641283989 133.12609972059727 215.38660570979118 46.000105887651443 2482.9947017282248 37.378774300217628 57.038884237408638 60.377249613404274 51.897937074303627 366.63945555686951 35.122594341635704 172.43946897983551 82.70543584227562 140.14417096972466 4776.328273832798 32.740002304315567 613.5288420766592 314.09675589203835 54.813442870974541 316.40769597887993 240.9791110008955 170.80932125449181 97.362900525331497 170.36524130403996 2863.8311674743891 1470.735400930047 2296.7813241332769 763.63915313780308 35.683125004172325 148.65344502031803 628.64115040004253 411.37083767354488 1950.6632278710604 1014.1922426074743 2815.2035522162914 729.24514973163605 833.62568321824074 353.46117912232876 1422.8077070862055 2237.83166231215 1573.4475948363543 36.382974401116371 117.86500634253025 39.072699844837189 143.02396403253078 963.92612794041634 134.60240025818348 192.11170479655266 171.87730664014816 376.04053482413292 2490.9707861840725 1393.8837603628635 133.08528454601765 150.34651267528534 7671.6063330620527 107.23821157217026 32.584108933806419 3817.9499824494123 31.514076679944992 99.201392412185669 72.514025703072548 578.48476675152779 166.95003794133663 1800.6989903748035 72.350609093904495 139.14704164862633 175.18878738582134 126.12018047273159 86.690066188573837 172.60772250592709 677.69713839888573 142.26705868542194 198.34716218709946 309.14247520267963 41.640538960695267 168.92235273122787 169.22221037745476 67.865296930074692 397.1234647333622 319.63409841060638 88.58016562461853 4634.1080140173435 106.7231253683567 783.46550264954567 87.512364834547043 4237.8702151477337 1790.0435771644115 62.993412420153618 44.273536086082458 2181.9062628149986 115.37844567000866 220.6896685063839 7697.7839576452971 1065.69989977777 35.992182776331902 87.88240584731102 34.475824028253555 690.70599947869778 244.18213985860348 39.620493173599243 268.33195652067661 51.211388632655144 232.93693405389786 1073.1996741592884 42.119056344032288 123.05488793551922 426.85779397189617 46.905775249004364 24.879083395004272 375.76250503957272 76.787432372570038 2147.329711124301 1334.2412568032742 214.05119428038597
leaf_count=835 1604 4391 124 562 408 5651 831 1718 5183 1801 5553 174 739 386 9152 170 4062 7503 512 572 1996 331 167 109 11130 171 17362 321 9184 149 839 11179 127 1306 5855 2029 5037 25122 31668 304 445 579 15576 4719 181 584 2878 392 8999 443 512 1301 5126 154 1037 11110 2220 577 648 2519 138 241 373 263 490 761 984 166 3740 8759 1424 2692 167 1102 759 2707 14391 462 366 2043 5326 266 1504 137 675 153 1540 1971 310 104 2290 2034 499 629 273 3390 1301 4293 365 12128 453 172 90 277 349 2524 925 349 462 166 69 776 5391 8523 189 94 114 1075 483 819 194 8155 128 190 238 200 1292 111 543 374 511 14038 138 1958 1067 167 1055 654 567 289 594 9595 4271 6295 3199 161 562 1786 1174 6090 3093 8935 2267 2877 1203 4478 7476 5002 155 361 174 510 3056 486 541 602 1176 8204 3946 333 546 25302 358 137 12978 120 327 289 1958 658 5754 270 419 443 412 329 710 2465 435 652 1021 159 644 571 220 1415 930 362 14747 371 2961 333 13223 5793 267 202 6887 410 580 26160 3560 133 326 133 2211 854 183 1032 195 559 3725 151 462 1205 207 78 1243 209 6697 3594 702
internal_value=0.0114215 0.00971898 0.00653624 -6.95297e-05 -0.00182645 0.0114671 -0.00317624 0.0145309 0.0100811 0.0104886 0.0136452 -0.00591678 0.00847517 -0.00698284 0.014087 0.0113043 0.0150043 0.0163708 0.0195919 0.0225205 0.007352 0.0130833 0.00184282 -0.00104529 0.0110643 -0.0037637 0.0167872 -0.00822014 -0.00872622 0.004831 0.00730788 0.015439 0.00837216 0.0104747 0.0121119 -0.00602625 0.00789018 0.0133016 0.012496 0.00610987 0.0104917 0.0145386 -0.00922626 0.010314 0.0108084 0.011109 0.00866537 0.00853267 0.0124682 0.00429396 0.000578142 -0.00261571 0.00947801 0.0109286 0.0181384 0.0117416 0.0118105 0.00571401 0.00502776 0.00364173 0.00543021 0.000206181 0.0125331 0.00200024 0.00596649 0.0102053 -0.0101871 0.0166534 0.0122394 0.0125383 0.0148238 0.000955746 0.0167243 0.0139243 0.0166676 0.0110023 0.0113877 0.0026814 0.0204452 0.0259486 0.00591324 -0.00202978 0.0125339 0.0125527 0.00907126 0.00596131 0.00935731 0.0101287 -0.00108109 -0.00494685 -0.00125963 0.0171655 -0.00517504 0.0105886 0.00718336 0.0141417 0.0227886 0.00869401 0.00827204 0.00882539 0.0127563 -0.00122521 0.0031801 -0.000394919 0.0170929 0.000868892 0.00506741 -0.00159464 0.00331384 0.00511677 0.00751374 0.00965896 0.01072 0.0103156 0.0126377 0.00420509 0.0105492 -0.00705421 0.0112303 0.00189546 0.00764992 0.0110513 0.0215709 0.00145135 0.0108006 0.00992069 0.0101682 -0.000189733 0.0180388 -0.00126206 0.000853253 0.0169517 0.00884278 0.0145482 0.0108242 0.00662873 0.0131353 0.0147669 0.00853058 0.00594025 0.00216877 0.00905224 0.015163 0.0204917 -0.00213687 0.00573676 0.00559694 0.014446 0.01328 0.011712 0.0110645 0.0122892 0.0142367 0.00612139 0.00481096 0.0114814 0.009517 0.0104289 0.00894849 0.00821873 0 0.0108549 0.0103321 0.002904 0.0136959 0.0107665 0.0091625 0.0099817 0.015783 0.0148117 0.0071731 0.0102249 0.0121453 0.00757404 0.00846879 0.0120518 0.0039458 0.00749815 0.00617542 0.0028748 0.0118193 0.0106459 0.013811 0.0164238 0.00535884 0.0083991 -0.00783564 0.007234 0.0128316 0.00601112 0.0134163 0.0123231 -0.00302704 0.0145732 0.0184155 0.00437205 0.011562 0.0106523 0.012395 0.00132935 0.0035011 0.00801241 0.0141032 0.0103342 -0.000850478 -0.00357441 0.0116254 0.0125331 0.0160241 0.0085014 0.0112075 0.0124651 -0.00159778 0.00993692 0.0102217 0.00207865 -0.00307384 0.00358737 -0.00259858 0.0235806 0.00842109 0.0142497 0.00749516 0.0136783 0.00744315 -0.000161156 0.0083418 0.0166826 0.0127996 0.0197319 0.0153233
internal_weight=191339 123661 43856.6 15313.4 13239.9 79804.2 11910.4 67677.8 28543.2 58131.1 48636.1 7708.58 16789.2 6863.2 21673.1 41342 22242.3 12305 3966.97 2640.07 12949.3 15728.7 4201.79 2131.23 39587.3 1550.11 19041.6 5859.7 5587.65 2070.56 1463.31 9574.07 15523 28322.3 13020.2 1248.76 13856.3 9937.27 26393.9 581.125 380.305 309.54 5361.54 27623.9 1041.48 2073.52 862.413 9327.02 13752.1 3622.32 1022.74 808.7 14495.6 7910.09 9467.56 16121.5 10761.7 3761.02 3439.31 2479.08 301.351 1003.5 8051.04 272.056 216.021 1329.51 659.478 1754.66 3839.81 11265 8338.03 1428.18 5944.36 5110.11 698.412 12476.1 9804.3 845.38 179.071 1835.59 2253.78 739.234 1710.88 899.845 521.952 425.852 7073.23 6358.29 607.242 347.875 589.28 6736.82 638.338 1200 585.848 1551.79 930.718 10095.3 8779.54 7469.26 321.716 884.479 400.198 260.315 377.894 708.532 1310.27 181.335 214.002 429.669 340.925 5794.04 11925 10204.9 214.043 362.643 3987.8 315.708 13128.3 252.047 1806.24 3608.21 96.0994 179.082 2599.15 139.882 2849.63 654.617 395.405 421.831 339.126 5600.54 6248 804.486 10934 170.362 825.236 564.253 960.228 572.809 332.422 12874.2 3364.38 2730.74 832.638 2599.58 379.588 7812.5 3973.53 7668.62 5717.96 3129.3 758.58 2476.01 1642.39 1745.73 6381.97 3883.65 2274.21 218.722 69.3434 240.387 3827.76 226.102 614.147 422.036 5818.14 3963.96 4558.88 3165 586.486 7804.73 387.419 203.393 4376.39 149.379 259.367 171.715 1128.94 427.397 2012.66 252.061 179.711 4951.52 312.042 212.81 459.256 1050.9 174.855 876.044 1323.33 1666.67 229.804 1512.65 308.844 429.863 9590.3 4636.56 4953.74 195.303 1288.93 1760.24 7183.86 4394.62 99.2314 88.7442 3822.91 2297.28 957.403 9046.49 1441.74 1609.44 123.566 1525.63 1491.15 653.342 140.828 512.514 87.6519 288.781 1672.73 250.158 701.54 4664.73 1600.44 71.7849 526.109 184.026 2194.3 1385.48 1343.42
internal_count=620581 414711 156568 61728 54922 258143 50461 205870 94840 191907 150590 33997 57530 30726 66236 134377 67180 36132 10991 6929 45270 49044 16464 8699 129261 6540 55280 26706 25632 7765 5298 28552 53219 93375 41621 5412 47877 31048 83410 2159 1328 1024 24760 91310 3574 6806 3059 31930 43393 13340 4011 3310 48656 25915 26728 51742 34394 13498 12468 9156 1128 4020 25495 1074 811 4461 3013 5116 12260 35886 25141 5477 17192 15706 2065 40632 31594 3271 515 4459 8072 2958 5495 2892 1782 1517 23858 21098 2467 1489 2399 19396 2700 3991 2068 4817 2416 34379 30086 25369 1030 3612 1484 1011 1110 2809 4717 714 793 1569 1201 19389 39028 33637 701 1311 13166 1385 42654 990 6223 11828 265 689 8520 473 9447 2635 1115 1724 1350 16199 21263 2470 35787 610 2595 1709 3312 2041 1242 43530 10126 7332 3440 9329 1338 23717 12353 24756 18666 10002 2381 8842 5965 5580 21289 12766 7631 749 268 799 12651 872 1923 1382 19710 13241 13431 9485 2027 25785 1271 704 14974 481 978 616 4003 1583 6493 842 572 14481 1132 741 2011 3679 562 3117 4114 5342 921 4663 874 1553 30801 15124 15677 733 4762 6029 21931 14552 391 368 12348 7297 2800 30879 4736 5135 487 5051 4918 2461 575 1886 362 725 5696 780 2420 14428 5611 285 1789 567 6867 3761 4092
is_linear=0
shrinkage=0.0136102


Tree=12
num_leaves=232
num_cat=0
split_feature=0 12 18 8 15 8 7 7 0 7 18 12 24 7 0 0 18 5 8 18 2 5 5 5 24 8 3 24 7 8 0 12 0 3 7 18 1 3 15 22 23 23 5 5 7 7 8 3 5 8 18 0 8 12 24 8 18 5 0 0 15 8 1 18 2 1 15 3 12 24 18 0 15 1 7 2 7 18 3 0 22 7 15 12 2 1 7 1 23 8 22 22 7 12 1 1 2 23 5 12 7 22 8 1 18 8 3 9 9 1 1 18 18 18 1 3 18 0 7 3 5 5 0 8 8 12 15 18 12 2 22 24 23 24 12 12 18 5 1 15 1 7 24 15 3 2 12 2 3 15 12 1 9 7 2 2 2 2 12 5 0 1 2 24 8 5 15 3 7 9 22 2 5 2 1 0 9 24 3 0 22 0 24 12 15 7 2 22 3 7 9 15 18 24 9 9 2 2 12 1 18 24 8 0 1 23 7 12 2 7 23 0 15 22 1 8 12 18 3 12 18 0 23 8 18 7 1 23 8 0 12
split_gain=5248.02 2256.55 3761.79 1707.81 2003.08 878.142 859.321 715.684 687.206 508.644 507.068 440.032 397.281 363.036 361.274 341.268 313.301 267.221 253.488 267.807 250.399 212.888 210.32 202.66 192.073 190.102 186.137 181.6 175.888 175.751 155.353 142.242 238.692 184.998 140.676 171.774 138.146 136.368 135.299 123.377 119.691 115.022 113.352 129.513 110.914 110.505 108.379 107.55 107.26 104.947 104.897 107.135 104.375 92.7584 119.396 96.5008 92.1794 87.8232 84.477 83.9259 95.3573 80.7755 90.4224 92.5114 79.9083 79.1798 93.1983 77.5602 76.8881 76.6194 76.4341 76.4007 75.2334 74.5285 72.6446 73.0195 69.9065 69.7092 88.0611 69.3099 68.4068 65.6604 65.6002 65.3593 65.2744 67.0188 63.9252 63.4187 62.5461 62.1902 61.1239 59.6019 58.4627 57.9182 57.0155 56.3296 56.0062 54.7583 54.6056 53.9148 53.0084 53.0034 58.8689 52.2603 51.0885 50.1607 49.9079 49.7602 49.4264 48.9999 48.6085 47.7154 47.6575 48.8227 47.5095 47.4645 47.2116 46.3672 46.0887 78.1073 45.2852 67.4975 42.8623 42.5356 57.9826 42.4897 42.2601 41.4337 41.4299 78.7923 41.3581 41.3048 41.2585 41.2478 41.2372 40.8565 40.8197 40.0454 39.8897 39.4186 39.2672 39.1732 39.0291 39.0398 38.9839 38.8618 38.7896 38.4505 59.2666 38.3806 48.2568 38.2816 38.0634 37.8244 37.5512 37.3959 36.7824 37.6569 36.687 36.1535 35.9083 35.172 35.0374 37.0056 34.9845 43.3 34.9699 34.8388 34.4445 33.4481 33.2768 35.7075 33.2197 47.1803 32.9127 32.7638 32.7067 32.6729 32.6403 32.5442 32.531 32.4422 32.2357 32.1311 33.9102 31.3775 31.0525 30.834 30.4724 30.8931 29.9317 29.9128 29.7574 34.6552 40.3011 39.1724 29.537 29.6072 29.1992 29.1093 28.9739 28.3967 28.3917 28.3564 28.2679 63.2958 59.2913 52.9556 27.5712 27.3924 42.3244 31.3739 27.4082 32.1673 27.3513 27.2252 38.3292 26.925 36.9927 28.5974 26.9127 26.7188 26.7028 26.663 26.5722 26.3893 25.9671 25.5836 25.1976 24.9851 24.9572
threshold=0.57941213250160228 -0.095894999802112565 1.029249966144562 0.013073761947453024 0.98524999618530285 -0.051978655159473412 70.613708496093764 40.58415603637696 1.1804530024528506 88.343807220458999 1.1188499927520754 -0.035049999132752412 0.1550950035452843 29.161684989929203 0.31660932302474981 0.41630570590496069 1.0603500008583071 5.677229881286622 -0.066975735127925859 1.1743499636650088 0.63656747341156017 -6.0560216903686515 1.1846445202827456 -0.85258352756500233 -0.0031350000062957402 0.10237078741192819 1.4972769021987917 0.026455000042915348 85.950901031494155 0.056319465860724456 2.0796694755554204 -0.15305500477552411 0.7913765311241151 1.0517596006393435 74.44699859619142 1.0071499943733218 0.20217207819223407 0.99016097187995922 1.0308499932289126 4.8826498985290536 34.305000305175788 36.32500076293946 -4.3352758884429923 1.2655788660049441 69.370784759521499 40.377164840698249 -0.017485039308667179 0.67035722732543956 -10.91799736022949 -0.0071914149448275557 0.97694998979568493 0.3074756413698197 0.0073341913521289834 -0.25908499956130976 0.1139350011944771 -0.028890904970467087 1.1946499943733218 -1.0905594229698179 0.50705295801162731 0.27212619781494146 1.0181500315666201 0.019817234016954902 0.67852416634559642 1.0509499907493594 0.79449346661567699 0.67852416634559642 1.0219500064849856 1.5536220073699953 -0.15305500477552411 -0.0067749998997896901 1.0011499524116518 0.6891896426677705 1.0024500489234927 1.0000000180025095e-35 65.987388610839858 0.08316864445805551 16.595309257507328 0.99584999680519115 1.2680750489234927 0.20916316658258441 5.3198001384735116 20.625006675720218 1.0059500336647036 -0.03605500049889087 0.27164061367511755 0.11753406375646593 81.474449157714858 0.33242145180702215 49.295000076293952 -0.084883429110050188 2.9897500276565556 7.9349501132965097 42.876045227050788 -0.17953499406576154 0.087547320872545256 -0.057947743684053414 0.38081710040569311 62.305000305175788 -3.2904914617538448 -0.019875000230967995 79.469467163085952 7.3935999870300302 -0.014253433328121899 -0.0046360648702830068 0.90904998779296886 -0.016098786145448681 2.9686305522918706 5.5000000000000009 1.0000000180025095e-35 0.78170025348663341 0.30877378582954412 0.98995000123977672 1.1339499950408938 0.88795000314712536 -0.039927326142787926 1.2391743659973147 0.97464999556541454 0.81656745076179515 67.703044891357436 1.0387901067733767 -3.4332071542739864 5.8475680351257333 0.46116448938846594 0.00098171591525897405 -0.025054853409528729 -0.15121499449014661 1.0063499808311465 0.95284998416900646 -0.35744999349117274 0.43340486288070684 0.86245000362396251 -0.034345000982284539 -33.475000381469719 -0.0019650000613182779 -0.0053550000302493564 -0.017184999771416184 0.95774999260902416 1.3433857560157778 0.6529270112514497 0.99594998359680187 0.002154408255591989 88.343807220458999 -0.091305002570152269 1.1167500019073489 1.6142131686210635 0.031647382304072387 -0.03605500049889087 0.57906645536422741 1.1738831996917727 0.97734999656677257 -0.02831500023603439 -0.24723671376705167 2.5000000000000004 88.343807220458999 0.90928685665130626 0.11089152470231058 0.45952770113945013 0.33996047079563146 1.0000000180025095e-35 3.6081196069717412 2.9874532222747807 0.11158771440386774 0.53360512852668773 -0.06759499758481978 -0.051978655159473412 -10.56473398208618 0.98925000429153453 4.9997489452362069 65.780101776123061 2.5000000000000004 6.0238499641418466 0.071287408471107497 -1.9904856681823728 0.027722881175577644 -0.043237209320068352 0.11794186756014825 4.5000000000000009 -0.0044250001665204755 1.5936859250068667 0.11475445702672006 2.8734500408172612 0.78329378366470348 0.041255000978708274 -0.066935002803802476 0.98084998130798351 16.595309257507328 0.47380892932415014 4.2750501632690439 0.0038057460915297274 65.987388610839858 1.0000000180025095e-35 0.9507499933242799 1.0398499965667727 0.13213499635457995 4.5000000000000009 1.5000000000000002 0.92890775203704845 0.01584164705127478 0.037720000371336944 0.099274814128875746 0.96244999766349804 -0.034345000982284539 -1.0000000180025095e-35 0.40958213806152349 0.37832142412662512 -34.085000991821282 45.446401596069343 -0.30528500676155085 0.091089468449354186 48.195974349975593 35.715000152587898 0.17751385271549228 0.97635000944137584 1.3153499960899355 0.46843965351581579 0.038223126903176315 -0.0063650000374764195 0.9069499969482423 0.96149763464927684 -0.19086500257253644 1.2884500026702883 0.50149628520011913 -41.01499938964843 -0.014691111631691454 1.0034499764442446 52.798263549804695 0.56542727351188671 -60.364999771118157 0.065759949386119856 0.50149628520011913 -0.070134997367858873
decision_type=2 2 2 2 2 2 2 2 2 2 2 2 2 2 2 2 2 2 2 2 2 2 2 2 2 2 2 2 2 2 2 2 2 2 2 2 2 2 2 2 2 2 2 2 2 2 2 2 2 2 2 2 2 2 2 2 2 2 2 2 2 2 2 2 2 2 2 2 2 2 2 2 2 2 2 2 2 2 2 2 2 2 2 2 2 2 2 2 2 2 2 2 2 2 2 2 2 2 2 2 2 2 2 2 2 2 2 2 2 2 2 2 2 2 2 2 2 2 2 2 2 2 2 2 2 2 2 2 2 2 2 2 2 2 2 2 2 2 2 2 2 2 2 2 2 2 2 2 2 2 2 2 2 2 2 2 2 2 2 2 2 2 2 2 2 2 2 2 2 2 2 2 2 2 2 2 2 2 2 2 2 2 2 2 2 2 2 2 2 2 2 2 2 2 2 2 2 2 2 2 2 2 2 2 2 2 2 2 2 2 2 2 2 2 2 2 2 2 2 2 2 2 2 2 2 2 2 2 2 2 2
left_child=1 5 3 4 46 39 7 14 9 13 26 20 16 27 42 57 29 21 -15 40 50 152 36 24 -17 97 44 68 30 34 41 156 33 71 45 98 99 65 74 89 67 76 105 127 83 53 81 -24 104 -47 -9 -52 -23 130 55 -55 88 69 61 60 208 62 63 154 -43 66 161 109 164 77 -56 200 -49 93 75 -5 125 79 -79 -8 120 -3 115 151 91 -86 144 185 -18 -1 128 -51 96 101 -25 222 107 -12 -36 -16 108 102 -50 -22 -14 -6 -21 223 -90 136 -45 -38 113 -78 -95 -19 -35 -39 149 135 175 199 183 124 172 -10 168 -44 -42 -130 -7 -63 -41 -30 -133 -120 181 -34 215 -65 -105 221 -40 170 224 -110 -131 148 -61 150 174 -4 -13 -28 -46 -132 157 176 -92 -102 227 -11 163 225 -2 -166 -107 -147 -104 -136 171 -144 191 -174 -94 -76 -29 -123 220 -64 -88 -20 -182 -98 -185 -70 -165 -71 -106 -190 -173 -75 193 -91 195 -195 197 -167 -27 201 -33 -122 -202 -152 205 -126 -206 -207 -37 210 211 -97 -211 -214 -84 226 228 219 -219 -125 -99 -96 -83 -48 -59 -153 -85 -32 -217 -26 -164
right_child=8 2 10 38 6 12 15 11 28 37 25 17 48 18 22 23 56 82 19 106 103 52 47 94 229 198 153 31 133 -31 160 32 137 116 35 59 111 117 142 132 90 64 43 110 58 49 92 72 73 84 51 -53 -54 54 70 -57 -58 86 -60 147 -62 131 179 139 -66 -67 -68 -69 87 187 -72 -73 -74 123 80 -77 112 78 -80 -81 -82 95 214 138 85 -87 180 -89 100 192 158 -93 118 114 141 209 122 178 -100 -101 159 -103 126 140 188 166 -108 -109 145 -111 -112 -113 -114 -115 -116 -117 -118 -119 119 -121 121 177 -124 217 204 -127 -128 -129 129 146 155 134 -134 -135 169 -137 -138 -139 -140 -141 -142 -143 143 -145 -146 167 -148 -149 -150 -151 203 162 -154 -155 -156 -157 -158 -159 -160 -161 -162 -163 230 186 165 196 -168 -169 -170 -171 -172 190 173 -175 -176 -177 -178 -179 -180 -181 182 -183 -184 184 -186 -187 -188 -189 189 -191 -192 -193 -194 194 -196 -197 -198 -199 -200 -201 202 -203 -204 -205 206 207 -208 -209 -210 212 -212 -213 213 -215 -216 216 -218 218 -220 -221 -222 -223 -224 -225 -226 -227 -228 -229 -230 -231 -232
leaf_value=0.016578884048096768 0.016371119350576589 0.019846615248539142 0 0.016761220282938492 0.010792407092271592 0.00046231112346551551 -0.0030085400731933031 0.007423010803073499 0.016315846261475416 0.0055767560093393327 0.014769043263963616 0.0094720216974547525 0.017336598041865159 0.016932633487844722 0.0013588703043624247 0.020039677878307714 0.014404497832111297 0.0079007163875774652 0.012307767386406673 0.015869858349223671 0.0016784776343457849 -0.0063809198742850086 -0.012006031715260209 0.0066677972162424029 -0.014950094534793722 0.017806958181510613 0.013237206839774383 0.016772796521105342 0.029200136450408958 0.012466514293440232 0.022142614109348712 0.0097109944112529992 0.024768508393091335 0.015237700204059963 0.0079964497786303192 0.0028473194313001827 -0.0039468570604590534 0.023432089785725245 0.00088063846120001025 0.022277959756638505 0.012307767386406673 0.012897482367176539 0.0055863822220692519 -0.0067224172430898031 -0.0049962814775299739 0.011007930262668945 0.0024715182360914782 0.013108165639117819 0.012382993238807309 0.0078376786452185408 -0.00058780063013673649 0.0055240095960254858 0.0027138035507259634 0.0094881885740276325 0.011327050208766565 0.0044598947674037315 0.016513974224343284 -0.0042304131189541665 0.013237206839774383 0.0014261599375713088 0.014174394918883695 0.0028789903638875062 0.00052927291800249326 0.010488773261371627 0.015936924940196072 0.023432089785725245 0.02290268217476293 0.015611811117771313 -0.015234060315161399 -0.011884449394168354 0.00080885825486444126 0.014800890180681911 -0.0025016482173329459 0.0089638683001855308 -0.0021178970778098307 0.0087874584764014059 0.018864472410945392 -0.0071947777125210451 0.0089324330293565363 0.022959148018151423 0.010993703355120722 0.0080307491803969285 0.0049120885632680002 0.0069851963655736251 0.0089221991061729511 0.011272570939766245 -0.016683972485857197 0.015059073509059832 0.014044061880569699 0.011297675503767616 0.012307767386406673 0.010866047842920289 -0.0047448161518792373 0.00865606842746958 -0.0061716156917550882 0.0057464486654779561 0.00037744972067449168 0.010270792400921753 -0.011386699328685345 0.019456407434475291 -0.0075010231803000144 0.015082505008329736 0.0082258523303770301 0.02471534977705956 0.0040286913839783223 -0.011707410234800042 0.022499097235242002 0.0090675065886890172 0.014404497832111297 0.015125954533333565 0.0011077438607877777 -0.013868959683194876 0.019441043649071323 0.015936924940196072 0 0.020774385632316924 0.026659057109000336 0.030490740568986201 -0.011141259630748076 0.015381770656055416 0.010027264790525084 0.0080160845649014361 -0.0058390848793018436 0.019825568408063977 0.010116124337014551 0.030342875668942018 0.01107767069228352 -0.011379684128167786 0.0080085069120125734 0.011607074720990944 0.007888289606642904 0.011170216733656957 0.016819523963264301 0.015804947126627496 0.0084648512944284545 0.0044162198038367332 0.012307767386406673 0.033973285536090546 0.0111504903923271 0.0021742348836291331 0.0094969322320997401 -0.013030222318990087 -0.0021645432176566168 0.020184476375550587 0.0057403722838028429 0.0097868885851514764 0.0085230881436503484 0.021718368259252312 0.01843057429942762 0.010243563667482351 -0.0068734301055169934 -0.0032801024151805857 0 0.020945189975498255 0.0048794112856407309 0.011124045624215633 0.018721559635459278 0.0045366448083631388 0.0085230881436503484 0.0070324311706024215 0.021748994718613752 -0.010545783764279542 0.013237206839774383 0.011335393894362366 0.00080910295489745778 0.0029689624937213458 -0.00011834743553376381 0.014404497832111297 -0.0010589243785022785 0.00059759106767744825 0.015231946044066875 0.015231946044066875 -0.00059656596766757906 0.012253947674343194 0.0078645781941493586 0.010993703355120722 0.0076694258159504961 -3.0892145167074191e-05 0.014769043263963616 0.013237206839774383 -0.011484079161177213 0.015112435390598197 -0.0017553205535394728 0.018834088785362808 0.0046435032171062776 0.0012778028871435071 0.0038548623502023677 0 0.013742113552565292 0.0058162654925067248 0.01006005785091227 0.017316107959532475 0.01672428838344275 0.012175432791329285 0.0094515857871811122 0.016819523963264301 0.00077736986656917544 0.0157875101539144 0.024165959486355599 -0.0049396419402830405 -0.012690942825102455 -0.0023111815949332327 0.0012664050351270696 0.0086234563142847526 0.015575781588930845 0.010116124337014551 0.0073072031173269597 -0.0012620412520333816 -0.01004880028244538 0.01314295118294225 0.0040631757637214416 0.011935280147143837 -0.0043006650339661359 0.0093105057990383808 -0.0058113133509814707 0.013237206839774383 0.002323654104449159 0.012038187020352689 0.015558185836160227 0.0087372680812817169 0.014769043263963616 0.0083385502295143087 -0.0049744985691076255 -0.0096669231394073095 -0.010429595362779071 0.0063573087551548595 0 0.017170858749611682 0.0057887296068164272 0.0013738918940227949 0.010839401301531961
leaf_weight=2038.1315091401339 547.1810027807951 151.96690779924393 56.436502978205681 245.0191252976656 57.45384094119072 97.203138694167137 28.774519756436348 766.47813676297665 111.61210684478283 47.302357271313667 2785.5660562813282 233.67915716767311 868.68735355138779 2752.9139494746923 379.17529639601707 167.60425513982773 1495.4416690766811 230.2935766428709 1881.2520809173584 2719.0036352872849 172.79797957837582 1597.8140401542187 36.596838474273682 58.080347016453743 33.216842949390411 1219.6557393074036 2647.6833247542381 385.0181008130312 270.2699968367815 3269.6622429937124 356.02911379933357 29.711073368787766 382.45219150185585 165.90098515152931 26.43523246049881 36.539746999740601 240.38186945021152 294.97547002136707 60.349098145961761 586.75904883444309 1417.7123559266329 3865.7382891923189 21.474436476826668 314.74135169386864 362.51282571256161 8041.6112433969975 37.036675408482552 372.08445690572262 2045.7255164533854 8617.8640056103468 1475.9964243918657 816.53588055074215 264.28982277214527 934.50893780589104 1264.2524832189083 3284.8099272102118 952.16204358637333 294.82449805736542 248.35973593592644 102.95136535167694 59.107425585389137 252.18617998063564 54.325056090950966 180.95633180439472 3459.4757278114557 79.74958324432373 35.297324880957603 2293.9432790130377 30.356289729475975 237.90102101862431 152.48032157123089 98.559079840779305 60.942575424909592 134.77673242986202 29.441149324178696 3102.1565949618816 1343.7803965508938 252.63717986643314 77.021712094545364 37.402228713035583 313.20769652724266 46.547747030854225 122.85666786134243 1753.3913001865149 5878.660828769207 4260.8308814913034 274.88617493212223 38.091251119971275 1086.7642040848732 1756.5086936801672 10701.488034784794 1541.6086318492889 33.378872692584991 396.52990333735943 62.043363749980927 247.4128811955452 66.694738537073135 1931.4508016705513 157.26746760308743 29.64207935333252 41.456097111105919 573.0238982886076 1926.5909339785576 32.954555287957191 81.334694668650627 58.107810661196709 293.75661051273346 43.07699079811573 292.08659674227238 1707.0102473795414 255.82282717525959 162.84353071451187 1158.4073895663023 5299.0851823538542 170.929697021842 80.16461481153965 221.73926396667957 396.30432198941708 73.561340197920799 43.911591500043869 54.933491051197052 315.45601949095726 36.926135644316673 301.94811880588531 1465.8363154232502 135.28027951717377 1572.5404512882233 1304.104690849781 2208.8305399566889 5471.3273913711309 1241.450381487608 800.50118888914585 931.08962573111057 91.463125199079514 296.59873074293137 44.371543452143669 9368.8865263611078 263.73137658834457 817.16274596750736 291.09618613123894 1907.0401105135679 116.85107016563416 31.254914715886116 147.18791671097279 37.796928063035011 3819.6162777543068 1084.4138517826796 66.228221192955971 62.638308987021446 1049.8584795594215 74.016144648194313 58.203648194670677 128.35482351481915 144.74768270552158 80.773127228021622 2086.7679826766253 569.79187880456448 98.338131472468376 350.26888059079647 90.584321662783623 917.97430776059628 42.157340481877327 1423.1517947912216 772.43456523120403 79.672671347856522 50.078535631299019 243.75998240709305 162.01938846707344 67.951053351163864 168.50336049497128 584.06738226115704 284.83925978839397 50.202547073364258 717.9499841183424 783.01465278863907 129.05107821524143 127.96687749028206 117.9143763333559 546.49709852039814 187.84738631546497 1020.9128270149231 2183.5872968733311 79.767464384436607 74.595824405550957 73.705331176519394 43.434166759252548 145.67041778564453 51.955141454935074 3518.6132857948542 121.34076964855194 1141.7671920359135 626.91023117303848 573.6645392626524 608.59736074507236 332.85994255542755 896.76488263905048 42.942222505807877 265.10978822410107 251.25000594556332 237.56624031066895 41.358581155538559 70.816570207476616 53.107716009020805 24.437063679099083 474.1667340695858 75.157609686255455 298.48221673071384 185.31445163488388 91.393812000751495 1081.1999650597572 283.17752474546432 710.72033986449242 31.766592383384705 179.34589776396751 61.103357046842575 310.01651087403297 104.87267622351646 2092.8565107733011 1053.0377229899168 79.590058073401451 250.24831214547157 31.070429846644402 62.863468497991562 121.16139240562916 296.65109084546566 236.61087431013584 113.02599945664406 2140.0977046489716 122.94363924860954 23.342873618006706 2777.6890710741282
leaf_count=5859 1578 417 215 741 188 365 126 2688 316 163 8368 805 2508 7894 1484 497 4580 810 5886 7940 655 7053 171 212 160 3409 8286 1108 572 10363 911 93 915 474 90 135 1005 780 220 1512 4436 11998 76 1389 1523 26196 136 1221 6436 29624 5937 2981 1023 3109 4120 11862 2769 1299 766 389 183 914 206 601 10103 198 85 6763 139 1114 572 286 251 435 117 10485 3690 1131 277 111 1029 156 455 6104 19834 13763 1388 113 3368 5595 33704 5043 138 1339 270 858 255 6279 713 88 174 1714 6461 86 287 270 751 149 883 5067 1033 769 3134 15562 641 226 530 813 336 137 186 1096 157 835 4778 272 5043 6165 7506 17511 4239 2592 2670 255 1006 168 29562 511 2626 1090 6442 548 123 389 141 12608 3616 184 183 3544 311 232 496 383 291 6784 1577 333 1172 309 2392 184 4433 2534 290 177 989 459 259 631 1756 860 188 2245 2682 413 420 453 1632 597 4826 6531 344 225 282 157 520 213 10829 413 3746 1822 1656 1883 1070 2571 156 794 615 986 183 284 194 81 1416 233 998 706 403 3407 1014 2275 128 595 257 958 382 6609 3140 259 735 108 254 541 1375 825 423 6075 420 87 9031
internal_value=0.0112226 0.00955539 0.00725032 0.00385467 0.00183943 0.0110206 -0.000772008 0.000967429 0.0142628 0.0133979 0.0115087 0.00325035 0.010524 0.0132038 -0.00411133 -0.00702273 0.00987268 -0.00116934 0.012863 0.0125915 0.0055804 -0.00319609 0.00162981 0.00331239 0.0127851 0.0145371 0.0100337 0.0174544 0.0164641 0.00938955 0.0162691 0.0195737 0.0228965 0.0164214 0.00912232 0.00248343 -0.0025244 0.0236327 0.00971036 0.0153862 0.0122792 0.0156548 -0.00738847 -0.00871463 0.00925522 0.00922788 0.00894043 0.00885475 0.0122151 0.00965543 0.00306442 0.00157788 -0.00506492 0.00788213 0.00677221 0.00559206 0.0123723 -0.00893088 0.00689467 0.00732774 0.000285253 0.00613164 0.0033446 0.00131609 0.0143473 0.0130248 0.0054771 0.0131432 0.0126472 -0.00457557 0.0102297 0.0061125 0.0108153 0.0116055 0.00833263 0.00940485 0.0168312 -0.000549398 -0.0032361 0.0116171 0.00544811 0.0108302 0.00781348 0.0100406 0.00911531 0.00991841 -0.0103868 0.00147483 0.0117919 0.0144791 0.0115653 0.00830578 0.0068621 0.0105039 -0.00454021 0.0102638 0.00226761 0.0133272 -0.00825779 0.00296566 0.0110621 0.0108971 0.0104509 0.00918982 0.0140934 -0.000257551 0.0165621 -0.00291375 0.011274 0.012762 -0.00315965 -0.00816173 0.0165672 0.0160472 0.00609483 0.0116016 0.0221041 0.0266087 0.00781537 0.000544327 0.00354461 0.00212893 0.00654437 0.012578 0.0115106 0.0245663 0.00931739 -0.0110564 0.0107504 0.010337 0.00968529 0.00821436 0.0190155 0.0261585 0.00923163 -0.00500842 0.0124537 0.0287954 0.00841573 0.00551529 0.00983257 -0.00790442 0.0124971 0.0127963 -0.00657063 0.0105461 0.0111093 0.0127251 0.00841284 0.0083911 0.00618158 0.0109825 0.00624984 0.0132372 -0.00307529 0.00994148 0.0159313 0.0131476 0.0123078 0.00207558 0.0189992 -0.00172867 0.0110986 0.00883282 0.0138628 0.0105021 -0.00262011 0.0101254 0.00788755 0.00573395 0.012201 0.0109161 0.0137142 0.0113629 0.0072765 0.0101578 0.0146663 0.00575586 0.0118185 0.0106842 -0.0120761 0.0138377 -0.0108257 0.00893202 0.0123896 -0.00547801 0.010217 -0.00984391 0.0133056 0.0134965 0.0112369 0.0159522 0.013426 0.0128682 0.0143159 0.0153334 0.0125098 0.013948 0.0189906 -0.00210425 -0.000742347 0.00292604 -0.004731 -0.00242469 0.0101233 0.00900912 0.0124942 0.00256041 -0.00608685 0.0106768 0.00901721 0.0104135 0.0122029 0.00702722 0.00108126 0.00745039 0.0103226 0.0137694 0.0132498 0.0177458 0.0109425 -0.000753273 0.000299729 -0.00658553 -0.00746267 0.00429831 0.00657832 0.0179346 0.0121237 -0.00794016 0.0117331
internal_weight=192095 124081 48242.4 26850 19985 75838.3 14610.2 11427.5 68013.9 48864.7 21392.4 7890.36 68113.9 47968.9 3537.13 3182.74 49214.4 2718.56 44434.4 41681.5 5171.8 2224.14 1281.67 492.209 224.164 6984.67 14407.7 3534.54 19149.2 41274.3 18787.5 2437.68 1256.56 610.377 38004.6 602.562 812.043 895.786 6865.03 7724.38 38668.7 15373.4 2255.46 1896.14 11615.3 37402 5374.75 469.624 18899.5 28340.6 3059.01 2292.53 1862.1 9061.47 5636.05 4219.32 7940.13 2690.53 2923.66 418.859 187.041 2675.3 1157.51 915.338 7325.21 204.507 124.757 17434.7 1096.87 685.692 1416.73 222.736 433.027 14309.5 4615.56 3347.18 8048.17 395.836 329.659 66.1767 1268.39 2795 494.418 8691.61 20299 10139.5 2004.84 111.882 6987.97 6206.53 21234 10159.5 2579.75 6753.29 268.045 2643.03 453.197 5513.76 183.703 408.817 5492.53 6185.83 5612.81 2112.79 4589.98 359.322 3012.76 201.275 5360.49 15140.7 570.564 403.225 7801.27 6642.87 567.46 310.458 387.64 691.28 2126.55 161.844 955.179 796.687 251.922 7556.23 4028.8 246.892 3567.08 1325.58 10182.3 8764.57 3425.42 1517.79 1517.85 361.733 1265.6 117.933 13433.7 646.184 3221.41 472.053 1939.99 209.965 2249.47 2189.12 629.273 4273.72 6555.74 231.818 165.59 1964.71 914.847 5470.2 362.034 2792.43 443.286 3328.22 1181.11 611.323 11051.8 132.04 3414.1 89.4597 5413.76 1212.92 984.984 437.803 301.868 3981.64 1994.54 465.102 2041.93 1457.86 1529.84 768.153 816.394 158.492 512.985 433.37 2728.2 242.172 1375.57 4064.84 1100.68 214.996 148.301 73.7905 918.105 289.856 3721.29 3639.95 1426.61 761.687 4168.4 3594.73 1838.22 1505.36 358.131 315.188 1470.91 363.316 124.177 125.75 94.4663 98.4532 2498.96 1726.31 772.649 260.472 127.934 2533.62 1241.31 958.133 1292.31 211.112 183.96 2404.25 537.833 3527.43 3145.89 381.538 2181.7 93.1138 109.411 158.198 591.476 294.815 1866.42 2496.13 432.96 56.5597 4200.84
internal_count=620581 414711 168997 100370 77486 245714 59240 45013 205870 150590 68627 29914 222898 148367 15099 14227 163304 11125 138339 130445 18789 9377 4989 1882 744 21038 47589 10028 55280 138154 54453 6624 3186 1760 127791 2280 3346 2223 22884 22816 121754 45075 10110 8663 38920 125511 18246 1643 59594 94460 11606 8918 8076 31051 19663 14971 25150 12345 10217 1477 721 9451 4308 3505 22101 630 432 53809 3404 2972 4692 756 1472 45557 15790 11226 22974 1645 1408 237 4564 9104 1748 28703 68264 33597 9373 409 22381 18634 67945 34667 9142 21893 1138 8687 1745 17014 803 1572 17801 19913 18199 7183 14037 1447 8691 826 17318 47046 2422 1774 22386 19252 1980 1036 1004 1593 7397 641 3535 3005 919 23664 12821 588 11763 6241 33069 28633 11388 5143 4182 827 4229 504 41979 1426 10913 1691 6528 926 7094 6874 2815 13950 21127 756 572 6756 3212 17790 1301 8669 1814 11023 3438 1861 34876 483 9378 347 17575 4111 2995 1417 1259 13067 6720 1637 6485 4729 4690 2433 2820 530 1528 1549 8646 803 6558 12417 5170 762 507 296 3054 1327 11529 11242 4606 2257 12775 11119 5524 4454 1127 971 4024 1456 470 470 377 392 8131 5717 2414 939 538 8277 4147 3133 4130 723 712 8287 1760 10843 9749 1094 7014 378 410 677 2674 1057 6527 6986 1378 247 13464
is_linear=0
shrinkage=0.0136102


end of trees

feature_importances:
rsi14=287
dist_hi52=246
ema200_dist=220
dist_lo52=219
mom5=209
atr_pct_rank=199
market_rs_20d=187
vwap_dist=174
sg_vel=154
hi52_dir=150
market_rs_5d=147
vol_accel=146
cpr_width_pct=143
vol_rank=129
rsi_dir=114
sector_rs_5d=79
conf_vol=69
sector_rs_20d=54
dow=47
rule_id=21
direction=9

parameters:
[boosting: gbdt]
[objective: binary]
[metric: binary_logloss,auc]
[tree_learner: serial]
[device_type: cpu]
[data_sample_strategy: bagging]
[data: ]
[valid: ]
[num_iterations: 500]
[learning_rate: 0.0136102]
[num_leaves: 232]
[num_threads: 0]
[seed: 42]
[deterministic: 0]
[force_col_wise: 0]
[force_row_wise: 0]
[histogram_pool_size: -1]
[max_depth: 11]
[min_data_in_leaf: 101]
[min_sum_hessian_in_leaf: 0.001]
[bagging_fraction: 0.556576]
[pos_bagging_fraction: 1]
[neg_bagging_fraction: 1]
[bagging_freq: 5]
[bagging_seed: 400]
[bagging_by_query: 0]
[feature_fraction: 0.793775]
[feature_fraction_bynode: 1]
[feature_fraction_seed: 30056]
[extra_trees: 0]
[extra_seed: 12879]
[early_stopping_round: 0]
[early_stopping_min_delta: 0]
[first_metric_only: 0]
[max_delta_step: 0]
[lambda_l1: 2.98522]
[lambda_l2: 4.4709]
[linear_lambda: 0]
[min_gain_to_split: 0]
[drop_rate: 0.1]
[max_drop: 50]
[skip_drop: 0.5]
[xgboost_dart_mode: 0]
[uniform_drop: 0]
[drop_seed: 17869]
[top_rate: 0.2]
[other_rate: 0.1]
[min_data_per_group: 100]
[max_cat_threshold: 32]
[cat_l2: 10]
[cat_smooth: 10]
[max_cat_to_onehot: 4]
[top_k: 20]
[monotone_constraints: 0,0,0,1,1,0,0,0,0,0,0,0,0,0,1,0,0,0,0,1,0,-1,1,-1,0]
[monotone_constraints_method: advanced]
[monotone_penalty: 0]
[feature_contri: ]
[forcedsplits_filename: ]
[refit_decay_rate: 0.9]
[cegb_tradeoff: 1]
[cegb_penalty_split: 0]
[cegb_penalty_feature_lazy: ]
[cegb_penalty_feature_coupled: ]
[path_smooth: 0]
[interaction_constraints: ]
[verbosity: -1]
[saved_feature_importance_type: 0]
[use_quantized_grad: 0]
[num_grad_quant_bins: 4]
[quant_train_renew_leaf: 0]
[stochastic_rounding: 1]
[linear_tree: 0]
[max_bin: 255]
[max_bin_by_feature: ]
[min_data_in_bin: 3]
[bin_construct_sample_cnt: 200000]
[data_random_seed: 175]
[is_enable_sparse: 1]
[enable_bundle: 1]
[use_missing: 1]
[zero_as_missing: 0]
[feature_pre_filter: 1]
[pre_partition: 0]
[two_round: 0]
[header: 0]
[label_column: ]
[weight_column: ]
[group_column: ]
[ignore_column: ]
[categorical_feature: ]
[forcedbins_filename: ]
[precise_float_parser: 0]
[parser_config_file: ]
[objective_seed: 16083]
[num_class: 1]
[is_unbalance: 0]
[scale_pos_weight: 2.46311]
[sigmoid: 1]
[boost_from_average: 1]
[reg_sqrt: 0]
[alpha: 0.9]
[fair_c: 1]
[poisson_max_delta_step: 0.7]
[tweedie_variance_power: 1.5]
[lambdarank_truncation_level: 30]
[lambdarank_norm: 1]
[label_gain: ]
[lambdarank_position_bias_regularization: 0]
[eval_at: ]
[multi_error_top_k: 1]
[auc_mu_weights: ]
[num_machines: 1]
[local_listen_port: 12400]
[time_out: 120]
[machine_list_filename: ]
[machines: ]
[gpu_platform_id: -1]
[gpu_device_id: -1]
[gpu_device_id_list: ]
[gpu_use_dp: 0]
[num_gpu: 1]

end of parameters

pandas_categorical:null
