tree
version=v4
num_class=1
num_tree_per_iteration=1
label_index=0
max_feature_idx=57
objective=binary sigmoid:1
feature_names=Column_0 Column_1 Column_2 Column_3 Column_4 Column_5 Column_6 Column_7 Column_8 Column_9 Column_10 Column_11 Column_12 Column_13 Column_14 Column_15 Column_16 Column_17 Column_18 Column_19 Column_20 Column_21 Column_22 Column_23 Column_24 Column_25 Column_26 Column_27 Column_28 Column_29 Column_30 Column_31 Column_32 Column_33 Column_34 Column_35 Column_36 Column_37 Column_38 Column_39 Column_40 Column_41 Column_42 Column_43 Column_44 Column_45 Column_46 Column_47 Column_48 Column_49 Column_50 Column_51 Column_52 Column_53 Column_54 Column_55 Column_56 Column_57
feature_infos=[0:13.968713760375977] [-0.99282771348953247:240.71893310546875] [0.0039525693282485008:1] [6.4609064764908908e-09:5] [2:7] [-14693.1376953125:9751.81640625] [-0.99402648210525513:2.6699986457824707] [0:100] [-0.99649780988693237:271.08529663085938] [0:6] none [-1:1] [-0.99751001596450806:0.28093999624252319] [-0.87866002321243286:302.9923095703125] [0:10] [-0.027000000700354576:6] [-0.10999999940395355:6] [-0.027000000700354576:6] [-0.10999999940395355:6] none none [10.199999809265137:31.979999542236328] [0:50] [-100:100] [-0.9974600076675415:0.99751001596450806] [0:5] [0:1] [-0.15000000596046448:0.15000000596046448] [-0.15000000596046448:0.15000000596046448] [-0.99659997224807739:284.57864379882812] [-0.99671000242233276:262.974853515625] [-0.9964900016784668:258.45639038085938] [-1:1] [-5:5] [0:251] [0:32] [0:1] [-5:5] [0:1] [0:5] [0:3] [0:1] none [0:9] [-3.2156999111175537:2.1754000186920166] [0.10000000149011612:10] [0:1] [0:1] [0.10000000149011612:20] [0:0.99599999189376831] [0:3] [-0.10000000149011612:0.10000000149011612] [1:5] [0:1] [0.20000000298023224:5] [-1:1] [0:1] [0:1]
tree_sizes=3477 3474 3486 3492 3477 3482 3476 3487 3466 3488 3482 3497 3500 3488 3487 3506 3494 3469 3490 3490 3505 3504 3521 3499 3489 3499 3508 3519 3518 3492 3521 3517 3495 3504 3508

Tree=0
num_leaves=31
num_cat=0
split_feature=37 27 36 0 28 28 27 37 45 0 37 37 37 37 37 28 28 31 27 49 51 36 29 12 37 13 8 21 3 27
split_gain=3262.8 1979.92 1564.64 849.169 752.563 656.216 481.057 386.271 417.386 261.53 215.863 211.41 178.903 170.286 169.857 160.738 144.06 140.399 139.567 131.532 125.908 104.445 104.05 101.965 97.6069 95.8349 89.6058 77.5384 78.507 73.9061
threshold=-0.46124999225139612 -0.027025000192224976 0.99994999170303356 0.58079209923744213 0.066084999591112151 0.021004999987781051 -0.052374999970197671 -0.33595000207424158 0.93704998493194591 0.77542689442634594 -0.13684999942779538 1.0256499648094179 0.37174999713897711 0.26645000278949743 1.0000000180025095e-35 0.010875000152736904 0.010875000152736904 -0.02551500033587217 -0.080585002899169908 0.30564999580383306 -0.016025000251829621 0.99994999170303356 0.021385000087320808 -0.9063199758529662 -0.22504999488592145 38.526519775390632 -0.054045528173446648 14.989999771118166 2.3129614591598515 -0.0099049997515976412
decision_type=2 2 2 2 2 2 2 2 2 2 2 2 2 2 2 2 2 2 2 2 2 2 2 2 2 2 2 2 2 2
left_child=3 6 4 20 9 7 11 15 -9 19 -7 18 24 -11 -6 -4 -5 -14 -2 -3 -1 -18 -12 -13 -8 -16 -25 28 -22 -23
right_child=1 2 5 16 14 10 12 8 -10 13 22 23 17 -15 25 -17 21 -19 -20 -21 27 29 -24 26 -26 -27 -28 -29 -30 -31
leaf_value=-0.67734679375111206 -0.68253390014679005 -0.76325082498063623 -0.78453261315049561 -0.69439691735552178 -0.67183447436616173 -0.66283546315736697 -0.686196199628752 -0.76252789422709866 -0.82615622441853009 -0.73576163884584256 -0.77606228026921853 -0.79032875835949656 -0.73202144466253605 -0.75049877651178099 -0.72204983789796628 -0.70762974556414704 -0.66737732176446396 -0.75022764664052966 -0.71101140583570166 -0.75280329320400841 -0.75898005391355339 -0.62975854465185277 -0.72490605008214548 -0.71497015416075638 -0.72825260793561575 -0.77721472509396528 -0.73960374199538037 -0.7166026111249455 -0.63682586934281504 -0.68442312012719642
leaf_weight=121.72326199710369 597.87998482584953 4200.7282740622759 149.81221534311771 203.22795495390892 166.90790452063084 77.37280435860157 144.52935338020325 320.08301988244057 1323.2217866927385 3259.8151724040508 230.23898757994175 61.158192232251167 1931.6995199024677 4916.5463455021381 1798.5607183724642 124.34317000210285 436.2378928810358 2343.6965674906969 1534.5146828144789 10651.60566188395 259.06299464404583 572.15408243238926 174.91490662097931 953.13734665513039 3035.6435841321945 82.33369491994381 602.5372900813818 323.94501216709614 13.856744095683096 69.322838261723518
leaf_count=326 1635 15178 576 582 437 195 401 1154 5687 10803 864 239 6323 17082 5692 374 1121 8136 4672 37275 924 1236 559 2943 9812 310 2022 1006 31 191
internal_value=-0.74247 -0.745689 -0.752913 -0.680189 -0.749222 -0.791481 -0.727975 -0.804596 -0.813763 -0.751805 -0.739362 -0.713365 -0.735322 -0.744623 -0.720175 -0.749653 -0.655784 -0.742002 -0.703027 -0.755758 -0.723692 -0.648502 -0.753977 -0.727001 -0.726341 -0.724465 -0.724511 -0.733144 -0.752778 -0.635666
internal_weight=40680.8 38681.3 27476.5 1999.53 25076.5 2399.99 11204.8 1917.46 1643.3 23028.7 482.527 3749.23 7455.57 8176.36 2047.8 274.155 1280.94 4275.4 2132.39 14852.3 718.588 1077.71 405.154 1616.83 3180.17 1880.89 1555.67 596.865 272.92 641.477
internal_count=137786 132369 96186 5417 86777 9409 36183 7791 6841 80338 1618 11511 24672 27885 6439 950 3130 14459 6307 52453 2287 2548 1423 5204 10213 6002 4965 1961 955 1427
is_linear=0
shrinkage=1


Tree=1
num_leaves=31
num_cat=0
split_feature=37 27 36 0 28 28 27 37 45 0 37 37 37 37 15 31 35 37 37 28 37 24 25 29 27 22 13 0 3 35
split_gain=2749.59 1713.78 1379.71 689.991 677.02 591.642 461.361 340.071 394.949 208.887 189.678 184.52 182.767 149.435 146.241 138.648 124.837 123.003 120.095 114.828 113.304 112.569 95.9232 87.259 84.4298 79.9105 79.8109 79.7952 83.5804 68.6445
threshold=-0.46124999225139612 -0.024455000646412369 0.99994999170303356 0.58079209923744213 0.064424999058246626 0.021004999987781051 -0.052374999970197671 -0.26395000517368311 0.95335000753402721 0.77542689442634594 0.37174999713897711 0.33114999532699591 -0.22504999488592145 1.0000000180025095e-35 0.99994999170303356 -0.030104999430477616 29.500000000000004 0.24915000051259997 0.14895000308752063 0.010875000152736904 -0.22504999488592145 0.91651999950408947 1.1302500367164614 0.021385000087320808 -0.0099049997515976412 2.8750499486923222 38.526519775390632 0.45275531709194189 1.884944021701813 5.0000000000000009
decision_type=2 2 2 2 2 2 2 2 2 2 2 2 2 2 2 2 2 2 2 2 2 2 2 2 2 2 2 2 2 2
left_child=3 6 4 22 9 7 11 14 -9 18 20 -2 -7 -6 -4 16 -12 -11 -3 -5 -8 -13 27 -14 25 -21 -15 28 -1 -17
right_child=1 2 5 19 13 12 10 8 -10 17 15 21 23 26 -16 29 -18 -19 -20 24 -22 -23 -24 -25 -26 -27 -28 -29 -30 -31
leaf_value=0.048977424992909087 0.090116372134322581 0.034162694194828758 -0.026896178284363532 0.083903947136600224 0.10421919334648687 0.12124567716252575 0.092020461903081829 0.020922362662042854 -0.044346049984411967 0.046359622480466912 0.051688965055089367 0.063182574172798031 0.01083913061910859 0.058203931704670989 0.039035429058824421 0.016846246266192601 -0.017942635384839017 0.032989396333068348 0.02438009665574313 0.1055802921627213 0.052288096695963016 -0.00048026110550928171 0.037832557652808962 0.056821409523979287 0.089925245052226155 0.13815457552548127 0.0080327363592324307 0.10777189711123428 0.13233167634296381 0.036263678407496815
leaf_weight=243.22991438210011 700.72446012496948 4618.2362460792065 117.31281197071075 209.90288195014 175.782888635993 64.031336262822151 187.97261138260365 290.98343229293823 1139.1745463013649 2696.9109817892313 1980.3051003813744 3075.6262070834637 240.36031502485275 1967.9561549425125 297.11521245539188 571.1479140073061 66.530439600348473 4749.8208774924278 9783.4655902087688 255.00839896500111 3948.1289435625076 71.040252149105072 334.95421504974365 180.76769068837166 155.2152478992939 719.46299314498901 82.593910485506058 122.20859634876251 34.316929191350937 2241.2565275430679
leaf_count=782 1900 15827 488 582 442 148 506 1043 5038 8783 6328 9338 892 6113 1011 2059 263 16288 34573 630 12576 273 1117 564 415 1503 310 312 76 7606
internal_value=0.0404056 0.0374404 0.0301537 0.0965084 0.0337092 -0.00658732 0.0524219 -0.0195096 -0.0310664 0.0310326 0.0462241 0.0669125 0.0425433 0.0599758 0.0203721 0.0395255 0.0494257 0.0378316 0.0275171 0.117865 0.0540938 0.0617453 0.0575694 0.0305769 0.124175 0.12963 0.0561831 0.0741069 0.0592837 0.0323204
internal_weight=41321.5 39247.2 26404.5 2074.3 24074.8 2329.75 12842.7 1844.59 1430.16 21848.4 8995.34 3847.39 485.159 2226.33 414.428 4859.24 2046.84 7446.73 14401.7 1339.59 4136.1 3146.67 734.71 421.128 1129.69 974.471 2050.55 399.755 277.547 2812.4
internal_count=137786 132369 91520 5417 82336 9184 40849 7580 6081 75471 29338 11511 1604 6865 1499 16256 6591 25071 50400 3130 13082 9611 2287 1456 2548 2133 6423 1170 858 9665
is_linear=0
shrinkage=0.05


Tree=2
num_leaves=31
num_cat=0
split_feature=37 27 36 0 30 27 27 0 12 37 37 37 37 27 37 7 0 49 51 51 48 51 0 37 9 13 26 49 27 12
split_gain=2355.65 1484.79 1220.19 577.791 423.029 412.456 395.857 293.152 271.137 216.281 188.057 177.047 174.759 152.28 143.641 138.831 121.291 113.62 112.291 226.985 104.781 97.8151 96.9234 94.9982 92.469 92.3832 92.0682 78.8367 78.3749 69.7377
threshold=-0.46124999225139612 -0.024455000646412369 0.99994999170303356 0.58079209923744213 0.016704999841749672 0.02529499959200621 -0.063675001263618455 0.74437302350997936 -0.12103500217199324 -0.30865000188350672 -0.26395000517368311 1.0403500199317934 1.0000000180025095e-35 0.0053749999497085818 0.37174999713897711 49.410400390625007 1.8072497248649599 0.30564999580383306 0.022355000488460067 -0.020405000075697895 0.10914999991655351 -0.016025000251829621 1.2065982818603518 -0.22504999488592145 5.5000000000000009 0.84174498915672313 0.93825000524520885 0.19835000485181811 -0.11317500099539755 -0.10909499973058699
decision_type=2 2 2 2 2 2 2 2 2 2 2 2 2 2 2 2 2 2 2 2 2 2 2 2 2 2 2 2 2 2
left_child=3 6 5 21 8 7 11 17 -4 -6 -10 27 -7 -11 23 24 -9 -3 19 26 28 -1 -14 -8 -16 -17 -5 -2 -13 -23
right_child=1 2 4 18 9 12 14 16 10 13 -12 20 22 -15 15 25 -18 -19 -20 -21 -22 29 -24 -25 -26 -27 -28 -29 -30 -31
leaf_value=0.093188530094481858 0.071333661525104161 0.017317434474309792 0.018815338413113936 0.025659027443976402 0.093338349110659108 0.098906903079232222 0.084427187876960616 0.034970977131137983 0.0044389903592671701 -0.00082143082313363498 -0.040355502204227539 0.08646242466112547 0.041966841619293475 0.059517763307777999 0.049773795962907798 0.023153433326751505 0.056211123742689009 0.027788294033627054 0.13006360827618657 0.076406628651722819 0.013558787873131431 0.070778886386444223 0.069374919968740262 0.049849781229056547 0.031090168290748385 0.044769207253489263 0.12990556778622897 0.097993958547869714 0.052020788781870532 0.034296155770570706
leaf_weight=129.28954415023327 876.78130704164505 3512.9444462358952 362.66844972968102 22.274737402796745 106.50984707474709 194.27976033091545 208.29504729807377 8339.0428963005543 304.73752047121525 391.24335013329983 1013.7392534166574 204.02911302447319 1281.1817824989557 142.70361141860485 2926.7976041287184 1571.3706910163164 731.05240939557552 9869.3611046820879 410.96709917485714 521.4742030352354 146.96895615756512 188.11218386888504 431.09711576998234 4286.1715707033873 855.89865329861641 721.15095575153828 430.96408328413963 405.55415864288807 867.41246517002583 431.35318624973297
leaf_count=326 2453 12551 1318 72 274 473 546 27754 1150 1515 4493 547 4146 434 9169 5434 2227 33942 820 1385 526 541 1243 13338 2855 2317 853 1009 2655 1420
internal_value=0.0378493 0.0351016 0.0283381 0.0890205 -0.00629739 0.0316391 0.048908 0.0297432 -0.019471 0.0282821 -0.0300022 0.0667972 0.0539664 0.0153049 0.0446755 0.0396621 0.0366829 0.0250396 0.108143 0.0989012 0.0531488 0.0536309 0.0488673 0.0514523 0.0455463 0.029953 0.124782 0.0797653 0.0585793 0.0453748
internal_weight=41885.4 39751 26680.6 2134.44 2321.6 24359 13070.4 22452.4 1681.15 640.457 1318.48 2500.75 1906.56 533.947 10569.7 6075.22 9070.1 13382.3 1385.68 974.713 1218.41 748.755 1712.28 4494.47 3782.7 2292.52 453.239 1282.34 1071.44 619.465
internal_count=137786 132369 91520 5417 9184 82336 40849 76474 6961 2223 5643 7190 5862 1949 33659 19775 29981 46493 3130 2310 3728 2287 5389 13884 12024 7751 925 3462 3202 1961
is_linear=0
shrinkage=0.05


Tree=3
num_leaves=31
num_cat=0
split_feature=0 27 36 36 28 27 28 30 41 27 22 8 0 49 27 41 45 27 21 25 8 21 25 13 21 21 35 45 27 33
split_gain=1341.45 537.548 493.77 407.522 493.634 394.452 212.125 208.284 171.085 164.635 151.241 137.232 102.056 148.485 99.7037 138.031 93.1676 92.449 89.9516 89.167 78.1962 77.8978 73.1639 68.3836 55.1753 54.6148 53.7511 51.0508 49.938 47.833
threshold=0.77111664414405834 -0.024455000646412369 0.99994999170303356 0.99994999170303356 0.010714999865740539 -0.053305000066757195 0.084514997899532332 -0.0090049998834729177 1.0000000180025095e-35 0.031734999269247062 2.835649967193604 -0.082596898078918443 0.3884511291980744 0.34524999558925634 -0.0099049997515976412 1.0000000180025095e-35 0.93704998493194591 0.013735000044107439 15.59500026702881 1.7722499966621401 -0.00043222308158874506 11.989999771118166 1.9741500020027163 0.017764999531209472 11.25500011444092 15.909999847412111 29.500000000000004 0.74334999918937694 -0.11317500099539755 -0.17105000466108319
decision_type=2 2 2 2 2 2 2 2 2 2 2 2 2 2 2 2 2 2 2 2 2 2 2 2 2 2 2 2 2 2
left_child=1 11 5 9 7 28 18 20 10 12 29 -1 22 -14 15 -6 -9 -16 19 -7 -5 24 -3 -23 -13 -20 -25 -10 -2 -4
right_child=2 3 8 4 14 6 -8 16 27 -11 -12 21 13 -15 17 -17 -18 -19 25 -21 -22 23 -24 26 -26 -27 -28 -29 -30 -31
leaf_value=0.067617166961987857 0.07904395473011866 0.019718773780955389 0.028305621033908268 -0.0056483145348188565 0.063078945657547084 0.041200822633314399 0.06354183924822647 0.015296985837735267 0.051112477265260442 0.048499110685467403 0.095426334345471459 0.038925048617057749 0.021683817148024628 0.033270098296914324 0.013686043308886451 -0.035874172869834145 -0.036070903784813327 0.06902123728976868 0.061963004800403156 0.031468107169794292 0.033557069514843878 0.070426479213544946 -0.011459119025023314 0.041680445116200837 0.00074822584759445929 0.042305128968866845 0.0076761095114681313 -0.019938876522064334 0.057624436289807769 0.069587796462452389
leaf_weight=501.32297512888908 303.29910896718502 3533.7746364027262 118.26727551221848 330.24078586697578 305.37116168439388 4098.6430168896914 896.26539893448353 99.734491571784019 49.919510990381241 799.73153185844421 731.45763210952282 175.50120820105076 5397.8053160607815 5669.9159981310368 716.57623238861561 39.839445754885674 768.02967900037766 84.368321880698204 380.46449281275272 5526.2928393483162 206.84658378362656 201.55986919999123 198.75009705126286 3098.5801776945591 205.41755142807961 4953.6668946594 120.74270297586918 51.222147881984711 2646.5711385607719 172.53315997123718
leaf_count=1392 796 12271 397 1289 888 12986 2551 360 152 2435 1703 560 18720 18854 2597 174 3363 239 1117 18075 709 568 758 9768 740 15584 428 207 7630 475
internal_value=0.0355196 0.0271394 0.0449618 0.0233726 0.00484576 0.0430382 0.0399146 -0.0150208 0.0771625 0.0264022 0.0833001 0.0430281 0.0252082 0.0276194 0.0291964 0.0516591 -0.0301671 0.0195148 0.038499 0.0356126 0.00945072 0.0397857 0.0180586 0.042174 0.0183375 0.0437073 0.0404051 0.0151293 0.0598267 0.0527985
internal_weight=42382.7 22454.1 19928.6 18151 2551.01 18805.2 15855.3 1404.85 1123.4 15600 1022.26 4303.12 14800.2 11067.7 1146.16 345.211 867.764 800.945 14959.1 9624.94 537.087 3801.8 3732.52 3420.88 380.919 5334.13 3219.32 101.142 2949.87 290.8
internal_count=137786 76113 61673 62657 9619 58739 50313 5721 2934 53038 2575 13456 50603 37574 3898 1062 3723 2836 47762 31061 1998 12064 13029 10764 1300 16701 10196 359 8426 872
is_linear=0
shrinkage=0.05


Tree=4
num_leaves=31
num_cat=0
split_feature=0 51 51 36 51 51 45 27 26 28 8 7 13 28 12 31 51 26 12 27 21 13 13 27 51 8 27 3 13 29
split_gain=1175.19 493.067 487.902 633.006 509.404 395.945 345.504 341.52 331.43 250.436 230.886 223.436 169.256 158.069 101.903 93.9892 76.2428 69.9046 61.7074 58.363 58.0768 56.5689 48.8231 42.8892 41.8718 48.543 59.5821 44.741 40.978 40.055
threshold=0.77111664414405834 -0.020405000075697895 -0.0144250001758337 0.99994999170303356 0.015465000178664924 0.023620000109076503 0.93704998493194591 -0.049274999648332589 0.29365000128746038 0.02793500013649464 -0.042746514081954949 66.477416992187514 0.82800498604774486 0.084514997899532332 -0.1855949983000755 -0.074565000832080827 0.019584999419748787 0.49195000529289251 -0.36626499891281122 -0.085069999098777757 12.839999675750734 0.28958499431610113 1.0069650411605837 -0.014144999906420706 -0.018255000002682206 0.014026582241058351 -0.011334999930113552 0.66562184691429149 0.50984999537467968 0.077064998447895064
decision_type=2 2 2 2 2 2 2 2 2 2 2 2 2 2 2 2 2 2 2 2 2 2 2 2 2 2 2 2 2 2
left_child=2 11 17 10 6 7 28 19 21 -8 20 -2 14 15 -12 -9 -6 18 -1 -3 -4 -7 -21 -18 27 26 -26 -19 -5 -14
right_child=1 5 3 4 16 8 9 13 -10 -11 12 -13 29 -15 -16 -17 23 24 -20 22 -22 -23 -24 -25 25 -27 -28 -29 -30 -31
leaf_value=0.060205936174828792 0.056319773401147646 0.067415669678703868 0.018055070216976971 0.015730546519118625 0.032840953901011757 0.10651649192519846 -0.025153621414559305 0.042931669265663719 0.045571512850491019 0.087413259819311612 0.027729416786923491 0.10220012297699931 0.034375679458533349 0.059910225922743615 0.01916353408461784 0.03228971877139452 0.0901496717596178 0.045008352187183166 0.028411356220737295 0.046167131112307067 0.046149873247453191 0.061762272097677387 0.062609656847910186 0.0067443740597981951 -0.033321656404796618 0.019505448293609964 0.079022841592339119 0.079612638703643671 0.045513195932491826 0.054377062146029165
leaf_weight=265.22317507863045 666.70055130124092 610.85649617016315 205.93844020366669 348.00014594197273 155.7820538431406 419.11138421297073 1500.8310385346413 2523.2585215717554 685.79007874429226 51.092080369591713 5955.3451490402222 440.81901954114437 2374.9985173195601 623.15262985229492 8326.3609465509653 11673.796179801226 149.05157627165318 119.99337160587311 359.3996162712574 1864.6018878668547 1722.5065116435289 84.912385776638985 595.7055781185627 17.19124861061573 13.228174090385435 96.466689690947533 109.45978802442551 421.60468098521233 172.86658927798271 279.79821139574051
leaf_count=737 1882 1627 702 1224 518 867 6377 7753 2055 131 19825 931 7699 1741 28577 37440 365 360 1159 5499 5271 236 1642 61 54 324 296 1073 545 815
internal_value=0.0333763 0.0421476 0.0255565 0.023683 -0.000532125 0.0402651 -0.00962146 0.0384077 0.0681948 -0.0214477 0.026757 0.0745812 0.0248905 0.035263 0.0227354 0.0341811 0.0579736 0.0543069 0.0419118 0.0535828 0.0431496 0.0989768 0.0501483 0.0815247 0.0644841 0.0460436 0.0669099 0.0719459 0.0256149 0.0364837
internal_weight=42833.8 20188.7 22645.1 21259.8 2394.81 19081.2 2072.79 17891.4 1189.81 1551.92 18864.9 1107.52 16936.5 14820.2 14281.7 14197.1 322.025 1385.38 624.623 3071.16 1928.44 504.024 2460.31 166.243 760.753 219.155 122.688 541.598 520.867 2654.8
internal_count=137786 61673 76113 72110 9221 58860 8277 55702 3158 6508 62889 2813 56916 46934 48402 45193 944 4003 1896 8768 5973 1103 7141 426 2107 674 350 1433 1769 8514
is_linear=0
shrinkage=0.05


Tree=5
num_leaves=31
num_cat=0
split_feature=37 27 36 0 0 13 37 27 37 27 27 51 21 37 37 27 13 9 51 51 39 23 12 6 49 37 21 27 27 2
split_gain=1879.81 1091.82 1072.18 459.478 294.393 286.619 220.684 220.397 213.912 275.602 199.59 143.333 134.42 131.01 109.185 108.097 105.488 103.621 101.504 168.305 84.706 79.8646 73.5164 82.4841 60.3153 48.345 46.9052 45.7743 43.4179 42.8362
threshold=-0.42575000226497645 -0.028704999946057793 0.99994999170303356 0.52422085404396068 1.1664114594459536 0.19724499434232715 -0.24374999850988385 0.0025750000495463614 0.14895000308752063 -0.0008150000066962092 -0.063675001263618455 -0.020405000075697895 12.719999790191652 1.0403500199317934 0.62405002117156994 0.010805000085383655 0.82800498604774486 4.5000000000000009 0.022355000488460067 -0.020405000075697895 0.30214999616146093 -22.224999427795407 -0.10785499960184096 0.028091921471059326 0.19835000485181811 1.3593500256538393 13.769999980926515 -0.03613499924540519 -0.0060650000814348451 0.99211043119430553
decision_type=2 2 2 2 2 2 2 2 2 2 2 2 2 2 2 2 2 2 2 2 2 2 2 2 2 2 2 2 2 2
left_child=3 10 4 22 8 6 11 -8 9 -3 13 -4 -12 24 27 -6 -10 -16 19 21 26 -5 -1 28 -2 -17 -15 -14 -24 -7
right_child=1 2 5 18 15 29 7 -9 16 -11 12 -13 14 20 17 25 -18 -19 -20 -21 -22 -23 23 -25 -26 -27 -28 -29 -30 -31
leaf_value=0.062767955745714796 0.058010208328467122 0.028957351946022714 0.1100501564062467 0.019121977695642042 0.034585246792048156 0.016858242003647567 -0.035609946620590742 0.035072763786892856 0.019517576970591997 0.066097294872634979 0.020410099879040331 0.0042879247633694582 0.049980444746992897 -9.8273078991078461e-05 0.038611856893824008 0.06655037042394972 0.030311833955436962 0.017097142269484899 0.10955616852550083 0.066466979842180848 0.056242536577901514 0.10881348938214819 0.021961455929225611 0.054746668802469804 0.080677887398632089 0.043770683624798412 0.03621527800498095 0.039990981050747824 -0.027121139438848991 0.066610615231663992
leaf_weight=253.9372249096632 925.12973685562611 6471.9098102301359 35.251709640026093 26.199062496423721 3334.3275368064642 563.34223116934299 1189.9118191301823 121.55138604342937 13302.741062402725 541.2820950448513 905.06350879371166 351.07605256140232 2616.5340034365654 106.16002477705479 2337.4861970543861 413.86748470366001 2727.4405683726072 735.82017281651497 440.85745948553085 738.46691229939461 608.27786083519459 471.31269109249115 217.95444020628929 188.73362477123737 429.80139972269535 532.71088498830795 547.73418842256069 2041.5317020565271 56.797476336359978 46.86265529692173
leaf_count=695 2474 21044 70 82 10419 1983 5264 391 44878 1487 2961 1324 7601 363 7128 1118 8781 2432 835 1926 1673 890 737 554 1023 1552 1643 6191 225 130
internal_value=0.0315702 0.0290486 0.0240133 0.0746312 0.0267775 -0.00871154 -0.0192749 -0.0290588 0.0245406 0.0318238 0.0423072 0.0139385 0.0386416 0.0544034 0.0407759 0.0388186 0.0213542 0.0334607 0.0889583 0.0816113 0.0428127 0.10409 0.0411443 0.029297 0.0652007 0.0537305 0.0303198 0.0456023 0.011815 0.0206791
internal_weight=43280.1 40885.8 29632.3 2394.26 27324.3 2308 1697.79 1311.46 23043.4 7013.19 11253.5 386.328 8636.44 2617.1 7731.37 4280.91 16030.2 3073.31 1676.84 1235.98 1262.17 497.512 717.423 463.486 1354.93 946.578 653.894 4658.07 274.752 610.205
internal_count=137874 131930 98441 5944 89279 9162 7049 5655 76190 22531 33489 1394 26313 7176 23352 13089 53659 9560 3733 2898 3679 972 2211 1516 3497 2670 2006 13792 962 2113
is_linear=0
shrinkage=0.05


Tree=6
num_leaves=31
num_cat=0
split_feature=37 27 36 28 0 28 45 37 37 28 27 37 28 28 37 37 48 37 25 8 28 27 28 3 8 4 9 9 37 8
split_gain=1669.19 965.808 918.24 421.785 409.702 399.507 295.735 260.693 212.305 212.482 149.225 119.451 104.467 99.6687 92.8974 89.9455 89.8011 87.4053 73.9903 70.9412 62.2345 59.1823 57.1355 50.7729 45.0911 43.971 41.8939 52.1496 40.8988 38.8649
threshold=-0.42575000226497645 -0.031655000522732728 0.9880499839782716 0.062814999371767058 0.50963217020034801 0.021215000189840797 0.93704998493194591 -0.24374999850988385 0.27464999258518225 0.015585000161081554 -0.063675001263618455 0.14504999667406085 0.04170500114560128 0.010875000152736904 1.1693499684333803 0.042950000613927848 0.15955000370740893 0.86984997987747203 1.1043500304222109 -0.01695337891578674 0.084514997899532332 -0.0099049997515976412 0.04170500114560128 1.6358951330184939 -0.070960730314254747 2.5000000000000004 1.5000000000000002 4.5000000000000009 0.57875001430511486 0.0034181475639343266
decision_type=2 2 2 2 2 2 2 2 2 2 2 2 2 2 2 2 2 2 2 2 2 2 2 2 2 2 2 2 2 2
left_child=4 10 3 8 18 6 -4 -8 9 -3 11 -2 -10 -6 26 -7 -13 -5 23 -20 -19 25 -17 -1 -16 -15 28 -28 -12 -23
right_child=1 2 5 17 13 15 7 -9 12 -11 14 16 -14 21 24 22 -18 20 19 -21 -22 29 -24 -25 -26 -27 27 -29 -30 -31
leaf_value=0.045250456644983533 0.077969015957879084 0.022744919927687499 0.020777176312072109 0.059076611830768178 0.057428843561492887 0.070965154705822375 0.0081207166692500114 -0.040239690878758172 0.017361793943411911 0.036298052303368064 0.03922751943259975 0.049970761177940429 0.027854879942507255 0.073697421071201683 0.045256139885289023 0.0081223094068718898 0.015073872841661763 0.030431350176569855 0.077911136916762116 0.0082456083008466304 0.048837778795235522 0.091950762970901878 0.049426033224510085 0.1026900112841857 0.016032405010572331 0.098333535881812983 0.046696501174737517 0.034469216267647533 0.026290155031037384 0.052634302920789015
leaf_weight=348.69522009789944 357.3982557952404 6721.5259369164705 395.86879187822342 752.12535139918327 311.985167324543 116.75922302901745 373.93375939130783 1093.8409072607756 11451.922206148505 5075.6797398775816 1623.310140773654 2087.2523790597916 2991.6283508688211 224.87235350906849 163.54972060024738 269.49243007600307 202.21217314898968 1002.6706488281488 42.773392423987389 250.87157642841339 847.30608469247818 100.86011007428169 121.46466271579266 43.243662536144257 684.15453884005547 930.84107132256031 2573.4652221351862 1318.9659662246704 979.4840302169323 166.81767427921295
leaf_count=1032 829 22105 1355 2021 829 303 1386 5046 38483 15651 4812 5697 9593 532 469 946 650 3087 113 867 2373 226 350 91 2232 1808 7448 4023 3071 446
internal_value=0.0297461 0.0273754 0.0230448 0.0255038 0.070095 -0.00686354 -0.0175753 -0.0279193 0.0235997 0.0285761 0.0409068 0.0510853 0.0195352 0.0830234 0.0372379 0.0324556 0.0468886 0.0447047 0.0373702 0.0183933 0.0388617 0.0886333 0.0209548 0.0515879 0.0216706 0.09354 0.0392696 0.0425532 0.0343589 0.0674486
internal_weight=43625 41204 31214.2 28842.9 2420.96 2371.36 1863.64 1467.77 26240.8 11797.2 9989.79 2646.86 14443.6 1735.38 7342.93 507.716 2289.46 2602.1 685.584 293.645 1849.98 1423.39 390.957 391.939 847.704 1155.71 6495.23 3892.43 2602.79 267.678
internal_count=137874 131930 102699 93313 5944 9386 7787 6432 85832 37756 29231 7176 48076 3841 22055 1599 6347 7481 2103 980 5460 3012 1296 1123 2701 2340 19354 11471 7883 672
is_linear=0
shrinkage=0.05


Tree=7
num_leaves=31
num_cat=0
split_feature=0 51 51 36 26 27 29 51 26 8 51 28 28 27 13 21 13 12 21 24 21 44 5 13 21 27 22 1 3 13
split_gain=808.128 388.822 397.873 365.627 311.123 295.65 248.026 237.078 221.482 188.972 171.302 177.105 167.094 141.736 123.454 98.9103 96.8847 107.065 71.6101 68.1958 64.3678 61.1997 61.0298 50.1886 46.8728 34.9131 34.8983 33.679 33.5437 32.6246
threshold=0.60996302962303173 -0.020405000075697895 0.022355000488460067 0.99994999170303356 1.0000000180025095e-35 -0.038204999640583985 -0.032165000215172761 -0.0144250001758337 0.99970000982284557 -0.015592992305755613 0.014014999847859146 0.019894999451935295 0.084514997899532332 0.047349998727440841 0.80352500081062328 21.980000495910648 0.68557000160217296 -0.19297499954700467 12.465000152587892 0.460879996418953 12.164999961853029 -0.22084999829530713 -0.06980037689208983 0.45953500270843511 20.700000762939457 -0.046745000407099717 0.81545001268386852 -0.65864795446395863 0.96820503473281871 0.28958499431610113
decision_type=2 2 2 2 2 2 2 2 2 2 2 2 2 2 2 2 2 2 2 2 2 2 2 2 2 2 2 2 2 2
left_child=3 8 5 6 29 15 19 22 24 -9 11 -11 14 16 -7 18 17 -8 -3 -1 -12 -17 -5 -10 26 -18 -2 -21 -15 -4
right_child=1 2 4 7 -6 12 13 9 23 10 20 -13 -14 28 -16 21 25 -19 -20 27 -22 -23 -24 -25 -26 -27 -28 -29 -30 -31
leaf_value=0.035520790900808522 0.014439420006973888 0.017883074813345154 0.088346703580915106 0.078240806185200309 0.037763162307607102 0.02420348212960572 0.022861144894488632 0.035086818954686537 0.08391991989716438 -0.023118442968502767 -0.048960178617548478 0.033516916313287806 0.052013320544753897 0.027592455923285304 0.033902899916275465 0.087851889622272417 0.061103472103378235 0.01244234669448956 0.040230675701395539 0.024143132437336536 0.046271783579467415 0.045458568901336406 0.019739141521669414 0.036407509112146963 0.0068896203685797621 0.027339973729674439 0.049424456888768814 0.067991222960604489 0.058781636318302868 0.057273251946544826
leaf_weight=1206.8537961989641 82.706887856125832 385.89906230568886 533.62142916023731 107.23668351769447 906.11807826161385 14057.353599652648 4235.1302682906389 248.26297076046467 614.06220586597919 1324.5449208170176 20.060458451509476 154.09651754796505 663.25019812583923 125.45747861266136 4279.2840745747089 168.3963406085968 79.604091659188271 5902.0542688518763 5043.2733866870403 51.924779608845711 153.63684071600437 172.17486925423145 76.300151839852333 61.113223448395729 95.602103561162949 2005.8971731960773 516.01876683533192 279.60964111983776 275.54684880375862 100.35702334344387
leaf_count=3649 257 1217 1108 261 2646 44890 13770 813 1304 5731 84 487 1781 377 13065 388 208 20053 14442 157 472 478 248 179 304 6407 1408 698 727 265
internal_value=0.0280585 0.0332543 0.0319023 0.0192063 0.056561 0.0303691 0.0220838 -0.000346689 0.0592287 -0.00558714 -0.0116984 -0.0172162 0.0273588 0.0197739 0.0264671 0.0402819 0.0188142 0.0167951 0.0386422 0.0410384 0.0352734 0.0664201 0.0539204 0.0796194 0.0394005 0.0286287 0.0445917 0.0611238 0.0490238 0.0834279
internal_weight=43925.4 27679.2 26309.7 16246.2 1540.1 24769.6 14162.1 2084.14 1369.5 1900.6 1652.34 1478.64 18999.9 12623.7 18336.6 5769.74 12222.7 10137.2 5429.17 1538.39 173.697 340.571 183.537 675.175 694.328 2085.5 598.726 331.534 401.004 633.978
internal_count=137874 83732 80280 54142 4019 76261 46046 8096 3452 7587 6774 6218 59736 41542 57955 16525 40438 33823 15659 4504 556 866 509 1483 1969 6615 1665 855 1104 1373
is_linear=0
shrinkage=0.05


Tree=8
num_leaves=31
num_cat=0
split_feature=0 51 36 51 51 45 51 28 26 29 8 13 23 13 40 21 26 21 28 9 24 13 24 3 51 8 40 8 34 23
split_gain=723.886 336.48 333.467 413.249 268.274 257.207 235.907 207.697 190.229 172.153 154.849 148.263 143.362 129.096 96.7198 86.62 60.2472 53.2142 50.1408 48.2701 47.6521 44.632 41.0214 39.24 39.6162 65.1991 38.9304 35.4897 35.3525 34.6222
threshold=0.79844683408737194 -0.015095000155270098 0.99994999170303356 0.019584999419748787 -0.021805000491440293 0.93704998493194591 0.025005000643432144 -0.0068949998822063199 0.031149999238550666 -0.032165000215172761 -0.072983235120773302 0.82800498604774486 66.58499908447267 0.74462500214576732 1.5000000000000002 15.355000019073488 0.49195000529289251 21.980000495910648 0.089419998228549971 1.5000000000000002 0.18443500250577929 0.56074500083923351 0.39222499728202825 0.67395544052124035 -0.020405000075697895 0.014415144920349123 1.5000000000000002 0.10237324237823488 191.50000000000003 48.32500076293946
decision_type=2 2 2 2 2 2 2 2 2 2 2 2 2 2 2 2 2 2 2 2 2 2 2 2 2 2 2 2 2 2
left_child=1 16 9 5 12 -4 10 -7 -8 20 17 14 -2 15 -11 -12 21 19 -15 -6 -3 22 -1 -18 -25 -26 -19 -13 -22 -5
right_child=4 2 3 29 6 7 8 -9 -10 11 13 27 -14 18 -16 -17 23 26 -20 -21 28 -23 -24 24 25 -27 -28 -29 -30 -31
leaf_value=0.012582592804534862 0.04415918474647583 0.026896834833778333 0.024447569682944384 0.075425581607189207 0.030891692160127951 0.082444042416071811 0.080750226006254713 -0.017286077522467278 0.037909966474142506 0.021109396454825374 0.022284078044598067 0.028271462117166163 0.083306386299909926 0.034653664100803158 0.01303736048901119 0.031327110804384661 0.030706659551482829 0.078768512501147844 0.056693444674688592 0.04761047854956791 0.046307214694384612 0.055651470345411382 0.041421610054300638 0.070061435112469969 0.068264709874881729 0.018980638262079332 0.032770034214293961 0.046772209654621859 0.025532824803834536 -0.004178561053655671
leaf_weight=272.85757906734943 624.64305408298969 1085.2118616551161 581.31642970442772 191.15161673724651 719.44658517837524 53.92531681060791 429.04429863393307 1637.1922953873873 654.30386652052402 8920.3383807986975 6243.0690602362156 2589.7389170527458 373.83296383917332 4665.2383067905903 6354.5783642232418 4598.6441003829241 150.71872980892658 169.95042233169079 273.16802038252354 1079.5383628308773 884.9332305341959 164.56217963993549 224.97779250144958 356.33327354490757 139.99010092020035 128.89603173732758 63.068237438797951 288.04955893754959 266.44800610840321 14.71030981838703
leaf_count=876 1693 3355 1908 442 2099 143 902 6928 1864 29009 19487 8062 760 13757 21302 13795 449 396 703 2941 2500 439 615 833 357 402 183 802 820 52
internal_value=0.0264847 0.0206957 0.0192203 0.0019018 0.0335574 -0.00424348 0.0322227 -0.0141059 0.0548762 0.0213254 0.0308449 0.0197127 0.058816 0.029172 0.0177513 0.0261198 0.0441528 0.0438364 0.0358728 0.0409243 0.0344143 0.0330773 0.0256153 0.0536076 0.0591283 0.0446394 0.0663187 0.0301233 0.0414997 0.0697373
internal_weight=44199.9 24305.9 22867.6 2478.3 19893.9 2272.43 18895.5 1691.12 1083.35 20389.3 17812.1 18152.7 998.476 15780.1 15274.9 10841.7 1438.34 2032 4938.41 1798.98 2236.59 662.398 497.835 775.938 625.219 268.886 233.019 2877.79 1151.38 205.862
internal_count=137874 79294 75323 9473 58580 8979 56127 7071 2766 65850 53361 59175 2453 47742 50311 33282 3971 5619 14460 5040 6675 1930 1491 2041 1592 759 579 8864 3320 494
is_linear=0
shrinkage=0.05


Tree=9
num_leaves=31
num_cat=0
split_feature=37 27 0 0 13 12 8 0 49 27 21 37 27 13 37 37 48 37 27 49 51 51 52 23 25 8 25 26 21 12
split_gain=1391.03 732.494 349.539 303.302 204.071 462.187 165.566 164.068 272.156 137.238 118.164 109.286 144.327 101.19 91.6174 89.9055 89.1278 85.7547 79.4247 77.4427 77.4235 121.593 70.9956 64.6238 61.1858 59.1069 55.7189 49.0798 44.3025 43.4772
threshold=-0.42575000226497645 -0.028704999946057793 0.49232633411884313 0.50963217020034801 0.19724499434232715 -0.1066950000822544 0.015304148197174074 1.1664114594459536 0.14684999734163287 -0.080585002899169908 12.719999790191652 1.0000000180025095e-35 0.0053749999497085818 0.85507500171661388 1.0256499648094179 0.14895000308752063 0.12824999541044238 1.1693499684333803 0.010805000085383655 0.42065000534057623 0.022355000488460067 -0.021805000491440293 4.5000000000000009 -22.224999427795407 1.1043500304222109 -0.01695337891578674 1.0325500369071963 0.99094998836517345 11.414999961853029 -0.11038500070571898
decision_type=2 2 2 2 2 2 2 2 2 2 2 2 2 2 2 2 2 2 2 2 2 2 2 2 2 2 2 2 2 2
left_child=3 9 4 24 5 -3 -7 8 22 14 27 12 -6 17 -2 -10 -16 -12 -9 -13 21 23 -4 -5 -1 -26 -23 28 -11 -27
right_child=1 2 7 20 11 6 -8 18 15 10 13 19 -14 -15 16 -17 -18 -19 -20 -21 -22 26 -24 -25 25 29 -28 -29 -30 -31
leaf_value=0.046517612166578876 0.061019196750870135 0.014031712619477006 0.011862492544405131 0.011271590858357649 0.023950604758785132 -0.03002610381395529 0.020812226913167007 0.027239754127134714 0.029612407332468949 0.025024128607466129 0.032592905647140819 0.0021806403415211124 0.079059122465591269 0.042672540647901776 0.04382499106464427 0.020658950520085397 0.00038879777274008332 0.016859084570442134 0.043275955312869929 0.017766849729500992 0.090803435113723685 0.077840461424503182 -0.004760130541113565 0.092658952138419473 0.069986913721936675 0.047051898061214646 0.048390326245677573 0.056290544685220739 0.0029105374321054095 -0.0036526691081236436
leaf_weight=398.36424779891968 690.29342019557953 2599.22532312572 3036.3955428898335 25.90239754319191 623.59696634113789 1098.5998604595661 187.4815656542778 3512.6342161297798 4093.7292427569628 388.71920715272427 5929.1787594109774 1048.7982112765312 146.77208855748177 2166.3501381725073 688.31147430837154 8898.0234026610851 142.56029479205608 1014.151233792305 989.68132174015045 3319.0880019515753 444.60044707357883 213.54686194658279 814.7018084526062 417.83323675394058 43.977657601237297 53.742769554257393 647.87250827252865 67.50698783993721 542.69578236341476 198.16876661777496
leaf_count=1123 1642 8702 9938 79 2011 4785 626 10632 12691 1189 17254 3650 331 5995 1832 28586 473 3133 2695 10870 835 478 2924 769 113 152 1680 183 1788 715
internal_value=0.0250186 0.0228847 0.0187985 0.0616881 0.0105483 0.00190122 -0.022615 0.0222862 0.0200198 0.0335552 0.0314482 0.0170867 0.03445 0.0332383 0.0475568 0.0234802 0.0363722 0.0302948 0.0307648 0.0140244 0.0727831 0.0666444 0.00834597 0.0879081 0.033725 0.0165018 0.055691 0.0151232 0.0121395 0.00716464
internal_weight=44442.5 41998.5 30368.7 2444.01 9023.56 3885.31 1286.08 21345.2 16842.8 11629.8 10108.6 5138.26 770.369 9109.68 1521.17 12991.8 830.872 6943.33 4502.32 4367.89 1749.76 1305.16 3851.1 443.736 694.253 295.889 861.419 998.922 931.415 251.912
internal_count=137874 131930 98441 5944 30975 14113 5411 67466 54139 33489 29542 16862 2342 26382 3947 41277 2305 20387 13327 14520 3841 3006 12862 848 2103 980 2158 3160 2977 867
is_linear=0
shrinkage=0.05


Tree=10
num_leaves=31
num_cat=0
split_feature=0 8 51 51 51 36 51 27 26 28 26 27 28 49 27 13 24 51 5 6 13 8 48 8 28 13 8 28 6 51
split_gain=610.083 313.515 258.713 227.174 205.099 341.22 261.028 192.608 187.36 187.317 156.425 130.094 94.0297 107.61 80.1168 64.5051 49.0259 50.439 41.189 39.7261 39.5861 38.3152 37.7974 37.2846 39.4691 34.8657 39.4726 34.6645 34.2382 32.5771
threshold=0.72786822915077221 -0.018761783838272091 -0.020405000075697895 0.020314999856054786 -0.015095000155270098 0.99994999170303356 0.015465000178664924 -0.049274999648332589 0.38425000011920935 0.021425000391900543 0.9694499969482423 0.0341550000011921 0.084514997899532332 0.14684999734163287 -0.037124998867511742 0.659815013408661 0.1520350053906441 0.0150649999268353 1.0000000180025095e-35 -1.0000000180025095e-35 0.56751501560211193 -1.0000000180025095e-35 0.1123500019311905 0.014415144920349123 0.01250499999150634 0.98905497789382946 -0.096205174922943101 0.064424999058246626 1.0000000180025095e-35 0.023620000109076503
decision_type=2 2 2 2 2 2 2 2 2 2 2 2 2 2 2 2 2 2 2 2 2 2 2 2 2 2 2 2 2 2
left_child=1 14 10 7 21 11 9 25 29 -7 -2 15 13 -9 22 -6 17 -16 -8 -18 -12 -3 -1 24 -23 26 -4 -10 -21 -5
right_child=2 4 3 8 5 6 18 12 27 -11 20 -13 -14 -15 16 -17 19 -19 -20 28 -22 23 -24 -25 -26 -27 -28 -29 -30 -31
leaf_value=0.033550358051996514 0.034381726363068944 0.015703682427690793 0.046771121873772387 0.044572532796769912 0.013087523871365501 -0.017990533697176243 0.01677836613402247 0.020186028175837964 0.019815543720690651 0.034052377907409719 0.073810812899618009 0.037377326703623349 0.04338013489456468 0.028348177058386666 0.017631459855385348 0.021922949962632721 0.025360500417485627 0.044175439527994582 0.059510803964119841 0.053376031825400995 0.02605660137329547 0.036060063699354598 0.05225175346939534 0.03444816459223729 0.075277315914212925 0.046713691958757804 0.031457405957233092 0.039546184218208498 0.030334820135960557 0.071600407691251478
leaf_weight=1003.5920550525188 626.81047116219997 134.25127416849136 543.1327985227108 139.98607717454433 10179.513961583376 1612.1363855004311 91.199423432350159 8773.8662291914225 370.86239410936832 193.67045843601227 554.53389112651348 676.66940206289291 646.95563672482967 7481.5518715679646 2141.1048562973738 2591.6982437521219 1207.1911210715771 195.29121488332748 147.74332402646542 292.58375850319862 47.081522762775421 108.2623325586319 369.71121329069138 349.26883925497532 157.48066987097263 844.13091027736664 1868.2378511279821 556.86517706513405 359.12155956029892 547.64354069530964
leaf_count=2883 1723 412 1402 370 33661 6926 298 27077 1143 589 1172 1907 1710 22508 6921 8160 3746 544 384 815 137 305 930 985 362 2193 5258 1515 1090 1180
internal_value=0.023856 0.0178648 0.0295369 0.0282774 0.0143547 0.0131191 -0.00591063 0.0268316 0.046319 -0.012409 0.0518617 0.0160125 0.0246866 0.0239427 0.0281027 0.0148805 0.0246714 0.0198502 0.0432007 0.030731 0.0700736 0.039904 0.038585 0.0451867 0.0593004 0.0379681 0.0349066 0.0316588 0.0406792 0.0660981
internal_weight=44812.1 21810.5 23001.7 21773.2 16241.9 15492.6 2044.75 20157.9 1615.36 1805.81 1228.43 13447.9 16902.4 16255.4 5568.6 12771.2 4195.29 2336.4 238.943 1858.9 601.615 749.263 1373.3 615.012 265.743 3255.5 2411.37 927.728 651.705 687.63
internal_count=138306 70918 67388 64356 53989 51925 8197 60148 4208 7515 3032 43728 51295 49585 16929 41821 13116 7465 682 5651 1309 2064 3813 1652 667 8853 6660 2658 1905 1550
is_linear=0
shrinkage=0.05


Tree=11
num_leaves=31
num_cat=0
split_feature=37 27 36 28 28 28 37 45 37 37 21 28 8 37 37 28 13 15 8 27 35 21 27 37 37 27 9 8 34 7
split_gain=1227.14 590.088 582.339 348.106 311.233 233.867 208.859 219.625 177.531 172.421 172.698 153.134 127.3 122.713 106.783 106.469 93.1166 91.9843 87.1691 71.2487 67.5676 67.1306 59.21 56.7365 52.6148 52.0469 50.8965 46.7631 45.2716 45.1091
threshold=-0.46124999225139612 -0.022005000151693817 0.99994999170303356 0.021215000189840797 0.04170500114560128 0.010555000044405462 -0.24374999850988385 0.93704998493194591 0.57875001430511486 0.013050000183284284 12.429999828338625 0.021004999987781051 -0.079642981290817247 1.0000000180025095e-35 -0.10374999791383742 -0.0045450001489371053 0.89646500349044811 0.99994999170303356 -0.01695337891578674 -0.0099049997515976412 3.5000000000000004 11.414999961853029 -0.01164499996230006 -0.22504999488592145 1.0847499966621401 -0.012794999871402977 1.5000000000000002 -0.013822317123413084 14.500000000000002 44.505792617797859
decision_type=2 2 2 2 2 2 2 2 2 2 2 2 2 2 2 2 2 2 2 2 2 2 2 2 2 2 2 2 2 2
left_child=5 9 4 6 8 18 17 -8 11 15 21 -3 26 -6 -5 -2 -14 -4 -1 -7 -10 -11 -16 -17 -15 27 -12 29 -27 -20
right_child=1 2 3 14 13 19 7 -9 20 10 12 -13 16 24 22 23 -18 -19 25 -21 -22 -23 -24 -25 -26 28 -28 -29 -30 -31
leaf_value=0.059852225715976551 0.071408459108263156 0.014298554914021322 -0.026229185046338407 0.076923174131518279 0.062844555708463756 0.075618854299190574 0.0099054545311302779 -0.040219121581177734 0.018696597960806517 0.020541486644973704 0.029258096997670603 0.02524943305507843 0.023717753164757997 0.03177618677937584 -0.022096696055540061 0.057649571617853515 0.034846050512706631 0.024917272945628451 -0.059135510765578075 0.052030901534844493 0.0027905624878013699 -0.0017782206803658919 0.026335576228943405 0.032625810804823317 0.022052969592466914 0.05137347389079451 0.046013137099696427 0.049854714130767537 -0.0024269400261984859 0.084801641013595816
leaf_weight=224.93440996110439 283.74971361458302 9994.8078573793173 121.71787641942501 91.61130765080452 248.44137993454933 1134.5267107635736 279.53480562567711 1001.4408785253763 838.9761825799942 679.99894331395626 707.24391885101795 4690.5624027103186 8486.2052087336779 2790.7587091177702 77.611398175358772 285.37040792405605 2414.6667421758175 316.45921535789967 20.056217476725582 445.98345953226089 3269.6720428466797 667.65978261828423 337.62754900753498 1098.3044873923063 2774.5806560516357 47.722643464803696 1262.0618612468243 181.93109472095966 216.45004619657993 7.4708227813243857
leaf_count=548 635 32480 520 201 581 2317 976 4839 2701 2086 1970 14385 25371 8166 280 712 6754 1085 77 1136 11091 2221 1041 3150 8327 138 3271 470 761 16
internal_value=0.0225666 0.0206594 0.016138 -0.00835206 0.0183534 0.0583146 -0.0190881 -0.0292809 0.0152259 0.0282971 0.0265132 0.0177963 0.0282964 0.0284635 0.0280629 0.0435082 0.0261828 0.0107097 0.0342227 0.0689629 0.00603854 0.00948381 0.0172832 0.0377867 0.0269287 0.0220509 0.0399958 0.0406651 0.00729207 -0.0200711
internal_weight=44998.1 42719.1 26833.8 2226 24607.8 2279.08 1719.15 1280.98 18794 15885.3 14217.8 14685.4 12870.2 5813.78 506.85 1667.42 10900.9 438.177 698.565 1580.51 4108.65 1347.66 415.239 1383.67 5565.34 473.631 1969.31 209.458 264.173 27.527
internal_count=138306 132843 86673 8942 77731 5463 7420 5815 60657 46170 41673 46865 37366 17074 1522 4497 32125 1605 2010 3453 13792 4307 1321 3862 16493 1462 5241 563 899 93
is_linear=0
shrinkage=0.05


Tree=12
num_leaves=31
num_cat=0
split_feature=37 27 36 28 28 28 37 45 37 27 37 28 35 37 37 15 37 35 8 27 27 35 49 7 13 39 24 51 7 24
split_gain=1117.4 527.977 522.203 315.609 278.381 216.957 192.071 194.906 158.728 154.253 142.214 136.521 125.379 119.604 110.574 97.4984 96.3166 90.7796 77.9019 69.7369 66.1125 60.5377 60.0806 52.084 51.0281 48.0808 47.7529 47.3994 46.4984 45.7687
threshold=-0.46124999225139612 -0.022005000151693817 0.99994999170303356 0.021215000189840797 0.04170500114560128 0.010555000044405462 -0.26395000517368311 0.93704998493194591 0.57875001430511486 -0.052374999970197671 -0.1759499981999397 0.021004999987781051 1.5000000000000002 1.0121499896049502 1.0000000180025095e-35 0.99994999170303356 -0.22504999488592145 23.500000000000004 -0.01695337891578674 -0.0099049997515976412 -0.01164499996230006 3.5000000000000004 0.19835000485181811 36.626054763793952 0.52766501903533947 1.8339500427246096 -0.039505001157522195 0.015935000032186512 21.154769897460941 -0.010395000223070381
decision_type=2 2 2 2 2 2 2 2 2 2 2 2 2 2 2 2 2 2 2 2 2 2 2 2 2 2 2 2 2 2
left_child=5 9 4 6 8 18 15 -8 11 13 -11 -3 26 22 -6 -4 -5 -14 -1 -7 -18 -10 -2 -15 -25 -16 -12 28 -20 -30
right_child=1 2 3 16 14 19 7 -9 21 10 12 -13 17 23 25 -17 20 -19 27 -21 -22 -23 -24 24 -26 -27 -28 -29 29 -31
leaf_value=0.056535821129738234 0.036939366763603987 0.01353409099382724 -0.02862777837437951 0.079848481124174059 0.059478033817482623 0.07247281368764745 0.009173727489953409 -0.037861660907469313 0.017675439626407375 0.053391505646066706 0.033834987362845036 0.023848151735910136 0.026378181498226003 0.035720611290243044 0.024497616881178415 0.026753867427352907 -0.022979579438290876 0.013925168079893814 -0.033688425420519356 0.049153556676105464 0.026999592504914918 0.0026490802926552566 0.053988240339394367 0.008515646513495987 0.029740985099030878 0.048054653119459084 -0.00020627349004392464 0.046794625892829816 -0.017316161345177054 0.029416048411787982
leaf_weight=226.18778751790524 1685.4011067450047 10030.444997891784 108.83236093819141 72.676684781908989 249.35209468007088 1124.8276100158691 281.06490470468998 1017.904022410512 842.9677466750145 391.67733785510063 119.47622103989124 4717.1546363979578 8634.4467303752899 734.44787277281284 5368.1663086414337 294.56383435428143 81.342001736164093 1762.1169765889645 49.348343446850777 448.41890367865562 354.69041971862316 3272.0216926783323 745.25076377391815 594.0764240026474 541.06124900281429 225.71365229785442 748.03357465565205 128.68325623869896 67.936147332191467 229.00500054657459
leaf_count=548 4440 32480 470 149 581 2317 979 4991 2701 993 341 14385 25452 1962 15905 980 296 5448 192 1136 1077 11091 1802 1815 1497 588 2420 333 252 685
internal_value=0.0213647 0.019553 0.0152809 -0.00799865 0.0173644 0.0555168 -0.0183251 -0.0276844 0.0144103 0.0267597 0.0237736 0.0168331 0.0227437 0.0348534 0.0269003 0.0118124 0.0265582 0.0242675 0.0323848 0.0658262 0.017676 0.00572727 0.0421666 0.0253455 0.0186327 0.0254481 0.004482 0.0208838 0.0112552 0.0187243
internal_weight=45147.3 42872.9 26916.9 2211.07 24705.8 2274.41 1702.37 1298.97 18862.6 15956 11655.8 14747.6 11264.1 4300.24 5843.23 403.396 508.709 10396.6 701.161 1573.25 436.032 4114.99 2430.65 1869.59 1135.14 5593.88 867.51 474.973 346.289 296.941
internal_count=138306 132843 86673 8942 77731 5463 7420 5970 60657 46170 34654 46865 33661 11516 17074 1450 1522 30900 2010 3453 1373 13792 6242 5274 3312 16493 2761 1462 1129 937
is_linear=0
shrinkage=0.05


Tree=13
num_leaves=31
num_cat=0
split_feature=0 29 36 28 21 24 29 9 9 28 29 25 13 49 1 0 8 6 21 28 6 33 33 34 25 23 21 12 13 22
split_gain=455.947 220.537 180.761 159.178 154.128 133.574 99.4038 88.8163 138.598 82.9178 81.5948 80.8928 77.4361 66.0183 64.5811 64.4792 59.611 57.5935 55.5993 53.9668 47.9911 43.7833 40.233 35.773 35.2265 34.5565 33.958 33.4949 32.1993 37.0239
threshold=0.58079209923744213 -0.016715000383555886 0.99994999170303356 0.010555000044405462 12.429999828338625 -0.0085749998688697798 0.068104997277259841 5.5000000000000009 2.5000000000000004 0.056025000289082534 -0.034785000607371323 1.677650034427643 0.22438500076532367 0.39294999837875372 0.0022181395906955008 0.3884511291980744 -0.018277436494827267 0.0049536300357431182 26.170000076293949 0.040555000305175788 -0.16557452827692029 -0.08184999972581862 1.3771499991416933 191.50000000000003 1.4380499720573428 86.064998626708999 16.945000648498539 -0.0017750000115483997 1.0069650411605837 3.1085499525070195
decision_type=2 2 2 2 2 2 2 2 2 2 2 2 2 2 2 2 2 2 2 2 2 2 2 2 2 2 2 2 2 2
left_child=1 17 6 12 19 9 13 8 16 11 -10 25 18 -3 22 -15 -7 23 -4 28 -13 -5 -9 -1 -23 -6 -25 -16 -2 -30
right_child=4 2 3 21 5 7 -8 14 10 -11 -12 20 -14 15 27 -17 -18 -19 -20 -21 -22 24 -24 26 -26 -27 -28 -29 29 -31
leaf_value=0.033376311273905411 0.0064386728745206472 0.0053206821362430205 -0.021986750529494541 -0.009835155504790194 0.022766610260061777 0.031283338306258304 0.034033815089386243 0.0089013647039715149 0.051459801188890486 0.029199620740176808 0.03387937513269678 0.032065540710948519 0.017322660046079061 0.009508322943758956 0.02762732825402783 0.019305628410824255 0.022885847227128119 0.015816900163728088 0.1204372607740139 0.026156308642090204 0.012819668521622477 0.026761033724346434 0.053139334759575621 0.024237436221517018 -0.012702335315130577 0.048106434582882406 -0.0091268247558835974 0.006230441560691382 0.013718392526313553 0.045741862306005604
leaf_weight=1588.2875073999166 1822.3514596521854 2985.0149379074574 979.03579005599022 138.78532692790031 4693.5333728194237 4112.2536693513393 515.81203252077103 1040.2829252034426 959.14246200025082 2495.6378805190325 2116.1565000712872 350.18441632390022 152.25331555306911 3465.6429272890091 2141.8273823857307 3258.2379958182573 4347.6175065785646 1168.6450884789228 6.900701016187667 627.09759174287319 4317.2093784958124 450.41403350234032 54.067573621869087 423.33074234426022 64.6673274487257 138.51405955851078 93.02210459113121 199.9790026396513 453.90907292068005 112.65985621511936
leaf_count=4547 5879 9954 4458 537 14251 11486 1431 3206 2421 7029 5955 1014 542 11339 6105 10225 12794 3651 20 1826 13480 1499 135 1270 255 361 312 623 1393 308
internal_value=0.0202383 0.0132118 0.0100778 -0.00457025 0.0238216 0.0250205 0.0126451 0.0281703 0.0302722 0.0210891 0.0393625 0.0189583 -0.0158649 0.0115087 0.0211143 0.0142559 0.0269678 0.0247174 -0.0209899 0.0131021 0.0142636 0.0150905 0.011087 0.0296595 0.0218065 0.023493 0.0182268 0.0258001 0.00967537 0.0200861
internal_weight=45272.5 15290 12016.8 1792.06 29982.4 26966.4 10224.7 14971.3 11535.2 11995.1 3075.3 9499.44 1138.19 9708.9 3436.16 6723.88 8459.87 3273.29 985.936 3016.02 4667.39 653.867 1094.35 2104.64 515.081 4832.05 516.353 2341.81 2388.92 566.569
internal_count=138306 50040 40260 7311 88266 78860 32949 42725 32656 36135 8376 29106 5020 31518 10069 21564 24280 9780 4478 9406 14494 2291 3341 6129 1754 14612 1582 6728 7580 1701
is_linear=0
shrinkage=0.05


Tree=14
num_leaves=31
num_cat=0
split_feature=37 36 8 45 37 28 28 13 28 6 13 0 37 37 25 8 22 12 13 29 13 51 8 7 7 24 31 21 9 13
split_gain=1034.91 404.298 294.659 230.724 353.653 216.922 221.355 198.618 195.397 169.615 112.689 107.278 85.6557 73.4541 70.0051 65.7537 60.6109 52.3541 52.3134 47.8192 44.4326 41.5134 42.954 42.3881 40.9537 40.3566 39.5621 38.4018 60.8137 37.64
threshold=-0.46124999225139612 0.96114999055862438 -0.056433588266372674 0.93704998493194591 -0.24374999850988385 0.033324999734759338 -0.007945000194013117 0.82800498604774486 0.010555000044405462 1.0000000180025095e-35 0.17069999873638156 0.73590123653411876 1.0000000180025095e-35 0.028150000609457496 1.1755500435829165 -0.01695337891578674 2.2883499860763554 -0.25647500157356257 38.526519775390632 0.027025000192224983 133.84338378906253 0.015935000032186512 -0.008403807878494261 39.414964675903327 21.154769897460941 -0.010395000223070381 -0.023744999431073662 13.769999980926515 4.5000000000000009 0.51586499810218822
decision_type=2 2 2 2 2 2 2 2 2 2 2 2 2 2 2 2 2 2 2 2 2 2 2 2 2 2 2 2 2 2
left_child=8 2 17 29 11 6 -6 9 15 13 -11 14 20 -4 -5 -1 -10 -2 -14 -7 -9 24 23 -23 26 -26 -17 -19 -29 -3
right_child=1 3 7 4 5 19 -8 12 16 10 -12 -13 18 -15 -16 21 -18 27 -20 -21 -22 22 -24 -25 25 -27 -28 28 -30 -31
leaf_value=0.052380577348491379 0.035201299948952554 0.011435025447839663 0.026561318699013438 0.022889663346688259 0.063114213275925243 0.017291604429245801 -0.034664679658152682 0.035514874942390341 0.042368542217528241 -0.013272561748709683 0.011576933224678671 0.061565593087481413 0.023010742492440991 0.017060548570517708 -0.023894091207085567 0.091017389443515229 0.066962011287370629 0.01087706938076051 -0.0046290797396319767 0.092301281567527052 0.076018112295127768 -0.02941223417180119 0.064480031748424205 0.077136221979770103 -0.016401494945644832 0.027576404219623159 -0.048399804636678465 0.032811096323250244 0.013531515877078643 0.032009335028448486
leaf_weight=227.13572119176388 2496.6619485318661 571.73508846759796 2398.4146223962307 296.41327227652073 60.823257118463516 45.333027243614197 1196.6598322242498 794.82951575517654 313.66678658127785 475.45137377083302 11285.894925415516 136.09843178093433 6724.9514312148094 13404.608916595578 109.50035956501961 5.773200497031211 1244.5224543660879 405.24303798377514 175.66345538198948 39.991329118609428 74.016988351941109 30.182386547327042 85.485676184296608 13.513886883854864 67.455904737114906 230.1400211006403 42.901770040392876 1539.9888150990009 556.94677610695362 363.72057691216469
leaf_count=548 6689 1863 7075 1037 154 139 5689 2191 772 1681 35762 311 19644 41215 462 14 2681 1225 567 84 153 105 198 30 252 685 178 4208 1640 1054
internal_value=0.0191644 0.0174367 0.0187165 -0.000865255 -0.0109403 -0.0247004 -0.0299352 0.0171091 0.0521408 0.0151188 0.0105724 0.0231496 0.02417 0.0185025 0.0102692 0.0302501 0.0620113 0.0300787 0.0223071 0.0524485 0.0389653 0.0196778 0.0438668 0.00353986 0.0106537 0.017608 -0.0318639 0.0249674 0.0276904 0.0194347
internal_weight=45413.7 43152.9 40332.7 2820.28 1884.82 1342.81 1257.48 35333.8 2260.78 27564.4 11761.3 542.012 7769.46 15803 405.914 702.589 1558.19 4998.84 6900.61 85.3244 868.847 475.453 129.182 43.6963 346.271 297.596 48.675 2502.18 2096.94 935.456
internal_count=138306 132843 122050 10793 7876 6066 5843 108288 5463 85733 37443 1810 22555 48290 1499 2010 3453 13762 20211 223 2344 1462 333 135 1129 937 192 7073 5848 2917
is_linear=0
shrinkage=0.05


Tree=15
num_leaves=31
num_cat=0
split_feature=37 27 28 0 12 13 30 37 37 37 37 27 21 3 28 51 37 27 12 21 35 51 51 1 35 35 30 27 51 25
split_gain=955.821 398.825 314.954 249.642 229.937 518.332 192.861 157.871 105.562 100.142 97.8285 132.148 94.6291 76.8391 74.1802 106.133 69.7254 63.1113 55.625 51.4445 65.4575 50.5531 59.8331 48.4102 48.0543 61.7581 44.6596 43.7159 40.5084 39.7889
threshold=-0.39065000414848322 -0.031655000522732728 0.04170500114560128 0.69940707087516796 -0.091135002672672258 0.20531500130891803 0.018594999797642234 0.78055000305175792 0.78055000305175792 0.14895000308752063 1.1693499684333803 -0.080585002899169908 12.164999961853029 1.1167351603507998 0.089419998228549971 0.099989999085664763 0.19934999942779544 0.011485000140964987 -0.088974997401237474 15.490000247955324 21.500000000000004 -0.017055000178515908 0.019584999419748787 0.033482771366834647 3.5000000000000004 22.500000000000004 0.013985000085085632 -0.076744999736547456 0.023620000109076503 2.369750022888184
decision_type=2 2 2 2 2 2 2 2 2 2 2 2 2 2 2 2 2 2 2 2 2 2 2 2 2 2 2 2 2 2
left_child=3 10 4 12 7 6 -6 16 17 -7 11 -2 26 19 29 -16 -3 -4 28 -12 -21 -14 23 -23 -13 -26 -1 -15 -5 -10
right_child=1 2 8 18 5 9 -8 -9 14 -11 13 24 21 27 15 -17 -18 -19 -20 20 -22 22 -24 -25 25 -27 -28 -29 -30 -31
leaf_value=-0.019885863840767459 0.046553699181582232 0.019557483472779431 0.026721939818377463 0.041347254594853416 -0.028386872125885768 0.019717787343300569 0.0075753656713678291 0.00018436367534624385 0.018615345218537208 0.0066973521778483777 -0.0031855368676531465 0.016038828736476923 0.058863823756518774 0.034290119736781297 0.039513036697358811 -0.014622180600887208 0.012796445654348796 0.045212805022858529 0.071346090435171095 0.034476092526057524 -0.026094107061853829 0.043229728665503078 0.059077050373860684 0.017501884309950911 0.029450551256857433 0.017775170975520657 0.034973172148741807 0.013963355309283974 0.074794550803534116 0.0064394355241574504
leaf_weight=116.83583436906338 781.34474124014378 7069.1487800776958 1677.8324264138937 360.32213500142097 1394.0851848274469 2127.2429584860802 508.90662585198879 1781.0897262096405 2366.3620113730431 4829.2391601353884 668.67795144021511 1259.3823640495539 221.11093717813492 519.49910353124142 678.02748367190361 104.49049024283886 8279.6459493786097 636.52285507321358 783.88468208909035 223.25363971292973 55.741626784205437 283.08087460696697 172.56033617258072 516.33725714683533 4864.036165073514 1476.4443409740925 54.359329730272293 538.89732696115971 120.89674863219261 936.50142835080624
leaf_count=422 1872 21627 4806 883 6161 6524 1743 5962 7069 15724 2097 3669 494 1357 1744 343 26247 1627 1624 604 189 771 392 1589 13427 4293 149 1592 244 2904
internal_value=0.0178723 0.0160738 0.0133397 0.0471326 0.010893 0.00435343 -0.0187697 0.0142752 0.0232757 0.0106789 0.024599 0.026973 0.0322967 0.0146808 0.0184424 0.0322843 0.0159104 0.0318075 0.0631315 0.00433935 0.0223745 0.0372849 0.032376 0.0266123 0.0249599 0.0267318 -0.00246656 0.0239405 0.0497502 0.015163
internal_weight=45405.8 42776.4 32389.1 2629.39 25989.4 8859.47 1902.99 17129.9 6399.74 6956.48 10387.3 8381.21 1364.28 2006.07 4085.38 782.518 15348.8 2314.36 1265.1 947.673 278.995 1193.09 971.978 799.418 7599.86 6340.48 171.195 1058.4 481.219 3302.86
internal_count=138149 131581 102481 6568 83988 30152 7904 53836 18493 22248 29100 23261 3817 5839 12060 2087 47874 6433 2751 2890 793 3246 2752 2360 21389 17720 571 2949 1127 9973
is_linear=0
shrinkage=0.05


Tree=16
num_leaves=31
num_cat=0
split_feature=37 36 45 27 0 28 29 37 28 37 28 37 21 37 28 16 13 8 12 28 8 27 28 1 15 48 2 21 13 23
split_gain=875.383 407.208 274.507 251.482 236.404 182.28 190.001 203.384 180.382 172.605 121.477 98.5618 85.0794 78.6858 76.7558 58.376 54.6446 56.5871 53.6995 51.0888 48.6519 45.9756 66.4917 50.1576 49.0754 45.6044 37.2196 30.6174 29.9631 26.7776
threshold=-0.39065000414848322 0.99994999170303356 0.93704998493194591 -0.038204999640583985 0.69940707087516796 -0.007945000194013117 0.021385000087320808 -0.22504999488592145 0.05728499963879586 0.40475000441074377 0.029494999907910827 0.32635000348091131 12.164999961853029 0.86984997987747203 -0.001334999979007989 1.0083499550819399 0.88298499584198009 -0.075094491243362413 -0.088974997401237474 0.028535000048577789 -0.059214711189270013 -0.015944999642670151 0.013335000257939102 -0.017496588639914986 1.0072500109672549 0.14424999803304675 0.53927075862884533 12.719999790191652 0.51586499810218822 -18.304999351501461
decision_type=2 2 2 2 2 2 2 2 2 2 2 2 2 2 2 2 2 2 2 2 2 2 2 2 2 2 2 2 2 2
left_child=4 3 28 11 12 -4 7 -7 9 10 -5 14 15 -10 -2 29 17 -13 -6 -8 -11 -14 23 -23 -24 -15 -17 -18 -3 -1
right_child=1 2 5 8 18 6 19 -9 13 20 -12 16 21 25 -16 26 27 -19 -20 -21 -22 22 24 -25 -26 -27 -28 -29 -30 -31
leaf_value=0.0024153884502187903 0.052174663546457459 0.011143628032423285 0.064620043845223282 0.014854479491329863 0.04758637839950982 0.0082585122742947926 -0.0065089017724063933 -0.034683685068604808 0.036771462517110692 0.024095272022738569 0.02730659727448689 0.027474861409506536 0.055294042111929453 0.021820242687845118 0.028561678723305114 -0.019663021735082508 0.0099757023863684367 0.015159212261669519 0.068914335350765979 0.074562364149764929 0.0080361703608011897 0.047630064014406663 0.067865651849819505 0.012134805108432718 0.031475670001190441 -0.012315347277995985 0.065585853729009089 0.032444039078234573 0.030421105687511902 -0.046516656963889819
leaf_weight=52.845141217112541 479.20127876102924 508.07572327554226 66.727804318070412 14967.899009913206 478.05330355465412 366.1662322729826 27.888935893774033 1116.4508472084999 1054.5916207283735 491.62069948017597 2253.4798647612333 1325.2990123480558 233.14676178991795 2252.0249314308167 1221.1608416736126 18.897345051169395 171.31426291167736 3148.5489049106836 771.28726291656494 64.089196562767029 11596.050194114447 127.46747876703739 160.12530210614204 454.02784173190594 219.8613176047802 102.28745363652706 39.705833747982979 1319.1629139631987 334.13127245008945 59.371146321296692
leaf_count=174 1122 1645 163 46168 1127 1369 102 5464 2768 1418 6431 3544 542 6399 3303 65 511 9198 1624 142 37060 339 349 1443 573 335 97 3482 957 235
internal_value=0.0169498 0.0152366 -0.00441433 0.0164451 0.0450361 -0.0163219 -0.0197521 -0.0240781 0.0145354 0.0132692 0.0164839 0.0245973 0.0306553 0.0254213 0.0352164 -0.00235069 0.0215699 0.0188075 0.0607533 0.0499805 0.00868931 0.0353748 0.0305446 0.0199156 0.0468103 0.0203372 0.0380963 0.0298615 0.0187916 -0.0234735
internal_weight=45481 42866.2 2483.53 40382.6 2614.79 1641.32 1574.6 1482.62 32718 29309 17221.4 7664.69 1365.45 3408.9 1700.36 170.819 5964.33 4473.85 1249.34 91.9781 12087.7 1194.63 961.482 581.495 379.987 2354.31 58.6032 1490.48 842.207 112.216
internal_count=138149 131581 9842 121739 6568 7240 7077 6833 100579 91077 52599 21160 3817 9502 4425 571 16735 12742 2751 244 38478 3246 2704 1782 922 6734 162 3993 2602 409
is_linear=0
shrinkage=0.05


Tree=17
num_leaves=31
num_cat=0
split_feature=37 36 45 0 27 29 29 37 29 12 13 37 51 27 8 27 31 51 9 12 51 29 9 51 22 2 16 22 27 7
split_gain=803.718 382.753 267.94 245.792 231.641 165.051 166.372 136.739 133.54 124.638 140.2 101.723 66.3591 93.1067 68.3055 63.6598 63.6409 58.6556 58.3176 52.0456 51.1834 47.3722 42.556 40.7672 40.1534 39.8141 39.2157 32.5318 31.373 31.1555
threshold=-0.3620499968528747 0.99994999170303356 0.93704998493194591 0.69940707087516796 -0.049274999648332589 0.025404999963939193 -0.01792499981820583 -0.22504999488592145 0.13257999718189242 -0.26396499574184412 0.80352500081062328 1.0256499648094179 -0.0144250001758337 -0.015944999642670151 0.013567268848419191 -0.149895004928112 -0.077854998409748064 -0.09999500215053557 5.5000000000000009 -0.088974997401237474 -0.020405000075697895 0.019995000213384632 2.5000000000000004 0.023620000109076503 2.0220500230789189 0.24950592964887622 1.0404500365257265 4.7632999420166025 -0.02835499960929155 37.846473693847663
decision_type=2 2 2 2 2 2 2 2 2 2 2 2 2 2 2 2 2 2 2 2 2 2 2 2 2 2 2 2 2 2
left_child=3 4 -3 12 11 6 28 -8 9 16 -11 15 14 -14 24 -2 -6 29 -19 23 -16 25 -17 -5 -1 -15 -22 -10 -4 -13
right_child=1 2 5 19 8 -7 7 -9 27 10 -12 17 13 21 20 22 -18 18 -20 -21 26 -23 -24 -25 -26 -27 -28 -29 -30 -31
leaf_value=0.012732215697520245 0.0545568331483837 0.01764267230879684 0.067009071806410123 0.037913619498963755 0.025283931550537965 0.060503371186435832 0.0052617794026855753 -0.03317725958408662 0.023241960023607195 0.009751409210935931 0.018148434169476764 0.054889540969356831 0.053031799611579868 -0.0042878895156133034 0.070237429780317995 0.023760599728716567 0.01604548753789593 0.025526121580245167 0.0056726577486083231 0.066103618119543392 -0.010710557146575915 0.044673764845908376 0.036801981374568547 0.071171064652990876 0.074139306848107989 0.019176060478130225 0.067561380414044872 0.043512506364987776 0.0065856064924521276 -0.019691132837960593
leaf_weight=31.226338177919388 280.57690946757793 843.18803818523884 57.448076754808426 395.74608497321606 2646.3551358133554 65.165430948138237 292.97277583181858 1100.120265558362 360.80016805231571 19147.646707624197 6713.9093963205814 15.547808513045309 200.68343241512775 277.10239830613136 38.635541558265686 1431.2000569105148 6306.692538112402 1249.9522403478622 525.34459689259529 784.64470259845257 89.605824321508408 120.35875222086906 1111.2214471548796 120.11198572814465 180.50596974790096 520.15703856945038 19.481691762804985 438.48070828616619 34.31408654153347 140.93916185200214
leaf_count=86 628 2598 130 978 7561 158 1124 5456 1005 60145 19737 36 477 952 80 3865 19122 3397 1548 1690 276 301 2837 251 374 1599 43 1098 126 471
internal_value=0.0160808 0.0143877 -0.00504055 0.0421403 0.0155394 -0.0173799 -0.0207979 -0.0250934 0.0141555 0.0136916 0.0119314 0.0259052 0.0281888 0.0221817 0.0468773 0.0319549 0.0187762 0.0170644 0.0196511 0.0579934 0.0207831 0.0154348 0.0294606 0.0456573 0.065083 0.0110207 0.00326785 0.0343623 0.044414 -0.0122811
internal_weight=45540.1 42761.9 2393.21 2778.26 40368.7 1550.02 1484.86 1393.09 35613.9 34814.6 25861.6 4754.78 1477.76 1118.3 359.455 2823 8953.05 1931.78 1775.3 1300.5 147.723 917.618 2542.42 515.858 211.732 797.259 109.088 799.281 91.7622 156.487
internal_count=138149 131042 9592 7107 121450 6994 6836 6580 108668 106565 79882 12782 4188 3329 859 7330 26683 5452 4945 2919 399 2852 6702 1229 460 2551 319 2103 256 507
is_linear=0
shrinkage=0.05


Tree=18
num_leaves=31
num_cat=0
split_feature=37 36 45 0 8 13 28 28 37 6 13 6 37 21 3 7 2 12 24 37 33 51 51 1 21 9 49 18 9 13
split_gain=738.949 328.983 226.465 211.959 188.64 155.829 152.688 167.919 146.539 111.748 119.436 83.8679 83.1882 75.2854 53.9449 53.0019 56.8692 46.9879 46.5597 46.4996 44.7275 41.9569 50.7949 40.0831 34.5403 51.5384 32.629 30.9965 28.4667 26.8174
threshold=-0.39065000414848322 0.99994999170303356 0.93704998493194591 0.69940707087516796 -0.059214711189270013 0.88298499584198009 -0.007945000194013117 0.024865000508725647 -0.24374999850988385 1.0000000180025095e-35 0.14908999949693683 -1.0000000180025095e-35 1.0000000180025095e-35 12.164999961853029 0.81564751267433178 19.345567703247074 0.53927075862884533 -0.36626499891281122 -0.010395000223070381 -0.13684999942779538 0.93424999713897716 -0.017055000178515908 0.019584999419748787 0.033482771366834647 13.769999980926515 5.5000000000000009 0.66275000572204601 0.95155000686645519 2.5000000000000004 0.51586499810218822
decision_type=2 2 2 2 2 2 2 2 2 2 2 2 2 2 2 2 2 2 2 2 2 2 2 2 2 2 2 2 2 2
left_child=3 4 29 13 17 9 -4 8 -8 11 -11 -6 20 15 -5 -1 27 -2 -14 -9 -7 -15 23 -23 28 -26 -24 -17 -19 -3
right_child=1 2 6 14 5 12 7 19 -10 10 -12 -13 18 21 -16 16 -18 24 -20 -21 -22 22 26 -25 25 -27 -28 -29 -30 -31
leaf_value=-0.065946850371375154 0.032016352415469601 0.0096322411031384524 0.058678865052617227 0.037409849631118701 0.011909503711159047 0.030382740783704499 0.0054904371990997999 0.07611719501226788 -0.03314009611521939 -0.024048478887087693 0.0090888560307787296 0.019392872273296252 0.013590552946224622 0.052070975359336386 0.06228189058020326 0.070609170196559559 0.037727540677410402 0.00027161603058113601 0.022139593433436085 0.014181740962037724 0.063417151202629404 0.037544479799279246 0.063025089109415497 0.014243999260737231 0.027104433016322933 0.011671191732312087 0.0067984943639524641 -0.038265944660392785 0.026318620709463655 0.027807118357522947
leaf_weight=28.210123941302299 1369.2459254711866 511.30522970855236 67.223134681582451 284.77596765756607 10237.595529556274 664.92594096064568 320.30249905586243 39.43677906692028 1051.0289280414581 278.08890946209431 12256.113149523735 5902.7926709204912 2927.9918583482504 216.804797783494 929.79400509595871 7.3856209218502036 78.13946108520031 327.13618479669094 3492.109338119626 130.87109825015068 121.13314597308636 286.12536580860615 138.66090500354767 520.04748925566673 2091.4090627729893 729.68509025871754 31.701544567942619 56.911883279681206 154.40767776966095 336.55687016248703
leaf_count=123 3592 1645 163 700 31367 1814 1194 83 5392 1020 38409 17476 8711 494 2051 17 214 1001 9886 408 268 771 302 1589 5661 2105 90 217 429 957
internal_value=0.0152604 0.0137017 -0.00406498 0.0412587 0.014778 0.0135475 -0.0150853 -0.0183018 -0.0241171 0.0118957 0.00835366 0.0146463 0.0201204 0.0277314 0.0564502 -0.00333234 0.00906868 0.0242287 0.0182407 0.0285236 0.0354734 0.0321734 0.0277559 0.0225138 0.021 0.0231126 0.0525623 -0.0257599 0.00862362 0.0168467
internal_weight=45587.9 43009.4 2456.72 2578.56 40552.6 35880.8 1608.86 1541.64 1371.33 28674.6 12534.2 16140.4 7206.16 1363.99 1214.57 170.647 142.437 4671.88 6420.1 170.308 786.059 1193.34 976.535 806.173 3302.64 2821.09 170.362 64.2975 481.544 847.862
internal_count=138149 131581 9842 6568 121739 108951 7240 7077 6586 88272 39429 48843 20679 3817 2751 571 448 12788 18597 491 2082 3246 2752 2360 9196 7766 392 234 1430 2602
is_linear=0
shrinkage=0.05


Tree=19
num_leaves=31
num_cat=0
split_feature=37 27 28 0 12 13 29 37 37 37 27 37 3 28 51 28 27 37 5 12 2 9 23 15 51 51 1 28 49 37
split_gain=680.601 288.4 242.701 220.534 178.16 395.184 143.782 133.04 84.2579 82.824 105.826 78.6793 66.7032 61.6869 89.5566 60.4587 82.1977 56.134 52.2318 52.0746 51.8461 47.5875 52.4011 45.3693 49.6077 71.589 49.3094 55.2543 43.6718 43.162
threshold=-0.3620499968528747 -0.031655000522732728 0.04170500114560128 0.69940707087516796 -0.091135002672672258 0.20531500130891803 0.019995000213384632 0.78055000305175792 0.78055000305175792 1.1693499684333803 -0.070665001869201646 0.14895000308752063 1.1167351603507998 0.089419998228549971 0.099989999085664763 0.0092950002290308493 -0.016125000081956383 0.19934999942779544 2.8275293111801152 -0.088974997401237474 0.32151830196380621 3.5000000000000004 -45.795000076293938 1.0072500109672549 -0.013075000140815972 0.019584999419748787 -0.030896057374775406 0.01612500008195639 0.48815000057220465 0.0038499999791383748
decision_type=2 2 2 2 2 2 2 2 2 2 2 2 2 2 2 2 2 2 2 2 2 2 2 2 2 2 2 2 2 2
left_child=3 9 4 15 7 6 -6 17 18 10 29 -7 21 -10 -15 16 -1 -3 -4 -5 -18 22 -11 24 -17 -26 -25 -28 -12 -2
right_child=1 2 8 19 5 11 -8 -9 13 12 28 -13 -14 14 -16 23 20 -19 -20 -21 -22 -23 -24 26 25 -27 27 -29 -30 -31
leaf_value=0.049277590005460697 0.057744396317325489 0.016194394725326525 0.01835591761266557 0.041584209301245768 -0.023405403334090209 0.016065619047040677 0.020906872937762663 -0.0014691367330496989 0.012034427338607242 -0.0068804249531302557 0.019040183931406468 0.0045345598795086071 0.019681245723609811 0.034228911730877262 -0.015445290530458695 0.067007544735549471 -0.012175327955006294 0.010143493048029389 0.033470397864555107 0.062288577633209698 0.019488867194762668 -0.015981604555204497 0.021137155356130796 0.060783477476973838 0.01339535252007506 0.065360230114685322 -0.0052365664578007797 0.037920629588589418 0.033966988886402531 0.032045399513257765
leaf_weight=133.09174437820911 197.25428177416325 7077.754753947258 1010.0107084512711 507.40672107040882 1584.1097439527512 2124.711311519146 206.97976793348789 1793.6324958503246 3331.6908164024353 301.59671428799629 6734.3415052592754 4870.1158403307199 1063.1273465901613 680.92879922688007 104.68471349775791 165.39283511042595 234.7414448261261 8360.3550561666489 1316.8244942128658 756.4654792547226 287.74044604599476 277.19508130848408 373.63037970662117 65.924506708979607 179.56831789016724 105.05124559998512 174.778659760952 128.83452931046486 528.46626116335392 951.5205974727869
leaf_count=317 432 21444 2888 1229 7027 6460 639 5962 9973 954 18969 15724 2949 1744 343 361 837 26247 3528 1690 886 897 1039 153 533 225 553 323 1415 2408
internal_value=0.0144843 0.0129411 0.0106173 0.0386488 0.00846568 0.00267123 -0.0182846 0.0114201 0.0193043 0.0201754 0.0223568 0.00803717 0.0110719 0.0150063 0.0276097 0.0255162 0.0141984 0.0129176 0.0269096 0.0539764 0.00526273 0.0014619 0.00862283 0.0345696 0.0452301 0.0325753 0.0215874 0.0130767 0.0201263 0.0364581
internal_weight=45627.9 42888.9 32461.8 2739 26017.7 8785.92 1791.09 17231.7 6444.14 10427.1 8411.58 6994.83 2015.55 4117.3 785.614 1475.12 655.574 15438.1 2326.84 1263.87 522.482 952.422 675.227 819.55 450.012 284.62 369.538 303.613 7262.81 1148.77
internal_count=138149 131042 101979 7107 83503 29850 7666 53653 18476 29063 23224 22184 5839 12060 2087 4188 2040 47691 6416 2919 1723 2890 1993 2148 1119 758 1029 876 20384 2840
is_linear=0
shrinkage=0.05


Tree=20
num_leaves=31
num_cat=0
split_feature=37 27 28 36 37 13 0 37 51 37 37 28 35 40 9 27 13 33 28 48 37 35 37 28 13 24 25 27 12 22
split_gain=646.477 298.348 263.291 180.529 207.008 136.766 129.098 123.735 122.381 111.596 104.274 98.2112 88.312 85.3981 124.247 78.9587 65.2367 52.3833 45.8331 91.492 71.5172 44.7365 40.8378 35.4318 45.7922 70.5132 32.0267 27.1538 26.8543 24.8788
threshold=-0.53335002064704884 -0.022714999504387375 0.03845500014722348 0.9880499839782716 -0.26395000517368311 0.26674500107765203 0.76185190677642833 1.0000000180025095e-35 -0.020405000075697895 0.28274999558925634 -0.1759499981999397 0.015765000134706501 5.0000000000000009 1.5000000000000002 5.5000000000000009 -0.068065002560615526 0.79155498743057262 -0.48264999687671656 0.072405003011226668 0.45845000445842748 0.38134999573230749 8.5000000000000018 0.89144998788833629 0.0097949998453259485 0.070484999567270293 0.039975000545382507 1.0590500235557558 -0.0089750001206994039 -0.21423500031232831 2.6799499988555913
decision_type=2 2 2 2 2 2 2 2 2 2 2 2 2 2 2 2 2 2 2 2 2 2 2 2 2 2 2 2 2 2
left_child=6 10 3 9 8 -6 23 17 -5 11 26 -3 15 14 -14 -12 -15 -4 20 -20 -9 -11 -17 24 25 -1 -2 -26 -8 -25
right_child=1 2 7 4 5 -7 28 18 -10 21 12 -13 13 16 -16 22 -18 -19 19 -21 -22 -23 -24 29 27 -27 -28 -29 -30 -31
leaf_value=-0.073769982263157952 0.061412702633708953 0.0078577343122130903 0.0094496703226457125 0.067555286664309919 -0.024692586723211406 0.011861212218944492 0.035057177823118756 0.030377173545745491 0.00740402230614622 0.0092875756148982306 0.027576915937886581 0.017918855888659137 0.0251829431937452 0.0078877443430276049 0.010299225811035003 0.0094343871884947986 0.022166826010757937 0.060209697835212073 0.027189460717167713 -0.010924930796870062 0.011787158983979884 0.0016431012404019619 -0.0066162264434700318 0.022294208019602246 0.043874335067429854 0.01451821915009621 0.032813000725765283 0.0059373227163841726 0.062618000865519788 0.046166011206574917
leaf_weight=26.691303133964539 137.28906509280205 6198.415168479085 64.835548147559166 99.222071185708046 1213.3645953685045 324.27911034226418 101.99969428777695 586.46798826754093 572.23120756447315 2820.7525171935558 538.13682132959366 3984.8894353657961 6652.8755062818527 2326.5262000411749 1776.6237265169621 2273.1682967543602 1219.0029527544975 235.22756706178188 1576.409378811717 174.92193906009197 4390.2672989815474 5952.6231891661882 479.97179375588894 148.61501877009869 188.17958390712738 148.09953248500824 341.08055047690868 62.945100575685501 662.06757445633411 410.94323273003101
leaf_count=118 309 19537 180 214 5937 1068 249 1605 1957 8949 1405 11739 18304 7016 5197 6744 3372 522 4204 555 13217 19438 1510 393 474 438 878 200 1500 992
internal_value=0.0137076 0.0125208 0.00944191 0.00665763 -0.00686931 -0.0169836 0.0435138 0.017827 0.0162927 0.00823398 0.0180342 0.0117948 0.0173139 0.0193076 0.022046 0.0100601 0.0127971 0.0492418 0.0164259 0.0233826 0.0139778 0.0041009 0.00663619 0.0315543 0.0206874 0.00103624 0.0410209 0.0343653 0.0589387 0.0398258
internal_weight=45688.1 43938.6 28193.9 21165.8 2209.1 1537.64 1749.54 7028.13 671.453 18956.7 15744.7 10183.3 15266.3 11975 8429.5 3291.28 3545.53 300.063 6728.07 1751.33 4976.74 8773.38 2753.14 985.474 425.916 174.791 478.37 251.125 764.067 559.558
internal_count=138221 133857 89122 68839 9176 7005 4364 20283 2171 59663 44735 31276 43548 33889 23501 9659 10388 702 19581 4759 14822 28387 8254 2615 1230 556 1187 674 1749 1385
is_linear=0
shrinkage=0.05


Tree=21
num_leaves=31
num_cat=0
split_feature=37 27 28 36 37 52 51 37 28 37 37 28 27 35 37 27 35 48 33 28 48 37 35 49 27 28 12 2 25 51
split_gain=596.75 268.772 237.105 162.768 188.2 120.231 114.047 112.976 110.935 100.349 94.873 88.2223 84.1918 96.3686 77.9223 77.4398 71.497 63.5926 47.8587 41.4987 82.4529 64.3777 40.6219 38.1598 37.7793 36.4997 36.3207 32.4446 29.4972 29.3721
threshold=-0.53335002064704884 -0.022714999504387375 0.03845500014722348 0.9880499839782716 -0.26395000517368311 4.5000000000000009 -0.020405000075697895 1.0000000180025095e-35 0.010555000044405462 0.28274999558925634 -0.1759499981999397 0.015765000134706501 -0.063675001263618455 5.0000000000000009 1.0403500199317934 -0.0099049997515976412 29.500000000000004 0.12094999849796297 -0.48264999687671656 0.072405003011226668 0.45845000445842748 0.56655001640319835 3.5000000000000004 0.19835000485181811 -0.017585000023245808 0.020785000175237659 -0.21423500031232831 0.25506205856800085 1.0590500235557558 -0.0090950001031160337
decision_type=2 2 2 2 2 2 2 2 2 2 2 2 2 2 2 2 2 2 2 2 2 2 2 2 2 2 2 2 2 2
left_child=8 10 3 9 6 -6 -5 18 24 11 28 -3 14 25 23 26 -15 -16 -4 21 -21 -9 -11 -12 -1 -14 29 -26 -2 -10
right_child=1 2 7 4 5 -7 -8 19 15 22 12 -13 13 16 17 -17 -18 -19 -20 20 -22 -23 -24 -25 27 -27 -28 -29 -30 -31
leaf_value=0.043718811551940517 0.058713529767177301 0.007453651839260729 0.0089826127276233757 0.065625005292224606 0.0020058440622234214 -0.027060876514339541 0.0070229586978284471 0.023450291128085794 -0.058874945024830573 0.010825355989367316 0.027332134451801389 0.016979459593799793 0.0030857077881933145 0.017985691434728172 0.019836583035327867 0.030603183052828123 -0.00090041283727410916 -0.014366815540781381 0.057542901935137392 0.025808396828385261 -0.010389826728322246 0.010088176853440267 0.002224222937759503 0.045551731011813285 -0.0066437851608463321 0.017027165286272235 0.06213669364621062 0.024548403681161443 0.031202098000649877 0.037342010434933633
leaf_weight=161.47631746530533 136.44163799285889 6207.4856060743332 64.797375559806824 97.087841719388962 565.56918315589428 959.03506721556187 573.09349347651005 1181.311462983489 8.9639119207859022 1703.0600945651531 932.37761959433556 3994.8227673619986 2056.6177372932434 9389.1549533158541 1199.3160120546818 345.21926732361317 529.37562063336372 153.26279324293137 233.85673630237579 1577.6918580085039 174.73910664021969 3804.4716825783253 7077.631867185235 415.43994289636612 120.24394044280052 608.34547993540764 753.28306296467781 271.82605040073395 340.76295557618141 68.887185454368591
leaf_count=382 309 19537 180 214 2107 4898 1957 3320 31 5344 2393 11739 6267 26798 3245 881 1645 499 522 4204 555 11502 23043 970 405 1731 1732 767 878 166
internal_value=0.0130173 0.0118842 0.00896266 0.00632054 -0.00657089 -0.0162782 0.0155125 0.0169142 0.041823 0.00781103 0.0171142 0.0111836 0.0164287 0.0147096 0.0244395 0.0505086 0.0169777 0.0159609 0.047007 0.0155805 0.022199 0.0132541 0.00389246 0.032948 0.0233649 0.0062682 0.0587765 0.0149821 0.0390681 0.0262634
internal_weight=45705.6 43975.7 28214.7 21177.8 2194.79 1524.6 670.181 7036.87 1729.9 18983 15761.1 10202.3 15283.9 12583.5 2700.4 1176.35 9918.53 1352.58 298.654 6738.21 1752.43 4985.78 8780.69 1347.82 553.546 2664.96 831.134 392.07 477.205 77.8511
internal_count=138221 133857 89122 68839 9176 7005 2171 20283 4364 59663 44735 31276 43548 36441 7107 2810 28443 3744 702 19581 4759 14822 28387 3363 1554 7998 1929 1172 1187 197
is_linear=0
shrinkage=0.05


Tree=22
num_leaves=31
num_cat=0
split_feature=27 28 51 51 21 28 35 24 9 9 12 35 25 6 51 28 27 15 21 35 23 35 12 34 27 40 29 12 14 44
split_gain=250.93 296.978 213.776 210.129 167.432 131.813 108.912 106.352 106.32 173.587 95.7458 93.0659 84.9534 67.5891 63.6735 79.6974 63.1422 57.5119 51.7548 77.9284 63.8133 64.2266 49.2414 48.5632 46.3234 44.0388 35.8033 34.8621 34.2727 32.7959
threshold=-0.015405000187456606 0.013844999950379135 0.019584999419748787 -0.020405000075697895 12.719999790191652 0.05728499963879586 5.0000000000000009 0.027745000086724762 5.5000000000000009 1.5000000000000002 -0.11038500070571898 3.5000000000000004 1.6483500003814699 0.037200499325990684 0.0086050000973045843 0.0094650001265108603 -0.080585002899169908 0.99994999170303356 11.300000190734865 13.500000000000002 46.635000228881843 7.5000000000000009 -0.28291499614715571 15.500000000000002 -0.0099049997515976412 1.5000000000000002 -0.015914999879896637 -0.088974997401237474 0.8071500062942506 0.031750001013278968
decision_type=2 2 2 2 2 2 2 2 2 2 2 2 2 2 2 2 2 2 2 2 2 2 2 2 2 2 2 2 2 2
left_child=2 10 4 24 18 11 16 -4 9 -8 26 25 -13 14 15 -12 -6 -16 19 23 21 -20 -18 -1 -3 -5 -2 -9 -10 -22
right_child=1 3 7 5 6 -7 8 27 28 -11 13 12 -14 -15 17 -17 22 -19 20 -21 29 -23 -24 -25 -26 -27 -28 -29 -30 -31
leaf_value=0.0063672221923429268 0.01786975726545156 0.054610103108020142 0.003924090074319873 0.022453689448072484 0.03048353864359445 0.020178460695754546 0.014748485772435005 0.035966650378425009 0.01562428126312174 0.026981088109636481 -0.031246758963235158 0.010211732973752108 0.00095457777540865121 0.00025712442415064181 -0.01364726347930054 -0.0036625418997377002 0.016858607211636435 0.024936478173582955 -0.02228452917523175 -0.00063422964596739203 0.038511938727754443 0.00077011234093716846 0.0042169261714705124 0.040837310653123751 0.019455429756746159 0.0092191870371912572 0.0030760706272346203 0.056518641071399957 0.0052654286799608419 0.0050630561179552435
leaf_weight=161.154047742486 491.58825969696045 342.0345433652401 181.06184899806976 1620.2342616319656 331.89537441730499 3230.6204480677843 5723.4531704038382 412.8128833770752 1663.2994683235884 5879.2278566807508 688.9981594234705 6825.2365970760584 3891.4097384363413 1543.50967900455 229.64960943162441 422.38491801917553 1068.9304615855217 166.67742778360844 425.96405901014805 499.12053360044956 128.29371705651283 1038.8084355443716 2757.2618750631809 279.21433405578136 129.06854523718357 1027.0178867131472 2434.0462616235018 412.55174280703068 1535.7177036702633 170.90184266865253
leaf_count=490 1476 851 534 4766 847 8915 16533 1068 4843 16168 3189 21277 12419 5286 879 1628 3058 596 1446 1570 345 3262 8410 757 359 3191 7923 1010 4604 521
internal_value=0.0123651 0.00869066 0.0160999 0.0120499 0.0150534 0.0111151 0.0167132 0.0386266 0.0187218 0.0209469 -0.00090097 0.00892409 0.00685029 -0.00709776 -0.0146273 -0.0207633 0.00956334 0.00257933 0.00341253 0.012892 -0.00163625 -0.00593431 0.00774866 0.0282229 0.0449787 0.0173193 0.00556182 0.0462394 0.0106514 0.0194058
internal_weight=45712.1 23042.5 22669.7 17065.6 21663.2 16594.5 18959.8 1006.43 14801.7 11602.7 5976.85 13363.9 10716.6 3051.22 1507.71 1111.38 4158.09 396.327 2703.46 939.489 1763.97 1464.77 3826.19 440.368 471.103 2647.25 2925.63 825.365 3199.02 299.196
internal_count=138221 72755 65466 51778 62854 50568 54463 2612 42148 32701 20977 41653 33696 11578 6292 4817 12315 1475 8391 2817 5574 4708 11468 1247 1210 7957 9399 2078 9447 866
is_linear=0
shrinkage=0.05


Tree=23
num_leaves=31
num_cat=0
split_feature=37 27 28 36 37 45 0 37 51 37 28 21 9 9 27 37 37 21 37 21 33 51 28 7 37 24 36 7 33 1
split_gain=540.917 226.195 197.131 143.378 181.658 159.869 117.668 106.727 95.2744 90.2972 109.261 99.6772 81.6532 164.898 80.689 75.6189 62.7885 54.1186 48.9455 46.8479 43.3516 40.5803 87.9576 39.4891 38.0326 28.6653 27.456 27.3824 27.3287 26.3116
threshold=-0.53335002064704884 -0.024455000646412369 0.041124999523162849 0.9880499839782716 -0.26395000517368311 0.96105000376701366 0.76185190677642833 0.1616499945521355 -0.020405000075697895 0.19934999942779544 -0.001334999979007989 12.429999828338625 4.5000000000000009 2.5000000000000004 -0.0013150000013411043 1.0000000180025095e-35 0.97345000505447399 11.364999771118166 0.78055000305175792 13.574999809265138 -0.54774999618530262 0.099989999085664763 0.11892500147223474 19.345567703247074 -0.26395000517368311 -0.012074999976903198 0.99994999170303356 11.27055883407593 -2.5410499572753902 0.22746616601943973
decision_type=2 2 2 2 2 2 2 2 2 2 2 2 2 2 2 2 2 2 2 2 2 2 2 2 2 2 2 2 2 2
left_child=6 9 3 7 8 -6 19 14 -5 10 -2 17 13 -13 -3 20 -14 -11 -9 23 -4 22 -17 -1 -12 -19 -8 -26 -23 -21
right_child=1 2 15 4 5 -7 26 18 -10 11 24 12 16 -15 -16 21 -18 25 -20 29 -22 28 -24 -25 27 -27 -28 -29 -30 -31
leaf_value=-0.044870299796002946 0.044144442076662821 0.01084017668178858 0.0046612821727488379 0.062568745866780934 0.0076820467930025704 -0.026266683017164019 0.044109239118721832 0.0059802917133592584 0.0081746754279262111 0.01038359861305025 0.041029110318260155 0.013100149424843915 0.01263802134391607 0.029417078364866178 0.034944744729264308 0.014267672295683717 -0.0044115996057601577 0.019080158084163509 -0.0020134007662203444 0.042198886460677126 0.052037219151972285 0.026204241255896751 0.044975204710650862 0.016949519284011592 -0.048801106533330252 -0.01784840226849109 0.063709117781099514 0.017982555356968674 -0.016361317005169712 0.022250696539705198
leaf_weight=29.018070682883263 515.6431103348732 7312.1302654594183 62.223201513290405 93.197960928082466 513.35067197680473 1068.7577572464943 328.07503552734852 10800.754617199302 591.00906375050545 468.40764309465885 185.21472845971584 5637.8431791365147 1678.4926225095987 2134.6395520418882 364.48652020096779 5676.0573360025883 796.11971014738083 59.821036398410797 2327.6396477818489 447.14879675209522 215.59256137907505 48.874109849333763 243.18866513669491 235.28873057663441 15.438554674386976 432.33654952049255 392.37593296170235 2635.9888101667166 165.06202507019043 262.25287857651711
leaf_count=115 1241 22180 175 214 1671 5580 792 34102 2000 1394 447 16048 4828 5649 1003 16404 2426 171 7735 1115 490 135 579 677 57 1444 957 7355 529 708
internal_value=0.0117403 0.0106739 0.00815576 0.00600054 -0.00594205 -0.0152513 0.0394647 0.00730146 0.0155839 0.0157728 0.0229725 0.0136193 0.015063 0.0175814 0.0119847 0.0159118 0.0071529 -0.00178162 0.00456303 0.0281301 0.0414263 0.0147561 0.0155293 0.0101624 0.0191239 -0.0133598 0.0547838 0.0175937 -0.00663714 0.0348244
internal_weight=45736.4 44042.3 29482.3 23071.3 2266.32 1582.11 1694.16 20805 684.207 14559.9 3352.29 11207.7 10247.1 7772.48 7676.62 6411 2474.61 960.565 13128.4 973.708 277.816 6133.18 5919.25 264.307 2836.64 492.158 720.451 2651.43 213.936 709.402
internal_count=138221 133857 92797 74485 9465 7251 4364 65020 2214 41060 9100 31960 28951 21697 23183 18312 7254 3009 41837 2615 665 17647 16983 792 7859 1615 1749 7412 664 1823
is_linear=0
shrinkage=0.05


Tree=24
num_leaves=31
num_cat=0
split_feature=37 27 27 0 0 37 49 51 37 0 31 13 35 37 7 49 3 37 35 45 51 1 37 37 1 13 1 22 27 35
split_gain=499.089 204.251 159.301 114.552 111.644 103.235 96.9784 83.7721 81.5683 91.7045 81.97 97.6563 64.3992 64.1093 63.5583 58.9296 53.823 52.2685 51.1721 41.3359 37.91 34.817 35.1887 34.4937 32.692 66.5567 57.4242 49.2063 31.5312 31.0981
threshold=-0.53335002064704884 -0.022714999504387375 0.02529499959200621 0.76185190677642833 0.44222354888916021 -0.084449999034404741 0.42890000343322759 -0.020405000075697895 0.14504999667406085 0.63552069664001476 -0.030104999430477616 0.72439998388290416 29.500000000000004 1.2470499873161318 86.407810211181655 0.34925000369548803 3.1293015480041508 1.6134499907493594 26.000000000000004 0.68694999814033519 0.026604999788105491 2.3313663005828862 1.0000000180025095e-35 -0.22504999488592145 0.22746616601943973 0.12901500612497332 0.52750721573829662 3.0000499486923222 0.047349998727440841 2.5000000000000004
decision_type=2 2 2 2 2 2 2 2 2 2 2 2 2 2 2 2 2 2 2 2 2 2 2 2 2 2 2 2 2 2
left_child=3 8 4 24 6 7 19 -6 9 -2 12 17 18 21 -8 -7 20 -12 -10 -3 -15 22 -4 -11 -1 26 27 -26 -18 -13
right_child=1 2 13 -5 5 15 14 -9 10 23 11 29 -14 16 -16 -17 28 -19 -20 -21 -22 -23 -24 -25 25 -27 -28 -29 -30 -31
leaf_value=0.033987936000286809 0.043899010852574617 0.010379289919654332 0.058710272114653073 0.053303513030662858 0.059107253610289304 0.0054871583073853583 0.0051343258367920787 0.016469979780889037 0.017570403140798965 0.034302572714582681 0.0063166844308569772 0.0017525699623618766 -0.011105451189266969 0.012245772309776769 -0.042677957468945912 0.012179884030735827 0.013093469606420959 -0.017554394456486593 0.043838301575423733 -0.012721272371477195 -0.012679859205335157 0.0089973999774476243 0.030753527455938845 0.016562421170887971 0.0068618417039420371 0.031860626522235813 0.056643224967486673 -0.058200359234504631 0.035611923011370158 0.019263878825317687
leaf_weight=602.18872466683388 412.33381250500679 223.72283959388733 151.36399084329605 703.88901096582413 122.60114242136478 13304.848528131843 4650.7466225326061 1908.8835689276457 5117.7563140690327 309.33102904260159 4392.7938124239445 285.83341577649117 189.97519883513451 635.52086062729359 70.562383592128754 4369.0856827497482 279.52940182387829 241.94741895794868 192.3748936355114 1440.7490467131138 200.72774155437946 126.30386331677437 439.01294454932213 2399.6131962388754 56.42726081609726 226.93691925704479 25.172114759683609 59.919620648026466 350.22602604329586 2243.6359453350306
leaf_count=1580 1013 717 333 1749 289 41558 15340 5791 14209 774 13120 854 603 1839 359 13394 803 782 479 5651 637 357 1171 6716 160 582 61 232 883 6185
internal_value=0.0111542 0.0101359 0.00759221 0.0379467 0.0065067 0.00836859 0.000761209 0.0190432 0.014692 0.0219318 0.0129077 0.00938313 0.0174987 0.0205681 0.00441975 0.00714163 0.0145767 0.00507054 0.018522 -0.00961631 0.00626278 0.0328239 0.0379212 0.0185881 0.0268102 0.0150792 -0.0118311 -0.0266457 0.0256167 0.0172851
internal_weight=45734 44059.5 28273.9 1674.53 26091.2 19705.4 6385.78 2031.48 15785.6 3121.28 12664.3 7164.21 5500.11 2182.68 4721.31 17673.9 1466 4634.74 5310.13 1664.47 836.249 716.681 590.377 2708.94 970.645 368.456 141.519 116.347 629.755 2529.47
internal_count=138221 133857 89122 4364 83099 61032 22067 6080 44735 8503 36232 20941 15291 6023 15699 54952 4162 13902 14688 6368 2476 1861 1504 7490 2615 1035 453 392 1686 7039
is_linear=0
shrinkage=0.05


Tree=25
num_leaves=31
num_cat=0
split_feature=37 31 13 0 12 13 6 37 37 37 22 40 51 24 12 35 13 51 15 35 22 0 53 55 34 7 0 13 6 24
split_gain=496.959 177.941 183.99 123.034 114.784 165.644 104.89 76.9083 64.6151 62.8891 58.3861 54.3934 48.2195 46.5791 43.3519 42.6031 39.2174 30.8158 30.0586 37.2583 29.9947 42.6588 41.9611 39.7714 32.653 38.4749 29.1914 28.3439 22.3316 23.2499
threshold=-0.46124999225139612 -0.099354997277259813 0.81608498096466076 0.68059769272804271 -0.093515001237392412 0.078424997627735152 0.0037930369144305591 0.1909499987959862 -0.39065000414848322 1.0000000180025095e-35 2.6799499988555913 1.5000000000000002 0.018184999935328964 -0.0040249999146908513 -0.25376500189304346 1.5000000000000002 38.526519775390632 0.025005000643432144 0.99015000462532055 24.500000000000004 7.3784499168396005 0.40314616262912756 0.089850001037120833 0.10024999827146532 4.5000000000000009 69.82349014282228 0.55953821539878856 38.526519775390632 -0.047094555571675294 0.20111000537872317
decision_type=2 2 2 2 2 2 2 2 2 2 2 2 2 2 2 2 2 2 2 2 2 2 2 2 2 2 2 2 2 2
left_child=3 14 4 20 7 8 -7 12 -6 16 17 -9 -3 27 18 -15 -4 -5 19 -2 21 24 26 -24 -1 -26 -23 -11 -16 -30
right_child=1 2 9 10 5 6 -8 11 -10 13 -12 -13 -14 15 28 -17 -18 -19 -20 -21 -22 22 23 -25 25 -27 -28 -29 29 -31
leaf_value=0.054877306736026699 0.026780431633565773 0.012538987070991662 0.023499186387156687 0.021144425170396643 0.022282865306493205 0.014113993789207444 0.00099799084133588554 0.0088878059142190151 -0.026483974998816624 0.010002595549359339 0.055501774632058701 0.0023847495177003555 0.036608553099693131 -0.0014283284831994719 -0.00093976486632274666 0.018436702475382379 0.055671746400828198 0.06247052588388298 0.014003653615136292 0.0060492100765883721 0.060097931982434051 -0.06018635601236131 0.036994701152141686 0.0038257128827351265 0.0065182019758474839 -0.057547016042387572 0.019311946993759335 -0.016012377094671137 0.010413276902081964 0.024364425614607416
leaf_weight=30.927485227584839 2174.5584703087807 5994.1205048114061 827.43802551925182 239.49009113013744 76.132380306720734 1966.9209422171116 6773.6839967817068 9659.8062914609909 630.01007536053658 3396.724135056138 690.27618525922298 4819.971963211894 215.56115087866783 290.32394321262836 278.58090341091156 3836.5868584215641 106.96632917225361 55.5774936825037 898.83871607482433 240.71811465919018 51.899792715907097 21.668723821640015 536.83652804791927 108.66851049661636 263.81345458328724 25.720273688435555 24.721271201968193 108.0315352678299 1012.2542058378458 423.60767592489719
leaf_count=78 5763 17950 2257 626 235 5957 22475 29141 2952 10012 1741 15163 560 881 856 10676 240 133 2585 702 116 84 1369 318 804 108 67 355 2961 1140
internal_value=0.0107498 0.00962196 0.00847231 0.0348128 0.00663431 0.00206764 0.00394952 0.00871944 -0.0212262 0.0149385 0.0475442 0.00672309 0.0133745 0.0134395 0.0184703 0.0170392 0.0271822 0.0289284 0.0218094 0.0247143 0.0230253 0.0211248 0.0281099 0.0314108 0.00604342 0.000827069 -0.0178216 0.0092007 0.0120156 0.0145291
internal_weight=45780.4 43730.8 38702.3 2049.6 30136.2 9446.75 8740.6 20689.5 706.142 8566.07 985.344 14479.8 6209.68 7631.67 5028.56 4126.91 934.404 295.068 3314.12 2415.28 1064.26 1012.36 691.895 645.505 320.461 289.534 46.39 3504.76 1714.44 1435.86
internal_count=138305 132861 118854 5444 94433 31619 28432 62814 3187 24421 2500 44304 18510 21924 14007 11557 2497 759 9050 6465 2944 2828 1838 1687 990 912 151 10367 4957 4101
is_linear=0
shrinkage=0.05


Tree=26
num_leaves=31
num_cat=0
split_feature=37 27 28 27 35 37 26 27 13 28 37 28 35 30 37 24 22 28 28 8 49 8 51 33 45 6 1 27 49 24
split_gain=458.515 227.662 133 208.805 186.101 159.144 106.795 104.715 89.0675 88.3481 83.8423 76.6173 65.5995 67.3591 55.5281 56.038 54.1365 47.9099 40.63 37.981 35.8364 35.5115 34.6462 34.2389 33.6424 33.3195 32.3811 42.3981 32.0168 31.9541
threshold=-0.46124999225139612 -0.044454999268054955 0.021425000391900543 -0.013805000111460684 2.5000000000000004 0.10934999957680704 0.93445000052452099 -0.0099049997515976412 0.50380498170852672 0.010875000152736904 0.48604999482631689 0.0088349999859929102 1.5000000000000002 -0.11870499700307845 0.20374999940395358 0.97964501380920421 2.6799499988555913 0.0096149998717010039 0.016695000231266025 -0.072983235120773302 0.22245000302791598 0.011350929737091066 -0.013075000140815972 0.06854999810457231 0.45804999768733984 1.0000000180025095e-35 -0.047439912334084504 -0.0080450000241398794 0.40084999799728399 0.047735000029206283
decision_type=2 2 2 2 2 2 2 2 2 2 2 2 2 2 2 2 2 2 2 2 2 2 2 2 2 2 2 2 2 2
left_child=7 14 3 4 18 6 24 9 11 23 -6 -5 25 -14 20 19 -11 28 -3 -16 -2 22 -19 -1 -4 -7 -23 -28 29 -9
right_child=1 2 5 8 10 12 -8 17 -10 16 -12 -13 13 -15 15 -17 -18 21 -20 -21 -22 26 -24 -25 -26 -27 27 -29 -30 -31
leaf_value=0.017987539365222981 0.023565805439425384 -0.010480372580583867 0.044637082929439693 -0.011721970033270969 0.013898589424370601 0.027087255026812914 0.035192172478671707 -0.059465295359041541 0.0090704687603458348 0.029514381756462954 0.0046155390468124759 -9.5051791172217471e-05 0.030329737766611554 0.0072763825618599055 0.022928516912532698 -0.035869439208181683 0.058181773439183938 0.060209488405556011 0.013377628972294407 0.013792655820969736 0.046673916858226555 0.058317647988855574 0.018954138798830664 0.047724790266359549 0.011891993839017897 0.01195238537542794 -0.027967423866505581 0.019777284188692734 0.011663165962890822 0.011454761668933222
leaf_weight=407.56225082278252 571.5790186971426 1343.3663517087698 83.498607277870178 2104.3731440454721 8174.1976821571589 686.54152290523052 1024.3180541247129 42.536127999424934 1667.987661704421 220.87869437038898 3462.6899192035198 4337.1203387826681 325.27548065781593 12248.243036970496 1691.9687546938658 51.028248175978661 647.32278099656105 105.51894217729568 205.78746691346169 3472.4613932669163 237.4893501996994 33.208181232213974 98.298294201493263 126.94605913758278 1294.6332948952913 773.19236591458321 66.617185026407242 153.96250793337822 98.30013906955719 25.34751795232296
leaf_count=1136 1493 4390 203 8163 24255 1910 2661 183 5156 574 10577 14690 864 37073 4428 177 1660 235 599 9680 554 73 269 300 3687 2301 212 416 306 80
internal_value=0.0102122 0.00913539 0.00769424 0.00508632 0.00896903 0.0110733 0.0229644 0.0334633 -0.00122699 0.0410427 0.0111363 -0.00389345 0.00903757 0.00787277 0.0181612 0.0162706 0.0508885 0.0164195 -0.00731111 0.0167857 0.0303488 0.02477 0.0403126 0.0250502 0.013876 0.0190706 0.0122877 0.00535792 -0.00657455 -0.032984
internal_weight=45782.3 43755.8 37731.2 21295.5 13186 16435.7 2402.45 2026.5 8109.48 1402.71 11636.9 6441.49 14033.3 12573.5 6024.53 5215.46 868.201 623.789 1549.15 5164.43 809.068 457.605 203.817 534.508 1378.13 1459.73 253.788 220.58 166.184 67.8836
internal_count=138305 132861 116529 67830 39821 48699 6551 5444 28009 3670 34832 22853 42148 37937 16332 14285 2234 1774 4989 14108 2047 1205 504 1436 3890 4211 701 628 569 263
is_linear=0
shrinkage=0.05


Tree=27
num_leaves=31
num_cat=0
split_feature=37 27 28 27 35 37 0 23 7 37 28 30 35 22 37 37 24 9 9 9 22 49 28 28 6 51 2 27 28 51
split_gain=423.548 206.262 119.825 188.146 167.708 143.89 115.295 92.0809 84.1259 75.4058 66.6471 61.5452 59.3033 55.8193 54.0672 50.8912 50.6573 50.1313 58.6788 51.5462 40.5571 37.5117 36.6977 34.1782 32.0556 30.117 27.5427 23.2965 27.7769 33.3009
threshold=-0.46124999225139612 -0.044454999268054955 0.021425000391900543 -0.013805000111460684 2.5000000000000004 1.0000000180025095e-35 0.68059769272804271 42.704999923706062 80.024616241455092 0.48604999482631689 0.0088349999859929102 0.014514999929815533 1.5000000000000002 2.6799499988555913 0.63725000619888317 0.20374999940395358 0.97964501380920421 1.5000000000000002 4.5000000000000009 1.0000000180025095e-35 1.7417500019073489 0.0079499999992549437 0.016695000231266025 0.015944999642670158 1.0000000180025095e-35 0.025005000643432144 0.12297273799777032 -0.0092950002290308458 0.011694999877363445 0.022355000488460067
decision_type=2 2 2 2 2 2 2 2 2 2 2 2 2 2 2 2 2 2 2 2 2 2 2 2 2 2 2 2 2 2
left_child=6 15 3 4 22 7 26 21 10 -6 -5 -10 24 25 -14 23 17 19 -19 -17 -9 -4 -3 -2 -7 -8 -1 28 29 -15
right_child=1 2 5 8 9 12 13 20 11 -11 -12 -13 14 27 -16 16 -18 18 -20 -21 -22 -23 -24 -25 -26 -27 -28 -29 -30 -31
leaf_value=0.0032046201983743847 0.038487712467315256 -0.0099713605129165064 -0.043777453126215317 -0.0070348098011704628 0.013182307119410317 0.025811154714636703 0.018954401810912916 0.020293119927054834 -0.04395386982781907 0.0043823839063781385 0.0030902744500048065 -0.0053458336460866472 0.011175917753803312 0.00012654277388312186 0.0048539169401903455 0.016976499149707301 -0.034191360250317569 0.025334920810426695 0.011705998401373333 0.00043868178453180889 0.046596055494311943 0.015190725194495309 0.012693347276430691 0.01782238740103765 0.011486471509416151 0.060584884678218931 0.024540005790117808 0.014588581397453379 0.059754902086287656 0.059788042797884813
leaf_weight=182.91731314361095 434.41787575185299 1341.396106377244 28.180467560887337 2333.3273792117834 8187.0950859189034 747.08068640530109 236.42087937891483 209.00723341107368 190.88707488775253 3464.5206401646137 5355.8285228163004 224.76910801231861 6825.1698668897152 46.429488480091095 6703.6351878792048 1042.7747045457363 50.860304623842239 1916.3208731412888 1343.4254733175039 859.5627685636282 490.46373568475246 627.56272977590561 206.03065341711044 370.91111159324646 818.35346050560474 53.22426375746727 874.22824415564537 37.300941795110703 524.4833829253912 47.130774855613708
leaf_count=564 1056 4390 97 8641 24255 2067 626 565 1041 10577 17467 860 20160 132 20436 2836 177 5014 3762 2496 1195 1753 599 991 2426 133 2380 100 1390 119
internal_value=0.00970397 0.00867533 0.00730495 0.00482974 0.00851178 0.0105106 0.0321926 0.0261173 -0.00116663 0.0105657 1.77478e-05 -0.0230763 0.0091094 0.0448832 0.00804331 0.0172719 0.0154647 0.015954 0.0197181 0.00950396 0.0387365 0.0126566 -0.00695369 0.0289699 0.0183227 0.0266043 0.0208484 0.052962 0.0552779 0.0301809
internal_weight=45773.7 43771.6 37753.3 21303.9 13199 16449.5 2002.14 1355.21 8104.81 11651.6 7689.16 415.656 15094.2 944.99 13528.8 6018.27 5212.94 5162.08 3259.75 1902.34 699.471 655.743 1547.43 805.329 1565.43 289.645 1057.15 655.345 618.044 93.5603
internal_count=138305 132861 116529 67830 39821 48699 5444 3610 28009 34832 26108 1901 45089 2500 40596 16332 14285 14108 8776 5332 1760 1850 4989 2047 4493 759 2944 1741 1641 251
is_linear=0
shrinkage=0.05


Tree=28
num_leaves=31
num_cat=0
split_feature=37 27 36 40 27 28 45 37 51 26 16 37 37 37 51 24 13 28 49 8 24 51 51 28 12 12 13 33 23 34
split_gain=391.586 188.497 125.39 109.92 109.584 100.634 103.836 136.77 89.5339 131.501 66.9978 81.4827 52.9759 48.1095 46.9948 52.9312 50.1336 44.393 42.3268 41.9412 41.5621 38.09 33.9323 33.4677 41.2671 33.2274 32.5376 30.9128 28.5928 47.4135
threshold=-0.42575000226497645 -0.052374999970197671 0.99994999170303356 1.5000000000000002 -0.0099049997515976412 0.024364999495446685 0.95335000753402721 -0.20805000513792035 0.022355000488460067 0.89245000481605541 1.2004500031471255 0.78055000305175792 -0.14885000139474866 1.0256499648094179 0.016385000199079517 0.013954999856650831 0.23891500383615497 0.0096149998717010039 0.19835000485181811 0.01178109645843506 0.97964501380920421 -0.013075000140815972 -0.019264999777078625 0.0071349998470395812 -0.0083949998952448351 0.0028349999338388447 0.035585001111030586 0.018649999983608726 -36.694999694824212 142.50000000000003
decision_type=2 2 2 2 2 2 2 2 2 2 2 2 2 2 2 2 2 2 2 2 2 2 2 2 2 2 2 2 2 2
left_child=4 13 3 10 8 6 -4 -8 9 -1 11 -3 -7 18 16 -16 -5 23 -2 21 28 -19 -11 24 -6 -14 -21 -28 29 -15
right_child=1 2 5 14 17 12 7 -9 -10 22 -12 -13 25 20 15 -17 -18 19 -20 26 -22 -23 -24 -25 -26 -27 27 -29 -30 -31
leaf_value=0.019057490519707163 0.018475515436650304 0.010958434932991198 0.0096562531412409114 -0.0014500337481116977 -0.00050152751935240514 0.067694571976743306 0.0064995566900989113 -0.026540165325733972 0.061635292533766019 0.062222678870949434 0.021693135021226884 0.0035712712599594112 0.0065506925988903343 0.01299838478451939 0.0092131999234587696 0.039091736753494644 0.0054779952726783706 0.057723673502841383 0.032916823204796643 -0.091293087577686227 -0.03923411139526678 0.016798378394326442 0.027536084233916576 -0.041274367629319464 0.11987981504345716 0.053397124118070516 -0.00070662430738644365 0.035528043989123036 0.020711546291773072 -0.013959529797207274
leaf_weight=756.95949260890484 1689.9269382953644 16986.925508230925 555.99266208708286 3608.0123821496964 136.89366781711578 47.82263857126236 463.84152711927891 964.62865920364857 308.94395165145397 312.5273334980011 1154.9114468693733 4784.2914151847363 335.28651568293571 880.30530023574829 730.15022061765194 185.98646008968353 9452.1048585474491 114.43484708666801 725.09530410170555 7.9574806690216056 38.575522184371948 112.99388967454433 91.046938672661781 51.245594188570976 7.5096424221992484 42.668460011482239 177.39219211041927 88.091144949197769 749.77932819724083 200.19934941828251
leaf_count=2064 4477 50289 1742 11504 456 105 1750 5166 824 847 3160 14560 1034 2441 2117 470 28847 259 1808 32 141 313 233 206 15 105 516 220 1981 623
internal_value=0.00922155 0.00819061 0.00710531 0.00782698 0.0299719 -0.00394391 -0.00867632 -0.0158118 0.0377147 0.0313469 0.00995762 0.00933508 0.0181129 0.0181503 0.00433195 0.0152789 0.00356405 0.0136365 0.0228114 0.0215258 0.0121269 0.0373907 0.0543973 -0.00656038 0.00575886 0.0118393 0.00833048 0.0113166 0.0132094 0.00800354
internal_weight=45762.5 43596.5 39312.6 36902.4 2166 2410.24 1984.46 1428.47 1469.48 1160.53 22926.1 21771.2 425.778 4283.88 13976.3 916.137 13060.1 696.518 2415.02 500.87 1868.86 227.429 403.574 195.649 144.403 377.955 273.441 265.483 1830.28 1080.5
internal_count=138305 132320 120849 110947 5985 9902 8658 6916 3968 3144 68009 64849 1244 11471 42938 2587 40351 2017 6285 1340 5186 572 1080 677 471 1139 768 736 5045 3064
is_linear=0
shrinkage=0.05


Tree=29
num_leaves=31
num_cat=0
split_feature=37 27 40 21 0 16 31 28 35 37 22 37 16 21 24 22 9 37 21 12 39 37 22 2 21 12 27 52 39 51
split_gain=365.611 168.497 103.251 102.347 88.0034 68.3287 72.5819 62.5573 56.1569 63.6557 50.9464 47.8936 46.8855 43.8634 41.1858 36.3604 31.5983 61.3481 44.6876 25.7484 24.9026 23.7111 22.1138 24.9754 37.8097 33.9823 21.8036 21.5388 20.5818 20.0473
threshold=-0.58125001192092884 -0.052374999970197671 1.5000000000000002 15.860000133514406 0.58079209923744213 1.2004500031471255 -0.053714999929070466 0.015244999900460245 8.5000000000000018 -0.28505000472068781 8.0429000854492205 1.0000000180025095e-35 1.0981499552726748 14.989999771118166 0.97964501380920421 2.7946499586105351 2.5000000000000004 1.2470499873161318 13.694999694824221 -0.20425499975681302 0.49244999885559088 -0.023349999450147148 7.3784499168396005 0.15399818122386935 17.694999694824222 -0.15804500132799146 0.037355000153183944 2.5000000000000004 0.32095000147819525 0.022355000488460067
decision_type=2 2 2 2 2 2 2 2 2 2 2 2 2 2 2 2 2 2 2 2 2 2 2 2 2 2 2 2 2 2
left_child=4 11 5 10 22 6 13 -8 19 -10 12 -2 -4 -3 16 29 18 -18 -13 -5 21 -7 23 24 25 -1 -12 -25 -29 -6
right_child=1 2 3 8 15 20 7 -9 9 -11 26 14 -14 -15 -16 -17 17 -19 -20 -21 -22 -23 -24 27 -26 -27 -28 28 -30 -31
leaf_value=0.025633698066555483 0.038400514656303217 0.019725978125227608 -0.00031187670356067114 0.033799888866329723 0.020633055212721546 0.041257504116804213 0.0036032852209286516 0.009495112070971078 0.050714406521487836 0.0054430054186722383 0.0088429144956736917 -0.0031865374172716752 0.0082894984268857691 0.010268905012068681 -0.018958420548881957 0.050587801850323112 0.028248443063300523 0.009592014607048796 0.015963822352023919 0.015953738508564529 0.033934406101456767 0.014046163245922449 0.055623888690070213 0.0082492595546319845 0.04343639050070229 -0.042494844627297981 0.027063688551639754 0.039297041327483004 -0.0037480651598718949 0.054162309762219744
leaf_weight=26.286946013569832 255.17012090981007 1815.4984627962112 9952.3746563345194 355.96884526312351 199.42380575835705 88.715705081820488 8238.0693277865648 9942.7152606397867 81.689565226435661 1569.3847363293171 570.50446780025959 372.17950348556042 1884.2757038921118 3776.7902155518532 82.233189091086388 603.9908809363842 1206.8745922148228 694.0406941473484 1678.4375016987324 467.63808217644691 272.52978998422623 820.1071065813303 36.260707452893257 169.27057257294655 29.872582912445068 60.268028572201729 230.52936764061451 171.97443319857121 33.117842808365822 57.416259214282036
leaf_count=69 621 5107 32148 943 527 219 26467 29754 206 4769 1752 1093 5596 11002 267 1660 3073 1942 4505 1408 690 2322 83 474 74 226 606 444 106 152
internal_value=0.00876464 0.00797393 0.00696567 0.00370405 0.0340351 0.0089409 0.00835766 0.00682541 0.0130026 0.00768288 0.00188323 0.017393 0.00105738 0.0133391 0.0160641 0.0438868 0.016793 0.0214368 0.0124881 0.023667 0.0206777 0.0167024 0.0179443 0.0151605 -0.00506488 -0.021804 0.0140867 0.0214506 0.0323462 0.0281285
internal_weight=45743.6 44355.7 40066.8 15112.4 1387.88 24954.4 23773.1 18180.8 2474.68 1651.07 12637.7 4288.94 11836.7 5592.29 4033.77 860.831 3951.53 1900.92 2050.62 823.607 1181.35 908.823 527.051 490.79 116.428 86.555 801.034 374.363 205.092 256.84
internal_count=138305 134490 122989 47428 3815 75561 72330 56221 7326 4975 40102 11501 37744 16109 10880 2339 10613 5015 5598 2351 3231 2541 1476 1393 369 295 2358 1024 550 679
is_linear=0
shrinkage=0.05


Tree=30
num_leaves=31
num_cat=0
split_feature=37 8 13 51 51 12 13 1 26 30 21 37 21 31 21 6 27 13 2 13 37 13 29 27 37 27 54 51 53 13
split_gain=338.499 162.547 145.615 133.669 178.392 132.542 144.261 116.349 90.3007 84.665 78.5282 63.6817 61.8967 53.845 53.7778 51.6644 48.9502 48.842 45.4048 43.0283 41.585 46.1874 54.3597 36.6138 32.0134 31.7924 27.0752 26.7295 35.2093 26.3311
threshold=-0.26395000517368311 -0.041008025407791131 0.71468001604080211 -0.020405000075697895 0.019584999419748787 -0.1949450001120567 0.15844500064849856 0.066282022744417204 0.49965000152587896 0.024925000034272674 12.719999790191652 0.58495000004768383 15.234999656677248 -0.12118499726057051 20.909999847412113 0.012006344273686411 0.00030500000866595661 0.59636500477790844 0.14257481694221499 1.1031750440597536 1.0000000180025095e-35 38.526519775390632 0.12080500274896623 0.0083949998952448385 0.99884998798370372 -0.099305000156164155 1.076450049877167 0.022355000488460067 0.13155000656843188 133.84338378906253
decision_type=2 2 2 2 2 2 2 2 2 2 2 2 2 2 2 2 2 2 2 2 2 2 2 2 2 2 2 2 2 2
left_child=3 10 5 8 9 11 7 -7 14 12 25 16 18 -12 -1 -8 -3 27 -5 -15 29 22 -22 -13 -23 -2 -27 28 -6 -4
right_child=1 2 20 4 17 6 15 -9 -10 -11 13 23 -14 19 -16 -17 -18 -19 -20 -21 21 24 -24 -25 -26 26 -28 -29 -30 -31
leaf_value=0.025399419225739531 0.031277083609049232 0.0097351574817963141 0.019445357043496429 -0.02057631897073086 0.0023064870228201718 -0.0025451149192954755 0.0085217167744054897 -0.024222535396011428 0.058225946221412153 0.032642188896273329 0.02238892931968707 -0.00049189086007624453 0.021198025882313783 0.01075088568883681 -0.06967028866783026 0.0013163933729684232 0.024418422961018385 0.008148509015105377 0.0061866322807635488 0.023286858292625549 0.0098293887578299391 0.0050524480495765141 0.026914398172807125 0.0098917453288213403 -0.038667489348099299 -0.0010659672853627828 -0.027276572226635504 0.059119367351798929 0.057228177387092932 0.052814585721365437
leaf_weight=49.837259098887444 54.805696293711662 6527.1030628234148 796.85540832579136 191.73243111371994 54.996444657444954 2160.5726944208145 3549.0254882127047 867.54496993124485 397.48628674447536 467.53423145413399 1962.4311431199312 2522.3075018972158 628.35068129003048 4443.3524993509054 21.20380662381649 8320.4388119280338 621.67110176384449 73.454342767596245 913.78082667291164 809.15942747890949 7354.1935436427593 88.707567453384399 497.0374638736248 1279.6690533608198 79.302870437502861 326.53976754844189 141.10263469815254 342.08251605927944 62.169028908014297 63.854837223887444
leaf_count=128 141 19428 2194 696 156 7543 10647 4141 1094 1213 5194 7816 1777 12646 76 26423 1762 203 2867 2138 21385 263 1289 3793 281 1008 473 938 144 149
internal_value=0.00859531 0.00741315 0.00595301 0.0242703 0.0200417 0.00405534 0.000985644 -0.00875562 0.0489461 0.0137591 0.0139668 0.00823141 0.00866727 0.0153223 -0.00297628 0.00347082 0.011012 0.0460049 0.00154505 0.0126821 0.0114769 0.0103559 0.010911 0.00300303 -0.0155839 -0.00475208 -0.00897454 0.0520598 0.0314484 0.021921
internal_weight=45668.3 42465.7 34728.3 3202.63 2734.1 25848.3 14897.6 3028.12 468.527 2201.4 7737.39 10950.8 1733.86 7214.94 71.0411 11869.5 7148.77 532.702 1105.51 5252.51 8879.95 8019.24 7851.23 3801.98 168.01 522.448 467.642 459.248 117.165 860.71
internal_count=138006 128714 107114 9292 7994 81553 48754 11684 1298 6553 21600 32799 5340 19978 204 37070 21190 1441 3563 14784 25561 23218 22674 11609 544 1622 1481 1238 300 2343
is_linear=0
shrinkage=0.05


Tree=31
num_leaves=31
num_cat=0
split_feature=37 36 33 0 52 31 13 40 33 36 12 27 29 30 51 28 37 24 21 30 3 31 49 23 51 53 21 51 24 28
split_gain=311.516 159.044 137.844 132.669 130.416 117.85 109.558 97.3327 88.1042 75.7051 49.8077 46.4841 48.5506 45.716 63.8749 41.8989 39.9134 36.7886 35.2831 33.203 32.8718 32.6457 30.5655 30.31 31.1615 29.8433 26.9716 22.6304 22.308 21.3302
threshold=-0.22504999488592145 0.99994999170303356 0.21755000203847888 0.72396954894065868 4.5000000000000009 -0.13656999915838239 0.82800498604774486 1.5000000000000002 0.10514999926090242 0.87520000338554393 -0.1855949983000755 0.010805000085383655 -0.017105000093579289 0.019785000011324886 0.019584999419748787 0.0018649999983608725 0.58495000004768383 -0.0040249999146908513 12.38000011444092 -0.088835000991821275 0.18254350870847705 -0.022034999914467331 0.92524999380111705 50.094999313354499 0.02120000030845404 0.093750000000000014 12.055000305175783 -0.020405000075697895 0.34456500411033636 0.025394999422132972
decision_type=2 2 2 2 2 2 2 2 2 2 2 2 2 2 2 2 2 2 2 2 2 2 2 2 2 2 2 2 2 2
left_child=3 5 4 8 15 26 7 16 13 23 -9 12 -6 14 21 -3 -7 20 -19 -17 -8 -1 -10 24 27 -16 28 -5 -2 -26
right_child=1 2 -4 9 11 6 17 10 22 -11 -12 -13 -14 -15 25 19 -18 18 -20 -21 -22 -23 -24 -25 29 -27 -28 -29 -30 -31
leaf_value=0.017515608593668398 -0.030324662574269991 0.028190539213055196 0.016442218625522063 -0.022648454440214356 0.027179548744722004 0.0094742220435389182 -0.012032351190966578 0.005784886626575985 0.037715526461281075 0.049266152619943666 -0.0012427181238228676 0.068340496200298403 -0.031016987030008315 0.02440578270596612 -0.0087797678714089545 0.040161285121870158 0.0047144526694228774 0.0046210046590936605 0.016713793274058905 -0.0074490658048902789 0.0093249930468803487 -0.0026045859477173768 -0.032898252138985437 0.040168333081644046 0.058239923002020189 0.051049006650830321 0.018741507417407901 0.017435693891870854 0.021893755850185725 -0.012696544856152518
leaf_weight=256.15370307862759 51.966100186109543 129.90395791828632 479.2186029702425 38.073644027113914 37.493884056806564 11468.636038690805 189.89377580583096 4250.6293539702892 411.23425658047199 536.92779289186001 6197.1647391915321 12.589440569281576 811.31112869083881 406.88997706770897 26.200873389840126 39.774749755859375 7150.4654239565134 710.32673534750938 3999.1948814690113 461.64323118329048 3516.3603725284338 946.71957693994045 15.917930752038954 239.34077118337154 70.191713914275169 101.93235702812672 2575.142869964242 468.42282159626484 33.727277770638466 12.481757804751394
leaf_count=756 177 364 1560 118 110 34019 588 12905 1087 1583 19700 29 4437 1119 77 105 21462 2098 10989 1757 10215 3251 55 623 190 252 6987 1262 92 39
internal_value=0.00817019 0.00697426 -0.00688913 0.0224365 -0.0143794 0.00765526 0.00693345 0.00547891 0.0147392 0.0346414 0.00161643 -0.0270317 -0.0284463 0.0097387 0.00525496 0.00288388 0.00764628 0.0119572 0.0148899 -0.0036724 0.00823073 0.00168004 0.0350841 0.0251637 0.0190683 0.0388151 0.0178232 0.0144225 -0.00977249 0.0475302
internal_weight=45645.9 42115.4 1971.93 3530.49 1492.72 40143.5 37482.7 29066.9 2165.05 1365.44 10447.8 861.394 848.805 1737.9 1331.01 631.322 18619.1 8415.78 4709.52 501.418 3706.25 1202.87 427.152 828.511 589.17 128.133 2660.84 506.496 85.6934 82.6735
internal_count=138006 127594 8362 10412 6802 119232 111976 88086 6597 3815 32605 4576 4547 5455 4336 2226 55481 23890 13087 1862 10803 4007 1142 2232 1609 329 7256 1380 269 229
is_linear=0
shrinkage=0.05


Tree=32
num_leaves=31
num_cat=0
split_feature=37 27 36 51 51 45 27 26 40 13 13 28 21 29 37 21 5 37 14 55 12 28 21 21 35 40 21 7 37 35
split_gain=285.975 145.449 162.323 127.259 160.424 116.067 138.75 84.4051 73.5262 69.1705 63.4242 57.6077 52.432 50.9287 51.0187 47.0361 41.4002 38.683 37.8035 98.3792 53.6081 37.0049 36.7219 53.2987 50.0692 47.3167 42.317 31.8134 31.7473 28.8492
threshold=-0.26395000517368311 -0.038204999640583985 0.9880499839782716 -0.020405000075697895 0.022355000488460067 0.93704998493194591 0.011485000140964987 0.49965000152587896 1.5000000000000002 0.19170499593019488 0.59636500477790844 0.041124999523162849 13.375000000000002 0.12080500274896623 0.77165001630783092 20.909999847412113 -19.941522598266598 0.42395000159740454 0.99994999170303356 1.0000000180025095e-35 -0.07686500251293181 0.002435000031255186 13.694999694824221 13.635000228881838 29.500000000000004 1.5000000000000002 14.500000000000002 19.345567703247074 0.81814998388290416 27.500000000000004
decision_type=2 2 2 2 2 2 2 2 2 2 2 2 2 2 2 2 2 2 2 2 2 2 2 2 2 2 2 2 2 2
left_child=3 17 8 7 9 -4 16 15 13 18 -6 12 -10 14 -3 -1 -7 21 20 -20 -5 -2 23 29 26 -25 -24 -11 -13 -19
right_child=1 2 5 4 10 6 -8 -9 11 27 -12 28 -14 -15 -16 -17 -18 22 19 -21 -22 -23 24 25 -26 -27 -28 -29 -30 -31
leaf_value=0.0238384771496391 0.027786587134970998 0.0089002491985417584 0.0067075087892691362 0.0098041935440933564 0.05709027578588325 0.023850558189378954 0.055957067490178848 0.056423708938920673 -0.0029450599875727882 -0.045263302588600035 0.0045594183002869021 0.017221195023021281 0.004372074386299731 0.02283482737843856 0.0025964622619776907 -0.064766564389618739 -0.024586994244491789 0.0012514012363129073 0.030175097862402817 -0.0028442868420523759 -0.020815987506902847 0.013922077514182974 0.025029985773340355 -0.059109841967569292 -0.016642856141309698 0.020418970568808831 0.011360071295191787 0.026179944156420189 0.0055451813899470778 0.026828287219051908
leaf_weight=49.311156541109085 719.58765922486782 15376.834811225533 734.97416695952415 338.28252133727074 323.05679273605347 46.012720808386803 59.210703983902931 376.36415413022041 4022.5937955081463 15.888055250048636 69.891096577048302 944.34047640860081 6255.441477894783 563.3127528578043 4056.4469453841448 21.512271121144295 1069.1100965440273 674.49393163621426 438.13487528264523 464.99352739751339 247.53631263971329 1453.1861583292484 660.8065814524889 62.482298955321312 143.78764028847218 26.692601561546326 3951.8557875752449 809.36986471712589 1518.0426071733236 131.7923070192337
leaf_count=128 1850 45612 2281 991 938 184 140 1094 12923 60 196 2620 19253 1496 12396 76 5774 1989 1260 1502 896 3962 1730 222 451 73 10951 2151 4457 350
internal_value=0.00776544 0.00668665 0.0052961 0.0222907 0.0182089 -0.0088753 -0.018628 0.0470006 0.00612262 0.0131934 0.047747 0.00315398 0.00150831 0.00801403 0.00758441 -0.00307487 -0.0225883 0.0128437 0.00675784 0.0131744 -0.00313429 0.0185138 0.010664 0.00137531 0.0124127 -0.0353046 0.0133184 0.0248045 0.010023 0.0054321
internal_weight=45625.3 42471 34646.3 3154.34 2707.15 1909.31 1174.33 447.188 32737 2314.21 392.948 12740.4 10278 19996.6 19433.3 70.8234 1115.12 7824.68 1488.95 903.128 585.819 2172.77 5651.91 895.461 4756.45 89.1749 4612.66 825.258 2462.38 806.286
internal_count=138006 128714 107136 9292 7994 8379 6098 1298 98757 6860 1134 39253 32176 59504 58008 204 5958 21578 4649 2762 1887 5812 15766 2634 13132 295 12681 2211 7077 2339
is_linear=0
shrinkage=0.05


Tree=33
num_leaves=31
num_cat=0
split_feature=37 8 36 51 51 45 27 26 40 31 21 28 27 28 37 50 21 31 27 31 24 21 43 2 0 14 26 14 9 53
split_gain=263.766 135.655 135.945 123.675 161.93 115.698 122.552 83.5015 74.9304 69.1244 68.3042 60.931 53.8955 50.6784 67.8576 47.7377 46.6452 45.3099 43.99 38.5942 39.484 32.6037 29.8607 26.4681 26.2022 24.8806 22.9342 22.2734 22.0551 37.4974
threshold=-0.22504999488592145 -0.040198653936386101 0.99994999170303356 -0.020405000075697895 0.019584999419748787 0.97654998302459728 0.011485000140964987 0.49965000152587896 1.5000000000000002 0.040605001151561744 12.275000095367433 -0.0090749999508261663 -0.020875000394880768 0.074754998087883009 0.81814998388290416 2.5000000000000004 20.909999847412113 -0.12118499726057051 -0.014855000190436838 0.1107349991798401 0.26086500287055975 11.300000190734865 5.5000000000000009 0.36602540314197546 0.77542689442634594 1.0000000180025095e-35 0.82925000786781322 1.2178500294685366 4.5000000000000009 0.77695000171661388
decision_type=2 2 2 2 2 2 2 2 2 2 2 2 2 2 2 2 2 2 2 2 2 2 2 2 2 2 2 2 2 2
left_child=3 10 8 7 9 -4 11 16 13 12 21 -7 24 14 -3 -14 -1 -12 -6 20 -10 27 -21 -23 -5 -15 -11 -2 -19 -30
right_child=1 2 5 4 18 6 -8 -9 19 26 17 -13 15 25 -16 -17 -18 28 -20 22 -22 23 -24 -25 -26 -27 -28 -29 29 -31
leaf_value=0.023137105182896838 -0.0020534148406834651 0.0085260329600830818 0.0075497468958228876 0.051873919001106987 0.050106669741603618 0.039747867646104995 0.054031553266666199 0.054946980776606459 0.00012233190215598614 0.018992497278895352 0.019821261518240155 -0.024829335965179507 0.0062452341275148482 -0.0091997736368501937 0.0011886138032107633 -0.030067975608507193 -0.062834414771903199 0.012708983726342344 0.014286637394495334 0.0084800171113671389 0.010222522505212429 -0.052395758971067123 -0.080962730899395097 -0.010873086518452355 0.018033632041879619 0.02071629314369737 0.040016798119241997 0.03774809903977857 0.0019956931133453914 0.028931995080805045
leaf_weight=51.700271725654602 116.66449072957039 14993.551882520318 687.95027214288712 81.485648110508919 406.385886952281 37.910744443535805 55.123272746801376 370.27128259837627 8863.4298492521048 310.64511740207672 1971.8505880385637 1001.1247779503465 1620.4336224645376 75.094514176249504 3989.4413013011217 95.858836859464645 22.707058727741241 4219.6935911178589 108.62199096381664 2514.3220979273319 1086.192680478096 46.892779156565666 9.3662247508764249 211.38091471791267 191.9446267336607 933.0893374979496 222.70426574349403 50.307447344064713 1103.9703043997288 146.32573629915714
leaf_count=135 360 44381 2120 191 1184 97 130 1109 27766 853 5245 5546 5162 230 12198 337 80 11810 293 7377 3222 173 37 675 510 2476 558 130 3232 389
internal_value=0.00738238 0.00628876 0.00492866 0.0206064 0.0170017 -0.00851696 -0.0186189 0.0452342 0.00566674 0.0117864 0.0122095 -0.0224731 0.00750162 0.00756417 0.00698401 0.00421706 -0.00309902 0.0133232 0.0425517 0.00262569 0.00122496 -0.00728025 0.00814807 -0.018412 0.0281185 0.018488 0.0277714 0.0099385 0.0109808 0.00514813
internal_weight=45596.4 42113.7 34246.6 3482.76 3038.08 1782.11 1094.16 444.679 32464.5 2523.07 7867.09 1039.04 1989.72 19991.2 18983 1716.29 74.4073 7441.84 515.008 12473.3 9949.62 425.246 2523.69 258.274 273.43 1008.18 533.349 166.972 5469.99 1250.3
internal_count=138006 127594 105580 10412 9088 7893 5773 1324 97687 7611 22014 5643 6200 59285 56579 5499 215 20676 1477 38402 30988 1338 7414 848 701 2706 1411 490 15431 3621
is_linear=0
shrinkage=0.05


Tree=34
num_leaves=31
num_cat=0
split_feature=37 27 51 51 12 13 52 13 26 13 13 1 25 25 44 29 37 49 37 9 9 40 37 7 48 37 33 23 8 54
split_gain=241.612 126.994 118.394 153.168 94.8322 137.493 91.7587 92.6791 79.5947 65.926 61.3153 53.6055 89.6514 46.095 44.4527 42.2602 49.6984 37.2138 35.4396 36.2881 96.854 54.739 54.0749 35.3106 32.7644 28.84 30.7687 27.2406 27.0071 24.7044
threshold=-0.22504999488592145 -0.038204999640583985 -0.020405000075697895 0.022355000488460067 -0.29191499948501581 0.44415500760078436 4.5000000000000009 0.078424997627735152 0.49965000152587896 0.19170499593019488 0.59636500477790844 0.045628618448972709 1.2648499608039858 2.0850499868392949 -0.013749999925494192 0.047685001045465476 0.80865001678466808 0.64304998517036449 0.017549999989569191 2.5000000000000004 4.5000000000000009 1.5000000000000002 0.97345000505447399 19.345567703247074 0.27019999921321874 0.06724999845027925 -0.71604999899864186 -52.204999923706048 -0.025247335433959957 1.1322500109672549
decision_type=2 2 2 2 2 2 2 2 2 2 2 2 2 2 2 2 2 2 2 2 2 2 2 2 2 2 2 2 2 2
left_child=2 18 8 9 14 6 13 -8 24 11 -5 17 -13 -6 27 16 -7 -4 -2 -20 21 -21 -22 29 -1 -16 -27 28 -3 -11
right_child=1 4 3 10 5 15 7 -9 -10 23 -12 12 -14 -15 25 -17 -18 -19 19 20 22 -23 -24 -25 -26 26 -28 -29 -30 -31
leaf_value=-0.036263389088013735 0.025300084333266266 0.016881281179316275 0.017640532942954711 0.05528731582449728 0.0041229191073691171 0.00703045502132554 -0.02317116391219896 -0.0029308115297691385 0.053933229120120767 -0.082598547238425496 0.0041667503547380561 0.0097345976094050535 -0.022879572464648588 -0.0032301930601912826 0.015194914988122692 0.012573643306709563 -0.0029895683953804169 -0.048670733091719792 0.0077013879149162544 0.028973854576534466 0.014214071759662147 0.0061909270771928161 -0.0034418915952933575 0.023386583725930967 0.030169090612656341 -0.012539942268014146 0.0050091228529192261 0.014187323374149961 -0.029548215465714331 0.051930593620221413
leaf_weight=37.005858197808266 453.72340321540833 55.497839093208313 725.20675145089626 312.5865293443203 8161.1327220797539 8646.8981652110815 715.90930282324553 2693.1932003200054 358.66526478528976 13.166258543729784 72.206149488687515 566.06894382834435 335.64969764649868 2884.6862479001284 606.23716342449188 2764.8802098482847 1444.1826875954866 21.79353953897953 4013.4361836463213 1199.1738996803761 1038.024698510766 337.94241686165333 744.8410237878561 974.35612694919109 37.235305979847908 281.25135600566864 2231.4698212146759 3764.9003620892763 71.895101055502892 4.6065483540296546
leaf_count=120 1179 157 2099 956 25489 25702 3359 9561 1109 57 203 1862 1194 9047 1724 7850 4514 83 11269 3055 2840 963 2209 2622 95 890 6736 10806 244 12
internal_value=0.00701815 0.00597473 0.0197222 0.0162229 0.00466683 0.00333518 -1.05222e-05 -0.00718127 0.044179 0.0119287 0.0456946 0.00580042 -0.00240548 0.00220261 0.00985401 0.007097 0.00559644 0.0157059 0.0117394 0.0109003 0.0147675 0.0239649 0.00683781 0.0221126 -0.00294449 0.00540647 0.00304484 0.0134179 -0.00932153 -0.0477298
internal_weight=45567.8 42109.3 3458.55 3025.64 34322.1 27310.9 14454.9 3409.1 432.906 2640.85 384.793 1648.72 901.719 11045.8 7011.25 12856 10091.1 747 7787.14 7333.42 3319.98 1537.12 1782.87 992.129 74.2412 3118.96 2512.72 3892.29 127.393 17.7728
internal_count=138006 127594 10412 9088 106079 85522 47456 12920 1324 7929 1159 5238 3056 34536 20557 38066 30216 2182 21515 20336 9067 4018 5049 2691 215 9350 7626 11207 401 69
is_linear=0
shrinkage=0.05


end of trees

feature_importances:
Column_37=156
Column_27=99
Column_28=90
Column_51=77
Column_13=64
Column_21=50
Column_0=41
Column_8=36
Column_12=34
Column_35=31
Column_36=28
Column_9=26
Column_24=24
Column_49=21
Column_29=20
Column_45=19
Column_22=17
Column_26=17
Column_7=16
Column_25=15
Column_6=14
Column_31=14
Column_1=13
Column_33=13
Column_23=12
Column_40=12
Column_3=11
Column_2=10
Column_30=9
Column_48=9
Column_15=7
Column_34=6
Column_16=5
Column_52=5
Column_5=4
Column_14=4
Column_39=4
Column_53=4
Column_44=3
Column_41=2
Column_54=2
Column_55=2
Column_4=1
Column_18=1
Column_43=1
Column_50=1

parameters:
[boosting: gbdt]
[objective: binary]
[metric: auc]
[tree_learner: serial]
[device_type: cpu]
[data_sample_strategy: bagging]
[data: ]
[valid: ]
[num_iterations: 300]
[learning_rate: 0.05]
[num_leaves: 31]
[num_threads: 0]
[seed: 1]
[deterministic: 0]
[force_col_wise: 0]
[force_row_wise: 0]
[histogram_pool_size: -1]
[max_depth: 6]
[min_data_in_leaf: 20]
[min_sum_hessian_in_leaf: 0.001]
[bagging_fraction: 0.8]
[pos_bagging_fraction: 1]
[neg_bagging_fraction: 1]
[bagging_freq: 5]
[bagging_seed: 18467]
[bagging_by_query: 0]
[feature_fraction: 0.8]
[feature_fraction_bynode: 1]
[feature_fraction_seed: 26500]
[extra_trees: 0]
[extra_seed: 15724]
[early_stopping_round: 0]
[early_stopping_min_delta: 0]
[first_metric_only: 0]
[max_delta_step: 0]
[lambda_l1: 0]
[lambda_l2: 0]
[linear_lambda: 0]
[min_gain_to_split: 0]
[drop_rate: 0.1]
[max_drop: 50]
[skip_drop: 0.5]
[xgboost_dart_mode: 0]
[uniform_drop: 0]
[drop_seed: 6334]
[top_rate: 0.2]
[other_rate: 0.1]
[min_data_per_group: 100]
[max_cat_threshold: 32]
[cat_l2: 10]
[cat_smooth: 10]
[max_cat_to_onehot: 4]
[top_k: 20]
[monotone_constraints: ]
[monotone_constraints_method: basic]
[monotone_penalty: 0]
[feature_contri: ]
[forcedsplits_filename: ]
[refit_decay_rate: 0.9]
[cegb_tradeoff: 1]
[cegb_penalty_split: 0]
[cegb_penalty_feature_lazy: ]
[cegb_penalty_feature_coupled: ]
[path_smooth: 0]
[interaction_constraints: ]
[verbosity: -1]
[saved_feature_importance_type: 0]
[use_quantized_grad: 0]
[num_grad_quant_bins: 4]
[quant_train_renew_leaf: 0]
[stochastic_rounding: 1]
[linear_tree: 0]
[max_bin: 255]
[max_bin_by_feature: ]
[min_data_in_bin: 3]
[bin_construct_sample_cnt: 200000]
[data_random_seed: 41]
[is_enable_sparse: 1]
[enable_bundle: 1]
[use_missing: 1]
[zero_as_missing: 0]
[feature_pre_filter: 1]
[pre_partition: 0]
[two_round: 0]
[header: 0]
[label_column: ]
[weight_column: ]
[group_column: ]
[ignore_column: ]
[categorical_feature: ]
[forcedbins_filename: ]
[precise_float_parser: 0]
[parser_config_file: ]
[objective_seed: 19169]
[num_class: 1]
[is_unbalance: 0]
[scale_pos_weight: 2.19394]
[sigmoid: 1]
[boost_from_average: 1]
[reg_sqrt: 0]
[alpha: 0.9]
[fair_c: 1]
[poisson_max_delta_step: 0.7]
[tweedie_variance_power: 1.5]
[lambdarank_truncation_level: 30]
[lambdarank_norm: 1]
[label_gain: ]
[lambdarank_position_bias_regularization: 0]
[eval_at: ]
[multi_error_top_k: 1]
[auc_mu_weights: ]
[num_machines: 1]
[local_listen_port: 12400]
[time_out: 120]
[machine_list_filename: ]
[machines: ]
[gpu_platform_id: -1]
[gpu_device_id: -1]
[gpu_use_dp: 0]
[num_gpu: 1]

end of parameters

pandas_categorical:null
