tree
version=v4
num_class=1
num_tree_per_iteration=1
label_index=0
max_feature_idx=57
objective=binary sigmoid:1
feature_names=Column_0 Column_1 Column_2 Column_3 Column_4 Column_5 Column_6 Column_7 Column_8 Column_9 Column_10 Column_11 Column_12 Column_13 Column_14 Column_15 Column_16 Column_17 Column_18 Column_19 Column_20 Column_21 Column_22 Column_23 Column_24 Column_25 Column_26 Column_27 Column_28 Column_29 Column_30 Column_31 Column_32 Column_33 Column_34 Column_35 Column_36 Column_37 Column_38 Column_39 Column_40 Column_41 Column_42 Column_43 Column_44 Column_45 Column_46 Column_47 Column_48 Column_49 Column_50 Column_51 Column_52 Column_53 Column_54 Column_55 Column_56 Column_57
feature_infos=[0:11.116573333740234] [-0.99264538288116455:243.85050964355469] [0.0039525693282485008:1] [6.4609064764908908e-09:5] [2:7] [-9034.5859375:9751.81640625] [-0.9934457540512085:2.7325921058654785] [0:100] [-0.99622130393981934:271.08529663085938] [0:6] none none [-0.9974600076675415:0.28093999624252319] [0.0025899999309331179:309.90426635742188] [0:10] [-0.020500000566244125:6] [-0.10999999940395355:6] [-0.020500000566244125:6] [-0.10999999940395355:6] none none [10.199999809265137:31.979999542236328] [0:50] [0:100] [-0.9974600076675415:0.28093999624252319] [0:5] [0.5:1] [-0.15000000596046448:0.15000000596046448] [0:0.15000000596046448] [-0.99641001224517822:284.57864379882812] [-0.99630999565124512:280.00961303710938] [-0.99637001752853394:260.58767700195312] [-1:1] [-5:5] [0:251] [0:32] [0:1] [-5:5] [0:1] [0:5] [0:3] [0:1] none [0:9] [-3.2369999885559082:2.0146000385284424] [0.10000000149011612:10] [0:1] [0:1] [0.10000000149011612:20] [0:0.99599999189376831] [0:3] [-0.10000000149011612:0.10000000149011612] [1:5] [0:1] [0.20000000298023224:5] [-1:1] [0:1] [0:1]
tree_sizes=3480 3469 3499 3483 3491 3493 3475 3474 3483 3500 3480 3479 3501 3469 3477 3483 3506 3498 3488 3513 3488 3524 3507 3487 3524 3516 3513 3513 3502 3500 3509 3503 3517 3549 3493 3505 3500 3502 3524 3525 3527 3524 3551 3520 3524 3538 3516 3507 3542 3498 3532 3523 3523 3532 3548 3518 3522 3507 3511 3513 3551 3509 3526 3539 3546 3510 3554 3540 3530 3525 3534 3548 3500 3515 3544

Tree=0
num_leaves=31
num_cat=0
split_feature=28 37 28 36 37 28 28 30 37 36 27 37 12 35 37 28 27 35 37 13 37 3 37 12 29 27 9 23 0 5
split_gain=2953.07 3462.79 1838.44 1026.96 592.897 457.449 404.638 388.634 381.548 311.681 274.252 256.54 216.253 213.437 148.049 146.119 245.492 138.341 129.821 126.763 88.9366 88.8172 88.0001 81.4809 106.275 79.689 77.1283 68.8635 57.4255 51.694
threshold=0.013685000129044058 -0.32764999568462366 0.061975000426173217 0.98385000228881847 0.085149999707937254 0.031074999831616882 0.024604999460279945 0.014204999897629024 0.66294997930526745 0.99994999170303356 -0.010894999839365481 1.0000000180025095e-35 -0.13222499936819074 3.5000000000000004 -0.32764999568462366 0.082005001604557051 0.14999500662088397 5.0000000000000009 -0.15554999560117719 0.18718499690294269 0.033449999988079078 0.00011527595052029939 0.78334999084472667 -0.13222499936819074 0.013435000088065864 0.012804999947547914 1.5000000000000002 70.844997406005874 0.41321475803852087 -2.2768980264663692
decision_type=2 2 2 2 2 2 2 2 2 2 2 2 2 2 2 2 2 2 2 2 2 2 2 2 2 2 2 2 2 2
left_child=3 10 4 17 6 13 9 12 -7 -3 27 21 -5 -6 29 22 -17 -1 28 23 -21 -4 -13 26 -25 -8 -19 -2 -14 -9
right_child=1 2 11 7 5 8 25 14 -10 -11 -12 15 18 -15 -16 16 -18 19 -20 20 -22 -23 -24 24 -26 -27 -28 -29 -30 -31
leaf_value=-0.84804353360670592 -0.76251140826386776 -0.83199805873878618 -0.82417175009561927 -0.87144269119288698 -0.84627605924746829 -0.83514033696347889 -0.80619435872563583 -0.79425730028280817 -0.85279713624512732 -0.89189771317025235 -0.78903150291952351 -0.81156222756967855 -0.916371116650466 -0.86169534654767421 -0.89133728747014063 -0.80380488364017166 -0.85408463835530835 -0.85367505266593324 -0.94397388227780232 -0.8393256419836701 -0.86854175186972393 -0.7550367205507621 -0.83330681646675331 -0.91418894664395034 -0.85708089139247368 -0.75852412206825548 -0.8880270696446646 -0.73182690720107813 -0.85745963154635008 -0.85496837211638188
leaf_weight=818.20546078681946 312.42541491985321 1143.9813991189003 59.409484297037125 166.39212945103645 2809.905849635601 5240.880729585886 869.65450549125671 59.076932340860367 7351.2222275137901 268.05846378207207 641.88724544644356 612.04568502306938 388.3704095184803 11149.493725448847 313.64207980036736 1858.4609470069408 279.24472376704216 286.78052389621735 809.31407526135445 331.79896777868271 1211.852826654911 213.06263026595116 1940.4448424577713 345.91369593143463 106.56252616643906 97.497070133686066 379.7949233353138 440.86781549453735 46.297347962856293 86.256415218114853
leaf_count=2807 755 3707 187 617 9581 17178 2552 165 25634 1059 1753 1835 1647 40055 1237 5401 978 1003 3697 1104 4452 496 6318 1458 377 231 1483 905 164 303
internal_value=-0.847463 -0.842215 -0.845393 -0.882078 -0.850216 -0.852358 -0.826304 -0.911971 -0.845448 -0.843369 -0.765017 -0.817276 -0.924976 -0.858592 -0.872007 -0.820016 -0.810373 -0.866025 -0.932137 -0.871551 -0.862262 -0.770111 -0.828093 -0.884364 -0.900739 -0.801389 -0.873248 -0.744553 -0.910096 -0.83029
internal_weight=40638.8 35288.5 33893.4 5350.26 28930.7 26551.5 2379.19 1869.35 12592.1 1412.04 1395.18 4962.67 1410.37 13959.4 458.975 4690.2 2137.71 3480.91 1243.98 2662.7 1543.65 272.472 2552.49 1119.05 452.476 967.152 666.575 753.293 434.668 145.333
internal_count=139139 118625 115212 20514 99997 92448 7549 7830 42812 4766 3413 15215 6125 49636 1705 14532 6379 12684 5508 9877 5556 683 8153 4321 1835 2783 2486 1660 1811 468
is_linear=0
shrinkage=1


Tree=1
num_leaves=31
num_cat=0
split_feature=51 36 45 29 29 51 0 27 13 12 27 29 51 21 0 27 3 9 29 13 51 31 29 13 51 12 53 40 14 27
split_gain=2104.45 1437.59 1478.78 1171.75 823.843 400.382 356.027 345.187 297.16 201.64 176.333 132.954 123.985 112.82 110.452 96.6897 94.57 80.9996 79.9069 75.685 74.5159 66.6027 63.1286 55.5599 51.454 44.4187 40.5733 36.6725 35.1793 34.5323
threshold=-0.015275000128895043 0.99994999170303356 0.9751499891281129 0.019104999490082267 0.080475002527236952 -0.0078449998982250673 0.76886323094367992 -0.009945000056177376 0.75023502111434948 -0.22857499867677686 0.049204999580979354 0.014204999897629024 -0.020879999734461304 25.60999965667725 0.62627848982810985 0.025755000300705436 0.78195589780807506 5.5000000000000009 0.026424999348819259 0.7001900076866151 -0.011975000146776436 0.17322500050067904 0.14154500514268878 0.43611499667167669 0.0050250000786036262 -0.18159500509500501 0.71275001764297496 1.5000000000000002 0.65154999494552623 0.026534999720752243
decision_type=2 2 2 2 2 2 2 2 2 2 2 2 2 2 2 2 2 2 2 2 2 2 2 2 2 2 2 2 2 2
left_child=7 4 19 5 6 20 8 12 9 -2 17 -7 23 15 28 -8 -12 22 24 25 -4 -10 -6 -1 -5 27 -15 -3 -14 -27
right_child=1 2 3 18 10 11 13 -9 21 -11 16 -13 14 26 -16 -17 -18 -19 -20 -21 -22 -23 -24 -25 -26 29 -28 -29 -30 -31
leaf_value=0.13711780179064689 0.047345600939453232 0.058963809634544839 0.037831589225460233 0.098669607341371604 0.064336701319051809 -0.039104150097479043 0.053320947083232421 0.073732269662776462 0.0511148311467347 0.03682596139686925 0.05828066810103754 0.029566123517197708 0.030892287473103037 0.10922274883678813 0.058840700960432105 0.077441266896133523 0.097131639887383492 0.044340718655559538 0.13848144940787016 0.064258392008943205 0.00018717163283739664 0.065472642254675473 0.086886363169564912 0.080217981903345392 0.017026533121164845 0.030901521214989403 0.065342094902059153 0.035197458920490338 0.12376623606802645 0.068837230234797764
leaf_weight=638.17691031098366 6988.99732683599 501.62866494059563 206.63103853166103 63.338288471102715 1580.325109153986 1383.3664692342281 6206.7222269177437 616.71555559337139 4280.4379734545946 13081.506998434663 194.44912883639336 74.270731136202812 10.77542708814144 130.01248745620251 124.68670828640461 445.29228024184704 805.46246501803398 410.25300644338131 100.31167660653591 545.92051357030869 361.34541296958923 995.57154351472855 386.22966678440571 45.994197383522987 27.754914924502373 704.79715013504028 88.56246916949749 239.95806568861008 189.69344687461853 65.569682791829109
leaf_count=1349 23483 1622 716 171 4937 6263 20276 1853 14175 45681 620 266 38 332 393 1309 2152 1376 222 1725 1451 3113 1090 134 103 2532 274 844 437 202
internal_value=0.0474478 0.0451737 0.0177772 -0.0105553 0.0484641 -0.021729 0.0460014 0.103204 0.0432649 0.0404891 0.0719605 -0.0356052 0.121212 0.056097 0.0957916 0.0549356 0.0895764 0.0645496 0.107695 0.0483007 0.0138823 0.0538241 0.0687654 0.133293 0.073794 0.0425389 0.0914431 0.0512736 0.118774 0.0341304
internal_weight=41494.8 39868.7 4274.89 2217.02 35593.8 2025.61 32217.1 1626.04 25346.5 20070.5 3376.72 1457.64 1009.33 6870.59 325.156 6652.01 999.912 2376.81 191.405 2057.87 567.976 5276.01 1966.55 684.171 91.0932 1511.95 218.575 741.587 200.469 770.367
internal_count=139139 134935 16117 9192 118818 8696 108643 4204 86452 69164 10175 6529 2351 22191 868 21585 2772 7403 496 6925 2167 17288 6027 1483 274 5200 606 2466 475 2734
is_linear=0
shrinkage=0.05


Tree=2
num_leaves=31
num_cat=0
split_feature=28 37 28 36 51 37 28 30 28 35 51 37 37 45 25 28 37 37 37 37 13 1 36 37 45 51 12 35 27 22
split_gain=2260.71 2609.06 1251.12 794.856 717.947 364.515 344.188 330.787 301.874 271.047 237.218 234.931 208.081 200.603 179.934 176.393 160.831 145.858 124.717 119.832 117.942 129.102 112.667 101.19 96.8838 95.6201 94.6119 93.9899 93.5038 88.3736
threshold=0.013685000129044058 1.0000000180025095e-35 0.041804999113082893 0.98385000228881847 -0.019360000267624852 0.31925000250339514 0.078154999762773528 0.014204999897629024 0.024774999357759956 3.5000000000000004 0.099995002150535597 -0.39884999394416804 0.40534999966621404 0.5912500023841859 0.95724999904632579 0.022045000456273559 0.75485000014305126 -0.15554999560117719 1.2606999874114992 -0.29215000569820399 0.19259499758481982 0.097167070955038085 0.99064999818801891 0.22434999793767932 0.86024999618530285 -0.012645000126212834 -0.10593499988317488 2.5000000000000004 0.010714999865740539 3.4101500511169438
decision_type=2 2 2 2 2 2 2 2 2 2 2 2 2 2 2 2 2 2 2 2 2 2 2 2 2 2 2 2 2 2
left_child=3 4 5 20 -2 15 12 13 11 -7 -8 -6 -4 -5 -13 22 -11 25 -14 -9 21 27 -3 -22 -21 -15 -23 -1 -17 -10
right_child=1 2 6 7 8 9 10 19 29 16 -12 14 18 17 -16 28 -18 -19 -20 24 23 26 -24 -25 -26 -27 -28 -29 -30 -31
leaf_value=0.05774824998450865 0.13515222759103274 0.042497810080054821 0.07412940260445304 0.025127433503203657 0.093769822553589496 0.046361517733630946 0.079566583155810236 0.057880569599996073 0.085756726400124494 0.033858329495285708 0.034502826968205697 0.066293392604051524 0.054928743669344506 0.07254025288284581 0.020846095701102518 0.054012004856822948 0.021527035216827448 -0.045204811202989484 0.041685121488757859 0.038990765510670461 0.045249992743980186 0.029583807333691783 0.013414607405049567 0.022833074330507335 -0.018744093908949246 -0.015748840622298324 -0.031166238964169202 0.01875832873143897 0.10230840521073803 0.1138351681439843
leaf_weight=181.26561433076859 734.35266119241714 3047.1066446006298 1049.1002322584391 175.83639296889305 416.51706567406654 3152.4602539986372 2283.9084646701813 166.81988723576069 661.64661446213722 8251.848408266902 334.84896618127823 554.99167566001415 5238.0819345861673 33.165354788303375 358.45510645210743 3191.680318236351 3891.0019120275974 766.86330917477608 2690.9059766978025 123.49143166840076 1179.6261746287346 93.253101691603661 373.86606299877167 878.19005559384823 176.54172492027283 407.15000611543655 204.94003833830357 1049.400021597743 103.4653607904911 486.12146387994289
leaf_count=570 1394 10158 3022 640 1056 10304 6269 524 1775 28339 1127 1674 16462 100 1287 10121 13961 3638 8901 427 3901 329 1398 3154 754 1747 881 3849 262 1115
internal_value=0.0442352 0.048679 0.0445643 0.014138 0.0917314 0.037562 0.0578551 -0.0124833 0.0788624 0.0332983 0.0738045 0.0626494 0.053203 -0.0247676 0.0484589 0.0472721 0.0299069 -0.0320352 0.0504342 0.023908 0.0278682 0.0173491 0.0393194 0.0356834 0.00501915 -0.00909875 -0.012168 0.0245012 0.0555285 0.097649
internal_weight=42256.9 36820.4 33608.3 5436.54 3212.08 22011.4 11596.8 1849.87 2477.73 15295.3 2618.76 1329.96 8978.09 1383.02 913.447 6716.12 12142.9 1207.18 7928.99 466.853 3586.68 1528.86 3420.97 2057.82 300.033 440.315 298.193 1230.67 3295.15 1147.77
internal_count=139139 118625 110324 20514 8301 74543 35781 7830 6907 52604 7396 4017 28385 6125 2961 21939 42300 5485 25363 1705 12684 5629 11556 7055 1181 1847 1210 4419 10383 2890
is_linear=0
shrinkage=0.05


Tree=3
num_leaves=31
num_cat=0
split_feature=28 37 28 51 52 12 37 28 28 28 30 37 25 51 37 28 51 37 33 7 33 8 37 37 37 7 7 7 37 7
split_gain=1961.35 2226.04 1094.93 602.961 523.101 334.934 276.772 269.738 252.518 248.419 226.042 199.116 154.392 141.26 138.959 131.415 217.996 124.006 101.926 97.5694 95.3348 87.4544 84.9437 83.0168 79.3088 149.444 74.2907 72.7783 70.6068 65.2945
threshold=0.013685000129044058 1.0000000180025095e-35 0.055674999952316291 -0.019360000267624852 4.5000000000000009 -0.096584998071193681 0.39294999837875372 0.026615000329911712 0.024774999357759956 0.028764999471604828 0.014204999897629024 -0.39884999394416804 0.95724999904632579 -0.013485000003129242 0.72734999656677257 0.082005001604557051 0.099995002150535597 0.84745001792907726 0.2380500063300133 86.346355438232436 0.80634999275207531 0.014385879039764406 -0.29215000569820399 1.0340500473976137 -0.55324998497962941 87.903766632080092 83.848056793212905 30.461235046386722 0.2071500048041344 73.50586318969728
decision_type=2 2 2 2 2 2 2 2 2 2 2 2 2 2 2 2 2 2 2 2 2 2 2 2 2 2 2 2 2 2
left_child=4 3 6 -2 20 -6 7 19 11 26 13 -5 -13 -7 -11 17 -17 -4 -10 -3 24 -15 -12 -18 -1 27 -8 -26 -9 -24
right_child=1 2 15 8 5 10 9 28 18 14 22 12 -14 21 -16 16 23 -19 -20 -21 -22 -23 29 -25 25 -27 -28 -29 -30 -31
leaf_value=0.060399241423224038 0.1236189191026548 0.038382628127117513 0.067556400892267665 0.086373534848224701 0.025532206484121592 0.068981246544470812 0.026659190890058266 0.064898044451270231 0.078260392152736377 0.04486599291329757 0.056113576880802832 0.061444643703580416 0.019643994699738154 -0.033016255925199488 0.033459828834390019 0.07580646544324407 0.056334110926234353 0.049025106660820904 0.10844573203329962 -0.019880773781871142 0.055152320443229534 0.056814804260506828 0.019709795379610349 0.0067371828106338157 -0.016207043067375318 -0.041727108228932303 -0.01921040236426564 0.02540294252200595 0.049995599111170394 -0.035846365994207562
leaf_weight=138.95343743264675 761.94421696662903 6118.0841712206602 1304.5727786272764 429.22412526607513 620.18279559910297 36.47346967458725 6730.6731498837471 1187.5136066973209 732.42458891868591 4572.6878700405359 102.31855253875256 568.48087552189827 361.29544161260128 1159.7516857534647 6418.0275500565767 1993.9287185072899 174.65210168063641 2930.9777236282825 452.4018117338419 72.70979468524456 258.35726608335972 27.741816520690918 163.76517777144909 163.22118289768696 109.37865614891052 89.89974008500576 89.445381656289101 2677.9061656296253 2403.5939763784409 78.114008918404579
leaf_count=425 1394 20200 3699 1056 2221 110 23311 3431 1909 14558 314 1674 1287 5304 21532 5256 531 9098 981 297 812 90 599 592 454 408 360 9429 7459 348
internal_value=0.0413424 0.0454234 0.041632 0.0846013 0.0133538 -0.00557259 0.0372649 0.044022 0.0729145 0.0335538 -0.017874 0.0582053 0.0452016 -0.0279407 0.0382054 0.0599808 0.0695133 0.0547328 0.089786 0.0376983 0.0260023 -0.0309177 0.0179232 0.0323746 0.0235054 0.0217236 0.0260576 0.0237701 0.0549236 0.00176813
internal_weight=42928.7 37465.9 34160.1 3305.77 5462.84 2188.35 27592.7 9781.9 2543.83 17810.8 1568.16 1359 929.776 1223.97 10990.7 6567.35 2331.8 4235.55 1184.83 6190.79 3274.5 1187.49 344.198 337.873 3016.14 2877.18 6820.12 2787.28 3591.11 241.879
internal_count=139139 118625 110324 8301 20514 8986 91148 31387 6907 59761 6765 4017 2961 5504 36090 19176 6379 12797 2890 20497 11528 5394 1261 1123 10716 10291 23671 9883 10890 947
is_linear=0
shrinkage=0.05


Tree=4
num_leaves=31
num_cat=0
split_feature=28 37 28 36 37 28 36 28 51 35 37 28 37 45 13 12 51 37 3 37 37 35 29 30 1 28 7 31 6 28
split_gain=1732.6 1831.06 1191.89 451.033 380.208 402.377 399.78 340.443 302.804 238.891 214.237 176.311 166.608 145.203 109.951 110.189 103.458 95.9423 86.6311 114.545 69.4788 64.8589 62.3252 58.0561 65.3371 46.3427 47.3851 59.5714 45.4729 45.1596
threshold=0.010584999807178976 -0.36435000598430628 0.041804999113082893 0.88865000009536754 0.31925000250339514 0.021575000137090686 0.99064999818801891 0.082005001604557051 -0.019360000267624852 3.5000000000000004 0.40534999966621404 0.022045000456273559 0.085149999707937254 0.80744999647140514 0.18718499690294269 -0.0890350006520748 -0.0040450000669807187 1.2606999874114992 0.60306432843208324 1.0000000180025095e-35 1.2089499831199648 3.5000000000000004 0.015004999935626985 0.012325000017881395 0.68254852294921886 0.013354999944567682 92.81125640869142 0.037824999541044242 0.055203104391694076 0.030275000259280208
decision_type=2 2 2 2 2 2 2 2 2 2 2 2 2 2 2 2 2 2 2 2 2 2 2 2 2 2 2 2 2 2
left_child=3 8 4 14 5 6 -3 10 -2 29 -4 -11 -7 -5 15 21 23 -12 20 -20 -9 -1 -17 24 -15 26 -10 -28 -25 -6
right_child=1 2 7 13 9 12 -8 18 25 11 17 -13 -14 16 -16 22 -18 -19 19 -21 -22 -23 -24 28 -26 -27 27 -29 -30 -31
leaf_value=0.053112497270394847 0.1160310830563506 0.037777024334674225 0.066661286489691995 0.020757460888598284 0.035683115024131018 0.067873852611800206 0.001471355752130204 0.059568038168805397 0.06515887158252652 0.016367590913290025 0.048535174469584164 0.029092377583379261 0.046083093248534185 -0.028983512950241389 0.030298557143218344 -0.03050924170503171 -0.044242626989281109 0.037412814473204839 0.10778954705757507 0.067948619008530872 0.013385591211868659 0.0086325732027305851 0.047770368867551337 0.023367174443902291 0.069286872378410067 0.079526309313771415 -0.029686108634434036 0.098423642033345249 -0.070448982322553713 0.047553895253899157
leaf_weight=104.33161000907421 719.23432774841785 4815.1250566840172 1271.6145881265402 167.58545525372028 2105.4052706509829 1228.1696010380983 899.9712210893631 276.28865864872932 188.16501294076443 3870.2793446779251 5571.0461211502552 9176.710417419672 3069.4569303691387 322.33812169730663 857.55995345115662 234.22601196169853 550.39746160805225 2973.9277219474316 197.59592336416245 2074.1018911600113 115.47930802404881 382.1417992413044 28.524244427680969 129.82377961277962 17.851020649075508 823.11724363267422 31.232408404350281 12.790464073419569 14.343320980668066 1293.3474740982056
leaf_count=319 1263 15596 3444 602 6860 3299 3502 778 554 13768 16855 30811 9444 1482 2888 1017 2686 9482 388 5431 401 1413 92 479 62 2006 130 32 70 3985
internal_value=0.0387213 0.0413417 0.0390781 0.000742109 0.0330702 0.0407517 0.0320599 0.0518152 0.0910125 0.0283934 0.0475137 0.0253177 0.0523104 -0.0224187 0.0180731 0.00407987 -0.0294114 0.0446642 0.0676693 0.071414 0.0459551 0.018172 -0.0220112 -0.0125579 -0.0238269 0.0739614 0.0542334 0.00753507 0.0140333 0.0402004
internal_weight=43522.2 40713.1 38938.5 2809.12 26458.5 10012.7 5715.1 12480.1 1774.54 16445.7 9816.59 13047 4297.63 1202.34 1606.78 749.224 1034.75 8544.97 2663.47 2271.7 391.768 486.473 262.75 484.356 340.189 1055.31 232.188 44.0229 144.167 3398.75
internal_count=139139 128029 124044 11110 87265 31841 19098 36779 3985 55424 29781 44579 12743 5381 5729 2841 4779 26337 6998 5819 1179 1732 1109 2093 1544 2722 716 162 549 10845
is_linear=0
shrinkage=0.05


Tree=5
num_leaves=31
num_cat=0
split_feature=28 37 28 36 37 28 36 37 45 37 27 27 35 28 28 37 27 13 12 0 35 43 29 37 37 35 37 8 28 31
split_gain=1570.1 1621.54 1001.16 511.415 354.477 392.639 267.315 204.407 185.889 195.266 177.699 145.99 141.519 121.869 118.33 117.769 117.397 114.422 121.066 93.8146 75.8037 73.3255 69.6085 54.5373 52.7519 48.6507 48.2225 45.0104 75.4046 56.2292
threshold=0.011954999994486572 -0.32764999568462366 0.046044999733567245 0.98385000228881847 0.39294999837875372 0.022045000456273559 0.99064999818801891 1.0000000180025095e-35 0.92605000734329235 -0.15554999560117719 -0.010894999839365481 0.012465000152587892 3.5000000000000004 0.066435001790523543 0.020975000225007537 1.164449989795685 0.14999500662088397 0.19259499758481982 -0.087765000760555253 0.40942119061946874 6.5000000000000009 3.5000000000000004 0.012395000085234644 -0.033849999308586114 0.11055000126361848 3.5000000000000004 -0.32764999568462366 0.0053485631942749032 0.016414999961853031 0.023415000177919868
decision_type=2 2 2 2 2 2 2 2 2 2 2 2 2 2 2 2 2 2 2 2 2 2 2 2 2 2 2 2 2 2
left_child=3 10 4 17 5 6 -3 -4 26 19 -2 -7 -6 15 -14 -9 -15 18 20 21 -1 -10 -20 -19 -22 -25 -5 -12 29 -29
right_child=1 2 7 8 12 11 -8 13 9 -11 27 -13 14 16 -16 -17 -18 23 22 -21 24 -23 -24 25 -26 -27 -28 28 -30 -31
leaf_value=0.04597644920905445 0.1022264777442413 0.034262848483029407 0.086004794823227787 0.11073538113209401 0.036857915678539056 0.046740456157139967 0.0041140798565362548 0.049727020988234574 -0.020690157674357963 -0.040675031982902482 0.085193816103993403 0.092196405864606659 0.015146866587554503 0.05774907523473919 0.027475092361164122 0.034896815065123418 0.025003539691967908 0.053049369156814165 -0.028743413891255284 0.061201817316078447 0.029188426472951501 0.024638591502080167 0.029793327261337821 0.046332204297267469 -0.0018359040474535797 0.020540653626937938 0.018663309523364192 0.020522286133010464 0.078738875445957701 0.066313194713313164
leaf_weight=197.07041789591312 870.08463957905769 5374.6339376270771 391.56100760400295 15.254759743809698 3201.1301226913929 5707.5838823616505 851.74623426795006 3788.213207244873 315.605833157897 744.23499485850334 345.03666399419308 182.27757370471954 2420.0148667246103 4051.8507785201073 9945.5874534249306 2070.2832173705101 293.54095453023911 219.41433672606945 259.05668616294861 55.331660315394402 222.42125053703785 124.37627214193344 63.170155867934227 229.68862460553646 356.8359998613596 896.45202799141407 209.87980422377586 137.32058568298817 323.10799418389797 130.99446077644825
leaf_count=606 1624 17274 854 36 10094 16927 3240 11034 1384 3659 796 412 8567 10983 32977 6550 958 653 1132 165 763 486 215 712 1351 3089 753 436 745 336
internal_value=0.0367173 0.039667 0.0374823 0.00646859 0.0324797 0.0388928 0.0301386 0.0505528 -0.0168941 -0.0244854 0.0859578 0.0481472 0.027488 0.0491923 0.0250624 0.0444863 0.055537 0.0204692 0.00849615 -0.000159657 0.0191898 -0.00787641 -0.0172677 0.0302444 0.0100767 0.0258011 0.024902 0.0708423 0.0624696 0.0428779
internal_weight=43993.8 40085 38278.4 3908.79 27683 12116.2 6226.38 10595.4 1464.68 1239.55 1806.54 5889.86 15566.7 10203.9 12365.6 5858.5 4345.39 2444.11 1098.55 495.314 776.328 439.982 322.227 1345.55 579.257 1126.14 225.135 936.46 591.423 268.315
internal_count=138811 123807 119870 15004 89491 37853 20514 30379 6483 5694 3937 17339 51638 29525 41544 17584 11941 8521 4067 2035 2720 1870 1347 4454 2114 3801 789 2313 1517 772
is_linear=0
shrinkage=0.05


Tree=6
num_leaves=31
num_cat=0
split_feature=37 27 36 45 37 27 27 35 13 12 27 37 40 48 37 27 0 37 21 21 1 30 15 23 1 0 40 37 31 53
split_gain=1196.31 743.364 604.681 690.137 730.56 567.098 318.974 277.469 233.207 282.2 215.469 160.533 116.906 88.4596 75.3297 111.184 63.5159 58.5262 57.9632 53.3985 49.9083 59.7247 45.9919 61.164 45.9188 45.875 44.6104 44.4281 41.6884 31.4865
threshold=-0.4959499984979629 0.025755000300705436 0.99994999170303356 0.9751499891281129 -0.23104999959468839 0.0050649999175220737 -0.011415000073611735 3.5000000000000004 0.81835499405860912 -0.23570499569177625 -0.009945000056177376 1.0000000180025095e-35 1.5000000000000002 0.65485000610351574 1.2606999874114992 0.053114999085664756 0.11061800643801691 0.28665000200271612 30.654999732971195 15.675000190734865 0.0068602890241891154 0.02448500040918589 1.0012499690055849 83.415000915527358 2.3937095403671269 0.41321475803852087 1.0000000180025095e-35 1.1779499650001528 28.868044853210453 0.6179499924182893
decision_type=2 2 2 2 2 2 2 2 2 2 2 2 2 2 2 2 2 2 2 2 2 2 2 2 2 2 2 2 2 2
left_child=10 2 7 26 6 -6 -5 12 9 -9 -1 24 17 14 29 -16 28 -2 -14 -10 -12 22 25 -24 -3 -22 -4 -18 -15 -13
right_child=1 11 3 4 5 -7 -8 8 19 -11 20 13 18 16 15 -17 27 -19 -20 -21 21 -23 23 -25 -26 -27 -28 -29 -30 -31
leaf_value=0.097582176076225532 0.055623511242260108 0.095433161924724841 0.045521866145612731 0.095820320570909903 -0.034119704220601114 0.055665512974500037 0.01791560705577849 0.036087551650273629 0.037124181894606 0.024025011025552389 0.081034018631854943 0.058149464251664007 0.031991971050728318 0.044254456482918612 0.041735742726469537 0.063139699873985058 0.030472678548024285 0.043004611159962708 0.076382375844325737 0.049025748488735976 0.033384079528309546 0.072263981540460209 0.039640511057337728 -0.023563188210704165 0.053909402752092023 0.092014707239121987 0.029536290671872953 -0.021717960301738948 -0.038130052470416419 0.078429530080269871
leaf_weight=740.36945621669292 1307.1626628935337 255.38595309853554 656.3462520390749 177.68795420229435 1456.1114488691092 200.02807769179344 504.2879564166069 7437.4489103257656 4477.8315668404102 13929.710333377123 201.37638007104397 548.66298216581345 2480.1090236902237 427.74610212445259 2002.1569612920284 870.53537698090076 82.934606790542603 3093.1536592394114 75.78552271425724 1193.6933366060257 69.193319901823997 220.40872174501419 154.29395101964474 50.907562792301178 90.056783869862556 64.429145812988281 1302.5798539817333 80.217727825045586 15.927272394299505 293.92302575707436
leaf_count=1344 3670 488 2000 351 6735 555 1820 23061 13680 45860 482 1485 7749 1250 5895 2181 256 9218 181 3429 231 517 459 197 232 136 4253 309 63 724
internal_value=0.0345028 0.0329697 0.0306734 0.0130008 -0.00534049 -0.0232755 0.0382136 0.0329073 0.0306161 0.0282237 0.0783808 0.0518084 0.0418132 0.0491869 0.0520778 0.048222 0.0314875 0.0467532 0.0333082 0.0396291 0.0596904 0.0520047 0.0388259 0.0239606 0.0846079 0.0616542 0.0348923 0.00481191 0.041297 0.0652238
internal_weight=44460.5 42959.5 38291.9 4297.04 2338.12 1656.14 681.976 33994.9 27038.7 21367.2 1500.98 4667.55 6956.21 4322.1 3715.28 2872.69 606.826 4400.32 2555.89 5671.52 760.609 559.233 338.824 205.202 345.443 133.622 1958.93 163.152 443.673 842.586
internal_count=138811 135445 122562 15714 9461 7290 2171 106848 86030 68921 3366 12883 20818 12163 10285 8076 1878 12888 7930 17109 2022 1540 1023 656 720 367 6253 565 1313 2209
is_linear=0
shrinkage=0.05


Tree=7
num_leaves=31
num_cat=0
split_feature=28 28 36 27 23 30 28 45 23 6 24 30 28 3 31 5 6 25 34 1 21 43 24 23 24 23 24 31 8 24
split_gain=1280.36 603.215 410.17 212.149 247.82 194.821 179.569 153.943 102.181 93.0341 108.978 89.8106 78.2706 78.3474 63.2854 63.2136 54.4503 53.9232 52.7212 48.3333 47.7302 41.6819 38.2297 37.6514 37.589 36.3044 34.9205 34.6538 34.4097 29.746
threshold=0.011954999994486572 0.0628350004553795 0.98385000228881847 -0.009945000056177376 81.814998626708999 0.015575000084936621 0.041804999113082893 0.57695001363754284 74.014999389648452 0.24754265695810321 -0.28214000165462488 0.01378499995917082 0.089895002543926253 0.19172958284616473 0.15423499792814258 -1.0436491370201109 0.28453606367111212 1.6262499690055849 250.50000000000003 0.90132033824920665 17.880000114440922 5.5000000000000009 -0.28833499550819391 46.164999008178718 0.001355000014882535 23.654999732971195 -0.013054999988526104 -0.11147999763488768 0.00074553489685058605 -0.26437500119209284
decision_type=2 2 2 2 2 2 2 2 2 2 2 2 2 2 2 2 2 2 2 2 2 2 2 2 2 2 2 2 2 2
left_child=2 3 8 4 20 26 9 29 16 10 -5 15 -3 -14 -7 19 21 22 -13 -9 27 23 -8 -1 -11 -22 -6 -2 -20 -4
right_child=1 12 7 6 5 14 17 11 -10 24 -12 18 13 -15 -16 -17 -18 -19 28 -21 25 -23 -24 -25 -26 -27 -28 -29 -30 -31
leaf_value=0.010320989084009226 0.049922117249916902 0.045515563349081335 0.058258755306419302 0.034329455441222345 -0.0471071170312597 0.085463911045030316 0.048572757322609579 -0.015006814026132617 -0.014580247636009545 0.040818050025743867 0.025300221208895236 -0.0045433612932940246 0.035292133959444853 0.061529041473357596 0.040217936197183453 -0.037741458805027085 0.065316755192352791 0.029686451357716886 0.11224145052222692 0.07055836623012321 0.00027807480389917841 -0.023725359506351219 0.038117988596917923 0.024801957822186072 0.020177344325062394 0.046191053978272195 0.021603533724804499 0.033982797263019698 0.0015579612933991375 0.013396751038988589
leaf_weight=640.58521115779877 364.94275416433811 3349.1057808548212 47.910773500800133 4308.2493987977505 30.87472303211689 506.27325156331062 1153.2145507186651 263.90463206171989 225.48823936283588 1864.3155751228333 14896.378602966666 230.01701384782791 334.66792678833008 1899.5446649938822 91.205580934882164 694.87159085273743 66.421999648213387 1467.8383464664221 17.159127369523052 17.605122268199921 44.304410740733147 54.7183458507061 3616.713134676218 1499.8820902705193 250.17116609215736 1527.2955319732428 46.104305133223534 5197.0944175571203 11.885898068547247 161.50818519294262
leaf_count=2254 1018 9266 140 13276 133 987 3257 1220 889 5574 48092 936 982 4612 268 3466 180 4499 42 60 157 223 10725 4975 819 4311 152 15679 48 571
internal_value=0.0324607 0.0350777 0.00520727 0.0326664 0.0399416 0.0689113 0.030605 -0.0159803 0.017516 0.0284218 0.0273258 -0.0226997 0.0503508 0.057599 0.0785571 -0.0296438 0.0207161 0.0380668 0.00347188 -0.00965572 0.0372027 0.0193666 0.0406456 0.0204682 0.038376 0.0448967 -0.00595491 0.0350286 0.0669472 0.0236603
internal_weight=44880.3 40948.3 3931.96 35365 7808.09 674.458 27556.9 1444.86 2487.1 21319.1 19204.6 1235.44 5583.32 2234.21 597.479 976.381 2261.61 6237.77 259.062 281.51 7133.64 2195.19 4769.93 2140.47 2114.49 1571.6 76.979 5562.04 29.045 209.419
internal_count=138811 123807 15004 108947 22705 1540 86242 6483 8521 67761 61368 5772 14860 5594 1255 4746 7632 18481 1026 1280 21165 7452 13982 7229 6393 4468 285 16697 90 711
is_linear=0
shrinkage=0.05


Tree=8
num_leaves=31
num_cat=0
split_feature=28 51 28 12 35 28 23 28 52 9 27 40 33 7 3 30 36 34 38 16 1 22 35 34 3 25 35 53 6 35
split_gain=1141.4 847.378 709.314 323.303 176.515 193.095 173.682 162.871 151.533 125.716 124.892 77.6691 71.6351 69.0543 67.4687 59.7945 55.9742 51.8621 45.6204 44.9412 59.0403 44.0842 43.7793 40.88 40.4549 39.4214 38.6096 37.8439 35.0505 34.4694
threshold=0.010584999807178976 -0.016400000080466267 0.044515000656247146 -0.096584998071193681 3.5000000000000004 0.022045000456273559 90.524997711181655 0.089895002543926253 4.5000000000000009 1.0000000180025095e-35 -0.010894999839365481 1.5000000000000002 0.18384999781847003 45.07994461059571 0.19172958284616473 0.01378499995917082 0.94445002079010021 39.500000000000007 1.0000000180025095e-35 0.99594998359680187 1.0528436899185183 4.4821999073028573 1.0000000180025095e-35 239.50000000000003 0.59872555732727062 1.9934499859809878 3.5000000000000004 0.4504500031471253 0.12068298086524011 23.500000000000004
decision_type=2 2 2 2 2 2 2 2 2 2 2 2 2 2 2 2 2 2 2 2 2 2 2 2 2 2 2 2 2 2
left_child=3 10 4 17 11 6 -6 22 12 -7 18 16 24 -13 -9 19 -3 -1 -2 28 -21 23 -4 -17 -5 -24 -19 -20 -10 -12
right_child=1 2 7 8 5 9 -8 14 15 -11 29 13 -14 -15 -16 21 -18 26 27 20 -22 -23 25 -25 -26 -27 -28 -29 -30 -31
leaf_value=0.051196146269600118 0.044613995669703227 0.041213849461488428 0.052339206650990136 0.013842691801016428 0.020475910733778691 0.038235291617354353 -0.027554065068578784 0.033318574687465491 -0.019437582217867771 0.026422206138065042 0.045460601309897819 0.0091482380680818192 0.031461969168904501 0.031596894189808704 0.057609546355858604 -0.021313658227615159 0.020944253811225728 0.035427402073862607 0.011899933399794128 -0.042498409137137094 0.10253319256893481 0.054151733299143905 0.039814921955027553 0.062779350182553859 -0.015645667552108111 0.031948517594539233 0.01160539448925486 0.085087374928847909 0.071707875619385394 0.07193527223975528
leaf_weight=121.86153998970985 82.607339322566986 3353.344564601779 562.28434358537197 176.97740937769413 9014.4335390031338 2815.9547031223774 192.23579670488834 337.34313040971756 262.98887924849987 11249.308192133904 511.16829676926136 421.33588507771492 175.23055230081081 1832.5033919513226 1873.0782294273376 126.66069622337818 379.09887029230595 216.080306828022 18.045944020152092 537.85776419937611 7.1099479794502249 30.888119742274284 6713.5013545900583 16.313508301973343 339.27978953719139 2087.9823224544525 799.14848940074444 832.23686775565147 10.988590538501738 161.88086338341236
leaf_count=361 221 9679 1505 618 29642 8395 808 981 1240 35152 1369 1384 561 5597 4504 534 1244 677 55 2706 21 99 19068 51 1411 6099 2835 1585 32 377
internal_value=0.0305708 0.0326182 0.031217 -0.000224244 0.0270721 0.0251024 0.019473 0.0416947 -0.0141312 0.0287873 0.0682442 0.0347294 0.00383909 0.0274003 0.0539024 -0.0266475 0.0391551 0.0203752 0.0800877 -0.0323013 -0.0406062 -1.61399e-05 0.0388129 -0.0117186 -0.0055368 0.0379488 0.0166756 0.0835341 -0.015782 0.0518283
internal_weight=45259.7 42438.3 40832.4 2821.39 29258.2 23271.9 9206.67 11574.2 1684.3 14065.3 1605.94 5986.28 691.488 2253.84 2210.42 992.808 3732.44 1137.09 932.89 818.945 544.968 173.862 9363.77 142.974 516.257 8801.48 1015.23 850.283 273.977 673.049
internal_count=138811 127665 124058 11146 91901 73997 30450 32157 7273 43547 3607 17904 2590 6981 5485 4683 10923 3873 1861 3999 2727 684 26672 585 2029 25167 3512 1640 1272 1746
is_linear=0
shrinkage=0.05


Tree=9
num_leaves=31
num_cat=0
split_feature=37 28 37 28 28 51 37 12 25 52 13 28 37 51 28 13 12 28 35 35 29 15 5 5 37 14 48 34 13 51
split_gain=1032.6 1068.84 562.262 407.663 403.525 335.662 319.85 194.663 172.993 208.925 140.965 123.199 114.417 111.272 172.536 109.92 89.7255 80.0574 67.7985 67.6877 67.3977 57.5962 57.4167 58.7488 51.5149 44.3187 44.1271 43.9082 40.1195 33.5039
threshold=-0.39884999394416804 0.020975000225007537 0.085149999707937254 0.0087549998424947279 0.046044999733567245 -0.016400000080466267 0.62064999341964733 -0.096584998071193681 0.99994999170303356 4.5000000000000009 0.15880500525236133 0.013524999842047693 0.31524999439716345 0.056059999391436584 0.089895002543926253 0.18980499356985095 -0.096584998071193681 0.032925000414252288 3.5000000000000004 3.5000000000000004 0.022355000488460067 0.98115000128746044 7.0978586673736581 -3.5620088577270503 1.0000000180025095e-35 1.7140499949455263 0.65485000610351574 39.500000000000007 0.47507500648498541 -0.016400000080466267
decision_type=2 2 2 2 2 2 2 2 2 2 2 2 2 2 2 2 2 2 2 2 2 2 2 2 2 2 2 2 2 2
left_child=5 3 24 7 6 -1 17 27 12 18 -11 16 20 14 -6 21 -7 -4 -10 -8 -5 -9 23 -18 25 29 -15 -2 -14 -3
right_child=1 2 4 8 13 11 19 15 9 10 -12 -13 28 26 -16 -17 22 -19 -20 -21 -22 -23 -24 -25 -26 -27 -28 -29 -30 -31
leaf_value=0.087736594399186837 0.054633766107929027 0.086846295318073197 0.028722164415231934 0.024241540487059888 0.036451402482857741 0.063998667156498698 0.027352050139115992 0.068065577430865887 0.035942711102046644 -0.023050091615684293 0.011389043362851469 0.060581486167215863 0.011760086353442769 0.028030955236445707 0.054753925962945996 0.0038258084625728433 0.053610702898608337 0.03814840722013757 0.013694396849145841 0.01609809957605773 0.039022950293001672 -0.03691144580026573 0.050670755562990083 -0.0085465827532626767 0.04720107115236194 0.080367819181607569 -0.0084910888914826975 0.0088658717605893788 0.024301988756616322 0.055349332763608566
leaf_weight=863.865936383605 58.693212106823921 92.779392033815384 6918.7844050973654 3698.1989212781191 8594.7525712251663 118.09477977454662 1692.7364047318697 13.337064936757086 426.56392161548138 675.07715466618538 530.72732026875019 612.78756825625896 2384.7507730722427 165.00580628216267 1514.5622189640999 256.42794039845467 46.026814147830009 3339.8180824965239 1736.0194018781185 6341.6886090934277 974.35470776259899 643.07105353474617 79.768374487757683 218.39130559563637 842.54432684183121 288.03338928520679 165.8184686601162 489.05109544098377 870.34015260636806 938.21128877997398
leaf_count=1538 166 173 21125 11904 24270 316 5141 45 1266 2851 1842 1412 8085 471 3614 939 134 9565 5815 20679 2879 3228 233 867 2245 574 579 1737 2788 2330
internal_value=0.0288248 0.0272389 0.0322664 0.015063 0.0304163 0.0645288 0.0259399 -0.00979429 0.018277 0.00878447 -0.00789192 0.0458803 0.0223103 0.0382597 0.0391935 -0.023934 0.0263927 0.031791 0.0180828 0.0184691 0.0273239 -0.0347785 0.0134896 0.00227303 0.056859 0.0630281 0.00972508 0.0137701 0.0151135 0.0581838
internal_weight=45590.3 43651.3 30894.7 12756.6 28733.2 1938.93 18293 1460.58 11296 3368.39 1205.8 1075.07 7927.64 10440.1 10109.3 912.836 462.281 10258.6 2162.58 8034.43 4672.55 656.408 344.186 264.418 2161.57 1319.02 330.824 547.744 3255.09 1030.99
internal_count=138811 134311 90766 43545 85444 4500 56510 6115 37430 11774 4693 2962 25656 28934 27884 4212 1550 30690 7081 25820 14783 3273 1234 1001 5322 3077 1050 1903 10873 2503
is_linear=0
shrinkage=0.05


Tree=10
num_leaves=31
num_cat=0
split_feature=28 28 24 13 27 7 35 28 29 23 40 24 35 15 57 0 9 25 28 35 3 22 33 40 39 34 6 6 21 33
split_gain=870.44 474.698 311.499 293.985 165.175 201.201 122.81 120.772 105.605 96.2343 88.5995 81.9185 77.3755 73.5015 71.3217 66.539 64.1904 60.94 60.4432 59.9369 50.3525 49.173 49.147 45.5918 45.4059 39.8836 39.4682 37.5691 39.2515 36.7743
threshold=0.013354999944567682 0.0628350004553795 -0.0890350006520748 0.17985999584198001 -0.009945000056177376 82.854812622070327 3.5000000000000004 0.037924999371171005 0.015275000128895046 90.524997711181655 1.5000000000000002 -0.29880499839782709 5.0000000000000009 0.98634999990463268 1.0000000180025095e-35 0.40942119061946874 1.0000000180025095e-35 2.3076499700546269 0.089895002543926253 1.5000000000000002 0.78195589780807506 0.66224998235702526 0.59864997863769542 1.0000000180025095e-35 0.28425000607967382 42.500000000000007 0.14758794754743579 -0.016867299564182755 21.85999965667725 0.20995000004768374
decision_type=2 2 2 2 2 2 2 2 2 2 2 2 2 2 2 2 2 2 2 2 2 2 2 2 2 2 2 2 2 2
left_child=2 4 12 8 5 16 10 11 13 26 -6 -8 27 -4 -7 -15 23 -9 -3 -18 -20 -12 25 -2 -16 -14 29 28 -1 -5
right_child=1 18 3 9 6 14 7 17 -10 -11 21 -13 22 15 24 -17 19 -19 20 -21 -22 -23 -24 -25 -26 -27 -28 -29 -30 -31
leaf_value=0.019134609116454968 0.051885418386275244 0.038559383813835529 0.03462430431514775 0.0023590673921046819 0.036831361824788716 -0.07292435948004676 0.028917441349611814 0.030932455575161499 0.033328682897947486 -0.058675856783094588 -0.022905854405495314 0.01938305824475467 0.032193024238765994 -0.029212487546143941 0.049024792208025601 0.0052454753086521744 0.041776361231426792 0.015454234130579978 0.034029323428232935 0.026662493011664418 0.052758544726659029 0.025008594132935325 0.034966723987035139 0.034056772826837174 0.076525309674049094 0.0091106092097566534 0.029032155731636894 0.04665922491635436 0.10672760857915418 0.026299441467640617
leaf_weight=310.04782465100288 541.06578716635704 3454.0881325155497 53.708883672952652 511.1710205078125 3486.5416357666254 9.7617757916450483 2763.8594389408827 5895.3739016503096 89.555231109261513 43.839883401989937 55.029354780912399 12185.530087515712 213.77107487618923 1158.9640242606401 288.78240357339382 159.36404451727867 759.3688193410635 712.80470055341721 446.97327814996243 4817.4339891523123 1820.3167288005352 1987.6307507604361 269.13875222206116 1063.2090337574482 312.54214061796665 1502.3407752066851 420.46285974979401 333.86500370502472 13.339896038174627 233.76158237457275
leaf_count=1004 1401 9299 199 1857 9897 46 8366 17207 284 216 196 38782 666 5595 718 601 2073 2223 1241 14232 4280 6011 830 3040 596 5245 1310 949 30 750
internal_value=0.0268837 0.0293742 0.00785322 -0.00418882 0.0271845 0.0335997 0.025339 0.023634 -0.0192775 0.0140488 0.0319868 0.0211458 0.0200243 -0.0227112 0.061142 -0.0250471 0.0312559 0.0292629 0.0427231 0.0287205 0.0490663 0.0237178 0.0151014 0.0400698 0.0633184 0.0119859 0.0167845 0.0348941 0.0227479 0.00987161
internal_weight=45913.6 40600.3 5313.33 2670.83 34878.9 7792.16 27086.8 21557.6 1461.59 1209.24 5529.2 14949.4 2642.5 1372.04 611.086 1318.33 7181.08 6608.18 5721.38 5576.8 2267.29 2042.66 1985.25 1604.27 601.325 1716.11 1165.4 657.253 323.388 744.933
internal_count=139144 119608 19536 10812 104788 22106 82682 66578 6679 4133 16104 47148 8724 6395 1360 6196 20746 19430 14820 16305 5521 6207 6741 4441 1314 5911 3917 1983 1034 2607
is_linear=0
shrinkage=0.05


Tree=11
num_leaves=31
num_cat=0
split_feature=37 36 45 27 37 51 15 35 37 35 27 27 51 12 16 23 27 33 5 37 51 8 51 15 44 14 27 27 51 15
split_gain=968.487 502.524 802.166 536.266 313.715 312.105 266.283 227.766 193.294 163.64 157.63 130.399 101.788 84.6675 83.3689 104.833 77.2243 60.395 57.3233 55.8883 54.7097 54.583 52.0257 77.6111 47.6426 42.6436 36.2907 51.4163 33.9808 30.946
threshold=-0.36435000598430628 0.99064999818801891 0.93584999442100536 0.0050649999175220737 0.033449999988079078 -0.014324999880045651 1.0595499873161318 3.5000000000000004 -0.23104999959468839 23.500000000000004 -0.014855000190436838 -0.0019650000613182779 -0.0046849998179823151 -0.0890350006520748 1.0348500013351443 65.534999847412124 0.015205000061541797 0.15894999355077746 -4.2787501811981192 0.070749998092651381 -0.0013749999925494192 0.11105388402938844 -0.020879999734461304 1.0075500011444094 -0.20605000108480451 4.4653999805450448 -0.011595000047236679 -0.0073749998118728391 0.0145350000821054 0.98855000734329235
decision_type=2 2 2 2 2 2 2 2 2 2 2 2 2 2 2 2 2 2 2 2 2 2 2 2 2 2 2 2 2 2
left_child=5 4 -3 8 11 22 7 24 10 -9 -4 14 17 25 15 -2 19 18 -7 -5 -10 -15 -1 -24 -6 -8 -25 -28 -18 -20
right_child=1 2 3 16 6 12 13 9 20 -11 -12 -13 -14 21 -16 -17 28 -19 29 -21 -22 -23 23 26 -26 -27 27 -29 -30 -31
leaf_value=0.087784328293620983 0.031192007739129796 0.027528646545597137 0.096268693211490189 0.074037988126970863 0.036762068028496665 0.067627936180133671 0.025266965554735579 0.01758140016795285 -0.024633273691893852 0.027462191147880056 -0.0045519061333630017 0.056834131140815772 0.052710566958153418 0.032823080606515502 0.048361054473684412 -0.018001664931032418 0.09690419685089352 0.082362552326733132 0.086931955334912978 0.0053314304649471587 -0.044307651795745744 0.044796852854954661 0.08635945940902226 0.08010338293611792 0.027540795856710733 0.043486714697334304 0.022258844303885295 0.099389449523662535 0.032660468068334829 0.0069207610132779214
leaf_weight=588.19983021914959 1151.4793775528669 2325.5675916820765 45.719924926757812 43.046905472874641 2119.2634123414755 48.088236197829247 3121.2404359132051 17742.398826658726 800.6638983041048 5485.9710463285446 254.98783147335052 933.0209047049284 628.0255391150713 2258.8614565134048 670.00525033473969 119.54093906283379 89.515588447451591 37.654239878058434 12.505732044577597 94.738054797053337 632.46625000238419 1644.8324729502201 220.1841322183609 55.101035162806511 4131.3393113911152 357.98443575203419 147.99885579943657 25.300301983952522 26.729315862059593 359.13661935925484
leaf_count=987 3361 7035 79 99 5901 125 9110 55539 3650 16513 1045 2226 1516 6403 1761 476 167 81 31 311 3138 4241 417 101 12094 900 401 50 73 1313
internal_value=0.025392 0.0238026 0.00759348 -0.0157283 0.0255621 0.0583839 0.0243216 0.0221949 -0.0256687 0.019915 0.010777 0.0414727 0.0396437 0.0328133 0.0340888 0.0265653 0.0521184 0.0217018 0.0162598 0.0267968 -0.0333159 0.0378683 0.0780031 0.0651776 0.0306673 0.0271416 0.0447576 0.0335193 0.082132 0.00961313
internal_weight=46171.6 44049.4 4313.44 1987.87 39735.9 2122.19 36861.9 29479 1733.84 23228.4 300.708 2874.05 1085.41 7382.92 1941.03 1271.02 254.03 457.385 419.731 137.785 1433.13 3903.69 1036.78 448.584 6250.6 3479.22 228.4 173.299 116.245 371.642
internal_count=139144 134122 15597 8562 118525 5022 110701 90047 7912 72052 1124 7824 3066 20654 5598 3837 650 1550 1469 410 6788 10644 1956 969 17995 10010 552 451 240 1344
is_linear=0
shrinkage=0.05


Tree=12
num_leaves=31
num_cat=0
split_feature=37 28 36 45 37 28 51 37 35 28 51 37 51 28 37 28 12 7 27 31 12 2 21 6 43 27 3 23 6 51
split_gain=880.618 846.905 559.03 608.03 496.097 368.755 295.743 212.841 149.526 113.336 103.835 102.288 99.6351 109.181 98.1305 97.1914 88.0233 81.9566 71.7116 61.894 60.4476 54.1402 47.4603 47.1809 45.3269 41.92 43.5386 41.0359 39.7939 31.1603
threshold=-0.36435000598430628 0.021575000137090686 0.99064999818801891 0.93584999442100536 0.1600499972701073 0.055674999952316291 -0.016400000080466267 0.73425000905990612 3.5000000000000004 0.0140050002373755 -0.00061499999719671894 0.32355000078678137 0.099995002150535597 0.09326499700546266 1.0000000180025095e-35 0.041804999113082893 -0.091415002942085252 89.958812713623061 0.017225000075995926 -0.020885000005364415 -0.0076050001662224523 0.86564213037490856 12.190000057220461 -0.014113697223365305 2.5000000000000004 0.0056450001429766425 0.83411413431167614 84.534999847412124 0.89320427179336559 -0.020879999734461304
decision_type=2 2 2 2 2 2 2 2 2 2 2 2 2 2 2 2 2 2 2 2 2 2 2 2 2 2 2 2 2 2
left_child=6 2 8 -4 14 7 29 18 19 16 24 17 13 -7 25 -9 -8 -10 -6 23 21 -18 -21 -2 -5 -3 -27 -22 -14 -1
right_child=1 4 3 10 5 12 9 15 11 -11 -12 -13 28 -15 -16 -17 20 -19 -20 22 27 -23 -24 -25 -26 26 -28 -29 -30 -31
leaf_value=0.084435684528694793 -2.7440865623294681e-05 0.050016065939972321 0.023045875915938242 -0.026044858840614488 0.025232418943291292 0.032879180849989628 0.055082426905271209 0.011104571590929441 0.018937163723121805 0.053976912396516787 -0.047340162293503026 0.0073814510314481668 0.012557638806910593 0.04874744004019186 0.038672057810808791 0.022102422051736931 -0.00577109070732389 -0.048975873716555852 0.050257881053661038 0.048969832600878088 0.086339893834854631 0.061446665965524699 0.028674690752973728 0.027585104875654021 -0.0020723440655641789 0.047489368972534952 0.079457717346278975 0.020351948940652842 -0.040739897290852013 0.064503205794205765
leaf_weight=581.12566232681274 290.71541641652584 786.20994263887405 891.04422973096371 742.70912930369377 12218.227492809296 5373.4078818410635 161.93040083348751 5008.7411692142487 5115.8965519964695 661.31698897480965 510.65803356468678 3616.8794864267111 183.51646859943867 1357.9354718327522 1676.0428100079298 3354.117578715086 288.86996464431286 44.813146382570267 293.13077549636364 369.24052679538727 38.340317338705063 33.422565191984177 1310.2498463988304 330.65673524141312 268.45501738786697 159.90606978535652 318.93230150640011 61.11479414999485 43.281989514827728 295.91712321341038
leaf_count=987 946 1900 2835 3445 36104 14561 426 16136 16104 1496 2652 12166 571 3166 4485 9936 1116 208 756 996 91 86 3833 967 1220 378 593 210 164 610
internal_value=0.0240066 0.0224982 0.0120529 -0.00975596 0.0270775 0.0250138 0.0554709 0.021691 0.0168028 0.0398042 -0.0289618 0.0138288 0.0349821 0.0360803 0.0466067 0.0155155 0.0237464 0.0183474 0.0258187 0.0281485 0.0117149 0.00119956 0.0331366 0.0146663 -0.0196804 0.0571192 0.068782 0.0457905 0.00238639 0.0777104
internal_weight=46386.8 44264.8 13491.3 2412.87 30773.4 27832.4 2122.04 20874.2 11078.5 1245 1521.82 8777.59 6958.14 6731.34 2941.09 8362.86 583.678 5160.71 12511.4 2300.86 421.748 322.293 1679.49 621.372 1011.16 1265.05 478.838 99.4551 226.798 877.043
internal_count=139144 134122 45372 10152 88750 81394 5022 62932 35220 3425 7317 28478 18462 17727 7356 26072 1929 16312 36860 6742 1503 1202 4829 1913 4665 2871 971 301 735 1597
is_linear=0
shrinkage=0.05


Tree=13
num_leaves=31
num_cat=0
split_feature=37 29 36 45 29 37 35 37 35 0 29 6 37 30 12 46 2 37 48 49 6 40 21 21 14 7 0 8 37 40
split_gain=803.918 424 449.535 612.835 242.784 211.314 198.593 170.834 164.738 158.138 110.952 94.1393 94.06 90.1188 83.954 82.3297 78.7172 55.3372 52.582 47.7599 44.9454 41.8957 52.8965 46.0988 39.3614 38.536 37.6985 43.5398 37.5783 35.2601
threshold=-0.36435000598430628 0.031024999916553501 0.99064999818801891 0.9751499891281129 0.015785000286996368 0.070749998092651381 3.5000000000000004 -0.23104999959468839 22.500000000000004 0.40584450960159307 0.10383000224828721 0.25169987976551061 0.24984999746084216 0.016055000014603141 -0.07701499760150908 1.0000000180025095e-35 0.86170560121536266 0.40974999964237219 1.3313000202178957 0.92465001344680797 0.37343370914459234 1.5000000000000002 11.989999771118166 30.654999732971195 3.5008499622344975 89.958812713623061 0.79640257358551036 0.011747121810913088 0.37704999744892126 1.0000000180025095e-35
decision_type=2 2 2 2 2 2 2 2 2 2 2 2 2 2 2 2 2 2 2 2 2 2 2 2 2 2 2 2 2 2
left_child=9 2 6 29 7 -3 21 -5 11 13 15 -8 -10 14 -1 25 19 -17 24 -16 -20 22 -2 -23 -12 -7 27 -11 -6 -4
right_child=1 5 3 4 28 10 8 -9 12 26 18 -13 -14 -15 16 17 -18 -19 20 -21 -22 23 -24 -25 -26 -27 -28 -29 -30 -31
leaf_value=0.045805626492290509 0.05214967765881974 0.050644150206085703 0.032627647209865156 0.010101587741381327 0.044553000738873173 0.030768483317267094 0.013303793035818971 -0.032652389534424557 0.034832855325568339 0.069468408479237007 0.034644695781762234 0.026464593474689775 0.020736584632753765 0.054438768120375181 -0.01246457745731519 0.029201049003444536 0.079751341821012137 0.020129117504353172 0.028512269822076376 0.070184308581850416 -0.035933561279226117 0.021067500255334781 0.029998574721568794 0.058036168702850235 0.05044823208074864 0.089197648446699987 0.074517447601958928 0.045245161473149699 -0.001219122306976139 0.017487222051157807
leaf_weight=207.34497824311256 295.19675867259502 954.93384432792664 577.67692086100578 281.92067348957062 152.23648802936077 3450.9476472586393 12363.541785404086 1364.5324695706367 1663.6059205979109 357.85720279812813 1339.8090886622667 1526.5407802164555 4099.8915568888187 380.95774042606354 222.30360299348831 2191.9046008884907 30.128356263041496 7211.1888203620911 72.935230702161789 18.971216022968292 43.007158190011978 1867.1462659537792 3097.3547937572002 88.314643993973732 558.14096988737583 28.452004253864288 514.63835488259792 385.17737846076488 63.563482090830803 1150.2151211202145
leaf_count=541 757 2286 1675 1078 401 9587 38940 6693 4716 735 3505 4390 12458 883 894 6261 63 21480 203 54 159 5538 8649 200 1277 54 947 905 213 3602
internal_value=0.0227181 0.0212841 0.0176477 0.00110302 -0.0187957 0.0278431 0.0200235 -0.0253317 0.0176989 0.0528184 0.0263814 0.0147502 0.0248054 0.0362912 0.0218505 0.0246753 0.00354947 0.0222438 0.0372953 -0.00596597 0.00460702 0.0285662 0.031926 0.0227371 0.0392921 0.0312463 0.0641158 0.0569115 0.0310709 0.022549
internal_weight=46560.4 44443.1 28591.7 3590.15 1862.25 15851.3 25001.6 1646.45 19653.6 2117.38 14896.4 13890.1 5763.5 859.706 478.748 12882.5 271.403 9403.09 2013.89 241.275 115.942 5348.01 3392.55 1955.46 1897.95 3479.4 1257.67 743.035 215.8 1727.89
internal_count=139144 134122 89310 13662 8385 44812 75648 7771 60504 5022 42526 43330 17174 2435 1552 37382 1011 27741 5144 948 362 15144 9406 5738 4782 9641 2587 1640 614 5277
is_linear=0
shrinkage=0.05


Tree=14
num_leaves=31
num_cat=0
split_feature=37 29 36 13 29 51 12 37 21 29 27 37 7 27 33 5 37 27 15 27 13 1 40 15 46 5 37 2 53 40
split_gain=734.118 384.301 343.81 358.375 351.587 306.291 226.973 181.804 140.893 112.418 104.926 94.5811 93.1782 84.4814 64.1208 69.4495 61.1831 57.8982 59.6731 50.5192 49.0091 43.7804 41.519 41.2804 39.2831 38.1238 33.4163 32.1145 30.9362 26.3821
threshold=-0.32764999568462366 0.045715000480413444 0.99064999818801891 0.26899500191211706 0.014744999818503858 -0.014324999880045651 -0.17977499961853025 0.0490499995648861 25.60999965667725 0.015275000128895046 0.049204999580979354 0.74814999103546154 85.081687927246108 -0.00092500000027939666 0.12384999915957452 -2.2768980264663692 0.22434999793767932 -0.010894999839365481 1.0075500011444094 0.011884999927133323 0.95849001407623302 0.27957789599895483 1.5000000000000002 1.0181500315666201 1.0000000180025095e-35 -3.1564390659332271 -0.4959499984979629 0.82617905735969555 0.85715001821517955 1.0000000180025095e-35
decision_type=2 2 2 2 2 2 2 2 2 2 2 2 2 2 2 2 2 2 2 2 2 2 2 2 2 2 2 2 2 2
left_child=5 2 7 4 6 17 -4 12 11 14 16 -9 13 -2 15 26 -3 -1 -19 -6 23 28 -17 -18 -10 -23 -7 -12 -20 -5
right_child=1 10 3 29 19 9 -8 8 24 -11 27 -13 -14 -15 -16 22 20 18 21 -21 -22 25 -24 -25 -26 -27 -28 -29 -30 -31
leaf_value=0.078253111114966412 0.028483473089882756 0.039504388479162711 0.01811318501116152 0.035621166877116368 0.016066898220815747 0.015197527568261563 -0.025574112575606781 0.01954192365167022 0.054471763477212422 0.053535760818291304 0.035357789685143394 0.013017860949880217 -0.03808818062474708 0.050648020236881731 0.047896655882651351 0.016201545686526229 0.033299593561559003 0.075022242130522804 0.019307130087924253 0.047451837016390164 0.031554120683004991 0.077162084344444368 -0.014222913051149137 0.021096003504765277 0.013968768500182072 -0.028887467322496585 0.058465928428926964 0.050690381996429494 0.063985402866758287 0.020022799873447586
leaf_weight=644.69727331399918 1976.4022867679596 813.09173806011677 364.82098977267742 381.6082923412323 343.41827097535133 76.24155867099762 1606.5007893145084 19445.960834980011 335.89665447175503 417.87847162783146 975.38538883626461 7777.0479750186205 46.545039743185043 549.4303675442934 183.63667614758015 286.19832468032837 801.93857543170452 185.3812457472086 59.412434712052345 204.61474284529686 2161.9274023026228 10.909124612808226 184.3746155500412 5099.2847182899714 72.848064795136452 37.974563926458359 107.59800323843956 525.515968516469 111.37864316999912 935.88409341871738
leaf_count=1142 5629 2112 1145 1084 1069 228 7632 58547 809 943 2435 23968 206 1314 444 960 2224 356 160 510 5846 21 699 14730 224 122 283 1197 231 2874
internal_value=0.021504 0.0200761 0.0175083 0.00340973 -0.00764075 0.0490123 -0.0174892 0.0192992 0.0181156 0.0323514 0.0284995 0.0176781 0.032013 0.0333048 0.0217882 0.0144618 0.026432 0.0689455 0.0541313 0.0277848 0.0251138 0.0365016 0.00428098 0.0227544 0.0472532 -0.00522093 0.0405217 0.0407262 0.0484433 0.0245408
internal_weight=46723.8 44418.1 34041 3836.85 2519.35 2305.68 1971.32 30204.1 27631.8 1255.93 10377.1 27223 2572.38 2525.83 838.049 654.413 8876.24 1049.75 405.056 548.033 8063.15 219.675 470.573 5901.22 408.745 48.8837 183.84 1500.9 170.791 1317.49
internal_count=139144 133555 105011 14314 10356 5589 8777 90697 83548 3557 28544 82515 7149 6943 2614 2170 24912 2032 890 1579 22800 534 1659 16954 1033 143 511 3632 391 3958
is_linear=0
shrinkage=0.05


Tree=15
num_leaves=31
num_cat=0
split_feature=51 13 24 36 29 45 35 44 51 27 35 35 45 15 6 13 51 5 21 6 21 40 21 33 21 22 14 27 54 9
split_gain=619.474 357.896 368.565 305.069 302.579 189.961 154.364 113.987 107.561 81.0648 72.8708 102.204 72.6777 72.4958 57.2737 49.1093 47.647 45.6564 41.3053 43.0158 53.3781 36.3573 34.6448 33.6428 34.4755 27.5022 30.5614 30.0786 26.1999 24.976
threshold=-0.015275000128895043 0.63821500539779674 -0.22857499867677686 0.98385000228881847 0.016605000011622909 0.82484999299049389 3.5000000000000004 -0.0020500000100582834 0.0052849999628961095 -0.010894999839365481 14.500000000000002 22.500000000000004 0.9751499891281129 1.0820500254631045 -0.018382059410214421 0.31046500802040106 0.017655000090599064 15.387472152709963 17.880000114440922 0.40337646007537847 12.75500011444092 1.5000000000000002 15.820000171661379 0.50984999537467968 10.754999637603762 2.9671499729156499 1.0112499594688418 0.0013649999746121468 1.0533500313758852 1.0000000180025095e-35
decision_type=2 2 2 2 2 2 2 2 2 2 2 2 2 2 2 2 2 2 2 2 2 2 2 2 2 2 2 2 2 2
left_child=9 2 7 6 5 -5 21 10 -8 15 16 -12 -6 18 17 -1 -2 -9 19 20 -3 -4 -16 -15 -25 27 -27 -11 29 -20
right_child=1 13 3 4 12 -7 8 14 -10 25 11 -13 -14 23 22 -17 -18 -19 28 -21 -22 -23 -24 24 -26 26 -28 -29 -30 -31
leaf_value=0.064478473067142036 0.030857507470739034 0.029176604853304623 0.028108792215288777 0.014462111063956876 0.014948280270817783 -0.018109427297838789 0.0094694238493589281 0.011257641384698147 0.018827897354005113 0.010455858645569222 0.012101535418494819 0.030823705505515053 0.048804161976522015 0.029334598556954361 0.018873381944448032 0.033056911641146609 0.050307333174448347 0.025689851142478255 0.042733646450296071 0.031228300014734079 0.019529187519750774 0.01772954196145362 0.033747990747265415 -0.023437028374885552 0.042003989550147905 0.058882535915106886 0.035540513580746599 0.0541454722459076 0.043813725985699596 0.022631929160323052
leaf_weight=797.83721807599068 3344.8899167627096 1892.7032245695591 2299.2924150973558 592.51181873679161 420.63729904592037 1830.7864691764116 8904.1518764346838 2642.4206870049238 4686.240582048893 147.78801017999649 1360.9917101711035 1569.6452022194862 254.37734892964363 1764.3313802331686 837.41486705839634 147.31060023605824 347.60161699354649 691.373884126544 210.97832632064819 1456.5726117193699 5913.1433572769165 1332.7874897271395 735.08104979991913 20.534411251544952 1011.0492045581341 210.31208644807339 420.80805271863937 53.713094234466553 393.01390340924263 577.48456338047981
leaf_count=1619 9269 5360 6369 1880 1271 8548 28187 8079 13965 427 4128 4361 621 4715 2480 375 854 1962 541 3939 17283 3941 2013 66 2451 472 1083 130 984 1639
internal_value=0.02061 0.0194685 0.0165965 0.0125451 -0.00189879 -0.0101455 0.0151435 0.0237371 0.0126964 0.0495599 0.0280161 0.0221291 0.0277068 0.0263777 0.0179608 0.0595811 0.0326885 0.0142506 0.0244634 0.0233403 0.0218684 0.0243001 0.0258267 0.0335285 0.0407013 0.0381842 0.0433189 0.022102 0.0332676 0.0280108
internal_weight=46867.8 45090 31850.2 20320.8 3098.31 2423.3 17222.5 11529.4 13590.4 1777.77 6623.13 2930.64 675.015 13239.8 4906.29 945.148 3692.49 3333.79 10443.9 9262.42 7805.85 3632.08 1572.5 2795.91 1031.58 832.621 631.12 201.501 1181.48 788.463
internal_count=139012 134906 97928 64782 12320 10428 52462 33146 42152 4106 18612 8489 1892 36978 14534 1994 10123 10041 29746 26582 22643 10310 4493 7232 2517 2112 1555 557 3164 2180
is_linear=0
shrinkage=0.05


Tree=16
num_leaves=31
num_cat=0
split_feature=37 28 37 28 23 28 37 13 12 1 37 37 35 37 27 27 28 16 6 49 35 3 6 13 1 13 27 48 37 31
split_gain=680.501 615.656 370.711 310.498 285.891 212.078 166.889 155.958 268.935 121.136 107.775 107.39 82.3801 80.5655 83.9314 75.3667 70.9886 54.9832 54.5997 50.4308 45.7187 45.3228 44.1314 43.9159 41.2899 43.2869 39.7743 49.0827 38.238 43.7601
threshold=-0.36435000598430628 0.020674999803304676 0.23304999619722369 0.044515000656247146 84.534999847412124 0.012494999915361406 0.72055000066757213 0.15646500140428546 -0.12460500001907347 0.085857287049293532 0.0490499995648861 1.0000000180025095e-35 7.5000000000000009 1.0217500329017641 0.14999500662088397 -0.010894999839365481 0.065545000135898604 1.1482500433921816 0.24380665272474292 0.15644999593496325 2.5000000000000004 0.50997769832611095 -0.0024924861500039692 49.393510818481452 -0.072978064417839036 0.094680000096559538 -0.004204999888315796 0.59194999933242809 -0.20455000549554822 0.018675000406801704
decision_type=2 2 2 2 2 2 2 2 2 2 2 2 2 2 2 2 2 2 2 2 2 2 2 2 2 2 2 2 2 2
left_child=5 4 11 6 7 20 19 8 22 -10 21 23 -8 16 -15 -7 -5 28 -12 -4 -1 -9 -2 -3 -22 -26 -13 -28 -6 -30
right_child=1 2 3 13 17 15 12 10 9 -11 18 26 -14 14 -16 -17 -18 -19 -20 -21 24 -23 -24 -25 25 -27 27 -29 29 -31
leaf_value=0.052263641449021604 0.0083160307429717487 0.043431061409042959 0.010822533972580607 0.027411240961180111 -0.0070602639912765823 0.067106028368486045 0.017602878024912168 0.041917281767661498 -0.0025100110337700102 -0.03207320323962036 0.010490011311848058 0.026342395755903372 0.0050279326985444711 0.023334820393232435 -0.014647545592229506 0.045576443831597972 0.041205630878511132 0.038787411274242171 0.025198059736359871 0.020668842889340996 0.070814109812499457 0.021295739755504833 0.023823658643796278 0.069614766921047663 -0.013476101185995407 0.021113996661241793 0.044363048549394046 0.018485175365189292 -0.059027732322257775 -0.024342973412845623
leaf_weight=81.505641147494316 1920.632500782609 1143.0953661501408 1523.3426229953766 3580.3910600841045 121.64009962975979 780.20355407893658 1870.1244628429413 402.00958779454231 806.01272252202034 607.80043561756611 6242.5288280844688 2164.4121939539909 4290.3808525949717 6215.0820003300905 148.9307789504528 848.62547954916954 1261.1904698014259 29.59624756872654 701.93793125450611 8887.2034566700459 27.065123081207275 790.16316477954388 602.74775479733944 186.22934095561504 153.86162129044533 219.44763308763504 783.22261533141136 239.19667662680149 160.46397736668587 209.8777818530798
leaf_count=239 6188 2721 4602 9733 528 1507 5562 1082 3161 3034 19818 5954 13800 16919 505 1936 3080 83 2037 26023 65 2401 1803 351 605 710 1980 658 942 985
internal_value=0.019523 0.0182184 0.0218754 0.0197152 0.00884232 0.0472685 0.0153681 0.010408 0.00223877 -0.0152193 0.014361 0.0351612 0.00884527 0.0261439 0.022446 0.055889 0.0310046 -0.0274009 0.0119767 0.0192281 0.0181297 0.0282495 0.0120203 0.0470992 0.0111809 0.00685748 0.0301816 0.0383089 -0.0313826 -0.0393714
internal_weight=46998.9 44888.2 32292.8 27776.6 12595.4 2110.71 16571.1 12073.8 3937.19 1413.81 8136.64 4516.16 6160.51 11205.6 6364.01 1628.83 4841.58 521.578 6944.47 10410.5 481.88 1192.17 2523.38 1329.32 400.374 373.309 3186.83 1022.42 491.982 370.342
internal_count=139012 133950 91888 80224 42062 5062 49987 39524 14186 6195 25338 11664 19362 30237 17424 3443 12813 2538 21855 30625 1619 3483 7991 3072 1380 1315 8592 2638 2455 1927
is_linear=0
shrinkage=0.05


Tree=17
num_leaves=31
num_cat=0
split_feature=37 28 23 51 37 28 37 33 28 30 52 37 51 28 37 50 28 37 37 40 35 46 50 25 37 16 28 52 37 37
split_gain=624.657 560.84 273.1 247.972 188.769 180.978 282.938 158.107 126.627 125.01 115.671 96.5914 93.5112 92.328 82.6436 57.5052 54.2426 49.762 49.187 46.1737 42.8835 42.1293 41.144 40.8132 40.3028 49.3354 39.7897 38.4794 38.4437 38.2852
threshold=-0.36435000598430628 0.038465000689029701 84.534999847412124 -0.019360000267624852 0.63244998455047619 0.015614999923855068 0.24984999746084216 0.19675000011920932 0.0708649978041649 0.016055000014603141 4.5000000000000009 0.58324998617172252 0.099995002150535597 0.010584999807178976 1.0000000180025095e-35 2.5000000000000004 0.11662000045180322 1.2606999874114992 0.99944999814033519 1.0000000180025095e-35 2.5000000000000004 1.0000000180025095e-35 1.0000000180025095e-35 1.1416500210762026 -0.20455000549554822 1.0005499720573428 0.019325000233948234 1.5000000000000002 -0.13385000079870221 -0.4959499984979629
decision_type=2 2 2 2 2 2 2 2 2 2 2 2 2 2 2 2 2 2 2 2 2 2 2 2 2 2 2 2 2 2
left_child=3 2 5 -1 14 7 15 10 17 24 -2 -8 16 19 -3 -7 -10 20 -14 -5 -6 -21 -16 27 25 -4 29 -15 -11 -25
right_child=1 4 9 13 8 6 11 -9 12 28 -12 -13 18 23 22 -17 -18 -19 -20 21 -22 -23 -24 26 -26 -27 -28 -29 -30 -31
leaf_value=0.070784068216505444 0.006845055488648482 0.052439217964635382 0.058881363989484382 0.03531987457758181 0.031781018888018223 0.026454380519354177 0.016334603855084579 0.018288782683361354 0.028587946983124626 0.038041839792042301 -0.01037759570132326 0.0086405187500568845 0.060827971557940654 0.023338920366765818 0.026886209207470358 -0.015945922406255655 0.045859244465276963 0.012651432884336658 -0.013286853252454593 -0.020980763226943467 0.018957392084581044 0.028233640542666014 0.037299200017685601 0.025922030080656612 -0.047694837901054173 -0.028776917708548053 0.046052691100115548 0.053188104132045583 -0.0040732140780967976 -0.02041229019082208
leaf_weight=651.58455100655556 3147.9722250401974 516.24298192560673 20.505242228507996 110.34907625615597 772.06105923652649 5509.4204058498144 8923.6314854025841 2029.0173012763262 2679.269317522645 66.939467921853065 1412.2868582457304 7513.7122911661863 25.693465068936348 132.89534555375576 2312.6354968249798 81.144458249211311 547.49735905230045 2837.7970425188541 173.9142487347126 134.12517739832401 4190.3212915658951 64.347240015864372 1608.3688327819109 192.56775891780853 269.7593787163496 73.899484679102898 179.15847812592983 575.66847003996372 284.41754159331322 58.013633713126183
leaf_count=1226 10243 1098 80 358 2048 15264 26661 6261 6827 202 6036 23601 60 334 6163 270 1228 8352 586 563 11970 194 4115 503 1532 348 395 1294 1005 195
internal_value=0.0185075 0.0172639 0.0131847 0.0451709 0.0249027 0.0139476 0.0161223 0.00667754 0.0214519 -0.0173263 0.0015113 0.0128175 0.029464 0.0336383 0.0336335 0.025839 0.0315184 0.0179325 -0.00374681 0.00939126 0.0209525 -0.00502484 0.0311575 0.0402165 -0.0378548 -0.00973704 0.0280595 0.0475897 0.00395042 0.0151949
internal_weight=47095.2 44996.5 29332.7 2098.71 15663.8 28617.2 22027.9 6589.28 11226.6 715.521 4560.26 16437.3 3426.37 1447.13 4437.25 5590.56 3226.77 7800.18 199.608 308.821 4962.38 198.472 3921 1138.3 364.164 94.4047 429.74 708.564 351.357 250.581
internal_count=139012 133950 91503 5062 42447 88336 65796 22540 31071 3167 16279 50262 8701 3836 11376 15534 8055 22370 646 1115 14018 757 10278 2721 1960 428 1093 1628 1207 698
is_linear=0
shrinkage=0.05


Tree=18
num_leaves=31
num_cat=0
split_feature=51 28 7 28 30 13 12 52 28 27 3 13 44 53 27 51 36 12 44 7 31 5 35 9 33 28 15 22 16 14
split_gain=501.993 460.239 262.422 184.092 146.693 122.84 118.352 105.87 87.406 71.797 50.2407 45.199 45.1214 44.4584 40.5691 36.9345 34.9337 36.7537 58.6491 36.2531 34.4085 33.4366 53.4263 29.2739 33.0453 26.6258 25.473 24.6822 30.707 28.3681
threshold=-0.015275000128895043 0.041145000606775291 85.081687927246108 0.0085050002671778219 0.016055000014603141 0.80605000257492077 -0.22857499867677686 4.5000000000000009 0.084315001964569106 -0.010894999839365481 0.60743075609207164 0.31046500802040106 -0.13264999538660047 0.46304999291896826 0.014824999962002041 -0.0061149999964982263 0.62195000052452099 -0.30198499560356135 -0.069949999451637254 76.394062042236342 0.15708499401807788 -0.94016993045806874 10.500000000000002 5.5000000000000009 -3.0645500421524043 0.0097349998541176336 0.98855000734329235 2.9862500429153447 0.92105001211166393 1.0112499594688418
decision_type=2 2 2 2 2 2 2 2 2 2 2 2 2 2 2 2 2 2 2 2 2 2 2 2 2 2 2 2 2 2
left_child=9 2 3 7 21 6 -5 13 16 11 -10 -1 -9 -2 15 -6 17 18 -3 -18 -19 22 -4 -12 -25 -7 -23 28 -11 -29
right_child=1 8 4 5 14 25 -8 12 10 27 23 -13 -14 -15 -16 -17 19 20 -20 -21 -22 26 -24 24 -26 -27 -28 29 -30 -31
leaf_value=0.05845730666874497 0.027999120067973352 0.034391644944878771 0.026864836309279438 0.018155783999877852 0.027556121069235356 -0.02407832669821925 0.010779001277110617 0.031201186909273128 0.01659747681784594 0.072318766632629677 0.038148645284324073 0.02817889982689923 -0.024982780065228648 -6.9383656584065041e-05 0.063800184431834578 -0.0092357861278725469 0.027944514212118035 0.01798792610065365 0.017964380098215976 0.059337295055149543 0.025730247618346271 0.048553378126718838 -0.040425017580150283 -0.028070129645220012 0.027313832635006436 0.022045875838495564 -0.045831404776643131 0.053627295605316538 0.011511331421959918 0.030846553131063395
leaf_weight=764.50763407349586 201.38845959305763 1220.2873071730137 50.166931122541428 8157.1285014301538 105.18853943049908 31.482408210635185 16307.160790786147 38.373179540038109 426.02190248668194 23.391443446278572 1788.9184453040361 146.94516113400459 519.85374779999256 471.07220520079136 30.983506679534912 194.05454982817173 870.94116212427616 6183.4750311523676 979.43965972959995 102.82316319644451 1868.7233625352383 7.3208727538585654 71.597899407148361 28.900651082396507 395.55371123552322 5079.1630579382181 303.66620433330536 202.25442750751972 184.67618143558502 421.35684511065483
leaf_count=1619 592 3141 215 23838 335 111 50970 136 1175 50 4187 375 2588 1678 67 708 2323 17348 2727 226 4988 29 368 91 981 14421 1663 457 522 1083
internal_value=0.0175509 0.0165406 0.0132056 0.013923 -0.0157613 0.0147115 0.0132386 -0.0050249 0.0241341 0.0438826 0.0323213 0.0535758 -0.0211206 0.00833657 0.0093363 0.00369713 0.0222091 0.0213495 0.0270773 0.0312594 0.0197847 -0.0349129 -0.0127017 0.0353477 0.0235428 0.0217617 -0.0436095 0.0332596 0.0183474 0.038235
internal_weight=47176.8 45433.7 31568.6 30805.6 762.979 29574.9 24464.3 1230.69 13865.1 1743.13 2639.39 911.453 558.227 672.461 330.227 299.243 11225.7 10251.9 2199.73 973.764 8052.2 432.752 121.765 2213.37 424.454 5110.65 310.987 831.679 208.068 623.611
internal_count=139012 134906 97719 94334 3385 89340 74808 4994 37187 4106 6434 1994 2724 2270 1110 1043 30753 28204 5868 2549 22336 2275 583 5259 1072 14532 1692 2112 572 1540
is_linear=0
shrinkage=0.05


Tree=19
num_leaves=31
num_cat=0
split_feature=37 28 37 36 28 51 12 37 13 35 37 37 51 28 28 35 35 31 27 29 21 40 40 13 46 25 21 28 25 14
split_gain=564.596 475.098 311.927 299.629 236.886 229.363 185.451 136.446 119.861 108.221 94.3561 80.8509 78.1394 80.0056 77.631 71.392 62.598 53.6617 52.8292 50.1185 42.789 42.0206 41.1466 39.3797 37.411 36.5931 44.0016 38.8623 36.146 35.7933
threshold=-0.36435000598430628 0.020674999803304676 0.23304999619722369 0.99064999818801891 0.050215000286698348 -0.019360000267624852 -0.12172500044107436 0.71375000476837169 0.26899500191211706 3.5000000000000004 1.0000000180025095e-35 -0.15554999560117719 0.056059999391436584 0.11662000045180322 0.010584999807178976 16.500000000000004 7.5000000000000009 -0.020885000005364415 0.017225000075995926 0.047454999759793288 13.590000152587892 1.5000000000000002 1.0000000180025095e-35 49.393510818481452 1.0000000180025095e-35 1.1718500256538393 24.190000534057621 0.018105000257492069 1.7188499569892886 0.010549999773502352
decision_type=2 2 2 2 2 2 2 2 2 2 2 2 2 2 2 2 2 2 2 2 2 2 2 2 2 2 2 2 2 2
left_child=5 3 10 9 7 -1 -5 18 11 17 23 -8 13 -6 22 19 -9 21 -4 -11 -19 -2 -7 -3 -24 26 29 -27 -17 -16
right_child=1 2 4 6 12 14 8 16 -10 15 -12 -13 -14 -15 25 28 -18 20 -20 -21 -22 -23 24 -25 -26 27 -28 -29 -30 -31
leaf_value=0.067486162713007322 0.018848712999834052 0.038632258488874305 0.016629097036470506 0.01401176701479178 0.023118728224061736 0.033301210045862659 -0.0039351513442829065 0.015371558054659507 0.0093896106332734004 0.0022460950525472058 0.026204633421837639 -0.032076643507350254 -0.0010313750605334307 0.043016494524426484 0.0078803398813681175 0.014083636146096921 0.0055936982157924545 0.035355595011773204 0.042594206773429677 0.032465205892290828 0.018634934781507472 -0.0086603018185078297 -0.019922473032158081 0.063729231606947032 0.026445361691678784 0.011556060738187605 -0.023755962663701863 0.042396186748326015 -0.0020253048005625537 0.049650619035534777
leaf_weight=625.17171266674995 345.60994264483452 1143.0055826455355 11130.879444181919 622.11988650262356 7978.182082682848 111.35058198869228 345.8084000647068 2330.2631846666336 320.31451544165611 3772.0403636544943 3215.0299758464098 974.40097400546074 313.69419196248055 539.33804495632648 55.733596101403236 3948.0373051464558 5500.9068767130375 657.04847195744514 199.40920761227608 142.38569943606853 916.07316429913044 232.01126903295517 132.61516931653023 181.06421218812466 64.737359270453453 227.44327759742737 23.144682213664055 185.42997865378857 381.91587196290493 642.82106794416904
leaf_count=1226 982 2721 32304 2041 21206 358 1541 6822 1063 12232 8592 5216 965 1208 149 12174 17225 1765 494 392 2634 754 563 351 194 641 70 413 1268 1448
internal_value=0.0166438 0.0154745 0.0186724 0.00725553 0.0167009 0.0421883 -0.00923331 0.0135783 -0.0180483 0.0108446 0.0308309 -0.0247054 0.0234761 0.0243787 0.0312302 0.00823885 0.00850322 0.020833 0.0170861 0.0033453 0.0256187 0.00779925 0.00899923 0.0420642 -0.00471248 0.037279 0.0440708 0.025407 0.0126628 0.046318
internal_weight=47258 45189.5 32531.8 12657.8 27992.7 2068.45 2262.64 19161.5 1640.52 10395.1 4539.1 1320.21 8831.21 8517.52 1443.28 8244.38 7831.17 2150.74 11330.3 3914.43 1573.12 577.621 308.703 1324.07 197.353 1134.57 721.699 412.873 4329.95 698.555
internal_count=139012 133950 91888 42062 80224 5062 9861 56845 7820 32201 11664 6757 23379 22414 3836 26066 24047 6135 32798 12624 4399 1736 1115 3072 757 2721 1667 1054 13442 1597
is_linear=0
shrinkage=0.05


Tree=20
num_leaves=31
num_cat=0
split_feature=37 51 16 23 30 12 13 6 37 44 34 8 37 16 25 51 23 29 0 37 21 0 37 27 0 15 12 51 37 49
split_gain=545.6 241.361 237.647 238.076 204.448 146.806 180.254 138.563 127.256 85.6914 64.8002 57.1276 52.2806 51.0666 65.1143 59.428 58.029 49.3989 49.3739 46.5715 39.5238 37.7849 36.7782 63.278 35.2775 34.8861 32.7155 32.2096 29.2135 28.5913
threshold=-0.32764999568462366 -0.020879999734461304 1.0954499840736391 72.204998016357436 0.022265000268816951 -0.28214000165462488 0.15880500525236133 0.0051481416448950776 0.22434999793767932 -0.075750000774860368 209.50000000000003 0.10802477598190309 0.1389499977231026 1.0356499552726748 1.3334500193595888 -0.012645000126212834 84.534999847412124 0.01713499985635281 1.5200226306915285 0.063349999487400069 15.675000190734865 0.68463319540023815 0.10455000028014184 0.0017750000115484001 0.40584450960159307 1.0265499949455263 -0.037805000320076936 -0.0042350001167505971 -0.55324998497962941 0.68255001306533825
decision_type=2 2 2 2 2 2 2 2 2 2 2 2 2 2 2 2 2 2 2 2 2 2 2 2 2 2 2 2 2 2
left_child=1 -1 3 5 25 9 7 -7 -8 10 -2 12 -4 14 15 21 24 -17 -14 -11 26 -3 23 -6 -16 27 -13 -5 -18 -27
right_child=2 13 11 4 22 6 8 -9 -10 19 -12 20 18 -15 16 17 28 -19 -20 -21 -22 -23 -24 -25 -26 29 -28 -29 -30 -31
leaf_value=0.069389443370055898 0.027986982424775087 0.054338322511780696 0.031575630497219828 -0.015798095577072818 0.010595627758476328 0.0063130561566259041 0.021727446842430113 -0.020571768937944299 0.011941351554625656 0.029987745952339457 0.013770419306264159 0.014558060980989027 0.016604046536736746 0.045694504242357568 -0.010654828838806526 0.016441675648598296 -0.0076234866454692966 0.051022510521116241 0.03252519355098888 0.012355028412950116 0.038259110833580412 -0.015667952326680681 0.0039463607002809325 0.078221276403742768 0.029531852871969296 -0.01655919197935719 0.02958486400618008 -0.038436160358307436 -0.070209420455160737 0.090944640274124577
leaf_weight=525.15927271544933 3209.8710797280073 306.71505108475685 786.10104918479919 277.77936419844627 135.86805020272732 4673.2610390782356 4206.7458760738373 534.02709978818893 15795.453448027372 418.88331526517868 1068.315094769001 574.38344915211201 5906.6875138878822 429.22718712687492 74.765829473733902 495.6219877153635 54.689934864640236 130.45596231520176 530.70753173530102 3532.1561030596495 711.84933626651764 20.567042991518974 1410.7179251611233 46.406482517719269 202.57134826481342 13.808303967118265 980.55078503489494 361.74772354960442 28.290229216217995 11.202390462160109
leaf_count=1040 8579 665 2022 1325 458 15124 11900 2342 46970 1096 3098 1563 16846 967 276 1599 172 283 1334 10386 1717 60 4419 92 501 47 2470 1971 125 27
internal_value=0.0157449 0.039675 0.0145438 0.0126741 -0.00304122 0.0137351 0.0118423 0.00355592 0.0139995 0.0195337 0.0244369 0.0215762 0.0194031 0.0307217 0.0258296 0.0326731 0.00772242 0.0236473 0.0179166 0.0142244 0.0285012 0.049939 0.00667723 0.0278129 0.0186981 -0.0263378 0.0240341 -0.0286033 -0.0289608 0.0315922
internal_weight=47454.6 2268.06 45186.5 35696.2 2257.53 33438.7 25209.5 5207.29 20002.2 8229.23 4278.19 9490.28 7223.5 1742.9 1313.68 953.36 360.317 626.078 6437.4 3951.04 2266.78 327.282 1592.99 182.275 277.337 664.538 1554.93 639.527 82.9802 25.0107
internal_count=139474 5688 133786 107834 8339 99495 76336 17466 58870 23159 11677 25952 20202 4648 3681 2607 1074 1882 18180 11482 5750 725 4969 550 777 3370 4033 3296 297 74
is_linear=0
shrinkage=0.05


Tree=21
num_leaves=31
num_cat=0
split_feature=37 28 37 7 28 28 33 28 37 37 31 39 27 27 27 28 12 6 12 37 33 5 1 9 39 7 29 31 27 0
split_gain=502.962 425.569 251.368 221.501 203.575 153.515 131.888 121.862 112.627 101.318 80.8167 77.5352 70.2099 67.7646 59.0933 53.7456 53.4093 48.2629 48.044 47.3334 46.7194 45.0881 44.9563 39.2595 35.9288 42.5321 35.5924 34.8873 31.9429 30.9058
threshold=-0.32764999568462366 0.028394999913871292 0.2783499956130982 85.081687927246108 0.0140050002373755 0.061975000426173217 0.072750002145767226 0.0087549998424947279 0.73425000905990612 0.24984999746084216 0.010344999842345716 0.020250000059604648 -0.0047549998853355637 -0.009945000056177376 0.14999500662088397 0.044874999672174461 -0.087765000760555253 0.46974763274192816 -0.0061449999921023837 0.78334999084472667 -1.9335500001907346 -2.2768980264663692 0.27491793036460882 1.0000000180025095e-35 0.024950000457465652 19.513000488281254 0.023295000195503238 0.021004999987781051 -0.0065650001633912316 0.41321475803852087
decision_type=2 2 2 2 2 2 2 2 2 2 2 2 2 2 2 2 2 2 2 2 2 2 2 2 2 2 2 2 2 2
left_child=4 3 12 6 16 8 7 11 23 26 -9 -2 -3 -6 19 -10 -1 27 -11 -7 -16 28 29 -4 -14 -26 -8 -5 -18 -23
right_child=1 2 5 17 13 14 9 10 15 18 -12 -13 24 -15 20 -17 21 -19 -20 -21 -22 22 -24 -25 25 -27 -28 -29 -30 -31
leaf_value=0.039077027283458354 0.013268962858821369 0.025001734600246708 0.025148811857639515 -0.040490671784051017 0.057484252740887268 0.0351335657857915 0.018706738221489574 0.0025648909778218268 0.0062556566810818229 0.011148707010105395 0.011308743900114868 -0.023399684107656357 0.026531440074097676 0.035791945466747244 0.024919165918776316 0.014277505272527552 0.049527910932883584 0.084862496830761774 -0.0095592835767825263 0.022492081844059948 -0.025824557434158926 -0.00041677783268587821 -0.028021727763618637 0.016434637400420522 -0.02644537684407924 0.046651992021195382 0.032537148295796813 -0.014388135016188453 -0.0052469132200115313 0.032971152185192525
leaf_weight=199.05998852849007 195.68584185838699 1694.2667692899704 1675.0604611337185 217.20722377300262 889.80999231338501 894.34453153610229 2520.4699296355247 4986.2374137639999 4538.5753955245018 5821.330104932189 5622.4029502123594 547.51342317461967 350.10138435661793 604.68316525220871 79.388094410300255 3867.1332713365555 95.875372901558876 10.168960660696028 294.25155375897884 4303.9658684283495 105.82512329518795 220.10779725015163 101.87646301090717 5659.3964490741491 20.315275475382805 973.50997903943062 570.47480411827564 311.71727201342583 36.845551550388336 101.16832193732262
leaf_count=519 715 4401 4539 1311 1883 2161 7481 16056 14016 17839 17049 2582 872 1399 231 10937 243 22 979 11088 364 833 410 16005 64 2221 1504 1349 136 265
internal_value=0.0149403 0.0137934 0.0183239 0.00860475 0.0380167 0.0163898 0.00943437 0.00582781 0.013897 0.0138813 0.00719899 -0.0137448 0.0317713 0.0487074 0.0236782 0.00994619 0.0168531 -0.023033 0.0101523 0.024667 -0.00407423 0.0088947 0.000919634 0.0184248 0.0403055 0.0451578 0.0212593 -0.0251074 0.0343215 0.0100969
internal_weight=47508.8 45259.3 24161.9 21097.5 2249.43 21123.7 20558.4 11351.8 15740.2 9206.53 10608.6 743.199 3038.19 1494.49 5383.52 8405.71 754.933 539.093 6115.58 5198.31 185.213 555.874 423.153 7334.46 1343.93 993.825 3090.94 528.924 132.721 321.276
internal_count=139474 133786 66899 66887 5688 59341 64205 36402 45497 27803 33105 3297 7558 3282 13844 24953 2406 2682 18818 13249 595 1887 1508 20544 3157 2285 8985 2660 379 1098
is_linear=0
shrinkage=0.05


Tree=22
num_leaves=31
num_cat=0
split_feature=37 28 36 45 51 37 28 37 51 27 28 37 37 3 33 28 6 35 23 25 35 27 34 12 13 15 28 51 0 5
split_gain=463.543 385.003 242.92 302.098 235.932 219.972 182.737 129.854 85.7379 82.6166 78.9257 75.4536 68.6065 75.5937 75.7356 62.8154 56.8192 52.5298 52.3893 50.0492 47.1318 39.5374 36.8722 36.0151 51.119 34.6007 45.1371 42.5428 44.6533 40.8812
threshold=-0.32764999568462366 0.021575000137090686 0.99064999818801891 0.96525001525878917 -0.020879999734461304 0.23744999617338183 0.047974999994039542 0.73425000905990612 -0.00061499999719671894 -0.0065650001633912316 0.012494999915361406 0.85554999113082897 0.32355000078678137 0.018599499948322776 0.064750000834465041 0.078154999762773528 0.00634324410930276 2.5000000000000004 51.594999313354499 0.99175000190734874 1.5000000000000002 0.004184999968856574 167.50000000000003 -0.0781549997627735 0.064565002918243422 1.0075500011444094 0.017184999771416191 -0.011975000146776436 0.68463319540023815 -4.2787501811981192
decision_type=2 2 2 2 2 2 2 2 2 2 2 2 2 2 2 2 2 2 2 2 2 2 2 2 2 2 2 2 2 2
left_child=4 2 12 -4 -1 9 7 19 16 -3 17 21 13 18 -15 -13 -5 22 -2 -7 -9 -8 -6 -19 -25 27 29 28 -12 -27
right_child=1 5 3 8 10 6 11 20 -10 -11 25 15 -14 14 -16 -17 -18 23 -20 -21 -22 -23 -24 24 -26 26 -28 -29 -30 -31
leaf_value=0.066780323422357749 0.084635114668104611 0.020288050952075115 0.013032981330157456 -0.00063125824910352339 0.019169684664297078 0.017844245380901923 0.022158419651059195 0.016849518652412351 -0.041677486610025585 0.034254318901757695 0.066305978413493477 0.013679841782148018 0.0044706091031874572 0.0071585636645574774 0.018012654184076774 0.023715363982662819 -0.026240972732903968 0.025756146453583983 -0.051579368308947299 0.010998746188479555 0.0044327087626437308 0.034286618544740251 0.081232109063612556 -0.044488309789432655 0.0058831222645926873 0.061673880913762337 0.038971180960891298 0.030760967492114551 -0.011278816624442384 0.0053219501954745322
leaf_weight=497.65296994149685 54.53060981631279 2315.476602345705 927.48981355130672 386.62866240739822 55.789068013429642 6079.4837988466024 1742.5067379772663 877.1053766310215 456.96531023085117 1951.14982432127 225.7226110547781 4513.0056410580873 4769.7394161820412 3747.5538219660521 2813.8635199666023 2382.4449402838945 492.44298106431961 149.58549682796001 8.1085209697484952 4761.2049054950476 5939.5962842702866 1093.7863168716431 41.910862147808075 62.597567141056061 257.80875517427921 36.990197792649269 380.16287949681282 254.16826988756657 20.205670654773712 247.72482290863991
leaf_count=1040 115 6154 2864 1832 187 17259 4547 2494 2633 4769 447 12564 15136 11555 8172 5994 2578 430 33 13898 18481 2708 96 292 915 76 856 608 58 683
internal_value=0.0141827 0.0130874 0.00607069 -0.00889031 0.0364362 0.0161146 0.0144696 0.0114376 -0.0241097 0.0266749 0.0277209 0.0199708 0.00904289 0.0123352 0.0118133 0.0171472 -0.0149774 0.0124338 0.0670024 0.0148377 0.00603038 0.0268355 0.0457929 0.00549926 -0.00395791 0.0351702 0.027697 0.0451059 0.0599315 0.0126432
internal_weight=47543.4 45313.1 13657.3 2263.53 2230.32 31655.8 27389.1 17657.4 1336.04 4266.63 1732.67 9731.74 11393.8 6624.06 6561.42 6895.45 879.072 567.692 62.6391 10840.7 6816.7 2836.29 97.6999 469.992 320.406 1164.97 664.878 500.097 245.928 284.715
internal_count=139474 133786 44918 9907 5688 88868 77945 52132 7043 10923 4648 25813 35011 19875 19727 18558 4410 1920 148 31157 20975 7255 283 1637 1207 2728 1615 1113 505 759
is_linear=0
shrinkage=0.05


Tree=23
num_leaves=31
num_cat=0
split_feature=28 28 12 31 7 30 30 21 7 7 9 29 21 48 0 53 43 13 8 27 39 6 22 49 30 22 28 22 1 12
split_gain=291.646 194.229 163.201 88.5674 92.6794 111.1 89.6355 77.562 77.645 71.7809 63.5439 56.3914 51.8386 44.1228 43.5795 48.259 45.1139 42.9187 37.885 37.5154 34.1573 32.2475 36.8618 31.7354 31.4849 31.0878 44.0305 32.5298 31.0794 33.5143
threshold=0.010584999807178976 0.061975000426173217 -0.044955000281333916 0.019414999522268776 87.903766632080092 0.01465500006452203 -0.074804998934268938 15.675000190734865 63.065694808959968 86.346355438232436 1.0000000180025095e-35 0.014204999897629024 15.88499975204468 0.14925000071525577 0.21552832424640658 0.76915001869201671 5.5000000000000009 0.042914999648928649 1.0000000180025095e-35 -0.010894999839365481 0.090450000017881407 0.029808149673044685 4.7960000038146982 0.71459999680519115 0.022265000268816951 0.17020000517368319 0.10824500024318696 1.2031499743461611 0.65421307086944591 -0.10457500070333479
decision_type=2 2 2 2 2 2 2 2 2 2 2 2 2 2 2 2 2 2 2 2 2 2 2 2 2 2 2 2 2 2
left_child=2 3 13 6 7 -6 -2 8 -5 10 -8 21 -9 14 28 16 -16 20 -11 -7 -15 24 -23 -19 -4 -3 27 -27 29 -1
right_child=1 25 11 4 5 19 9 12 -10 18 -12 -13 -14 17 15 -17 -18 23 -20 -21 -22 22 -24 -25 -26 26 -28 -29 -30 -31
leaf_value=-0.003465612078905533 0.020762719764077509 0.0086939605491371218 -0.039273727637322654 0.016724232049358946 -0.025830396201078583 0.053196148999356568 0.015757005092049491 0.03859449585976546 0.0094052562781640897 0.0023458193113440385 0.0079736913412677048 0.015743759129369341 0.018468580208748669 -0.023634464659845273 0.021165539335794001 -0.0044554293184665477 0.12438713007530883 0.048979103021768486 -0.04835578347496769 0.028291469243795386 0.060984882756237771 -0.020796525202740331 0.021106415446939711 0.014147487500817466 0.020309610967935397 0.041417777296883319 0.032581351333936685 0.020615430683394564 0.080297588075283061 -0.035067322864351394
leaf_weight=178.66909870505333 1912.6865999251604 368.71867589652538 331.86557695269585 6753.7249010950327 70.527080282568932 296.17649526894093 3331.52748093009 340.1355909705162 7818.9665590375662 67.601623669266701 12318.301107987761 100.14124141633511 5391.2192699164152 110.55136200785637 173.41266393661499 329.86802634596825 11.273607432842253 70.902151972055435 80.977704614400864 308.94270442426205 13.367759376764296 389.2325761988759 60.663924932479858 841.74984873086214 23.75861656665802 196.339529260993 1115.9081728756428 4387.8735377639532 8.185890853404997 158.16867846995592
leaf_count=615 5222 1033 1910 19319 321 704 9632 885 23110 267 37053 310 15139 496 573 1265 30 188 375 868 42 1803 224 2748 91 458 2631 11335 30 797
internal_value=0.0134684 0.014448 -0.0021809 0.0131435 0.0153415 0.0335592 0.0105399 0.0147353 0.0127972 0.00930221 0.0096306 -0.0196417 0.019663 0.00615895 -0.00221676 0.0070021 0.0274664 0.0131045 -0.0252872 0.0404811 -0.0145062 -0.0240408 -0.0151463 0.0168535 -0.0352931 0.0227644 0.0236745 0.0215064 -0.0159654 -0.0183048
internal_weight=47561.4 44759.6 2801.81 38690.8 20979.7 675.646 17711.1 20304 14572.7 15798.4 15649.8 905.662 5731.35 1896.15 859.578 514.554 184.686 1036.57 148.579 605.119 123.919 805.521 449.897 912.652 355.624 6068.84 5700.12 4584.21 345.024 336.838
internal_count=139474 128352 11122 112895 60346 1893 52549 58453 42429 47327 46685 4338 16024 6784 3310 1868 603 3474 642 1572 538 4028 2027 2936 2001 15457 14424 11793 1442 1412
is_linear=0
shrinkage=0.05


Tree=24
num_leaves=31
num_cat=0
split_feature=37 28 51 37 36 45 28 37 37 51 29 37 28 33 27 51 6 35 27 35 49 14 35 53 7 5 5 22 15 1
split_gain=435.237 337.538 225.435 213.087 193.31 343.091 116.007 88.1343 81.6803 75.1536 74.8336 73.5341 67.4473 64.457 59.3925 54.9985 48.3968 46.7625 44.0624 42.0329 41.0711 39.2478 37.9951 37.8934 35.5552 35.1123 34.6839 34.1538 31.8699 43.6835
threshold=-0.32764999568462366 0.028394999913871292 -0.020879999734461304 0.2783499956130982 0.99064999818801891 0.86024999618530285 0.055674999952316291 0.39714999496936804 0.73425000905990612 -0.00061499999719671894 0.026095000095665458 0.79074999690055858 0.012494999915361406 0.072750002145767226 -0.0047549998853355637 0.056059999391436584 0.00634324410930276 2.5000000000000004 -0.00070499998400919129 7.5000000000000009 0.15644999593496325 0.32395000755786901 1.5000000000000002 0.44265000522136694 70.336009979248061 -3.5620088577270503 6.3746206760406503 3.0195499658584599 1.0075500011444094 0.011628650594502689
decision_type=2 2 2 2 2 2 2 2 2 2 2 2 2 2 2 2 2 2 2 2 2 2 2 2 2 2 2 2 2 2
left_child=2 4 -1 14 7 27 8 10 20 16 13 -8 17 -2 -3 -13 -7 -4 -11 21 -5 -9 -10 -21 -16 -19 -27 -6 29 -14
right_child=1 3 12 6 5 9 11 19 22 18 -12 15 28 -15 24 -17 -18 25 -20 23 -22 -23 -24 -25 -26 26 -28 -29 -30 -31
leaf_value=0.065002511004114749 0.0058846025059704019 0.021948186950975716 0.043334016618833703 0.0080409262782248688 0.0063788766582906766 -0.00038079136742969741 0.029552850928130859 -0.027271999259465048 0.017586254313278562 -0.045461664319569217 0.019727324535153745 0.017854120249744102 0.01863072793858031 0.014649328969186283 0.033453432075774142 -0.0046460917059503795 -0.023008456956127882 0.037646938623091153 -0.01431276538482696 0.0081738341492665102 0.017286051878314099 0.011974208775893627 0.0063353053184293856 -0.00070678283226484578 0.061757310307844364 -0.010413950398146 0.021450908920600087 0.022342549686530863 0.025844395474936128 0.051825633414177563
leaf_weight=475.2784335911274 4835.2523285001516 1697.6322730183601 98.236494109034538 1541.4503054916859 790.32962408661842 423.74651361256838 1389.9140456318855 65.747943073511124 850.65119053423405 384.03325276076794 2371.0724737197161 5318.9644688665867 137.09655144810677 3704.9544588774443 1214.2003422677517 286.20634584128857 534.22332959622145 71.484548926353455 161.18494199216366 1850.4116622805595 5443.8292102962732 2048.1934725195169 6366.7859782129526 3423.7676586806774 122.11509744822979 272.32960730791092 124.40972365438938 581.63052846491337 660.34760057926178 357.68809628486633
leaf_count=1040 14773 4401 283 4432 2440 1948 3423 227 2365 2323 6586 13943 344 10747 2907 881 2735 198 664 5739 15127 6021 19170 11004 250 1074 365 1680 1615 769
internal_value=0.0127831 0.0117315 0.0345187 0.0157613 0.00711981 -0.00493271 0.0139875 0.00901347 0.0113916 -0.0214337 0.0118688 0.019258 0.026103 0.00968696 0.0281549 0.0167052 -0.0129994 0.0119705 -0.036253 0.00479655 0.0152459 0.0107536 0.00766135 0.00240892 0.0360399 0.00539026 -0.000421751 0.0131465 0.0330334 0.0426279
internal_weight=47603.2 45406.3 2196.87 24231.7 21174.5 2875.15 21197.8 18299.4 14202.7 1503.19 10911.3 6995.08 1721.59 8540.21 3033.95 5605.17 957.97 566.46 545.218 7388.12 6985.28 2113.94 7217.44 5274.18 1336.32 468.224 396.739 1371.96 1155.13 494.785
internal_count=139474 133786 5688 66899 66887 11790 59341 55097 41094 7670 32106 18247 4648 25520 7558 14824 4683 1920 2987 22991 19559 6248 21535 16743 3157 1637 1439 4120 2728 1113
is_linear=0
shrinkage=0.05


Tree=25
num_leaves=31
num_cat=0
split_feature=37 28 51 36 45 37 37 28 37 28 28 37 28 27 27 3 51 28 33 37 27 44 30 1 15 1 18 21 37 27
split_gain=379.154 303.672 226.632 178.487 321.577 172.025 115.541 109.775 81.8268 98.5535 75.7548 63.7475 61.8628 61.6815 55.4137 52.6455 51.9011 48.1141 45.3755 44.5055 52.6371 42.2804 57.8541 36.2579 35.9319 39.4245 51.6751 36.7309 32.3921 31.9227
threshold=-0.32764999568462366 0.034025000408291824 -0.020879999734461304 0.99064999818801891 0.89735001325607311 0.48395000398159033 0.39294999837875372 0.064635001122951521 -0.15554999560117719 0.024935000576078895 0.014814999885857107 0.085149999707937254 0.010395000223070385 0.011884999927133323 0.0069049999583512553 0.018599499948322776 0.099995002150535597 0.1280849948525429 -1.9335500001907346 1.2428500056266787 0.020595000125467781 0.18294999748468402 -0.011464999988675116 2.3937095403671269 1.006150007247925 -0.047681555151939385 1.0391499996185305 20.909999847412113 0.063349999487400069 -0.0074750001076608888
decision_type=2 2 2 2 2 2 2 2 2 2 2 2 2 2 2 2 2 2 2 2 2 2 2 2 2 2 2 2 2 2
left_child=2 3 -1 6 28 14 10 19 9 -6 15 -12 29 -10 -3 -2 17 -9 -18 20 -7 22 -8 -16 27 -26 -27 -14 -5 -4
right_child=1 5 12 4 8 7 21 16 13 -11 11 -13 24 -15 23 -17 18 -19 -20 -21 -22 -23 -24 -25 25 26 -28 -29 -30 -31
leaf_value=0.063921548769798706 0.058866644797049554 0.021781280828461314 0.040357905525584312 0.031846374276817142 -0.00706977247053759 0.011043578435361318 0.0011137276534652469 0.019632918815603768 -0.027863107862206579 0.080631202965081514 0.023565430900178014 0.012978601415553037 0.043039980914438392 0.029573416291917329 0.039588737532990581 0.0059414365243202743 0.022265574605609711 0.03907098342311531 -0.024066326092894792 0.0053526248115114521 0.023164840351694201 0.0005667030127484593 0.01044802254420334 0.014836312883200318 0.047214990672864492 0.0065559788629866375 0.035924863075260403 0.0018813406304532413 0.0096685767837020181 -0.0013631519794111053
leaf_weight=458.77831472456455 47.599789023399353 3132.8281107097864 54.559161499142647 185.79646772146225 297.32029396295547 6490.9956805109978 2423.8167330622673 4046.3429853469133 1172.825877033174 35.901433676481247 1794.0314877927303 6855.1189626157284 509.11024871468544 48.683494567871094 837.19388853013515 3648.9551935642958 93.26298001408577 345.53663732111454 121.93637230992317 2820.7510885298252 1039.0111540108919 3070.9999498575926 5267.7850283682346 179.70445287227631 130.60229097306728 416.70131267607212 233.82120069861412 60.665564090013504 1446.0746429413557 287.19057215750217
leaf_count=1037 115 8171 172 513 1395 18552 7537 10357 6288 64 4687 19602 1185 123 1940 11399 267 773 411 8327 2766 9643 15898 464 285 1165 540 168 4343 1081
internal_value=0.0122409 0.011269 0.0327507 0.00778322 -0.00330999 0.016066 0.00931296 0.0135671 -0.0195828 0.00237916 0.012614 0.0151746 0.0243021 -0.025574 0.0250731 0.00662294 0.0199875 0.0211622 -0.00398703 0.0107094 0.0127161 0.00552634 0.00750655 0.0352145 0.0291098 0.0221453 0.0171122 0.0386577 0.0121936 0.00529747
internal_weight=47553.9 45402.5 2151.43 26294.9 3186.6 19107.6 23108.3 14957.8 1554.73 333.222 12345.7 8649.15 1692.65 1221.51 4149.73 3696.55 4607.08 4391.88 215.199 10350.8 7530.01 10762.6 7691.6 1016.9 1350.9 781.125 650.523 569.776 1631.87 341.75
internal_count=139268 133635 5633 81607 12726 52028 68881 41453 7870 1459 35803 24289 4596 6411 10575 11514 11808 11130 678 29645 21318 33078 23435 2404 3343 1990 1705 1353 4856 1253
is_linear=0
shrinkage=0.05


Tree=26
num_leaves=31
num_cat=0
split_feature=37 28 37 28 12 51 31 37 28 13 13 35 51 27 37 23 53 40 37 3 51 8 13 0 1 17 33 28 30 21
split_gain=350.027 263.514 256.618 165.032 115.64 114.015 105.175 98.3092 72.6213 67.8492 65.5394 79.3156 64.5185 70.5093 62.0957 62.8387 47.3678 46.9717 41.1676 42.0715 38.5734 49.1995 47.7164 30.7653 27.0788 26.8451 24.4813 29.97 24.6493 30.9743
threshold=-0.55324998497962941 0.015455000102519991 0.085149999707937254 0.054425001144409187 -0.03556500002741813 -0.020879999734461304 0.036085000261664398 0.59904998540878307 0.032515000551939018 0.99126499891281139 0.20056500285863879 2.5000000000000004 -0.020879999734461304 -0.0071549999993294469 0.79074999690055858 62.274999618530281 0.89864999055862438 1.0000000180025095e-35 0.033449999988079078 0.21531616896390918 -0.0075350000988692037 0.006298542022705079 0.3597750067710877 0.0084528485313057917 0.028230061754584316 1.053149998188019 0.096650000661611571 0.0097349998541176336 0.0083650001324713247 14.454999923706056
decision_type=2 2 2 2 2 2 2 2 2 2 2 2 2 2 2 2 2 2 2 2 2 2 2 2 2 2 2 2 2 2
left_child=5 4 12 7 10 -1 20 8 -4 -9 11 24 -3 16 23 -16 -14 -13 19 -12 21 -6 -22 -5 -2 -20 27 28 -7 -30
right_child=1 2 3 14 6 26 -8 9 -10 -11 18 17 13 -15 15 -17 -18 -19 25 -21 22 -23 -24 -25 -26 -27 -28 -29 29 -31
leaf_value=0.063084600744422611 0.027450113447934167 0.057856432526812607 0.010088939610551658 -0.036812296485264573 0.014298814361077369 -0.037598138469042801 0.0043215081446769518 0.0048391899170507095 0.01768810544352941 0.015670713521174297 0.06686492009007515 0.0056607133804389602 0.01909550258965249 0.031389030708247181 0.010064268874353965 0.020425530934120164 -0.014359579803856638 -0.0085745007256807868 0.007189535487035251 0.019324267697489676 -0.035032983974928392 -0.02940281513010138 0.0019762225441872739 0.02705892281350088 0.0010637939044198994 0.032932690494510877 0.045235123226566525 0.028034152159481646 -0.025658263037150617 0.061311285414648899
leaf_weight=344.10855875909328 319.30819194018841 148.60452856123447 11208.743040502071 19.068732663989067 142.45875830948353 33.498601302504539 723.60599974542856 10898.860478967428 4369.5320093780756 1666.9174009412527 52.674413368105888 929.21986922621727 1506.7144554555416 1668.7084621042013 2811.5064702183008 3051.6437115967274 113.79407180845737 1539.7038980349898 2210.8198244273663 399.40130107104778 494.43636717647314 117.54090660810471 105.71543687582016 1669.909800991416 139.80450183898211 106.13185982406139 173.01344484090805 543.75959531962872 19.418452695012093 21.654455691576004
leaf_count=808 905 335 32896 62 566 143 2355 33054 11769 4699 115 3261 4005 4105 7690 7828 356 5894 6795 1130 2842 496 335 4125 556 287 381 1346 74 55
internal_value=0.0116299 0.010959 0.012584 0.0113275 0.00222464 0.0390575 -0.00972664 0.00956637 0.0122204 0.00627605 0.00554703 0.000331835 0.0256309 0.0241749 0.0178905 0.0154571 0.0167462 -0.00321684 0.0110617 0.0248636 -0.0215447 -0.00545786 -0.0285139 0.0263378 0.0194152 0.00836874 0.0286096 0.0239577 -0.00576717 0.0201938
internal_weight=47550.3 46414.8 39134 35696.2 7280.82 1135.45 1583.76 28144.1 15578.3 12565.8 5697.06 2928.04 3437.82 3289.22 7552.13 5863.15 1620.51 2468.92 2769.03 452.076 860.151 260 600.152 1688.98 459.113 2316.95 791.345 618.331 74.5715 41.0729
internal_count=139268 136461 110924 102123 25537 2807 6594 82418 44665 37753 18943 10616 8801 8466 19705 15518 4361 9155 8327 1245 4239 1062 3177 4187 1461 7082 1999 1618 272 129
is_linear=0
shrinkage=0.05


Tree=27
num_leaves=31
num_cat=0
split_feature=37 28 51 36 45 37 37 28 31 25 28 51 28 37 51 51 31 44 27 0 5 3 37 25 37 7 22 12 23 3
split_gain=332.047 255.597 230.699 161.636 297.355 135.163 98.4722 91.9436 71.9125 66.8084 64.1452 60.1609 58.9828 82.9096 68.7493 58.1143 55.1095 68.9987 54.8716 54.4199 53.4874 46.9492 46.1177 45.9971 42.0267 35.6754 35.661 33.814 31.8768 31.7148
threshold=-0.29215000569820399 0.034475000575184829 -0.020879999734461304 0.99064999818801891 0.89735001325607311 0.50725001096725475 0.39294999837875372 0.078154999762773528 0.040544999763369567 1.3216499686241152 0.014814999885857107 0.099995002150535597 0.024604999460279945 0.1495499983429909 -0.00061499999719671894 -0.014324999880045651 -0.01352499984204769 0.18294999748468402 0.0069049999583512553 0.68463319540023815 8.8159708976745623 0.018599499948322776 0.033449999988079078 1.3216499686241152 1.0217500329017641 71.241539001464858 0.84345000982284557 -0.30198499560356135 80.594997406005874 0.018599499948322776
decision_type=2 2 2 2 2 2 2 2 2 2 2 2 2 2 2 2 2 2 2 2 2 2 2 2 2 2 2 2 2 2
left_child=2 3 -1 6 -5 18 10 23 9 15 21 -9 14 -14 -6 19 26 -18 -3 -4 -11 -2 -12 27 -13 -20 -8 -7 -17 -10
right_child=1 5 8 4 12 7 16 11 29 20 22 24 13 -15 -16 28 17 -19 25 -21 -22 -23 -24 -25 -26 -27 -28 -29 -30 -31
leaf_value=0.062264223428024373 0.055146154991876001 0.019158377209489236 0.051615319353635683 0.0108275378705218 -0.015119314884453198 0.019351327391295341 -0.031642820526452176 0.022952520475967166 0.0015941233903573684 -0.015637480805924329 0.022865895957006482 0.048890693837876115 0.044682177182655894 -0.025165400748059744 -0.039108837783039002 0.021042206730855779 0.010502047762879257 0.00070230730457116202 0.029605196832003546 -0.036064809672869728 0.023653891237552131 0.0052209846179207871 0.012310754189868038 0.0062875684316077117 -0.01422474630702337 0.0635766197739627 0.00018318599670454774 0.011054960249093942 -0.0053440698519632559 0.04311764736651736
leaf_weight=437.97720243036747 47.712587401270866 3202.958143517375 218.02160419523716 1646.4129577875137 827.25440437346697 1546.160987496376 90.701077669858932 2423.6754079163074 51.55629001557827 245.24141091108322 1199.5081410855055 30.926511913537979 79.793060421943665 90.868322715163231 467.38469195365906 615.59627375006676 5222.1303649842739 2737.9145218580961 969.40481229126453 19.260177075862885 133.91147391498089 3608.8300598114729 7539.0275683552027 4321.0466319620609 179.21538726985455 83.977301001548767 2975.0148766636848 5971.8320074081421 140.60451953113079 425.51874239742756
leaf_count=1053 114 8376 472 4888 4278 4169 320 5949 138 843 3087 72 184 319 2812 1793 15618 8562 2348 61 348 11258 21384 12395 592 168 9286 16874 539 968
internal_value=0.0110488 0.0101095 0.0296339 0.00695264 -0.00375395 0.0145816 0.00837513 0.0122781 0.0219077 0.0160955 0.0114329 0.0207274 -0.0201377 0.00749197 -0.0237799 0.0229101 0.00493761 0.00713136 0.0224141 0.0444983 -0.00176032 0.00587244 0.0137596 0.0103984 -0.00493607 0.0323135 -0.000758406 0.0127612 0.0161361 0.0386303
internal_weight=47549.4 45261.7 2287.69 26532.6 3111.71 18729.2 23420.8 14472.9 1849.71 1372.64 12395.1 2633.82 1465.3 170.661 1294.64 993.483 11025.8 7960.04 4256.34 237.282 379.153 3656.54 8738.54 11839 210.142 1053.38 3065.72 7517.99 756.201 477.075
internal_count=139268 133053 6215 82110 12481 50943 69629 40051 5162 4056 35843 6613 7593 503 7090 2865 33786 24180 10892 533 1191 11372 24471 33438 664 2516 9606 21043 2332 1106
is_linear=0
shrinkage=0.05


Tree=28
num_leaves=31
num_cat=0
split_feature=37 28 51 36 25 37 35 35 31 28 28 31 25 1 9 51 51 0 25 28 37 37 37 5 22 28 1 31 23 28
split_gain=306.022 231.911 224.86 150.991 180.232 116.045 113.81 113.478 88.8259 72.7955 68.8876 65.8042 60.5043 65.6214 55.7604 55.6232 54.2168 49.9778 48.4324 45.5291 47.9854 39.2761 38.6586 38.6481 37.7191 33.8828 33.3435 31.707 38.3683 33.9978
threshold=-0.29215000569820399 0.038465000689029701 -0.020879999734461304 0.99064999818801891 0.99994999170303356 0.36875000596046453 3.5000000000000004 23.500000000000004 0.018675000406801704 0.01175499986857176 0.073584999889135375 0.040544999763369567 1.3216499686241152 -0.039738679304718964 1.0000000180025095e-35 0.099995002150535597 -0.014324999880045651 0.68463319540023815 1.9934499859809878 0.024935000576078895 -0.081650000065565095 0.68764999508857738 0.0490499995648861 9.1882386207580584 4.1798501014709482 0.1280849948525429 3.3266087770462041 -0.019934999756515023 58.034999847412116 0.029325000010430816
decision_type=2 2 2 2 2 2 2 2 2 2 2 2 2 2 2 2 2 2 2 2 2 2 2 2 2 2 2 2 2 2
left_child=2 3 -1 6 9 -3 27 8 -8 24 18 12 16 -14 -9 25 17 -4 21 -6 -21 -7 -11 -15 -5 -12 -13 29 -29 -2
right_child=1 5 11 4 19 10 7 14 -10 22 15 26 13 23 -16 -17 -18 -19 -20 20 -22 -23 -24 -25 -26 -27 -28 28 -30 -31
leaf_value=0.061309446169691195 0.0038066951697505072 0.025696856696583725 0.049788914982750912 -0.01615934519688373 -0.025243401654620069 0.0185301108597914 0.00049042429271515641 0.020263076120972539 0.007987871584407261 0.031050141386537524 0.01906699264705999 0.041208567881367938 0.038561018185212348 -0.024556671026811978 0.0091806901424439889 -0.0053608424964580979 0.015317643526786752 -0.033996997722172954 0.0041887961733967412 0.063188374949536247 -0.0083904416362595869 0.010625524990630892 0.0074373412778630729 0.014267251594437225 0.020580801821714574 0.03575297394799911 -0.0042804118179566369 0.022156045551103176 0.012264672852747509 0.020669171638100683
leaf_weight=422.93962386250496 1075.522107064724 2015.6848341673613 214.80094993114471 470.99825107306242 849.68785712867975 2096.2251770794392 7361.2140027582645 1785.0544058531523 8526.2373075187206 196.68366651237011 2695.261504650116 429.56070365011692 79.938009634613991 205.4739902317524 3116.7891815900803 215.08798126876354 756.74547165632248 19.406147450208664 2148.3268150091171 26.760849609971046 187.22934140264988 6277.7624675184488 1460.2697621881962 93.166940286755562 82.024437569081783 342.95224188268185 44.453488245606422 1903.4275696277618 2021.7062557935715 413.96699337661266
leaf_count=1053 3154 4976 472 2460 4517 5532 22794 5001 25415 577 6779 984 190 746 9249 681 2332 61 6161 53 594 17613 4457 255 337 777 122 5126 5698 1102
internal_value=0.0104998 0.00960215 0.028429 0.00698279 -0.00314153 0.0144917 0.00824763 0.00656596 0.00451404 0.00499765 0.0128521 0.0208857 0.0153282 -0.00167476 0.0132164 0.019211 0.021824 0.0428465 0.0108861 -0.0200521 0.00056095 0.0126042 0.0102402 -0.0124448 -0.01071 0.0209505 0.0369426 0.0147044 0.0170613 0.00849321
internal_weight=47535.4 45268.9 2266.49 29477.6 3273.65 15791.3 26203.9 20789.3 15887.5 2209.98 13775.6 1843.55 1369.53 378.579 4901.84 3253.3 990.953 234.207 10522.3 1063.68 213.99 8373.99 1656.95 298.641 553.023 3038.21 474.014 5414.62 3925.13 1489.49
internal_count=139268 133053 6215 90534 12995 42519 77539 62459 48209 7831 37543 5162 4056 1191 14250 8237 2865 533 29306 5164 647 23145 5034 1001 2797 7556 1106 15080 10824 4256
is_linear=0
shrinkage=0.05


Tree=29
num_leaves=31
num_cat=0
split_feature=51 28 28 25 9 35 36 38 6 28 30 15 30 32 21 12 35 21 21 51 13 21 13 23 45 3 55 23 34 6
split_gain=263.608 177.63 117.722 94.1539 68.8341 61.1804 71.6423 59.2137 57.5329 50.9321 47.5793 42.1507 42.3552 41.7841 41.0699 34.6402 34.5729 58.8518 36.4689 36.0533 30.4955 27.9693 27.7071 27.2049 22.9587 20.58 22.4974 17.4607 17.6175 16.8995
threshold=-0.020879999734461304 0.040835000574588783 0.0085050002671778219 0.99994999170303356 1.0000000180025095e-35 1.5000000000000002 0.9199500083923341 1.0000000180025095e-35 0.28453606367111212 0.078154999762773528 0.069694999605417265 0.98855000734329235 0.012325000017881395 1.0000000180025095e-35 25.60999965667725 -0.0083650001324713213 1.5000000000000002 17.340000152587894 20.235000610351566 -0.0029550000326707955 1.7426900267601015 29.279999732971195 0.092665001749992384 69.795001983642592 1.0902499556541445 0.55361703038215648 0.48444999754428869 47.215000152587898 246.50000000000003 0.065158277750015273
decision_type=2 2 2 2 2 2 2 2 2 2 2 2 2 2 2 2 2 2 2 2 2 2 2 2 2 2 2 2 2 2
left_child=10 2 7 4 14 13 -7 27 -6 16 23 22 -13 -5 -4 25 17 20 19 -18 -3 -20 -9 29 -17 26 -11 -2 -29 -1
right_child=1 9 3 5 8 6 -8 11 -10 15 -12 12 -14 -15 -16 24 18 -19 21 -21 -22 -23 -24 -25 -26 -27 -28 28 -30 -31
leaf_value=0.037904334001386146 -0.0087589934181247792 0.0077735546773519681 0.015575312821023339 0.013004472745889057 0.0077893871509665041 0.0047777939986441698 -0.008062583594545928 0.038421381369091484 0.018587416151753394 0.0013045471722699618 0.0035349656876045455 -0.022024396036456586 0.0015827053906764409 0.057943084048621821 0.062951218652645899 0.038646812878146981 0.021644010467091808 0.035437874682425506 0.0013187671876927509 0.011513327789247687 0.038162090750466005 0.046729318523786915 -0.0025034399809963337 0.052635111419465232 0.021278281241418492 0.018936794803627015 0.029213698624885237 0.02752799693048515 -0.051600965225724174 0.0077909730641853997
leaf_weight=275.44547739624977 52.242872267961502 606.05815614759922 3864.6210059076548 1196.6595575734973 14306.924032047391 9039.4054085761309 1234.6889851167798 58.890325807034969 1349.9773602634668 352.34090927243233 85.048469990491867 704.39386315643787 260.18573417514563 54.063240349292755 46.293511763215065 339.8599579334259 988.42087216675282 428.05046643316746 1023.3929153978825 7877.7103806734085 95.577057898044586 35.070407927036285 138.91773607581854 362.05692900717258 432.26292854547501 1993.1108919531107 90.819188073277473 166.98730869591236 7.343520149588584 56.074953615665436
leaf_count=692 172 1677 11030 3449 42683 26978 4894 195 3684 995 240 3770 993 121 105 766 2572 1027 2905 21622 226 80 478 969 1062 5003 233 462 28 157
internal_value=0.00997781 0.0094972 0.00745477 0.00809098 0.0102026 0.00450577 0.0032347 -0.006787 0.00872042 0.0141486 0.0388312 -0.0113449 -0.0156566 0.014947 0.0161361 0.0196947 0.0125389 0.0208269 0.0115955 0.0126427 0.0119131 0.00282337 0.00968047 0.0431594 0.0289233 0.0167699 0.00702412 0.0165964 0.0241948 0.0328108
internal_weight=47522.9 46744.3 32481.6 31092.6 19567.8 11524.8 10274.1 1388.96 15656.9 14262.7 778.626 1162.39 964.58 1250.72 3910.91 3208.39 11054.3 1129.69 9924.59 8866.13 701.635 1058.46 197.808 693.577 772.123 2436.27 443.16 226.574 174.331 331.52
internal_count=139268 137210 99042 92944 57502 35442 31872 6098 46367 38168 2058 5436 4763 3570 11135 8059 30109 2930 27179 24194 1903 2985 673 1818 1828 6231 1228 662 490 849
is_linear=0
shrinkage=0.05


Tree=30
num_leaves=31
num_cat=0
split_feature=37 51 28 36 45 27 35 37 28 37 31 3 16 21 51 3 27 12 35 51 28 33 28 28 21 9 15 3 12 12
split_gain=298.299 214.459 198.411 116.174 253.648 115.871 100.378 105.445 90.0792 85.5002 77.6953 54.3863 53.8726 68.793 51.8464 49.7729 46.927 45.8012 45.0335 41.4004 58.2759 48.0484 35.8777 34.8836 33.4885 60.6105 33.1448 29.4994 27.7785 26.2046
threshold=-0.23104999959468839 -0.020879999734461304 0.041804999113082893 0.88865000009536754 0.91694998741149913 0.015205000061541797 3.5000000000000004 0.52144998311996471 0.016414999961853031 0.81475001573562633 0.041415000334382064 4.9995312690734872 0.99594998359680187 15.010000228881838 -0.014324999880045651 2.1170465946197514 0.014824999962002041 -0.0034449999220669265 23.500000000000004 0.056059999391436584 0.084315001964569106 -1.9335500001907346 0.0082249999977648276 0.073584999889135375 12.719999790191652 2.5000000000000004 1.0075500011444094 0.073759026825428023 -0.39339500665664667 -0.026774999685585495
decision_type=2 2 2 2 2 2 2 2 2 2 2 2 2 2 2 2 2 2 2 2 2 2 2 2 2 2 2 2 2 2
left_child=1 -1 3 6 -5 15 24 8 -8 16 12 19 17 14 -14 -6 23 -3 -9 20 -11 -21 -15 28 25 -2 -26 -12 -4 -13
right_child=2 10 9 4 5 -7 7 18 -10 11 27 29 13 22 -16 -17 -18 -19 -20 21 -22 -23 -24 -25 26 -27 -28 -29 -30 -31
leaf_value=0.059408385062585257 0.027046259511955207 0.024673567371444296 0.025249965761164062 0.0087178480093237365 -0.022880240139160037 0.051977017906795653 0.0023295135591206292 -0.00072926895168637775 0.011148915088655524 0.007737658719297125 -0.00013657791289062247 0.014659744273264755 0.019206245385034307 -0.033113590135690964 -0.012334505692706728 0.044302633633678465 0.027422259796080962 0.14774355871448394 0.0079485170158071061 0.018199939259748405 0.0202644930254346 -0.028621268677334978 0.027677430659116486 0.029946041304249313 0.015476014460550171 0.0044398710788626323 0.0066977725587109016 0.040237910157778688 0.012613345579033243 0.030450969712902783
leaf_weight=405.57366858422756 957.7429293692112 589.02073134481907 507.61036433279514 2115.625237762928 1335.6454706415534 55.862578570842743 4132.0155779123306 6235.6277971416712 9673.0007575899363 6217.3509548902512 49.9730154722929 673.10526806116104 185.17046222090721 25.98077817261219 439.61924465000629 28.149685263633728 1166.8926639854908 7.6581199616193762 1966.5612094700336 86.014916211366653 1091.4015486091375 150.96064476668835 368.77945412695408 403.11311176419258 2163.8774225711823 429.45161598920822 2137.5920379161835 477.84586556255817 3036.0000697076321 430.89716544747353
leaf_count=1076 2517 1631 1270 6258 7115 121 12972 19560 27399 17368 135 1753 474 123 1706 94 2855 17 5917 247 2688 512 999 952 5945 1249 6091 1113 8114 1025
internal_value=0.0094292 0.0260668 0.00848643 0.00628228 -0.00225315 -0.0186025 0.00737179 0.0058414 0.00850916 0.013488 0.0197598 0.0104579 0.0143205 0.00733706 -0.0029867 -0.0214935 0.0186134 0.0262531 0.00135132 0.00894138 0.00960827 -0.0116266 0.0236765 0.016009 0.0132923 0.0200477 0.0111137 0.0364153 0.0144235 0.0208231
internal_weight=47544.1 2549.62 44994.5 31231.2 3535.28 1419.66 27695.9 22007.2 13805 13763.3 2144.05 8649.73 1616.23 1019.55 624.79 1363.8 5113.62 596.679 8202.19 7545.73 7308.75 236.976 394.76 3946.72 5688.66 1387.19 4301.47 527.819 3543.61 1104
internal_count=139296 7274 132022 95238 13588 7330 81650 65848 40371 36784 6198 23593 4950 3302 2180 7209 13191 1648 25477 20815 20056 759 1122 10336 15802 3766 12036 1248 9384 2778
is_linear=0
shrinkage=0.05


Tree=31
num_leaves=31
num_cat=0
split_feature=37 51 28 37 7 31 12 7 31 13 37 28 3 13 28 48 5 5 16 51 21 31 33 37 15 12 13 1 1 3
split_gain=273.934 208.995 181.216 133.642 130.244 79.4408 80.438 77.8434 71.1258 65.2302 63.7181 78.2463 58.2771 53.8114 53.078 52.8386 50.6882 49.9138 48.3736 63.8948 50.8225 42.9187 42.8819 40.1106 39.9932 38.5728 33.8825 31.0907 43.7757 26.993
threshold=-0.23104999959468839 -0.020879999734461304 0.028764999471604828 1.0000000180025095e-35 85.081687927246108 0.021865000016987327 -0.0334549993276596 64.85229873657228 0.041415000334382064 0.3597750067710877 0.81475001573562633 0.078154999762773528 0.018599499948322776 0.76147499680519115 0.054425001144409187 2.6577999591827397 -0.19125207513570783 -1.3578795194625852 0.99594998359680187 -0.014324999880045651 15.010000228881838 0.016734999604523185 0.2380500063300133 0.0057500000111758718 1.0078499913215639 -0.0034449999220669265 0.75023502111434948 0.70976462960243236 0.080558329820632948 0.073759026825428023
decision_type=2 2 2 2 2 2 2 2 2 2 2 2 2 2 2 2 2 2 2 2 2 2 2 2 2 2 2 2 2 2
left_child=1 -1 4 22 5 6 12 17 18 -8 14 26 -2 -9 16 -13 -5 -7 25 24 -21 -6 -4 -16 -20 -3 -12 28 -23 -10
right_child=2 8 3 10 21 7 9 13 29 -11 11 15 -14 -15 23 -17 -18 -19 19 20 -22 27 -24 -25 -26 -27 -28 -29 -30 -31
leaf_value=0.058579551843670502 0.041028747978036711 0.023440188972214338 0.022509904604344148 0.0055565800825789404 -0.047547464634737073 0.0038806676041777421 -0.028628054779934964 -0.00016296736939332094 -0.00012974576198037117 0.0098531231562287904 0.0039201720007455022 0.017428024568045979 0.0029029286506013731 0.012960292655101983 -0.011065643987320592 -0.020745214931547133 0.013752397095936576 0.014819882455447023 0.0455494191902239 -0.011756134585831048 0.015670698281931839 0.0092552523626285351 0.048463279943559451 0.022135928063639211 0.009167348163323057 0.133828278745351 0.010707804277024342 0.026706844310164013 -0.033046984917394787 0.03850405804228528
leaf_weight=391.11350433528423 101.2228160277009 589.01277098059654 381.80203917622566 2593.1565785109997 121.39314416050911 1364.5398634821177 360.9673612639308 3027.9777372330427 49.974258363246918 158.47546103596687 6794.4096407443285 2286.1210830658674 10223.3232755512 1052.7185288220644 95.59582531452179 94.394229710102081 6923.0411459058523 4422.0846030190587 142.11637957394123 438.22156554460526 274.83799546957016 92.139836005866528 272.93065503239632 1878.4670516848564 161.22971525788307 8.0214285850524885 2520.6526369601488 43.440781936049461 181.87475612014532 474.48182387650013
leaf_count=1076 256 1631 931 7334 896 4077 1894 9521 135 473 19893 5767 32038 2965 273 313 18984 12655 323 1706 843 424 599 4674 430 17 6988 159 908 1113
internal_value=0.00896265 0.0249745 0.0080626 0.0110515 0.00469354 0.00526468 0.0023108 0.00851094 0.0188267 -0.0168879 0.0104224 0.00782435 0.00327672 0.00322251 0.0130668 0.0159143 0.011519 0.0122403 0.0136271 0.00699177 -0.00118488 -0.0222615 0.0333288 0.0205281 0.0262122 0.0249233 0.0057569 -0.0125922 -0.0188225 0.0348227
internal_weight=47519.7 2529.01 44990.7 23840.6 21150.2 20711.3 10844 9867.32 2137.9 519.443 23185.8 11695.6 10324.5 4080.7 11490.3 2380.52 9516.2 5786.62 1613.44 1016.41 713.06 438.849 654.733 1974.06 303.346 597.034 9315.06 317.455 274.015 524.456
internal_count=139296 7274 132022 65756 66266 63879 34661 29218 6198 2367 64226 32961 32294 12486 31265 6080 26318 16732 4950 3302 2549 2387 1530 4947 753 1648 26881 1491 1332 1248
is_linear=0
shrinkage=0.05


Tree=32
num_leaves=31
num_cat=0
split_feature=51 28 28 35 35 30 38 23 28 27 30 51 16 52 25 23 7 44 53 49 3 51 50 35 29 45 6 21 30 8
split_gain=212.997 137.457 105.149 78.9995 91.1702 69.8739 67.4604 58.8189 48.2855 40.7263 40.5602 42.4256 37.6787 33.8427 33.0935 30.9749 28.6902 27.8815 28.8665 28.7748 27.1867 25.3627 23.8232 23.2885 18.4305 20.4324 18.2091 22.6538 17.0411 14.5319
threshold=-0.020879999734461304 0.041804999113082893 0.0085050002671778219 3.5000000000000004 23.500000000000004 0.017044999636709694 1.0000000180025095e-35 63.364999771118171 0.082005001604557051 -0.0098049999214708788 0.012325000017881395 -0.0061149999964982263 0.99445000290870678 2.5000000000000004 1.6427499651908877 86.865001678466811 44.678300857543952 -0.00435000006109476 0.84375000000000011 0.12564999610185626 0.27780632674694067 0.034184999763965614 1.0000000180025095e-35 23.500000000000004 0.0071150001604110011 1.740150034427643 0.38284394145011907 10.88499975204468 0.13501000404357913 0.022769808769226078
decision_type=2 2 2 2 2 2 2 2 2 2 2 2 2 2 2 2 2 2 2 2 2 2 2 2 2 2 2 2 2 2
left_child=9 2 6 17 5 -5 24 -6 13 28 12 -12 -8 14 16 21 -3 19 -19 -4 -10 -15 -16 -11 -2 -26 27 -22 29 -1
right_child=1 8 3 4 7 -7 10 -9 20 23 11 -13 -14 15 22 -17 -18 18 -20 -21 26 -23 -24 -25 25 -27 -28 -29 -30 -31
leaf_value=0.036105413162783116 0.030059512112952491 0.019776838519804836 -0.0025158789112832776 0.00076601172195913975 0.014207939062674584 0.0068082462275091378 -0.0065913624830621301 0.0031766904864656991 0.0054932400858961469 0.0060259944318928841 0.040188170742754603 -0.0061963459214149155 -0.028445207464835115 0.013683295562431847 0.00013309792514817374 0.056639970086448367 0.0084177000853823975 0.01036654873150142 -0.0035087069251753472 0.016205754827661189 -0.03710954939309704 -0.0061169408461683216 0.015977693065945649 0.042873295926057348 0.01019516230573897 -0.057080112981737513 0.027482838270233973 0.018130768653676615 -0.023989815067920021 0.052875463784314028
leaf_weight=285.48220053315163 127.97097551822662 708.65746533870697 219.50988098978996 8981.0938366949558 4251.3889687210321 10240.443437106907 363.09683749824762 1688.2490957379341 366.37744683027267 150.7747505158186 60.839042291045189 259.85307774692774 431.76881974190474 5606.4563266187906 1577.3879927545786 41.162372380495071 2578.4831255078316 2704.3173119053245 435.1626160889864 3157.4161952137947 18.755858168005943 166.53571660816669 279.23025622963905 59.924576088786125 84.369988709688187 13.029149174690245 621.82502409815788 1773.5305999964476 9.4686398953199369 235.94174276292324
leaf_count=827 348 1827 640 28270 12198 30403 1591 5231 1027 420 211 992 2517 15065 4477 86 7068 7763 1348 8648 60 484 742 141 252 50 1507 4419 29 655
internal_value=0.00851872 0.00809704 0.00634833 0.00692885 0.00565815 0.00398507 -0.00736578 0.0110725 0.0122999 0.035105 -0.0124065 0.00260334 -0.0184623 0.0108067 0.00785249 0.0134203 0.0108666 0.0118353 0.0084433 0.0149888 0.0181844 0.0131121 0.00251608 0.0165057 0.0175853 0.0011957 0.0201105 0.0175527 0.0424866 0.0436938
internal_weight=47498.5 46756.9 33018.5 31677.6 25161.2 19221.5 1340.93 5939.64 13738.4 741.592 1115.56 320.692 794.866 10957.9 5143.76 5814.15 3287.14 6516.41 3139.48 3376.93 2780.49 5772.99 1856.62 210.699 225.37 97.3991 2414.11 1792.29 530.893 521.424
internal_count=139296 137224 100462 94501 76102 58673 5961 17429 36762 2072 5311 1203 4108 29749 14114 15635 8895 18399 9111 9288 7013 15549 5219 561 650 302 5986 4479 1511 1482
is_linear=0
shrinkage=0.05


Tree=33
num_leaves=31
num_cat=0
split_feature=51 28 28 12 25 9 29 31 7 51 13 22 16 23 40 25 31 40 33 12 6 51 51 12 3 31 16 33 6 9
split_gain=196.924 125.805 88.6916 73.9831 69.3801 62.4622 58.5453 56.8038 56.3491 47.4331 43.6292 42.4318 41.7347 40.0378 36.9035 35.9868 32.7012 31.5236 39.1197 29.3522 28.9798 27.9635 26.7044 25.8824 24.7877 22.8914 22.0814 21.9209 21.1927 19.6598
threshold=-0.020879999734461304 0.014165000058710577 0.082005001604557051 -0.050474999472498887 1.6427499651908877 1.0000000180025095e-35 0.0090649998746812361 0.0019350000075064602 38.217882156372077 -0.0066349999979138366 0.27534000575542456 4.9290499687194833 0.99514999985694896 71.295001983642592 1.0000000180025095e-35 2.4313499927520756 -0.040345000103116029 1.5000000000000002 2.0029000043869023 -0.087765000760555253 0.0074625639244914064 -0.0063549999613314858 -0.0046849998179823151 -0.17977499961853025 0.27780632674694067 0.0037950000260025267 1.1172500252723696 -1.9335500001907346 -0.13938441127538678 5.5000000000000009
decision_type=2 2 2 2 2 2 2 2 2 2 2 2 2 2 2 2 2 2 2 2 2 2 2 2 2 2 2 2 2 2
left_child=13 3 4 8 5 14 9 -7 19 12 -11 20 -5 -1 -3 16 -10 28 -19 22 -8 -21 -2 -17 27 -13 -15 -4 -6 -26
right_child=1 2 24 6 17 7 11 -9 15 10 -12 25 -14 26 -16 23 -18 18 -20 21 -22 -23 -24 -25 29 -27 -28 -29 -30 -31
leaf_value=0.022295331388321474 0.026626807608091014 0.019079912293937112 0.018298996287349652 0.034785990051731677 0.016732995301730582 0.0047662256512806447 0.028841262031014364 0.0098497368242078595 -0.0038601007208299704 -0.029452660998215932 -0.0060058627331716448 0.088737839410407901 -0.0070927746849058408 0.049475424323419323 0.010896197706598292 0.019942042627435888 0.009612009145304197 -0.0015437363504616347 0.022647580438619586 0.0075305943713694437 -0.005534044667500659 -0.049661233126296611 -0.0089868934426683179 -0.040896124082710442 0.021357612070538282 0.024102460795933905 0.0051874114703848112 -0.006218641984133042 0.0053339145811707664 0.0097886998136613723
leaf_weight=370.43817208707333 60.165107294917107 2076.8746231347322 170.89491239190102 72.978101223707199 449.10373109579086 8625.4076330065727 71.181508600711823 15142.835428878665 526.71788434684277 512.68674675375223 323.65404085069895 16.131515488028526 321.89839513599873 329.96683433651924 4091.0598708689213 23.913143992424011 3110.1495999246836 2838.4425420761108 177.5701397806406 29.710329636931419 442.17774196714163 76.161930091679096 420.66178549826145 65.00423090159893 1952.435200586915 90.821754440665245 30.768946573138237 195.41680020093918 4427.2898223102093 452.29867234826088
leaf_count=1000 195 5588 456 269 1204 25132 213 43117 1668 3160 1061 37 1339 987 11535 69 10030 8429 471 118 1463 462 1447 258 4807 267 85 571 12679 1179
internal_value=0.00809352 0.00769094 0.00870144 0.00103523 0.00806894 0.00916841 -0.00732471 0.00800495 0.0046245 -0.0136356 -0.020379 0.00520131 0.000646943 0.0338413 0.0136518 0.00689252 0.00766088 0.0038986 -0.000119453 -0.00977843 -0.000767624 -0.0336118 -0.00453061 -0.0245345 0.017336 0.0338513 0.0456979 0.00521954 0.00638374 0.0191817
internal_weight=47494.8 46763.6 40599.6 6164.01 37828.6 29936.2 1851.53 23768.2 4312.48 1231.22 836.341 620.313 394.876 731.174 6167.93 3725.78 3636.87 7892.41 3016.01 586.699 513.359 105.872 480.827 88.9174 2771.05 106.953 360.736 366.312 4876.39 2404.73
internal_count=139296 137224 115168 22056 108155 85372 7809 68249 14247 5829 4221 1980 1608 2072 17123 12025 11698 22783 8900 2222 1676 580 1642 327 7013 304 1072 1027 13883 5986
is_linear=0
shrinkage=0.05


Tree=34
num_leaves=31
num_cat=0
split_feature=37 51 29 23 35 35 37 13 31 31 9 8 8 16 5 25 51 12 40 21 35 37 14 31 29 1 53 14 1 5
split_gain=250.097 187.867 125.593 141.255 115.069 105.914 99.3961 94.8985 68.4762 63.6406 52.2048 55.4348 49.6511 45.9495 45.5709 74.5302 53.2405 43.1704 43.157 46.2029 42.993 39.6844 32.2879 30.8183 30.6338 27.3997 32.3994 27.3297 23.355 20.6735
threshold=-0.23104999959468839 -0.020879999734461304 0.022654999978840355 83.415000915527358 3.5000000000000004 23.500000000000004 0.033449999988079078 0.17731500416994098 -0.10362499952316283 0.041415000334382064 3.5000000000000004 0.12582129240036014 0.020848095417022709 1.1216500401496889 9.0013084411621112 1.3216499686241152 -0.014324999880045651 -0.12172500044107436 1.5000000000000002 11.989999771118166 18.500000000000004 1.2428500056266787 0.98475000262260448 0.016734999604523185 30.906400680541996 0.27957789599895483 0.71275001764297496 0.32395000755786901 3.3266087770462041 16.031811714172367
decision_type=2 2 2 2 2 2 2 2 2 2 2 2 2 2 2 2 2 2 2 2 2 2 2 2 2 2 2 2 2 2
left_child=1 -1 3 4 18 7 -4 -6 -7 14 11 21 -12 22 15 16 -3 -17 19 -2 -14 -8 -5 -24 -13 -16 -27 -20 -11 -15
right_child=2 9 6 13 5 8 10 -9 -10 28 12 24 20 29 25 17 -18 -19 27 -21 -22 -23 23 -25 -26 26 -28 -29 -30 -31
leaf_value=0.056730078216354354 0.034816239925646315 0.037779536920778595 0.026222384079387769 -0.04873470604200103 -0.0051273616596926672 0.028812729949050271 0.010772454718678725 0.0037204410841596793 0.0079441107756646756 0.035783719593721341 0.015116347284226728 0.01992777825226303 -0.0038770266363826189 0.0065316477348882247 0.035508273848597796 0.018152788058127964 0.0083621725058273932 -0.027000169205944655 -0.019143999713809496 0.013253654425894039 0.0080310332499702337 0.0045799412526500013 -0.042247985840532853 -0.0074507547313850467 -0.064328960067613516 0.02751412680617147 -0.027467387068496996 0.0070094057442934253 -0.0040829624686720585 0.087222762587750191
leaf_weight=356.48503340780735 270.87024810910225 194.17542020976543 873.37325818836689 131.01127474009991 4292.854948438704 438.76491588354111 10860.186496138573 10306.874109275639 3776.1363608688116 479.27609732747078 778.32843264937401 1514.0198686271906 1848.3732343018055 41.791436597704887 285.3520884513855 71.705791905522346 739.81494651734829 202.23494192957878 105.82945470511913 2999.0507765263319 1284.8755554556847 3396.2487829625607 94.491616874933243 194.81868071109056 10.865199744701384 69.948534026741982 43.431054562330246 1779.5817802399397 39.786288738250732 9.7990669012069684
leaf_count=1076 708 463 2165 769 14580 1108 30434 30605 11271 1139 2158 3830 5488 123 702 184 2513 776 338 8308 3619 9598 720 932 42 172 140 5206 109 20
internal_value=0.00768952 0.0231402 0.00683741 0.00441461 0.00494794 0.00313454 0.00971677 0.00111886 0.0101165 0.0175072 0.00898475 0.0102664 0.00381385 -0.0226753 0.0125898 0.00775177 0.014478 -0.0151811 0.0115661 0.0150398 0.0010062 0.00929724 -0.0281414 -0.0188159 0.0193274 0.0272464 0.00645297 0.0055414 0.0327279 0.0218581
internal_weight=47490.4 2482.21 45008.1 24441.9 23970 18814.6 20566.3 14599.7 4214.9 2125.73 19692.9 15781.3 3911.58 471.912 1606.66 1207.93 933.99 273.941 5155.33 3269.92 3133.25 14256.4 420.322 289.31 1524.89 398.732 113.38 1885.41 519.062 51.5905
internal_count=139296 7274 132022 74688 72124 57564 57334 45185 12379 6198 55169 43904 11265 2564 4950 3936 2976 960 14560 9016 9107 40032 2421 1652 3872 1014 312 5544 1248 143
is_linear=0
shrinkage=0.05


Tree=35
num_leaves=31
num_cat=0
split_feature=37 51 28 37 7 31 13 12 23 28 37 25 12 12 31 37 13 6 31 51 36 51 0 12 33 37 28 6 9 37
split_gain=242.241 174.416 152.508 109.493 108.774 76.6356 74.7568 76.695 135.114 51.8508 58.1509 47.7879 57.9133 47.3996 45.3642 40.2043 37.54 37.3622 38.6512 36.2916 38.5106 35.4878 37.8845 35.4456 34.2802 32.2905 60.9394 31.1028 26.9885 25.0701
threshold=-0.23104999959468839 -0.020879999734461304 0.032925000414252288 0.38114999234676367 85.081687927246108 0.040544999763369567 0.81835499405860912 -0.22857499867677686 30.494999885559086 0.0628350004553795 1.2428500056266787 1.1029500365257265 -0.10722500085830687 -0.27622500061988825 0.013084999751299621 -0.55324998497962941 1.0286700129508974 0.0074625639244914064 0.018675000406801704 0.056059999391436584 0.77275002002716076 -0.011365000158548353 0.68463319540023815 -0.0048450001049786797 0.039049999788403518 1.0000000180025095e-35 0.14999500662088397 0.76745095849037182 1.0000000180025095e-35 1.0217500329017641
decision_type=2 2 2 2 2 2 2 2 2 2 2 2 2 2 2 2 2 2 2 2 2 2 2 2 2 2 2 2 2 2
left_child=1 -1 4 24 6 11 7 14 -9 10 13 21 -13 -5 -2 -14 17 18 -6 20 -11 22 -3 -23 28 -26 -27 -21 -4 -8
right_child=2 5 3 9 16 -7 29 8 -10 19 -12 12 15 -15 -16 -17 -18 -19 -20 27 -22 23 -24 -25 25 26 -28 -29 -30 -31
leaf_value=0.055845530358284851 0.004224967963328944 0.03620926831519216 0.025244054749320035 0.01465423702651953 -0.041697992339457347 0.033303988494160046 0.010152578532095207 -0.033117536715155188 0.0018212103823665817 0.012402356600661342 1.9297220985180596e-05 0.023858309600661876 0.0070284860954513183 0.0062598643416294708 0.012630409944797943 -0.025267353942033374 0.029202033474723527 -0.032555313972350113 0.023256223768874248 0.0037560797887204248 0.03184012440412836 0.0096194016157259126 -0.047208735062094553 0.065605777222673314 0.04129012485232323 0.024608638004749404 -0.026843669563532194 -0.036411699566174648 0.011352945651215278 0.032707642276348335
leaf_weight=340.47310572862625 3959.9156399071217 293.6319363117218 452.63305713236332 2229.5189354866743 34.110586181282997 553.46722309291363 3563.21944193542 282.36321626603603 13821.2912555933 4451.5901903510094 2747.008534565568 175.7112779468298 175.31646449863911 6843.5346991270781 2699.4879631400108 213.98368126153946 35.669265352189541 323.87631889432669 69.703717686235905 228.00225147604942 270.28826232254505 671.25399598479271 14.272323876619337 29.513803109526634 250.33661498129368 791.84915354847908 62.057776272296906 61.10991770029068 1536.9651501327753 127.6113086938858
leaf_count=1067 11666 741 1113 6031 265 1325 10030 1356 43542 11536 8113 437 522 19401 7624 843 104 1841 291 660 638 2192 47 92 583 1968 187 218 4052 337
internal_value=0.00736746 0.0226193 0.00652816 0.00978897 0.00392068 0.0173011 0.00437543 0.00320986 0.00112172 0.00819984 0.0063929 0.0116728 3.11179e-05 0.00832261 0.00763224 -0.0107233 -0.0200785 -0.0241885 0.00191402 0.0124621 0.013515 0.018194 0.0323426 0.0119773 0.0184341 0.0254988 0.0208693 -0.00473422 0.0145132 0.0109324
internal_weight=47309.8 2467.62 44842.1 19924.9 24917.2 2127.15 24453.9 20763.1 14103.7 16831.1 11820.1 1573.68 565.011 9073.05 6659.4 389.3 463.36 427.691 103.814 5010.99 4721.88 1008.67 307.904 700.768 3093.84 1104.24 853.907 289.112 1989.6 3690.83
internal_count=138822 7266 131556 54500 77056 6199 74555 64188 44898 46597 33545 4874 1802 25432 19290 1365 2501 2397 556 13052 12174 3072 788 2284 7903 2738 2155 878 5165 10367
is_linear=0
shrinkage=0.05


Tree=36
num_leaves=31
num_cat=0
split_feature=37 51 28 35 35 30 37 37 12 28 21 27 27 21 27 12 21 35 15 37 1 16 7 8 21 34 16 0 16 48
split_gain=222.045 169.9 141.177 97.119 105.116 96.1236 88.3221 76.668 74.6957 57.0391 54.8009 54.2222 51.5119 51.3204 48.9281 42.9638 35.0903 64.4249 51.5462 47.6364 38.5902 31.9804 45.2809 36.9829 31.4598 30.9677 42.972 30.3802 29.8579 29.8417
threshold=-0.23104999959468839 -0.020879999734461304 0.041145000606775291 3.5000000000000004 23.500000000000004 0.018064999952912334 0.18865000456571582 1.0217500329017641 -0.074665002524852739 0.010395000223070385 10.949999809265138 0.015594999771565201 0.025755000300705436 12.234999656677248 0.14999500662088397 -0.8869500160217284 12.795000076293947 1.0000000180025095e-35 1.0078499913215639 0.37285000085830694 0.05105897784233094 0.99594998359680187 76.394062042236342 0.0040370821952819833 15.490000247955324 191.50000000000003 1.0134499669075014 0.01151105295866728 1.0382500290870669 0.18235000222921374
decision_type=2 2 2 2 2 2 2 2 2 2 2 2 2 2 2 2 2 2 2 2 2 2 2 2 2 2 2 2 2 2
left_child=1 -1 3 16 5 8 -7 11 -5 21 -6 -4 -9 -12 15 -14 17 18 -2 -19 27 22 -3 -24 -22 29 -27 -18 -11 -23
right_child=2 9 7 4 10 6 -8 12 -10 28 13 -13 14 -15 -16 -17 20 19 -20 -21 24 25 23 -25 -26 26 -28 -29 -30 -31
leaf_value=0.055170141639507057 -0.018902947144453543 0.0058001105388189511 0.011463971523305999 -0.00028444173307032712 -0.049710964739271654 0.014281097299714419 0.0021791303287261566 0.0017861739256832731 -0.011388477041203528 0.016831826738118425 0.0224836047049949 0.021495061775305691 -0.042893875719797928 0.0074785850256735356 -0.017577049643743028 0.012183427099207602 0.046175279928012104 0.034522804024125213 0.014405499736504701 0.013708269729787045 0.0078114363311926607 -0.027067318106011359 0.10941684336171209 -0.00085317161215685798 -0.0038810217833566713 -0.016794846886319881 0.049076483301869499 0.011328756029373131 0.03202456992621807 0.013955158966523771
leaf_weight=327.73242154717445 194.56793411076069 115.09225024282932 5290.1003714948893 7076.6831188425422 39.847226560115814 1868.9888702630997 7797.8993927165866 3066.0199596136808 1926.9024397283792 1191.3170914798975 640.07791630923748 1807.444703117013 35.757844001054764 5193.4264016598463 149.10362438857555 3615.4940127432346 64.341887556016445 489.84927616268396 288.20126117765903 626.3761079236865 1478.9833346456289 178.62465168535709 22.20091412961483 11.564497113227842 941.51190914213657 49.140842646360397 49.900849372148514 2243.0730496048927 443.88502015173435 58.967169612646103
leaf_count=1067 640 397 14068 21875 147 5263 23655 8700 7621 3241 1826 4581 122 15526 500 9541 153 1304 800 1741 4335 817 63 45 2875 217 145 6283 1061 213
internal_value=0.00700342 0.0216657 0.00620271 0.0043157 0.00289182 0.00105656 0.00451892 0.0103744 -0.00266087 0.0164879 0.00872583 0.0140185 0.0066077 0.009125 0.0104976 0.011644 0.00983932 0.0162423 0.000981371 0.0228426 0.00767383 0.00143872 0.0207368 0.0716499 0.00326336 -0.0070948 0.0163936 0.0123004 0.020956 -0.0168861
internal_weight=47283.1 2448.43 44834.7 30870.7 24543.8 18670.5 9666.89 13963.9 9003.59 2120.69 5873.35 7097.55 6866.38 5833.5 3800.36 3651.25 6326.9 1598.99 482.769 1116.23 4727.91 485.491 148.858 33.7654 2420.5 336.634 99.0417 2307.41 1635.2 237.592
internal_count=138822 7266 131556 94044 75913 58414 28918 37512 29496 6199 17499 18649 18863 17352 10163 9663 18131 4485 1440 3045 13646 1897 505 108 7210 1392 362 6436 4302 1030
is_linear=0
shrinkage=0.05


Tree=37
num_leaves=31
num_cat=0
split_feature=37 28 28 37 36 45 5 3 27 28 37 35 35 31 37 23 13 25 35 21 25 5 3 16 1 21 35 16 12 31
split_gain=203.46 133.966 112.104 112 87.7094 165.069 86.3972 72.2771 67.9952 67.3183 63.5938 63.1438 63.921 54.8103 51.2344 66.9552 49.2207 47.7727 47.0129 43.0574 41.8903 59.9868 38.0249 35.6439 34.9728 34.4727 32.2746 31.7354 30.9617 30.8918
threshold=-0.23104999959468839 0.022045000456273559 0.016095000319182876 0.24135000258684161 0.88865000009536754 0.85164999961853038 -3.3537173271179195 1.0646110177040102 -0.0067649998236447564 0.055674999952316291 0.72734999656677257 5.0000000000000009 14.500000000000002 -0.020885000005364415 1.2428500056266787 62.274999618530281 0.14981999993324283 0.99994999170303356 1.5000000000000002 26.694999694824222 1.1121500134468081 6.5111637115478525 0.073759026825428023 0.94655001163482677 0.34460964798927313 13.215000152587892 22.500000000000004 1.138950049877167 -0.095224998891353593 0.039574999362230308
decision_type=2 2 2 2 2 2 2 2 2 2 2 2 2 2 2 2 2 2 2 2 2 2 2 2 2 2 2 2 2 2
left_child=2 4 6 8 11 -6 -1 -4 26 10 17 13 22 23 19 -16 -14 -5 -12 -11 -8 29 -13 -2 -23 -15 -3 -10 -9 -22
right_child=1 3 7 9 5 -7 20 28 27 14 18 12 16 25 15 -17 -18 -19 -20 -21 21 24 -24 -25 -26 -27 -28 -29 -30 -31
leaf_value=0.038186305125705651 0.0078494235275892218 0.0059755946023677797 0.019552207128704133 0.010522586606701134 0.0064195521144541599 -0.021295708129567714 0.01186392421046749 0.026308517942514598 0.025788854111702592 0.014197267720000252 0.011669089204111449 0.034139936327577169 -0.0034593009974544352 0.023455413064291795 -0.001416568223178585 0.012293401461626021 0.007028004709152884 0.0039746509462957524 0.00054432979936694164 0.043034884591050704 -0.032726421323264664 0.024456346343683499 -0.0055550138699555383 -0.014035306791848471 -0.044891177800523124 0.0097379245971203326 0.02011621032649534 0.0089688335365817589 0.052006350920149748 0.026246435390525309
leaf_weight=232.23795886337757 430.21343660354614 1612.6839591562748 573.60681949555874 6208.6890770196915 1071.0860420465469 1077.8894752189517 679.22142195701599 164.21270579099655 1487.9828905761242 3105.0505831390619 1082.8520404845476 61.650275826454163 1497.4677035659552 667.5152582526207 1487.3654194772243 2219.3171068429947 4424.6716420352459 5052.2711547613144 7721.7979003340006 135.07101838290691 192.35667500644922 132.22395060956478 2818.2499601095915 327.8363124281168 21.078925415873528 1459.1988636553288 538.17978128790855 345.56017681956291 409.5170259475708 25.104602515697479
leaf_count=607 1232 4399 1530 17274 3234 6413 2226 423 3691 8023 2985 164 4821 1747 4206 5781 13168 14491 23193 298 798 360 8967 1031 76 4144 1372 922 1181 65
internal_value=0.00665647 0.00589277 0.0207489 0.00771883 0.0018018 -0.00748195 0.0105892 0.032103 0.0155445 0.00656452 0.00509586 0.0035089 0.00140487 0.00992874 0.0108067 0.00679206 0.00437619 0.00758483 0.00191252 0.0153994 0.00448525 -0.00903211 -0.00470526 -0.00161514 0.0149212 0.0140435 0.0095138 0.0226189 0.0446511 -0.0259184
internal_weight=47262.2 44832.6 2429.56 30996.8 13835.8 2148.98 1282.22 1147.34 3984.41 27012.4 20065.6 11686.8 8802.04 2884.76 6946.8 3706.68 5922.14 11261 8804.65 3240.12 1049.99 370.764 2879.9 758.05 153.303 2126.71 2150.86 1833.54 573.73 217.461
internal_count=138822 131556 7266 86635 44921 9647 4132 3134 10384 76251 57943 35274 27120 8154 18308 9987 17989 31765 26178 8321 3525 1299 9131 2263 436 5891 5771 4613 1604 863
is_linear=0
shrinkage=0.05


Tree=38
num_leaves=31
num_cat=0
split_feature=37 51 28 37 23 13 24 23 31 27 3 35 28 37 5 25 24 6 37 31 6 51 51 0 6 24 24 30 36 37
split_gain=186.155 164.216 121.684 92.5815 89.7636 66.9095 67.5714 118.056 64.0837 47.1819 47.6238 45.5048 51.4114 51.9825 40.4092 39.0499 49.7648 38.1121 37.1304 34.1524 37.3038 33.7982 32.1315 35.1356 31.3618 31.228 31.2074 29.994 28.6276 23.9483
threshold=-0.23104999959468839 -0.020879999734461304 0.032925000414252288 0.38114999234676367 85.665000915527358 0.81835499405860912 -0.22857499867677686 30.494999885559086 0.040544999763369567 -0.0084649999625980837 0.80971229076385509 1.5000000000000002 0.0628350004553795 1.2428500056266787 -0.26712395250797266 1.1029500365257265 -0.12172500044107436 1.0000000180025095e-35 -0.55324998497962941 0.011055000126361849 0.0074625639244914064 0.056059999391436584 -0.011365000158548353 0.68463319540023815 0.46974763274192816 -0.058894999325275414 -0.0048450001049786797 0.01059499988332391 0.99994999170303356 1.0217500329017641
decision_type=2 2 2 2 2 2 2 2 2 2 2 2 2 2 2 2 2 2 2 2 2 2 2 2 2 2 2 2 2 2
left_child=1 -1 4 9 5 6 14 -8 15 -4 -11 17 13 -13 -2 22 -17 -5 -18 -6 25 -14 23 -3 -22 -21 -24 -19 -12 -7
right_child=2 8 3 11 19 29 7 -9 -10 10 28 12 21 -15 -16 16 18 27 -20 20 24 -23 26 -25 -26 -27 -28 -29 -30 -31
leaf_value=0.054069966370597071 0.00062000267136645606 0.033027822740087913 0.0099557135739413785 0.022576670180573171 -0.054257468989752658 0.0091005497834035897 -0.031707396845849507 0.0012559141715171856 0.029706313462479719 0.01313604929724199 0.02722395271020929 0.0061605023400697545 0.011696266980165173 -0.0022114768145669729 0.0092012704116455884 0.023125637593942011 0.0065043163319516376 -0.0073057807738817569 -0.023983903750085366 -0.015927643283672129 -0.025990983985703806 -0.0068512751355485849 0.0075342895774838771 -0.047352633221889089 0.052812143591187855 0.044387891263616294 0.059465493763145229 0.013032653906616272 0.056881916795743476 0.031047634039855273
leaf_weight=306.23405629396439 1931.1242635399103 288.90993937849998 1455.3282568901777 815.5769954174757 60.197096653282642 3573.3387309014797 277.05945382267237 13843.127718143165 541.67610947787762 751.28027567267418 779.08469092845917 8124.4427359551191 4257.353142619133 2402.4027824103832 4737.2800055295229 156.06971834599972 183.02143687009811 243.03203324973583 219.78773561120033 41.54880578815937 272.74428702145815 260.65619538724422 672.18975929915905 14.266564771533011 13.238498851656912 44.383822470903397 30.230576381087303 713.38163754343987 90.854379519820213 128.77673365175724
leaf_count=1067 5724 741 3845 2064 534 10045 1356 43618 1325 1951 1917 22924 11034 7165 13570 388 546 708 868 216 1433 802 2192 47 30 192 92 1900 190 338
internal_value=0.00632838 0.0198584 0.00560008 0.00851626 0.00327239 0.00367098 0.0025681 0.000609124 0.0148841 0.016491 0.0223576 0.00705732 0.00616471 0.00424988 0.00671619 0.0097521 -0.000844059 0.0146359 -0.0101312 -0.019318 -0.0136628 0.0106262 0.0156411 0.0292454 -0.0223431 0.0152251 0.00976929 0.0078645 0.0303214 0.00986397
internal_weight=47228.6 2412.39 44816.2 19893.4 24922.8 24490.7 20788.6 14120.2 2106.15 3076.55 1621.22 16816.8 15044.9 10526.8 6668.4 1564.48 558.879 1771.99 402.809 432.113 371.915 4518.01 1005.6 303.177 285.983 85.9326 702.42 956.414 869.939 3702.12
internal_count=138822 7266 131556 54500 77056 74651 64268 44974 6199 7903 4058 46597 41925 30089 19294 4874 1802 4672 1414 2405 1871 11836 3072 788 1463 408 2284 2608 2107 10383
is_linear=0
shrinkage=0.05


Tree=39
num_leaves=31
num_cat=0
split_feature=37 51 13 12 44 13 37 27 21 53 40 16 31 9 37 51 27 21 39 27 37 55 44 29 27 34 8 21 2 25
split_gain=172.335 114.591 96.7327 124.65 72.3355 63.1103 91.2939 90.2467 61.9928 58.5546 49.164 47.7731 44.1822 42.524 41.065 53.543 37.4706 37.1572 36.7312 36.1645 35.3719 33.7389 32.2831 27.6993 27.3327 42.3263 46.8818 24.4023 22.6722 20.8851
threshold=-0.4959499984979629 -0.016400000080466267 0.73970001935958873 -0.28833499550819391 -0.052449999377131455 0.10249499976634981 0.1389499977231026 -0.0008150000066962092 19.045000076293949 0.35674999654293066 1.0000000180025095e-35 0.98254999518394481 -0.01531499996781349 1.5000000000000002 1.0000000180025095e-35 0.056059999391436584 0.049204999580979354 17.770000457763675 0.25524999201297766 0.025755000300705436 0.26635000109672552 -0.091250002384185777 0.002549999975599349 0.018535000272095207 -0.009945000056177376 66.500000000000014 0.012417852878570558 29.279999732971195 0.82617905735969555 2.5659500360488896
decision_type=2 2 2 2 2 2 2 2 2 2 2 2 2 2 2 2 2 2 2 2 2 2 2 2 2 2 2 2 2 2
left_child=1 24 3 4 8 9 7 -7 10 22 -2 -11 27 -10 18 16 17 -16 -4 -8 -14 -17 -5 -3 -1 26 -26 -6 -18 -23
right_child=2 23 14 5 12 6 19 -9 13 11 -12 -13 20 -15 15 21 28 -19 -20 -21 -22 29 -24 -25 25 -27 -28 -29 -30 -31
leaf_value=0.054763260830063415 0.022233138801436694 0.0063067553800076285 0.015886268602206276 0.00055132072217296965 -0.0033344076310692682 0.0075447278457688926 0.0014408028141641696 0.030030134511469204 -0.0086039566425577425 0.00098635721978843158 0.010318781326151091 -0.012480995355855432 0.018181929334127732 0.013191839816648454 0.0077616412208289798 -0.033451911307961955 0.011128302577733885 0.017400145084350078 0.046446963458061319 0.0088534284406410115 0.0051232681259271093 -0.0087914697128475341 0.021195577637346717 0.027328537399591193 0.038288562768166966 0.04571906381418727 -0.067204997452436702 0.059736665512638856 0.033576251922694221 0.024790426451374931
leaf_weight=283.14312644302845 1945.530801281333 489.12006033957005 453.31704652309418 518.45738831907511 1353.8391173034906 2886.891008451581 17313.596037372947 527.83071678131819 451.93792745471001 1089.6938728541136 1560.2408467233181 1664.1635771989822 688.49088241159916 443.28104054927826 8869.5094839036465 109.39253935217857 203.73225033283234 1126.9679195731878 125.55332034826279 1818.2226878851652 2101.0322899073362 174.87723626196384 298.34704226255417 230.56758898496628 21.187542304396629 98.677920699119568 20.940129786729813 15.511640191078184 251.13129881024361 62.96929307281971
leaf_count=980 5046 1451 1183 1597 4006 9126 52102 1350 1330 3519 4322 7124 1829 1188 24592 364 524 2930 294 4901 6011 529 832 558 53 232 75 32 578 164
internal_value=0.00601618 0.025189 0.00554007 0.0042275 0.0094638 0.00251131 0.00348943 0.0110204 0.0139319 -0.0036649 0.0169307 -0.007152 0.00473556 0.00218856 0.00954062 0.00884513 0.00948688 0.00884825 0.0225147 0.00214527 0.00834632 -0.0104705 0.00809187 0.0130415 0.0458104 0.0278073 -0.0141484 -0.00261996 0.0235219 9.9256e-05
internal_weight=47198.2 1143.64 46054.5 34677.1 8559.86 26117.2 22546.5 3414.72 4400.99 3570.66 3505.77 2753.86 4158.87 895.219 11377.5 10798.6 10451.3 9996.48 578.87 19131.8 2789.52 347.239 816.804 719.688 423.949 140.806 42.1277 1369.35 454.864 237.847
internal_count=138822 3349 135473 104315 23764 80551 67479 10476 11886 13072 9368 10643 11878 2518 31158 29681 28624 27522 1477 57003 7840 1057 2429 2009 1340 360 128 4038 1102 693
is_linear=0
shrinkage=0.05


Tree=40
num_leaves=31
num_cat=0
split_feature=28 13 40 40 35 35 30 33 31 9 54 44 48 49 13 29 5 40 16 1 7 31 49 44 24 44 40 28 29 33
split_gain=96.0843 76.8968 73.8094 130.405 91.3478 116.749 70.0193 42.7721 43.5366 42.7619 40.6571 35.0094 34.7573 45.0865 32.7654 32.1905 31.3946 29.2859 30.6319 41.6684 27.8614 27.7657 34.5105 27.3355 26.1275 24.7146 24.7045 29.3472 29.1592 26.4043
threshold=0.0085050002671778219 0.99126499891281139 1.5000000000000002 2.5000000000000004 3.5000000000000004 22.500000000000004 0.014204999897629024 0.18384999781847003 0.012395000085234644 1.0000000180025095e-35 0.97034999728202831 0.1698499992489815 0.15734999626874926 0.71459999680519115 0.038334999233484275 0.0093350000679492968 33.037542343139656 1.0000000180025095e-35 1.0012499690055849 0.06154346093535424 19.513000488281254 0.018675000406801704 0.82150000333786022 0.72185000777244579 -0.0334549993276596 -0.072850000113248811 1.0000000180025095e-35 0.0097349998541176336 -0.00474499980919063 -0.71215000748634327
decision_type=2 2 2 2 2 2 2 2 2 2 2 2 2 2 2 2 2 2 2 2 2 2 2 2 2 2 2 2 2 2
left_child=12 2 4 7 11 6 -6 8 -4 -7 16 20 15 -14 -15 17 -5 18 19 -1 -2 -19 -23 -12 -16 -20 28 -28 -3 -30
right_child=1 26 3 10 5 9 -8 -9 -10 -11 23 -13 13 14 24 -17 -18 21 25 -21 -22 22 -24 -25 -26 -27 27 -29 29 -31
leaf_value=-0.024664946744850244 -0.030143760716213133 -0.0015168716401536199 -0.007725205973066209 -0.00068507805082917755 -0.0016862309834678357 0.017510349441453701 0.0057376885898153237 0.0033319278909585055 0.00065728534850458052 0.0082624763759124708 0.015392038201375944 0.0049960269620912788 0.03967843923458661 -0.03781608717264362 0.0056393334197689035 0.0077778581068652991 0.022749217699062768 -0.037685692127699962 0.059471272938320677 0.044594665692308695 0.015413025654595619 -0.01315009549237596 0.11899251454932669 -0.042270936742355686 -0.01898419102167791 -0.038260499659732793 -0.061664591523269356 0.0094038205175771758 0.0023535474894782124 0.022291619378819426
leaf_weight=37.233118705451488 33.852028869092464 195.86915545165539 2778.4568122029305 906.667041875422 5515.3308826982975 1790.2562780305743 7488.3375133797526 4507.2004341930151 3500.5285837873816 4142.2365314885974 2196.7407286912203 1117.9441414549947 65.18335860222578 64.313601478934288 451.10342742502689 115.40065027028322 169.66396474838257 262.92861250042915 7.2019737511873236 52.109291985630989 3905.0562449544668 83.238996364176273 5.2526834830641738 20.747026845812798 141.52964633703232 63.539749883115292 14.559558764100073 6348.3529487401247 196.4230775386095 1073.9905820190907
leaf_count=166 119 555 8974 2701 17078 4890 21826 13273 10658 12022 6034 3136 203 364 1619 403 443 1587 26 236 10562 369 18 71 750 378 56 17291 546 2745
internal_value=0.00569003 0.00607656 0.00514854 0.00227473 0.006835 0.0052407 0.00258893 -0.000384347 -0.00305197 0.0110532 0.0109824 0.0128051 -0.00746205 1.57617e-05 -0.00391964 -0.0160757 0.00300891 -0.0214573 -0.00373122 0.015731 0.0150215 -0.0295322 -0.00530638 0.0148525 -0.000241133 -0.0283108 0.0105895 0.0092412 0.0164403 0.0192089
internal_weight=47251.2 45902.2 38073 14080 23993 18936.2 13003.7 10786.2 6278.99 5932.49 3293.82 5056.85 1349.04 722.13 656.947 626.905 1076.33 511.504 160.084 89.3424 3938.91 351.42 88.4917 2217.49 592.633 70.7417 7829.2 6362.91 1466.28 1270.41
internal_count=139099 132980 111787 42154 69633 55816 38904 32905 19632 16912 9249 13817 6119 2936 2733 3183 3144 2780 806 402 10681 1974 387 6105 2369 404 21193 17347 3846 3291
is_linear=0
shrinkage=0.05


Tree=41
num_leaves=31
num_cat=0
split_feature=37 51 28 28 33 37 13 7 7 37 33 27 21 46 30 21 27 37 37 51 30 13 27 8 48 40 8 15 40 28
split_gain=188.871 191.524 100.063 97.0467 78.9083 66.1212 63.3799 56.3064 51.3773 49.5816 77.6108 47.4965 43.989 50.0942 43.043 39.3464 34.7268 42.6154 34.9757 34.4258 33.7321 33.3471 32.8883 30.1489 36.3652 35.5615 29.1748 25.9073 24.3404 39.112
threshold=1.0000000180025095e-35 -0.020879999734461304 0.0090049998834729212 0.041804999113082893 0.20365000516176227 1.2606999874114992 0.83155000209808361 78.985507965087905 52.397115707397468 0.59904998540878307 0.10184999927878381 0.037544999271631248 26.739999771118168 1.0000000180025095e-35 0.017044999636709694 12.719999790191652 0.020595000125467781 0.0057500000111758718 0.63244998455047619 -0.016400000080466267 0.0092349997721612471 6.7517299652099618 0.012194999959319832 0.014385879039764406 16.250149726867679 1.0000000180025095e-35 0.031037807464599613 1.0253500342369082 1.0000000180025095e-35 0.0097349998541176336
decision_type=2 2 2 2 2 2 2 2 2 2 2 2 2 2 2 2 2 2 2 2 2 2 2 2 2 2 2 2 2 2
left_child=1 -1 23 6 14 12 7 9 -7 10 -2 -10 16 -14 19 -8 18 -18 -5 -4 27 -13 -6 24 25 -3 -11 -9 -17 -30
right_child=3 2 4 5 22 8 15 20 11 26 -12 21 13 -15 -16 28 17 -19 -20 -21 -22 -23 -24 -25 -26 -27 -28 -29 29 -31
leaf_value=0.053092537366124473 0.00093557097729280152 0.0049992680304215206 0.034648848603470936 0.012666222885184115 0.022355430696719025 -0.0075476029342999157 0.015873176533904812 -0.0422537325485179 0.0011436743922868078 0.0011717085598079646 0.0081133504162561217 0.013407169226342311 0.044679251367747509 -0.014220616834213724 0.018195815853913277 0.013064552411854649 -0.01629871396538542 0.018161997982245767 0.0051414090433411063 0.0040775946685689323 -0.0075068625388343569 -0.028796588160666936 0.043701094950137985 0.020177916285417083 0.063778576564950909 -0.021682919412321439 -0.0052240345183411007 0.11875812412209752 -0.050107478915015026 0.0039134525010566653
leaf_weight=305.98557545244694 9708.3015356808901 192.20131239295006 97.949455976486206 2663.3152846992016 677.2390009984374 892.70047456026077 1178.3929915130138 100.47078639268875 2353.4840007275343 4858.7926299348474 6152.7782215029001 1614.2798635214567 176.10071597993374 45.4074567258358 1262.2460975795984 812.84553468227386 94.893860533833504 1643.372538626194 3675.1718921363354 1538.5473131909966 665.7920218333602 48.202980816364288 245.99930547177792 95.7798832654953 16.154227450489998 356.49479251354933 2816.7363228201866 2.5620156824588767 33.895679965615273 2916.4212506711483
leaf_count=1110 29921 858 240 6917 1745 2618 3190 844 6644 14884 17809 4161 386 134 3354 2213 275 4206 10112 4941 2361 173 594 282 34 1883 8759 7 128 8316
internal_value=0.00540629 0.0148196 0.012207 0.00434452 0.0153128 0.00790199 0.00273809 0.00168859 0.00330206 0.00212353 0.00371995 0.00571381 0.010623 0.0326052 0.0112583 0.00790017 0.0100201 0.0162808 0.0083032 0.00590738 -0.0116269 0.0121835 0.028043 -0.00576124 -0.0101597 -0.0123365 -0.00117538 -0.03825 0.00540352 0.00329282
internal_weight=47242.5 4788.6 4482.61 42453.9 3821.98 13206.9 29247 24305.4 4908.67 23536.6 15861.1 4015.97 8298.26 221.508 2898.74 4941.56 8076.75 1738.27 6338.49 1636.5 768.825 1662.48 923.238 660.63 564.85 548.696 7675.53 103.033 3763.16 2950.32
internal_count=139099 15041 13931 124058 10874 35626 88432 74585 13596 71373 47730 10978 22030 520 8535 13847 21510 4481 17029 5181 3212 4334 2339 3057 2775 2741 23643 851 10657 8444
is_linear=0
shrinkage=0.05


Tree=42
num_leaves=31
num_cat=0
split_feature=37 51 28 28 33 37 16 36 45 51 53 35 44 28 37 7 30 27 37 16 35 34 12 7 23 27 5 30 40 51
split_gain=172.295 183.892 92.5555 90.5612 72.4266 60.234 71.2016 55.1492 99.5231 68.9121 79.9762 51.387 51.3144 46.5204 54.2305 39.1888 39.0816 38.9239 44.4675 38.3836 37.1737 47.7022 38.4234 33.4193 32.418 31.6339 30.6347 32.1817 39.9561 29.1144
threshold=1.0000000180025095e-35 -0.020879999734461304 0.022045000456273559 0.0090049998834729212 0.20365000516176227 0.59364998340606701 1.1789500117301943 0.88865000009536754 0.86024999618530285 0.00048499999684281653 0.64204999804496776 5.0000000000000009 -0.019049999304115769 0.042135000228881843 1.2606999874114992 62.456748962402351 0.017044999636709694 -0.0015150000108405946 0.0057500000111758718 1.1057500243186953 14.500000000000002 71.500000000000014 -0.31264500319957728 43.40327453613282 80.594997406005874 0.012194999959319832 -7.3480648994445792 0.01465500006452203 1.5000000000000002 0.034184999763965614
decision_type=2 2 2 2 2 2 2 2 2 2 2 2 2 2 2 2 2 2 2 2 2 2 2 2 2 2 2 2 2 2
left_child=1 -1 7 26 16 12 13 11 -9 10 -10 23 -4 15 -15 -7 24 19 -19 -14 22 -22 -13 -2 -5 -6 -3 28 -28 -8
right_child=2 3 5 4 25 6 29 8 9 -11 -12 20 17 14 -16 -17 -18 18 -20 -21 21 -23 -24 -25 -26 -27 27 -29 -30 -31
leaf_value=0.052406725931267266 -0.0036419094994761905 0.03285553668285128 0.011746621700126917 0.008425658353359549 0.021289922987639983 0.0023046249399106783 0.01464554392818484 0.002446151896878173 0.034858161654263434 -0.041117880947724672 -0.020242293154730341 0.0085813070494525131 -0.0010356939652394167 0.0088369545515451873 0.00084656691678269358 -0.0054734768579787051 0.017334120048219326 -0.029647647842750219 0.011603068042583009 0.0095572895314240888 0.0069583658470638299 -0.0024035363310937821 -0.007688539528323878 0.010549293221243386 -0.012011116528236587 0.04238769106396259 -0.0025495561025106633 0.012456171574990715 -0.032176529079528192 -0.0044528109833801115
leaf_weight=294.77522861212492 513.58439914882183 48.23883168399334 5804.1334974616766 1410.8403674811125 675.61838087439537 4882.4870198369026 1825.5612349063158 963.00634449720383 82.336710043251514 287.56415372341871 328.99326732754707 433.81563213467598 2759.3553880602121 4612.7376232892275 3934.9278380423784 2423.0812274217606 1258.8327558785677 67.292257577180862 2241.6221335977316 1239.2138078957796 2671.0937146618962 2773.474526271224 2219.4263051152229 2158.1221279352903 224.98945486545563 241.06743630766869 274.65922954678535 140.47915810346603 194.31235867738724 224.04178920388222
leaf_count=1110 1544 138 15644 4219 1745 14593 4747 2927 469 1967 1870 1274 7946 12442 11054 7511 3354 206 6122 3334 7969 8625 7127 6025 962 594 1350 483 1086 662
internal_value=0.00513998 0.0141563 0.00412805 0.0116334 0.0145901 0.00563067 0.00378834 0.000500124 -0.00797752 -0.0223403 -0.00921273 0.00180835 0.0083539 0.00265456 0.00515857 -0.000275184 0.0107113 0.00523193 0.0104008 0.00224722 -0.000175497 0.00218939 -0.00502835 0.00782131 0.00561482 0.0268382 -0.00550079 -0.00853674 -0.0148251 0.0125579
internal_weight=47209.7 4763.81 42445.9 4469.04 3811.35 30014.5 17902.8 12431.4 1661.9 698.894 411.33 10769.5 12111.6 15853.2 8547.67 7305.57 2894.66 6307.48 2308.91 3998.57 8097.81 5444.57 2653.24 2671.71 1635.83 916.686 657.69 609.451 468.972 2049.6
internal_count=139099 15041 124058 13931 10874 84261 51009 39797 7233 4306 2339 32564 33252 45600 23496 22104 8535 17608 6328 11280 24995 16594 8401 7569 5181 2339 3057 2919 2436 5409
is_linear=0
shrinkage=0.05


Tree=43
num_leaves=31
num_cat=0
split_feature=51 28 36 45 51 0 31 35 21 21 52 9 15 8 34 27 16 34 8 23 22 21 12 30 8 8 15 31 5 16
split_gain=133.362 87.6471 60.8553 73.3352 109.932 60.4143 44.9697 50.863 56.6776 44.1539 48.7958 40.2492 50.5968 40.3155 38.759 35.2298 34.7513 59.7604 33.9483 26.4967 25.3495 23.9546 20.6008 20.2378 19.842 34.5781 22.9932 20.4813 19.2937 18.1126
threshold=-0.015275000128895043 0.021885000169277195 0.88865000009536754 0.78974997997283947 -0.00061499999719671894 0.48286835849285131 -0.054534999653697007 5.0000000000000009 15.675000190734865 29.279999732971195 2.5000000000000004 5.5000000000000009 1.0851500034332278 0.012762665748596193 71.500000000000014 -0.010894999839365481 1.1216500401496889 8.5000000000000018 0.052719950675964362 73.735000610351577 1.0492500066757204 13.590000152587892 -0.16897500306367871 0.051994999870657928 0.014385879039764406 0.02118855714797974 0.99685001373291027 -0.074194997549056993 -3.1564390659332271 0.96215000748634349
decision_type=2 2 2 2 2 2 2 2 2 2 2 2 2 2 2 2 2 2 2 2 2 2 2 2 2 2 2 2 2 2
left_child=15 2 6 -4 5 -5 14 21 -9 10 11 12 -3 -13 22 19 17 -12 -6 23 -18 -8 -2 -1 26 28 27 -17 -26 -16
right_child=1 9 3 4 18 -7 7 8 -10 -11 16 13 -14 -15 29 24 20 -19 -20 -21 -22 -23 -24 -25 25 -27 -28 -29 -30 -31
leaf_value=0.024903577986362446 0.012492097560106531 0.0030104248398803084 0.0045514993640988297 0.00036566319390308593 -0.035715709584127099 -0.032621724098996351 0.016782192485137497 -0.00050113095537598516 0.0092536079237395385 0.030979428302924363 -0.0025791905565702676 0.0061811791339186177 0.011208958620094724 -0.0070944934889939307 -0.0089187607420560915 0.031844226718662383 -0.0026525117889716421 0.0076378136704053946 0.088885296416150228 0.040976022730521804 0.013610959133461283 0.0066126071926621193 -0.0042772527485142962 -0.0093563476673572173 0.033639916497058199 0.012733683208645326 0.030399980394862094 -0.010817400681135297 -0.034173156017920078 -0.028598738381816553
leaf_weight=311.08613466471434 342.7041409611702 8501.6218145936728 1047.3009954541922 966.69600310176611 423.37462563067675 162.06780441850424 867.24964718520641 5939.6834528371692 1987.3065499961376 175.00030007958412 1613.4390974193811 900.85777968168259 2416.8588914573193 1565.9502724260092 760.24234679341316 42.954033613204956 261.10798837244511 12672.589613392949 5.5380707383155814 264.94028237462044 2908.3974017351866 1742.5427758693695 393.3536648452282 50.038896769285202 12.365772113204001 309.25880624353886 239.13075418025255 81.537650316953659 69.104742154479027 138.16299496591091
leaf_count=899 977 24090 3153 4805 2862 724 2325 18433 5839 419 4719 2537 6406 4645 2377 103 744 35533 11 977 7709 4982 1216 147 30 852 643 242 235 465
internal_value=0.004887 0.00442541 0.00125619 -0.00567971 -0.0125587 -0.00437066 0.00274066 0.00393766 0.00194439 0.00593526 0.00579316 0.00352198 0.00482521 -0.00224633 -0.004976 0.020199 0.00753474 0.00648392 -0.0341069 0.0289669 0.0122712 0.00999202 0.00353046 0.0201564 0.0129221 0.00509934 0.0213281 0.00390237 -0.0238803 -0.0119453
internal_weight=47172.5 45792 14776.2 2604.98 1557.68 1128.76 12171.2 10536.8 7926.99 31015.8 30840.8 13385.3 10918.5 2466.81 1634.46 1380.42 17455.5 14286 428.913 626.065 3169.51 2609.79 736.058 361.125 754.352 390.729 363.622 124.492 81.4705 898.405
internal_count=139099 134971 48169 11555 8402 5529 36614 31579 24272 86802 86383 37678 30496 7182 5035 4128 48705 40252 2873 2023 8453 7307 2193 1046 2105 1117 988 345 265 2842
is_linear=0
shrinkage=0.05


Tree=44
num_leaves=31
num_cat=0
split_feature=37 28 28 5 12 37 36 45 35 40 35 21 35 15 3 29 21 27 14 6 28 21 37 27 3 21 35 27 27 37
split_gain=157.565 119.148 77.2303 70.5588 61.1175 59.6655 56.0813 96.5462 55.2855 85.4762 94.5268 50.9025 54.8113 50.5834 48.7607 46.0323 44.7918 43.0001 40.8367 40.6551 40.326 38.456 37.6863 49.6043 36.5248 36.1076 41.6308 33.654 33.2651 36.3536
threshold=1.0000000180025095e-35 0.015785000286996368 0.038465000689029701 -3.1564390659332271 -0.11288499832153319 1.2428500056266787 0.88865000009536754 0.92605000734329235 7.5000000000000009 2.5000000000000004 22.500000000000004 12.719999790191652 1.0000000180025095e-35 0.99204999208450328 0.88971972465515148 0.046325000002980239 24.000000000000004 0.014465000014752151 0.32395000755786901 -0.015451746061444281 0.0067149999085813769 15.820000171661379 -0.4959499984979629 0.0056450001429766425 0.74947839975357067 26.694999694824222 27.500000000000004 -0.0069549998734146348 0.020595000125467781 0.0057500000111758718
decision_type=2 2 2 2 2 2 2 2 2 2 2 2 2 2 2 2 2 2 2 2 2 2 2 2 2 2 2 2 2 2
left_child=1 3 6 -1 -5 25 8 -8 11 10 -10 12 -2 -6 -3 24 -17 20 -13 -11 -9 -15 27 -24 -7 28 -27 -16 -4 -30
right_child=2 14 5 4 13 15 7 17 9 19 -12 18 -14 21 22 16 -18 -19 -20 -21 -22 -23 23 -25 -26 26 -28 -29 29 -31
leaf_value=0.023487505412326901 -0.0012447138226712854 0.0139118600837453 0.0069379813950212815 0.014801392829524735 0.027231576978082175 -0.024500566973506561 0.0018304807773718184 0.011219497154898542 -0.0022799068355802278 0.032226947680430766 0.0057533877367650461 -0.013948567532323153 0.020183120722933181 -0.013744246591305236 0.049697719249507895 0.0063242679033197954 -0.03282089668754317 0.031790746918664563 0.0053704563471463846 0.0095387188588734861 -0.024074537870867583 0.0070105145567938469 0.014112937123734216 0.040426403982025516 -0.0017971790974288711 0.031560933280839018 -0.055740853772825907 0.015702960754177837 -0.015585637919642596 0.016274540783680506
leaf_weight=414.638432495296 403.27102166414261 1269.3784092888236 7859.3942642360926 535.03581610321999 109.02618810534477 200.22569379210472 1882.6742397099733 90.35072173923254 10837.661252893507 253.8637066334486 5530.6414185613394 289.07857391238213 1148.0268729925156 864.10261758416891 282.84341543912888 3500.9171295464039 74.635230079293251 41.356234863400459 5088.8042026609182 888.49880458414555 776.3959252089262 300.90736652165651 595.5089376270771 256.13870982825756 1537.2783634960651 255.00394004583359 14.428173616528509 98.038625210523605 94.643587157130241 1658.6256614774466
leaf_count=1245 1172 3384 21331 1515 344 650 5596 728 33171 649 16104 893 3041 3827 1034 9498 236 100 14485 2527 4221 1132 1663 642 4453 606 49 255 274 4274
internal_value=0.00464471 0.0133051 0.00368007 0.00488379 0.000619824 0.00653585 0.00208649 -0.00462837 0.00285326 0.00135731 0.000434441 0.00663365 0.0146128 -0.00533577 0.02079 0.00226287 0.00550716 -0.0180188 0.004332 0.0145807 -0.0203954 -0.00838355 0.0278738 0.0220269 -0.00441346 0.0088332 0.0268859 0.0409475 0.00832721 0.0145547
internal_weight=47151.4 4725.62 42425.8 2223.71 1809.07 15195.2 27230.6 2790.78 24439.8 17510.7 16368.3 6929.18 1551.3 1274.04 2501.91 5313.06 3575.55 908.103 5377.88 1142.36 866.747 1165.01 1232.53 851.648 1737.5 9882.1 269.432 380.882 9612.66 1753.27
internal_count=139099 15041 124058 8063 6818 41371 82687 10645 72042 52451 49275 19591 4213 5303 6978 14837 9734 5049 15378 3176 4949 4959 3594 2305 5103 26534 655 1289 25879 4548
is_linear=0
shrinkage=0.05


Tree=45
num_leaves=31
num_cat=0
split_feature=37 51 28 28 12 35 21 35 40 35 54 44 40 37 38 5 35 37 27 52 23 27 31 27 7 9 9 7 21 12
split_gain=143.093 160.041 83.0361 82.2401 68.7639 51.7108 62.2498 75.8402 60.649 71.3404 53.9436 51.9011 50.2621 48.5688 67.1807 45.132 57.8838 44.6048 43.9427 43.8529 41.0615 40.4425 39.1833 37.9451 36.6078 36.0574 37.9999 34.7516 33.2586 32.1751
threshold=1.0000000180025095e-35 -0.020879999734461304 0.024774999357759956 0.034924998879432685 -0.096584998071193681 7.5000000000000009 12.719999790191652 1.0000000180025095e-35 2.5000000000000004 22.500000000000004 1.0217500329017641 -0.038149999454617493 1.5000000000000002 -0.36435000598430628 1.0000000180025095e-35 0.31534227728843695 22.500000000000004 1.0217500329017641 0.025005000643432144 1.5000000000000002 69.604999542236342 0.0033249999396502976 -0.070225000381469713 -0.012875000014901159 89.958812713623061 5.5000000000000009 2.5000000000000004 1.0000000180025095e-35 29.279999732971195 -0.8869500160217284
decision_type=2 2 2 2 2 2 2 2 2 2 2 2 2 2 2 2 2 2 2 2 2 2 2 2 2 2 2 2 2 2
left_child=1 -1 4 5 27 6 7 -2 9 10 -7 -8 -9 23 -15 28 -17 21 25 -4 -11 -5 -13 -6 -23 26 -19 -3 -10 -20
right_child=3 2 19 17 13 8 11 12 15 20 -12 22 -14 14 -16 16 -18 18 29 -21 -22 24 -24 -25 -26 -27 -28 -29 -30 -31
leaf_value=0.049643355882759747 -0.0050156644422518978 0.12489083228953327 0.0053757855133862555 0.0053520429691938575 0.049578940198001742 -0.00056545138384294009 0.0079174624496218936 0.031935484669195817 -0.010325900523381091 0.0057712243692627854 -0.008090363711817046 -0.024632764841068445 0.011095892836226584 0.029409853612843508 -0.011071873392752901 0.025746780512516568 -0.005249612614713163 -0.0016182550471274485 -0.042970364863367548 0.027659759676731562 -0.0065009362826416927 0.011362683182384028 -0.00039565171717828248 0.0064752202164217697 0.064827148580455241 -0.010569425255194201 0.01093813639997044 0.014277748349992176 0.049201072151000294 0.0072905667022830998
leaf_weight=275.41294512152672 392.14385008811951 7.1383785158395758 297.89511543512344 5451.9801758229733 54.795397385954857 7604.2295937016606 2533.2572319209576 522.2136113718152 268.44986297935247 4769.4393382370472 3467.7443397343159 177.6663166731596 648.81597612053156 114.5753016024828 971.33882079273462 588.67745140939951 202.40383414924145 2246.9944000989199 32.101483643054962 852.82312232255936 795.25610003620386 4502.0204394757748 2715.2239339798689 748.62763912975788 32.246553182601929 736.58471670746803 823.33331641554832 1345.8665855079889 25.712212830781937 3937.6156057417393
leaf_count=1144 1188 17 807 14870 136 24010 7218 1334 879 14107 11118 571 1843 288 4375 1597 609 6501 111 2100 2648 12051 8320 2353 64 2233 2256 3715 59 10636
internal_value=0.00436102 0.01267 0.010352 0.00344775 0.00625683 0.00158241 0.00522451 0.014016 0.000146008 -0.000601054 -0.00292226 0.00269183 0.0203892 9.49163e-05 -0.00680063 0.0115984 0.0178161 0.00604277 0.00320348 0.0218909 0.0040174 0.00825382 -0.00188417 0.009415 0.0117429 -0.000634571 0.00174884 0.0148613 -0.00512275 0.00688413
internal_weight=47142.6 4668.47 4393.06 42474.1 3242.34 24711.2 6989.32 1563.17 17721.9 16636.7 11072 5426.15 1171.03 1889.34 1085.91 1085.24 791.081 17762.9 7776.63 1150.72 5564.7 9986.25 2892.89 803.423 4534.27 3806.91 3070.33 1353 294.162 3969.72
internal_count=139158 14935 13791 124223 10884 75501 20474 4365 55027 51883 35128 16109 3177 7152 4663 3144 2206 48722 21737 2907 16755 26985 8891 2489 12115 10990 8757 3732 938 10747
is_linear=0
shrinkage=0.05


Tree=46
num_leaves=31
num_cat=0
split_feature=51 12 31 44 21 25 7 12 7 9 21 21 40 40 21 54 9 5 1 31 21 2 44 27 27 12 2 21 15 7
split_gain=106.634 73.4967 87.0568 70.7804 74.7141 64.9213 62.4257 79.2536 67.0947 45.6465 40.5855 40.1829 38.757 74.418 38.3748 35.7957 34.433 32.524 32.9631 31.1491 30.2646 29.7221 28.2344 30.7206 27.9885 26.0344 23.4631 23.0889 21.5837 33.2388
threshold=-0.016400000080466267 -0.27910500764846796 0.14897499978542331 -0.013849999755620955 21.375000000000004 2.0764499902725224 39.854011535644538 -0.095224998891353593 64.671501159667983 1.5000000000000002 29.279999732971195 15.675000190734865 2.5000000000000004 1.0000000180025095e-35 20.460000038146976 1.2246499657630923 3.5000000000000004 -0.13059323281049726 -0.021504572592675682 0.015225000213831665 17.694999694824222 0.9486672878265382 0.061049999669194228 0.0017750000115484001 -0.010894999839365481 -0.064494997262954698 0.23922333866357806 20.605000495910648 1.0044500231742861 82.854812622070327
decision_type=2 2 2 2 2 2 2 2 2 2 2 2 2 2 2 2 2 2 2 2 2 2 2 2 2 2 2 2 2 2
left_child=24 3 5 4 12 6 7 -3 -8 10 -6 19 13 -2 -14 -13 17 26 -19 -7 -4 -11 -18 -24 25 -1 -5 -22 -26 -30
right_child=1 2 20 16 9 11 8 -9 -10 21 -12 15 14 -15 -16 -17 22 18 -20 -21 27 -23 23 -25 28 -27 -28 -29 29 -31
leaf_value=0.01477504868940332 0.016945244695324872 -0.0019074433659722228 0.0068063779950760205 0.0060860876410627701 -0.025280645304151916 -0.014616278138533487 0.0047633555817741015 -0.030428175232578097 -0.0012943751852387223 0.013954718910355077 0.053186656342965023 0.0005982077750344237 0.031786965784320609 0.0037743014737937905 -0.041379121457401531 0.031524807251993955 0.011633563864677142 0.0046353444115712237 0.017977428012948642 -0.0034989756562721209 0.021018465465955361 -0.066373726379597653 -0.021210256684384584 0.0001909703533728298 0.023271019511595922 0.036939207652324495 -0.0085013488822253489 0.0021678673200465899 0.011003459974919208 -0.028876699702004613
leaf_weight=231.89778651297092 2837.7887828499079 1907.7944599315524 4791.4685550183058 500.31786540150642 262.88563902676105 1031.5300617292523 18499.183307029307 279.22845362126827 6071.0736400261521 217.48496662080288 17.581164792180061 1053.9083745852113 375.90757937729359 1724.0127738118172 18.818317443132401 102.67905762791634 175.18684755265713 1601.1464286893606 651.22116577625275 1618.9073483198881 709.89918960630894 12.159243717789648 348.25262489914894 323.40403072535992 247.36567356437445 309.07542658597231 613.88241922855377 210.63832795619965 305.07691457867622 63.045620761811733
leaf_count=689 7484 5836 13152 1427 816 3318 54245 1507 20086 570 37 3064 915 4902 62 246 486 4549 1715 4814 1810 43 1109 938 684 1187 1822 579 844 222
internal_value=0.00414593 0.00376858 0.00273568 0.00763941 0.011393 0.0016768 0.00254602 -0.00554883 0.00326655 -0.00682782 -0.0203619 -0.0044324 0.0132682 0.0119676 0.0282988 0.0033438 0.00276939 0.00503637 0.00849291 -0.00782575 0.00840163 0.00970147 -0.00624285 -0.0109055 0.0191412 0.0274381 -0.00195104 0.0167051 0.0118488 0.00417348
internal_weight=47112.8 45956.4 36276.3 9680.05 5466.64 30564.3 26757.3 2187.02 24570.3 510.111 280.467 3807.02 4956.53 4561.8 394.726 1156.59 4213.41 3366.57 2252.37 2650.44 5712.01 229.644 846.844 671.657 1156.46 540.973 1114.2 920.538 615.488 368.123
internal_count=139158 135532 108657 26875 14829 93116 81674 7343 74331 1466 853 11442 13363 12386 977 3310 12046 9513 6264 8132 15541 613 2533 2047 3626 1876 3249 2389 1750 1066
is_linear=0
shrinkage=0.05


Tree=47
num_leaves=31
num_cat=0
split_feature=51 13 6 35 35 31 21 12 3 1 35 6 21 25 21 21 13 54 39 55 31 52 54 22 34 0 35 14 31 3
split_gain=97.3127 67.381 126.351 84.2378 89.0983 127.875 65.0527 59.1377 58.8102 55.6492 51.9556 39.4043 34.3868 37.3845 34.3793 33.4356 31.0222 30.1564 29.2918 28.5096 27.7974 26.9805 24.7715 24.5865 21.2416 21.0755 18.7688 18.6123 18.3347 17.3111
threshold=-0.016400000080466267 0.63821500539779674 0.0051481416448950776 1.5000000000000002 23.500000000000004 -0.006664999993517994 18.10999965667725 -0.071325000375509248 1.5335240364074709 0.18727418035268786 24.500000000000004 0.044819472357630737 17.880000114440922 0.65035000443458568 12.719999790191652 20.605000495910648 0.07849499955773355 0.86515000462532055 0.52895000576972973 -0.11645000055432318 0.088114999234676375 2.5000000000000004 0.94115000963211071 6.472949981689454 2.5000000000000004 2.1613457202911381 30.500000000000004 0.55685001611709606 0.04876499995589257 1.2825046777725222
decision_type=2 2 2 2 2 2 2 2 2 2 2 2 2 2 2 2 2 2 2 2 2 2 2 2 2 2 2 2 2 2
left_child=20 2 3 6 5 -5 9 16 11 -2 -6 -9 13 14 28 -8 -4 -10 21 25 29 -15 -21 -16 -18 -14 -24 -22 -3 -1
right_child=1 12 7 4 10 -7 15 8 17 -11 -12 -13 19 18 23 -17 24 -19 -20 22 27 -23 26 -25 -26 -27 -28 -29 -30 -31
leaf_value=0.016368991335335658 0.011287138807799028 0.0240644180904219 -0.053844976854533745 -0.0034200549587781303 0.019898760296309839 0.0062365244015376818 0.036925231193369268 -0.017953704027316744 0.036844702876254069 -0.019172088229948123 0.0068663554967191721 -0.0058963669016474547 0.0037579089791974548 -0.0021081936713723852 0.0047799977026122507 0.016500288200457326 0.051554903522223597 0.0020862260996068675 0.011451087627013336 0.0026839125739950591 -0.042587769189658349 0.0047906741291957513 0.019669720416270978 0.015694007537958337 0.001474331890003542 -0.078272168906213857 0.062394032043699345 0.0063973388793580697 0.011466490254214423 0.030112363379161722
leaf_weight=587.75345106422901 1173.3676984161139 454.97306272387505 25.296632282435894 6311.2271540015936 1051.7920764312148 7505.1446190550923 351.35172899067402 850.68986231833696 65.747165620326996 171.92721795290709 2802.3235450387001 3330.5069846957922 414.37106463313103 2468.1957286447287 3246.785623550415 466.27160101383924 21.236156955361366 1226.438054420054 921.25567792356014 233.23574209213257 22.004439920186996 3328.2590761259198 941.23597291111946 613.53091745078564 7150.562315903604 7.9810033440589896 26.4272750467062 163.30726431310177 790.80540949106216 375.52002387493849
leaf_count=1845 3236 1191 152 19211 2811 22099 842 4240 168 568 8119 10852 1150 7056 9123 1223 47 3674 2437 651 74 9339 2396 1617 21112 29 53 460 2136 1247
internal_value=0.00393986 0.00358054 0.00234903 0.0048407 0.00370066 0.00182546 0.0141545 -0.00155123 -0.00546826 0.00739448 0.0104229 -0.00834951 0.00655731 0.00562047 0.00884527 0.0252774 0.00142766 0.00385476 0.00316932 0.0133813 0.018315 0.00185306 0.017311 0.00651459 0.00162262 0.00220782 0.0208365 0.000580708 0.0160674 0.0217267
internal_weight=47099.5 45950.9 32503.9 19833.4 17670.5 13816.4 2162.92 12670.5 5473.38 1345.29 3854.12 4181.2 13447.1 11823.8 5106.1 817.623 7197.1 1292.19 6717.71 1623.25 1148.59 5796.45 1200.9 3860.32 7171.8 422.352 967.663 185.312 1245.78 963.273
internal_count=139158 135532 98354 58109 52240 41310 5869 40245 18934 3804 10930 15092 37178 32899 14067 2065 21311 3842 18832 4279 3626 16395 3100 10740 21159 1179 2449 534 3327 3092
is_linear=0
shrinkage=0.05


Tree=48
num_leaves=31
num_cat=0
split_feature=37 30 28 12 28 35 21 35 37 35 12 44 40 37 16 27 7 15 15 37 31 49 48 39 53 5 23 27 33 28
split_gain=133.497 124.791 68.7739 64.4692 52.5044 45.6131 56.3835 68.6687 55.1007 55.6259 72.2355 45.4381 44.4119 42.5258 46.7407 41.5001 41.2291 38.8496 37.3473 49.0121 35.1088 33.7074 33.7027 33.566 31.9828 31.2535 30.578 29.8102 54.8881 29.4693
threshold=1.0000000180025095e-35 0.016055000014603141 0.034924998879432685 -0.096584998071193681 0.025084999389946464 7.5000000000000009 12.719999790191652 1.0000000180025095e-35 0.77584999799728405 16.500000000000004 -0.21949500590562818 -0.038149999454617493 1.5000000000000002 1.2428500056266787 1.1702499985694887 0.020595000125467781 70.121704101562514 1.0081500411033633 1.0000500082969668 -0.55324998497962941 -0.070225000381469713 0.10725000128149988 2.9143499135971074 0.35535000264644628 0.54684999585151683 -10.866766452789305 1.0000000180025095e-35 0.053114999085664756 -2.0810500383377071 0.1280849948525429
decision_type=2 2 2 2 2 2 2 2 2 2 2 2 2 2 2 2 2 2 2 2 2 2 2 2 2 2 2 2 2 2
left_child=1 3 5 26 18 6 7 17 9 10 -7 25 -9 15 21 29 -11 -2 -5 -20 -13 -15 -16 -3 -10 -8 -1 -17 -29 -4
right_child=2 23 13 4 -6 8 11 12 24 16 -12 20 -14 14 22 27 -18 -19 19 -21 -22 -23 -24 -25 -26 -27 -28 28 -30 -31
leaf_value=0.1067000911739216 -0.023018777957764375 0.018329095978083177 0.0054855420050734507 0.0027325594644935051 0.026305842269357269 0.0050797103159848402 -0.015630571750141611 0.029860304297848736 -0.00070846969548975301 0.0048792583834017149 -0.0061792154154282301 -0.023663888939836317 0.010275428415684462 -0.010346570937471704 0.012963743642995752 0.016366567490490341 -0.0054590023058597101 0.0087106608628096712 0.013718344450727692 -0.022202310895068366 -0.00070341145194210541 0.0013435856805726061 -0.034862707106523519 0.037044180062317258 -0.012054700035119929 0.0084175653326054988 0.011773847966818185 0.03367479465582289 -0.016501416071030402 0.045959705422748992
leaf_weight=8.5427197962999326 171.46209831535816 1836.4051966145635 10231.261796936393 527.60192893445492 131.64901505410671 2103.5325267314911 143.19719184935093 522.4116046205163 1113.2605692371726 7586.4906326979399 4413.9535758048296 177.36787010729313 649.16705592721701 734.7553393393755 1002.2643651068211 1591.7179805189371 1104.8244457021356 220.58017975091934 117.21465077996254 500.23613493144512 2715.3123879730701 3835.5073357969522 38.241073280572891 275.52943881601095 1404.8613874688745 2391.2390182465315 1224.5908622220159 77.088474258780479 186.03225493431091 45.171746343374252
leaf_count=22 569 5229 28062 2326 335 6126 443 1334 3475 22544 14472 571 1843 2151 2603 4086 3782 619 384 2324 8320 10858 132 926 4628 6775 3389 183 549 98
internal_value=0.00374436 0.0118142 0.00286595 0.00427761 -0.00359799 0.00116108 0.0045814 0.0129471 -0.000187744 0.000946542 -0.00254537 0.00217113 0.0190084 0.00524112 0.00164167 0.00690589 0.00356508 -0.0051664 -0.0070361 -0.0153833 -0.00211126 -0.000535826 0.011206 0.0207707 -0.00703854 0.00705883 0.0124315 0.0137894 -0.00180091 0.00566345
internal_weight=47081.5 4621.77 42459.7 2509.84 1276.7 24717.7 6990.74 1563.62 17726.9 15208.8 6517.49 5427.12 1171.58 17742 5610.77 12131.3 8691.32 392.042 1145.05 617.451 2892.68 4570.26 1040.51 2111.93 2518.12 2534.44 1233.13 1854.84 263.121 10276.4
internal_count=139158 14935 124223 8780 5369 75501 20474 4365 55027 46924 20598 16109 3177 48722 15744 32978 26326 1188 5034 2708 8891 13009 2735 6155 8103 7218 3411 4818 732 28160
is_linear=0
shrinkage=0.05


Tree=49
num_leaves=31
num_cat=0
split_feature=51 28 28 35 21 9 21 31 21 21 38 30 16 21 30 31 34 6 3 23 21 5 2 5 55 9 49 55 13 5
split_gain=85.077 64.4575 53.7171 55.8067 75.4406 67.3445 68.5362 55.1483 52.9932 52.5978 47.5609 32.3718 35.0971 34.1297 28.9423 25.9656 24.9279 25.3154 23.626 20.0754 19.8172 18.423 17.7643 17.5484 16.9302 16.8141 14.9927 14.2127 14.5991 13.8999
threshold=-0.020879999734461304 0.0085050002671778219 0.082005001604557051 1.5000000000000002 18.10999965667725 1.0000000180025095e-35 11.090000152587892 0.019414999522268776 20.605000495910648 15.010000228881838 1.0000000180025095e-35 0.004554999992251397 0.99594998359680187 13.734999656677248 0.067704997956752791 0.019414999522268776 44.500000000000007 0.016233313828706745 0.19172958284616473 69.795001983642592 15.739999771118166 -9.478883743286131 0.83005243539810192 -68.504669189453111 0.46064999699592596 4.5000000000000009 0.047700000926852233 -0.50394999980926503 0.07849499955773355 286.31434631347662
decision_type=2 2 2 2 2 2 2 2 2 2 2 2 2 2 2 2 2 2 2 2 2 2 2 2 2 2 2 2 2 2
left_child=14 10 3 4 9 6 -5 -7 -6 -3 24 16 13 -13 19 -14 17 -12 23 21 -18 -1 26 -4 27 -24 -20 -2 -29 -25
right_child=1 2 18 5 8 7 -8 -9 -10 -11 11 12 15 -15 -16 -17 20 -19 22 -21 -22 -23 25 29 -26 -27 -28 28 -30 -31
leaf_value=-0.016733186514123071 -0.060533864591390853 0.0089027123954625396 0.022866281541019096 -0.024241286499220083 0.032362022893357621 -0.00098893565898701408 0.0070276215820910511 0.0033871135387403026 0.010419348128125297 -0.004510256346300783 0.029856000541072344 0.041521871412580735 -0.027781733380438673 -0.0027513333075157688 -0.0047370013543788685 -0.0012456080641623304 -0.033653362121205017 -0.01639292990394901 -0.0034541422387961459 0.038337063342585 -0.0062282277970144052 0.022862532707304126 0.019942709708132854 -0.018979997360380405 0.060378259139678737 0.0031760803253868329 0.010885031626983784 0.043905963066731585 0.0061049981092223277 0.0030066444848516746
leaf_weight=33.297985211014748 7.0510094016790381 2354.6658795550466 61.109671831130981 178.85015626251698 474.88193038851023 13089.644049331546 8683.0080673769116 15999.871251344681 654.23727827519178 1059.8975761681795 41.379921607673168 70.930130489170551 157.77202397584915 112.68656875193119 83.722238309681416 221.75797478109598 296.41684707999229 103.83440652489662 222.27833478152752 220.10780521482229 84.689228937029839 249.45552868396044 886.37935598194599 127.6269673705101 17.544225722551346 179.87065373361111 1013.3834077715874 29.955662533640862 173.3689955919981 164.58511683344841
leaf_count=111 26 6540 162 580 1156 39841 24676 46365 1780 3098 182 251 974 461 248 916 1668 541 612 986 404 730 2213 395 38 485 2670 78 510 461
internal_value=0.00355934 0.00332047 0.00363856 0.00320746 0.00844411 0.00258051 0.00639655 0.00141799 0.0196479 0.00473926 -0.0075815 -0.0119268 -0.00359461 0.0143512 0.0224822 -0.0122768 -0.0208421 -0.00321395 0.010538 0.027014 -0.027559 0.0181996 0.0123858 -0.0015005 0.0131893 0.0171143 0.00830561 0.00925404 0.0116742 -0.00659627
internal_weight=47054.3 46467.7 45150.3 42495.1 4543.68 37951.4 8861.86 29089.5 1129.12 3414.56 1317.39 1089.47 563.147 183.617 586.584 379.53 526.32 145.214 2655.23 502.861 381.106 282.754 2301.91 353.322 227.92 1066.25 1235.66 210.376 203.325 292.212
internal_count=139158 137083 131034 124036 12574 111462 25256 86206 2936 9638 6049 5397 2602 712 2075 1890 2795 723 6998 1827 2072 841 5980 1018 652 2698 3282 614 588 856
is_linear=0
shrinkage=0.05


Tree=50
num_leaves=31
num_cat=0
split_feature=37 51 51 27 37 12 15 28 12 13 37 34 27 21 8 51 33 8 5 28 33 6 29 55 5 33 34 53 16 1
split_gain=106.329 138.466 80.8863 77.204 72.0793 86.3581 65.243 60.7631 48.5102 65.5483 66.9062 52.0037 50.2302 47.1532 54.6235 38.2892 38.0773 37.6927 38.6995 36.1412 36.0601 33.5563 32.1361 48.0317 32.058 27.365 27.1057 26.3874 25.5408 23.5716
threshold=0.033449999988079078 -0.020879999734461304 -0.0016150000155903397 0.0056450001429766425 -0.29215000569820399 -0.29178500175476069 1.0008500218391421 0.015455000102519991 -0.29178500175476069 0.67203497886657726 0.34855000674724584 209.50000000000003 0.0047049999702721843 12.719999790191652 0.039343059062957771 0.043275000527501113 1.7013500332832339 0.025137543678283695 -8.8895769119262678 0.10231500118970872 0.78755000233650219 0.14991343766450885 0.015525000169873239 -0.095349997282028184 3.2621980905532841 -2.0810500383377071 37.500000000000007 0.28595000505447393 1.1005499958992007 1.9982920885086062
decision_type=2 2 2 2 2 2 2 2 2 2 2 2 2 2 2 2 2 2 2 2 2 2 2 2 2 2 2 2 2 2
left_child=1 21 3 4 6 -6 -3 13 11 10 12 17 -10 -2 20 19 -12 18 -9 -11 -15 -1 23 29 -19 -17 -25 -22 -24 -4
right_child=7 2 22 -5 5 -7 -8 8 9 15 16 -13 -14 14 -16 25 -18 24 -20 -21 27 -23 28 26 -26 -27 -28 -29 -30 -31
leaf_value=0.049201121953968467 0.0057900002051605205 0.02294250277482876 0.021458030672749998 0.058092337387821415 0.032392597657856653 -0.01508932276964046 -0.0020247922536928936 -0.0012831946835326266 0.004407967258987097 0.0052689527921570114 -0.0021844130740410516 6.7489555515228822e-06 0.025170608486976855 -0.0091199118693897283 0.010533182307842663 0.015750059602104891 0.005795588802690977 -0.0053088420065448127 0.015000428131834579 0.020565454769198993 0.030033173327301516 -0.09179707617448675 0.024123526765689938 0.014419972500694274 0.0080045127701916709 -0.019642539741526292 -0.0031460413369298959 -0.00085239438820611235 0.0081977665837350677 -0.032654483561702995
leaf_weight=239.48999137431383 1262.9519175514579 446.45508965849876 625.73014104366302 57.299509793519974 106.81649787724018 925.18706284463406 632.13411376625299 421.12218388915062 3825.3037190660834 9832.8107900619507 12531.952377639711 2093.4564847201109 315.31078195571899 3163.9395402669907 479.18204380571842 70.18405319750309 1697.3214508295059 620.34387578070164 2731.7637787163258 401.9362401664257 97.461549133062363 4.2954426556825629 896.66113097965717 318.67545717954636 1667.9195448160172 246.19692811369896 706.45379495620728 238.10881792753935 350.03015349805355 20.793649479746819
leaf_count=1109 4140 1376 1686 124 255 4092 2075 1200 10995 27181 37506 6012 813 11514 1388 195 4743 1818 7251 994 265 20 2251 928 4545 770 2242 737 953 65
internal_value=0.00325648 0.0099063 0.00814196 0.000826211 -0.00072848 -0.0101748 0.0083098 0.00240645 0.0031302 0.00219925 0.000395233 0.0067036 0.00598906 -0.00262722 -0.00529908 0.0053401 -0.00123253 0.00928018 0.0128255 0.00586967 -0.00746697 0.0467168 0.0135765 0.00904535 0.00439529 -0.0117913 0.00231459 0.00811787 0.0196521 0.0197177
internal_weight=47027.3 5330.02 5086.24 2167.89 2110.59 1032 1078.59 41697.3 36455.6 28921 18369.9 7534.61 4140.61 5241.64 3978.69 10551.1 14229.3 5441.15 3152.89 10234.7 3499.51 243.785 2918.34 1671.65 2288.26 316.381 1025.13 335.57 1246.69 646.524
internal_count=139243 17176 16047 7922 7798 4347 3451 122067 104023 83197 54057 20826 11808 18044 13904 29140 42249 14814 8451 28175 12516 1129 8125 4921 6363 965 3170 1002 3204 1751
is_linear=0
shrinkage=0.05


Tree=51
num_leaves=31
num_cat=0
split_feature=37 30 12 44 31 12 44 34 35 35 13 21 41 21 21 35 6 21 23 35 34 33 15 21 39 45 14 23 13 34
split_gain=96.6734 80.3814 63.3955 52.7548 51.8653 66.842 67.2321 64.6259 58.3504 76.329 83.1861 53.7892 47.61 47.0057 36.9708 37.2088 31.0657 30.3375 30.2374 41.7235 41.9076 29.794 29.1912 31.8434 28.3666 29.6065 25.5116 24.475 20.5334 20.4427
threshold=0.033449999988079078 0.016055000014603141 -0.04717499949038028 -0.11315000057220458 0.14897499978542331 -0.29178500175476069 -0.019049999304115769 209.50000000000003 7.5000000000000009 23.500000000000004 0.14071499556303027 21.85999965667725 1.0000000180025095e-35 12.234999656677248 12.795000076293947 1.0000000180025095e-35 0.027471465058624748 15.675000190734865 88.444999694824233 10.500000000000002 173.50000000000003 -0.25644999742507929 1.1239500045776369 15.88499975204468 0.37385000288486486 1.6122500300407412 0.30904999375343328 32.995000839233406 0.33426499366760259 15.500000000000002
decision_type=2 2 2 2 2 2 2 2 2 2 2 2 2 2 2 2 2 2 2 2 2 2 2 2 2 2 2 2 2 2
left_child=1 2 18 -4 5 6 7 11 14 10 -10 -2 16 -11 15 -7 -5 -6 29 20 -20 27 23 -19 25 -3 -16 -8 -9 -1
right_child=4 24 3 12 17 8 21 28 9 13 -12 -13 -14 -15 26 -17 -18 22 19 -21 -22 -23 -24 -25 -26 -27 -28 -29 -30 -31
leaf_value=0.025123646175543076 0.015465895494624841 0.017371342803813621 0.031599376816849475 -0.021229155894835258 0.0042687247875536002 -0.0019246186661040178 -0.052583839329880637 0.0022358449902064067 -0.012124271212429254 0.016562996820887639 -0.0013558088736684301 -0.0053130037723060899 -0.051027599965305329 0.002305959005386206 -0.013429865657718105 0.014695847326665529 0.0013026615740388374 0.035841458706299227 -0.068720433258940478 -0.061949502459835354 0.077986783137436275 0.0029204861425238962 0.023667909095620707 0.0064152935435655206 0.031568638812609552 0.0030300979843836482 0.0028889938857920112 -0.006537799720089988 -0.01718054742373629 0.0077285308855593636
leaf_weight=185.45886088907719 2938.4078293442726 1677.2295325919986 74.485697641968727 265.10299018770456 4255.1412223130465 452.89576288312674 29.997672900557518 1040.6405626386404 2095.4037072136998 656.55768813192844 12444.477247975767 348.37668061256409 72.488569520413876 4840.4200951755047 249.56991554796696 1313.0104502141476 361.69354882091284 99.048721566796303 7.4727108925581005 34.554701387882233 13.963994383811949 2378.3788771033287 413.89833182096481 1280.5356991142035 267.41159341484308 458.18781120330095 5933.0837207213044 760.16546213626862 156.66360016167164 1891.4051148965955
leaf_count=463 7753 4863 225 1373 11771 1338 104 2975 7704 1844 37382 995 463 14278 775 3588 1483 238 46 227 55 6830 1018 3497 907 1296 17243 2255 479 5775
internal_value=0.00309603 0.0094503 0.00385672 -0.00840296 0.00228671 0.00156013 0.00570107 0.0096406 0.000427791 -0.0010102 -0.0029077 0.0132635 -0.0126639 0.00400882 0.0040527 0.0104333 -0.00822715 0.00656764 0.00830437 -0.0279537 0.0268455 0.000125869 0.012022 0.00852798 0.0162167 0.0142942 0.00223026 -0.00828589 -0.000304731 0.00928187
internal_weight=46996.1 5309.46 2906.63 773.771 41686.7 35638 7652.63 4484.09 27985.4 20036.9 14539.9 3286.78 699.285 5496.98 7948.56 1765.91 626.797 6048.62 2132.86 55.9914 21.4367 3168.54 1793.48 1379.58 2402.83 2135.42 6182.65 790.163 1197.3 2076.86
internal_count=139243 17176 10110 3544 122067 105543 21391 12202 84152 61208 45086 8748 3319 16122 22944 4926 2856 16524 6566 328 101 9189 4753 3735 7066 6159 18018 2359 3454 6238
is_linear=0
shrinkage=0.05


Tree=52
num_leaves=31
num_cat=0
split_feature=51 35 21 21 28 21 40 8 12 34 34 12 21 44 33 21 35 16 8 2 44 27 8 51 8 16 15 31 7 28
split_gain=83.5974 59.4049 77.4348 130.489 62.7612 61.4883 72.2145 46.1063 47.8752 48.8719 46.4089 42.9073 92.9607 72.0989 46.4733 39.8345 35.62 31.7029 30.8907 27.6667 25.6196 22.9743 27.5938 25.0289 24.6543 31.9388 24.1572 26.3695 22.0025 21.2662
threshold=-0.014324999880045651 1.5000000000000002 16.564999580383304 15.490000247955324 0.015455000102519991 15.555000305175783 1.0000000180025095e-35 0.054878294467926032 -0.03556500002741813 43.500000000000007 10.500000000000002 -0.29178500175476069 21.375000000000004 0.1381499990820885 1.7013500332832339 29.279999732971195 16.500000000000004 0.98725000023841869 0.0059828758239746102 0.29336087405681616 -0.43645000457763666 -0.011595000047236679 0.014385879039764406 -0.023264999501407143 0.022375941276550296 1.0199499726295473 0.99685001373291027 -0.074194997549056993 92.81125640869142 0.016564999707043174
decision_type=2 2 2 2 2 2 2 2 2 2 2 2 2 2 2 2 2 2 2 2 2 2 2 2 2 2 2 2 2 2
left_child=21 2 3 28 7 -5 -7 8 9 -3 -10 12 13 -6 16 -14 -13 20 19 -19 -4 -1 26 -24 25 -25 27 -23 -2 -16
right_child=1 4 17 5 11 6 -8 -9 10 -11 -12 14 15 -15 29 -17 -18 18 -20 -21 -22 22 23 24 -26 -27 -28 -29 -30 -31
leaf_value=0.02276030189036804 0.0077902334758482772 0.0081018011651651633 0.0074023441829027372 -0.051684024333362256 0.011047953049730169 -0.049593588603981803 0.003265724604042414 0.016270535947488399 -0.0029813030647911944 -0.0038870274302966034 -0.02166029469733434 -0.00064089695572184385 -0.017013186345567709 -0.00091147482889120286 0.048991965439272138 0.041741156665543233 0.0032031347854576766 0.019470299512950061 0.017931738777615818 -0.0096358778733530021 0.031267432877109057 0.031122509528751969 0.022960744081856735 -0.047051865738497733 0.0038858948882393436 0.0062779515687396885 0.02619175724452058 -0.012088198978682532 -0.0529960822636283 0.007418206864261318
leaf_weight=545.50625829398632 2695.4061086475849 1095.8228593170643 147.59091724455357 122.48440492898226 4816.692995980382 86.999495193362236 251.10507860034704 309.91410045325756 697.33245576173067 3790.1678160130978 635.65171071141958 12755.439240202308 508.70394326746464 1706.7798025608063 31.092411652207375 30.582565039396286 11423.611969098449 120.7665898129344 633.74334470927715 252.02991842478514 472.41178323328495 53.01525941491127 103.22611792385578 65.330899491906166 249.42176698893309 49.231383129954338 320.98657044023275 105.70134075731039 14.969455659389494 2879.9787273406982
leaf_count=1909 7529 3368 394 439 13004 306 720 857 2582 13240 3386 37297 1531 4924 74 68 32893 348 1659 759 1150 126 308 234 714 143 920 316 100 7945
internal_value=0.00294274 0.00256063 0.00782282 0.00327328 0.00194007 -0.0213315 -0.0103358 -0.00255162 -0.0034896 -0.00119819 -0.0118886 0.00279873 0.00626962 0.00791893 0.00189383 -0.0136813 0.00117525 0.0166922 0.0112136 -0.000206997 0.0255864 0.0145869 0.00987835 0.00122965 -0.0049333 -0.0241342 0.0183018 0.00234524 0.00745451 0.00786225
internal_weight=46971.7 45479.3 4797.51 3170.96 40681.8 460.589 338.105 6528.89 6218.97 4885.99 1332.98 34152.9 7062.76 6523.47 27090.1 539.287 24179.1 1626.54 1006.54 372.797 620.003 1492.42 946.913 467.21 363.984 114.562 479.703 158.717 2710.38 2911.07
internal_count=139243 134573 13404 9094 121169 1465 1026 23433 22576 16608 5968 97736 19527 17928 78209 1599 70190 4310 2766 1107 1544 4670 2761 1399 1091 377 1362 442 7629 8019
is_linear=0
shrinkage=0.05


Tree=53
num_leaves=31
num_cat=0
split_feature=37 51 28 24 28 13 15 13 40 1 40 3 30 37 23 27 37 51 21 21 13 6 2 7 27 37 21 33 51 21
split_gain=93.287 124.794 79.9544 62.1547 57.3717 51.3983 52.3878 46.3047 56.0639 49.0068 73.6643 41.6516 43.8845 39.7468 43.0646 43.8661 39.421 38.7283 34.9439 32.4847 30.5201 29.8098 29.6089 29.3173 27.2507 48.0241 25.8557 25.4747 24.7158 31.1304
threshold=0.18865000456571582 -0.020879999734461304 0.024774999357759956 -0.04717499949038028 0.055674999952316291 0.094680000096559538 0.98454999923706066 0.80605000257492077 2.5000000000000004 0.33455438911914831 1.5000000000000002 0.018599499948322776 0.013294999953359367 1.164449989795685 62.274999618530281 0.049204999580979354 2.1181499958038335 -0.012645000126212834 26.694999694824222 12.139999866485597 0.5259549915790559 -0.026053523644804951 0.76681891083717357 50.676984786987312 0.005854999879375101 0.91804999113082897 29.279999732971195 -0.81655001640319813 0.026784999296069149 11.739999771118166
decision_type=2 2 2 2 2 2 2 2 2 2 2 2 2 2 2 2 2 2 2 2 2 2 2 2 2 2 2 2 2 2
left_child=1 20 3 11 7 6 -5 8 9 10 -2 23 -13 18 28 16 -16 -7 24 22 -1 -10 -9 -3 25 -6 -23 -26 -15 -30
right_child=4 2 -4 5 13 17 -8 19 21 -11 -12 12 -14 14 15 -17 -18 -19 -20 -21 -22 26 -24 -25 27 -27 -28 -29 29 -31
leaf_value=0.046073485061506672 0.0021636430397016832 0.066103433056620697 0.013404018912026817 0.10114584019627292 0.0085529079376889146 0.018516993309994383 -0.024758527818084644 0.023680653466560085 0.017616835806421965 -0.0067611922996592844 -0.0044363092407160324 0.0018160370062664973 0.011274052433640505 -0.00059821825849881694 0.0067114477000685862 0.017185885521096598 -0.011819537597653598 -0.0037919377340276932 0.036461331314799533 0.0029898255442147754 -0.013358445747287213 0.0022131691149280468 0.0059975851307343441 -0.0055278765309039538 0.034613673173218791 -0.015043106263409142 0.031352977240771858 0.011742406081081248 -0.085503196118591265 -0.012469412526463188
leaf_weight=243.25810921192169 12682.505796439946 48.246137976646423 2734.599388256669 8.4668593034148198 1139.4686852544546 228.30856645107269 341.58079901337624 388.48383703827858 558.94114051759243 3159.1621161326766 6341.9409424141049 3020.9934578388929 2064.6534802317619 1350.4209819436073 1196.8718233853579 717.29267638921738 377.51521150767803 1315.313672721386 120.97100229561329 4876.3386797010899 23.706771984696388 1295.7980336621404 605.99562706053257 20.292182266712189 134.55614885687828 265.96930147707462 80.875495374202728 1279.2216682881117 15.297987371683119 315.5896153897047
leaf_count=1158 37598 96 7147 31 2972 649 1818 1014 1497 9906 19800 9716 5828 3729 3190 1804 1088 4969 278 13722 73 3817 1667 57 315 775 192 3303 62 972
internal_value=0.00279678 0.00706761 0.00614716 0.00333146 0.00163375 -0.00441505 -0.0217132 0.000687216 -0.000282091 -0.000994162 -3.65002e-05 0.00617756 0.00565577 0.00573992 0.00247846 0.00693727 0.00226799 -0.000492348 0.010147 0.00466945 0.0407959 0.00787878 0.0129053 0.0448955 0.00901789 0.00408753 0.00392505 0.0139192 -0.00359904 -0.015846
internal_weight=46952.6 10049.4 9782.45 7047.86 36903.2 1893.67 350.048 29990 24119.2 22183.6 19024.4 5154.19 5085.65 6913.18 3972.99 2291.68 1574.39 1543.62 2940.19 5870.82 266.965 1935.61 994.479 68.5383 2819.22 1405.44 1376.67 1413.78 1681.31 330.888
internal_count=139243 31542 30311 23164 107701 7467 1849 89213 72810 67304 57398 15697 15544 18488 10845 6082 4278 5618 7643 16403 1231 5506 2681 153 7365 3747 4009 3618 4763 1034
is_linear=0
shrinkage=0.05


Tree=54
num_leaves=31
num_cat=0
split_feature=37 51 28 24 28 35 14 55 41 31 9 31 31 7 36 37 9 7 34 37 14 29 33 37 16 37 2 44 16 16
split_gain=84.4967 117.491 72.7238 56.3172 51.8853 44.6269 46.5276 43.0984 42.9465 48.9987 40.3435 53.7225 47.9605 38.0811 37.6674 43.7486 36.6296 35.674 34.8914 30.5677 29.9393 29.2839 28.6707 30.8784 27.5202 24.9732 24.9155 24.3362 23.5796 23.4766
threshold=0.18865000456571582 -0.020879999734461304 0.024124999530613426 -0.04717499949038028 0.055674999952316291 1.5000000000000002 0.16915000230073932 -0.089249998331069932 1.0000000180025095e-35 0.061665000393986709 1.0000000180025095e-35 0.0031850000377744441 -0.10743500292301177 72.19812393188478 0.58345001935958873 0.83104997873306286 4.5000000000000009 61.247768402099616 39.500000000000007 0.58324998617172252 0.010549999773502352 0.01713499985635281 1.2118499875068667 1.969749987125397 4.9918000698089608 -0.081650000065565095 0.45287249982357031 -0.61190000176429737 0.97904998064041149 0.54524999856948864
decision_type=2 2 2 2 2 2 2 2 2 2 2 2 2 2 2 2 2 2 2 2 2 2 2 2 2 2 2 2 2 2
left_child=1 25 3 20 5 6 -2 19 18 -10 12 16 -7 -14 15 -6 -12 -13 -5 -8 -3 -22 23 -17 -24 -1 -4 -16 -9 -28
right_child=4 2 26 8 14 10 7 28 9 -11 11 17 13 -15 27 22 -18 -19 -20 -21 21 -23 24 -25 -26 -27 29 -29 -30 -31
leaf_value=0.047525522631325888 -0.042673838686158677 0.042446105081687453 0.019272374595860821 0.0033528148026019501 0.01188114667138674 0.020985983968259649 0.0065021332597655695 0.018436122327711579 -0.044535184393924794 0.0096387192983332839 -0.0067106996342490748 0.0037880529057026861 0.0037685082641713409 -0.0096715776696329522 -0.044056054731088354 0.0011243572928836404 0.00098762507855261429 -0.0014757711891411171 -0.011896963223553117 -0.011019636215189949 0.0031480237249639862 0.011923456567233965 0.0072766945248135609 -0.013220381798918943 -0.05904142467525865 0.0081379334288713533 -0.023684375193324073 0.020039146469046892 0.0073128090924941616 0.010228096197737246
leaf_weight=209.36565701663494 48.073068112134933 55.164056204259396 927.18211126327515 1109.3264401257038 1492.6018095314503 369.60147976875305 528.26274053007364 688.43878950923681 128.11084775626659 61.909817241132259 5300.6594924330711 5761.8784889802337 5212.4111842140555 586.32803629338741 15.244399920105932 2460.3955184966326 2180.9441363140941 7292.6953118294477 566.70030678808689 470.70362177491188 3692.7907880470157 1280.2680887430906 1958.565072119236 442.64833492040634 15.769228801131247 49.81956247985363 52.444564536213875 519.16600973904133 1547.1661641970277 1896.859208509326
leaf_count=1098 167 124 2360 3914 3829 953 1459 1805 759 178 16483 16858 15073 1888 50 6758 6614 22169 2553 1398 11753 3480 5200 1292 62 133 157 1297 4346 5033
internal_value=0.00265898 0.00672827 0.00584689 0.00306056 0.00155264 0.000652885 0.00615439 0.00688008 -0.00435753 -0.026885 -2.33848e-05 -0.00108848 0.00352262 0.00240954 0.00546045 0.00439076 -0.00446658 0.000847515 -0.00180346 -0.00175396 0.00581353 0.00540718 0.00209851 -0.00106289 0.006747 0.0399546 0.0125251 0.0182108 0.0107382 0.00931571
internal_weight=46921.5 10029.9 9770.76 6894.27 36891.6 29987.2 3282.64 3234.57 1866.05 190.021 26704.5 20536.2 6168.34 5798.74 6904.39 6369.98 7481.6 13054.6 1676.03 998.966 5028.22 4973.06 4877.38 2903.04 1974.33 259.185 2876.49 534.41 2235.6 1949.3
internal_count=139243 31542 30311 22761 107701 89213 9175 9008 7404 937 80038 62124 17914 16961 18488 17141 23097 39027 6467 2857 15357 15233 13312 8050 5262 1231 7550 1347 6151 5190
is_linear=0
shrinkage=0.05


Tree=55
num_leaves=31
num_cat=0
split_feature=37 51 35 35 31 40 21 40 30 30 23 40 21 22 31 23 2 44 21 33 39 21 21 51 8 27 35 30 23 24
split_gain=96.352 70.5138 53.5638 83.187 85.6709 82.6077 64.3582 48.816 45.0541 56.3257 42.8802 53.6839 52.6265 36.2582 35.9528 33.4717 33.4666 32.7759 31.0495 26.9284 24.1785 43.5177 33.9772 22.7692 28.23 26.727 25.6591 22.5843 24.7018 23.3921
threshold=-0.4959499984979629 -0.020879999734461304 3.5000000000000004 23.500000000000004 0.018675000406801704 2.5000000000000004 10.949999809265138 1.5000000000000002 0.017044999636709694 -0.12147499993443488 42.82500076293946 1.5000000000000002 14.434999942779543 0.66224998235702526 0.14897499978542331 19.515000343322757 0.30965042114257818 -0.085050001740455614 15.295000076293947 0.020849999971687797 0.11275000125169755 11.989999771118166 18.030000686645511 -0.015275000128895043 0.011747121810913088 -0.007264999905601143 1.0000000180025095e-35 0.0079550002701580542 96.295001983642592 -0.0781549997627735
decision_type=2 2 2 2 2 2 2 2 2 2 2 2 2 2 2 2 2 2 2 2 2 2 2 2 2 2 2 2 2 2
left_child=1 -1 7 4 8 14 -5 15 9 -4 12 -12 -8 18 -6 -2 -10 -7 -9 23 21 -17 -22 24 -3 -26 -25 29 -29 -15
right_child=2 19 3 6 5 17 10 13 16 -11 11 -13 -14 27 -16 20 -18 -19 -20 -21 22 -23 -24 26 25 -27 -28 28 -30 -31
leaf_value=0.049849770980411851 -0.035235001440007893 0.047156639990935598 0.011721552787527928 -0.046378671627379964 -0.00016083382520292206 0.026349181371745384 0.03063219647671871 0.0029447754990609264 0.0078894846880757149 -0.00606436836554867 0.0078050453630221436 -0.001021324341838481 0.0080789442064424857 0.00040249152960782677 0.0055216659532445408 0.031899688611715431 -0.0021880789774767553 0.0092889618076561434 -0.04928998402028853 0.024962087329517532 0.002268608798316675 0.010121808684359494 0.013682991173068272 0.04290638598625296 -0.0031778826067219088 0.076932732923778252 -0.0038162578236368172 0.0049068818400185166 0.058134051785364065 -0.015254044017230748
leaf_weight=146.83646554499865 43.662543028593063 66.002224043011665 471.02418260276318 59.072349719703197 10561.312102004886 392.25380183756351 360.52969489991665 50.272633232176304 1330.510921664536 8099.5689327418804 4634.9415668547153 2741.843586049974 915.40610568225384 1189.3964553698897 3779.6748620718718 252.72087255865335 2163.369364194572 997.35828215628862 65.537781752645969 285.76060707867146 2176.5705454200506 2484.7860630527139 930.76006522774696 31.859081625938416 95.287191301584244 11.688545584678648 378.40408074855804 1820.2931999638677 22.061425678431988 298.43088261038065
leaf_count=867 167 179 1252 215 31677 981 939 141 3883 26655 13202 8251 2640 3397 10420 629 6496 2813 239 767 6165 6802 2491 79 284 21 1161 5147 69 1094
internal_value=0.00257171 0.0178027 0.00223419 0.00136995 3.37205e-05 0.00246472 0.0056332 0.00561421 -0.003136 -0.00508689 0.00598828 0.00452441 0.0144516 0.000887586 0.00133683 0.00838026 0.00164958 0.0141046 -0.0266152 0.0123877 0.00870608 0.0121323 0.00568764 0.00622681 0.0214412 0.00557529 -0.000188 0.00184402 0.00554425 -0.00273792
internal_weight=46857.2 1015.84 45841.4 36506.9 27795.1 15730.6 8711.79 9334.49 12064.5 8570.59 8652.72 7376.79 1275.94 3445.99 14341 5888.5 3493.88 1389.61 115.81 869.002 5844.84 2737.51 3107.33 583.241 172.978 106.976 410.263 3330.18 1842.35 1487.83
internal_count=139123 3358 135765 109424 84177 45891 25247 26341 38286 27907 25032 21453 3579 10087 42097 16254 10379 3794 380 2491 16087 7431 8656 1724 484 305 1240 9707 5216 4491
is_linear=0
shrinkage=0.05


Tree=56
num_leaves=31
num_cat=0
split_feature=37 51 35 35 13 12 40 21 35 21 40 31 21 40 34 22 31 23 16 51 35 28 21 3 48 13 35 30 21 21
split_gain=88.8637 99.1037 52.0644 75.3152 93.4617 86.1779 63.1984 55.5609 53.3342 53.1792 48.0202 46.9868 40.7982 72.4089 40.7307 34.5714 32.7123 33.2262 40.5143 39.4205 27.7839 27.3102 27.2304 26.4951 26.0966 26.0291 22.7876 20.1574 19.6049 69.9356
threshold=-0.23104999959468839 -0.020879999734461304 3.5000000000000004 23.500000000000004 0.10249499976634981 -0.24296500533819196 2.5000000000000004 10.949999809265138 14.500000000000002 20.400000572204593 1.5000000000000002 0.14897499978542331 12.234999656677248 1.5000000000000002 69.500000000000014 0.66224998235702526 0.040544999763369567 84.534999847412124 0.99805000424385082 -0.010855000000447033 5.0000000000000009 0.0079550002701580542 14.969999790191652 0.073759026825428023 0.12264999747276308 0.64663499593734752 7.5000000000000009 -0.015885000117123124 21.154999732971195 21.689999580383304
decision_type=2 2 2 2 2 2 2 2 2 2 2 2 2 2 2 2 2 2 2 2 2 2 2 2 2 2 2 2 2 2
left_child=1 25 10 4 5 8 11 -5 -4 -8 28 -6 27 -14 -7 22 17 21 19 -19 -20 24 -12 -18 -3 -1 -23 -9 -2 -30
right_child=2 16 3 7 6 14 9 12 -10 -11 15 -13 13 -15 -16 -17 23 18 20 -21 -22 26 -24 -25 -26 -27 -28 -29 29 -31
leaf_value=0.049499477984783651 0.0090628069398204641 -0.03455759507501123 0.0065622887128486962 -0.043564136421493996 -0.0010042420237000337 -0.0065418885507795843 0.014724866310245012 0.03063996910694974 -0.010905478383616919 -0.0018055466718434445 0.0059325131994498849 0.005144486264712235 0.0077502583160397338 -0.0026663852434971359 -0.02459624244041192 0.0015457056464770556 -0.013982095330937984 -0.032531224300598259 0.007895623523046116 0.077587688973659849 -0.029298833972534567 0.00094462047383799962 -0.044827328896639353 0.024301792945301447 0.008588935566364593 -0.09464451708167898 0.016372213472341749 0.011894871840643062 -0.02019664496198996 0.015781076531270682
leaf_weight=184.16161546856165 5193.4398279339075 66.728598773479462 994.43232603371143 58.021537497639656 17997.433464027941 495.97343622893095 1413.1460847780108 185.11116206645966 779.55243220925331 741.99982692301273 41.444244056940079 3755.3450914025307 5175.7456135228276 2461.8350574672222 843.9655419588089 3253.5097336918116 50.433900162577629 12.481154546141623 72.346456930041313 23.297237738966942 164.08028942346573 349.82972536981106 72.888759255409241 434.92676232755184 73.810187287628651 3.1860741674900046 757.94636580348015 636.72377766668797 252.12034955620766 290.95098518580198
leaf_count=1064 14236 346 2833 211 54303 1854 3842 475 2412 2159 114 10360 14697 7396 3848 9459 146 44 258 74 700 1044 264 1138 277 16 2191 1820 774 768
internal_value=0.00244441 0.0122704 0.00196168 0.00109745 -0.000194821 -0.00834273 0.000866416 0.00519723 -0.00111367 0.00903357 0.00533526 5.7259e-05 0.00553167 0.00439264 -0.0179135 0.000596058 0.00902218 0.00541466 -0.0104134 0.0391731 -0.0179174 0.0088661 -0.0264275 0.0203237 -0.0118973 0.0470481 0.0115003 0.016117 0.0081176 -0.000921546
internal_weight=46836.9 2193.23 44643.6 35539.3 27021.8 3113.92 23907.9 8517.44 1773.98 2155.15 9104.35 21752.8 8459.42 7637.58 1339.94 3367.84 2005.88 1520.52 272.205 35.7784 236.427 1248.31 114.333 485.361 140.539 187.348 1107.78 821.835 5736.51 543.071
internal_count=139123 7298 131825 106210 81611 10947 70664 24599 5245 6001 25615 64663 24388 22093 5702 9837 6218 4934 1076 118 958 3858 378 1284 623 1080 3235 2295 15778 1542
is_linear=0
shrinkage=0.05


Tree=57
num_leaves=31
num_cat=0
split_feature=37 51 21 29 37 43 35 35 23 52 21 28 23 44 37 35 33 37 51 25 35 29 13 36 28 48 34 15 44 41
split_gain=82.8371 66.0178 48.5379 46.8739 70.5104 54.6344 44.6908 71.2851 48.4951 39.2942 49.2689 38.1519 35.8078 34.954 26.8609 26.8269 23.635 23.446 21.2579 34.5421 23.4871 27.3067 21.8631 17.8127 17.0435 28.2817 17.7398 16.911 15.3279 12.0887
threshold=-0.4959499984979629 -0.020879999734461304 29.279999732971195 0.01969499979168177 0.39714999496936804 7.5000000000000009 5.0000000000000009 21.500000000000004 19.515000343322757 2.5000000000000004 16.110000610351566 0.041804999113082893 69.795001983642592 -0.027250000275671479 1.5813000202178957 22.500000000000004 0.020849999971687797 -0.20455000549554822 -0.015275000128895043 1.1416500210762026 1.0000000180025095e-35 0.0030549999792128806 0.14754500240087512 0.48354999721050268 0.0092549999244511145 0.40545000135898596 97.500000000000014 1.0999500155448916 0.013150000013411047 1.0000000180025095e-35
decision_type=2 2 2 2 2 2 2 2 2 2 2 2 2 2 2 2 2 2 2 2 2 2 2 2 2 2 2 2 2 2
left_child=1 -1 3 5 9 6 8 -8 -2 10 -5 13 -11 -6 -13 -7 18 -17 19 -3 23 -22 -21 -20 25 26 -18 28 29 -4
right_child=2 16 27 4 11 15 7 -9 -10 12 -12 14 -14 -15 -16 17 24 -19 20 22 21 -23 -24 -25 -26 -27 -28 -29 -30 -31
leaf_value=0.049076774025204578 -0.039295021961753093 0.045401480014067783 0.031110262141499735 0.00054800629472837655 0.0036288335625883177 -0.046710163536274663 -0.0032118061364271263 0.0034712313367545353 0.004689094951361922 0.010706212452499753 0.014350315892039184 0.0060453580097387209 0.029070201028843834 -0.0033352696789963783 0.00014549239873910659 0.075776188340555883 0.0062883384288404294 -0.019707451359510065 0.015658501332558927 0.012311096222010764 -0.02003045251465916 0.0072995925281950638 -0.047794896509264856 0.096930339738198021 0.028251983007446219 0.060622169628710802 -0.073342425289926558 -0.037529587716938498 0.056186447023797485 -0.0048962972946520102
leaf_weight=135.10285237431526 63.333199955523014 76.788536056876183 96.400097787380219 2246.3222756609321 2899.4957633465528 91.14381929859519 10939.763499170542 6281.1554447486997 5967.3736981526017 2349.9170858412981 907.87567411363125 5936.6463975161314 299.25468324124813 4759.3240605741739 2857.9174712300301 8.8203879147768003 13.806001901626589 23.714185625314713 21.533182635903362 75.125072121620178 155.19427746534348 222.32963185012341 18.944326907396317 9.8151404410600644 243.66432504355907 10.985153988003729 14.174942031502722 9.4029037207365018 45.623964428901672 30.745290443301201
leaf_count=867 272 214 229 6403 8428 547 35056 19154 17425 6347 2416 16041 752 14401 7924 26 52 130 58 205 530 631 65 21 622 25 68 30 96 88
internal_value=0.00232355 0.0165782 0.0020132 0.00191037 0.00355265 0.000346671 0.000522968 -0.000774236 0.00422718 0.00829129 0.00452074 0.00188126 0.0127806 -0.000698782 0.00412811 -0.0327973 0.0114868 0.00617894 0.00570715 0.0205185 -0.00048214 -0.00393537 0.000206548 0.0411047 0.0233419 -0.00736189 -0.034052 0.0277707 0.0313247 0.0224034
internal_weight=46811.7 997.463 45814.2 45632.1 22256.8 23375.3 23251.6 17220.9 6030.71 5803.37 3154.2 16453.4 2649.17 7658.82 8794.56 123.678 862.361 32.5346 579.73 170.858 408.872 377.524 94.0694 31.3483 282.63 38.9661 27.9809 182.172 172.769 127.145
internal_count=139123 3358 135765 135322 62712 72610 71907 54210 17697 15918 8819 46794 7099 22829 23965 703 2491 156 1724 484 1240 1161 270 79 767 145 120 443 413 317
is_linear=0
shrinkage=0.05


Tree=58
num_leaves=31
num_cat=0
split_feature=37 51 12 7 12 44 21 31 37 21 15 31 25 43 14 21 34 9 40 28 29 21 1 21 31 49 16 40 1 30
split_gain=77.3352 96.99 48.7018 70.0293 104.268 56.504 48.2089 51.808 51.9417 42.2002 41.0055 39.0691 40.8921 38.5794 36.4486 36.2022 35.1916 34.0809 33.2375 33.1033 32.369 29.777 29.4885 29.3496 28.6882 40.0725 24.3024 23.913 23.0801 22.8176
threshold=-0.15554999560117719 -0.020879999734461304 -0.29178500175476069 39.242727279663093 -0.12612500041723249 -0.019049999304115769 25.60999965667725 0.14897499978542331 0.39294999837875372 19.099999427795414 1.0732499957084658 0.041415000334382064 1.3216499686241152 3.5000000000000004 0.99994999170303356 18.10999965667725 65.500000000000014 5.5000000000000009 2.5000000000000004 0.0079550002701580542 1.0000000180025095e-35 22.729999542236332 0.30910533666610723 24.590000152587894 -0.014415000099688767 0.19704999774694446 0.97734999656677257 2.5000000000000004 3.3266087770462041 -0.093359999358654008
decision_type=2 2 2 2 2 2 2 2 2 2 2 2 2 2 2 2 2 2 2 2 2 2 2 2 2 2 2 2 2 2
left_child=1 -1 5 4 29 9 7 8 -5 15 26 12 13 19 -15 18 27 24 -2 -3 23 -22 -14 -11 -7 -26 -8 -6 -13 -4
right_child=2 11 3 6 16 17 10 -9 -10 20 -12 28 22 14 -16 -17 -18 -19 -20 -21 21 -23 -24 -25 25 -27 -28 -29 -30 -31
leaf_value=0.045890120384761451 0.0079877228127189642 -0.016614854470676167 0.0078276261539769344 0.0031399713597798635 -0.022589806608628873 -0.0041755439832879843 0.00051676503132856884 0.0056054671732230256 -0.0013703126199286399 -0.019619722734669755 -0.016854467828237497 0.021629403384317694 -0.0025525210404670861 -0.017461667734256628 0.039587858034501891 0.026880896070135354 -0.052728622083749094 -0.0086697230831623614 0.025329269451949223 0.0084202618808382028 0.012077471147420714 -0.015249621052928992 -0.035120208033580715 0.018790482373327838 -0.010862369322881246 0.0089043361178338856 0.034560886175986315 0.094571418555652501 -0.016770442056329549 -0.0060263585788817089
leaf_weight=180.4536087103188 3391.849198564887 150.857506506145 377.87854245305061 10256.54695732519 199.31270723044872 982.18479150533676 67.246357202529907 5623.7044620215893 16903.650135703385 289.62238711118698 64.393630191683769 562.90839872509241 379.29423283785582 34.049436241388321 157.51545661687851 322.01689870655537 138.01692772656679 800.14125661551952 300.81210666894913 1058.6645950525999 461.93746612966061 127.11802281439304 85.100023053586483 60.044227346777916 297.94017411768436 1838.9973695427179 237.77415651828051 4.452467553317546 42.054168924689293 1392.188882805407
leaf_count=1095 9285 710 1036 31600 886 2884 189 15403 50362 885 192 1506 1267 138 553 793 854 2408 739 3255 1230 379 333 153 871 5083 591 20 123 4300
internal_value=0.00220867 0.0105033 0.00171049 0.000877405 -0.00795073 0.00502168 0.00143975 0.00123736 0.000332913 0.0085709 0.0194013 0.00791846 0.00433776 0.00859968 0.0294477 0.0108025 -0.033234 0.000535957 0.0094004 0.00529776 -0.000973149 0.00618029 -0.00852053 -0.013024 0.00289747 0.00614838 0.0270553 -0.0200297 0.01896 -0.00306877
internal_weight=46788.7 2650.9 44137.8 35265.2 2111.85 8872.66 33153.3 32783.9 27160.2 4953.4 369.414 2470.44 1865.48 1401.09 191.565 4014.68 341.782 3919.26 3692.66 1209.52 938.722 589.055 464.394 349.667 3119.12 2136.94 305.021 203.765 604.963 1770.07
internal_count=139123 8980 130143 105433 7096 24710 98337 97365 81962 13464 972 7885 6256 4656 691 10817 1760 11246 10024 3965 2647 1609 1600 1038 8838 5954 780 906 1629 5336
is_linear=0
shrinkage=0.05


Tree=59
num_leaves=31
num_cat=0
split_feature=37 51 35 21 21 35 31 43 21 9 21 21 23 13 37 12 16 21 31 9 21 33 21 32 33 8 15 16 9 15
split_gain=71.9917 52.663 45.9321 61.9803 177.239 55.3284 83.5655 57.3308 53.3389 54.912 61.6133 61.1574 44.8575 43.2521 42.6458 41.6254 39.2704 38.9177 36.1982 33.259 34.0626 29.6622 28.4404 23.5041 21.1487 19.3968 18.7039 17.7169 16.6953 16.2611
threshold=-0.55324998497962941 -0.020879999734461304 1.5000000000000002 16.229999542236332 15.490000247955324 23.500000000000004 0.021004999987781051 7.5000000000000009 10.949999809265138 1.0000000180025095e-35 12.38000011444092 17.880000114440922 51.335000991821296 0.17731500416994098 1.0000000180025095e-35 -0.18951500207185742 0.99924999475479137 15.555000305175783 -0.0099849998950958235 2.5000000000000004 13.47499990463257 0.28305000066757208 19.099999427795414 -1.0000000180025095e-35 0.020849999971687797 0.0059828758239746102 1.0442499518394472 0.96555000543594371 1.0000000180025095e-35 1.0169499516487124
decision_type=2 2 2 2 2 2 2 2 2 2 2 2 2 2 2 2 2 2 2 2 2 2 2 2 2 2 2 2 2 2
left_child=1 -1 3 4 19 6 7 13 26 11 -11 -10 22 -4 -14 -6 18 -17 27 21 -21 -2 -8 -18 -3 -25 -7 -5 -28 -20
right_child=2 24 5 16 15 8 12 -9 9 10 -12 -13 14 -15 -16 17 23 -19 29 20 -22 -23 -24 25 -26 -27 28 -29 -30 -31
leaf_value=0.048288172817355667 0.018509792360222221 0.0056442029440688692 -0.0055820129752358 0.021330041664874275 -0.06020780788675073 -0.062541549390367893 0.013925129778529728 -0.047669951971877289 0.0063854828272015248 0.019803913460625745 0.00057052153938502682 0.022456594853958331 0.011806908611247351 -5.3279403158033041e-06 0.0012475096968486814 -0.051411228339304206 -0.024299383989486445 -0.0062997349896072898 0.049960231933568681 -0.0060965966429601245 0.0090582334539121342 0.0029926720036019625 -0.0075363344706004341 -0.00039559498456178158 0.024182347048432265 0.014617866773545358 -0.041218513942928713 0.0019329104688249939 0.050541491429557939 0.017795331670592236
leaf_weight=114.40162187069654 750.63338212668896 471.28739463537931 5831.4671106077731 434.31802229583263 98.901375710964203 39.162939913570881 1224.7125443518162 69.83349159732461 2354.8991061449051 453.63779097795486 5071.5284920185804 790.74030125141144 1019.289760902524 8611.222731500864 15442.506196133792 71.08916649222374 55.811997398734093 145.99406367540359 139.77850760519505 777.42955034226179 708.85236938297749 522.25766610354185 176.6314592435956 339.74982960522175 228.41003180295229 586.53222730010748 12.086242094635963 161.49238187819719 8.4039448797702789 54.659463599324226
leaf_count=798 2038 1393 19798 1089 358 157 3330 434 6753 1256 15069 2032 3105 25423 44771 265 172 441 330 2319 1981 1454 520 999 614 1562 42 460 20 140
internal_value=0.00209926 0.016838 0.00183816 0.00644139 0.00214921 0.00129531 0.000342736 -0.00247553 0.00482781 0.00515197 0.00214966 0.0104254 0.00263237 -0.002257 0.00190133 -0.0333217 0.0138887 -0.0210726 0.0221857 0.00621139 0.0011312 0.0121432 0.01122 0.00721239 0.0116958 0.0091111 -0.0422902 0.0160725 -0.00358362 0.0409182
internal_weight=46767.7 814.099 45953.6 4847.5 3075.16 41106.1 32375.7 14512.5 8730.46 8670.81 5525.17 3145.64 17863.1 14442.7 16461.8 315.985 1772.34 217.083 790.248 2759.17 1486.28 1272.89 1401.34 982.094 699.697 926.282 59.6531 595.81 20.4902 194.438
internal_count=139123 2805 136318 13608 8856 122710 97381 45655 25329 25110 16325 8785 51726 45221 47876 1064 4752 706 2019 7792 4300 3492 3850 2733 2007 2561 219 1549 62 470
is_linear=0
shrinkage=0.05


Tree=60
num_leaves=31
num_cat=0
split_feature=37 51 28 28 49 37 12 30 35 53 13 28 51 14 44 12 30 14 35 6 36 16 2 23 29 37 13 12 14 51
split_gain=73.8022 83.4653 62.9698 50.1882 48.9286 45.634 47.9736 42.9713 43.7023 36.7618 47.5393 34.9672 32.6785 31.7263 36.7066 32.6245 30.9755 32.0297 33.8226 42.5899 28.4612 28.1623 28.9198 27.7172 32.5331 27.0233 26.655 26.4028 25.7101 26.9865
threshold=0.18865000456571582 -0.020879999734461304 0.024124999530613426 0.028764999471604828 0.36379998922348028 -0.55324998497962941 -0.109995000064373 0.016055000014603141 22.500000000000004 0.50475001335144054 0.070650000125169768 0.0097349998541176336 0.028885000385344032 0.95864999294281017 -0.10054999962449072 -0.0061449999921023837 -0.088844999670982347 0.45055000483989721 1.0000000180025095e-35 0.021595956757664684 0.47664999961853033 0.54524999856948864 0.97240453958511364 75.534999847412124 0.055955000221729286 -0.081650000065565095 0.80605000257492077 -0.040994999930262559 0.68505001068115245 -0.0046849998179823151
decision_type=2 2 2 2 2 2 2 2 2 2 2 2 2 2 2 2 2 2 2 2 2 2 2 2 2 2 2 2 2 2
left_child=1 25 4 9 5 11 -7 8 -6 12 -11 -3 13 14 -2 -15 28 -18 19 -19 21 22 -4 24 -12 -1 -25 -20 -5 -30
right_child=3 2 20 16 7 6 -8 -9 -10 10 23 -13 -14 15 -16 -17 17 18 27 -21 -22 -23 -24 26 -26 -27 -28 -29 29 -31
leaf_value=0.045067078789819706 -0.0090608665480886637 -0.062494095114871896 -0.0018920566720922055 0.021067031331113473 -0.0020860398691453317 0.0038817481397181402 -0.018269523164414204 0.0099975829933559787 0.011585125008402114 -0.015447117898711005 -0.002119889828295053 0.01848235442919317 -0.048774054522103968 0.0068914034681294535 0.0020814958256071283 -0.024345918274023045 -0.0054499536910929351 0.020079520815499432 0.00091713815844060098 0.0010167427910890909 0.024305916325490489 0.010268411851937337 -0.077711111489228518 -0.018440801840393119 0.014158607729821372 0.0018819167166847105 0.0070509151248870977 0.00529563984094628 0.027263814832622066 0.00091906281155206828
leaf_weight=175.71501271426678 1053.8685910105705 14.176409050822256 42.578116208314896 384.56274816393852 2589.0769613608718 375.38825457543135 700.60864984244108 2200.4958962500095 755.04044958949089 745.25547724217176 7094.1747648864985 223.72709093987942 31.985240787267685 2669.5799986049533 2475.0649491399527 86.288157813251019 1333.0263539105654 601.44442424178123 13527.347109943628 571.3455121666193 369.20856013894081 2425.6014404892921 17.84956893324852 455.16330313682556 320.80841583013535 45.6325443983078 132.36824675649405 4618.5462362468243 115.49352648854256 613.94020658731461
leaf_count=1123 3261 72 117 976 9402 1073 2705 6292 2557 2881 21900 617 114 7778 7391 292 3877 1513 38275 1584 933 6439 65 1847 876 126 378 12733 279 1690
internal_value=0.00198037 0.00580473 0.00511293 0.000948735 0.00251547 -0.00615995 -0.0105415 0.00457128 0.00100066 -0.00126985 -0.00336874 0.0136571 0.00163678 0.00189334 -0.00124602 0.00591334 0.00248427 0.00204619 0.00256344 0.0107927 0.0113522 0.00942845 -0.024288 -0.00224391 -0.0014156 0.0361641 -0.0126976 0.00203157 0.0106056 0.00509031
internal_weight=46765.4 9935.1 9713.75 36830.3 6858.51 1313.9 1076 5544.61 3344.12 15064.6 8747.77 237.903 6316.79 6284.8 3528.93 2755.87 21765.7 20651.7 19318.7 1172.79 2855.24 2486.03 60.4277 8002.51 7414.98 221.348 587.532 18145.9 1114 729.434
internal_count=139166 31521 30272 107645 22718 4467 3778 18251 11959 46718 27882 689 18836 18722 10652 8070 60927 57982 54105 3097 7554 6621 182 25001 22776 1249 2225 51008 2945 1969
is_linear=0
shrinkage=0.05


Tree=61
num_leaves=31
num_cat=0
split_feature=37 30 7 35 13 5 12 21 7 8 21 35 1 18 7 27 5 33 43 43 21 18 13 33 37 27 35 21 21 7
split_gain=66.8011 68.7905 52.0255 49.0807 47.9036 49.1761 64.8007 61.2494 44.7882 43.4598 40.1518 40.0782 51.3101 42.0881 39.8829 35.559 31.8027 29.6309 29.5387 28.9948 28.7575 28.2268 26.0147 37.4138 31.3854 25.6961 25.4225 22.6728 29.6197 27.394
threshold=0.18865000456571582 0.016055000014603141 82.027793884277358 22.500000000000004 0.99126499891281139 -0.94016993045806874 -0.22857499867677686 26.694999694824222 39.854011535644538 -0.041859447956085198 22.85000038146973 10.500000000000002 0.98934882879257213 0.99924999475479137 30.461235046386722 -0.0021949999500066038 -98.260566711425767 0.035350000485777862 6.5000000000000009 2.5000000000000004 22.729999542236332 0.99594998359680187 6.7517299652099618 -0.21824999898672101 1.2982500195503237 0.058319998905062682 5.0000000000000009 18.929999351501468 18.425000190734867 52.948865890502937
decision_type=2 2 2 2 2 2 2 2 2 2 2 2 2 2 2 2 2 2 2 2 2 2 2 2 2 2 2 2 2 2
left_child=1 2 3 14 5 7 9 16 26 17 -11 12 13 -4 -1 -16 -2 -7 -10 -13 -18 -21 25 24 -24 -6 -8 28 -3 -29
right_child=4 27 11 -5 22 6 8 -9 18 10 -12 19 -14 -15 15 -17 20 -19 -20 21 -22 -23 23 -25 -26 -27 -28 29 -30 -31
leaf_value=-0.016093881548112404 -0.028024566208565117 0.0094064538681330485 0.050786141593001904 0.012071014880299933 0.0047758000497215309 0.0088358643010567044 0.00067477037176594918 0.024868680641693695 -7.4434259588521251e-05 0.0043231203983672166 -0.015776248807573039 -0.043670260936785894 0.13079436959770463 -0.017840495361723826 -0.0005556907759673627 0.011793685331981708 -0.0036323650373071615 0.03266841093927654 -0.031820322632335696 0.056966818285294846 -0.02157032916288525 -0.020918709459274012 0.034360353956099675 -0.035362696996532182 -0.017563314260024884 0.021029540747265381 -0.019283089669047026 0.00018319694920849105 -0.021924424372519249 0.025714569788833009
leaf_weight=335.4083017706871 146.49147632718086 3790.0077082701027 28.2818453758955 1166.2413193285465 5886.3531926944852 329.82449248433113 234.99039860069752 176.6687019020319 15574.258337374777 7589.6849730610847 256.88374678790569 141.16088515147567 7.5179455801844588 106.36916551366448 2899.7489886209369 729.56343770772219 5138.8373689651489 215.72050629556179 73.621375896036625 14.856264691799877 233.5879283696413 53.615710064768791 54.643038973212242 96.458060324192047 62.265578076243401 253.64220279455185 497.1017182096839 139.05122426152229 76.967476800084114 429.82053097337484
leaf_count=1328 481 11162 104 3536 16133 888 726 444 46427 21369 776 900 27 608 9478 2049 15644 516 377 70 729 364 135 331 213 639 1817 404 259 1232
internal_value=0.00188254 0.00552456 0.00177916 0.00305451 0.00090148 7.79331e-05 0.00104113 -0.00411135 -0.000789318 0.00461385 0.0036651 -0.0168215 0.00367135 -0.00342629 0.000402262 0.00192678 -0.00503904 0.0182598 -0.000223795 -0.0307194 -0.00441229 -0.00402 0.00485081 -0.0123124 0.00670579 0.00544724 -0.0128769 0.0101539 0.00878285 0.0194739
internal_weight=46739.6 9918.61 5482.76 5130.96 36821 30467.7 24772.1 5695.59 16380 8392.11 7846.57 351.802 142.169 134.651 3964.72 3629.31 5518.92 545.545 15647.9 209.633 5372.43 68.472 6353.36 213.367 116.909 6140 732.092 4435.85 3866.98 568.872
internal_count=139166 31521 18464 16391 107645 90194 72896 17298 49347 23549 22145 2073 739 712 12855 11527 16854 1404 46804 1334 16373 434 17451 679 348 16772 2543 13057 11421 1636
is_linear=0
shrinkage=0.05


Tree=62
num_leaves=31
num_cat=0
split_feature=37 51 33 12 13 33 34 12 13 22 21 5 21 7 21 21 15 15 51 18 0 37 40 15 27 31 21 7 51 23
split_gain=60.3748 78.2397 57.5569 61.9728 56.0765 47.1685 46.0418 41.9568 54.9577 36.8756 36.5044 33.8856 32.8972 32.2196 30.2876 28.3945 66.601 29.082 28.0217 26.6546 26.5222 26.4763 25.5787 25.4855 24.5398 23.4694 21.377 26.6715 21.1657 28.0115
threshold=0.18865000456571582 -0.020879999734461304 0.17115000635385516 -0.10722500085830687 0.045225000008940704 1.0000000180025095e-35 213.50000000000003 -0.27910500764846796 0.80605000257492077 2.9495500326156621 22.729999542236332 -53.705646514892571 29.279999732971195 57.952096939086921 21.375000000000004 25.60999965667725 1.0732499957084658 1.1283499598503115 0.043275000527501113 0.54524999856948864 0.60894271731376659 -0.081650000065565095 2.5000000000000004 0.90985000133514415 -0.018854999914765355 0.19869499653577807 13.47499990463257 72.947742462158217 0.0084250001236796396 79.99499893188478
decision_type=2 2 2 2 2 2 2 2 2 2 2 2 2 2 2 2 2 2 2 2 2 2 2 2 2 2 2 2 2 2
left_child=1 21 3 19 9 -6 7 10 15 -5 11 20 -12 -13 24 17 -17 -9 25 -3 -2 -1 -20 -4 -8 -10 -25 -28 29 -26
right_child=6 2 23 4 5 -7 14 8 18 -11 12 13 -14 -15 -16 16 -18 -19 22 -21 -22 -23 -24 26 28 -27 27 -29 -30 -31
leaf_value=0.044359045751550114 -0.037881483157668351 -0.024425562275049356 -0.050025099517188434 -0.056643951739856979 0.003058718691769235 -0.010714339903629185 -0.023664547267848557 -0.0013973768293695024 0.0032705907735484582 -0.013884431721090135 -0.01474711637121677 0.0093407040873149383 0.02770241687640955 0.00053979125444472134 -0.03022098328194003 0.023995987758992279 -0.044938542438186506 0.011169147251510851 -0.0062049232621370128 0.0073360198875224245 0.010876868303563145 0.0013766514802131863 -0.05454025057298139 0.003223001191178864 -0.0035497671215783035 0.01005681047897544 0.012337693821142769 0.034796774935503011 0.0047051044961309305 -0.031775638917506628
leaf_weight=167.98680158704519 75.569953039288521 67.274723887443542 16.982188642024994 66.462821796536446 2293.2389924526215 852.79643524810672 142.55471141636372 17788.767763748765 6067.3648772537708 208.9039363488555 349.32990972697735 3918.7089461386204 52.50007651746273 1415.5984742194414 106.74157843738794 255.39818951487541 40.609991982579231 472.63027758896351 230.84679818153381 3644.1920315623283 44.204603582620621 45.540125101804733 31.052727490663528 604.741957873106 3309.4191749989986 1612.6902890354395 1797.0104526728392 142.68778138235211 807.63387676328421 90.296803154051304
leaf_count=1123 260 206 57 368 7754 3508 442 53919 16878 1051 1051 10651 127 4011 360 650 135 1236 695 10203 121 126 108 1785 10071 4241 4938 402 2297 392
internal_value=0.0017891 0.00525369 0.00459427 0.00228556 -0.00256854 -0.000674747 0.000856611 0.00151288 0.000666477 -0.0242049 0.00534306 0.0064146 -0.00920098 0.00700515 -0.00390792 -0.00082313 0.0145387 -0.00107214 0.00414714 0.0067603 -0.0198865 0.0351919 -0.0119359 0.0110234 -0.00326223 0.00469559 0.0114309 0.0139898 -0.00257095 -0.00429945
internal_weight=46719.7 9907.82 9694.29 7132.87 3421.4 3146.04 36811.9 32355.3 26499.4 275.367 5855.91 5454.08 401.83 5334.31 4456.65 18557.4 296.008 18261.4 7941.95 3711.47 119.775 213.527 261.9 2561.42 4349.9 7680.06 2544.44 1939.7 4207.35 3399.72
internal_count=139166 31521 30272 23090 12681 11262 107645 94083 77862 1419 16221 15043 1178 14662 13562 55940 785 55155 21922 10409 381 1249 803 7182 13202 21119 7125 5340 12760 10463
is_linear=0
shrinkage=0.05


Tree=63
num_leaves=31
num_cat=0
split_feature=37 51 28 27 37 25 0 34 37 5 22 21 51 7 51 23 52 21 13 52 37 24 22 22 31 23 0 16 2 0
split_gain=54.6143 73.4957 54.0576 44.9454 55.8887 40.8124 41.9177 39.1873 39.3087 51.5466 46.2443 41.7119 38.4295 36.0196 34.7337 34.3669 34.1741 31.4298 28.7428 26.1696 25.6228 25.4507 24.7878 24.1502 23.3557 22.9735 22.8788 22.556 22.4549 21.8193
threshold=0.18865000456571582 -0.020879999734461304 0.024124999530613426 0.020595000125467781 1.2606999874114992 1.3216499686241152 0.70593717694282543 213.50000000000003 0.79074999690055858 -1.3578795194625852 0.66224998235702526 26.694999694824222 -0.015275000128895043 52.535446166992195 -0.0042350001167505971 83.415000915527358 3.5000000000000004 21.460000038146976 0.75023502111434948 2.5000000000000004 -0.081650000065565095 -0.92260500788688649 2.2754499912261967 4.7100999355316171 -0.062964998185634599 88.444999694824233 0.76886323094367992 0.77404999732971203 0.091089468449354186 0.80536863207817089
decision_type=2 2 2 2 2 2 2 2 2 2 2 2 2 2 2 2 2 2 2 2 2 2 2 2 2 2 2 2 2 2
left_child=1 20 5 7 25 6 12 8 9 11 -11 -2 -3 21 -15 17 26 28 -10 -4 -1 -6 -18 -16 -20 29 -7 -23 -9 -5
right_child=3 2 19 4 13 16 -8 15 18 10 -12 -13 -14 14 23 -17 22 -19 24 -21 -22 27 -24 -25 -26 -27 -28 -29 -30 -31
leaf_value=0.043765106567047241 -0.0035473353138277953 0.025540793891789489 0.0051779412622072274 0.0089666305997664533 -0.061763844013101303 -0.0029956668018692911 -0.02683805711563721 0.0031527212361480111 -0.0041947752006979439 -0.017768723643143827 0.0036642441536749101 0.027240883127006461 0.0034284694132447205 0.023467525026810338 -0.0066592581495877705 -0.045315715483217021 0.0053396178183298237 -0.033557059402724805 -0.019394265044920873 0.014787913897627129 0.0013081551895469637 0.037078265298785433 -0.022055472898301995 0.0046129836980657573 0.0041515113179259565 0.068687086139984047 0.024163216296490053 -0.0088696421104544048 -0.0057052216919085911 0.023110594371229243
leaf_weight=161.90803256630898 4409.6077606976032 203.82387672364712 1363.6850871294737 1414.0874216705561 21.888015002012253 475.85587345808744 110.73328176140785 966.63473530858755 5533.4024039879441 255.99031962454319 14915.693535093218 112.82435712218285 5459.4189053438604 209.89354531466961 588.6074835062027 51.268005859106779 103.89809278398752 88.473647318780422 111.60901361703873 1474.3203416317701 45.528723523020744 27.851251855492592 402.28265020996332 2465.3323551416397 1868.7639432996511 17.86185310781002 92.640473559498787 651.73817285895348 2753.4190876930952 337.80890741944313
leaf_count=1123 13223 591 3713 3770 83 1498 371 2894 16735 812 43497 278 18067 523 1706 275 334 299 338 3841 126 67 1620 6730 5200 35 237 1915 8438 827
internal_value=0.00170061 0.00499847 0.00436785 0.000814016 0.00488086 0.0019634 0.00362859 6.32793e-05 0.00073212 0.00190601 0.00330261 -0.00277924 0.00422431 0.00158339 0.00379264 -0.00465141 -0.00698328 -0.00410401 -0.00234473 0.0101702 0.0344466 -0.00869578 -0.0164324 0.0024404 0.00282453 0.0122692 0.00143006 -0.00698658 -0.00340354 0.0116939
internal_weight=46696.9 9894.1 9686.66 36802.8 5735.07 6848.65 5773.98 31067.7 27207.9 19694.1 15171.7 4522.43 5663.24 3965.31 3263.83 3859.8 1074.68 3808.53 7513.78 2838.01 207.437 701.477 506.181 3053.94 1980.37 1769.76 568.496 679.589 3720.05 1751.9
internal_count=139166 31521 30272 107645 15656 22718 19029 91989 80083 57810 44309 13501 18658 11024 8959 11906 3689 11631 22273 7554 1249 2065 1954 8436 5538 4632 1735 1982 11332 4597
is_linear=0
shrinkage=0.05


Tree=64
num_leaves=31
num_cat=0
split_feature=25 0 29 0 33 51 21 39 53 40 27 40 30 30 24 14 21 21 30 35 40 22 51 51 24 24 33 16 2 51
split_gain=39.3919 46.7546 49.4676 34.8318 42.6518 49.4409 43.2977 31.9212 29.7933 29.5916 28.0409 27.2327 27.0044 25.7855 28.4193 25.4175 25.0576 44.4936 41.0015 29.9665 25.0851 24.6093 24.1855 23.4534 23.2888 22.6385 20.9449 20.4075 20.1262 21.9666
threshold=1.9934499859809878 1.161867678165436 0.010344999842345716 0.55148726701736461 0.17115000635385516 -0.00985499983653426 12.704999923706056 0.088150002062320723 0.84815001487731945 1.0000000180025095e-35 -0.012235000263899563 1.5000000000000002 0.036284999921917922 0.11368499696254732 -0.0083650001324713213 0.80024999380111705 17.880000114440922 19.099999427795414 -0.060545001178979867 27.500000000000004 2.5000000000000004 3.1494499444961552 -0.0038550000172108407 -0.015275000128895043 -0.053574999794363969 -1.0000000180025095e-35 -0.87575000524520863 0.98254999518394481 0.17787510901689532 -0.0002250000034109689
decision_type=2 2 2 2 2 2 2 2 2 2 2 2 2 2 2 2 2 2 2 2 2 2 2 2 2 2 2 2 2 2
left_child=3 2 21 4 5 10 9 -8 13 -7 12 25 -1 14 -6 -3 18 19 -5 20 -18 -2 23 -19 -15 -4 -24 -12 29 -23
right_child=1 15 11 16 8 6 7 -9 -10 -11 27 -13 -14 24 -16 -17 17 22 -20 -21 -22 28 26 -25 -26 -27 -28 -29 -30 -31
leaf_value=0.036968637819764408 -0.021285465085614009 0.010659633978499804 0.0041002301882158074 0.013092575567468304 0.0036936663206210648 0.017244260740248124 -0.00066607119611807226 -0.0061674618900766981 -0.010087260769707854 0.0024387708535461424 0.024910744204704283 -0.0081771947050647466 -0.01225379921982804 0.0032417785481263063 -0.0060394849103028968 3.0717737922970983e-05 0.018399347129145215 0.0092628551758096832 0.0020971735423185637 -0.056069838227943702 0.060502556381500053 -0.01945481456698013 0.02415276713349726 -0.024178183756018583 0.016041179901492324 -0.021387215653849614 0.0047891827620501143 0.0025585734129143891 -0.013924419522766055 0.014596718549392991
leaf_weight=154.06629112362862 590.34781873971224 754.67332695424557 1421.7574136145413 956.30329353362322 10755.531794190407 397.52727185189724 8395.1999459192157 3844.174193803221 398.14033138006926 2234.7079482190311 123.20200724154711 974.3668343052268 34.016558945178986 660.15823997557163 806.19058271497488 2208.4274442046881 703.5042599439621 86.831751383841038 7475.8940008878708 12.996480762958525 37.250619471073151 66.731807865202427 156.75547480583191 132.34033647179604 769.82291141152382 92.810608521103859 1279.9404102265835 596.6157233864069 391.60900740325451 163.16724168509245
leaf_count=441 1966 2006 4171 2519 31077 1206 25739 13135 1291 7125 334 3031 114 1866 2445 6166 1860 337 21573 46 77 264 393 419 2025 291 3525 1956 1300 468
internal_value=0.00161654 -0.0019427 -0.00569022 0.00220934 0.00130993 -0.000451298 -0.00114282 -0.00239396 0.00338549 0.00467474 0.010876 -0.00165654 0.0280663 0.00379837 0.00301498 0.0027378 0.00462914 0.00912575 0.00334417 0.0191961 0.0205166 -0.0139747 0.00454173 -0.0109295 0.0101323 0.0025384 0.00690191 0.00638431 -0.00703044 0.00471273
internal_weight=46675.1 6663.89 3700.79 40011.2 29169.4 15779.5 14871.6 12239.4 13389.8 2632.24 907.901 2488.93 188.083 12991.7 11561.7 2963.1 10841.8 2409.62 8432.2 753.751 740.755 1211.86 1655.87 219.172 1429.98 1514.57 1436.7 719.818 621.508 229.899
internal_count=139166 19663 11491 119503 88754 50050 47205 38874 38704 8331 2845 7493 555 37413 33522 8172 30749 6657 24092 1983 1937 3998 4674 756 3891 4462 3918 2290 2032 732
is_linear=0
shrinkage=0.05


Tree=65
num_leaves=31
num_cat=0
split_feature=21 21 21 35 8 21 35 35 51 31 21 35 8 1 35 54 53 21 21 21 21 21 35 16 8 21 2 16 1 17
split_gain=36.382 145.739 142.876 118.775 81.3781 77.3916 77.2769 79.2052 78.0496 66.5405 65.3953 60.5506 60.2656 57.1864 55.3527 50.1837 45.3247 44.947 42.9605 68.259 67.9554 45.3953 42.7943 42.6652 38.9135 37.319 38.2075 33.9222 37.433 31.2653
threshold=15.63499975204468 15.88499975204468 15.490000247955324 16.500000000000004 0.012762665748596193 15.675000190734865 8.5000000000000018 22.500000000000004 0.0095350001938641089 -0.018895000219345089 10.754999637603762 1.5000000000000002 0.01208239793777466 0.1230146959424019 21.500000000000004 1.178649961948395 0.58114999532699596 16.194999694824222 13.590000152587892 11.284999847412111 10.88499975204468 15.444999694824221 6.5000000000000009 1.0064499974250796 0.01208239793777466 15.795000076293947 0.31982892751693731 0.96105000376701366 -0.52136403322219838 0.98694998025894176
decision_type=2 2 2 2 2 2 2 2 2 2 2 2 2 2 2 2 2 2 2 2 2 2 2 2 2 2 2 2 2 2
left_child=2 3 6 -2 11 -5 18 8 16 -6 -9 23 -10 -12 17 -16 -8 -13 19 20 -1 24 -21 29 -20 26 -7 -11 -29 -3
right_child=1 4 -4 5 9 25 7 10 12 27 13 14 -14 -15 15 -17 -18 -19 21 22 -22 -23 -24 -25 -26 -27 -28 28 -30 -31
leaf_value=0.0032704987600452786 0.041214868755969213 0.02912879120092763 -0.024253802633622295 -0.069775637660163245 -0.0033436111717165561 0.05079083691182789 -0.0015611861618345312 -0.04864809706213849 0.015506042527462972 0.024138801388185482 0.0080011618598616486 0.012182306606765054 -0.00088190938683966138 -0.00039278466040139993 0.001057585347582798 0.03164596740867992 -0.0079815530813673024 -0.0088851731162272116 0.0058057204280174196 0.0073555486392793013 -0.034367948528637039 0.051858629213158085 0.018842285478975363 -0.0037397567065970295 -0.0025350544553421738 -0.013961844307821103 0.0076763570940618451 -0.040234338978609611 0.0077504364990334043 0.0064089764910203045
leaf_weight=442.46516586840153 455.36770243942738 303.91647779941559 563.4406464882195 33.063697032630444 1540.6557120382786 75.508384987711906 5667.3682469539344 60.028231583535671 900.40573980659246 319.83994998037815 3989.4229680225253 273.74708368629217 1488.2456197291613 4129.3333440423012 1392.8860511854291 148.3709237203002 5337.9942893832922 3368.4343669638038 2734.8796573020518 2437.7613007500768 164.51020946353674 45.185808777809143 1214.9434270635247 370.04319432377815 2861.538555495441 108.57724657654762 160.8468152731657 40.933983609080315 5721.5261099748313 301.78401809930801
leaf_count=1262 1115 732 1872 127 4497 182 17200 227 2462 839 11575 821 4274 12423 4216 364 17760 10748 8162 6910 564 108 3394 1115 8348 337 456 135 16017 869
internal_value=0.00164513 0.0037124 0.000702046 0.0240169 0.00248465 0.00329864 0.0011488 -0.00052966 -0.00289712 0.00593819 0.00334742 -0.00178966 0.00529555 0.00373186 -0.00394059 0.00400221 -0.00467529 -0.00730174 0.00480581 0.00859609 -0.00693075 0.00194396 0.0111762 0.00963673 0.00154095 0.0103032 0.0214501 0.00828929 0.00740957 0.0178089
internal_weight=46653 14615.5 32037.5 833.364 13782.1 377.996 31474.1 21572.8 13394 7622.96 8178.78 6159.18 2388.65 8118.76 5183.44 1541.26 11005.4 3642.18 9901.28 4259.68 606.975 5641.6 3652.7 975.744 5596.42 344.932 236.355 6082.3 5762.46 605.7
internal_count=139111 42570 96541 2217 40353 1102 94669 65921 41696 21488 24225 18865 6736 23998 16149 4580 34960 11569 28748 12130 1826 16618 10304 2716 16510 975 638 16991 16152 1601
is_linear=0
shrinkage=0.05


Tree=66
num_leaves=31
num_cat=0
split_feature=37 33 51 37 12 23 28 9 37 28 29 21 34 51 5 31 34 31 23 37 28 16 31 14 51 13 12 31 6 12
split_gain=62.9221 63.517 53.8175 57.0585 46.8974 53.4202 45.4757 41.8372 36.8224 42.4838 41.5425 40.4913 36.7918 32.3262 32.3081 31.9826 31.5799 29.6018 32.0258 29.002 26.7095 34.6304 29.2831 26.6369 30.15 25.8955 24.6803 29.5104 21.7449 30.7706
threshold=0.31524999439716345 0.072750002145767226 -0.020879999734461304 -0.081650000065565095 -0.10722500085830687 42.07500076293946 0.022045000456273559 1.5000000000000002 0.82275000214576732 0.054425001144409187 0.045715000480413444 22.85000038146973 97.500000000000014 0.0012350000324659052 0.61968830227851879 -0.20217999815940854 37.500000000000007 -0.036474999040365212 69.604999542236342 -0.17965000122785565 0.027675000019371513 1.1515499949455263 -0.057834999635815613 0.8144499957561494 0.021164999343454841 0.60032999515533458 -0.0020449999719858165 0.2286999970674515 0.00634324410930276 -0.073495000600814805
decision_type=2 2 2 2 2 2 2 2 2 2 2 2 2 2 2 2 2 2 2 2 2 2 2 2 2 2 2 2 2 2
left_child=1 2 3 -1 7 19 17 13 9 23 26 15 -7 -4 16 -12 -3 -2 28 -6 -16 22 -22 -8 -25 -13 -10 -28 29 -19
right_child=6 14 4 -5 5 12 8 -9 10 -11 11 25 -14 -15 20 -17 -18 18 -20 -21 21 -23 -24 24 -26 -27 27 -29 -30 -31
leaf_value=0.044842461296203256 -0.011276037576337238 0.011426914343043161 0.016434980433259406 -0.012882684294799879 -0.0036006602596645163 0.0014796961333038948 -0.00088427773420646715 0.00065460832358770903 -0.0026268441767486449 0.010979690353485278 0.043177438381705652 -0.038968409649743477 -0.0096181416115223833 0.0043208864133008297 0.008969586159139854 0.0026774522194981045 -0.00085066248162708269 0.0014572669743497697 -0.010969812570054943 -0.037167724376362246 0.0053513279359688661 -0.00057802328064393311 0.030090587045615048 0.0047007558954689464 -0.013604723493931629 0.0079745288569656927 -0.020017660318972553 0.020232907300020274 -0.0036093951275548946 0.021741949807099762
leaf_weight=140.9266151599586 1048.8777203559875 846.31840877234936 978.40223434567451 61.485738858580589 105.42284186184406 3144.4294596984982 4617.46680085361 3114.3622426614165 6257.0269564688206 1504.0924863964319 49.176687017083168 94.898749023675919 979.43716070055962 1259.753464743495 2428.0375894792378 5574.2692722976208 1374.1673591807485 1699.3559562191367 832.18485887348652 165.1619733273983 155.34704074263573 174.64842660725117 520.02125172317028 6416.4971188157797 233.11115531623363 42.55070985853672 372.1167878806591 51.887418523430824 2192.4944287911057 210.06649371236563
leaf_count=1050 3415 2412 2656 183 419 10253 13327 9044 18466 3879 112 310 4036 3515 6975 15413 4182 5239 3066 1026 419 522 1304 18108 701 114 1194 132 6942 697
internal_value=0.00156317 0.00417286 0.00178941 0.0273076 0.00125948 -0.0025682 0.000270881 0.00440203 0.00120082 0.00308682 -0.000735085 0.00237627 -0.00115609 0.00961652 0.00848561 0.00303162 0.00382883 -0.00364802 -0.00202647 -0.0240896 0.01164 0.019268 0.0244001 0.00203317 0.00405903 -0.0244361 -0.00341793 -0.015092 -0.000212074 0.0036889
internal_weight=46644 15447.9 9949.38 202.412 9746.97 4394.45 31196.1 5352.52 25213.1 12771.2 12441.9 5760.9 4123.87 2238.16 5498.54 5623.45 2220.49 5982.98 4934.1 270.585 3278.05 850.017 675.368 11267.1 6649.61 137.449 6681.03 424.004 4101.92 1909.42
internal_count=139111 47996 32182 1233 30949 15734 91115 15215 71756 36015 35741 15949 14289 6171 15814 15525 6594 19359 15944 1445 9220 2245 1723 32136 18809 424 19792 1326 12878 5936
is_linear=0
shrinkage=0.05


Tree=67
num_leaves=31
num_cat=0
split_feature=37 51 28 15 5 21 12 5 30 51 35 13 37 55 13 21 40 35 30 51 22 6 54 35 35 6 40 50 5 44
split_gain=59.3807 70.4987 42.203 47.309 41.4158 56.4109 38.9342 38.3623 54.1113 37.1995 42.6992 39.4096 40.3863 34.037 33.905 33.255 36.4132 32.6817 31.7044 31.4992 29.7707 28.066 26.9101 26.6627 33.648 25.3522 24.2508 22.8587 21.048 20.6482
threshold=0.070749998092651381 -0.020879999734461304 0.024604999460279945 0.98954999446868908 -1.4668921232223509 24.190000534057621 -0.31658500432968134 -2.1297867298126216 0.02716500032693148 0.034184999763965614 24.500000000000004 0.63821500539779674 0.4431499987840653 0.44210000336170202 0.49127499759197241 21.375000000000004 1.0000000180025095e-35 9.5000000000000018 -0.093359999358654008 -0.005864999955520033 1.8915500044822695 0.15924268215894702 0.95445001125335704 7.5000000000000009 23.500000000000004 -0.069506566971540437 2.5000000000000004 1.0000000180025095e-35 -1.8365687727928159 -0.16685000061988828
decision_type=2 2 2 2 2 2 2 2 2 2 2 2 2 2 2 2 2 2 2 2 2 2 2 2 2 2 2 2 2 2
left_child=1 21 3 -3 5 14 13 19 -9 11 22 12 -8 15 23 16 -6 -17 -15 -5 29 -1 -11 -2 -25 -13 -12 -4 -22 -16
right_child=4 2 27 7 6 -7 9 8 -10 10 26 25 -14 18 20 17 -18 -19 -20 -21 28 -23 -24 24 -26 -27 -28 -29 -30 -31
leaf_value=0.041694172236352828 -0.00011655880987794614 0.013536783106364103 0.0070849190439780862 0.020931567830429796 0.010520231988774532 0.018968543231330948 0.0028838649179535629 -0.0071486005830484608 0.009123877291910833 -0.027126200799577838 -0.023453042055755158 -0.067002090488160859 -0.0020853839926040672 0.056326064167780666 0.023037707846063023 0.0076076150640566505 0.0019262790576641702 -0.023655572926044973 -0.02375094986595724 0.00055538898449858961 -0.0023907081372526182 -0.070520475316038986 0.00081097175840382386 -0.011859135800661776 0.00047335217498170801 0.0038240472434175076 -0.073281200421922016 0.019130812176354421 -0.028550161675284028 0.0040471605660240299
leaf_weight=164.09873250499368 1231.5504232645035 795.0396284237504 956.52380239963531 348.75676957517862 3034.2090461403131 291.84378721565008 6365.3584828153253 1943.2752623893321 693.09399959445 109.33933918178082 78.849783077836037 12.65225166082382 11432.249612748623 13.47251173853874 165.23550882935524 155.46173484623432 2075.8303195387125 180.8299850076437 149.78682368993759 415.79289249330759 1577.6252769306302 5.7679899930953971 407.24151505529881 2269.5238924100995 731.31895001977682 9159.8964537382126 35.372657001018524 669.48437814414501 80.834046795964241 1070.1994759142399
leaf_count=1149 3618 2226 2627 1123 8183 758 19820 7734 1924 357 247 46 34347 28 424 420 5884 563 458 1329 4562 24 1150 7387 2183 25416 131 1721 259 3013
internal_value=0.00148587 0.00613253 0.00520613 0.00255609 0.000800595 -0.00257715 0.00155507 -1.08916e-05 -0.00287061 0.000783278 -0.0112192 0.001064 -0.00030812 0.00535254 -0.00345952 0.00602686 0.00702915 -0.00920315 -0.0171428 0.00985018 0.000711308 0.0378838 -0.0051022 -0.00631132 -0.00885365 0.00372635 -0.0388839 0.0120446 -0.00366573 0.00658709
internal_weight=46620.5 5991.83 5821.97 4195.96 40628.7 7418.13 33210.6 3400.92 2636.37 27601 630.803 26970.2 17797.6 5609.59 7126.29 5446.33 5110.04 336.292 163.259 764.55 2893.89 169.867 516.581 4232.39 3000.84 9172.55 114.222 1626.01 1658.46 1235.43
internal_count=139111 19857 18684 14336 119254 22204 97050 12110 9658 81514 1885 79629 54167 15536 21446 15050 14067 983 486 2452 8258 1173 1507 13188 9570 25462 378 4348 4821 3437
is_linear=0
shrinkage=0.05


Tree=68
num_leaves=31
num_cat=0
split_feature=40 40 13 9 12 21 21 21 21 21 21 12 3 21 44 21 21 13 29 7 21 33 21 34 54 30 23 31 21 21
split_gain=43.4935 55.9078 49.8149 49.2635 56.1554 95.2827 58.2323 55.2165 172.513 46.9145 60.7921 44.3813 40.4929 51.0209 38.379 35.1616 36.9272 33.6406 31.7867 32.6923 31.0355 36.6878 41.9944 32.2257 30.7592 28.8042 28.7664 28.4928 28.2722 28.0208
threshold=1.5000000000000002 2.5000000000000004 0.15646500140428546 1.0000000180025095e-35 -0.26722499728202814 14.434999942779543 13.414999961853029 13.694999694824221 13.769999980926515 14.375000000000002 14.00500011444092 -0.026774999685585495 1.2100496888160708 21.689999580383304 0.2469500005245209 14.694999694824221 19.905000686645511 0.14071499556303027 -0.0088450000621378404 63.218002319335945 12.75500011444092 0.52195000648498546 13.414999961853029 233.50000000000003 0.97034999728202831 0.0092349997721612471 88.444999694824233 0.015974999405443672 13.280000209808351 22.729999542236332
decision_type=2 2 2 2 2 2 2 2 2 2 2 2 2 2 2 2 2 2 2 2 2 2 2 2 2 2 2 2 2 2
left_child=3 2 12 4 5 6 -1 18 11 10 -10 -9 26 -14 -8 -7 -17 -13 -5 28 23 22 -22 -4 -3 -11 27 -2 -20 -26
right_child=1 24 20 7 -6 15 14 8 9 25 -12 17 13 -15 -16 16 -18 -19 19 -21 21 -23 -24 -25 29 -27 -28 -29 -30 -31
leaf_value=0.0022098341341143281 -0.015894060290264869 -0.0015106432429316476 0.0036726808412988151 -0.0080480228738917178 0.0038482682636122125 -0.045682775152263294 0.050007639031823162 -0.057169635502050037 0.0041879810981538951 -0.00093460591503980524 -0.017885723242666837 0.075260910277832868 -7.78312175277209e-05 0.11889076155636658 0.0010448554867825239 0.014441809856826571 -0.0063285816846307217 -0.030598772749226507 0.0078603306052081063 0.0017995790093544137 -0.018793747778415873 0.0029453073726328745 -0.0035963993299018638 -0.010772552916185204 0.011414952545265832 0.0032485181587371087 -0.043469244614372862 0.00036890402699366688 0.019410199036129786 0.00020762235693654247
leaf_weight=111.34130415320396 1085.8792216256261 1303.0344498753548 4318.371479794383 334.23036731779575 4619.8649942353368 31.224828034639359 308.65640074014664 162.04495339095592 547.1665672659874 6912.1125222295523 725.47951590269804 11.546699248254297 619.31362788006663 9.1451306045055372 45.984988689422607 710.29920490086079 306.25781527161598 21.439896203577518 1702.4954813942313 1358.6170118711889 505.59705293923616 1955.4071791395545 4503.6033884361386 424.00318776071072 1781.1952811069787 10170.235787592828 75.755669217556715 358.15618871152401 769.2383089363575 811.95532873272896
leaf_count=317 4260 3879 12500 996 13599 106 672 596 1607 21065 2334 32 2163 28 128 1868 882 76 4848 4237 1617 5611 13561 1317 4923 29667 566 1219 2088 2349
internal_value=0.00141239 -0.000534921 -0.00202292 0.00261064 0.00658682 0.0149446 0.0337551 0.00153695 0.000368885 0.000865916 -0.00839527 -0.0464082 -0.00902171 0.00165336 0.0436588 0.00657903 0.00818432 0.00645658 0.00673976 0.00803012 -0.000738631 -0.00286298 -0.00513032 0.00238117 0.00475656 0.00155588 -0.013436 -0.0118604 0.0114548 0.00790577
internal_weight=46599.7 17751.4 13855.2 28848.2 6133.63 1513.76 465.983 22714.6 18550 18355 1272.65 195.032 2148.25 628.459 354.641 1047.78 1016.56 32.9866 4164.58 3830.35 11707 6964.61 5009.2 4742.37 3896.19 17082.3 1519.79 1444.04 2471.73 2593.15
internal_count=139111 53993 42842 85118 17572 3973 1117 67546 55377 54673 3941 704 8236 2191 800 2856 2750 108 12169 11173 34606 20789 15178 13817 11151 50732 6045 5479 6936 7272
is_linear=0
shrinkage=0.05


Tree=69
num_leaves=31
num_cat=0
split_feature=40 40 35 35 30 12 33 5 35 21 12 40 21 35 35 5 35 35 13 6 30 21 52 53 21 8 54 1 27 7
split_gain=39.2633 50.4788 49.6105 56.2714 60.2497 47.1588 46.6423 42.2641 41.7755 91.8068 53.0166 52.2297 44.711 38.2833 127.79 40.6316 46.8229 37.8885 37.521 34.7399 34.3917 33.3354 32.0484 37.8443 30.5746 36.2435 30.548 28.9573 28.6014 27.4599
threshold=1.5000000000000002 2.5000000000000004 3.5000000000000004 23.500000000000004 0.017044999636709694 -0.3291150033473968 0.091849997639656081 0.49835802614688879 26.000000000000004 14.305000305175783 -0.04936499893665313 1.0000000180025095e-35 17.880000114440922 24.500000000000004 30.500000000000004 2.8993892669677739 20.000000000000004 1.0000000180025095e-35 0.15880500525236133 -0.0051119758281856767 -0.11207000166177748 24.150000572204593 3.5000000000000004 0.65555000305175792 12.75500011444092 -0.015724301338195797 1.1038500070571902 0.15508688986301425 0.005854999879375101 41.47192573547364
decision_type=2 2 2 2 2 2 2 2 2 2 2 2 2 2 2 2 2 2 2 2 2 2 2 2 2 2 2 2 2 2
left_child=2 6 -1 4 5 7 18 -4 9 11 27 -5 -11 15 -15 16 17 -3 21 -17 -7 28 -6 -24 -20 -26 -18 -10 -2 -12
right_child=1 13 3 8 22 20 -8 -9 10 12 29 -13 -14 14 -16 19 26 -19 24 -21 -22 -23 23 -25 25 -27 -28 -29 -30 -31
leaf_value=0.0065465005957353606 -0.014986094427393258 0.021067290001021099 -0.0084051797903991615 0.065536744537951691 0.00047432224138476266 0.014031407809016112 0.0010799244913448432 0.0096446377132564671 0.00094814961580926872 0.0043451069378515304 0.10951577324320171 0.019058830438077004 0.020970718086559439 -0.031093135045454225 0.01935732588223334 0.021911506870327849 0.0056740546844340663 -0.0078353959484510627 0.0016397662883811854 0.0070168163088469215 -0.0060578032361503567 0.086099262443854463 0.010577814232001652 2.5935345801993117e-05 0.0048051768193168544 -0.0082476266450846724 0.040452366504102499 -0.012946247054672236 0.0096099113189728955 0.011512895881426665
leaf_weight=5953.5736879333854 1259.9863982871175 127.86442036926746 457.11658819019794 105.09244391322136 6291.0938722454011 221.16210243850946 6687.1786678545177 1116.31453974545 1001.9224121496081 2452.0360896810889 7.2267106100916854 142.27997833490372 484.25146192312241 277.79404088109732 228.98063589259982 535.86906106024981 169.86346343904734 1001.5837984457612 2230.2861409783363 1452.8433430194855 5803.3440054282546 8.5940900221467 2152.6561264619231 1403.8969122953713 652.24976048618555 2880.2655331939459 100.49542073905468 599.28100637346506 130.43013609945774 653.07771277427673
leaf_count=16603 5419 327 1370 214 18282 583 19709 3033 2918 7136 21 392 1262 913 601 1383 493 3140 6546 4061 19193 27 6025 4345 1860 8904 233 1827 377 1914
internal_value=0.00134202 -0.000508629 0.0024805 0.00142298 3.79933e-05 -0.00330721 -0.00192298 0.00440077 0.00586031 0.00955145 0.000664064 0.0388043 0.007087 0.00451982 -0.00829764 0.00643676 -8.9267e-05 -0.00456333 -0.00472687 0.0110303 -0.00532032 -0.012072 0.00261898 0.00641262 -0.00294371 -0.00583753 0.0186015 -0.00425209 -0.0126788 0.0125855
internal_weight=46588.6 17744.3 28844.3 22890.8 17445.6 7597.94 13849 1573.43 5445.17 3183.66 2261.51 247.372 2936.29 3895.29 506.775 3388.52 1399.81 1129.45 7161.81 1988.71 6024.51 1399.01 9847.65 3556.55 5762.8 3532.52 270.359 1601.2 1390.42 660.304
internal_count=139111 53993 85118 68515 52831 24179 42842 4403 15684 9004 6680 606 8398 11151 1514 9637 4193 3467 23133 5444 19776 5823 28652 10370 17310 10764 726 4745 5796 1935
is_linear=0
shrinkage=0.05


Tree=70
num_leaves=31
num_cat=0
split_feature=37 28 37 43 33 27 27 27 27 34 37 37 7 48 5 25 27 15 7 1 0 44 6 28 53 14 40 12 6 1
split_gain=40.6903 49.7932 67.222 61.0326 51.1988 48.9412 44.1379 74.1447 43.5199 39.572 34.9393 33.0492 33.1984 32.1645 30.9322 31.3836 28.8587 24.7405 21.5654 21.3863 22.1965 21.1433 24.7707 21.0769 20.2752 19.6869 19.3961 22.0695 21.0775 17.9063
threshold=-0.62215000391006459 0.020975000225007537 0.58324998617172252 7.5000000000000009 0.78755000233650219 -0.010555000044405459 0.012804999947547914 0.058319998905062682 0.024304999969899658 250.50000000000003 1.0000000180025095e-35 1.2606999874114992 52.397115707397468 0.10374999791383745 -0.26712395250797266 2.269150018692017 -0.016315000131726261 0.99994999170303356 46.528984069824226 0.0068602890241891154 0.11061800643801691 0.18624999374151233 0.075937956571578993 0.0067149999085813769 0.36965000629425054 0.72815001010894786 2.5000000000000004 -0.042015001177787774 -0.11079546064138411 0.13556877523660663
decision_type=2 2 2 2 2 2 2 2 2 2 2 2 2 2 2 2 2 2 2 2 2 2 2 2 2 2 2 2 2 2
left_child=5 3 6 4 9 -1 14 17 26 13 -9 18 -13 -2 15 -3 -16 -8 -10 20 -7 25 -23 -6 -25 -21 27 -4 -28 -11
right_child=1 2 8 -5 23 19 7 10 11 29 -12 12 -14 -15 16 -17 -18 -19 -20 21 -22 22 -24 24 -26 -27 28 -29 -30 -31
leaf_value=0.038588847724218563 -0.0042656165716476032 0.0019914557018381692 -0.0029334745197542849 -0.040279118776839942 -0.024121576115997509 -0.032242875015172874 0.008241446247210571 0.011529158849313992 0.027255498712853862 -0.024273701463857961 -0.019397535323196394 -0.0086250631515692559 0.0043554850815985596 0.00092192786393528639 0.00013601666895401448 -0.012339486286798948 0.0072004758109168445 0.032391393256888716 0.0088450659970034286 -0.015168761500090827 0.032517214975339832 -0.042659550250509604 0.014661687855996872 0.018454849283234862 0.0049583825201625145 0.015297991877326736 0.020618833332985587 0.0018894672112653968 0.002142975026243599 0.0048819573389001138
leaf_weight=153.30460919812322 5765.4716179035604 3612.0437781959772 9460.1389942914248 100.02107024565339 47.488549821078777 15.165591850876806 140.16649694740772 206.18724711239338 194.51828579604626 279.2119110301137 163.93455743789673 593.68316929042339 2892.2168586105108 6202.8626819327474 1817.9531208947301 427.20977957546711 7058.7259779423475 435.72490759193897 872.67312736809254 74.085647866129875 103.75223060697317 53.34827784076333 29.142977029085159 435.87756925076246 769.57418688386679 186.50394877791405 179.65802866220474 3165.7226456850767 1096.4655966758728 64.903958179056644
leaf_count=852 19838 10239 27865 638 181 51 371 629 469 1081 481 1747 7882 19950 5076 1268 19429 1052 2306 218 272 203 81 1202 2266 570 458 9095 3101 292
internal_value=0.00133643 0.00116551 0.00223544 -0.00136474 -0.00107781 0.0141092 0.00486665 0.0152917 0.000259088 -0.0020577 -0.00216891 0.00450178 0.00214477 -0.00157705 0.00410308 0.00047575 0.00575367 0.0265135 0.0122008 0.0059861 0.0242584 -0.000347381 -0.0224088 0.0085514 0.00983855 0.00663629 -0.00113045 -0.0017242 0.00474408 -0.0187746
internal_weight=46597.7 45982.4 32317 13665.4 13565.4 615.303 13861.9 946.013 18455.1 12312.5 370.122 4553.09 3485.9 11968.3 12915.9 4039.25 8876.68 575.891 1067.19 461.999 118.918 343.081 82.4913 1252.94 1205.45 260.59 13902 12625.9 1276.12 344.116
internal_count=139163 136916 91468 45448 44810 2247 38545 2533 52923 41161 1110 12404 9629 39788 36012 11507 24505 1423 2775 1395 323 1072 284 3649 3468 788 40519 36960 3559 1373
is_linear=0
shrinkage=0.05


Tree=71
num_leaves=31
num_cat=0
split_feature=37 51 28 37 33 27 44 27 7 9 33 31 5 23 53 8 40 37 28 53 51 21 21 54 31 6 51 27 33 21
split_gain=38.6011 72.1405 45.1529 44.6617 43.8364 40.845 47.1572 39.3056 37.8696 34.2096 33.449 42.406 34.8271 39.0852 30.5643 48.1407 32.0153 30.5 30.1398 28.8171 27.2349 26.1624 38.7153 24.956 25.4394 24.0476 23.7538 23.6872 23.2664 22.1782
threshold=-0.033849999308586114 -0.020879999734461304 0.020975000225007537 0.58324998617172252 0.78755000233650219 -0.0037449999945238228 -0.055549999698996537 0.024304999969899658 19.513000488281254 1.0000000180025095e-35 0.23085000365972522 0.041415000334382064 -4.2787501811981192 83.415000915527358 0.64864999055862438 0.009458959102630617 1.5000000000000002 0.98864999413490307 0.020074999891221527 0.62505000829696666 0.056059999391436584 25.60999965667725 22.729999542236332 1.0275500416755678 0.070535000413656249 0.063768405467271819 0.01652499940246344 0.0026749999960884456 0.20365000516176227 27.10999965667725
decision_type=2 2 2 2 2 2 2 2 2 2 2 2 2 2 2 2 2 2 2 2 2 2 2 2 2 2 2 2 2 2
left_child=1 -1 4 5 8 6 9 21 28 -4 11 12 18 -14 16 -16 -10 -9 -3 25 -19 22 -5 -6 -25 -7 -13 -26 -2 -23
right_child=2 10 3 7 23 19 -8 17 14 -11 -12 26 13 -15 15 -17 -18 20 -20 -21 -22 29 -24 24 27 -27 -28 -29 -30 -31
leaf_value=0.040549033724594043 -0.04427589513976915 0.023615650344538108 0.015534564784024679 -0.00096838405087253544 0.010317702684462341 0.0082523959886101911 -0.0019482433751669848 0.017575411016925582 0.0028452807457053811 0.0032518221079412338 0.015018776757512725 0.015936006036009927 -0.0004303557796775841 -0.020024407886222728 -0.012022695500019139 -0.001151731189822451 -0.0044921609948730479 0.0040604969312192469 -0.0091502141649142093 0.013153850809342935 -0.012720395727312784 0.031476653815029322 -0.018934952529094828 -0.024316552649255765 0.035010371019523472 0.00062498465395118311 -0.016443075174657342 -0.069988132686482601 0.023670027971714535 0.0018911876659742357
leaf_weight=146.49119040369987 82.533410429954529 236.08753103017807 748.62644159793854 13335.903467744589 995.55191507935524 2507.5183512121439 4105.9561309665442 394.00808072090149 3449.9779294021428 2335.1554507911205 648.61308225616813 647.25278446823359 1569.6857836470008 303.76099167019129 1804.9350090771914 2336.990249812603 2612.3475563488901 3897.9091143608093 99.874230146408081 1506.2880414202809 257.77829088270664 111.69951373338699 306.73884528875351 109.27992229163647 38.612850412726402 1757.7647219747305 62.075072646141052 6.2393495291471472 14.869016967713831 146.32480789721012
leaf_count=1134 517 709 1936 38888 2883 6853 11677 993 10702 6457 1785 1785 5545 1512 6893 7349 8457 10587 288 4066 824 272 949 366 97 4980 184 24 41 410
internal_value=0.00127032 0.00616039 0.000846628 0.00182647 -0.00184112 0.00407588 0.00156107 0.000246258 -0.00287459 0.00623361 0.00474824 0.00246588 -0.000948972 -0.00360734 -0.00257841 -0.00588899 -0.000316534 0.00428012 0.0138751 0.00720863 0.00301957 -0.00107403 -0.00137234 0.00741914 -0.0113029 0.00510907 0.0131024 0.0204041 -0.0339036 0.0146988
internal_weight=46576.8 3713.84 42863 31411.7 11451.3 12961.3 7189.74 18450.4 10301.7 3083.78 3567.35 2918.74 2209.41 1873.45 10204.3 4141.93 6062.33 4549.7 335.962 5771.57 4155.69 13900.7 13642.6 1149.68 154.132 4265.28 709.328 44.8522 97.4024 258.024
internal_count=139163 12942 126221 88892 37329 35969 20070 52923 33959 8393 11808 10023 8054 7057 33401 14242 19159 12404 997 15899 11411 40519 39837 3370 487 11833 1969 121 558 682
is_linear=0
shrinkage=0.05


Tree=72
num_leaves=31
num_cat=0
split_feature=34 37 51 7 27 27 21 23 13 6 13 12 54 13 1 30 27 54 7 6 51 37 49 21 8 8 44 25 13 53
split_gain=35.7031 40.0399 61.7425 36.8817 44.645 36.6006 36.1225 35.0612 31.8523 30.5592 44.7789 41.3358 41.3596 33.9286 32.0507 31.4482 30.2042 29.8024 29.6673 29.2187 26.1367 24.4224 24.8839 23.4239 20.8412 19.6768 19.0879 20.6961 26.8087 25.0148
threshold=250.50000000000003 -0.033849999308586114 -0.016400000080466267 99.970916748046889 -0.0076849998440593472 -0.01314500020816922 14.360000133514406 19.515000343322757 0.040795000270009048 0.00634324410930276 0.14071499556303027 -0.044955000281333916 0.99185001850128185 0.80605000257492077 0.10883667320013048 0.022265000268816951 0.0033249999396502976 1.0326499938964846 1.0000000180025095e-35 0.0051481416448950776 0.010085000190883877 -0.44865000247955317 0.34489999711513525 11.389999866485597 0.015060424804687502 -0.060157239437103265 0.23075000196695331 0.91574999690055858 0.027774999849498275 0.75714999437332164
decision_type=2 2 2 2 2 2 2 2 2 2 2 2 2 2 2 2 2 2 2 2 2 2 2 2 2 2 2 2 2 2
left_child=1 2 5 8 23 -1 -6 17 18 11 15 12 -9 -12 -13 -11 26 20 -4 -10 25 24 -23 -5 -7 -3 27 -2 29 -29
right_child=16 7 3 4 6 21 -8 9 19 10 13 14 -14 -15 -16 -17 -18 -19 -20 -21 -22 22 -24 -25 -26 -27 -28 28 -30 -31
leaf_value=0.048735241957536923 -0.032107157954146967 0.05507303704785578 0.078776545635605044 0.054023098072539355 -0.031150184136081983 0.042353842775273598 0.040511292194023739 0.0042367427525391854 0.012617848536677086 -0.02701467372436249 -0.001499508533120161 0.020514773560924113 -0.00056238639055767876 0.0025115614592400109 0.0053918011634924825 0.0031062893591727019 0.0054169573196499402 -0.045065458873331417 -0.01434320373857877 0.0023113199553933552 0.032591075529706887 -0.03593848680030242 0.025417684015982475 -0.061454202954954067 0.009542202056785784 -0.022594442620369318 0.0024941538547054469 -0.0072220982961534582 -0.014677097079223628 0.12287228288619297
leaf_weight=117.28683840855956 201.34532211348414 8.7848221659660322 8.848639138042925 4.7565856426954261 34.281618911772966 87.173746183514595 36.106250740587711 8914.9754250347614 1239.9645035490394 260.23611672595143 13187.124345816672 511.03162004053593 9043.6630087047815 8783.8383788615465 1114.256718352437 129.91714378446341 247.45187086611986 72.451871328055859 256.27246883511543 1543.8662912547588 33.88532529771328 40.025328449904919 28.145160503685474 57.202772401273251 108.79403282701969 113.71468154340982 116.87910259887576 7.766720309853552 235.0003656744957 7.04827930778265
leaf_count=759 780 19 26 14 233 352 187 25906 3580 1747 39626 1485 26211 24431 3165 464 710 313 1054 5156 81 154 85 310 456 515 362 33 924 25
internal_value=0.00120753 0.00139243 0.0064824 0.00420325 -0.0216367 0.0254918 0.00560938 0.000962445 0.0053249 0.00106893 -0.000194073 0.00251104 0.00181998 0.000104089 0.0101468 -0.0169847 -0.00916239 -0.0185557 -0.0112353 0.00690202 -0.00627397 0.0151709 -0.0106067 -0.0525891 0.024138 -0.0170247 -0.0155135 -0.0201786 -0.0105645 0.0546707
internal_weight=46552.1 45736.6 3562.72 3181.3 132.347 381.425 70.3879 42173.9 3048.95 41945 22361.1 19583.9 17958.6 21971 1625.29 390.153 815.492 228.837 265.121 2783.83 156.385 264.138 68.1705 61.9594 195.968 122.5 568.04 451.161 249.815 14.815
internal_count=139163 136329 12366 10560 744 1806 420 123963 9816 123035 66268 56767 52117 64057 4650 2211 2834 928 1080 8736 615 1047 239 324 808 534 2124 1762 982 58
is_linear=0
shrinkage=0.05


Tree=73
num_leaves=31
num_cat=0
split_feature=28 37 5 12 33 40 35 35 30 21 35 31 6 44 23 21 41 31 1 37 48 27 29 3 40 31 27 39 21 31
split_gain=34.0616 55.3257 47.1829 36.2965 31.5328 28.9045 36.0687 108.847 32.9786 38.1703 32.0036 25.4012 27.7235 24.5869 24.465 42.8367 39.8753 24.4732 24.0194 33.6317 31.0889 23.6968 23.0632 27.0824 30.9443 29.6144 21.506 21.1592 20.2425 20.0376
threshold=0.0099949999712407606 1.0000000180025095e-35 -98.260566711425767 -0.032445000484585755 0.80634999275207531 2.5000000000000004 24.500000000000004 29.500000000000004 -0.12147499993443488 21.85999965667725 21.500000000000004 -0.054534999653697007 -0.021520033478736874 -0.84894999861717213 65.354999542236342 19.989999771118168 1.0000000180025095e-35 0.0019350000075064602 2.3937095403671269 -0.70845001935958851 0.13605000078678134 0.0060650000814348468 -1.0000000180025095e-35 0.60743075609207164 1.5000000000000002 -0.0058549998793750993 -0.010555000044405459 0.00095000001601874839 12.719999790191652 0.0044650000054389247
decision_type=2 2 2 2 2 2 2 2 2 2 2 2 2 2 2 2 2 2 2 2 2 2 2 2 2 2 2 2 2 2
left_child=3 4 27 11 18 8 10 -8 13 -10 -7 12 -1 -4 21 17 -17 -16 19 26 -21 28 -5 24 25 -24 -2 -3 -13 -25
right_child=1 2 5 22 -6 6 7 -9 9 -11 -12 14 -14 -15 15 16 -18 -19 -20 20 -22 -23 23 29 -26 -27 -28 -29 -30 -31
leaf_value=-0.04193779570820777 0.040144467165122794 0.012067009075369745 -0.015462713623881991 -0.044846830238760946 0.021532123465765499 0.0050850975747959342 -0.040889402347002918 0.010461810888286632 0.00069345816784053475 -0.011572751392989945 0.018845770031997451 0.013981959524240355 0.001057993432806573 0.016343534941024446 0.042574641964916657 0.016286605105247334 0.16514160299113456 -0.021763710332900872 -0.014838502647140067 0.0015465646437936627 0.013514016375884242 0.049410577497673441 0.16134382577026626 -0.039474798153662519 -0.021319448976445481 0.025294950905007503 0.01297311917166359 -0.025004615163096596 -0.0011289395054496886 -0.012103540854182419
leaf_weight=76.79655459523201 107.97071567177773 45.687098741531372 69.030710712075233 63.141562435775995 358.41500546783209 2529.5152578055859 160.02994124591351 290.5610613822937 35885.266158096492 645.63834051787853 507.26630844920874 298.47758316248655 73.254265248775482 507.13835200667381 15.683908369392155 20.792721800506119 5.741277188062667 256.61923538520932 133.95062295347452 1915.2721450552344 757.23460095375776 27.878454566001892 4.3568307980895034 88.697325248271227 41.114852320402861 48.828778270632029 223.71829561516643 244.3633848875761 860.77552058547735 271.64074305072427
leaf_count=283 636 127 206 328 1016 7094 539 773 104556 1942 1315 1021 224 1305 85 83 15 1331 393 6341 2100 66 17 657 216 198 662 778 3300 1556
internal_value=0.00114757 0.00144557 0.000929305 -0.004993 0.00748219 0.00107288 0.00542498 -0.00777586 0.000663867 0.000476668 0.00738369 -0.00134145 -0.0209474 0.0125328 0.000638335 -0.0121487 0.048495 -0.018058 0.00587751 0.0068012 0.00493745 0.00385722 -0.0165308 -0.0125981 0.0112568 0.0364397 0.0218179 -0.0191653 0.00276172 -0.018841
internal_weight=46534.9 44381.1 40884.5 2153.8 3496.56 40594.4 3487.37 450.591 37107.1 36530.9 3036.78 1636.02 150.051 576.169 1485.97 298.837 26.534 272.303 3138.15 3004.2 2672.51 1187.13 517.78 454.639 94.3005 53.1856 331.689 290.05 1159.25 360.338
internal_count=139163 129783 118635 9380 11148 117730 9721 1312 108009 106498 8409 6408 507 1511 5901 1514 98 1416 10132 9739 8441 4387 2972 2644 431 215 1298 905 4321 2213
is_linear=0
shrinkage=0.05


Tree=74
num_leaves=31
num_cat=0
split_feature=28 37 33 37 5 29 25 8 5 52 12 52 12 37 25 0 15 51 37 44 51 15 12 51 12 7 14 8 37 23
split_gain=32.3114 57.4089 41.8507 36.0553 35.4544 33.8182 33.5766 36.3275 33.357 31.029 34.6131 30.8855 28.8608 28.9246 27.7088 33.8301 27.0235 47.9698 37.2705 26.9332 29.481 26.924 25.7943 24.1218 23.0387 32.7295 22.9586 22.4324 20.794 20.6374
threshold=0.020975000225007537 0.58324998617172252 0.80634999275207531 -0.36435000598430628 -4.0295772552490225 0.045184999704360969 0.99994999170303356 0.013447523117065431 -0.26712395250797266 2.5000000000000004 0.0085649997927248495 1.5000000000000002 -0.012275000102818011 0.31925000250339514 2.269150018692017 1.3997833132743838 1.0075500011444094 -0.012645000126212834 -0.55324998497962941 -0.30625000596046442 -0.0049050000961869946 1.0092499852180483 -0.1875449940562248 0.056059999391436584 -0.090154998004436479 47.038311004638679 0.49725000560283666 0.15914577245712283 0.77584999799728405 83.415000915527358
decision_type=2 2 2 2 2 2 2 2 2 2 2 2 2 2 2 2 2 2 2 2 2 2 2 2 2 2 2 2 2 2
left_child=2 8 3 4 -1 23 12 21 14 19 22 24 13 -5 -2 -16 17 -6 -18 20 -10 -8 -11 -3 25 -7 -14 -13 -9 -4
right_child=1 5 29 6 16 11 7 28 9 10 -12 27 26 -15 15 -17 18 -19 -20 -21 -22 -23 -24 -25 -26 -27 -28 -29 -30 -31
leaf_value=0.0286281848529946 0.0020662499814498975 -0.001368001008034146 0.0085441304631220603 0.0021711724729760865 0.034959068898569187 0.0292105135062556 -0.0086457360202927928 0.0009883963555487893 0.038468596699718638 0.011971852721170857 0.052658086064951627 0.0039270686206109252 0.011761027413873894 -0.0041095651386558142 -0.02115937398103002 0.0071834228140139544 0.0073948669355109915 -0.0006881475171993303 -0.021967241223908203 0.00077905111855122028 0.0076269625066412066 -0.024572710965968737 0.0051731143339654104 -0.023891447121705711 0.0024907908129619093 -0.010215107524625872 -0.01651535428660178 0.016567934650565525 -0.022344006337162412 -0.055344662215938326
leaf_weight=163.44852700829506 3798.0253849551082 11026.690705522895 1220.0578259080648 5049.4477400183678 149.84897448122501 55.836540102958679 1585.7225970365107 1304.997165068984 90.166570737957954 2367.0133198723197 43.648661032319069 4793.2233621031046 85.235041186213493 2877.847278162837 292.67691234126687 164.43331837654114 248.08329792320728 254.92977055907249 191.50394659489393 3351.7759217992425 550.82800950109959 318.67155474424362 3397.6688125245273 120.16757197678089 1148.5158159732819 919.71948376297951 454.93630170822144 378.6909908503294 103.02936336398125 12.772292166948317
leaf_count=493 10910 32329 3519 15907 478 137 6886 4057 209 6277 102 13158 248 9216 912 439 836 922 691 9526 1494 1297 9638 407 3187 2725 1743 980 369 71
internal_value=0.00109048 0.001956 -0.000915763 -0.00176396 0.00731297 0.000121382 -0.00254052 -0.00680849 0.00436315 0.00596805 0.00830058 0.00276784 -0.000870917 -0.000108925 0.00066649 -0.0109638 0.00318687 0.0125084 -0.00539659 0.00257489 0.0119654 -0.0113109 0.00796472 -0.00161081 -0.00230845 -0.00795856 -0.0120536 0.00485264 -0.000718903 0.00788223
internal_weight=46519.6 32499.1 14020.5 12787.7 1007.81 18442.8 11779.9 3312.42 14056.2 9801.1 5808.33 7295.99 8467.47 7927.3 4255.14 457.11 844.366 404.779 439.587 3992.77 640.995 1904.39 5764.68 11146.9 2124.07 975.556 540.171 5171.91 1408.03 1232.83
internal_count=139163 92430 46733 43143 3420 52923 39723 12609 39507 27246 16017 20187 27114 25123 12261 1351 2927 1400 1527 11229 1703 8183 15915 32736 6049 2862 1991 14138 4426 3590
is_linear=0
shrinkage=0.05


end of trees

feature_importances:
Column_37=247
Column_28=178
Column_21=161
Column_51=138
Column_35=128
Column_27=109
Column_12=90
Column_31=78
Column_13=76
Column_40=58
Column_7=57
Column_23=54
Column_30=53
Column_33=53
Column_5=49
Column_6=47
Column_16=42
Column_29=41
Column_15=40
Column_1=38
Column_8=37
Column_25=36
Column_3=35
Column_36=35
Column_44=35
Column_9=33
Column_34=33
Column_0=31
Column_45=24
Column_14=23
Column_22=22
Column_53=22
Column_24=20
Column_52=16
Column_2=15
Column_48=14
Column_49=13
Column_54=13
Column_39=11
Column_43=10
Column_55=8
Column_38=5
Column_46=5
Column_18=4
Column_41=4
Column_50=4
Column_17=2
Column_32=2
Column_57=1

parameters:
[boosting: gbdt]
[objective: binary]
[metric: auc]
[tree_learner: serial]
[device_type: cpu]
[data_sample_strategy: bagging]
[data: ]
[valid: ]
[num_iterations: 300]
[learning_rate: 0.05]
[num_leaves: 31]
[num_threads: 0]
[seed: 8]
[deterministic: 0]
[force_col_wise: 0]
[force_row_wise: 0]
[histogram_pool_size: -1]
[max_depth: 6]
[min_data_in_leaf: 20]
[min_sum_hessian_in_leaf: 0.001]
[bagging_fraction: 0.8]
[pos_bagging_fraction: 1]
[neg_bagging_fraction: 1]
[bagging_freq: 5]
[bagging_seed: 28170]
[bagging_by_query: 0]
[feature_fraction: 0.8]
[feature_fraction_bynode: 1]
[feature_fraction_seed: 31103]
[extra_trees: 0]
[extra_seed: 10443]
[early_stopping_round: 0]
[early_stopping_min_delta: 0]
[first_metric_only: 0]
[max_delta_step: 0]
[lambda_l1: 0]
[lambda_l2: 0]
[linear_lambda: 0]
[min_gain_to_split: 0]
[drop_rate: 0.1]
[max_drop: 50]
[skip_drop: 0.5]
[xgboost_dart_mode: 0]
[uniform_drop: 0]
[drop_seed: 311]
[top_rate: 0.2]
[other_rate: 0.1]
[min_data_per_group: 100]
[max_cat_threshold: 32]
[cat_l2: 10]
[cat_smooth: 10]
[max_cat_to_onehot: 4]
[top_k: 20]
[monotone_constraints: ]
[monotone_constraints_method: basic]
[monotone_penalty: 0]
[feature_contri: ]
[forcedsplits_filename: ]
[refit_decay_rate: 0.9]
[cegb_tradeoff: 1]
[cegb_penalty_split: 0]
[cegb_penalty_feature_lazy: ]
[cegb_penalty_feature_coupled: ]
[path_smooth: 0]
[interaction_constraints: ]
[verbosity: -1]
[saved_feature_importance_type: 0]
[use_quantized_grad: 0]
[num_grad_quant_bins: 4]
[quant_train_renew_leaf: 0]
[stochastic_rounding: 1]
[linear_tree: 0]
[max_bin: 255]
[max_bin_by_feature: ]
[min_data_in_bin: 3]
[bin_construct_sample_cnt: 200000]
[data_random_seed: 64]
[is_enable_sparse: 1]
[enable_bundle: 1]
[use_missing: 1]
[zero_as_missing: 0]
[feature_pre_filter: 1]
[pre_partition: 0]
[two_round: 0]
[header: 0]
[label_column: ]
[weight_column: ]
[group_column: ]
[ignore_column: ]
[categorical_feature: ]
[forcedbins_filename: ]
[precise_float_parser: 0]
[parser_config_file: ]
[objective_seed: 25835]
[num_class: 1]
[is_unbalance: 0]
[scale_pos_weight: 2.45591]
[sigmoid: 1]
[boost_from_average: 1]
[reg_sqrt: 0]
[alpha: 0.9]
[fair_c: 1]
[poisson_max_delta_step: 0.7]
[tweedie_variance_power: 1.5]
[lambdarank_truncation_level: 30]
[lambdarank_norm: 1]
[label_gain: ]
[lambdarank_position_bias_regularization: 0]
[eval_at: ]
[multi_error_top_k: 1]
[auc_mu_weights: ]
[num_machines: 1]
[local_listen_port: 12400]
[time_out: 120]
[machine_list_filename: ]
[machines: ]
[gpu_platform_id: -1]
[gpu_device_id: -1]
[gpu_use_dp: 0]
[num_gpu: 1]

end of parameters

pandas_categorical:null
