tree
version=v4
num_class=1
num_tree_per_iteration=1
label_index=0
max_feature_idx=57
objective=binary sigmoid:1
feature_names=Column_0 Column_1 Column_2 Column_3 Column_4 Column_5 Column_6 Column_7 Column_8 Column_9 Column_10 Column_11 Column_12 Column_13 Column_14 Column_15 Column_16 Column_17 Column_18 Column_19 Column_20 Column_21 Column_22 Column_23 Column_24 Column_25 Column_26 Column_27 Column_28 Column_29 Column_30 Column_31 Column_32 Column_33 Column_34 Column_35 Column_36 Column_37 Column_38 Column_39 Column_40 Column_41 Column_42 Column_43 Column_44 Column_45 Column_46 Column_47 Column_48 Column_49 Column_50 Column_51 Column_52 Column_53 Column_54 Column_55 Column_56 Column_57
feature_infos=[0:6.5001153945922852] [-0.99264538288116455:239.96401977539062] [0.0039525693282485008:1] [1.7270149754722297e-08:5] [2:7] [-9034.5859375:8896.30859375] [-0.99290162324905396:2.7325921058654785] [0.11485691368579865:100] [-0.99622130393981934:271.08529663085938] [0:6] none none [-0.9974600076675415:0.17249999940395355] [0.0071200001984834671:302.97634887695312] [0:10] [-0.020500000566244125:6] [-0.069700002670288086:6] [-0.020500000566244125:6] [-0.069700002670288086:6] none none [10.199999809265137:31.979999542236328] [0:50] [0.10999999940395355:100] [-0.9974600076675415:0.17249999940395355] [0:5] [0.5:1] [-0.097980000078678131:0.15000000596046448] [1.9999999494757503e-05:0.15000000596046448] [-0.99641001224517822:269.16470336914062] [-0.99436002969741821:243.54244995117188] [-0.99637001752853394:260.58767700195312] [-1:1] [-5:5] [0:251] [0:32] [0:1] [-5:5] [0:1] [0:5] [0:3] [0:1] none [0:9] [-3.2369999885559082:2.0146000385284424] [0.10000000149011612:10] [0:1] [0:1] [0.10000000149011612:20] [0:0.99599999189376831] [0:3] [-0.099969998002052307:0.10000000149011612] [1:5] [0:0.50819998979568481] [0.20000000298023224:3.9416000843048096] [-1:1] [0:1] [0:1]
tree_sizes=3444 3456 3435 3459 3461 3444 3428 3455 3458 3451 3463 3457 3476 3484 3465 3462 3490 3467 3488 3460 3445 3463 3456 3476 3486 3476 3465 3487 3461 3491 3482 3477 3482 3491 3489 3488 3490 3510 3471 3488 3482 3476 3505 3489 3490 3484 3518 3516 3494 3491 3479 3458 3516 3485 3500 3493 3521 3489 3507 3502 3535 3517 3496 3472 3500 3489 3500 3484 3456 3465 3496 3514 3530 3527 3518 3513 3487 3493 3502 3512 3489 3492 3461 3510 3520 3516 3514 3472

Tree=0
num_leaves=31
num_cat=0
split_feature=28 37 37 28 35 13 12 27 28 3 36 45 3 29 37 37 37 37 37 33 28 28 28 3 17 1 7 45 37 17
split_gain=820.322 324.174 247.744 166.881 131.326 102.615 119.02 90.7203 153.42 85.1402 83.8936 96.6516 78.9707 68.5879 63.7991 63.6657 59.1986 48.2011 42.6344 42.2313 41.9567 41.2757 40.0746 33.4198 30.5793 30.1084 26.2505 25.4286 25.4183 23.6791
threshold=0.048004999756813056 0.015350000001490118 1.0000000180025095e-35 0.018494999967515472 3.5000000000000004 0.81540498137474071 -0.27477499842643732 0.14952500164508822 0.093699999153614058 0.36282445490360266 0.93095001578331005 0.69949999451637279 0.79989147186279308 0.021364999935030941 1.1612499952316286 0.30234999954700476 0.37845000624656683 -0.49864999949932093 0.79554998874664318 -1.2785500288009641 0.073945000767707839 0.010664999950677158 0.032914999872446067 0.20629776269197467 1.0085499882698061 -0.072392348200082765 53.900251388549812 0.62024998664855968 0.40754999220371252 1.0527500510215761
decision_type=2 2 2 2 2 2 2 2 2 2 2 2 2 2 2 2 2 2 2 2 2 2 2 2 2 2 2 2 2 2
left_child=1 3 12 10 18 6 21 8 16 -10 17 -12 -2 -5 19 -8 29 -1 22 -9 -18 -6 24 -19 -3 -20 -21 -27 -7 -4
right_child=2 4 7 13 5 28 15 14 9 -11 11 -13 -14 -15 -16 -17 20 23 25 26 -22 -23 -24 -25 -26 27 -28 -29 -30 -31
leaf_value=-0.72856531664394553 -0.74948433505431311 -0.77648674212750901 -0.75507043444074917 -0.757018014638554 -0.83128480860248111 -0.77804736201992364 -0.79338504634804619 -0.72300332892704566 -0.86089031669979688 -0.73501844928480442 -0.76298540884576871 -0.87119543630340179 -0.69040020793077961 -0.71981430951956327 -0.84139600970964123 -0.80513107461361966 -0.77482214775691527 -0.72532665296616672 -0.77436003419557808 -0.85303816413974642 -0.75925726953493333 -0.78600156300989332 -0.76560259957186483 -0.78855667904102911 -0.79168355462065232 -0.78845471596758721 -0.76222803758330382 -0.81743295848151454 -0.7901764406783347 -0.71949775873122579
leaf_weight=46.216118395328522 93.823554307222366 818.64932548999786 217.35771954059601 441.33109429478645 51.671571224927902 859.39039626717567 1666.948854714632 26.229882895946503 13.840924680233 457.35802236199379 32.932394027709961 55.263739317655563 142.37155812978745 172.22967392206192 67.775618255138397 3746.2020429968834 2151.2675512433052 22.685260266065598 116.5432565510273 16.290862351655964 542.05545571446419 1927.0304839611053 461.48779597878456 265.19464775919914 555.74575075507164 139.02697518467903 15.558327376842497 166.20902752876282 868.44787502288818 59.611282825469971
leaf_count=128 282 2710 667 1364 203 2860 5836 71 59 1300 104 242 333 460 274 13612 7081 62 383 68 1689 6586 1471 914 1935 479 49 627 3009 159
internal_value=-0.783778 -0.790003 -0.763463 -0.763224 -0.792441 -0.795114 -0.797678 -0.766746 -0.765221 -0.738716 -0.787415 -0.83079 -0.71387 -0.746575 -0.808441 -0.801514 -0.769426 -0.775965 -0.781644 -0.769985 -0.77169 -0.787184 -0.778351 -0.783574 -0.782632 -0.79598 -0.808677 -0.804234 -0.784144 -0.747414
internal_weight=16216.7 12413.2 3803.54 1035.85 11377.4 9119.69 7391.85 3567.35 3441.49 471.199 422.292 88.1961 236.195 613.561 125.855 5413.15 2970.29 334.096 2257.66 58.0791 2693.32 1978.7 1835.88 287.88 1374.4 421.779 31.8492 305.236 1727.84 276.969
internal_count=55017 42985 12032 3274 39711 32106 26237 11417 10955 1359 1450 346 615 1824 462 19448 9596 1104 7605 188 8770 6789 6116 976 4645 1489 117 1106 5869 826
is_linear=0
shrinkage=1


Tree=1
num_leaves=31
num_cat=0
split_feature=28 28 35 28 9 39 43 40 28 33 12 12 34 31 30 44 21 33 21 21 21 16 15 21 21 8 39 49 21 21
split_gain=697.045 135.433 126.829 114.721 91.6075 81.9648 64.1569 58.1208 53.8013 52.5591 49.7868 43.8238 43.8864 40.231 40.9469 38.7938 38.8564 37.7929 35.5968 34.1101 41.9638 34.2003 33.7927 34.7833 31.6817 33.5119 27.9871 27.7371 26.5144 26.3184
threshold=0.048004999756813056 0.075434997677803053 3.5000000000000004 0.022104999981820587 1.0000000180025095e-35 0.031750001013278968 7.5000000000000009 1.5000000000000002 0.1179499998688698 -0.02515000011771917 -0.19008500128984449 -0.30152499675750727 214.50000000000003 0.15861999988555911 -0.088714998215436922 0.14214999973773959 11.989999771118166 0.90805000066757213 25.60999965667725 15.490000247955324 24.535000801086429 1.0733500123023989 1.0165500044822695 25.015000343322757 25.60999965667725 0.032792627811431892 0.10914999991655351 0.33404999971389776 18.030000686645511 11.090000152587892
decision_type=2 2 2 2 2 2 2 2 2 2 2 2 2 2 2 2 2 2 2 2 2 2 2 2 2 2 2 2 2 2
left_child=2 11 7 6 18 -3 9 15 22 27 -11 12 -2 14 -6 16 -1 -17 26 21 -21 -9 23 -7 25 -13 -5 -4 -18 -10
right_child=1 5 3 4 13 8 -8 19 29 10 -12 24 -14 -15 -16 17 28 -19 -20 20 -22 -23 -24 -25 -26 -27 -28 -29 -30 -31
leaf_value=0.088595125148852205 0.074034751449491995 0.046357285384481056 -0.0043637312163366838 0.058715526443424287 0.055128465927121853 0.048035607259948258 -0.056554656565244658 0.036557194262757962 0.023608448225742786 0.043141221759027577 0.027892153375002546 0.043814544598258474 0.039501847630108583 0.04916856718316992 0.033893458874097677 0.046675268823537369 0.049570482619075408 0.0023153254330120963 0.11588370067468599 0.00099777893395850531 0.060338348202480421 0.061070277078744822 0.079446267495374409 0.10959043629380394 0.088160883704415383 0.057020579493068796 0.043390201804093059 0.023267735561272984 0.065968155908364356 0.099404101694756997
leaf_weight=98.721854999661446 476.20661635696888 209.33227671682835 97.530554175376892 567.64933890104294 239.54428124427795 181.10768140852451 22.081344410777092 607.07082171738148 11.858519673347471 857.7335439324379 1423.7365152537823 915.3104901611805 114.03515720367432 562.91412079334259 4340.536423817277 378.99614907801151 650.80530053377151 54.979255363345146 21.300302073359489 113.46992787718773 40.400357365608215 185.85140539705753 562.88378983736038 26.280523881316185 58.290310218930244 1011.003464743495 626.91060265898705 1320.5099991858006 396.84860350191593 334.7251932322979
leaf_count=278 1410 687 380 1804 769 583 100 2070 42 2874 5028 3025 382 1847 15022 1248 2119 209 54 433 126 582 1611 66 163 3190 2102 4726 1214 873
internal_value=0.0436177 0.0620879 0.0379027 0.0353918 0.0394724 0.0750692 0.0284195 0.0479186 0.0804506 0.0289266 0.0336251 0.0554019 0.067363 0.0365544 0.0350041 0.0537877 0.0586076 0.0410554 0.0518151 0.0381221 0.0165783 0.0423028 0.0730894 0.0558359 0.0518445 0.0507456 0.0506727 0.0213673 0.0557819 0.0968107
internal_weight=16508.6 3901.03 12607.6 10080.4 6358.86 1326.19 3721.59 2527.14 1116.86 3699.51 2281.47 2574.85 590.242 5142.99 4580.08 1580.35 1146.38 433.975 1215.86 946.793 153.87 792.922 770.272 207.388 1984.6 1926.31 1194.56 1418.04 1047.65 346.584
internal_count=55017 12032 42985 34706 21598 3862 13108 8279 3175 13008 7902 8170 1792 17638 15791 5068 3611 1457 3960 3211 559 2652 2260 649 6378 6215 3906 5106 3333 915
is_linear=0
shrinkage=0.05


Tree=2
num_leaves=31
num_cat=0
split_feature=37 29 21 27 13 12 13 12 9 39 3 0 0 30 37 0 2 40 51 29 37 31 27 45 31 0 37 54 9 29
split_gain=406.969 242.226 223.652 209.161 110.533 163.26 67.731 69.4048 62.503 59.3952 58.246 50.34 45.7458 38.8445 37.0082 36.5546 34.2834 39.3464 28.3556 41.0441 33.1178 27.9679 26.3965 23.6092 23.5462 23.0059 22.5317 19.8133 18.9646 18.3386
threshold=1.0000000180025095e-35 0.047244999557733543 25.60999965667725 0.0084250001236796396 0.74137499928474437 -0.29231500625610346 0.19599999487400058 -0.19373999536037442 1.0000000180025095e-35 0.50769999623298656 0.35520020127296453 0.22964043170213702 0.82443377375602733 0.021794999949634079 -0.49864999949932093 1.170673191547394 0.89330697059631359 1.0000000180025095e-35 0.06110499985516072 0.10618999972939493 0.96415001153945934 0.15586500614881518 -0.031505001708865159 4.1016499996185312 0.10543999820947648 0.94453564286232006 1.24414998292923 1.1030499935150149 1.0000000180025095e-35 0.003565000020898879
decision_type=2 2 2 2 2 2 2 2 2 2 2 2 2 2 2 2 2 2 2 2 2 2 2 2 2 2 2 2 2 2
left_child=3 2 4 6 5 11 7 -1 -7 15 24 -2 13 -9 23 18 17 -6 19 -3 -20 27 -4 29 -5 -18 -24 -16 -17 -8
right_child=1 9 22 10 16 8 14 12 -10 -11 -12 -13 -14 -15 21 28 25 -19 20 -21 -22 -23 26 -25 -26 -27 -28 -29 -30 -31
leaf_value=0.06038306714242813 0.032895148466828415 0.045980727919927043 0.13324873076789459 0.098757935480505377 0.052361582935122455 0.037541362936947147 0.075656650037800963 -0.004402276035875818 0.026248254917421301 0.067849519980625203 0.12036952296616127 0.047969299015265927 0.11868045209606393 0.058113531107624905 0.053818037728045248 0.014730591689567508 0.046387901312269005 0.035232770815482824 0.060820133702408574 0.072187538399000883 -0.011353197990698748 0.092204462643370261 0.083161635942639339 0.017864346669705971 0.047915104850690865 0.063360138375502334 0.032361596052742775 0.089114504058569827 0.086655929548652283 0.12382436946496606
leaf_weight=182.16867262125015 804.33886706829071 1485.4802527874708 23.568794831633568 43.599680915474892 436.96937255561352 1556.4565654546022 32.837863922119141 120.22183887660503 5757.1931478083134 542.33763028681278 200.96313925087452 1778.3964183926582 10.048779308795927 31.321549102663994 401.6688669025898 10.25868748128414 893.69344589114189 1440.4824011325836 25.393238812685013 166.11091761291027 42.491653963923454 65.921460688114166 200.5316172093153 8.6613849401473981 47.669775366783142 257.10664711892605 24.493723064661026 44.126710176467896 85.944832175970078 49.618386819958687
leaf_count=550 2714 4757 49 111 1374 5184 93 464 20029 1562 441 5667 23 97 1250 36 2872 4822 76 473 166 173 549 30 149 765 80 118 231 112
internal_value=0.0407709 0.0385711 0.0359292 0.06835 0.0350257 0.0324679 0.0569347 0.0392234 0.0286516 0.0533298 0.105326 0.0432748 0.0153692 0.00851872 0.0670345 0.0489929 0.0433846 0.0392194 0.0473148 0.0486165 0.0156442 0.0618068 0.082905 0.096393 0.0722029 0.0501798 0.0776321 0.0573118 0.0789862 0.104642
internal_weight=16770.1 15531.2 13173.2 1238.83 12924.6 9896.38 946.596 343.761 7313.65 2358.02 292.233 2582.74 161.592 151.543 602.835 1815.68 3028.25 1877.45 1719.48 1651.59 67.8849 511.717 248.594 91.1176 91.2695 1150.8 225.025 445.796 96.2035 82.4563
internal_count=55017 51406 44105 3611 43427 33594 2910 1134 25213 7301 701 8381 584 561 1776 5739 9833 6196 5472 5230 242 1541 678 235 260 3637 629 1368 267 205
is_linear=0
shrinkage=0.05


Tree=3
num_leaves=31
num_cat=0
split_feature=28 37 37 28 35 13 12 25 27 28 25 14 37 29 37 37 33 27 33 40 23 21 29 40 17 37 14 28 2 13
split_gain=546.346 243.955 162.397 133.716 94.086 77.3685 84.2332 73.5822 72.5575 100.474 70.8429 65.2736 56.2744 56.0642 51.763 49.7849 42.8745 39.5866 38.7452 38.6666 36.797 36.4104 37.7421 34.6229 32.8267 32.4838 31.6134 29.7647 27.5806 25.0159
threshold=0.048004999756813056 0.026349999941885475 1.0000000180025095e-35 0.018494999967515472 3.5000000000000004 0.81540498137474071 -0.27477499842643732 0.95824998617172252 0.14952500164508822 0.093699999153614058 1.0000500082969668 0.12245000153779985 0.30234999954700476 0.017055000178515915 1.030550003051758 0.47785000503063207 1.0000000180025095e-35 -0.0015949999797157941 -1.2785500288009641 1.5000000000000002 58.995000839233406 15.490000247955324 0.041755000129342086 2.5000000000000004 0.99555000662803661 -0.49864999949932093 0.38645000755786901 0.073945000767707839 0.023762469179928306 0.14868500083684924
decision_type=2 2 2 2 2 2 2 2 2 2 2 2 2 2 2 2 2 2 2 2 2 2 2 2 2 2 2 2 2 2
left_child=1 3 16 7 19 6 23 25 9 15 -9 -11 -8 -5 18 17 -2 -4 -10 20 -3 22 -21 -6 -12 -1 -23 -17 -22 -27
right_child=2 4 8 13 5 -7 12 10 14 11 24 -13 -14 -15 -16 27 -18 -19 -20 21 28 26 -24 -25 -26 29 -28 -29 -30 -31
leaf_value=0.083591438315078107 0.069542254449538418 0.05014861893886792 0.053662061787463078 0.058618056823523182 0.033181998277887335 0.038098571208264417 0.03098262606150139 -0.071432106326383984 0.099522543186537485 -0.037371657489157176 0.059057224984732926 0.076366292783854706 0.020068015724699753 0.088514652637998459 -0.011754841296539489 0.044231485316770708 0.11049742863988575 0.083848828913876752 0.015307723829358827 0.032134982043118897 0.083239828033275801 -0.050410106229270925 0.067089851687360799 0.055751017164937348 -0.010942849915307883 0.015027845585809019 0.017983499818769452 0.057211300269420062 0.02949883557668628 0.046875519352241754
leaf_weight=46.440896272659302 114.07768426835537 1024.7727551460266 300.73862944543362 448.95391263067722 1869.2344172149897 1803.6696305125952 1698.4434055536985 28.095989614725113 24.068301096558571 12.942642986774443 32.649158298969269 497.39177742600441 3876.038935482502 240.98595103621483 75.889543205499649 2122.2423243075609 145.29113087058067 169.99809716641903 31.575802475214005 678.03564575314522 25.380652099847794 19.678388580679893 87.149488419294357 186.92685398459435 34.38920396566391 82.187732622027397 119.48840072751045 557.75523175299168 402.29325585067272 246.86244931817055
leaf_count=120 311 3156 896 1320 6177 5849 5732 134 58 55 99 1304 13612 607 295 6629 304 448 109 2250 69 85 252 566 132 291 420 1623 1340 774
internal_value=0.0381837 0.0331706 0.0542074 0.0550434 0.0310177 0.0287854 0.026584 0.0344942 0.0515897 0.0529005 -0.00478379 0.0734818 0.0233935 0.0690605 0.0151035 0.0495669 0.0924842 0.0645635 0.051734 0.0399538 0.0450074 0.0318375 0.0361161 0.0352338 0.0231487 0.0444457 0.00831254 0.0469328 0.0326881 0.0389208
internal_weight=17003.6 12951.7 4051.97 1160.57 11791.1 9434.31 7630.64 470.625 3792.6 3661.07 95.1344 510.334 5574.48 689.94 131.534 3150.73 259.369 470.737 55.6441 2356.8 1452.45 904.352 765.185 2056.16 67.0384 375.491 139.167 2680 427.674 329.05
internal_count=55017 42985 12032 3477 39508 31936 26087 1550 11417 10955 365 1359 19344 1927 462 9596 615 1344 167 7572 4565 3007 2502 6743 231 1185 505 8252 1409 1065
is_linear=0
shrinkage=0.05


Tree=4
num_leaves=31
num_cat=0
split_feature=28 37 37 35 28 37 28 51 28 37 36 45 9 33 40 12 3 34 28 23 15 21 21 16 54 14 29 15 6 37
split_gain=478.98 206.24 203.166 106.294 105.737 94.6439 117.769 82.6962 133.608 77.1344 78.9208 77.5939 48.4466 46.6316 45.7557 42.0508 41.3675 39.5745 38.2674 37.985 33.2695 32.6493 29.9944 29.2323 29.0776 27.5859 24.6162 24.6051 24.1029 21.8613
threshold=0.041865000501275069 0.015350000001490118 0.17465000599622729 3.5000000000000004 0.024884999729692939 0.73425000905990612 0.021684999577701095 0.099995002150535597 0.073945000767707839 -0.49864999949932093 0.91294997930526745 0.69949999451637279 1.0000000180025095e-35 0.0085500003769993799 1.5000000000000002 -0.30152499675750727 0.80452182888984691 214.50000000000003 0.1179499998688698 58.995000839233406 0.99825000762939464 15.490000247955324 24.535000801086429 1.0759499669075014 0.84854999184608471 0.12245000153779985 0.020465000532567505 1.0165500044822695 0.18256293237209323 0.085650000721216216
decision_type=2 2 2 2 2 2 2 2 2 2 2 2 2 2 2 2 2 2 2 2 2 2 2 2 2 2 2 2 2 2
left_child=1 4 16 14 9 6 13 8 15 -1 25 -12 -8 -5 19 17 -2 -4 27 29 -17 23 -23 -16 -21 -11 -6 -10 -7 -3
right_child=2 3 7 5 26 28 12 -9 18 10 11 -13 -14 -15 21 20 -18 -19 -20 24 -22 22 -24 -25 -26 -27 -28 -29 -30 -31
leaf_value=0.081004877780789547 0.061540423219718893 0.078000687941812683 0.057197858287515481 0.013266207411677167 0.064583663735620245 0.012152819567074679 0.045082355204952712 0.0018680382792785534 0.043116997445221523 0.10016060220436762 0.049780533936070626 -0.032724692578864248 0.031086841622312206 0.025940226123940126 0.02765831990411767 0.02870241908275278 0.090710334887351862 0.029366693609132594 0.080582785196558981 0.081266037156249554 0.0415551443896751 -0.0068741091109136947 0.055999850051710709 0.052033288388858928 0.026726805086104744 0.040212988996465034 0.093016983755204438 0.061783367868680196 0.029167831810127266 0.047200631051123848
leaf_weight=100.55775627493858 208.44856433570385 61.64806891977787 637.00660756230354 1248.596960529685 226.54856760799885 1372.3633403778076 764.32205894589424 108.24618481099606 240.85649394989014 19.988473579287529 45.229515358805656 77.032692536711693 3237.3871298581362 1733.1853524744511 562.34991611540318 651.75921902060509 291.5280542075634 159.76553830504417 208.15187810361385 26.251344859600067 2213.3360995352268 99.515278503298759 23.435883551836014 157.43943057954311 353.95783972740173 480.62237553298473 114.6413592249155 661.13024559617043 245.34458702802658 879.98482231795788
leaf_count=254 576 165 1835 4415 624 4857 2373 400 720 47 134 325 10686 5843 1865 2126 672 518 508 70 6874 381 69 470 1170 1492 265 1804 814 2665
internal_value=0.0358242 0.0301991 0.0481931 0.0281231 0.0511925 0.0256308 0.0281551 0.0450832 0.0460635 0.0403711 0.0338111 -0.00220282 0.03376 0.0206331 0.0380267 0.0414569 0.0785489 0.0516173 0.0612584 0.0438312 0.0386314 0.0289224 0.00511038 0.0329899 0.0304924 0.0426066 0.0741374 0.0567989 0.0147333 0.0492171
internal_weight=17210.6 11830.4 5380.23 10765.8 1064.62 8601.2 6983.49 4880.25 4772.01 723.431 622.873 122.262 4001.71 2981.78 2164.58 3661.87 499.977 796.772 1110.14 1321.84 2865.1 842.741 122.951 719.789 380.209 500.611 341.19 901.987 1617.71 941.633
internal_count=55017 38984 16033 35843 3141 28988 23317 14785 14385 2252 1998 459 13059 10258 6855 11353 1248 2353 3032 4070 9000 2785 450 2335 1240 1539 889 2524 5671 2830
is_linear=0
shrinkage=0.05


Tree=5
num_leaves=31
num_cat=0
split_feature=27 0 35 13 0 25 12 35 14 27 0 15 49 35 6 30 25 40 31 51 39 0 15 9 6 53 33 53 31 5
split_gain=229.638 121.117 73.1698 68.1581 63.0117 99.8196 54.2843 46.2058 38.387 53.0725 40.7013 36.6551 35.374 34.061 29.9017 29.7893 28.9651 25.6672 29.1697 25.3907 25.3506 24.851 24.6506 28.6379 23.341 21.6975 21.6613 21.4186 20.4251 19.1007
threshold=0.027664999477565292 0.44479265809059149 3.5000000000000004 0.82654002308845531 1.1957272291183474 1.1672499775886538 -0.17247500270605085 16.500000000000004 0.55994999408721935 0.053069999441504485 0.63574525713920604 1.0505500435829165 0.15085000544786456 23.500000000000004 -0.14213456958532331 -0.11673500016331671 0.81115001440048229 1.5000000000000002 -0.030825000256299969 -0.0025250000180676575 0.088250000029802336 0.3747514039278031 0.99445000290870678 2.5000000000000004 0.25918771326541906 0.21845000237226489 -2.598250031471252 0.2824500054121018 0.28098499774932867 -0.17734912037849423
decision_type=2 2 2 2 2 2 2 2 2 2 2 2 2 2 2 2 2 2 2 2 2 2 2 2 2 2 2 2 2 2
left_child=1 2 17 6 5 14 13 -8 26 10 28 12 -7 -4 29 -6 -5 22 21 -20 -16 -19 -1 -24 -11 -18 -2 -17 -10 -3
right_child=8 4 3 16 15 11 7 -9 9 24 -12 -13 -14 -15 20 27 25 18 19 -21 -22 -23 23 -25 -26 -27 -28 -29 -30 -31
leaf_value=0.051112684856714156 0.052867780888397366 0.039571531723307109 0.025332970788291154 0.038518776403460055 0.074357363977176169 0.014704538449931963 0.012518072607222971 0.02452057849252335 0.03792873276719911 0.055576796721749804 0.060925421468880692 0.044308158488107402 0.02931682902306039 0.038252334886175382 0.050130968068411288 0.044076866798877318 -0.016254550997898357 -7.0167150164799318e-06 -0.0055695118218356959 0.037069091088206545 0.037241265262375041 0.056408789921190985 0.029083356802064642 0.050108653673902839 0.075713661335676988 0.026683485033706024 0.018011128143875895 0.084318686203203902 0.071842059891345331 0.066945502000139073
leaf_weight=411.00527884066105 65.949036717414856 97.891323983669281 2131.6529110968113 1172.4350595772266 102.79598446190357 527.92826656997204 1506.0117467045784 1714.9349531382322 756.17131763696671 323.43174512684345 323.46992106735706 314.20416617393494 1922.2618732452393 670.68492588400841 488.63925340771675 777.4777906537056 40.175076574087143 120.65206567943096 37.345260411500931 536.4790905714035 1738.9792791754007 23.287864208221436 503.31281527876854 238.7959116846323 259.2566305398941 109.91920308768749 137.49738025665283 34.53427317738533 47.167292565107346 182.58698984980583
leaf_count=1192 193 298 7036 3636 262 1790 5265 5752 2301 869 875 947 6206 2111 1445 2291 151 433 136 1686 5420 68 1600 699 624 357 453 81 123 500
internal_value=0.0335028 0.0314738 0.0278412 0.0255929 0.036885 0.0347832 0.0233361 0.0189086 0.0498417 0.0522852 0.0459499 0.0282302 0.0261684 0.028425 0.0420059 0.0489986 0.0358712 0.0366688 0.0292458 0.0342941 0.0400687 0.00912043 0.0412894 0.0358489 0.0645363 0.0151904 0.0293102 0.0457883 0.0399199 0.0573916
internal_weight=17316.9 15404 9216.69 7345.81 6187.3 5272.49 6023.28 3220.95 1912.94 1709.5 1126.81 2764.39 2450.19 2802.34 2508.1 914.808 1322.53 1870.88 717.764 573.824 2227.62 143.94 1153.11 742.109 582.688 150.094 203.446 812.012 803.339 280.478
internal_count=54800 49362 30122 24308 19240 16606 20164 11017 5438 4792 3299 8943 7996 9147 7663 2634 4144 5814 2323 1822 6865 501 3491 2299 1493 508 646 2372 2424 798
is_linear=0
shrinkage=0.05


Tree=6
num_leaves=31
num_cat=0
split_feature=37 29 21 27 0 13 25 0 35 37 43 1 0 14 55 54 55 5 0 13 21 36 36 37 0 37 53 25 15 1
split_gain=286.019 159.953 179.238 125.581 85.7547 59.4877 56.5489 68.2945 53.3005 48.885 43.9327 42.0453 39.0489 44.0593 29.4093 24.6083 23.5044 23.2075 22.9951 26.5298 22.1543 21.6247 20.5294 20.4463 19.7062 19.139 16.0997 16.0833 15.9848 15.707
threshold=1.0000000180025095e-35 0.047244999557733543 25.60999965667725 0.0084250001236796396 0.39304602146148687 0.81540498137474071 0.87755000591278087 1.1200639605522158 3.5000000000000004 -0.28395000100135798 6.5000000000000009 2.5680679082870488 1.170673191547394 2.4453499317169194 0.48450000584125524 1.1767500042915346 -0.43045000731945032 -91.769844055175767 0.83461850881576549 0.19599999487400058 17.170000076293949 0.61585000157356273 0.2621500045061112 0.20515000075101855 0.066762875765562071 1.24414998292923 0.23754999786615374 2.120999932289124 1.0270499587059023 0.0048427057918161162
decision_type=2 2 2 2 2 2 2 2 2 2 2 2 2 2 2 2 2 2 2 2 2 2 2 2 2 2 2 2 2 2
left_child=3 2 4 9 5 8 17 -8 -2 24 18 -5 13 16 -14 25 -3 -6 19 -11 -16 22 -15 -18 -1 -4 -7 -20 -26 -23
right_child=1 12 15 11 6 26 7 -9 -10 10 -12 -13 14 21 20 -17 23 -19 27 -21 -22 29 -24 -25 28 -27 -28 -29 -30 -31
leaf_value=0.025412308656355038 0.030258751489010784 -0.0095316717176328752 0.06479987607607042 0.092523351362749792 -0.012648910642586362 0.013864912933738253 0.025343526661119727 0.040659795979513864 0.018614002978382095 0.023277243379527336 -0.061631487654651533 0.047884024252054798 0.069518964282328316 0.048149928720542017 -0.031262523514526235 0.098448344765212664 0.053062262160343966 0.040227710467771141 0.082200000034762841 0.044529342684249559 0.077564418893918241 0.029904898530125269 0.016170074391676951 0.033309121140432225 0.05984635198814095 0.0037229091299070659 0.034557587110125437 0.026943128274201252 0.087880726699992695 0.079333091053954391
leaf_weight=31.680510073900223 1237.5875546187162 29.862282186746597 191.90451699495316 231.23457644879818 21.042924806475639 102.18352256715298 3691.830692589283 906.52694053947926 4770.9103559702635 224.61941124498844 10.777928963303564 68.339893668889999 173.96440228819847 656.9128505140543 13.505823746323587 54.711709797382355 145.51532167196274 1496.3960859179497 50.238021820783615 424.13510742783546 7.1535609215497962 19.808123931288719 54.334460273385048 1313.5982236862183 195.29189112782478 13.745072513818739 1173.6400833725929 17.846829667687416 68.746250107884407 85.22594653069973
leaf_count=99 3884 106 503 477 76 344 11931 2665 16108 727 50 189 434 1833 49 115 414 4534 118 1225 17 60 171 4042 530 46 3635 53 157 208
internal_value=0.0315157 0.0296859 0.027558 0.0538677 0.0267596 0.0230946 0.0311249 0.028363 0.0210125 0.0455326 0.0385658 0.0823401 0.0413142 0.0394984 0.062821 0.0686463 0.0343804 0.0394944 0.0400723 0.0371712 0.00642012 0.0488343 0.0457069 0.0352791 0.0626746 0.0607177 0.0329003 0.0677157 0.0671455 0.0700115
internal_weight=17483.3 16160.4 13660.5 1322.91 13400.1 7284.32 6115.8 4598.36 6008.5 1023.34 727.617 299.574 2499.88 2305.26 194.624 260.361 1488.98 1517.44 716.839 648.755 20.6594 816.281 711.247 1459.11 295.719 205.65 1275.82 68.0849 264.038 105.034
internal_count=54800 51175 43841 3625 43177 23971 19206 14596 19992 2959 2173 666 7334 6834 500 664 4562 4610 2123 1952 66 2272 2004 4456 786 549 3979 171 687 268
is_linear=0
shrinkage=0.05


Tree=7
num_leaves=31
num_cat=0
split_feature=28 37 28 37 28 37 25 51 28 13 17 37 6 37 25 37 29 7 33 31 33 6 3 21 28 51 28 37 51 7
split_gain=376.701 187.556 114.129 114.274 104.206 84.9188 64.9809 61.5974 57.8087 57.2944 55.6293 52.3125 56.875 50.1392 65.9988 38.1828 37.91 37.276 32.6149 32.0528 31.0523 28.2317 27.854 27.651 30.3159 27.3459 26.7444 24.9252 35.6342 34.1222
threshold=0.056925000622868545 0.057949999347329147 0.034095000475645072 0.26624999940395361 0.018494999967515472 0.52994999289512645 0.95050001144409191 0.099995002150535597 0.10293500125408174 0.80265998840332042 0.99514999985694896 0.62244999408721935 0.014696687925606968 0.8355500102043153 1.4980500340461733 1.030550003051758 0.021364999935030941 63.042642593383796 -0.091250002384185777 0.001624999975319952 -0.40604999661445612 -0.10598529875278472 1.0580504536628725 12.59500026702881 0.0099650002084672468 -0.020000000484287735 0.041565001010894782 1.0000000180025095e-35 0.099995002150535597 53.656929016113288
decision_type=2 2 2 2 2 2 2 2 2 2 2 2 2 2 2 2 2 2 2 2 2 2 2 2 2 2 2 2 2 2
left_child=1 4 9 20 6 22 23 8 19 11 -8 12 -3 14 -5 -9 -6 -17 -18 25 -4 -13 -2 -1 -25 -7 -15 -24 -29 -30
right_child=5 2 3 13 16 7 10 15 -10 -11 -12 21 -14 26 -16 17 18 -19 -20 -21 -22 -23 27 24 -26 -27 -28 28 29 -31
leaf_value=0.057448602381972719 0.052165887037812088 0.025700282208237703 0.033512398389252206 0.037886102266444406 0.047008949770169131 0.095473733720085885 0.035979218834955577 0.080900272681453944 0.062382826211463162 0.03007694231683232 -0.035697682848978833 0.028986617422310491 0.015202861493647725 0.01319125983059216 0.019149171570677762 -0.017730544487617045 0.048228518539709442 0.086692541460276662 0.083409739564414345 0.044342734003212564 0.064665362202294088 0.0090612975034586318 0.090351444864799471 -0.00019090946586764195 0.035161572225561717 0.028355162700109154 0.026301556105421377 0.070824323484422066 -0.06826856145991482 0.049909813776619183
leaf_weight=106.69431456923485 314.89537526667118 3291.8413241952658 109.79370027780533 1804.6299951672554 641.32736986875534 15.598416224122046 45.049897417426109 14.233467593789099 340.86848466098309 1459.378247693181 67.824630185961723 202.21604593098164 2122.1388593167067 585.03343613445759 635.47728152573109 83.461854502558708 110.34085428714752 9.5211971253156644 163.47922334074974 1302.7790333330631 294.67312458157539 1470.7388413250446 126.3417454957962 73.626015305519104 343.86098793148994 559.9144824296236 1160.9018611013889 146.56359906494617 9.462989345192911 17.228340655565262
leaf_count=296 843 10582 332 5430 1794 35 137 35 831 4539 281 639 7151 1976 2051 320 296 22 367 3662 787 5081 245 256 1043 1686 3637 361 39 46
internal_value=0.0296833 0.026413 0.024471 0.0308298 0.0428496 0.0460177 0.0273222 0.041651 0.0434393 0.0210554 -0.00709037 0.0191976 0.0215856 0.0283777 0.0330064 0.00463626 0.0536585 -0.00703792 0.0692328 0.0400015 0.0562088 0.0114697 0.0625493 0.0347324 0.028927 0.0301743 0.0219085 0.073463 0.0611475 0.00801154
internal_weight=17629.9 14689 13136.8 4590.51 1552.2 2940.87 637.056 2326.38 2219.16 8546.31 112.875 7086.94 5413.98 4186.04 2440.11 107.217 915.147 92.9831 273.82 1878.29 404.467 1672.95 614.492 524.181 417.487 575.513 1745.94 299.597 173.255 26.6913
internal_count=54800 46675 42205 14213 4470 8125 2013 6591 6214 27992 418 23453 17733 13094 7481 377 2457 342 663 5383 1119 5720 1534 1595 1299 1721 5613 691 446 85
is_linear=0
shrinkage=0.05


Tree=8
num_leaves=31
num_cat=0
split_feature=28 37 28 37 28 37 51 28 37 49 37 28 35 25 36 33 22 13 37 16 37 23 33 28 36 31 27 15 12 15
split_gain=335.204 166.529 100.122 117.125 86.6967 75.6093 63.6629 63.3259 60.9731 57.4686 57.0118 50.2483 47.9396 47.5961 76.3695 42.2945 37.7073 33.3062 32.6228 31.9226 26.2789 33.2228 30.7017 23.2939 23.0172 22.6457 22.3812 21.2761 21.1874 20.3057
threshold=0.056925000622868545 0.044350000098347671 0.021824999712407592 0.72214999794960033 0.024884999729692939 1.0000000180025095e-35 0.099995002150535597 0.041565001010894782 -0.49864999949932093 0.94855001568794262 0.26624999940395361 0.10293500125408174 3.5000000000000004 0.90985000133514415 0.97005000710487377 0.7649500072002412 1.469749987125397 1.4399050474166872 0.53505000472068798 1.0309500098228457 1.030550003051758 62.914999008178718 -2.0405499935150142 0.010325000155717136 0.77024999260902416 -0.034074999392032616 0.0039749999996274718 1.003850042819977 -0.86680501699447621 0.96924999356269848
decision_type=2 2 2 2 2 2 2 2 2 2 2 2 2 2 2 2 2 2 2 2 2 2 2 2 2 2 2 2 2 2
left_child=1 4 12 9 8 16 11 -5 -1 10 -4 18 25 23 -15 17 -2 -14 27 -20 22 -22 -8 -10 -6 29 -17 -7 -27 -3
right_child=5 2 3 7 24 6 20 -9 13 -11 -12 -13 15 14 -16 26 -18 -19 19 -21 21 -23 -24 -25 -26 28 -28 -29 -30 -31
leaf_value=0.066434602921607841 0.042599024817693815 0.047859604856087562 0.037965886594691502 0.012165587421020238 0.052588067782906735 0.042073087825321522 0.083214694773855777 0.026230900298993998 0.011041669471980643 0.053514836343805952 0.026346794815098114 0.060227744608427183 0.010513997952906411 0.02512687952162377 -0.042230262393797215 0.034378103726902857 0.085782709966721035 0.03739428716278486 0.029774644938339812 0.043002842212988224 -0.016945479931938068 0.080902967965852807 0.012057373673512084 0.038575127607243381 0.080307378962708231 -0.04987735811544855 0.00398845427899142 0.067718302344418599 0.032954377729902166 0.0042000453417757842
leaf_weight=111.67734305560589 76.461781889200211 32.366379603743553 1384.4310446530581 1818.630267098546 428.62955909967422 162.83675362169743 21.729135245084763 1429.0750043094158 90.883147433400154 251.53153170645237 4446.8840928375721 362.18245163559914 2689.567987203598 153.3585040718317 57.995720937848091 334.80753345787525 149.16989868879318 120.39704447984695 768.21682155132294 1122.4578254073858 82.974823266267776 9.6878202557563764 50.132056131958961 496.34563393890858 90.745648592710495 7.8170054703950873 73.971791714429855 160.68107764422894 622.89213390648365 150.30745679140091
leaf_count=270 206 92 4103 6129 1110 449 48 4419 302 711 13911 869 9168 472 249 1044 290 361 2266 3105 320 22 159 1444 203 31 259 391 1890 507
internal_value=0.0279877 0.0249115 0.0231762 0.0260214 0.0411307 0.0433272 0.041037 0.0183547 0.03183 0.0301147 0.0291053 0.0429626 0.0165924 0.0269907 0.00664404 0.0138518 0.0711487 0.0116657 0.0401385 0.037628 0.0108821 -0.00671549 0.0335737 0.0343139 0.0574312 0.0274378 0.0288789 0.0548103 0.0319278 0.0119357
internal_weight=17758.8 14792.3 13362.7 9330.55 1429.64 2966.53 2740.9 3247.71 910.26 6082.85 5831.32 2576.37 4032.13 798.583 211.354 3218.74 225.632 2809.97 2214.19 1890.67 164.524 92.6626 71.8612 587.229 519.375 813.383 408.779 323.518 630.709 182.674
internal_count=54800 46675 42625 29273 4050 8125 7629 10548 2737 18725 18014 7080 13352 2467 721 10832 496 9529 6211 5371 549 342 207 1746 1313 2520 1303 840 1921 599
is_linear=0
shrinkage=0.05


Tree=9
num_leaves=31
num_cat=0
split_feature=28 37 28 37 28 37 51 13 21 12 36 37 27 49 28 22 43 44 16 37 33 13 37 3 1 37 13 15 37 28
split_gain=299.593 149.273 96.5786 93.4466 84.5366 68.9202 56.3089 47.8144 45.8084 44.372 44.0034 41.9117 37.4456 36.0811 35.6819 34.5939 33.577 32.7062 29.3982 27.5425 26.7993 23.9768 23.5581 30.0474 27.8736 23.3027 22.166 21.8014 20.6647 23.1778
threshold=0.056925000622868545 0.057949999347329147 0.034095000475645072 0.26624999940395361 0.018494999967515472 1.0000000180025095e-35 0.099995002150535597 0.80265998840332042 26.739999771118168 -0.22295499593019483 0.95820000767707836 0.8355500102043153 0.012585000135004522 0.19075000286102298 0.10293500125408174 1.469749987125397 6.5000000000000009 0.18464999645948413 1.0309500098228457 -0.49864999949932093 -0.40604999661445612 0.14868500083684924 1.030550003051758 3.5515019893646245 0.67490756511688244 1.2813499569892886 1.8783349990844729 1.0519500374794009 -0.28395000100135798 0.027534999884665016
decision_type=2 2 2 2 2 2 2 2 2 2 2 2 2 2 2 2 2 2 2 2 2 2 2 2 2 2 2 2 2 2
left_child=1 4 7 20 16 15 8 9 14 17 -11 13 28 -5 18 -2 19 -3 -7 -1 26 -21 24 -24 -8 -10 -4 -13 -6 -30
right_child=5 2 3 11 12 6 22 -9 25 10 -12 27 -14 -15 -16 -17 -18 -19 -20 21 -22 -23 23 -25 -26 -27 -28 -29 29 -31
leaf_value=0.056446022113820972 0.040173671685579136 0.025334139470693681 0.035436022635277155 0.018318785646002086 0.059518648855317692 0.029738196806460667 -0.011508516720551955 0.026842370819065087 0.080819341572470504 0.015612085109509153 -0.0012356595287240468 0.016342488479756404 0.081254759816148756 0.032811963184803151 0.054529889367928686 0.081434015991401557 -0.069285816118963547 0.01176006687223464 0.041601674062224689 0.0051384108687190433 0.058020711883304127 0.028244275639669438 -0.018042952886488457 0.063533189108597385 0.054022621335594372 0.024532255869283023 -0.05224945515849453 0.029278027089671879 0.032355135012955852 0.051056076630564252
leaf_weight=64.736321806907654 77.009218975901604 1971.1091755479574 103.99732688069344 552.75195764005184 184.41030877828598 891.1582096517086 24.604842022061348 1481.0751978307962 99.377857878804207 4197.8870549649 426.98348118364811 1335.3220041394234 76.268129676580429 1924.7962571084499 322.24788881838322 149.27385351061821 9.4750141203403455 572.69332577288151 1261.2903797179461 153.54256603121758 301.93158760666847 417.75194914638996 79.149412348866463 13.165766119956968 47.657046884298325 22.562422767281532 7.7439794838428488 430.81862464547157 374.7695022970438 296.98196704685688
leaf_count=161 206 6171 302 1742 451 2587 85 4539 212 13896 1499 4307 160 5739 778 290 48 1887 3439 531 787 1273 309 33 122 64 30 1306 1082 764
internal_value=0.0264138 0.0235136 0.0217894 0.0275944 0.0380542 0.0408636 0.0386896 0.0186638 0.0404872 0.0169741 0.0140566 0.0253831 0.0476834 0.0295785 0.039013 0.0673922 0.0241449 0.0222782 0.0366899 0.0255368 0.0502787 0.0220343 0.0103281 -0.00640876 0.0317096 0.0704046 0.0293592 0.0194979 0.0446928 0.0406228
internal_weight=17872.5 14885 13307.1 4657.36 1577.94 2987.5 2761.21 8649.75 2596.64 7168.67 4624.87 4243.69 932.43 2477.55 2474.7 226.283 645.506 2543.8 2152.45 636.031 413.673 571.295 164.577 92.3152 72.2619 121.94 111.741 1766.14 856.162 671.751
internal_count=54800 46675 42205 14213 4470 8125 7629 27992 7080 23453 15395 13094 2457 7481 6804 496 2013 8058 6026 1965 1119 1804 549 342 207 276 332 5613 2297 1846
is_linear=0
shrinkage=0.05


Tree=10
num_leaves=31
num_cat=0
split_feature=28 37 28 37 28 37 37 37 48 25 28 36 45 33 28 33 37 43 28 27 55 0 21 14 37 27 23 12 37 0
split_gain=271.522 154.216 79.1866 102.727 62.2897 51.9121 50.8204 49.5945 49.1474 48.3209 45.2269 44.4577 52.7087 43.4408 41.29 37.3866 36.0175 31.9721 31.7534 38.4021 28.4608 24.7983 26.2419 22.8016 29.7645 26.6265 23.9349 22.6825 21.4965 20.6371
threshold=0.05826500058174134 -1.0000000180025095e-35 0.021684999577701095 0.26624999940395361 0.025024999864399437 0.50365000963211071 -0.49864999949932093 0.72214999794960033 2.4795999526977544 1.4315499663352969 0.039474999532103545 0.93095001578331005 0.63435000181198131 0.7649500072002412 0.037255000323057182 -0.22154999524354932 0.39274999499320989 7.5000000000000009 0.087280001491308226 0.14952500164508822 0.48450000584125524 0.23810609430074695 10.949999809265138 0.16670000553131106 1.0000000180025095e-35 0.097179997712373747 53.155000686645515 -0.74735000729560841 0.96415001153945934 0.01537114614620805
decision_type=2 2 2 2 2 2 2 2 2 2 2 2 2 2 2 2 2 2 2 2 2 2 2 2 2 2 2 2 2 2
left_child=1 4 13 14 6 23 -1 9 18 -5 -9 -8 -13 16 15 -4 17 -3 -7 20 -20 22 -15 -2 -25 -26 -27 -18 -21 -10
right_child=5 2 3 7 -6 8 11 10 29 -11 -12 12 -14 21 -16 -17 27 -19 19 28 -22 -23 -24 24 25 26 -28 -29 -30 -31
leaf_value=0.060695807650683102 0.031963133941930143 0.016719282067220436 0.017553609843362194 0.02681341573958558 0.055626567108470942 0.032715019925206056 0.031626177195934989 0.010190290983987646 0.028377975865417321 0.014872207951872371 0.02173241020593307 0.042509437210138681 -0.029154967407113808 0.085848448091687554 0.049667818327555548 0.0360519662440845 -0.043668305461579009 -0.074434738432728811 0.051623751324105044 0.079251767721451191 0.0033512195163339295 0.040640123408876468 0.015512103787143025 0.075595903758194027 0.053200687016686433 -0.057918171567696713 0.036620149728743584 0.0067434650829252835 -0.0052614421028515613 -0.030228021783724052
leaf_weight=120.18210098147392 109.69818729162216 2486.5423746705055 394.6266995370388 3695.818750038743 403.68202745914459 1527.795272782445 481.51180076599121 1635.0766036212444 24.317101553082466 1099.1403266340494 1764.757500320673 40.038376197218895 71.434563666582108 13.909060537815092 353.06326426565647 887.27137979865074 22.751152873039246 9.6570287793874723 604.95805835723877 8.8307991772890073 32.157283827662468 229.80195841193199 284.60993333160877 150.01664298772812 276.51638345420361 10.387646421790125 18.83406737446785 1159.8745584189892 50.851603791117668 39.293863862752914
leaf_count=284 302 8067 1234 11254 973 4307 1394 5474 70 3514 5446 110 296 34 926 2581 89 44 1480 19 98 678 926 296 693 42 52 3944 190 154
internal_value=0.0247142 0.0220498 0.0206271 0.0230839 0.0399317 0.0388625 0.0310478 0.0208008 0.0355101 0.0240762 0.0161815 0.0250389 -0.00341485 0.0148867 0.0345274 0.0303573 0.0129613 0.0163666 0.0367493 0.0455947 0.0491873 0.0282937 0.0187893 0.0524285 0.0573545 0.048404 0.00301395 0.00577365 0.0072434 -0.00782421
internal_weight=18007.4 15153.7 14036.9 9829.75 1116.85 2853.66 713.167 8194.79 2288.2 4794.96 3399.83 592.985 111.473 4207.15 1634.96 1281.9 3678.83 2496.2 2224.59 696.798 637.115 528.321 298.519 565.453 455.755 305.738 29.2217 1182.63 59.6824 63.611
internal_count=54971 47268 44211 30429 3057 7703 2084 25688 6318 14768 10920 1800 406 13782 4741 3815 12144 8111 6094 1787 1578 1638 960 1385 1083 787 94 4033 209 224
is_linear=0
shrinkage=0.05


Tree=11
num_leaves=31
num_cat=0
split_feature=28 28 43 31 35 16 35 35 49 4 40 28 3 0 31 44 35 40 48 40 51 35 43 53 51 44 52 36 9 35
split_gain=244.171 72.9063 55.8299 41.4464 68.8402 37.7741 37.6188 35.5554 32.7756 32.474 30.074 29.4973 43.1253 28.9992 24.3799 24.332 23.0067 28.6356 20.4394 20.1448 28.5349 20.0577 16.6434 16.9547 16.1909 15.9148 15.619 15.0056 15.8061 18.4928
threshold=0.05826500058174134 0.022104999981820587 7.5000000000000009 -0.077284999191761003 23.500000000000004 1.1267499923706057 3.5000000000000004 1.5000000000000002 0.33404999971389776 3.5000000000000004 2.5000000000000004 0.084724999964237227 0.20629776269197467 0.43318793177604681 -0.034074999392032616 0.50795000791549694 12.000000000000002 1.0000000180025095e-35 0.21075000613927844 1.5000000000000002 0.015874999575316909 3.5000000000000004 4.5000000000000009 0.4910500049591065 -0.004034999990835785 -0.61590000987052906 2.5000000000000004 0.99024999141693126 2.5000000000000004 22.500000000000004
decision_type=2 2 2 2 2 2 2 2 2 2 2 2 2 2 2 2 2 2 2 2 2 2 2 2 2 2 2 2 2 2
left_child=1 2 6 4 16 7 9 15 18 -1 -9 21 -13 -10 -11 -5 17 -3 -8 -7 -21 25 23 -14 -6 -2 -18 28 29 -23
right_child=11 3 -4 5 24 19 8 10 13 14 -12 12 22 -15 -16 -17 26 -19 -20 20 -22 27 -24 -25 -26 -27 -28 -29 -30 -31
leaf_value=0.014893114292050098 -0.027890882723124885 0.044210081379178007 -0.061580127086878933 0.031984689725481553 0.080019565187154473 0.034748776137709651 -0.0074139654028453524 0.018462757799530782 0.013848143030333325 0.015653409615824319 0.031135053617228438 0.019604366639884782 0.048802299286953732 0.029700206333942377 0.039053983752799976 -0.016641619381970698 0.0062591683242777668 0.022573594891475257 0.073481363099037411 0.025586905986922471 -0.017498944069978407 0.018033908964467247 -0.012256706882892047 -0.0099105169773366173 0.047435056443723582 0.044251816997909824 0.025609051428003161 0.051834601379141844 0.03502545843005557 0.034517953692895689
leaf_weight=457.36159089207649 7.8023564070463172 255.97369614243507 23.136163339018822 799.65863193571568 44.537602484226227 804.89100548624992 216.2950167953968 6167.0412364155054 3437.9715412259102 151.95832455158234 506.65205584466457 165.56317330896854 918.13924615085125 314.93451280891895 416.05988366901875 26.581298291683197 203.4885221272707 379.85442033410072 8.1008362174034101 493.89541138708591 41.670098081231117 479.87741005420685 11.596276342868803 12.462914884090422 264.70549315214157 378.13064894080162 213.9266232997179 73.727706223726273 555.7089885622263 263.60688215494156
leaf_count=1440 27 699 110 2327 102 2306 766 19279 11237 475 1493 512 2244 953 1186 93 653 1147 20 1474 143 1410 37 39 724 993 641 188 1527 726
internal_value=0.0233608 0.0208409 0.0159117 0.023269 0.0313865 0.0220179 0.01627 0.0206361 0.0140685 0.0248093 0.0194248 0.0367477 0.0431387 0.0151784 0.0327938 0.0304203 0.0252966 0.0312841 -0.00449359 0.0297489 0.0222346 0.0327226 0.0472742 0.048016 0.0521279 0.0427933 0.016176 0.0298916 0.0286464 0.0238784
internal_weight=18095.3 15228.7 5025.82 10202.9 1362.49 8840.39 5002.68 7499.93 3977.3 1025.38 6673.69 2866.62 1107.76 3752.91 568.018 826.24 1053.24 635.828 224.396 1340.46 535.566 1758.85 942.198 930.602 309.243 385.933 417.415 1372.92 1299.19 743.484
internal_count=54971 47268 16187 31081 3966 27115 16077 23192 12976 3101 20772 7703 2832 12190 1661 2420 3140 1846 786 3923 1617 4871 2320 2283 826 1020 1294 3851 3663 2136
is_linear=0
shrinkage=0.05


Tree=12
num_leaves=31
num_cat=0
split_feature=28 28 36 45 31 31 35 51 15 16 35 35 25 21 29 35 28 39 35 33 39 13 12 44 27 15 16 40 51 35
split_gain=219.722 65.0575 52.0347 138.892 37.9082 36.9039 60.8147 36.6778 35.4513 33.6533 33.6282 31.6685 28.7192 27.4027 26.9769 30.9909 26.9025 41.243 25.6004 29.736 25.3526 23.2385 21.0995 20.7447 18.0222 22.5546 17.9682 17.8769 25.5886 17.8514
threshold=0.05826500058174134 0.022104999981820587 0.89379999041557323 0.59904998540878307 -0.053774999454617493 -0.077284999191761003 23.500000000000004 -0.0033350000157952304 1.0404500365257265 1.1267499923706057 1.5000000000000002 1.5000000000000002 2.0498999357223515 16.304999351501468 0.034160001203417785 14.500000000000002 0.084724999964237227 0.015850000083446506 22.500000000000004 0.65305000543594371 0.11954999715089799 1.5544199943542483 -0.17247500270605085 -1.0000000180025095e-35 0.0055649999994784602 1.0118499994277956 0.93255001306533825 1.5000000000000002 0.015874999575316909 3.5000000000000004
decision_type=2 2 2 2 2 2 2 2 2 2 2 2 2 2 2 2 2 2 2 2 2 2 2 2 2 2 2 2 2 2
left_child=1 2 4 24 18 6 14 23 -9 11 26 13 -13 -7 15 -3 29 -18 19 -1 -20 -12 -16 -5 -4 -26 -6 -11 -29 -2
right_child=16 5 3 7 10 9 -8 8 -10 27 21 12 -14 -15 22 -17 17 -19 20 -21 -22 -23 -24 -25 25 -27 -28 28 -30 -31
leaf_value=-0.0045247240630528719 0.040399389564727217 0.02705544026495732 0.014119623080045175 0.067423175392609433 0.070157217899418298 0.020833355058956303 0.049012370543191353 -0.049230642082777221 0.064694438090976789 0.032777529606094501 0.016411334899101137 0.019487941706786752 0.0087968861993752579 0.039169662363886311 0.048735491775451334 0.0073017137411417942 0.019264625465215374 0.045155968754323636 0.032628918185708927 0.030618378785377667 -0.0092522564407522198 0.038159831029891872 -0.0097624684766016157 -0.021040411884744033 0.079009404165147776 -0.0071473808088905856 0.029497650971225853 0.024174617736332636 -0.016684708223395791 0.028262992583209419
leaf_weight=436.13120797276497 388.29412791132927 597.69531859457493 378.83265228569508 12.180378571152689 29.248749569058418 474.03424155712128 312.36837691068649 150.51595962047577 7.1531488448381415 810.48235878348351 3212.0701527297497 6002.0037139058113 701.58788281679153 357.36163383722305 146.36880306899548 297.32277363538742 184.42137715220451 926.59931780397892 140.75250202417374 69.829978361725807 48.61545804142952 127.70944325625896 17.228998765349388 14.535311147570608 23.884360909461975 11.138790920376776 382.65000829100609 496.54086607694626 41.522321477532387 1379.2465385645628
leaf_count=1490 1020 1747 1219 31 72 1434 826 635 19 2306 10285 18525 2247 986 388 947 561 2271 424 208 169 360 58 57 60 39 1119 1474 143 3851
internal_value=0.0220882 0.0197039 0.0150556 0.00121127 0.016918 0.0219908 0.0296261 -0.0348826 -0.0440621 0.0208125 0.0189054 0.0195106 0.018369 0.0287149 0.0239058 0.0204933 0.0347614 0.0408582 0.00619492 0.000325534 0.021877 0.017243 0.0425749 0.0192924 0.0172921 0.051608 0.0323849 0.0280869 0.0210215 0.0309291
internal_weight=18178.3 15299.8 5045.25 598.241 4447.01 10254.5 1370.98 184.385 157.669 8883.53 3751.68 7534.99 6703.59 831.396 1058.62 895.018 2878.56 1111.02 695.329 505.961 189.368 3339.78 163.598 26.7157 413.856 35.0232 411.899 1348.55 538.063 1767.54
internal_count=54971 47268 16187 2060 14127 31081 3966 742 654 27115 11836 23192 20772 2420 3140 2694 7703 2832 2291 1698 593 10645 446 88 1318 99 1191 3923 1617 4871
is_linear=0
shrinkage=0.05


Tree=13
num_leaves=31
num_cat=0
split_feature=28 37 28 37 28 37 37 37 48 37 27 5 28 28 53 27 43 28 43 49 31 55 12 13 37 51 12 29 22 37
split_gain=198.097 143.51 62.0774 77.3419 61.5914 49.0293 48.9554 47.2201 42.7285 36.1105 36.086 35.8756 36.1498 33.8535 31.3375 31.2096 30.5858 28.7687 27.3032 27.1527 26.8983 25.6291 23.8228 28.2439 22.6891 22.2896 21.2026 20.6217 18.8679 23.9916
threshold=0.05826500058174134 0.015350000001490118 0.037015000358223922 0.40375000238418585 0.025024999864399437 0.50365000963211071 -0.28395000100135798 0.39274999499320989 19.977199554443363 1.1929499506950381 0.14952500164508822 -1.0685572028160093 0.021525000222027305 0.087280001491308226 0.10954999923706056 0.013425000011920931 6.5000000000000009 0.010325000155717136 1.0000000180025095e-35 0.40489999949932104 0.061055000871419914 0.48450000584125524 -0.26659500598907465 0.58656001091003429 0.96415001153945934 0.0086550000123679655 -0.74735000729560841 0.017055000178515915 2.0178999900817876 1.0000000180025095e-35
decision_type=2 2 2 2 2 2 2 2 2 2 2 2 2 2 2 2 2 2 2 2 2 2 2 2 2 2 2 2 2 2
left_child=1 4 7 15 6 28 20 11 10 19 13 18 -13 -7 -11 27 17 -8 -3 -5 -1 -15 26 -24 -12 -6 -9 -4 -2 -30
right_child=5 2 3 9 25 8 16 22 -10 14 24 12 -14 21 -16 -17 -18 -19 -20 -21 -22 -23 23 -25 -26 -27 -28 -29 29 -31
leaf_value=0.035628744838891474 0.03311706465788055 0.0065791423082388265 0.027623504498500741 0.016055308614670763 0.055830099254157599 0.027430056380744361 -0.01126479973894739 -0.0036288596355251177 -0.068519527086022658 0.044951918154043494 0.066708994880204778 0.016927312544267117 0.027507953536009579 0.043329526353289093 0.0066015596742073903 0.073432370437000224 -0.067383634289721842 0.024327345070353619 0.018931964652946241 0.026542115219804326 0.074572609338111634 -0.001426284937956316 0.0069354988832011633 0.016233177463412376 -0.010810023393906798 0.029947227281462568 0.020082634961978471 0.045152022868079643 0.068987530948091499 0.042926071526448242
leaf_weight=162.05082753300667 188.09923942387104 885.75496323406696 475.51159411668777 1100.7686977237463 345.12085148692131 1571.8440518081188 64.256064340472221 103.55951684713364 11.023478239774702 57.628621861338615 10.759106531739233 1818.8027651160955 1451.5431465506554 615.36919005215168 703.95282563567162 53.300632104277611 10.155493944883345 487.60172836482525 903.71480815112591 1405.2559130638838 61.040369465947151 33.740955412387848 2677.2768277674913 1175.3947616666555 76.951962932944298 109.59378962218761 1051.9293227940798 259.28810124099255 139.38672073185444 240.98148988187313
leaf_count=445 498 2864 1353 3367 805 4363 225 348 47 159 24 5770 4265 1496 2245 121 55 1433 2801 4127 132 102 8882 3671 286 287 3230 683 278 609
internal_value=0.0208967 0.0186381 0.0172064 0.0224291 0.0349484 0.0329108 0.0264672 0.0151025 0.0296858 0.0190382 0.0301547 0.0185092 0.0216235 0.031397 0.00950352 0.0364886 0.0186008 0.0201831 0.0128175 0.0219358 0.0462842 0.0410031 0.0116606 0.00977209 -0.00130113 0.0495919 0.0179575 0.0338088 0.0460706 0.0524763
internal_weight=18251.7 15363.5 14123.7 4055.71 1239.82 2888.16 785.104 10068 2319.69 3267.61 2308.67 5059.82 3270.35 2220.95 761.581 788.1 562.013 551.858 1789.47 2506.02 223.091 649.11 5008.16 3852.67 87.7111 454.715 1155.49 734.8 568.467 380.368
internal_count=54971 47268 43886 12055 3382 7703 2290 31831 6318 9898 6271 15700 10035 5961 2404 2157 1713 1658 5665 7494 577 1598 16131 12553 310 1092 3578 2036 1385 887
is_linear=0
shrinkage=0.05


Tree=14
num_leaves=31
num_cat=0
split_feature=28 37 28 28 37 37 37 48 37 33 21 37 25 25 36 5 27 5 21 33 37 37 45 29 27 12 28 33 37 27
split_gain=179.694 132.28 57.7337 52.2329 72.9408 44.5256 43.9734 42.0384 41.8256 47.9974 46.9012 38.3735 39.4575 34.5791 44.6193 25.7869 23.8224 28.0356 23.5189 31.6154 24.7536 22.8126 22.3333 21.8303 20.5136 29.472 18.9319 18.7457 20.4496 26.223
threshold=0.056925000622868545 0.015350000001490118 0.025024999864399437 0.0348850004374981 0.2986499965190888 0.52555000782012951 -0.49864999949932093 2.4795999526977544 0.39274999499320989 0.10965000092983247 19.989999771118168 0.8355500102043153 1.4315499663352969 0.90985000133514415 0.99994999170303356 -5.8856964111328116 -0.014045000076293944 -36.123537063598626 26.739999771118168 0.94505000114440929 1.5373499989509585 1.2813499569892886 1.6136500239372256 0.048744998872280128 -0.0039649999234825364 -0.60591498017311085 0.084724999964237227 1.0000000180025095e-35 1.0000000180025095e-35 0.097179997712373747
decision_type=2 2 2 2 2 2 2 2 2 2 2 2 2 2 2 2 2 2 2 2 2 2 2 2 2 2 2 2 2 2
left_child=1 2 6 8 24 27 -1 18 9 10 -3 12 -6 23 -15 -11 -10 -18 19 20 -7 -20 -4 -8 -5 -26 -21 -2 -29 -30
right_child=5 3 22 4 11 7 13 -9 16 15 -12 -13 -14 14 -16 -17 17 -19 21 26 -22 -23 -24 -25 25 -27 -28 28 29 -31
leaf_value=0.052727700186536809 0.034534529154576291 0.010978947981581813 0.054727793230262833 0.030689704529297465 0.026627600369648282 0.025128565877835313 0.028950691125606332 -0.011747466962090478 0.049898563220140392 0.011411216232612771 0.034761635519518684 0.012678850218565275 0.012176500800614351 0.017035883937894087 -0.037509072363782613 0.025526712507334893 -0.015843346801985958 0.010864043382130859 0.066462781354049816 0.028643183044324335 0.0049387727562906266 0.0085032256704156463 0.030455443402942119 -0.033393688572612164 -0.021586744474310762 0.056568108072774327 0.041797949855866018 0.066779844101201441 0.049679321915951563 -0.0015389756581245049
leaf_weight=121.42062269151211 328.20171628892422 2541.927705436945 316.90958485007286 343.447624579072 1653.9602998495102 910.14446607232094 466.78205312788486 65.370802596211433 38.240635767579079 397.62909559905529 225.70846086740494 1743.3756721317768 661.18049654364586 132.89015878736973 52.229025676846504 1736.8278818428516 100.50826370716095 4397.2517208307981 73.899621233344078 725.44642543792725 182.20766301453114 22.040537983179092 135.20018337666988 14.47672952711582 12.950924098491667 175.84661309421062 439.02767744660378 129.6341889500618 136.8831991404295 30.571751356124878
leaf_count=284 848 8086 729 944 4768 2534 1329 229 104 1254 644 5441 2053 395 232 5198 353 14158 157 1984 555 63 352 50 42 428 1070 261 330 96
internal_value=0.0197842 0.0175729 0.0332272 0.0161894 0.0205639 0.0308782 0.0250537 0.0278029 0.0140616 0.0172634 0.0129185 0.0182815 0.0225005 0.0200113 0.00164672 0.0228971 0.0106013 0.0102672 0.0289017 0.027871 0.0217608 0.0531476 0.0474693 0.0270753 0.0379676 0.0512069 0.0336028 0.0427712 0.0518705 0.0403285
internal_weight=18312.2 15268.8 1239.91 14028.9 4590.76 3043.43 787.799 2418.14 9438.09 4902.09 2767.64 4058.52 2315.14 666.378 185.119 2134.46 4536 4497.76 2352.77 2256.83 1092.35 95.9402 452.11 481.259 532.245 188.798 1164.47 625.291 297.089 167.455
internal_count=54971 46844 3371 43473 13676 8127 2290 6592 29797 15182 8730 12262 6821 2006 627 6452 14615 14511 6363 6143 3089 220 1081 1379 1414 470 3054 1535 687 426
is_linear=0
shrinkage=0.05


Tree=15
num_leaves=31
num_cat=0
split_feature=31 35 35 7 29 40 43 44 27 22 22 12 7 53 54 8 48 44 14 12 14 2 22 27 1 54 36 3 15 2
split_gain=93.6478 73.4484 68.0436 72.1804 64.2985 54.0765 36.3683 35.5064 32.4117 31.8735 31.3823 28.5701 25.034 24.4997 33.6429 23.6872 27.8386 21.7988 21.6765 20.1262 18.8074 18.7824 20.4751 18.6789 18.2539 20.9626 19.2594 17.9018 17.4647 17.2464
threshold=0.15861999988555911 3.5000000000000004 22.500000000000004 67.414443969726577 0.022564999759197239 1.0000000180025095e-35 7.5000000000000009 0.14494999498128894 -0.0049750001635402432 2.6559499502182011 5.966599941253663 -0.29231500625610346 49.30058670043946 0.20834999531507495 0.96404999494552623 -0.026097387075424191 0.31695000827312475 0.44085000455379492 2.1927000284194951 -0.0015649999841116367 0.55994999408721935 0.94455423951148998 7.3003499507904062 0.057135000824928291 0.28011992573738104 1.0003499984741213 0.33474999666213995 0.40654280781745916 0.94784998893737804 0.93282106518745433
decision_type=2 2 2 2 2 2 2 2 2 2 2 2 2 2 2 2 2 2 2 2 2 2 2 2 2 2 2 2 2 2
left_child=1 5 4 8 6 7 11 -1 12 -7 -10 -3 -4 17 -15 16 -6 -11 19 20 27 22 -5 -17 26 -26 -21 -2 -22 -29
right_child=18 2 3 21 15 9 -8 -9 10 13 -12 -13 -14 14 -16 23 -18 -19 -20 24 28 -23 -24 -25 25 -27 -28 29 -30 -31
leaf_value=0.037839602544222625 0.028879555940858732 0.017039976688077774 0.039964992602776042 -0.0098730062255166957 0.052927020734772193 0.01030304213465082 -0.0576245389279747 0.017387468712550657 0.017345362077666751 0.032636634606906398 0.029714707113772394 0.0087585154178421512 0.023300455206512149 0.0057939571313320865 0.02591421204479313 0.017492687040851565 -0.0072271090466251081 -0.041163192949920199 0.03770461899815733 -0.038097987939773696 -0.020356387239969891 0.026712240383730625 0.016090932009706724 0.034932553914768759 -0.0092061294710034294 0.030049504549092762 0.042907389280187613 0.022992787705260212 0.031686072045232626 -0.0048748779142096209
leaf_weight=869.46779623627663 223.11341938376427 1340.3559949249029 459.71433134377003 262.17724914848804 97.723724558949471 663.6636588126421 19.594212114810944 280.73012772202492 1850.6555692404509 581.69189095497131 709.3172524869442 4670.0138641148806 442.08590544760227 336.71759185194969 542.49113608896732 2559.5042933225632 23.946399360895157 10.181166335940359 478.77509213984013 31.126169815659523 16.350118532776833 65.437054812908173 106.88934573531151 163.33187855780125 48.326867491006851 114.77916520833969 9.6009116768836957 109.22626268863678 1149.3739207535982 112.90855060517788
leaf_count=2328 631 4032 1244 899 246 2039 91 832 5655 1611 2012 14896 1307 1056 1555 7705 80 37 1229 112 54 189 315 415 156 311 25 317 3176 357
internal_value=0.0187902 0.0174402 0.015725 0.0212331 0.0133067 0.0241081 0.0103836 0.0328478 0.0236442 0.0193992 0.0207727 0.0106053 0.0317956 0.0235028 0.0182086 0.0195033 0.0410878 0.0313672 0.028241 0.0257444 0.0276173 0.00202402 -0.00235331 0.0185388 0.0109416 0.0184184 -0.019002 0.0188758 0.0309561 0.00882798
internal_weight=18349.3 16055.7 12770.7 3896.28 8874.47 3284.94 6029.96 1150.2 3461.77 2134.75 2559.97 6010.37 901.8 1471.08 879.209 2844.51 121.67 591.873 2293.58 1814.81 1610.97 434.504 369.067 2722.84 203.833 163.106 40.7271 445.248 1165.72 222.135
internal_count=54912 48544 39086 11621 27465 9458 19019 3160 10218 6298 7667 18928 2551 4259 2611 8446 326 1648 6368 5139 4535 1403 1214 8120 604 467 137 1305 3230 674
is_linear=0
shrinkage=0.05


Tree=16
num_leaves=31
num_cat=0
split_feature=28 37 27 37 28 25 14 28 25 13 37 28 49 12 22 33 5 49 12 44 6 27 44 6 12 49 14 37 44 44
split_gain=141.598 118.447 88.5758 67.6558 57.5404 60.894 44.0609 42.7055 41.1073 40.9452 39.3716 49.2377 39.2709 34.098 32.7176 30.3944 31.7385 24.9025 23.8655 23.5413 23.3201 22.7168 22.4359 21.6454 23.1573 26.5838 21.5505 21.0582 20.9348 19.16
threshold=0.044205000624060638 0.20515000075101855 0.0087950001470744627 0.37485000491142279 0.018815000541508201 0.95050001144409191 0.27339999377727514 0.078555002808570876 1.0000500082969668 125.69318008422853 0.72824999690055858 0.022104999981820587 0.26180000603199011 -0.31452499330043787 5.1909000873565683 0.22154999524354937 -15.066065788269041 0.10725000128149988 -0.040644999593496316 -0.16064999997615811 0.55878069996833812 -0.006834999890998005 0.31714999675750738 0.51075780391693126 -0.0015649999841116367 0.2861000001430512 1.3753499984741213 1.5373499989509585 0.33975000679492956 -0.031449999660253518
decision_type=2 2 2 2 2 2 2 2 2 2 2 2 2 2 2 2 2 2 2 2 2 2 2 2 2 2 2 2 2 2
left_child=1 2 4 -2 5 26 27 13 -7 -9 11 14 18 29 19 16 -6 -15 -13 -3 -14 -17 -16 24 25 -12 -1 -5 -26 -8
right_child=3 10 -4 6 15 8 7 9 -10 -11 23 12 20 17 22 21 -18 -19 -20 -21 -22 -23 -24 -25 28 -27 -28 -29 -30 -31
leaf_value=0.016273832905183923 0.038325822399982667 -0.0032320962915821771 0.063777949632742914 0.0061874365981618266 0.0016647997019610312 -0.047223312903255883 0.037478783690986138 0.033909552119529764 0.0023081486482005738 -0.033601876734249102 -0.0078297568321229298 0.01098551946211211 0.018987518058226464 0.00528969350316772 0.023674679345851546 0.022730840346065529 0.026256692096972852 0.019810391778380065 -0.013102754407375038 0.0090129564317731493 0.050604071743929849 0.044942743019385195 -0.020849388675656715 0.057197907727677771 -0.030411216216085359 0.0093940160533507039 0.035448339678821342 -0.040677684436267611 0.009465050771285656 0.019719404867190194
leaf_weight=1117.4639925062656 784.69750554859638 506.06363050639629 128.30811907351017 74.607101932168007 148.80629828572273 52.858463332056999 401.97197590768337 961.16140194237232 201.84263752400875 22.996244564652443 251.31303080916405 748.12689912319183 3649.3108399063349 338.32620699703693 437.52743458747864 170.9608156234026 1109.0789899975061 2319.6584190130234 119.20972721278667 1749.2266604155302 59.270480886101723 352.3627487719059 30.25025138258934 21.108667507767677 78.801911279559135 2063.3337699621916 168.65419191122055 35.315952256321907 56.521844401955605 244.09707334637642
leaf_count=3421 1963 1699 285 240 461 232 1060 2411 661 88 855 2320 10906 1023 1317 485 3119 6679 403 5653 151 912 107 54 288 6628 472 144 180 695
internal_value=0.0177966 0.0150505 0.0230145 0.0248013 0.02144 0.0143649 0.0223883 0.0231895 -0.00797118 0.0323321 0.012238 0.0140848 0.0172528 0.0204663 0.00876132 0.0275603 0.0233475 0.0179621 0.00767474 0.00626529 0.0194928 0.0376865 0.0207954 0.00678293 0.00634856 0.00752394 0.0187883 -0.00886934 -0.0137558 0.030769
internal_weight=18403.2 13220.4 3450.34 5182.83 3322.03 1540.82 4398.13 4288.21 254.701 984.158 9770.07 7298.99 4575.92 3304.05 2723.07 1781.21 1257.89 2657.98 867.337 2255.29 3708.58 523.324 467.778 2471.08 2449.97 2314.65 1286.12 109.923 135.324 646.069
internal_count=54912 40609 10048 14303 9763 4786 12340 11956 893 2499 30561 22556 13780 9457 8776 4977 3580 7702 2723 7352 11057 1397 1424 8005 7951 7483 3893 384 468 1755
is_linear=0
shrinkage=0.05


Tree=17
num_leaves=31
num_cat=0
split_feature=37 28 28 37 28 22 21 49 37 49 0 12 27 28 37 25 17 21 52 37 21 48 13 13 53 27 37 37 12 22
split_gain=132.276 126.463 74.3764 52.7376 58.1827 46.1541 41.2867 38.2498 37.7751 32.9624 35.9874 32.5636 27.2332 30.9062 28.096 25.4726 37.0477 25.0639 24.2016 23.8289 20.4578 20.2767 20.1091 19.0577 24.8196 18.5997 18.0808 17.8942 17.6764 17.5488
threshold=1.0000000180025095e-35 0.044205000624060638 0.018494999967515472 0.72214999794960033 0.021824999712407592 3.9717000722885136 26.739999771118168 0.2978499978780747 0.26624999940395361 0.31179998815059667 0.39304602146148687 -0.037244999781250947 0.14952500164508822 0.082364998757839217 0.37845000624656683 0.95824998617172252 0.99555000662803661 22.729999542236332 2.5000000000000004 -0.83680000901222218 25.60999965667725 2.8934500217437749 0.032624999061226852 1.1614800095558169 0.45215000212192541 0.008615000173449518 1.1766499876976015 1.3600500226020815 -0.0015649999841116367 13.637899875640871
decision_type=2 2 2 2 2 2 2 2 2 2 2 2 2 2 2 2 2 2 2 2 2 2 2 2 2 2 2 2 2 2
left_child=2 3 15 4 9 22 12 11 -9 -2 -11 -6 13 14 -3 -1 -17 23 26 -18 -19 -15 -4 28 -25 -7 -14 -8 -5 -20
right_child=1 6 5 17 7 25 27 8 -10 10 -12 -13 18 21 -16 16 19 20 29 -21 -22 -23 -24 24 -26 -27 -28 -29 -30 -31
leaf_value=0.020907545410608595 -0.012119909676604172 0.032648346006553974 -0.033700974276700928 0.0070277614049874737 0.013310233774037762 0.04322205434272261 0.05441339756527222 0.028081528790660688 0.017407793914460953 0.0090243051159134297 0.022897177236116978 -0.011221112061115117 0.033514783543571666 0.032343851037483044 0.018925217945112136 0.028412700074624632 0.066172973599616089 -0.049048064677583963 -0.044066176929405926 -0.048950774222432623 0.014437674491221629 -0.031058389736075626 0.032707299675583452 0.030102434476025258 -0.023745219447857974 0.066635649611616152 -0.011144470846809331 0.0029303993294230619 -0.012955170227929108 0.035878310374063312
leaf_weight=352.65508991479874 161.00879347324371 418.56207220256329 11.630772858858107 2171.0736595094204 1153.3610603511333 175.17572765052319 134.33328866958618 1123.3031245917082 3162.9736730009317 3336.6740716248751 543.63952022790909 153.25411951541901 53.4253189265728 772.00391037762165 3424.39381287992 37.332121595740318 4.994433104991912 36.032650455832481 38.058623611927032 44.935679599642754 19.587739855051041 12.819778293371199 573.49232947826385 157.7572715729475 24.757753685116768 164.45199197530746 39.36199913918972 19.303484961390495 116.60995787382126 8.3751234114170057
leaf_count=1011 562 1088 40 7023 3502 429 301 3140 9457 10673 1625 513 141 1930 9786 108 11 140 150 204 59 48 1466 452 86 333 149 56 406 23
internal_value=0.0168667 0.0156699 0.0318465 0.0129331 0.0146191 0.0398975 0.0224332 0.0179221 0.0202051 0.0100481 0.0109679 0.0104329 0.021611 0.0222664 0.0204199 0.0149226 -0.00926441 0.00650227 -0.000177728 -0.0374351 -0.0266904 0.0313082 0.0313873 0.00724965 0.0227981 0.0545592 0.0145695 0.0479449 0.00600917 -0.0296468
internal_weight=18445.3 17080.7 1364.67 12160 9634.21 924.751 4920.64 5592.89 4286.28 4041.32 3880.31 1306.62 4767 4627.78 3842.96 439.917 87.2622 2525.82 139.221 49.9301 55.6204 784.824 585.123 2470.2 182.515 339.628 92.7873 153.637 2287.68 46.4337
internal_count=54912 51310 3602 37638 29472 2268 13672 16612 12597 12860 12298 4015 13315 12852 10874 1334 323 8166 463 215 199 1978 1506 7967 538 762 290 357 7429 173
is_linear=0
shrinkage=0.05


Tree=18
num_leaves=31
num_cat=0
split_feature=37 28 28 37 28 22 21 49 37 49 33 12 38 54 37 12 44 16 21 36 45 6 12 21 51 13 27 45 37 48
split_gain=120.316 114.28 67.6474 47.3252 52.4018 42.8262 37.6022 34.9885 36.7857 31.2408 33.4341 28.4176 26.4916 25.1643 23.4392 23.2876 37.7301 32.7275 22.7134 22.4023 24.0663 19.0449 18.8943 18.7516 18.5821 18.1423 18.1289 21.1452 17.7859 22.6304
threshold=1.0000000180025095e-35 0.044205000624060638 0.018494999967515472 0.72214999794960033 0.022104999981820587 3.9717000722885136 26.739999771118168 0.2978499978780747 0.26624999940395361 0.26180000603199011 0.79635000228881847 -0.037244999781250947 1.0000000180025095e-35 1.2511999607086184 0.45765000581741339 -0.28046500682830805 -0.034250000491738312 1.039949953556061 22.729999542236332 0.93095001578331005 0.66315001249313366 0.51075780391693126 -0.0015649999841116367 25.60999965667725 -0.0063249999657273284 0.032624999061226852 0.008615000173449518 5.7839999198913583 -0.22725000232458112 0.43154999613761907
decision_type=2 2 2 2 2 2 2 2 2 2 2 2 2 2 2 2 2 2 2 2 2 2 2 2 2 2 2 2 2 2
left_child=2 3 19 4 9 25 12 11 -9 -2 -11 -6 15 14 -14 16 -3 -17 21 28 -21 22 -5 -20 -22 -4 27 -7 -1 -30
right_child=1 6 5 18 7 26 -8 8 -10 10 -12 -13 13 -15 -16 17 -18 -19 23 20 24 -23 -24 -25 -26 -27 -28 -29 29 -31
leaf_value=0.034547677373369501 -0.018670499051903638 0.034818744288379617 -0.032124831410601476 0.0075304393154948523 0.012555650035405513 0.045904312183060625 0.04565577254322889 0.027169629112864975 0.016499939190565544 0.0086587283594894062 0.022918095735519336 -0.010616981745338613 0.036009704125095958 -0.00042208189999832081 0.022560111867135028 0.0030888769477022179 0.005939058636459953 0.018996372599164917 -0.04718230994686156 0.023174789217939237 0.048083478826758418 0.054121369283774146 -0.011663958463362902 0.013680767272895073 -0.045262096834701553 0.031054419165307656 0.064215676153867196 -0.020729100891823223 0.0024940127883068897 0.038679732945475422
leaf_weight=126.50369229912758 95.341597586870193 330.52550549805164 11.592325419187544 2317.2201902866364 1150.7378496676683 162.49004022777081 153.28253802657127 1092.3698083162308 3101.1926658302546 3606.4247080385685 463.9679609388113 149.49319009482861 372.9211363196373 106.56669899821281 2466.3103388547897 558.56175789237022 171.92049780488014 767.76832641661167 35.595834106206894 32.337573692202568 6.1405117511749259 21.147881492972374 135.71902038156986 19.636589005589485 40.465343505144119 573.80620862543583 162.17466010153294 12.847397178411482 177.72293557226658 57.085859537124634
leaf_count=329 342 855 40 7444 3486 389 357 3032 9239 11500 1372 501 954 315 6831 1696 513 2151 140 90 18 53 470 59 193 1466 333 40 552 152
internal_value=0.0159926 0.0148541 0.0302887 0.0122563 0.0138506 0.0379816 0.0212794 0.0170574 0.0192793 0.00962141 0.0102841 0.00989139 0.0204968 0.0234314 0.0243267 0.0157699 0.0249371 0.0122972 0.00616781 0.0141619 -0.00996755 0.00687576 0.00646843 -0.0255439 -0.0329634 0.0298033 0.0521665 0.0410219 0.0194339 0.0112914
internal_weight=18479.9 17116.7 1363.17 12188.8 9659.53 922.911 4927.86 5493.79 4193.56 4165.73 4070.39 1300.23 4774.57 2945.8 2839.23 1828.78 502.446 1326.33 2529.32 440.256 78.9434 2474.09 2452.94 55.2324 46.6059 585.399 337.512 175.337 361.312 234.809
internal_count=54912 51310 3602 37638 29472 2268 13672 16258 12271 13214 12872 3987 13315 8100 7785 5215 1368 3847 8166 1334 301 7967 7914 199 211 1506 762 429 1033 704
is_linear=0
shrinkage=0.05


Tree=19
num_leaves=31
num_cat=0
split_feature=28 37 27 28 6 12 21 13 44 5 37 27 28 49 37 44 49 33 21 33 21 5 51 27 5 5 22 15 0 30
split_gain=111.102 91.7099 81.0336 45.0995 35.9418 35.6198 38.6522 39.2537 35.9634 45.9061 33.5537 34.5381 33.4604 33.2164 28.8582 30.7868 27.9297 27.4615 27.1287 26.8249 23.0498 24.1372 21.2629 21.0898 23.1943 19.3795 20.8024 19.3377 18.4905 17.919
threshold=0.056925000622868545 0.20515000075101855 0.0087950001470744627 0.0198149997740984 0.55878069996833812 -0.29231500625610346 12.719999790191652 0.11976499855518342 0.1641499996185303 -51.204393386840813 0.75325000286102306 0.14952500164508822 0.027385000139474872 0.12305000051856042 -0.49864999949932093 0.27734999358654028 0.43655000627040869 0.22154999524354937 18.769999504089359 1.2121000289916994 26.739999771118168 -91.769844055175767 0.0030950000509619717 0.0021249999990686779 82.702968597412124 -264.65866088867182 19.24895000457764 1.0169499516487124 0.069215241819620146 0.11204499751329423
decision_type=2 2 2 2 2 2 2 2 2 2 2 2 2 2 2 2 2 2 2 2 2 2 2 2 2 2 2 2 2 2
left_child=1 2 3 14 5 8 7 -7 9 -3 23 19 -8 -10 28 -16 22 18 -5 20 21 -12 -6 24 -2 -13 -27 -4 -1 -21
right_child=10 4 27 17 16 6 12 -9 13 -11 11 25 -14 -15 15 -17 -18 -19 -20 29 -22 -23 -24 -25 -26 26 -28 -29 -30 -31
leaf_value=-0.017342120414758758 0.024656170565960304 -0.042286735074337001 0.033314443716307061 0.01677920094552747 0.045614546160509611 -0.015928130903703219 0.0040572113357339908 0.017840734079900094 -0.065912402594631173 0.020866299436383001 -0.057180305240855822 0.05101951553340503 0.010842922939710198 0.007509916422700557 0.0084157923690676723 0.026538708133274996 0.051623340127117716 0.034358532593661499 0.035208462848494985 0.022960490722000404 0.044037852172100933 0.014672918076619371 -0.027584916855173558 0.038184548613629521 -0.059228199539845476 -0.029513642734973852 0.055251179785803621 0.068137206190952274 0.051831453754551372 0.037114993101116246
leaf_weight=11.222647249698637 366.70775221288204 29.241944566369057 65.764730289578438 998.75739677250385 16.773043021559715 90.566626355051994 3100.1576079428196 1728.4048538506031 15.845910996198652 1803.8212607502937 11.840672403573988 11.002786934375761 4388.1126869022846 552.48054191470146 1349.7404512763023 283.57539175450802 95.617013141512871 497.25492224097252 249.59087863564491 728.6216254234314 67.411942064762115 905.39790858328342 24.28421026468277 543.40753874182701 8.4300266951322538 65.384165376424789 8.1390457451343519 101.24150516092777 69.410874933004379 322.59243203699589
leaf_count=35 962 107 165 2845 42 315 10007 5232 61 5218 47 31 13376 1702 4250 825 235 1301 642 1941 156 2533 82 1339 30 257 21 210 158 787
internal_value=0.0151668 0.0134501 0.0204073 0.0187651 0.0113201 0.0110225 0.00962169 0.0161594 0.0164518 0.0198589 0.0239072 0.0204492 0.00803363 0.00546278 0.0130038 0.0115623 0.0368122 0.0244219 0.0204639 0.0217495 0.0158193 0.0137454 0.00231912 0.0318896 0.0227711 -0.0108686 -0.0201301 0.0544245 0.0422038 0.0273042
internal_weight=18510.8 15471.9 3626.56 3459.55 11845.3 11708.6 9307.24 1818.97 2401.39 1833.06 3038.94 2120.39 7488.27 568.326 1713.95 1633.32 136.674 1745.6 1248.35 2035.86 984.651 917.239 41.0573 918.545 375.138 84.526 73.5232 167.006 80.6335 1051.21
internal_count=54912 46808 10431 10056 36377 36018 28930 5547 7088 5325 8104 5773 23383 1763 5268 5075 359 4788 3487 5464 2736 2580 124 2331 992 309 278 375 193 2728
is_linear=0
shrinkage=0.05


Tree=20
num_leaves=31
num_cat=0
split_feature=37 15 27 30 35 35 40 7 37 24 7 40 6 1 37 13 5 25 30 30 50 33 8 50 39 35 53 13 9 24
split_gain=115.405 59.8294 54.8223 53.3542 40.996 61.3872 51.7774 43.5005 28.721 24.8561 23.0473 40.0775 25.4429 22.2397 20.3519 21.9456 21.1632 20.3473 20.0584 22.5213 27.5779 19.5302 30.9481 19.6835 18.3701 18.1569 18.0012 17.2418 16.1569 15.899
threshold=1.0000000180025095e-35 1.0519500374794009 0.0084250001236796396 -0.091894999146461473 3.5000000000000004 23.500000000000004 2.5000000000000004 42.776411056518562 -0.28395000100135798 -0.089804999530315385 58.032171249389656 1.5000000000000002 0.55878069996833812 2.5680679082870488 1.053649961948395 0.040969999507069595 3.976545095443726 0.073849998414516463 0.015955000184476379 0.0010950000141747298 1.5000000000000002 0.28094999492168432 1.4894831180572512 1.0000000180025095e-35 0.12965000420808795 12.000000000000002 0.10054999962449075 0.040969999507069595 1.5000000000000002 -0.51464998722076405
decision_type=2 2 2 2 2 2 2 2 2 2 2 2 2 2 2 2 2 2 2 2 2 2 2 2 2 2 2 2 2 2
left_child=2 3 8 14 10 6 -6 -7 17 -3 11 -5 -12 -4 15 26 -16 -1 19 25 -21 23 -23 -11 -17 -10 -2 -19 -15 -20
right_child=1 9 13 4 5 7 -8 -9 18 21 12 -13 -14 28 16 24 -18 27 29 20 -22 22 -24 -25 -26 -27 -28 -29 -30 -31
leaf_value=-0.02990630728249993 0.063399355826055367 0.014664483044661947 0.054810147056041661 0.024940588961778875 0.0062409061980608881 0.030757339151434127 0.020796109799936856 0.013374356151837949 0.027935028498465592 0.029368793098459745 0.0081898581332222296 0.0096722494130820919 0.063978430074954143 0.050005414290057365 -0.026502945376355686 0.037934917259579766 0.028899580113203552 -0.014576676766591197 0.075170645733138197 -0.018098688750432392 0.067417287159620018 0.029927079002962428 -0.04078718163900568 0.011835580398695976 0.020592029277706241 0.0049485989709013196 -0.0073438060826111033 0.040827499824043607 0.0031087917119708283 0.024721630499301782
leaf_weight=11.41392660140991 10.375555530190466 1443.7181783616543 226.5761915743351 1211.500144302845 7402.1351080238819 437.01479078829288 665.97607646882534 2039.6908642500639 180.84488001465797 238.64790020883083 822.82853378355503 666.09386286139488 20.957463845610619 32.34113584458828 37.836805179715157 344.94627666473389 31.660249605774879 14.767402067780493 16.502365872263908 93.809272155165672 10.481074690818785 871.45801997184753 15.752137690782545 486.17827475070953 273.95392081141472 163.64904522895813 67.451484024524689 285.97884032130241 42.502630963921547 291.16338656842709
leaf_count=37 24 4170 493 3359 23167 1217 1917 6168 483 644 2484 2029 47 74 130 899 84 49 34 332 23 2304 59 1436 751 489 213 702 120 786
internal_value=0.0142091 0.0130896 0.0281718 0.011709 0.0109681 0.00955604 0.00744235 0.0164416 0.0228598 0.0194296 0.0164394 0.019524 0.0095755 0.0470043 0.0245377 0.0271114 -0.00126363 0.0356202 0.0175941 0.0108527 -0.00950442 0.0236972 0.0286716 0.0176084 0.0302582 0.0170155 0.00208736 0.038107 0.0233735 0.0274276
internal_weight=18458.2 17088.2 1370.03 14032.4 13266.2 10544.8 8068.11 2476.71 1068.61 3055.75 2721.38 1877.59 843.786 301.42 766.224 696.727 69.4971 312.16 756.45 448.784 104.29 1612.04 887.21 724.826 618.9 344.494 77.827 300.746 74.8438 307.666
internal_count=54724 51102 3622 42489 40388 32469 25084 7385 2935 8613 7919 5388 2531 687 2101 1887 214 788 2147 1327 355 4443 2363 2080 1650 972 237 751 194 820
is_linear=0
shrinkage=0.05


Tree=21
num_leaves=31
num_cat=0
split_feature=37 28 28 37 28 37 21 48 35 29 54 21 12 22 12 51 37 15 25 23 49 21 3 28 34 55 27 51 15 5
split_gain=105.136 85.3027 54.6603 48.6909 46.182 37.5077 33.0181 31.6996 30.0707 29.2951 29.6092 28.3466 27.8359 27.428 26.4538 24.2638 24.2391 24.9074 30.7231 23.0336 21.4073 20.8863 20.3371 24.6556 20.286 18.5257 18.463 25.9211 18.4031 18.2069
threshold=1.0000000180025095e-35 0.0348850004374981 0.025024999864399437 0.37845000624656683 0.073945000767707839 0.3270500004291535 25.015000343322757 2.8934500217437749 1.5000000000000002 0.026724999770522121 1.0255500078201296 21.375000000000004 -0.28638000786304468 3.7748500108718877 -0.0057449999731034032 0.0051649999804794797 -0.28395000100135798 0.99905002117156994 0.97624999284744274 47.795000076293952 0.23414999991655353 26.739999771118168 0.36282445490360266 0.010995000135153534 51.500000000000007 -0.14154999703168866 -0.0036150000523775812 0.013425000011920931 0.93505001068115245 23.816606521606449
decision_type=2 2 2 2 2 2 2 2 2 2 2 2 2 2 2 2 2 2 2 2 2 2 2 2 2 2 2 2 2 2
left_child=2 5 16 26 8 9 11 21 28 20 -11 14 -13 -4 -7 -10 -1 22 19 -19 -2 -6 25 -24 -22 -18 -3 -28 -5 -9
right_child=1 3 13 4 7 6 -8 29 15 10 -12 12 -14 -15 -16 -17 17 18 -20 -21 24 -23 23 -25 -26 -27 27 -29 -30 -31
leaf_value=0.031656598972430137 -0.0039225025888820408 0.020781281579488407 0.028695096930688231 -0.044509446827896482 0.023057032507056235 0.0075044172166608206 0.044448454610991672 0.021312166639474585 0.0077920419047202653 0.032518806771680578 0.010875350632680829 -0.05585724098757671 -0.0036752273176756307 0.049835774888620024 -0.011656205345793081 0.015098610985155645 0.086864843875718301 -0.018214878716595918 -0.02941698317443835 0.020021190281891855 0.016642682592813471 0.049277901806322244 -0.025917357445082025 0.023660532897656367 0.0086978553169149084 0.021863199807209494 0.041601505627149045 0.015002648221632164 0.024997624125574689 -0.048904408828882501
leaf_weight=216.89790210127831 221.28628253936768 650.05407646298409 361.4489459246397 9.6957409083843213 1122.5007577836514 5161.4216687381268 57.139389187097549 15.255761072039602 2352.295898988843 351.06533539295197 287.37133726477623 33.062487199902534 112.57500901818275 266.58196043968201 186.65372762084007 2197.9226745516062 21.754089370369911 52.47225496172905 62.585623651742935 157.94605147838593 1419.7401171475649 81.457633584737778 29.24134349822998 176.09654235839844 1850.9846041351557 22.094130575656891 319.44256226718426 128.41452705860138 534.38460455834866 23.38097670674324
leaf_count=563 713 1777 904 34 2945 16228 148 49 7050 965 860 124 371 598 637 6377 44 172 245 441 4232 182 104 490 5703 61 792 354 1465 96
internal_value=0.0134799 0.0124142 0.026823 0.0164421 0.0147578 0.0093209 0.00663628 0.0234005 0.0126497 0.0129287 0.0227767 0.006243 -0.0155215 0.0376687 0.00683569 0.0113214 0.0176069 0.0117712 0.00133849 0.0104862 0.0111282 0.0248311 0.0232011 0.0166003 0.0121465 0.054112 0.0261631 0.0339748 0.023759 -0.0211793
internal_weight=18483.2 17116.1 1367.12 7434.81 6336.89 9681.3 5550.85 1242.6 5094.3 4130.45 638.437 5493.71 145.637 628.031 5348.08 4550.22 739.088 522.19 273.004 210.418 3492.01 1203.96 249.186 205.338 3270.72 43.8482 1097.91 447.857 544.08 38.6367
internal_count=54724 51102 3622 21121 18198 29981 17508 3272 14926 12473 1825 17360 495 1502 16865 13427 2120 1557 858 613 10648 3127 699 594 9935 105 2923 1146 1499 145
is_linear=0
shrinkage=0.05


Tree=22
num_leaves=31
num_cat=0
split_feature=28 9 35 31 31 52 13 21 21 3 21 23 17 21 29 22 13 54 40 1 23 25 30 5 27 21 31 12 28 30
split_gain=90.5166 45.4972 58.991 50.3307 44.7797 32.5397 32.6989 30.3173 42.8885 28.9765 24.6416 23.4499 23.0237 22.1444 20.6338 19.3958 32.1989 19.0208 20.119 24.1908 18.9498 25.2665 24.8226 17.6234 17.5193 17.2675 15.0461 26.8607 20.2136 18.6474
threshold=0.064594998955726637 1.0000000180025095e-35 1.5000000000000002 0.15861999988555911 -0.11201500147581099 2.5000000000000004 0.5734899938106538 18.10999965667725 20.605000495910648 0.011810997501015665 19.545000076293949 62.164999008178718 0.94784998893737804 26.739999771118168 -0.070174999535083757 2.9761500358581547 0.64943498373031627 0.81155002117156994 1.5000000000000002 0.32215622067451483 71.965000152587905 1.6440500020980837 0.02119500003755093 -4.8894224166870108 0.04730499908328057 14.434999942779543 -0.019775000400841233 -0.24709499627351758 0.10918499901890756 -0.0011649999651126561
decision_type=2 2 2 2 2 2 2 2 2 2 2 2 2 2 2 2 2 2 2 2 2 2 2 2 2 2 2 2 2 2
left_child=1 4 7 5 17 9 -7 15 10 -4 -9 -10 -5 26 -6 16 -3 -1 25 -20 21 -16 -22 -17 -15 -19 27 -2 29 -29
right_child=13 2 3 12 14 6 -8 8 11 -11 -12 -13 -14 24 20 23 -18 18 19 -21 22 -23 -24 -25 -26 -27 -28 28 -30 -31
leaf_value=-0.026941314415482327 0.023075296003253924 -0.0029570975640182372 0.054745559510827081 -0.043787250804866534 0.063692977849387364 0.0075311637903529155 0.015251190501355986 0.029154646437066081 0.021819174664807997 0.0033424564437991989 0.066500788719953949 -0.031720844932529933 0.019662715381596488 0.049195601636048372 0.017869269215604163 -0.0024663125510699427 0.023169243012249981 0.069841080969709313 0.02639359078882449 -0.073752446382528133 -0.06550524738953406 0.0042793490523414896 0.0051856728190664671 0.022081691013191889 -0.027136490749153353 0.037157631105404952 0.023489767155818533 -0.020772329776559871 0.028792329799325618 0.016180816972815815
leaf_weight=11.169456899166105 300.00031295418739 307.62056559324265 27.639457121491432 14.482840687036513 21.65945166349411 4767.9077977538109 1925.5717206448317 83.111281603574753 256.35937671363354 3393.5241134613752 94.266201809048653 22.224437355995178 1115.7495922744274 105.66079498827457 2360.6052536219358 81.321493685245514 191.24665105342865 61.960830613970757 59.426744624972343 6.7110524177551261 13.118234768509863 399.97069169580936 232.72388990223408 724.37429481744766 8.092687249183653 116.20128090679646 1597.0258579552174 107.06288670003414 45.693616673350334 50.121856167912483
leaf_count=38 792 964 67 51 49 14814 5670 223 711 10540 205 77 3158 235 6868 251 532 135 163 26 55 1221 710 2045 26 300 4201 339 121 137
internal_value=0.0127922 0.0115029 0.0101752 0.00884274 0.016762 0.00772454 0.00975205 0.0186857 0.0297842 0.00375774 0.049002 0.0175479 0.0188497 0.0222787 0.015066 0.0148067 0.00705874 0.0368646 0.0397819 0.0162317 0.0147157 0.0159003 0.00141358 0.019604 0.0437652 0.0485242 0.0211148 0.0135724 -0.000479634 -0.008989
internal_weight=18502.6 16288.9 13005.4 11244.9 3283.55 10114.6 6693.48 1760.52 455.961 3421.16 177.377 278.584 1130.23 2213.66 3028.08 1304.56 498.867 255.469 244.3 66.1378 3006.42 2760.58 245.842 805.696 113.753 178.162 2099.9 502.879 202.878 157.185
internal_count=54724 48873 39308 34300 9565 31091 20484 5008 1216 10607 428 788 3209 5851 8903 3792 1496 662 624 189 8854 8089 765 2296 261 435 5590 1389 597 476
is_linear=0
shrinkage=0.05


Tree=23
num_leaves=31
num_cat=0
split_feature=37 28 28 37 28 5 37 33 21 33 21 29 35 41 21 28 5 53 16 39 37 35 45 36 21 9 13 3 13 21
split_gain=95.7375 72.5937 49.8118 44.4643 38.5074 34.245 37.2705 49.7412 38.8768 31.0557 28.4064 26.7797 24.8939 24.1177 25.8742 24.3463 23.0996 22.8819 22.1299 26.568 21.6635 24.2605 26.2969 21.4768 20.2976 19.9936 19.8164 19.0934 18.1124 18.1096
threshold=1.0000000180025095e-35 0.0348850004374981 0.025024999864399437 0.37845000624656683 0.073945000767707839 -13.500442981719969 0.34945000708103185 0.082450002431869521 19.960000038146976 0.21564999967813495 24.400000572204593 1.5714399814605715 1.5000000000000002 1.0000000180025095e-35 17.925000190734867 0.013375000096857549 -91.769844055175767 0.41885000467300421 0.94005000591278087 0.12834999710321429 -0.28395000100135798 7.5000000000000009 0.65555000305175792 0.77024999260902416 20.400000572204593 1.5000000000000002 42.853750228881843 0.34125678241252905 0.035429999232292182 26.739999771118168
decision_type=2 2 2 2 2 2 2 2 2 2 2 2 2 2 2 2 2 2 2 2 2 2 2 2 2 2 2 2 2 2
left_child=2 5 20 25 12 10 7 8 -7 28 18 29 17 15 -15 -8 -14 -5 -2 -20 -1 -22 24 -24 -23 26 -3 -9 -4 -6
right_child=1 3 9 4 11 6 13 27 -10 -11 -12 -13 16 14 -16 -17 -18 -19 19 -21 21 22 23 -25 -26 -27 -28 -29 -30 -31
leaf_value=0.029416569968674162 -0.021163986562887115 0.032951897959770132 -0.053973562885347874 0.016582768688743265 0.020692028780993341 0.0056280576710999262 -0.011843087521904834 0.038461412211961893 0.029983699816982502 0.048820426377989994 0.054930483248165067 -0.023983578434277151 -0.029240317667074273 0.0097292755555598957 0.031936066023480696 0.0053906530347490166 0.010427714537872348 0.043137472694391749 0.0075608693161474429 -0.012957163417112803 0.027294310916983464 0.02049984115480985 -0.00092889259844276893 -0.042818640184065143 -0.050426256784180494 0.018047718553475499 -0.04318379557008039 0.017543841608665567 0.027612002516603701 0.04516504125460493
leaf_weight=216.70678001642227 135.07651075720787 483.8904787749052 6.932870313525199 446.99890443682671 1126.5799682289362 1970.5179089009762 217.41305401921272 116.5431329458952 178.70330476760864 252.90745204687119 22.013559922575951 32.034790381789207 36.999833479523659 924.91701132059097 152.84657073020935 3570.4080802947283 4525.3775427043438 99.111231371760368 485.47625322639942 233.72851315140724 153.84179262816906 180.42400436103344 138.51800060272217 39.273308806121349 10.684583038091658 606.69456793367863 8.700142636895178 1706.7880393415689 362.65967203676701 81.028501063585281
leaf_count=563 460 1236 24 1252 2965 6110 744 312 488 573 53 123 127 2864 428 11243 13300 247 1504 782 421 500 422 176 38 1657 30 4993 905 184
internal_value=0.0121382 0.0111256 0.0248981 0.0148396 0.0132319 0.00827831 0.00921308 0.0128065 0.00765318 0.0353199 -0.00114959 0.0211372 0.0113136 0.00627922 0.0128786 0.00440147 0.010106 0.0214021 -0.00259469 0.000892881 0.0161247 0.0106144 0.0036584 -0.0101822 0.0165345 0.0241237 0.0316072 0.0188808 0.0260816 0.0223341
internal_weight=18523.8 17161.8 1361.95 7447.42 6348.13 9714.43 8838.14 3972.55 2149.22 622.5 876.295 1239.64 5108.49 4865.58 1077.76 3787.82 4562.38 546.11 854.281 719.205 739.448 522.742 368.9 177.791 191.109 1099.29 492.591 1823.33 369.593 1207.61
internal_count=54724 51102 3622 21121 18198 29981 27182 11903 6598 1502 2799 3272 14926 15279 3292 11987 13427 1499 2746 2286 2120 1557 1136 598 538 2923 1266 5305 929 3149
is_linear=0
shrinkage=0.05


Tree=24
num_leaves=31
num_cat=0
split_feature=37 28 28 37 39 21 29 37 33 21 21 33 21 21 12 37 28 12 34 0 39 28 37 35 45 36 21 9 27 33
split_gain=87.3202 65.6141 45.9113 40.1064 35.4367 31.2699 40.5963 30.5243 36.2226 29.8903 29.9312 29.1607 28.3695 26.1613 25.334 25.1474 24.8206 23.8979 23.7686 23.7288 19.9706 21.3837 19.5772 21.8126 23.7351 19.7823 18.3444 18.0251 18.2943 17.7461
threshold=1.0000000180025095e-35 0.0348850004374981 0.025024999864399437 0.37845000624656683 0.47814999520778662 26.694999694824222 0.023895000107586387 0.3270500004291535 0.077250000089406981 19.960000038146976 14.394999980926515 0.21564999967813495 25.015000343322757 21.375000000000004 -0.28638000786304468 1.1929499506950381 0.082364998757839217 -0.0057449999731034032 73.500000000000014 0.67530047893524181 0.13624999672174457 0.019404999911785129 -0.28395000100135798 7.5000000000000009 0.65555000305175792 0.77024999260902416 20.400000572204593 1.5000000000000002 -0.0037950000260025258 0.43864999711513525
decision_type=2 2 2 2 2 2 2 2 2 2 2 2 2 2 2 2 2 2 2 2 2 2 2 2 2 2 2 2 2 2
left_child=2 7 22 27 5 6 -5 8 9 10 -2 -4 13 17 -15 -6 -17 -9 -11 -7 21 -10 -1 29 26 -26 -25 -3 -29 -24
right_child=1 3 11 4 15 19 -8 12 20 18 -12 -13 -14 14 -16 16 -18 -19 -20 -21 -22 -23 23 24 25 -27 -28 28 -30 -31
leaf_value=0.027960294093566436 0.012546890618836477 0.030006459217345845 0.024845147536134121 0.0054459036079347141 0.030872931371367186 0.0064176766549412581 0.014417773171814086 0.0062721256221201158 0.014195349815344805 0.046700422155483957 0.0002608394598812099 0.046972517774058808 0.040335786055597539 -0.054451669698779216 -0.0045811008725295107 0.0073438838829846991 0.025836347733580213 -0.011928910709628277 0.010712038557964503 0.045847510952991229 0.0092297136230475915 0.027521114298739199 0.015893187195279799 0.019442689763897649 -0.00088253357499787355 -0.041330383245073044 -0.048122460908221525 0.0094212306049791562 0.026902292350239162 0.054705846748331177
leaf_weight=216.59650368988514 818.31927093863487 492.91357193887234 368.61383521556854 2421.4054813086987 389.38429303467274 58.675977915525436 2630.6246147751808 5184.1749053001404 691.4275007545948 79.469816520810127 1257.4827304333448 249.79396216571331 57.628383740782738 32.876932010054588 112.96673245728016 427.87737630307674 315.06199339032173 186.84676948189735 108.544906899333 109.10774536430836 664.13029074668884 533.21287761628628 114.50508764386177 180.71461556851864 138.50494287908077 38.668696641921997 10.637465104460714 339.14247830212116 267.88363413512707 39.648155763745308
leaf_count=563 2465 1266 929 7235 1030 166 7490 16228 2073 200 3971 573 148 124 371 1235 790 637 317 252 1989 1458 327 500 422 176 38 961 696 94
internal_value=0.011523 0.0105583 0.0237301 0.0140886 0.0125623 0.0108229 0.0101176 0.00785359 0.0110988 0.00683332 0.00510423 0.0337831 0.00543613 0.00507158 -0.0158232 0.0205805 0.0151861 0.00563895 0.0259236 0.0320584 0.0162113 0.0199974 0.0153207 0.0100828 0.00347669 -0.0097104 0.0156867 0.0229035 0.0171357 0.0258758
internal_weight=18536.8 17179.2 1357.68 7452.08 6352.14 5219.81 5052.03 9727.08 4152.59 2263.82 2075.8 618.408 5574.49 5516.87 145.844 1132.32 742.939 5371.02 188.015 167.784 1888.77 1224.64 739.275 522.679 368.526 177.174 191.352 1099.94 607.026 154.153
internal_count=54724 51102 3622 21121 18198 15143 14725 29981 12473 6953 6436 1502 17508 17360 495 3055 2025 16865 517 418 5520 3531 2120 1557 1136 598 538 2923 1657 421
is_linear=0
shrinkage=0.05


Tree=25
num_leaves=31
num_cat=0
split_feature=28 37 29 12 13 37 5 35 35 35 43 27 28 51 25 5 55 15 27 37 31 14 55 1 21 51 14 3 21 2
split_gain=96.4607 76.1404 54.8416 40.1593 47.4856 38.9271 36.4302 34.1592 30.204 34.4752 29.6218 27.138 26.7913 30.0385 26.5917 26.051 25.8739 27.2574 23.9868 25.483 22.2939 22.2388 21.8899 21.6694 21.0763 22.7212 20.4205 20.0511 19.1902 21.9916
threshold=0.05826500058174134 0.13724999874830249 0.015955000184476379 -0.29231500625610346 0.81540498137474071 0.78065001964569103 -0.97376185655593861 13.500000000000002 5.0000000000000009 23.500000000000004 7.5000000000000009 0.14952500164508822 0.013975000008940698 0.0012950000236742201 0.94225001335144054 6.7515337467193612 0.24884999543428424 1.0022500157356264 -0.0019549999851733442 -0.49864999949932093 -0.11528499796986579 0.84275001287460338 0.21245000511407855 -0.15951179713010785 12.074999809265138 0.015874999575316909 1.1212499737739565 0.54132840037345897 26.739999771118168 0.047524938359856612
decision_type=2 2 2 2 2 2 2 2 2 2 2 2 2 2 2 2 2 2 2 2 2 2 2 2 2 2 2 2 2 2
left_child=1 2 10 6 8 -2 16 27 23 -10 12 15 14 -14 -1 28 17 -3 19 -4 -9 -21 -13 -5 25 -6 -20 -8 29 -7
right_child=5 3 18 4 24 11 7 20 9 -11 -12 22 13 -15 -16 -17 -18 -19 26 21 -22 -23 -24 -25 -26 -27 -28 -29 -30 -31
leaf_value=0.0074760809701965893 0.028125749138414841 0.01402412320737703 0.073846999185451997 0.031652489941233902 0.024951715112392425 0.04148962938411007 0.0088177544513348902 0.028969565240584368 0.0008467880790343753 0.0095532729437555475 -0.057551502646274857 -0.033150314655529679 0.025702304990925563 0.010380186791607416 -0.029181462148184019 0.021590916688315316 -0.031689905899386944 -0.0064199323950361016 0.027869231941208328 0.027649239348583311 0.0074763589032999763 0.0048168674558135057 0.019268004529702419 0.0089323505118061013 0.010654466145348101 -0.039925713462196345 0.055244280443095609 0.027189953829605436 0.039281466855532444 0.0051869758624995621
leaf_weight=398.79557679593563 915.16087906062603 449.78770805895329 22.768784716725349 111.23064060509205 413.59042228758335 44.546123057603836 182.52366545796394 140.89385530352592 4443.6864759027958 1527.9585974514484 14.847440920770167 50.058843165636063 564.41599088907242 738.29244740307331 56.47824615240097 1158.7825158834457 47.027270615100861 255.73767594993114 145.88013423979282 305.67114253342152 839.65943990647793 163.79446290433407 33.076987624168396 1857.344255015254 2097.7023305147886 13.950564056634901 127.8072906434536 796.92853002250195 50.919206112623215 657.03637650609016
leaf_count=1209 2325 1309 44 308 1144 108 540 374 14197 4666 78 194 1532 2121 213 3026 161 809 376 824 2530 480 108 5575 6141 49 285 2181 119 1866
internal_value=0.0112253 0.00967718 0.017606 0.00814968 0.00674445 0.0195881 0.0135713 0.0171618 0.00484509 0.00307451 0.0127757 0.0156704 0.0133697 0.0170187 0.00292859 0.0168869 0.00422 0.0066136 0.0287864 0.0221885 0.0105647 0.0196831 -0.0122948 0.0102161 0.0127167 0.0228348 0.0406529 0.0237662 0.00964305 0.00749197
internal_weight=18626.4 15716.8 2538.75 13178 10465.5 2909.58 2712.56 1960.01 7940.22 5971.65 1772.83 1994.42 1757.98 1302.71 455.274 1911.28 752.553 705.525 765.922 492.234 980.553 469.466 83.1358 1968.57 2525.24 427.541 273.687 979.452 752.502 701.582
internal_count=54892 47146 7162 39984 32080 7746 7904 5625 24746 18863 5153 5421 5075 3653 1422 5119 2279 2118 2009 1348 2904 1304 302 5883 7334 1193 661 2721 2093 1974
is_linear=0
shrinkage=0.05


Tree=26
num_leaves=31
num_cat=0
split_feature=28 37 29 37 12 13 5 9 49 23 31 12 8 21 51 28 37 22 40 21 40 33 55 15 33 51 29 21 9 21
split_gain=87.613 69.145 52.4002 35.3942 34.9623 41.9489 34.0305 31.9732 31.313 28.424 29.1022 28.4703 27.4057 26.771 25.0366 24.5509 25.2711 24.045 23.7946 45.6084 30.9677 22.6465 22.6464 30.127 19.9846 19.2036 18.6783 18.1908 18.1043 16.0115
threshold=0.05826500058174134 0.15155000239610675 0.015695000067353252 0.78065001964569103 -0.29231500625610346 0.81540498137474071 -0.97376185655593861 1.0000000180025095e-35 0.04384999908506871 83.305000305175795 0.01588500011712313 -0.082474999129772172 1.4894831180572512 25.60999965667725 0.011185000184923412 0.027215000241994861 -0.49864999949932093 3.3186500072479252 2.5000000000000004 20.57499980926514 1.0000000180025095e-35 1.2121000289916994 0.24884999543428424 1.0022500157356264 -1.0923500061035154 0.017165000550448898 0.052264999598264701 12.074999809265138 3.5000000000000004 25.430000305175785
decision_type=2 2 2 2 2 2 2 2 2 2 2 2 2 2 2 2 2 2 2 2 2 2 2 2 2 2 2 2 2 2
left_child=1 2 9 17 6 7 22 13 -9 10 11 -1 21 -6 -12 16 -4 29 20 -20 -8 -5 23 -3 -18 27 28 -7 -17 -2
right_child=3 4 15 12 5 25 18 8 -10 -11 14 -13 -14 -15 -16 26 24 -19 19 -21 -22 -23 -24 -25 -26 -27 -28 -29 -30 -31
leaf_value=0.010393692249901491 0.015417793996939986 0.01372131510434673 0.062022749297956627 0.010017745326196375 0.01001677207260626 0.022588900455864272 0.019711646538040341 -0.031851625581163161 0.0032857318128208263 -0.048618045059229231 0.022222609565328511 -0.012717002807659326 -0.030071944342574559 0.060377207047108951 -0.010378742481305542 0.036940808222778794 -0.027314736903751316 0.034357506114699843 0.048946066839968688 -0.011378044952655418 0.0060794995310791376 0.020781779858364362 -0.030657398160139224 -0.0080536944595002557 0.019866054418470922 -0.0067937291303144147 0.014563401642698919 0.011006930995046717 0.069251190203474852 0.053388369035701502
leaf_weight=934.03578585386276 394.78020183742046 438.83450654149055 34.307140782475471 931.37892232835293 1563.8791772425175 410.60390721261501 1093.3352694660425 64.064049035310745 6167.7423410862684 19.264879770576954 741.1552686393261 155.4389698728919 33.309412956237793 26.84212951362133 63.973634913563728 173.98494839668274 23.529146954417229 488.19529421627522 127.69618000090122 41.521235629916191 673.06402203440666 1027.9503243267536 45.303766086697578 248.9663962572813 486.75493633747101 128.90377376973629 64.461417213082314 1944.6413748860359 57.743734061717987 29.863941207528114
leaf_count=2714 1053 1273 71 2609 4717 1138 3078 223 19371 86 2046 535 130 60 195 422 79 1207 311 129 2028 2682 156 794 1359 399 172 5671 119 65
internal_value=0.0106586 0.00918523 0.0163799 0.0186357 0.00765781 0.00633711 0.0127584 0.00453954 0.00292451 0.0118092 0.0124236 0.00709641 0.0149005 0.0108666 0.0196322 0.0267843 0.0204833 0.0267892 0.0162331 0.0341442 0.0145173 0.015665 0.00358392 0.00583932 0.0176906 0.0119976 0.0383698 0.0130261 0.0449921 0.0180881
internal_weight=18635.5 15730 2754.65 2905.48 12975.4 10306.7 2668.72 7822.53 6231.81 1913.87 1894.6 1089.47 1992.64 1590.72 805.129 840.781 544.591 912.839 1935.62 169.217 1766.4 1959.33 733.105 687.801 510.284 2484.15 296.19 2355.25 231.729 424.644
internal_count=54892 47146 7798 7746 39348 31579 7769 24371 19594 5576 5490 3249 5421 4777 2241 2222 1509 2325 5546 440 5106 5291 2223 2067 1438 7208 713 6809 541 1118
is_linear=0
shrinkage=0.05


Tree=27
num_leaves=31
num_cat=0
split_feature=28 37 29 35 9 51 1 28 37 57 8 12 16 43 45 37 22 8 27 21 9 51 28 55 37 22 5 2 28 51
split_gain=79.6723 62.7844 45.8455 36.6823 40.4665 37.3649 36.6646 33.934 30.981 27.0066 24.803 24.2534 24.0423 23.7727 22.476 22.689 21.7454 21.5489 21.0902 20.8462 20.653 20.5672 24.3314 20.6499 20.3083 19.7097 19.0193 19.4956 21.9378 19.2122
threshold=0.057544998824596412 0.13724999874830249 0.018985000438988212 3.5000000000000004 1.0000000180025095e-35 0.00083499998436309408 -0.091104380786418901 0.010995000135153534 0.78065001964569103 1.0000000180025095e-35 1.4894831180572512 -0.10882499814033507 0.90195000171661388 5.5000000000000009 0.37434999644756323 0.87704998254776012 1.3488000035285952 0.016712367534637455 -0.0019549999851733442 13.094999790191652 1.5000000000000002 0.0012950000236742201 0.025644999928772453 -0.095849998295307146 -0.49864999949932093 3.3186500072479252 6.7515337467193612 0.12756151705980304 0.10293500125408174 0.034934999421238906
decision_type=2 2 2 2 2 2 2 2 2 2 2 2 2 2 2 2 2 2 2 2 2 2 2 2 2 2 2 2 2 2
left_child=1 2 13 6 5 17 16 12 25 -9 26 -7 -6 21 19 -16 20 -5 24 -8 -3 22 -1 -23 -4 -2 27 -10 -29 -28
right_child=8 3 18 4 7 11 14 9 10 -11 -12 -13 -14 -15 15 -17 -18 -19 -20 -21 -22 23 -24 -25 -26 -27 29 28 -30 -31
leaf_value=0.01352248096035372 0.017376325968643535 0.029938521585152079 0.070326368788912949 0.0095536996159784511 -0.082725488189083818 0.021566710094265494 0.032703369533600903 0.00083009660344644592 0.030503680671020966 0.0069479188010306576 -0.028831994887629775 0.0081778587390507994 -0.01099353982785771 -0.031799302393163156 0.0090639708870908393 -0.0068390782655921899 0.024724096989700746 -0.010290978544069539 0.039782914979256123 0.011585151038773748 -0.087678134851102082 0.016713220346404486 0.033186453844928916 0.0022780157057946254 0.018378546391737006 0.031890041666277701 0.020837242577970289 0.0018642586223531353 0.025414907217737155 -0.0002728286595741244
leaf_weight=610.35095462203026 437.95714019238949 6.6645659059286109 19.737487867474556 335.40459257364273 12.394301936030386 912.50759974122047 165.55853387713432 2659.3096363097429 91.318639516830444 5608.1394142359495 33.012519270181656 537.46424454450607 203.05811947584152 30.524167768657207 1174.3602787405252 277.22765903174877 602.85713647305965 231.02120965719223 224.36581917107105 397.24290709197521 8.4833474904298765 410.39995636045933 211.9386207908392 625.12155601382256 402.06785739958286 502.08971005678177 1100.1000717282295 573.36819870769978 119.49200114607811 119.48638071119785
leaf_count=1792 1155 18 39 1002 52 2574 444 8313 232 17168 130 1625 687 132 3442 882 1643 743 538 1155 35 1151 526 1865 1109 1253 2866 1645 311 365
internal_value=0.0101216 0.00869676 0.0159017 0.00730617 0.00598295 0.0123498 0.0125838 0.00446955 0.01762 0.00498006 0.0141547 0.0166038 -0.0151201 0.0119679 0.00931539 0.00602677 0.0232374 0.00145989 0.0273974 0.0177975 -0.0359308 0.012687 0.0185907 0.007999 0.0208093 0.0251283 0.0148629 0.00878797 0.00592585 0.018769
internal_weight=18643 15666.2 2534.51 13131.7 10499.3 2016.4 2632.39 8482.9 2976.82 8267.45 2036.78 1449.97 215.452 1888.34 2014.39 1451.59 618.005 566.426 646.171 562.801 15.1479 1857.81 822.29 1035.52 421.805 940.047 2003.77 784.179 692.86 1219.59
internal_count=54892 46935 7152 39783 32164 5944 7619 26220 7957 25481 5549 4199 739 5466 5923 4324 1696 1745 1686 1599 53 5334 2318 3016 1148 2408 5419 2188 1956 3231
is_linear=0
shrinkage=0.05


Tree=28
num_leaves=31
num_cat=0
split_feature=37 29 21 27 35 13 6 1 31 15 23 30 37 54 37 35 35 29 13 30 21 54 49 39 37 30 37 44 6 16
split_gain=67.083 50.987 53.804 44.6395 33.5487 31.844 42.2221 29.8177 25.0447 24.9219 24.3863 23.2138 24.2453 26.8201 21.8575 21.1635 22.2008 20.5864 29.9871 27.012 20.2312 19.6277 19.6053 19.0737 18.9948 16.9432 16.3544 20.1652 15.8627 15.7235
threshold=0.057949999347329147 0.025644999928772453 25.60999965667725 0.0032750000245869164 3.5000000000000004 0.82654002308845531 -0.18399772793054578 -0.094487760215997682 0.069535002112388625 0.98905000090599071 66.215000152587905 -0.091894999146461473 0.26624999940395361 1.0255500078201296 -0.49864999949932093 22.500000000000004 7.5000000000000009 0.059955000877380378 0.16124499589204791 0.026534999720752243 17.785000801086429 1.0199499726295473 0.09145000204443933 0.094750002026557936 1.0000000180025095e-35 -0.043545000255107873 -0.22725000232458112 0.14214999973773959 0.55878069996833812 1.0024500489234927
decision_type=2 2 2 2 2 2 2 2 2 2 2 2 2 2 2 2 2 2 2 2 2 2 2 2 2 2 2 2 2 2
left_child=3 2 4 8 7 6 -6 -2 10 -7 15 -3 13 21 -12 16 -1 19 -19 -14 -15 -13 -10 29 -25 -17 -24 -28 -9 -5
right_child=1 11 -4 23 5 9 -8 28 22 -11 14 12 17 20 -16 25 -18 18 -20 -21 -22 -23 26 24 -26 -27 27 -29 -30 -31
leaf_value=0.018387161097193881 0.02156795214075646 0.032360998241557269 0.031266253851854539 0.04096504920799398 0.01653990068645363 0.002254230977635233 0.002151989448393244 0.0077080001003700539 -0.050025498000899275 0.015010471123459971 0.053689994178380163 0.02869222695491774 0.01432900772817039 0.0038761264303414852 -0.035585571014999463 0.052256151626982952 0.001032459059839613 -0.011757282556041448 0.017443476495747085 0.0050467300254512654 0.042002935022906383 0.081763606150966173 0.047166561165346052 0.048846009479398295 0.01510907840130816 0.018560563891201903 0.034851858173230214 0.0071285766147744139 0.046075176557868143 0.011496018636386074
leaf_weight=311.04439079761505 564.3389015942812 143.92055103182793 218.25384202599525 66.943067565560341 553.58620043098927 568.68734711408615 6461.2911417335272 1689.3902369588614 8.3345806747674924 1171.9562125951052 8.0526300966739637 284.37548449635506 1280.7010493576527 216.45434005558491 46.140266209840775 46.744437381625175 452.15922585129738 93.6390500664711 1439.4877285510302 2019.9288954138756 41.457834348082542 18.558621123433113 81.395973846316338 194.55140110105276 53.111581698060036 184.78181214630604 136.36269104480743 126.38528050482273 27.376563966274261 139.77715422213078
leaf_count=846 1546 369 546 158 1572 1693 20250 4974 28 3346 18 759 3683 641 189 108 1354 287 3898 6042 102 39 185 460 143 511 343 358 66 378
internal_value=0.00961227 0.00861539 0.00668273 0.0186332 0.00619658 0.00478949 0.00328743 0.0115974 0.0142175 0.0108429 0.0103428 0.0125428 0.0120141 0.0218547 -0.0223199 0.0121223 0.00810539 0.0108723 0.01566 0.00864841 0.0100048 0.0319435 0.0257481 0.0322519 0.0416111 0.0253636 0.0275833 0.0215166 0.00831983 0.0210391
internal_weight=18649.2 16793.4 11254.9 1855.78 11036.6 8755.52 7014.88 2281.11 1401.4 1740.64 1048.92 5538.52 5394.6 560.846 54.1929 994.73 763.204 4833.76 1533.13 3300.63 257.912 302.934 352.479 454.383 247.663 231.526 344.144 262.748 1716.77 206.72
internal_count=54892 49813 33993 5079 33447 26861 21822 6586 3940 5039 3026 15820 15451 1541 207 2819 2200 13910 4185 9725 743 798 914 1139 603 619 886 701 5040 536
is_linear=0
shrinkage=0.05


Tree=29
num_leaves=31
num_cat=0
split_feature=28 24 31 40 21 28 21 33 30 21 53 5 23 57 49 31 23 21 21 51 24 21 5 54 0 24 3 29 3 30
split_gain=68.6418 30.7534 37.0091 39.151 41.2485 37.9754 37.058 31.4378 30.8169 25.3658 25.1263 24.4823 21.7331 44.7506 25.8698 20.6304 20.018 15.6255 17.893 18.7078 18.0899 17.2295 16.5372 16.0898 18.8572 28.5176 14.9316 21.0901 16.5818 14.8998
threshold=0.05826500058174134 -0.007945000194013117 0.013975000008940698 1.0000000180025095e-35 13.465000152587892 0.015624999534338714 13.295000076293947 -1.0000000180025095e-35 -0.11673500016331671 11.989999771118166 1.0000000180025095e-35 -129.79706573486325 61.57500076293946 1.0000000180025095e-35 0.19849999994039538 0.056925000622868545 66.415000915527358 26.170000076293949 21.980000495910648 -0.020000000484287735 -0.031704999506473534 24.190000534057621 -0.66553825139999379 1.2364500164985659 0.92986959218978893 -0.0948050022125244 0.77612200379371654 0.10618999972939493 0.70691940188407909 0.064525000751018538
decision_type=2 2 2 2 2 2 2 2 2 2 2 2 2 2 2 2 2 2 2 2 2 2 2 2 2 2 2 2 2 2
left_child=1 2 3 4 6 7 -1 -5 -6 15 -7 -4 13 -13 -14 29 -11 18 23 -20 21 -21 -19 26 25 -25 28 -28 -2 -3
right_child=17 9 11 5 8 10 -8 -9 -10 16 -12 12 14 -15 -16 -17 -18 22 19 20 -22 -23 -24 24 -26 -27 27 -29 -30 -31
leaf_value=0.019370171890174523 0.012586202930791247 -0.059857762644802831 -0.032159030290542172 -0.018539221958457936 0.032575386134357336 0.059169167316341968 0.067238409517251102 0.0015038274953563539 0.0074930889560894283 -0.029172101205264679 0.0048603938557618791 0.006408102233514768 -0.0061328863171084746 0.0173258648397418 0.0093257118666643067 0.025484135277789116 -0.0031550822360876529 0.048588374572587356 0.068261786515772291 -0.02558987196632705 0.045452416062284486 0.0097998007182217781 0.012981195388446734 -0.064609046727836031 0.014201210185050493 0.0064821747424939867 0.01712514078654075 0.031531829496861827 -0.018053704597645111 0.037845190245314603
leaf_weight=145.64466767013073 397.7931964546442 13.285402223467829 33.197426334023476 331.39669705182314 130.3386557996273 21.408781006932259 55.969956502318382 477.59499888122082 2025.8930680006742 88.371982216835022 4096.7748409882188 1467.3670293986797 293.98784819245338 2604.5269816368818 3407.9644219875336 110.50395137071609 452.54642772674561 74.419410273432732 9.3309643715620023 80.054236710071564 16.176477536559105 60.295954912900925 58.038912668824196 23.164184138178825 101.23607537150383 36.076334103941917 1685.9878186285496 299.09882324934006 49.67045921087265 5.5249348431825629
leaf_count=423 1117 53 114 1147 333 50 126 1507 5998 308 12394 4393 920 7492 10135 311 1427 167 19 253 37 165 154 84 269 100 4481 747 153 15
internal_value=0.0091296 0.00783056 0.00829598 0.0057328 0.0110315 0.00319718 0.0326588 -0.00670664 0.00900925 -0.00264962 0.00514272 0.0106878 0.0108707 0.0133915 0.00809808 0.0172445 -0.00740559 0.0162114 0.015406 -0.000515388 -0.00461538 -0.0103861 0.0329865 0.0164244 0.00108995 -0.0213159 0.017436 0.0192958 0.00918504 -0.0311606
internal_weight=18653.6 15762.3 15092.1 7285.02 2357.85 4927.18 201.615 808.992 2156.23 670.233 4118.18 7807.04 7773.85 4071.89 3701.95 129.314 540.918 2891.34 2758.88 165.858 156.527 140.35 132.458 2593.03 160.477 59.2405 2432.55 1985.09 447.464 18.8103
internal_count=54892 47146 45032 21978 6880 15098 549 2654 6331 2114 12444 23054 22940 11885 11055 379 1735 7746 7425 474 455 418 321 6951 453 184 6498 5228 1270 68
is_linear=0
shrinkage=0.05


Tree=30
num_leaves=31
num_cat=0
split_feature=28 37 37 29 37 31 7 29 3 37 6 5 51 37 25 5 31 30 49 29 30 12 29 36 14 12 33 28 49 1
split_gain=65.8073 58.8567 47.3262 31.7027 30.0359 28.6331 30.2643 48.1811 30.4401 22.3447 25.0827 26.8158 24.3821 20.4789 20.0266 19.0665 18.2004 29.4737 24.8 19.4445 18.5935 17.5833 17.2329 17.2207 18.7354 15.9553 15.7907 15.4341 14.542 16.4844
threshold=0.036575000733137138 0.37845000624656683 -0.49864999949932093 0.038765000179409988 0.25894999504089361 0.064100001007318511 74.590133666992202 0.017614999786019329 0.011810997501015665 0.85135000944137584 0.53396323323249828 -71.706092834472642 0.043554998934268958 1.1766499876976015 3.0201500654220585 455.15888977050787 -0.056505000218749039 -0.075235001742839799 0.19849999994039538 -0.053910000249743455 0.018864999525249008 -0.0057449999731034032 0.04056499898433686 0.99994999170303356 0.8071500062942506 -0.16595999896526334 1.5820500254631045 0.093699999153614058 0.31179998815059667 1.8220217823982241
decision_type=2 2 2 2 2 2 2 2 2 2 2 2 2 2 2 2 2 2 2 2 2 2 2 2 2 2 2 2 2 2
left_child=2 23 -1 9 5 6 8 -8 -4 10 11 -3 26 -14 25 22 17 19 -18 -6 -19 -20 -5 28 -25 -7 -11 -24 29 -2
right_child=1 3 4 15 16 14 7 -9 -10 12 -12 -13 13 -15 -16 -17 18 20 21 -21 -22 -23 27 24 -26 -27 -28 -29 -30 -31
leaf_value=0.034052757196228113 0.018179848078323815 -0.034733962067728552 0.068264382715826549 0.034368225347403206 -0.05915684549820191 0.02598708140335633 -0.062692727850616678 0.036161470923992439 0.0072587311707884893 0.0019816374762048282 0.039853636159810628 0.01096642854543161 0.02030181539677409 -0.037452780059143521 -0.063537216596253582 -0.029168705686463261 -0.0084353111471793998 -0.0094755566930300426 0.0065203360082260464 0.01766876372013601 0.011597663361375132 -0.0074849740550561195 0.01264028824773805 0.012927519774420552 0.063708616156861006 0.012969156798612637 0.013561269328851752 0.023840452731940062 0.026608280172616312 -0.009798823731130139
leaf_weight=153.8419336527586 570.28932668268681 32.698603540658951 20.597719103097916 113.51832367479801 8.5809881389141065 341.29136350750923 36.846269451081753 18.522406324744225 2809.4133562147617 1239.3366494774818 73.909809678792953 1750.4847172349691 20.400964543223381 61.978482589125633 7.7716592699289313 24.292834669351578 315.13413465023041 691.70606455206871 5631.8440551459789 204.9521858394146 123.3383837044239 233.39363932609558 1942.6330443620682 28.696406349539757 49.485075935721397 758.4456095546484 386.13813576102257 365.45580378174782 573.56969587504864 57.999167427420616
leaf_count=371 1518 111 44 294 33 921 175 46 8348 3688 180 4987 56 234 29 90 1035 2236 17289 587 367 776 5385 77 105 2169 1091 933 1473 169
internal_value=0.00888918 0.0125962 0.0065091 0.0105231 0.00613083 0.0096097 0.00698649 -0.0296232 0.00770275 0.00751532 0.0113114 0.0101284 0.0033875 -0.0231501 0.0164439 0.0149069 0.00420395 -0.00195438 0.00522886 0.0145815 -0.00628661 0.00596303 0.0153491 0.0223311 0.0450695 0.0170091 0.00473243 0.0144137 0.020852 0.0155971
internal_weight=18646.6 7290.89 11355.7 6010.85 11201.8 3992.89 2885.38 55.3687 2830.01 3564.95 1857.09 1783.18 1707.85 82.3794 1107.51 2445.9 7208.95 1028.58 6180.37 213.533 815.044 5865.24 2421.61 1280.04 78.1815 1099.74 1625.47 2308.09 1201.86 628.288
internal_count=54817 20391 34426 17049 34055 11732 8613 221 8392 10347 5278 5098 5069 290 3119 6702 22323 3223 19100 620 2603 18065 6612 3342 182 3090 4779 6318 3160 1687
is_linear=0
shrinkage=0.05


Tree=31
num_leaves=31
num_cat=0
split_feature=29 21 9 21 21 34 12 21 13 15 30 16 14 21 21 48 33 2 1 40 13 52 12 55 44 27 12 33 23 34
split_gain=43.5158 50.8474 33.002 41.6165 40.6902 46.4335 34.4949 30.0467 40.3271 30.0444 25.4321 26.6496 22.4946 21.2705 24.2412 22.6433 22.5453 24.3924 27.3395 21.9104 21.4502 22.1628 20.2056 22.0537 19.7321 19.5275 19.2985 18.3725 18.1992 18.097
threshold=0.030164999887347225 26.694999694824222 1.0000000180025095e-35 21.215000152587894 17.785000801086429 153.50000000000003 -0.27477499842643732 12.719999790191652 0.19599999487400058 0.99674999713897716 -0.11010000109672545 1.1267499923706057 1.2540499567985537 22.85000038146973 19.545000076293949 0.18775000423192981 -0.17484999448060987 0.67292660474777233 -0.055497460067272179 2.5000000000000004 1.1614800095558169 2.5000000000000004 -0.21075499802827832 0.069150000810623183 -0.18595000356435773 -0.0066050000023096791 -0.063979998230934129 0.8144499957561494 59.73500061035157 9.5000000000000018
decision_type=2 2 2 2 2 2 2 2 2 2 2 2 2 2 2 2 2 2 2 2 2 2 2 2 2 2 2 2 2 2
left_child=1 2 3 4 6 -6 -1 8 12 -5 24 -12 -4 14 19 -16 28 -18 -19 20 21 -2 -21 -24 -9 -10 -17 -11 -15 -22
right_child=13 -3 7 9 5 -7 -8 10 25 27 11 -13 -14 16 15 26 17 18 -20 22 29 -23 23 -25 -26 -27 -28 -29 -30 -31
leaf_value=0.022398105682176365 0.0042770701575578071 0.030385389925909185 -0.014386186244760679 -0.026742446768441161 0.038665380048889475 -0.00018938346383281244 0.0072707700131835334 0.024619352624683708 0.026825927620080625 -9.7967200213863981e-05 0.0026307379462328379 0.012036242583383197 0.014098793526575974 0.038953790817962686 0.032466597054720492 -0.0035337697113727662 -0.043755603461676319 -0.060230417002432028 0.021160034717389087 0.037678593982405029 0.0092623706700548768 0.012623029555671572 0.024794486498541563 -0.010355853660138904 -0.0049113841745600465 0.011996653869608026 0.04262550016547012 0.044088668373170992 -0.049988554745708291 0.023370754924185978
leaf_weight=491.40264973044395 1420.868193462491 227.84578718245029 209.30573451519012 109.69145976006985 288.60586246848106 104.81899429857731 1616.613061606884 248.20300854742527 275.50202895700932 190.99936945736408 7617.1222148537636 835.75618562102318 103.62121763825417 36.124152421951294 283.21277205646038 98.252270013093948 49.952754929661751 13.189291402697561 47.389977306127548 151.07242193818092 387.35229943692684 1807.1494362205267 140.01641617715359 65.497479379177094 73.264944672584534 1143.084452599287 29.424931868910789 26.829380422830582 6.8405160754919043 550.08051481842995
leaf_count=1333 4192 570 704 355 736 315 4815 657 750 568 23331 2379 305 89 716 294 171 47 126 376 1080 5091 377 201 222 3387 74 65 24 1467
internal_value=0.00844352 0.00696441 0.00656423 0.0113577 0.0135521 0.0283134 0.0107971 0.00527348 0.0112928 -0.00540198 0.00408564 0.00356068 -0.0049538 0.0123875 0.0129578 0.0245857 -0.00594222 -0.0178893 0.00343974 0.0119013 0.010883 0.00894941 0.0237966 0.013592 0.0178891 0.0148766 0.00710426 0.00534438 0.024793 0.0175411
internal_weight=18649.1 13562.7 13334.8 2828.96 2501.44 393.425 2108.02 10505.9 1731.51 327.52 8774.35 8452.88 312.927 5086.42 4932.93 410.89 153.497 110.532 60.5793 4522.04 4165.45 3228.02 356.586 205.514 321.468 1418.59 127.677 217.829 42.9647 937.433
internal_count=54817 40492 39922 8187 7199 1051 6148 31735 5146 988 26589 25710 1009 14325 13868 1084 457 344 173 12784 11830 9283 954 578 879 4137 368 633 113 2547
is_linear=0
shrinkage=0.05


Tree=32
num_leaves=31
num_cat=0
split_feature=28 37 37 21 13 33 37 14 6 29 21 37 54 21 49 27 13 0 49 3 51 25 3 36 21 12 3 49 27 15
split_gain=55.8331 55.0952 44.2339 30.3409 32.4832 33.7806 31.453 35.7943 33.751 23.4742 26.8705 24.7753 23.3148 23.2257 24.0517 23.1808 21.8826 21.7797 22.8278 21.2433 21.0727 20.4761 19.555 19.1814 17.1767 18.4608 17.12 16.7793 16.7132 16.7052
threshold=0.036575000733137138 0.26624999940395361 -0.28395000100135798 12.719999790191652 0.21007499843835833 -0.13354999572038648 0.72824999690055858 0.74825000762939464 0.0066379429772496232 0.038765000179409988 26.739999771118168 0.85135000944137584 1.0830499529838564 11.239999771118166 0.11514999717473985 -0.012765000108629463 1.1614800095558169 0.68195053935050975 0.51195001602172863 1.1108007431030276 0.043554998934268958 0.084650002419948592 0.22528008371591571 0.93700000643730175 11.150000095367433 -0.37770500779151911 0.84872975945472728 0.92465001344680797 0.005415000021457673 1.0126499533653261
decision_type=2 2 2 2 2 2 2 2 2 2 2 2 2 2 2 2 2 2 2 2 2 2 2 2 2 2 2 2 2 2
left_child=2 19 21 4 5 28 7 23 -9 10 11 15 -12 29 -15 -3 27 18 -11 -2 -13 -1 -7 -5 -21 -26 -18 -8 -4 -6
right_child=1 9 3 6 13 22 16 8 -10 17 12 20 -14 14 -16 -17 26 -19 -20 24 -22 -23 -24 -25 25 -27 -28 -29 -30 -31
leaf_value=-0.037290874511868417 0.017225617348061145 -0.0045146744402750844 -0.03039783064122728 0.002547395132675359 0.013750991951691141 0.079026798942526622 -0.0069513587539306587 0.01210598609504427 0.0033348138190044396 1.364730503125275e-05 0.0049167279915769647 0.0033050500833401407 0.046120819706834848 -0.045889855866320682 0.018695297663312981 0.012053393297433344 -0.0073717423396744905 0.021011557695519038 0.013651218467254722 -0.032016760179362745 -0.023212008619921145 0.027926572374946064 0.0054889533816027958 -0.010547574686973716 0.006768513204404302 0.04076697741198021 0.043129078526651946 0.011525326741670073 0.019608414419198181 -0.0045403827528923716
leaf_weight=12.580794796347616 518.50530204176903 237.63674561679363 110.16458414494991 2990.5193796157837 259.75545515120029 9.3391358405351621 1061.5569855421782 2462.1598123162985 1977.7301581278443 391.3066438138485 59.058294504880905 1568.8869614750147 81.997713327407837 14.601014897227286 1132.7042843103409 1891.8422527909279 27.224540248513222 715.17529764771461 1421.7755065113306 9.6752453148365003 78.679362565279007 277.61250248551369 282.38333398848772 308.49588502198458 47.032317504286766 264.30846919119358 43.753177851438522 138.96051104366779 19.696485742926598 240.29835687577724
leaf_count=41 1358 703 396 9113 767 20 3492 7213 6044 1146 163 4633 188 54 3259 5336 87 1872 3908 32 280 708 873 1007 128 644 114 428 57 753
internal_value=0.00801853 0.0114355 0.00582884 0.0053241 0.0107845 -0.00159996 0.0040703 0.00526772 0.0081989 0.00986644 0.00744273 0.00664255 0.0288692 0.0139539 0.0178734 0.0102045 -0.00321775 0.0136225 0.0107079 0.0234839 0.00203873 0.0250992 0.00784318 0.00132286 0.0335922 0.035631 0.0237588 -0.00481267 -0.0228132 0.00496116
internal_weight=18655.4 7285.88 11369.5 11079.3 2068.94 421.584 9010.4 7738.91 4439.89 6446.36 3918.1 3777.05 141.056 1647.36 1147.31 2129.48 1271.5 2528.26 1813.08 839.521 1647.57 290.193 291.722 3299.02 321.016 311.341 70.9777 1200.52 129.861 500.054
internal_count=54817 20391 34426 33677 6179 1346 27498 23377 13257 18229 11303 10952 351 4833 3313 6039 4121 6926 5054 2162 4913 749 893 10120 804 772 201 3920 453 1520
is_linear=0
shrinkage=0.05


Tree=33
num_leaves=31
num_cat=0
split_feature=28 37 37 27 36 45 37 21 51 16 12 35 21 21 35 37 28 8 7 35 35 29 3 30 35 51 21 15 30 29
split_gain=50.8425 41.9395 39.2104 35.8175 29.7852 36.8308 38.0381 24.298 24.3081 23.9977 22.8651 25.298 27.7398 22.9296 22.6567 22.3493 30.8636 25.62 20.9985 20.9296 37.5653 23.5302 20.4216 20.3752 21.8476 19.696 16.336 16.1286 22.0364 17.361
threshold=0.04024500027298928 0.25155000388622289 0.26624999940395361 0.012335000094026329 0.89379999041557323 0.67734998464584362 -0.3665000051259994 12.719999790191652 -0.026925000362098214 1.0261500477790835 -0.19008500128984449 14.500000000000002 20.989999771118168 26.694999694824222 30.500000000000004 0.73425000905990612 0.021684999577701095 0.031341791152954109 43.711063385009773 7.5000000000000009 14.500000000000002 0.0045149999205023059 1.1108007431030276 0.10148499906063081 22.500000000000004 0.024759999476373199 11.119999885559084 1.018549978733063 -0.0588649995625019 1.5714399814605715
decision_type=2 2 2 2 2 2 2 2 2 2 2 2 2 2 2 2 2 2 2 2 2 2 2 2 2 2 2 2 2 2
left_child=1 3 22 4 23 -6 -7 18 -9 10 11 12 -4 25 -13 16 -10 -17 -3 21 -21 -20 -2 24 -1 -12 -24 -11 -29 -30
right_child=2 7 9 -5 5 6 -8 8 15 27 13 14 -14 -15 -16 17 -18 -19 19 20 -22 -23 26 -25 -26 -27 -28 28 29 -31
leaf_value=0.0074440017027314655 0.01561367972972607 -0.0079303993304307274 0.021840650807683628 0.046042354279101527 0.0086105307172305145 0.030210191261311817 -0.029681945763883635 -0.063592071138833736 -0.0012682586021262087 0.0066794372053363416 0.001164825355877384 -0.00030686822301395048 -0.00063345271652044276 0.04193316953244703 0.032848386167175607 0.0016556145978973685 0.0069316659503081343 -0.012099321560664983 0.0020496587658977395 -0.0097455904549008342 0.012764873813716543 0.027037164524796216 -0.040205807294450793 0.023163047311155753 0.017014434349726337 -0.026267910165829148 0.035480807703666316 0.053238447642028022 0.014620749044743876 -0.046729338449049321
leaf_weight=2544.0880367010832 403.1093740016222 159.90655371546745 578.95390065014362 67.288938537240028 298.17061956226826 31.881816074252129 157.35809673368931 13.928675919771193 1742.3459768295288 795.30420362949371 934.32543681561947 548.60622498393059 179.98784537613392 32.472007811069489 56.867901563644409 1069.6192494481802 3361.4396976530552 495.29371930658817 131.69647373259068 248.98045320808887 725.02907600998878 331.03762754797935 7.329430252313613 306.36071878671646 778.88833060860634 70.357469141483307 261.08723948895931 36.940336331725121 2275.5278586894274 11.590166211128233
leaf_count=7412 1059 516 1541 157 868 87 610 53 5568 2283 2756 1603 520 77 143 3398 9992 1644 398 812 2175 901 25 821 2184 238 653 85 6190 48
internal_value=0.00761752 0.00577763 0.0113206 0.00985766 0.00926621 -0.00233916 -0.0195917 0.00371574 0.00239173 0.00993299 0.00617605 0.0104297 0.0165108 0.000580276 0.00280717 0.00252955 0.00413235 -0.00269781 0.00925724 0.0111702 0.00701065 0.0199256 0.0227287 0.0108248 0.00968726 -0.000756276 0.0334141 0.0128254 0.0149286 0.0143099
internal_weight=18655.8 12463.3 6192.46 4184.04 4116.75 487.411 189.24 8279.28 6682.63 5520.93 2401.57 1364.42 758.942 1037.15 605.474 6668.7 5103.79 1564.91 1596.65 1436.74 974.01 462.734 671.526 3629.34 3322.98 1004.68 268.417 3119.36 2324.06 2287.12
internal_count=54817 37596 17221 12139 11982 1565 697 25457 20655 15484 6878 3807 2061 3071 1746 20602 15560 5042 4802 4286 2987 1299 1737 10417 9596 2994 678 8606 6323 6238
is_linear=0
shrinkage=0.05


Tree=34
num_leaves=31
num_cat=0
split_feature=28 21 35 35 18 9 35 21 21 21 49 18 13 54 2 8 12 21 25 28 31 27 21 28 39 25 21 29 0 29
split_gain=46.582 24.9944 29.5344 60.4079 38.1518 24.0102 24.0834 41.5681 43.0404 35.9142 24.802 27.5628 23.3254 24.9089 23.3034 22.5807 21.0252 21.0132 20.9253 21.9084 21.1439 18.8519 18.6335 19.0545 17.4322 25.2638 28.2034 20.7695 21.0031 19.3926
threshold=0.036575000733137138 12.719999790191652 7.5000000000000009 14.500000000000002 0.96334999799728405 1.0000000180025095e-35 1.0000000180025095e-35 16.564999580383304 21.039999961853031 15.515000343322756 0.21040000021457675 1.2590499520301821 0.19599999487400058 1.1961500048637392 0.43494854867458349 0.015951275825500492 -0.077704999595880495 25.60999965667725 0.95050001144409191 0.034295000135898597 -0.085105001926422105 -0.010334999766200779 21.980000495910648 0.02578500006347895 0.42595000565052038 1.4018500447273257 26.739999771118168 0.038174999877810485 1.1200639605522158 0.073095001280307784
decision_type=2 2 2 2 2 2 2 2 2 2 2 2 2 2 2 2 2 2 2 2 2 2 2 2 2 2 2 2 2 2
left_child=1 2 4 18 16 17 7 9 -9 -7 21 -12 -5 -14 -6 -16 -1 22 20 -20 -4 -8 23 -3 25 -2 27 28 -27 -29
right_child=24 5 3 12 14 6 10 8 -10 -11 11 -13 13 -15 15 -17 -18 -19 19 -21 -22 -23 -24 -25 -26 26 -28 29 -30 -31
leaf_value=0.00012795692798238151 0.011203728214891892 0.0056462465864950814 0.058258449291748483 -0.0029815602733761796 0.037568517891905108 0.0065351898903175942 -0.056460145247330396 0.042479138537751981 -0.0012236364082209971 -0.048446426000313236 0.0025041965487221738 0.03184207499985741 0.016774463332415699 -0.058906063227486788 0.0036359338641896799 0.029744293255743706 -0.071295364716127838 0.06484688929057808 -0.034758727897258361 0.043466843195998875 -0.0063187483999570145 -0.0074654535186653576 -0.014002425490891219 0.016750423924665143 0.015352759915574452 -0.0066825972864880071 0.031236781319647595 0.024164133762497601 0.0062320684487360486 -0.0028962928196101731
leaf_weight=107.89642997086048 4228.1012978702784 958.59805037081242 13.350344076752661 203.7315131649375 210.1518188342452 237.22970427572727 20.720914825797081 168.11085085570812 84.733761206269264 33.951774880290031 6555.1494759693742 81.048200041055679 858.01932854950428 11.011954650282858 170.91623950004578 160.66720186173916 11.391723245382307 16.963305592536926 108.92268682271242 9.751973092555998 250.77608013153076 374.09137155115604 84.245774418115616 647.15172898769379 1410.3396923393011 652.46927231550217 89.141984805464745 184.23380663990974 608.33978183567524 103.34642748534679
leaf_count=328 11838 2872 33 659 546 699 77 413 257 124 20160 209 2488 41 508 425 44 36 390 26 801 1201 272 1817 3817 2013 220 484 1713 306
internal_value=0.00723713 0.00523916 0.0101413 0.00616102 0.0189057 0.00411892 0.00290885 0.0132494 0.0278334 -0.000348479 0.00213816 0.0028625 0.0122457 0.0158155 0.0245424 0.0162866 -0.00669279 0.0094747 -0.0108906 -0.0283306 -0.00305468 -0.0100368 0.0089189 0.0101215 0.0103617 0.0091616 0.00388882 0.00231438 -0.000451277 0.0144395
internal_weight=18654.6 11378.6 2116.59 1455.56 661.023 9261.99 7555.04 524.026 252.845 271.181 7031.01 6636.2 1072.76 869.031 541.735 331.583 119.288 1706.96 382.801 118.675 264.126 394.812 1690 1605.75 7275.97 5865.63 1637.53 1548.39 1260.81 287.58
internal_count=54817 34426 6289 4438 1851 28137 23140 1493 670 823 21647 20369 3188 2529 1479 933 372 4997 1250 416 834 1278 4961 4689 20391 16574 4736 4516 3726 790
is_linear=0
shrinkage=0.05


Tree=35
num_leaves=31
num_cat=0
split_feature=28 28 52 36 45 35 53 45 31 8 44 25 40 21 27 51 21 5 39 54 39 25 53 16 33 44 5 5 1 27
split_gain=44.9102 32.8945 32.007 27.3101 31.0796 26.9729 27.3996 26.2556 25.4061 24.9687 22.768 28.9894 24.6159 22.7475 22.0787 19.9358 19.502 24.6966 29.936 21.7464 19.3549 17.3698 16.3973 16.2038 15.8354 17.3778 15.7992 15.0753 20.9498 15.0394
threshold=0.073945000767707839 0.014165000058710577 2.5000000000000004 0.90709999203681957 0.99895000457763683 3.5000000000000004 0.48815000057220465 3.4023499488830571 0.11975499987602235 -0.085946053266525255 0.21894999593496325 0.03264999948441983 1.0000000180025095e-35 10.844999790191652 -0.022510000504553315 0.0062749998178333053 13.559999942779543 1.4427741765975954 0.18184999376535418 0.94005000591278087 0.012550000101327898 0.9337500035762788 0.18564999848604205 1.0618500113487246 -1.8495999574661253 -0.026150000281631943 3.6693097352981572 35.826107025146491 -0.024142908863723275 -0.0024149999953806396
decision_type=2 2 2 2 2 2 2 2 2 2 2 2 2 2 2 2 2 2 2 2 2 2 2 2 2 2 2 2 2 2
left_child=1 3 5 16 8 27 9 10 29 -7 12 -12 -4 -2 -9 -16 19 21 -19 23 24 -18 -6 -1 -15 -26 -8 -3 -29 -5
right_child=13 2 7 4 22 6 26 14 -10 -11 11 -13 -14 20 15 -17 17 18 -20 -21 -22 -23 -24 -25 25 -27 -28 28 -30 -31
leaf_value=-0.010517713241906106 -0.04608795494645835 0.012228728389306026 0.015498342131147822 0.010695686328008436 0.016175846815451082 0.021635946814045591 0.0030672696410694242 0.066752957813707395 -0.088770510993390506 0.00059466680107721573 0.041464025712195741 0.0038743496665210753 0.0088874085253353718 0.016635627174598176 -0.0020809659099937212 0.0099806320057862028 0.008544835144647699 -0.016446966081423802 0.02519103320682797 0.018492364730130811 0.017946845900077953 -0.01870390829303711 -0.060144250984253279 0.03317062203306189 0.011415943010983601 -0.030652397351782868 0.035464125171075965 -0.073992789837894798 -0.00011122313751564448 -0.020812499086745206
leaf_weight=143.34604871273041 15.013765543699263 1085.7634068280458 2095.7790789827704 97.424248278141022 8.2410441264510137 145.86911664903164 62.553575217723846 13.265310868620871 8.8112615644931775 4216.097808226943 52.713314145803452 1901.0295229554176 4291.2397052571177 84.11279059946537 1020.2085558921099 515.7773055434227 448.14898942410946 360.43822361528873 49.040508642792702 293.85286144912243 1284.0651195496321 67.262684971094131 48.200332753360271 24.91252276301384 42.696402624249458 57.754373118281364 94.463087126612663 10.7279707044363 90.859859719872475 61.95799309015274
leaf_count=462 52 3039 5911 292 31 390 187 28 36 12740 136 5679 12601 244 3121 1488 1352 1191 137 849 3368 229 225 67 121 198 247 41 267 212
internal_value=0.00679793 0.00607828 0.00678101 -0.00072228 -0.0168955 0.00379906 0.00203699 0.00850154 -0.00612189 0.00129831 0.00961184 0.00488854 0.0110567 0.0151447 0.00252397 0.00196927 0.0018971 -0.00229373 -0.0114603 0.0102848 0.0157707 0.0049888 -0.0490007 -0.00404918 0.000630562 -0.0127713 0.0225576 0.0105054 -0.00791333 -0.00155275
internal_weight=18691.6 17208 15596.3 1611.64 224.635 5706.33 4518.98 9890.01 168.194 4361.97 8340.76 1953.74 6387.02 1483.64 1549.25 1535.99 1387 924.89 409.479 462.111 1468.63 515.412 56.4414 168.259 184.564 100.451 157.017 1187.35 101.588 159.382
internal_count=54941 50958 45875 5083 796 16911 13564 28964 540 13130 24327 5815 18512 3983 4637 4609 4287 2909 1328 1378 3931 1581 256 529 563 319 434 3347 308 504
is_linear=0
shrinkage=0.05


Tree=36
num_leaves=31
num_cat=0
split_feature=37 28 28 25 0 48 52 44 7 22 6 14 27 6 25 28 21 6 1 8 39 25 37 21 49 28 48 30 51 39
split_gain=49.086 61.2589 41.3128 32.4142 32.0292 25.9761 24.5488 30.5534 27.2374 27.3221 27.1165 23.6477 23.3433 22.992 22.587 21.6262 30.3558 22.2351 20.7282 20.3336 18.7625 18.7394 18.1972 18.0971 17.7259 20.6232 17.3798 15.7384 15.0256 15.0095
threshold=0.20515000075101855 0.027534999884665016 0.048004999756813056 0.9337500035762788 0.19001530110836032 19.977199554443363 2.5000000000000004 0.21894999593496325 78.658676147460952 0.88694998621940624 0.55878069996833812 0.92045000195503246 -0.0022350000217556949 -0.16507304459810254 1.0762500166893008 0.013975000008940698 13.510000228881838 -0.22767547518014905 -0.30764779448509211 1.4894831180572512 0.45104999840259558 0.03264999948441983 -0.22725000232458112 11.119999885559084 0.92880001664161693 0.073945000767707839 0.75485000014305126 0.21097499877214435 -0.0056749999057501546 0.30474999547004705
decision_type=2 2 2 2 2 2 2 2 2 2 2 2 2 2 2 2 2 2 2 2 2 2 2 2 2 2 2 2 2 2
left_child=1 3 6 15 -5 19 29 8 9 -8 21 -3 -13 -14 -10 16 -1 18 -17 24 22 -9 -6 -15 25 -4 -19 -26 -18 -2
right_child=2 11 5 4 20 -7 7 10 14 -11 -12 12 13 23 -16 17 28 26 -20 -21 -22 -23 -24 -25 27 -27 -28 -29 -30 -31
leaf_value=0.018466369040837677 -0.00094707604893447196 0.014436300819604789 0.0068127021311545667 -0.042798027742857264 0.020076846682105118 -0.051062887762647037 -0.015992793603313963 0.031278307882246378 -0.04771468577803617 0.0079654244423091602 0.04812190572489896 0.015659863962760413 -0.010756368175169216 -0.024894458495827956 0.039817562254056138 0.0048468118444645802 0.028273855607839876 0.013214008184769727 -0.058739021652146728 -0.029516117003704254 0.04005220893820477 -0.0023001805734334801 -0.004973178352561199 0.042707922793106402 0.0283089003533364 0.014829828694303613 0.031046246969493919 -0.035191343223241321 -0.0061327504866735627 0.0090323921885537856
leaf_weight=224.72659185528755 3255.510725364089 666.77580355107784 2565.5698699206114 45.675178356468678 84.812909007072449 17.635643199086189 121.77843940258026 42.642871245741844 38.019170820713043 5214.4300363361835 28.063602849841118 215.51335878670216 23.599001705646515 10.240932628512381 9.1420668214559537 38.283252641558647 34.109901160001755 1162.9797256737947 19.267381235957146 32.690347969532013 28.729532152414322 1621.6004977971315 499.31244692206383 297.15844696760178 181.66972118616104 1167.0476625561714 154.82921993732452 10.311605066061018 455.05924612283707 426.097835034132
leaf_count=635 10054 1782 7197 200 233 70 400 116 142 15555 66 574 69 33 25 111 91 3274 69 129 72 5067 1566 728 461 3089 404 33 1431 1265
internal_value=0.00645727 0.0113985 0.00512872 0.00726669 -0.00240615 0.00948449 0.00351922 0.00524216 0.00708432 0.00741867 -0.000617916 0.0207559 0.0284663 0.0368045 -0.0307468 0.0103156 0.00325473 0.0139806 -0.0164411 0.00975432 0.0006042 -0.0014398 -0.001336 0.0404558 0.0100814 0.00931935 0.0153091 0.0248982 -0.00373357 0.000207916
internal_weight=18693.3 3961.07 14732.2 2747.79 658.53 3974.92 10757.3 7075.68 5383.37 5336.21 1692.31 1213.29 546.512 330.998 47.1612 2089.26 713.896 1375.36 57.5506 3957.29 612.855 1664.24 584.125 307.399 3924.6 3732.62 1317.81 191.981 489.169 3681.61
internal_count=54941 11272 43669 8086 2071 10979 32690 21371 16122 15955 5249 3186 1404 830 167 6015 2157 3858 180 10909 1871 5183 1799 761 10780 10286 3678 494 1522 11319
is_linear=0
shrinkage=0.05


Tree=37
num_leaves=31
num_cat=0
split_feature=37 28 28 30 7 37 39 27 34 27 37 12 14 35 39 37 28 15 30 28 51 52 51 36 21 51 25 35 54 28
split_gain=44.4781 55.9459 37.8431 30.4073 39.2515 28.2674 31.7507 26.1139 28.4789 24.1695 27.8214 27.4834 28.1707 23.3678 22.5497 22.1124 40.0235 21.3733 21.2115 21.2079 23.1498 20.9594 20.8718 20.8588 20.213 19.8561 19.2184 18.2789 17.9843 16.8334
threshold=0.20515000075101855 0.027215000241994861 0.031094999983906749 0.015955000184476379 70.964607238769545 0.72214999794960033 0.52465000748634349 0.0022549999412149195 248.50000000000003 0.00066499999957159172 1.9136499762535097 -0.0090049998834729177 0.80245000123977672 15.500000000000002 0.3554500043392182 1.1929499506950381 0.057544998824596412 0.9556500017642976 -0.050845000892877572 0.044874999672174461 0.034934999421238906 2.5000000000000004 0.027859999798238281 0.99994999170303356 12.719999790191652 -0.014704999979585407 1.7104499936103823 22.500000000000004 0.99384999275207531 0.015265000052750112
decision_type=2 2 2 2 2 2 2 2 2 2 2 2 2 2 2 2 2 2 2 2 2 2 2 2 2 2 2 2 2 2
left_child=1 3 9 4 25 7 19 8 18 11 22 12 17 -9 26 -8 -17 -2 -4 -7 -21 -14 24 -3 -11 -1 29 -27 -15 -5
right_child=2 23 5 14 -6 6 15 13 -10 10 -12 -13 21 28 -16 16 -18 -19 -20 20 -22 -23 -24 -25 -26 27 -28 -29 -30 -31
leaf_value=0.051793432525866413 -0.021836577089277581 0.017667180182896716 0.016869879222548904 0.0048608075967867702 -0.051915474318255529 -0.0022621231719030313 0.026520176234425631 0.020843946815171141 -0.038052289248930234 0.0064119421906964061 0.049241743050622663 -0.021401976537612933 0.0021930440726490629 0.016581966233043356 0.053121959380041932 -0.016651848248626977 0.014494604555711506 0.0021606131648887251 0.0046657814057161906 0.0068381410150648043 -0.011012449368598373 0.013496081659424808 -0.068300000891391807 0.040984628024219025 -0.0040781387064027681 -0.00020266474225291974 -0.019789279001566022 0.0128406226829444 4.396842287308509e-05 0.017937133769043084
leaf_weight=20.960208132863045 98.287254363298416 1136.9998426288366 465.84610030055046 387.32460851222277 32.679533943533897 1406.5614690929651 228.51361936330795 863.29109358787537 34.851893231272697 587.4238139539957 26.667278498411179 98.698131576180458 619.34145475924015 329.58827722072601 34.02522699534893 127.82294178009033 534.18845821917057 1658.3605842143297 1510.5093685686588 2287.77334228158 197.29045227169991 1214.1895716786385 11.847150489687918 104.74633246660233 2103.9347420483828 1169.38856510818 46.150093272328377 348.7019165456295 327.96497109532356 675.08113268017769
leaf_count=49 329 3026 1264 1156 157 4396 599 2317 119 1781 71 335 1906 911 79 409 1407 5127 4377 6410 651 3564 46 251 6687 3548 149 1003 963 1854
internal_value=0.00613593 0.0108431 0.00487197 0.00682144 0.00230929 0.00709852 0.00459296 0.0104909 0.0067523 0.00198791 -0.00157869 0.0046273 0.00534287 0.0154349 0.0130283 0.0131098 0.00848076 0.000817932 0.00754241 0.00264405 0.00542097 0.00967807 -0.00208004 0.0196341 -0.00178854 0.00346068 0.0117977 0.00279335 0.00833338 0.0131699
internal_weight=18689 3956.06 14733 2714.31 1571.73 8314.2 4782.15 3532.05 2011.21 6418.75 2729.87 3688.88 3590.18 1520.84 1142.58 890.525 662.011 1756.65 1976.36 3891.63 2485.06 1833.53 2703.21 1241.75 2691.36 1539.05 1108.56 1518.09 657.553 1062.41
internal_count=54941 11272 43669 7995 4757 23823 13872 9951 5760 19846 8585 11261 10926 4191 3238 2415 1816 5456 5641 11457 7061 5470 8514 3277 8468 4600 3159 4551 1874 3010
is_linear=0
shrinkage=0.05


Tree=38
num_leaves=31
num_cat=0
split_feature=37 21 9 21 31 21 30 31 27 31 35 39 37 8 31 36 21 5 35 16 43 16 12 36 14 37 8 21 45 48
split_gain=41.3732 41.492 35.0526 62.8382 43.799 34.1503 33.8543 46.3219 33.2053 32.4259 26.4317 26.329 24.3615 21.953 21.2627 20.1981 19.5683 19.2063 19.1079 18.2906 16.5587 16.0304 15.5946 25.0965 15.2419 13.4854 12.7462 13.2007 11.1626 13.6434
threshold=1.0000000180025095e-35 25.60999965667725 1.0000000180025095e-35 21.980000495910648 -0.092085000127553926 17.694999694824222 -0.091894999146461473 0.013044999912381174 0.0032750000245869164 0.069535002112388625 24.500000000000004 0.18714999407529834 1.24414998292923 0.020427465438842777 0.15317500382661822 0.79080000519752514 14.090000152587892 -7.3795800209045401 1.0000000180025095e-35 1.1178500056266787 3.5000000000000004 0.9069499969482423 -0.23347499966621396 0.11545000225305559 0.76875001192092907 0.24374999850988391 0.032792627811431892 27.10999965667725 2.0472000837326054 4.8739500045776376
decision_type=2 2 2 2 2 2 2 2 2 2 2 2 2 2 2 2 2 2 2 2 2 2 2 2 2 2 2 2 2 2
left_child=8 2 3 4 13 -6 15 10 14 25 -8 28 22 -2 17 16 -4 -1 -9 20 -19 -17 23 -3 -11 -5 27 -14 -10 -30
right_child=1 12 6 9 5 -7 7 18 11 24 -12 -13 26 -15 -16 21 -18 19 -20 -21 -22 -23 -24 -25 -26 -27 -28 -29 29 -31
leaf_value=0.022375905802868981 0.032803112385971368 0.023789146674951467 -0.013061136211484714 0.0064375519722125688 0.0065075033083359856 0.020419157476544204 -0.0020782349918370968 0.014909428099674972 0.024168231993640526 0.065520522129539085 0.0071816972693034501 0.04472548896302949 0.027615264716943796 -0.0020984037620158892 0.033404135445566599 0.015814426699049158 0.016296380143348509 0.0069581055692321458 0.0049881087305577287 -0.049986544422617255 -0.026122774664625054 0.071911638390283403 0.040886303887093689 -0.053315165305585832 0.0030836096243729962 -0.030566043750582906 -0.077863939234718349 -0.053072696894314868 -0.011838258012887945 0.057036517946457338
leaf_weight=174.89349527657032 304.75824478268623 100.4770399928093 64.767820298671722 29.114714071154594 2366.4061479866505 542.21992492675781 4318.5302439182997 520.1735837161541 131.67771112918854 13.909336566925047 938.02491728961468 138.50162805616856 14.626291275024419 52.871872454881668 86.92613673210144 23.993128582835197 459.18713682889938 668.00983635336161 7239.758515894413 15.405013248324392 40.098461918532848 27.140985801815987 135.57461456954479 11.792021259665487 32.881011515855789 159.53986001014709 6.9498644620180121 7.7574635148048392 50.467471450567245 8.3848501592874509
leaf_count=455 770 259 202 82 6904 1467 13308 1439 351 31 2784 357 37 155 210 65 1252 1899 21432 52 164 58 324 41 94 531 26 27 147 18
internal_value=0.00583041 0.00518321 0.00487203 0.00933284 0.0111311 0.00910088 0.00372276 0.00319824 0.0143837 -0.0156144 -0.000425813 0.0281364 0.0243735 0.0276433 0.00979126 0.0155947 0.0126674 0.00750657 0.00565317 0.00391224 0.00508482 0.0455897 0.0294731 0.0156906 0.0216442 -0.0248553 -0.0187138 -0.000348494 0.0160773 -0.00202548
internal_weight=18684.8 17370.5 17093.3 3501.7 3266.26 2908.63 13591.6 13016.5 1314.36 235.445 5256.56 329.032 277.177 357.63 985.333 575.089 523.955 898.407 7759.93 723.513 708.108 51.1341 247.844 112.269 46.7903 188.655 29.3336 22.3838 190.53 58.8523
internal_count=54941 51288 50574 10034 9296 8371 40540 38963 3653 738 16092 873 714 925 2780 1577 1454 2570 22871 2115 2063 123 624 300 125 613 90 64 516 165
is_linear=0
shrinkage=0.05


Tree=39
num_leaves=31
num_cat=0
split_feature=37 28 12 57 21 44 21 25 36 25 30 34 34 22 25 14 2 0 51 6 27 6 14 14 7 30 21 25 21 33
split_gain=38.1568 48.8631 35.9209 36.413 47.0811 32.4074 34.683 28.3203 30.6316 35.8833 28.1356 26.4601 26.0676 33.1259 22.6241 21.2918 21.2438 21.2198 24.3164 23.3825 20.921 20.9113 20.1182 18.9989 18.8574 18.6539 18.5745 18.2008 18.2161 17.8647
threshold=0.20515000075101855 0.027534999884665016 -0.29231500625610346 1.0000000180025095e-35 24.190000534057621 -0.017450000159442421 21.375000000000004 0.9337500035762788 0.91294997930526745 1.0557499527931216 -0.088714998215436922 161.50000000000003 205.50000000000003 1.7378500103950503 1.7104499936103823 0.92045000195503246 0.00792082352563739 0.62304937839508068 0.099995002150535597 0.55878069996833812 -0.0022350000217556949 -0.1603143438696861 0.010400000028312208 0.59755000472068798 49.44262886047364 -0.035885000601410859 17.545000076293949 3.2942000627517705 24.535000801086429 -0.127250000834465
decision_type=2 2 2 2 2 2 2 2 2 2 2 2 2 2 2 2 2 2 2 2 2 2 2 2 2 2 2 2 2 2
left_child=1 7 5 4 10 6 12 24 27 -10 23 -8 13 -2 29 -3 -16 18 19 -5 -17 -22 -12 -4 25 -1 -19 28 -9 -7
right_child=2 15 3 17 -6 14 11 8 9 -11 22 -13 -14 -15 16 20 -18 26 -20 -21 21 -23 -24 -25 -26 -27 -28 -29 -30 -31
leaf_value=0.011929129384010034 -0.0091418084070992011 0.012333599640668567 0.033040172542897206 0.0032927002077668566 0.027448977922417683 -0.0055936744636607746 0.0055749579505251015 0.0018937009622203604 -0.051637760177726914 0.0088764379541657144 0.059508682707599583 -0.037734442732708165 0.0063078246014293933 0.022950141231884338 -0.068986464717181631 0.013634223052958111 -0.007474148056103332 0.0068504689181886668 -0.029917063470980179 0.024423308081416274 -0.010868173648860415 0.037424002855501341 -0.0043710894867527959 0.0043587402991190436 0.012818098631478599 -0.0035088066375485632 0.018658688925323862 -0.066985819371919747 0.07749112779243339 0.0093861664447333105
leaf_weight=340.18374247848988 87.517012819647789 663.5138124525547 79.750995203852654 6203.2878493368626 136.01608745753765 255.40824337303638 110.4221637994051 536.91162611544132 62.446201346814632 40.311115600168705 12.378888517618178 51.81586092710495 477.21114204823971 990.32333545386791 15.196713447570799 214.57247391343117 183.79862953722477 1555.8436304777861 54.127184897661209 133.7426982074976 24.241495460271835 297.75080865621567 2852.9486431479454 209.18759769201279 1289.4695901572704 460.62240228056908 423.73451115190983 9.4466802775859815 8.0886286497116071 901.6871178150177
leaf_count=965 271 1782 206 18675 350 788 311 1598 290 131 30 174 1386 2624 58 574 565 4457 205 342 71 759 8892 600 3648 1402 1144 36 16 2591
internal_value=0.00553999 0.00990562 0.00437037 0.00310296 -0.00135355 0.00917919 0.0137417 0.00622913 -0.0028241 -0.0278984 -0.00259555 -0.00825727 0.0160369 0.0203444 0.0034014 0.0183226 -0.0121717 0.00485468 0.00345363 0.00373866 0.0257287 0.0337883 -0.00409511 0.0122752 0.00907555 0.00304925 0.00937805 0.00182299 0.00301568 0.00607963
internal_weight=18682 3947.56 14734.4 11661 3290.28 3073.38 1717.29 2747.48 657.204 102.757 3154.27 162.238 1555.05 1077.84 1356.09 1200.08 198.995 8370.74 6391.16 6337.03 536.565 321.992 2865.33 288.939 2090.28 800.806 1979.58 554.447 545 1157.1
internal_count=54941 11272 43669 34901 10078 8768 4766 8086 2071 421 9728 485 4281 2895 4002 3186 623 24823 19222 19017 1404 830 8922 806 6015 2367 5601 1650 1614 3379
is_linear=0
shrinkage=0.05


Tree=40
num_leaves=31
num_cat=0
split_feature=37 35 35 31 30 25 51 36 23 22 33 28 49 54 33 36 55 5 45 9 30 5 33 34 33 2 12 22 29 12
split_gain=42.7736 34.2349 32.0284 43.4128 29.6235 32.1259 25.888 24.9081 23.0672 22.5555 22.2239 21.7369 25.4477 21.7088 21.2076 18.0339 22.1385 17.0049 20.4604 16.6671 27.6 17.5493 16.3049 16.2328 16.1245 15.6928 14.9158 14.447 14.363 14.5098
threshold=1.0000000180025095e-35 3.5000000000000004 22.500000000000004 0.018404999747872356 -0.10499499738216399 1.9776999950408938 0.0056149999145418414 0.4182999879121781 35.444999694824226 0.98295000195503246 0.20404999703168872 0.024884999729692939 0.1589000001549721 1.2511999607086184 -0.33945000171661371 0.13960000127553943 0.10624999925494195 11.714038848876955 0.19164999574422839 1.0000000180025095e-35 -0.035885000601410859 6.7515337467193612 0.10374999791383745 136.50000000000003 0.18124999850988391 0.14257481694221499 -0.33331000804901117 3.887549996376038 -0.034405000507831567 -0.24709499627351758
decision_type=2 2 2 2 2 2 2 2 2 2 2 2 2 2 2 2 2 2 2 2 2 2 2 2 2 2 2 2 2 2
left_child=10 9 3 4 7 -6 22 -3 15 14 24 -12 -13 -8 -2 23 -17 18 25 20 -10 -21 -5 -4 -1 -11 -19 -20 -16 -30
right_child=1 2 8 6 5 -7 13 -9 19 17 11 12 -14 -15 28 16 -18 26 27 21 -22 -23 -24 -25 -26 -27 -28 -29 29 -31
leaf_value=0.0096967927925285802 -0.037316284696033368 0.007448648271604733 0.017173522989852526 -0.0023390763280312626 -0.001736136956631361 -0.016280491422268804 0.0100024980016854 0.051012192379982328 0.027708866215105911 -0.0021404371087898203 0.012161439527426451 -0.013509741301291631 0.039396481987950371 -0.021877380022922926 0.051335987759362239 0.012652860437310379 -0.070069805887288811 0.020147284018034069 0.0058418706476442732 0.0070064593870429823 0.0073224573651026886 -0.0010018332353157391 0.0047848069210067509 0.046328888755158823 -0.041725355457793871 0.027779818457801905 0.0012208143404271552 0.014056313881501886 -0.048552896440807965 0.0080647671905725148
leaf_weight=786.25466901808977 50.051425412297249 288.33769124746323 131.56628106534481 1334.9817830175161 3568.6607376039028 424.87161819636822 1950.2443479448557 37.02554152905941 206.16146394610405 51.849663734436035 251.47097887843847 25.596912801265717 202.84283600747585 54.903500065207481 13.524845555424688 33.075626164674759 10.705873802304266 119.71363231539726 1094.2485185563564 1800.4248921126127 852.72731697559357 1103.3298606574535 2016.368764847517 74.932533010840416 15.546396508812903 283.11842453479767 798.09753987193108 1047.7828341722488 14.892558276653288 47.121005475521088
leaf_count=2209 177 811 362 4116 11039 1368 5603 85 535 155 713 80 525 172 32 95 40 314 3155 5321 2457 3312 5975 180 53 745 2325 2895 53 135
internal_value=0.00497815 0.00432912 0.00321279 0.00162837 -0.00210154 -0.00328351 0.00463577 0.0124061 0.00685157 0.00873315 0.0137934 0.0223036 0.0334683 0.00912959 -0.0120749 0.0215732 -0.00757528 0.00950293 0.011657 0.00592176 0.0112916 0.00396358 0.00194707 0.0277532 0.00869975 0.0231485 0.00368947 0.00986 0.00465001 -0.00553197
internal_weight=18690.4 17408.7 13888.3 9675.39 4318.9 3993.53 5356.5 325.363 4212.92 3520.4 1281.71 479.911 228.44 2005.15 125.59 250.28 43.7815 3394.81 2477 3962.64 1058.89 2903.75 3351.35 206.499 801.801 334.968 917.811 2142.03 75.5384 62.0136
internal_count=55037 51457 41471 29169 13303 12407 15866 896 12302 9986 3580 1318 605 5775 397 677 135 9589 6950 11625 2992 8633 10091 542 2262 900 2639 6050 220 188
is_linear=0
shrinkage=0.05


Tree=41
num_leaves=31
num_cat=0
split_feature=37 15 24 6 54 8 35 35 30 25 5 9 51 6 27 49 22 27 7 1 35 35 35 13 5 2 37 54 3 0
split_gain=38.869 31.9583 37.393 34.0163 26.2815 25.4451 24.1713 42.4209 24.0824 24.2143 23.769 22.559 21.888 22.9748 22.7926 21.4787 20.8445 19.0279 18.8578 25.7269 16.4061 15.8658 20.2004 22.7517 20.9859 19.2296 16.3948 16.2436 17.13 15.8495
threshold=1.0000000180025095e-35 1.0519500374794009 -0.19559500366449353 -0.019750166684389111 0.73614999651908886 -0.0073677301406860343 5.0000000000000009 14.500000000000002 0.074005000293254866 0.17475000023841861 -3.4648634195327754 3.5000000000000004 0.0002150000000256114 0.20143429189920428 0.14952500164508822 0.32975000143051153 6.031750202178956 -0.0084350001998245699 55.447536468505866 -0.33448973298072809 28.500000000000004 22.500000000000004 7.5000000000000009 0.043704999610781677 -7.6974909305572501 0.99211043119430553 -0.22725000232458112 0.99384999275207531 0.37639248371124273 1.6517952680587771
decision_type=2 2 2 2 2 2 2 2 2 2 2 2 2 2 2 2 2 2 2 2 2 2 2 2 2 2 2 2 2 2
left_child=16 2 4 5 18 -4 15 -8 10 -10 -6 12 13 29 -14 -5 21 -18 19 -2 -15 22 23 -1 26 -26 -24 28 -23 -3
right_child=1 11 3 6 8 -7 7 -9 9 -11 -12 -13 14 20 -16 -17 17 -19 -20 -21 -22 27 24 -25 25 -27 -28 -29 -30 -31
leaf_value=-0.035914779589607558 0.00748771531909442 -0.0067148480917865669 0.0022459734792832256 -0.0025053367527687201 0.001091434497572377 -0.027354900986740191 -0.0057819273718202491 0.0029732397592801673 0.020311344203252969 -0.0086310695288864467 0.0094120896994118707 0.00027251034140068756 0.014572967678789262 0.019641495928470074 -0.01576948123294759 0.0092945302871593975 -0.034852301262424126 0.031457209299955678 0.049342981619647543 -0.06547539376547426 -0.041751054085317124 0.040487131429854044 0.050632275358339467 0.019866983049163206 -0.0064103228395929884 0.05519023855419021 0.0068880029627409398 0.032594565992412734 -0.0054030435848576161 0.050302126383986602
leaf_weight=19.418279334902763 19.508746713399887 366.79003767669201 121.4935150295496 514.12672102451324 1090.1003127992153 180.39988087117672 2059.0838247537613 4217.0633492171764 87.03531289100647 425.91374310851097 4036.2497665584087 626.94248268008232 1806.0344420820475 188.93641972541809 64.087959364056587 1543.2531182020903 11.459059625864027 193.63196594268084 7.0829917043447486 31.733911022543907 11.547221347689627 27.559881180524826 32.354434430599213 311.77121941000223 386.53711271286011 13.09823355078697 63.373425349593163 140.94503706693649 77.578932695090771 12.607345566153525
leaf_count=69 56 1100 377 1538 3246 627 6469 12761 240 1306 11598 1834 4927 501 218 4456 37 530 17 119 39 65 72 827 1177 29 178 357 239 28
internal_value=0.00473005 0.0041123 0.00311975 0.00104531 0.00626381 -0.0154424 0.0016426 0.000100837 0.00660916 -0.00372023 0.00764273 0.00873581 0.0109015 0.0024145 0.0135332 0.00634582 0.0131474 0.0277523 -0.0271273 -0.0376974 0.0161055 0.0103549 0.00703683 0.0165964 0.00064551 -0.00439134 0.0216728 0.0214996 0.00662608 -0.00482018
internal_weight=18687.7 17410 14333 8635.42 5697.62 301.893 8333.53 6276.15 5639.3 512.949 5126.35 3076.95 2450 579.881 1870.12 2057.38 1277.73 205.091 58.3256 51.2427 200.484 1072.64 826.553 331.189 495.363 399.635 95.7279 246.084 105.139 379.397
internal_count=55037 51457 42810 26228 16582 1004 25224 19230 16390 1546 14844 8647 6813 1668 5145 5994 3580 567 192 175 540 3013 2352 896 1456 1206 250 661 304 1128
is_linear=0
shrinkage=0.05


Tree=42
num_leaves=31
num_cat=0
split_feature=37 35 28 37 28 6 21 40 33 21 49 24 5 22 37 33 29 27 37 15 21 30 29 28 21 49 31 33 53 27
split_gain=35.3224 28.9708 30.0504 28.1759 28.1882 32.043 27.6644 27.6726 21.8819 21.7631 21.7335 21.9312 20.8796 27.5262 19.9045 19.8691 21.3209 23.1411 18.3641 17.9471 16.1144 15.855 15.6573 15.028 14.8518 14.8328 14.44 14.4143 14.3929 13.6771
threshold=1.0000000180025095e-35 3.5000000000000004 0.022104999981820587 0.75325000286102306 0.041865000501275069 0.077124655246734633 12.139999866485597 1.0000000180025095e-35 0.15394999831914905 21.85999965667725 0.94429999589920055 -0.11566000059247016 41.351701736450202 1.6119499802589419 0.097549997270107283 0.20404999703168872 0.022915000095963482 -0.011685000266879795 3.0685000419616704 1.0946499705314638 16.564999580383304 -0.060334999114274972 0.062729999423027052 0.011574999894946815 20.989999771118168 0.1589000001549721 0.16140500456094745 0.18124999850988391 0.056949999183416374 -0.00070499998400919129
decision_type=2 2 2 2 2 2 2 2 2 2 2 2 2 2 2 2 2 2 2 2 2 2 2 2 2 2 2 2 2 2
left_child=15 12 6 10 5 -5 19 9 -9 -8 11 -4 14 -14 21 27 17 -17 -6 29 -15 -2 28 -19 -24 -25 -23 -1 -16 -3
right_child=1 2 3 4 18 -7 7 8 -10 -11 -12 -13 13 20 22 16 -18 23 -20 -21 -22 26 24 25 -26 -27 -28 -29 -30 -31
leaf_value=0.0086678059710100994 0.056034056914311084 0.013749263773719331 0.0083494293338379696 -0.010246456600246437 0.0032139458510778065 0.0053300855399600056 0.0046804461250201613 -0.010730795855361887 -0.00044143955044390434 -0.059334863760301726 0.020725381049458511 0.0019989556575138344 -0.053651678609449464 -0.0094442804132569835 0.036555333010268594 -0.044774371751381721 0.039113337574722767 -0.0094351251071326022 0.023152663663047732 0.084416770456408746 0.016074747646292731 0.022622677791103232 0.02596877132968475 -0.023135260483987528 -0.027355912284297668 0.0242278193714087 -0.031532236754639245 -0.039936098239799329 0.0067598966198302544 -0.0023908157010791033
leaf_weight=783.85509843379259 33.262860253453255 369.77990186214447 3463.5040006488562 905.25075280666351 2677.9281739294529 519.71739655733109 1022.0920373946428 1159.4396041482687 932.11282227933407 13.451501265168188 256.83758097887039 2238.0367047488689 26.291056543588638 167.47471950948238 41.126096904277802 15.711173772811888 117.49393805861473 45.576149597764015 120.68647354841232 7.7920101284980765 98.098239585757256 148.49075929820538 175.99254973232746 17.575791299343109 14.104002028703688 277.93140776455402 13.421859592199324 15.556999385356901 2802.2467557042837 203.48667152225971
leaf_count=2209 74 1091 9907 2970 7666 1605 3137 3830 2917 52 698 6625 98 508 102 52 316 144 307 16 263 394 444 56 44 750 43 53 8016 650
internal_value=0.00449446 0.00390646 0.00287964 0.00428312 0.00115908 -0.00456535 -0.000974069 -0.00283569 -0.00614528 0.0038489 0.00649759 0.00585667 0.00795775 -0.00484929 0.00911548 0.0125321 0.0206397 0.0145562 0.00407378 0.00904466 -1.79754e-05 0.0245927 0.00811967 0.0172891 0.0220124 0.0214108 0.0181335 0.00772195 0.00719085 0.00802018
internal_weight=18684.3 17410.6 13890.1 10182 4223.58 1424.97 3708.15 3127.1 2091.55 1035.54 5958.38 5701.54 3520.51 291.864 3228.64 1273.7 474.288 356.795 2798.61 581.059 265.573 195.175 3033.47 341.083 190.097 295.507 161.913 799.412 2843.37 573.267
internal_count=55037 51457 41471 29778 12548 4575 11693 9936 6747 3189 17230 16532 9986 869 9117 3580 1318 1002 7973 1757 771 511 8606 950 488 806 437 2262 8118 1741
is_linear=0
shrinkage=0.05


Tree=43
num_leaves=31
num_cat=0
split_feature=37 15 40 21 44 21 21 9 55 53 34 23 51 28 21 21 21 40 28 52 23 29 30 54 55 12 31 16 30 22
split_gain=32.0769 28.1203 34.3526 36.1623 35.9764 28.2629 34.5064 30.4324 25.6778 23.1601 22.4063 28.9821 25.1569 22.9451 21.1101 28.176 21.0216 26.1476 18.9982 18.8631 18.4033 17.799 22.1228 17.7581 16.7411 18.7448 16.0678 14.9555 18.7961 16.449
threshold=1.0000000180025095e-35 1.0519500374794009 1.0000000180025095e-35 25.60999965667725 0.23515000194311145 13.465000152587892 13.394999980926515 2.5000000000000004 -0.20705000311136243 0.12914999574422839 68.500000000000014 33.57500076293946 0.0002150000000256114 0.10293500125408174 14.825000286102297 16.564999580383304 22.729999542236332 2.5000000000000004 0.018494999967515472 1.5000000000000002 61.57500076293946 0.017324999906122688 -0.060334999114274972 1.1167500019073489 -0.16884999722242353 -0.21685999631881711 0.013044999912381174 1.2380500435829165 0.089754998683929457 3.7483999729156499
decision_type=2 2 2 2 2 2 2 2 2 2 2 2 2 2 2 2 2 2 2 2 2 2 2 2 2 2 2 2 2 2
left_child=18 2 4 16 5 6 -2 -7 26 -10 11 -3 13 -12 20 -16 17 -4 -1 27 -13 -21 -23 -18 25 -14 -6 28 29 -20
right_child=1 10 3 -5 8 7 -8 -9 9 -11 12 14 24 -15 15 -17 23 -19 19 21 -22 22 -24 -25 -26 -27 -28 -29 -30 -31
leaf_value=0.0035017909702527404 0.014852822794467084 -0.097334081491252597 0.00027719761622395687 0.020965855442282445 0.039324150598304485 0.0030991983617320203 0.05684981187536408 0.012681992639592701 -0.035888022922047534 -0.0050636873835788491 -0.013191094510487012 0.030481232860746679 0.0086059871345091268 0.043801622406541375 0.0013830615853322537 0.018033971217651976 -0.0098559763285262572 0.010255684627826011 -0.020430917826222916 0.013312861521798889 0.013260028866699417 -0.027364098371676433 0.033316590538003003 -0.063203427394266418 0.0097907322579416679 -0.027052607624370392 0.0041364845785849241 -0.039423991280076537 0.043592664585480993 0.021141966094675859
leaf_weight=437.17193301022053 309.24809855222702 6.0891191810369483 8571.5094656944275 224.02767494320869 44.274363160133362 2084.2346724122763 58.09960725903511 1375.1185366362333 69.427321285009384 498.41167391836643 284.41536293923855 222.79954028129578 76.608976989984512 18.829194486141205 689.0561675131321 402.4545161575079 251.05385880172253 710.96709920465946 58.626420557498932 414.05032609403133 510.81307765841484 15.953981041908262 256.66696909070015 16.632996633648872 792.24900171160698 71.021004602313042 121.39852765202522 20.599217921495438 26.897420689463615 40.046316668391228
leaf_count=1319 872 24 26060 588 114 6097 131 3916 239 1552 877 572 216 43 1997 1075 787 2032 177 1131 1392 50 663 60 2219 232 362 69 65 106
internal_value=0.00427111 0.00371146 0.00278082 0.00110891 0.00636432 0.00830869 0.0214951 0.00690843 -0.00377935 -0.00883245 0.00805067 0.0115676 0.00286994 -0.00965228 0.011931 0.00752247 0.000643111 0.00104147 0.0119425 0.0163731 0.0184901 0.0198449 0.0297655 -0.0131708 0.00691013 -0.00854845 0.01354 6.35779e-05 0.00654134 -0.00355857
internal_weight=18678.8 17408.7 14334.4 9774.19 4560.21 3826.7 367.348 3459.35 733.512 567.839 3074.34 1831.21 1243.12 303.245 1825.12 1091.51 9550.16 9282.48 1270.01 832.841 733.613 686.671 272.621 267.687 939.879 147.63 165.673 146.169 125.57 98.6727
internal_count=55037 51457 42810 29527 13283 11016 1003 10013 2267 1791 8647 5060 3587 920 5036 3072 28939 28092 3580 2261 1964 1844 713 847 2667 448 476 417 348 283
is_linear=0
shrinkage=0.05


Tree=44
num_leaves=31
num_cat=0
split_feature=35 35 51 30 35 21 51 33 37 22 33 54 5 21 21 21 21 40 6 37 6 40 8 43 30 5 5 39 28 5
split_gain=31.553 37.0608 31.3263 28.3399 26.4406 38.9689 23.7994 23.2724 22.3166 21.401 24.5334 21.1696 20.2698 20.1644 19.9192 46.9585 32.7827 30.8366 17.9276 21.3136 16.7174 15.7428 14.9536 14.8248 14.5317 14.4749 15.2037 14.0974 16.6259 13.0846
threshold=3.5000000000000004 22.500000000000004 0.0056149999145418414 0.020015000365674499 7.5000000000000009 17.210000038146976 -0.014704999979585407 0.32125000655651098 0.097549997270107283 0.98295000195503246 -0.27335000038146967 1.3383000493049624 -129.79706573486325 12.614999771118166 19.605000495910648 15.105000019073488 15.675000190734865 1.5000000000000002 0.10571231693029405 1.3009999990463259 0.55878069996833812 1.0000000180025095e-35 0.018123269081115726 6.5000000000000009 0.084075000137090697 8.9330315589904803 8.3373317718505877 0.055250000208616264 0.044205000624060638 2.5805083513259892
decision_type=2 2 2 2 2 2 2 2 2 2 2 2 2 2 2 2 2 2 2 2 2 2 2 2 2 2 2 2 2 2
left_child=8 2 3 4 5 -2 22 -6 -1 10 -10 23 -5 -14 15 17 -17 -8 19 -16 25 -12 29 -4 -20 26 -11 -24 -29 -3
right_child=1 6 11 12 7 -7 14 -9 9 20 21 -13 13 -15 18 16 -18 -19 24 -21 -22 -23 27 -25 -26 -27 -28 28 -30 -31
leaf_value=0.017972971250832206 0.0089155158301795542 0.027716198478397777 0.0054022452658334785 -0.073379650884724174 -0.0096538959498970525 -0.048030736529921847 0.012189646757885355 0.00025474433576931041 -0.045384701111580099 0.008606089094281285 -0.044616420790608784 -0.037141263689107772 0.010500901259858907 0.00072865707992924428 0.014665236574477464 -0.033987807280053191 -0.002335606125633848 0.0022515380014196868 0.047046502633465818 -0.023734117251666832 0.035372973079674699 0.017280158596816853 0.052041805672022781 -0.049671668623920751 0.0021065740721642667 0.0019377596749351707 0.038415898601503462 -0.068502643258272641 0.018183984086990259 0.074581581470452532
leaf_weight=499.58973490446806 532.21610643714666 38.68824066221714 3873.2202626019716 8.7769197821617109 1716.1185480058193 31.839160114526749 1718.7261843234301 905.14156415313482 41.688734263181686 2098.0701094716787 13.012173309922217 29.706252574920654 661.83077345788479 2608.203860014677 391.61365764588118 94.010127887129784 630.07442572712898 1429.9456605538726 68.845842778682709 39.810303032398224 52.379497110843658 48.796047449111938 10.579354256391523 12.257691115140913 24.35083994269371 1003.9481325149536 43.663241073489189 9.4574455320835131 13.323444724082945 24.215576931834221
leaf_count=1353 1575 99 11340 35 5480 114 4884 2754 154 5935 45 99 1913 7857 1077 317 1895 4287 165 124 128 135 25 48 70 2900 108 36 35 50
internal_value=0.00405878 0.00301974 0.00137747 -0.000760299 -0.00411919 0.00570108 0.00681302 -0.00623237 0.00812426 0.00663395 -0.0157433 0.00490702 0.00250281 0.00270649 0.00627463 0.00503606 -0.00644511 0.00767633 0.0154178 0.0111219 0.00735814 0.00424938 0.0314064 0.0052285 0.0353044 0.00689165 0.00921382 0.00434595 -0.0178038 0.0457576
internal_weight=18674.1 14873 10379.3 6464.13 3185.32 564.055 4493.64 2621.26 3801.15 3301.56 103.497 3915.18 3278.81 3270.03 4397.38 3872.76 724.085 3148.67 524.621 431.424 3198.06 61.8082 96.2641 3885.48 93.1967 3145.68 2141.73 33.3602 22.7809 62.9038
internal_count=55037 44279 31215 19728 9923 1689 13064 8234 10758 9405 334 11487 9805 9770 12819 11383 2212 9171 1436 1201 9071 180 245 11388 235 8943 6043 96 71 149
is_linear=0
shrinkage=0.05


Tree=45
num_leaves=31
num_cat=0
split_feature=0 49 30 3 35 23 49 7 22 30 12 1 35 36 0 53 0 37 33 0 53 44 45 3 12 52 1 12 49 30
split_gain=26.8271 34.345 32.9114 22.5261 21.5127 38.3352 38.4633 28.8928 38.4189 40.3216 24.1275 26.6341 22.5588 22.3679 22.1962 19.7879 18.8301 17.7843 17.0722 16.6861 16.5671 23.1807 16.4782 16.1462 15.6423 15.3273 17.082 22.9909 16.868 17.2232
threshold=0.44084008038043981 0.2978499978780747 -0.12512499839067456 1.9622724056243899 23.500000000000004 42.225000381469734 0.49220000207424169 43.351530075073249 3.6010500192642216 -0.035885000601410859 -0.82429999113082875 -0.53656983375549305 2.5000000000000004 0.7414500117301942 0.37822224199771887 0.23584999889135363 0.26327009499073034 0.45765000581741339 2.5446500778198247 0.95851030945777904 0.23754999786615374 -0.56595000624656666 0.58535000681877147 2.2334600687026982 -0.1598049998283386 4.5000000000000009 -0.069484878331422792 -0.042785000056028359 0.50099998712539684 0.013174999970942737
decision_type=2 2 2 2 2 2 2 2 2 2 2 2 2 2 2 2 2 2 2 2 2 2 2 2 2 2 2 2 2 2
left_child=4 2 20 18 7 6 -6 8 9 13 -9 -12 -13 -1 -11 -8 17 -10 -4 25 -2 -22 -18 -5 -17 26 -3 -28 29 -27
right_child=1 19 3 23 5 -7 15 10 16 14 11 12 -14 -15 -16 24 22 -19 -20 -21 21 -23 -24 -25 -26 28 27 -29 -30 -31
leaf_value=-0.0068512039806465572 0.031022237183661924 0.014454756870184375 0.00060835298789018604 0.026193574149267675 -0.037741537435967455 0.0042902663389629853 -0.015891857077357175 -0.021234475248100397 0.0073790252043824016 -0.029755812429351117 0.048050330587821155 0.0086710402104565164 0.0015479363878155234 0.026495745131871886 0.013672108601334108 0.037408684653236011 0.032452172197551581 -0.014722047175927589 -0.054901140242053281 0.030937133330037697 -0.077415834972610717 0.021247887248902569 0.005364807462027504 0.0066656094607471534 0.0046894469546419036 -0.00076755756411677487 0.0030617151607502642 0.015854616500152973 0.029328886126973281 0.019077210985118755
leaf_weight=416.59165042638779 147.23524521291256 732.56991237401962 3041.8136174082756 130.41313217580318 23.923182502388954 1802.0791693031788 23.386351585388184 103.55476707220078 199.24699275940657 301.21055941283703 32.762559175491333 1364.4584036916494 5996.039522446692 57.190065234899521 32.607715517282486 223.84209579229355 88.375691294670105 167.57840520143509 13.914796724915503 92.109569743275642 8.9457892179489154 17.796087339520454 153.95270568132401 562.02471472322941 43.652278214693069 179.86835713684559 1747.3094617277384 439.55148150026798 180.77681018412113 278.82329806685448
leaf_count=1290 367 2021 8995 339 84 5351 76 340 581 1041 81 3881 18203 156 93 561 228 536 49 228 33 46 459 1566 131 533 5077 1198 466 759
internal_value=0.00414473 0.00643621 0.00318753 0.00220075 0.00257147 0.00710251 0.0232011 0.0014954 -0.00505292 -0.0122038 0.0027329 0.00306861 0.00286839 -0.0028259 -0.0255137 0.0282133 0.00442755 -0.0027175 0.000355581 0.00992616 0.0244466 -0.0117575 0.0152434 0.0103435 0.0320692 0.00938237 0.00784667 0.00563304 0.0163934 0.0112954
internal_weight=18603.6 7573.15 3922.14 3748.17 11030.5 2116.88 314.804 8913.57 1416.75 807.6 7496.82 7393.26 7360.5 473.782 333.818 290.881 609.154 366.825 3055.73 3651.01 173.977 26.7419 242.328 692.438 267.494 3558.9 2919.43 2186.86 639.468 458.692
internal_count=54769 21677 11395 10949 33092 6203 852 26889 4384 2580 22505 22165 22084 1446 1134 768 1804 1117 9044 10282 446 79 687 1905 692 10054 8296 6275 1758 1292
is_linear=0
shrinkage=0.05


Tree=46
num_leaves=31
num_cat=0
split_feature=0 49 30 29 13 21 1 30 22 7 57 9 27 40 24 24 40 21 44 44 31 25 45 21 55 21 30 21 25 0
split_gain=24.2274 30.9873 29.8431 23.4879 19.2668 29.7931 26.5811 26.457 27.5704 26.0992 22.5583 22.2095 21.3247 20.3105 27.0802 28.9911 19.6001 26.2583 21.9424 18.7575 19.4434 17.9924 17.4595 16.5907 15.3165 16.0848 15.3187 15.2637 15.2333 14.9489
threshold=0.44084008038043981 0.2978499978780747 -0.12512499839067456 0.033634999766945846 0.56683000922203075 12.780000209808351 0.14898254722356799 -0.088714998215436922 15.384849548339846 63.676296234130866 1.0000000180025095e-35 1.0000000180025095e-35 -0.0042250000406056634 1.5000000000000002 -0.051404999569058411 -0.19559500366449353 2.5000000000000004 20.400000572204593 -0.17115000635385511 0.68244999647140514 0.13979499787092212 0.46285000443458563 0.23375000059604648 26.694999694824222 0.51469999551773082 10.919999599456789 0.036665000021457679 15.105000019073488 0.2629500031471253 0.95851030945777904
decision_type=2 2 2 2 2 2 2 2 2 2 2 2 2 2 2 2 2 2 2 2 2 2 2 2 2 2 2 2 2 2
left_child=4 2 -2 21 6 12 13 -7 10 11 -9 27 -6 14 15 -1 18 -18 -15 20 -11 -4 -14 -23 25 -5 -26 -8 -3 -30
right_child=1 28 3 24 5 7 9 8 -10 19 -12 -13 22 16 -16 -17 17 -19 -20 -21 -22 23 -24 -25 26 -27 -28 -29 29 -31
leaf_value=0.0074280793659309121 0.023310624425768273 -0.069991437681281285 0.067021147217816116 -0.052434049592955639 0.026686333195084434 0.029929323595123604 0.020432265158173722 -0.0084644932189453705 0.021380188403398902 -0.023048490075467637 0.0032178830603864666 -0.0039021617300350024 0.023179522490739662 -0.013245351072965797 0.017978807883605754 -0.0020167172555099798 0.021514592724489807 -0.0042186616027181699 -0.00029693345647841988 0.02058839288135204 4.3407897603531534e-05 -0.00096120720979681995 0.0038251722384380301 0.019796173478204195 0.03765244329692749 0.01196572887497001 -0.03337485870071024 -0.007842075113921116 0.0090471444786878134 0.029478610030004172
leaf_weight=1947.1275662630796 173.36074104905128 6.0274711102247229 9.9738264232873899 9.8188827633857709 230.61352986097336 87.546546623110771 180.29381411522627 534.75257261097431 170.5808617323637 337.01401671022177 1818.2609025985003 966.42285444587469 157.15502244234085 432.50612057745457 356.78293240815401 1394.3058030381799 201.32486094534397 195.29726399481297 1343.5569234266877 36.167667374014854 124.9570769816637 2808.2264761552215 450.69056823849678 99.679994747042656 9.5947891324758512 773.958212018013 36.353439971804619 64.920216277241707 3552.8604996949434 91.840441331267357
leaf_count=5642 446 22 21 34 606 224 503 1654 456 1158 5357 3024 421 1399 1037 4315 551 586 4166 102 370 8379 1322 264 23 2111 117 199 10032 228
internal_value=0.00393781 0.00611573 0.00302928 0.00209108 0.00244279 0.00554058 0.00103314 0.00290747 0.00197004 -0.00445324 0.000562913 -0.000492257 0.0137407 0.00263093 0.00488507 0.00348698 -0.00120593 0.0088435 -0.00345013 -0.0140877 -0.0168024 -1.97225e-05 0.00882913 -0.000249666 0.00951412 0.011159 -0.0185431 0.0129467 0.00943064 0.00956198
internal_weight=18602 7571.69 3920.97 3747.61 11030.3 3449.6 7580.68 2611.14 2523.59 1709.78 2353.01 1211.64 838.459 5870.9 3698.22 3341.43 2172.69 396.622 1776.06 498.139 461.971 2917.88 607.846 2907.91 829.725 783.777 45.9482 245.214 3650.73 3644.7
internal_count=54769 21677 11395 10949 33092 10040 23052 7691 7467 5356 7011 3726 2349 17696 10994 9957 6702 1137 5565 1630 1528 8664 1743 8643 2285 2145 140 702 10282 10260
is_linear=0
shrinkage=0.05


Tree=47
num_leaves=31
num_cat=0
split_feature=28 37 14 39 22 28 51 49 16 37 8 21 25 3 45 51 33 1 51 29 45 31 5 7 21 33 22 49 29 14
split_gain=24.3415 40.2657 31.6566 22.844 22.5282 22.2595 25.8097 25.5144 22.7137 26.4752 22.0691 21.8189 21.4484 20.4885 20.3145 19.5847 19.3213 19.2758 19.0166 19.9045 18.8174 17.8346 21.337 19.4182 17.5628 17.5088 19.0132 17.4133 16.2442 16.003
threshold=0.015624999534338714 0.26624999940395361 0.99414998292922985 0.053549999371171005 5.966599941253663 0.048004999756813056 0.049935000017285354 0.0835000015795231 0.87514999508857738 0.72214999794960033 -0.031958401203155511 13.734999656677248 1.7818000316619875 0.56774172186851513 0.10914999991655351 0.00089500000467523943 -0.02515000011771917 -0.0095937848091125471 0.0050749999936670074 0.035554999485611923 0.10005000233650209 -0.0086849997751414759 3.3729832172393803 67.620841979980483 16.760000228881839 -2.598250031471252 3.2729500532150273 0.15085000544786456 0.029745000414550308 6.5528500080108651
decision_type=2 2 2 2 2 2 2 2 2 2 2 2 2 2 2 2 2 2 2 2 2 2 2 2 2 2 2 2 2 2
left_child=4 2 13 -4 12 8 25 -8 10 15 -3 27 18 16 -13 -10 -2 -12 21 28 -6 22 -1 -23 -11 26 -7 -5 -20 -9
right_child=1 5 3 11 20 6 7 29 9 24 17 14 -14 -15 -16 -17 -18 -19 19 -21 -22 23 -24 -25 -26 -27 -28 -29 -30 -31
leaf_value=-0.0054015733000659892 0.0053712496083468016 0.0080568685636557003 0.030226803393848874 -0.042159817684746609 -0.033555031060560618 -0.035318770961483469 0.031029940776183519 -0.027840264296355055 -0.00021354128856441491 0.00011207949460366764 -0.0094020605863767408 -0.072559241157578669 -0.042015840408076231 0.00073074739439309437 0.016865295704319685 0.0061061780884147446 0.017911306478311788 -0.041484151308638285 0.0064941425630876265 -0.045298764684014191 0.017526759322565002 0.0027412987072188383 -0.027380012360394695 -0.014887225138671406 -0.0098411919902024209 0.0076858257357737885 0.0062324185272886364 0.0033934495692660386 0.055959572573572827 0.012588182105063211
leaf_weight=319.50444523990154 858.94985596835613 93.289202108979225 214.87477993965149 23.310181438922882 19.664303541183472 50.026294901967049 29.038755536079407 126.20566104352474 1795.4463022053242 2287.149912238121 125.27913528680801 6.4006908535957328 34.735935747623444 1139.3235121965408 815.74409987032413 3864.7317352592945 478.16659107804298 74.758473142981529 435.25491078197956 17.954719960689545 216.77599910646677 707.91826222836971 168.75329980254173 200.44411476701498 549.72920453548431 3626.4789238423109 61.226654902100563 209.76600094139576 17.255155503749847 30.367116630077362
leaf_count=1015 2458 266 552 81 67 163 78 458 5450 7092 385 25 129 3326 2237 11381 1289 259 1316 64 620 2170 585 681 1746 9966 168 619 41 82
internal_value=0.00374161 0.00439357 0.00894911 0.0153669 -0.0012771 0.00305112 0.00618272 -0.0120157 0.00165341 0.00212564 -0.012026 0.0123409 -0.00308669 0.00565763 0.0161691 0.00410152 0.0098557 -0.0213918 -0.00236243 0.00633176 0.0132784 -0.00529116 -0.0129978 -0.00114871 -0.00181666 0.00708644 -0.0124516 -0.00116238 0.00838036 -0.0199992
internal_weight=18598.5 16460.3 3746.54 1270.1 2138.26 12713.7 3923.34 185.612 8790.38 8497.06 293.327 1055.22 1901.82 2476.44 822.145 5660.18 1337.12 200.038 1867.08 470.465 236.44 1396.62 488.258 908.362 2836.88 3737.73 111.253 233.076 452.51 156.573
internal_count=54769 48081 10587 3514 6688 37494 10915 618 26579 25669 910 2962 6001 7073 2262 16831 3747 644 5872 1421 687 4451 1600 2851 8838 10297 331 700 1357 540
is_linear=0
shrinkage=0.05


Tree=48
num_leaves=31
num_cat=0
split_feature=28 51 43 31 23 14 18 35 14 40 27 6 12 23 51 18 35 28 52 55 39 49 34 8 8 15 34 12 57 5
split_gain=22.5604 26.5186 22.8225 20.9041 28.8147 27.0079 21.2151 19.7459 27.5051 19.3635 17.3499 16.3829 16.1144 15.5275 34.4669 21.0611 18.8898 17.9823 22.6672 17.1886 15.2272 18.3655 15.205 14.9219 14.2651 18.267 14.0329 13.7847 13.278 12.8974
threshold=0.0316349994391203 0.027859999798238281 8.5000000000000018 0.022104999981820587 69.83499908447267 0.010400000028312208 0.94144999980926525 1.0000000180025095e-35 0.28984999656677252 1.0000000180025095e-35 0.0021249999990686779 0.01791281066834927 -0.007945000194013117 38.594999313354499 -0.0085950000211596472 1.0056499838829043 23.500000000000004 0.10293500125408174 2.5000000000000004 0.39315000176429754 0.50769999623298656 0.92465001344680797 156.50000000000003 0.090295791625976576 0.022815763950347904 1.0181500315666201 93.500000000000014 -0.24471499770879743 1.0000000180025095e-35 35.826107025146491
decision_type=2 2 2 2 2 2 2 2 2 2 2 2 2 2 2 2 2 2 2 2 2 2 2 2 2 2 2 2 2 2
left_child=1 2 3 4 5 -1 -5 8 -2 24 26 28 -8 14 -9 17 19 18 -15 -16 21 -17 -19 -13 25 -10 -3 -18 -11 -22
right_child=7 10 -4 6 -6 -7 12 13 9 11 -12 23 -14 15 16 20 27 22 -20 -21 29 -23 -24 -25 -26 -27 -28 -29 -30 -31
leaf_value=0.051990514092394857 -0.04228819104711129 -0.046073165038887726 -0.055978920079968957 0.052956074632082531 -0.04371439640481499 -6.2958876037263004e-06 0.0051612950260116267 0.044538644590048103 0.024251443439512084 0.0081395690266778016 -0.080414931851172211 -0.0092323127095496962 -0.0069915715310260307 -0.0065435024131230007 0.0057254681935006296 0.0038443443657991032 0.033141863690632309 0.024954317837297652 0.0034382652378251951 -0.039218017051801515 0.016149500504536809 0.016220306290464313 -0.016978079525723413 0.027729391273342265 0.041969340667172027 -0.033426448084514351 0.02092137210883728 -0.0024017822337464938 0.035694901859132697 0.00082255605943779518
leaf_weight=25.100253015756607 20.752631306648254 16.764233887195591 16.913235560059547 22.584322839975357 37.539888590574265 4939.8327071219683 4210.984610453248 71.565392881631851 95.804026320576668 104.32051073014736 14.856709972023962 137.81108303368092 291.66218322515488 990.05599042773247 536.2424423545599 4098.2374039292336 108.46074564754963 118.81597472727299 1336.5557007193565 22.152691811323166 569.26545344293118 323.42414258420467 26.426975443959236 34.053635403513908 100.1268902271986 16.023363947868347 14.644535362720488 36.443627178668976 75.256456106901169 180.86496947705746
leaf_count=59 74 59 86 56 156 15115 12498 167 245 290 60 414 942 2985 1511 11795 266 329 3875 74 1518 881 86 87 238 52 40 107 185 519
internal_value=0.00355546 0.00186805 0.0020511 0.00215412 -7.33955e-05 0.000256574 0.00461655 0.00535311 0.0142426 0.0163249 -0.035895 0.00912631 0.00437408 0.00473628 0.0114806 0.00405258 0.00811676 0.000256201 -0.000809332 0.00394247 0.00586706 0.00474959 0.0173247 -0.00190864 0.028261 0.015987 -0.0148365 0.0242026 0.0196874 0.012454
internal_weight=18593.5 9590.88 9544.62 9527.7 5002.47 4964.93 4525.23 9002.66 584.149 563.396 46.2655 351.442 4502.65 8418.51 774.865 7643.65 703.3 2471.85 2326.61 558.395 5171.79 4421.66 145.243 171.865 211.954 111.827 31.4088 144.904 179.577 750.13
internal_count=54769 29071 28912 28826 15330 15174 13496 25698 1585 1511 159 976 13440 24113 2125 21988 1958 7275 6860 1585 14713 12676 415 501 535 297 99 373 475 2037
is_linear=0
shrinkage=0.05


Tree=49
num_leaves=31
num_cat=0
split_feature=37 33 28 28 43 21 9 21 27 21 51 0 28 13 44 7 12 28 35 37 13 15 21 34 21 12 52 13 45 6
split_gain=23.1089 37.5048 33.8528 25.7895 23.8933 23.5428 32.0562 22.9825 22.6504 21.6486 21.2435 21.4448 20.0984 18.3195 20.8471 17.3824 16.7152 21.7702 19.359 16.3746 31.3918 16.1302 15.6161 26.7285 24.2181 23.1717 20.9562 17.7864 15.0791 14.1662
threshold=0.39274999499320989 0.10965000092983247 0.038465000689029701 0.048004999756813056 6.5000000000000009 12.719999790191652 2.5000000000000004 11.654999732971193 0.012335000094026329 19.989999771118168 0.049935000017285354 1.1454142332077029 0.04763500019907952 1.7448950409889223 -0.16395000368356702 68.44525527954103 -0.0090049998834729177 0.013174999970942737 10.500000000000002 1.0000000180025095e-35 0.71525999903678905 1.0122500061988833 14.199999809265138 158.50000000000003 14.265000343322756 -0.084734998643398271 2.5000000000000004 2.3616900444030766 0.64824998378753673 0.55878069996833812
decision_type=2 2 2 2 2 2 2 2 2 2 2 2 2 2 2 2 2 2 2 2 2 2 2 2 2 2 2 2 2 2
left_child=1 2 4 12 5 6 -1 28 22 -7 29 -12 13 16 21 19 17 -2 -18 -10 -21 -15 23 27 -24 -25 -26 -3 -4 -5
right_child=3 8 7 10 -6 9 -8 -9 15 -11 11 -13 -14 14 -16 -17 18 -19 -20 20 -22 -23 24 25 26 -27 -28 -29 -30 -31
leaf_value=0.016072659533139359 -0.01576843234409608 0.0092929490071404323 0.013794796956331951 0.0054658920070098163 -0.050262891675471932 -0.0023986192649617017 -0.011072349170632718 0.014125558629326513 0.034078561574219388 0.011273656940545948 -0.019175367638443519 0.027527107864187734 -0.031085472575268266 -0.036429841653646579 0.019151757575023992 0.057931301485469225 0.0045692931096928532 0.0010215182669572986 -0.018470144986213282 0.027295089032610572 -0.035735461516644466 0.042305170637943042 0.050656218499040333 -0.0077247465765009531 0.0020345291357668082 -0.072571564590956636 0.013503534880917344 -0.03062956137097363 -0.059959530622411675 0.020747750954710556
leaf_weight=471.32727172225714 199.09817330539227 727.36283005774021 11.360679969191553 3381.570216268301 22.990856155753136 2708.0404683202505 141.38602873682976 703.28016665577888 88.834506347775459 324.18598848581314 149.61298742890358 29.412211641669273 51.027966529130936 31.459198698401451 226.13952194154263 34.651593253016472 143.29300282895565 6371.4525991529226 250.68121460080147 51.806337878108025 31.928316786885262 8.2005984634160978 37.847663328051567 202.41221335530281 554.17020882666111 14.781926818192003 1415.9811660796404 29.012097656726837 17.770057141780853 158.76932129263878
leaf_count=1329 677 2084 30 9379 110 8253 446 1871 275 902 522 78 168 106 613 81 434 19399 841 130 103 20 88 615 1612 60 3982 93 62 406
internal_value=0.00337842 0.00550086 0.00250869 0.00191419 0.000548981 0.000869482 0.00980884 0.0123229 0.00962989 -0.000936868 0.00530148 -0.0115026 0.00018394 0.000404624 0.0132876 0.0256145 -8.70528e-05 0.000512756 -0.0100904 0.0191253 0.00326132 -0.0201495 0.00851895 0.0033222 0.0110386 -0.0121381 0.0102775 0.00776165 -0.0311961 0.00615122
internal_weight=18589.8 7589.13 4400.34 11000.7 3667.93 3644.94 612.713 732.411 3188.79 3032.23 3719.36 179.025 7281.35 7230.32 265.799 207.221 6964.52 6570.55 393.974 172.569 83.7347 39.6598 2981.57 973.569 2008 217.194 1970.15 756.375 29.1307 3540.34
internal_count=54769 22126 13003 32643 11040 10930 1775 1963 9123 9155 10385 600 22258 22090 739 589 21351 20076 1275 508 233 126 8534 2852 5682 675 5594 2177 92 9785
is_linear=0
shrinkage=0.05


Tree=50
num_leaves=31
num_cat=0
split_feature=37 9 31 5 30 33 45 44 13 31 31 22 21 45 53 30 37 33 3 15 29 21 0 23 2 44 44 21 39 49
split_gain=29.563 24.2152 30.4138 28.6995 29.3639 24.2845 22.28 21.955 21.3487 20.9395 20.2689 23.2463 26.4302 18.7084 17.2999 16.0664 15.6412 15.3646 39.1556 15.3561 15.8194 15.0765 14.8076 14.7731 14.4608 14.0484 13.4983 13.5266 12.4969 11.9635
threshold=1.0000000180025095e-35 1.0000000180025095e-35 0.15861999988555911 -91.769844055175767 -0.091894999146461473 -0.61190000176429737 8.7532000541687029 0.57625001668930065 42.853750228881843 -0.048605000600218766 -0.097249999642372117 2.9327999353408818 21.894999504089359 5.5449998378753671 0.43524999916553503 -0.0066449998412281266 -0.83680000901222218 -0.079149998724460588 0.36282445490360266 0.94784998893737804 1.5714399814605715 10.844999790191652 0.91466611623764049 85.384998321533217 0.8340173363685609 -0.61590000987052906 0.34614999592304235 16.695000648498539 0.18914999812841418 0.96814998984336864
decision_type=2 2 2 2 2 2 2 2 2 2 2 2 2 2 2 2 2 2 2 2 2 2 2 2 2 2 2 2 2 2
left_child=8 5 3 6 14 7 24 15 13 -6 11 28 -13 16 -5 25 -1 22 -19 -4 23 -12 -18 -21 -3 -2 27 -15 -7 -17
right_child=1 2 19 4 9 10 -8 -9 -10 -11 21 12 -14 26 -16 29 17 18 -20 20 -22 -23 -24 -25 -26 -27 -28 -29 -30 -31
leaf_value=0.034475908273934722 -0.053788667420601489 -0.053430647696992697 -0.027627937228972162 0.0092478300663216655 -0.0036158029672385128 0.042760456452702385 0.027721750624604594 -0.088052444755423065 0.033397497916304995 0.0019178629725801193 -0.057330485709837391 0.019534389231547489 -0.022873152984849304 -0.008260948083950689 0.035616623756018699 -0.017468532907170726 -0.0014122107778081377 0.050820818532577743 0.010006279997491353 0.010349771990903818 -0.029288153848977972 0.006975292406924182 0.029784677565888304 -0.01717230039961384 -0.013497718374627746 0.0097175412883461834 0.032517836206442739 -0.055501608765657275 -0.012740182792423114 0.054457083835110137
leaf_weight=66.540356755256653 9.1693809777498227 47.351449519395828 29.234893068671227 497.51583489775658 2093.725787460804 107.75786086916924 17.217818066477776 7.8982120007276526 98.095493763685226 9316.8405824005604 9.1436222940683347 160.539595246315 47.645518437027931 60.558459043502808 71.089787527918816 162.14227107167244 359.55675931274891 66.106272727251053 529.00686874240637 1628.6950616240501 26.668477639555931 2875.1452021449804 42.53643810749054 50.263180166482925 43.495804026722908 173.17717590928078 14.366684347391127 20.209816366434097 11.196376547217367 5.995114177465438
leaf_count=164 32 178 95 1376 6371 258 48 31 291 27961 33 422 150 178 177 513 1067 149 1508 4507 97 8253 106 154 138 487 35 70 34 14
internal_value=0.00359559 0.0030604 0.00211225 0.00122369 0.0014551 0.00673157 -0.0244279 -0.00561334 0.0110006 0.00090249 0.00810921 0.019904 0.00982894 0.00910481 0.0125446 -0.00375556 0.0110047 0.0094385 0.01454 0.00830309 0.00891896 0.00677143 0.00188803 0.00952584 -0.0343116 0.0065241 -0.0121383 -0.0200815 0.0375365 -0.0149039
internal_weight=18648.9 17391.9 13822.1 12087.2 11979.2 3569.81 108.065 358.382 1256.98 11410.6 3211.43 327.139 208.185 1158.88 568.606 350.484 1063.75 997.206 595.113 1734.86 1705.63 2884.29 402.093 1678.96 90.8473 182.347 95.135 80.7683 118.954 168.137
internal_count=54897 51329 41102 36249 35885 10227 364 1077 3568 34332 9150 864 572 3277 1553 1046 2994 2830 1657 4853 4758 8286 1173 4661 316 519 283 248 292 527
is_linear=0
shrinkage=0.05


Tree=51
num_leaves=31
num_cat=0
split_feature=37 21 31 7 31 9 21 5 3 37 12 27 1 0 31 35 43 12 16 29 21 51 45 37 27 14 29 29 12 12
split_gain=26.8458 23.2623 24.3311 28.706 35.9123 27.2227 41.9253 29.1581 26.4614 23.8984 24.644 21.9253 22.3163 17.337 16.805 15.715 14.1438 13.7548 13.5952 13.5569 14.8878 14.296 13.1855 15.4563 13.2359 24.9023 18.4722 12.5223 11.5625 11.2069
threshold=1.0000000180025095e-35 25.60999965667725 0.17130499333143237 71.48169326782228 0.024725000374019149 1.0000000180025095e-35 21.980000495910648 -91.769844055175767 2.668594598770142 1.0426500439643862 -0.25926499068737024 0.008615000173449518 2.5680679082870488 0.76731848716735851 104.09226989746095 27.500000000000004 7.5000000000000009 -0.23602499812841413 1.0838499665260317 0.099759999662637724 11.654999732971193 -0.003144999966025352 5.5449998378753671 -0.83680000901222218 -0.0039649999234825364 0.51344999670982372 0.016785000450909141 -0.01995499990880489 -0.29854500293731684 -0.087224997580051408
decision_type=2 2 2 2 2 2 2 2 2 2 2 2 2 2 2 2 2 2 2 2 2 2 2 2 2 2 2 2 2 2
left_child=11 2 3 5 -5 6 -2 -7 -6 15 -11 16 -13 18 19 17 22 27 -12 20 -4 -21 23 -1 25 -24 -26 -3 -25 -16
right_child=1 9 14 4 8 7 -8 -9 -10 10 13 12 -14 -15 29 -17 -18 -19 -20 21 -22 -23 24 28 26 -27 -28 -29 -30 -31
leaf_value=0.034013584218757886 0.0084224109144691913 0.036697036320769108 -0.0080657764635074843 -0.060034605088694543 -0.0093576429413423975 -0.024907906839336646 -0.014237382867667431 0.001679477981157206 0.012756930860913441 -0.084384011980176005 -0.0039514067048578216 0.034683219751890378 0.00030035676581528347 0.034621629329132993 -0.07321043002269359 -0.034933987532012566 -0.057173989644528279 0.038605795057792568 -0.098186123488964008 -0.028234993531448378 0.0085579865901185548 0.022561025770417222 0.060233529102936348 0.01987828538898212 -0.061501146347546422 -0.022757976907412908 0.034202773836546733 -0.0011786258765759368 0.0050955730147181633 -0.0056315299895766816
leaf_weight=59.953452885150909 2804.114358663559 34.828798472881317 148.93827491998672 30.579093798995018 666.20702196657658 104.07128995656967 220.15527904033661 11293.891689583659 169.7304559648037 9.9493516981601697 12.9388395100832 160.07241135835648 66.923613592982292 21.076220631599426 10.045423805713655 10.636459097266195 8.4170573130249959 119.09709626436234 5.4351454973220816 14.724779888987539 1407.1285026520491 233.54597392678261 13.613885372877119 161.68275441229343 21.82759286463261 26.896770372986794 6.5564374327659598 58.437280789017677 727.28320249915123 15.759108439087866
leaf_count=147 7980 85 442 129 2117 354 687 33772 461 38 38 469 186 52 41 34 57 289 22 46 3916 605 29 422 78 83 16 168 2081 53
internal_value=0.00341678 0.00290748 0.0026768 0.00202462 -0.00681429 0.00255568 0.00677286 0.00143672 -0.00486745 0.017404 -0.014062 0.0104846 0.0245464 0.00367325 0.00812505 0.0243745 0.00737418 0.027345 -0.0318267 0.00869802 0.00696685 0.0195483 0.00790798 0.0094414 -0.0132126 0.00513189 -0.0393945 0.0129655 0.00778421 -0.0319393
internal_weight=18644.5 17391.3 17118.9 15288.7 866.517 14422.2 3024.27 11398 835.937 272.399 49.3996 1253.23 226.996 39.4502 1830.14 223 1026.23 212.363 18.374 1804.34 1556.07 248.271 1017.81 948.919 68.8947 40.5107 28.384 93.2661 888.966 25.8045
internal_count=54897 51329 50603 45500 2707 42793 8667 34126 2578 726 150 3568 655 112 5103 576 2913 542 60 5009 4358 651 2856 2650 206 112 94 253 2503 94
is_linear=0
shrinkage=0.05


Tree=52
num_leaves=31
num_cat=0
split_feature=12 6 44 44 16 6 13 25 31 8 27 8 1 12 14 12 28 27 7 16 2 23 51 33 2 14 33 6 48 13
split_gain=23.8598 34.7074 29.6677 28.3584 25.6446 25.4348 43.9543 24.2859 24.2441 22.8409 30.0569 22.7909 22.7903 21.8876 23.2512 21.8619 21.2184 21.0093 18.4618 18.2715 18.2713 16.6286 30.0398 18.2941 16.7155 16.489 15.8617 15.7932 16.79 15.3643
threshold=-0.34644499421119684 -0.0051148133352398864 0.36574999988079077 -0.18955000489950177 1.1267499923706057 0.0066379429772496232 0.53144001960754406 0.92575001716613781 0.089409999549388899 -0.0090156495571136457 0.0051349999848753223 0.008725166320800783 -0.094487760215997682 -0.14801499992609021 0.68915000557899486 -0.010075000114738939 0.039735000580549247 0.0039749999996274718 57.732807159423835 0.90195000171661388 0.46247529983520513 23.855000495910648 0.00027499999850988393 0.056549999862909324 0.96840023994445812 2.6693000793457036 -0.14735000580549237 0.14225193113088611 0.86544999480247509 0.31389500200748449
decision_type=2 2 2 2 2 2 2 2 2 2 2 2 2 2 2 2 2 2 2 2 2 2 2 2 2 2 2 2 2 2
left_child=3 2 4 27 13 9 15 19 21 12 -11 -9 -3 14 -2 25 -15 -17 -14 -8 26 22 -5 -24 -23 -7 -10 28 -1 -22
right_child=1 5 -4 8 -6 6 7 11 20 10 -12 -13 18 16 -16 17 -18 -19 -20 -21 29 24 23 -25 -26 -27 -28 -29 -30 -31
leaf_value=0.017038365398503792 -0.008609159239377594 0.015472366301836907 -0.022016273502630253 -0.091124018186668584 0.033417903879463855 -0.0022893945208410987 -0.010833019389169214 -0.005461057901461037 -0.015547958290299868 0.01399544075464638 0.0032791125750100169 0.0049721893241914412 -0.00066804676215625927 -0.023834470276228138 0.0025246505677596607 -0.037372195024466197 0.034813293053525728 -0.0055759310225168141 -0.025302621977267223 0.0080494136476488825 0.061345983220560611 0.0015047737998148186 -0.036323317500264442 0.024505025112414598 0.054170426731292333 0.0090192704047705654 0.014072376749923624 -0.053993733399758131 -0.011943889485816088 0.020365562863971634
leaf_weight=856.48737660050392 653.78394885361195 201.46446335315704 183.93363536894321 13.242720648646353 52.327675923705101 3076.2326827645302 132.91272807121277 887.42861706018448 56.57356870174408 1555.5071800276637 1129.4068143367767 1276.144279435277 676.91335289180279 168.61439102888107 1658.3641033619642 82.033994145691395 16.974930480122566 141.67114706337452 85.68073296546936 3548.5593895465136 31.855187729001045 1359.1672862321138 25.069978579878807 24.381957724690437 15.235102131962774 360.06767144799232 224.75374464690685 8.2864396870136243 53.068333357572556 81.103536486625671
leaf_count=2295 2046 556 603 52 132 9544 407 2683 177 4431 3298 3665 2016 599 4914 308 43 447 279 10123 71 3980 84 63 36 1027 614 29 161 214
internal_value=0.00324746 0.00250327 -0.00262271 0.00754819 -0.00122387 0.00356868 0.00220641 0.00489695 0.00395318 0.00711719 0.00948763 0.000692804 0.000515503 -0.00194961 -0.00062355 -0.00209041 -0.0184703 -0.0172358 -0.00343585 0.0073677 0.0149362 0.000939851 -0.0242425 -0.0063323 0.00208857 -0.00110443 0.00811587 0.0147214 0.0153474 0.0319223
internal_weight=18637.2 15888 2734 2749.23 2550.07 13154 9505.05 5845.05 1831.38 3648.97 2684.91 2163.57 964.059 2497.74 2312.15 3660.01 185.589 223.705 762.594 3681.47 394.286 1437.1 62.6947 49.4519 1374.4 3436.3 281.327 917.842 909.556 112.959
internal_count=54897 47121 8337 7776 7734 38784 28204 16878 5291 10580 7729 6348 2851 7602 6960 11326 642 755 2295 10530 1076 4215 199 147 4016 10571 791 2485 2456 285
is_linear=0
shrinkage=0.05


Tree=53
num_leaves=31
num_cat=0
split_feature=37 21 37 12 12 6 44 12 44 5 6 35 6 27 1 44 1 48 45 2 0 25 12 36 23 34 16 28 34 12
split_gain=24.8838 20.8015 21.473 22.124 20.9634 31.9972 37.0214 36.6988 25.3453 23.6712 23.3076 44.406 39.9363 20.1761 20.8789 17.8964 17.4032 16.9294 20.3309 16.8552 15.7537 15.1211 14.2529 17.8318 14.6726 13.6183 12.0984 11.9496 13.2353 21.2832
threshold=1.0000000180025095e-35 25.60999965667725 1.0426500439643862 -0.25926499068737024 -0.34644499421119684 -0.0034063619095832105 0.36574999988079077 -0.10519500076770781 -0.18955000489950177 3.4749617576599126 0.0066379429772496232 1.0000000180025095e-35 0.22203008085489276 0.008615000173449518 2.5680679082870488 0.79174998402595531 0.026648439466953281 0.60214999318122875 0.11325000226497652 0.14257481694221499 0.76731848716735851 0.084650002419948592 -0.23602499812841413 0.54080000519752514 40.465000152587898 232.50000000000003 1.0838499665260317 0.013975000008940698 93.500000000000014 -0.12005499750375746
decision_type=2 2 2 2 2 2 2 2 2 2 2 2 2 2 2 2 2 2 2 2 2 2 2 2 2 2 2 2 2 2
left_child=13 4 22 -4 8 6 7 -6 17 15 11 -7 -12 25 -15 -10 -8 18 -2 -11 26 -19 23 24 -3 27 -5 28 -1 -30
right_child=1 2 3 20 5 10 16 -9 9 19 12 -13 -14 14 -16 -17 -18 21 -20 -21 -22 -23 -24 -25 -26 -27 -28 -29 29 -31
leaf_value=0.0049802980764754182 0.057953155732040386 0.03097801816321985 -0.079780899673991032 -0.0038700922672493879 -0.0010626073799680572 0.02828490589638117 -0.01392011020512832 -0.052470440723591395 -0.0025056657141244634 0.0013660814358438132 -0.0010248358909177441 0.004801565968580653 0.0060567492004400458 0.033479578820280909 0.00011191601525461631 0.046374291823408707 -0.047095179968038796 0.0049466692911950038 0.014122904807938541 0.017586908236598548 0.03323992934120578 -0.046577889506637438 0.03450276203375581 -0.068820315049267958 -0.0094815852642486861 0.024790014937252618 -0.092486520607785602 0.0081194893486406326 -0.0070224981915302815 -0.066634677688667585
leaf_weight=122.84150087088346 27.412559971213341 55.832514017820358 10.029942393302916 12.943337112665178 2342.1783842295408 215.99889980256557 109.64840486645699 35.238607853651047 1031.3968102782965 283.96016724407673 5803.714403539896 2959.9385612457991 3030.4358971267939 156.88188879191875 66.860823184251785 19.072273030877113 61.819879233837128 48.158912599086761 759.42602328956127 367.30664683878422 20.812549293041229 20.217227905988693 121.40816560387611 6.8538538515567771 37.430449143052101 96.695992045104504 5.4832306355237952 719.63336233049631 65.169632613658905 19.439148545265198
leaf_count=369 61 140 38 38 7101 555 355 141 3083 829 17665 8697 8604 469 186 46 221 136 2053 985 52 71 300 25 111 261 22 1999 196 88
internal_value=0.00308553 0.0025961 0.0163457 -0.0135096 0.00237857 0.00164524 -0.00344289 -0.00182459 0.00655403 0.00302505 0.00272509 0.00639869 0.00140441 0.00990666 0.0235084 -0.0016182 -0.0258808 0.0135761 0.0156499 0.0105144 0.00343002 -0.0102879 0.0229857 0.00901943 0.0147398 0.00693407 -0.0302399 0.00507168 -0.00550102 -0.0207186
internal_weight=18634.2 17386.7 270.794 49.2691 17115.9 14559 2548.89 2377.42 2556.95 1701.74 12010.1 3175.94 8834.15 1247.52 223.743 1050.47 171.468 855.215 786.839 651.267 39.2391 68.3761 221.525 100.117 93.263 1023.78 18.4266 927.084 207.45 84.6088
internal_count=54897 51329 726 150 50603 43339 7818 7242 7264 4943 35521 9252 26269 3568 655 3129 576 2321 2114 1814 112 207 576 276 251 2913 60 2652 653 284
is_linear=0
shrinkage=0.05


Tree=54
num_leaves=31
num_cat=0
split_feature=13 12 23 44 35 35 1 31 28 31 14 12 3 31 5 35 5 55 14 21 1 57 28 25 40 8 39 43 14 27
split_gain=20.8625 28.9806 25.6139 23.495 22.7453 24.3199 36.1124 32.4145 27.2551 21.6988 21.35 25.2978 22.7356 20.5679 20.4793 20.3006 19.9869 18.2088 16.5033 20.5802 15.9275 14.7007 15.8529 15.7292 13.8569 15.6352 15.05 13.3551 14.4075 12.8691
threshold=0.81540498137474071 -0.34644499421119684 19.054999351501468 -0.18955000489950177 7.5000000000000009 22.500000000000004 0.17359686642885211 -0.051054999232292168 0.013174999970942737 0.089409999549388899 0.32064999639987951 -0.018885000608861443 0.18298049271106723 -0.062340000644326203 -5.617262363433837 31.500000000000004 -129.79706573486325 0.10875000059604646 0.69405001401901256 18.98499965667725 -0.53656983375549305 1.0000000180025095e-35 0.10918499901890756 4.3684499263763437 2.5000000000000004 -0.028434991836547848 0.30965000391006475 5.5000000000000009 1.6607499718666079 -0.006834999890998005
decision_type=2 2 2 2 2 2 2 2 2 2 2 2 2 2 2 2 2 2 2 2 2 2 2 2 2 2 2 2 2 2
left_child=1 2 -1 18 10 7 15 8 -6 29 11 14 -12 -8 -3 -7 -9 -11 -4 -20 -14 22 23 24 26 -26 -2 -23 -29 -5
right_child=21 4 3 9 5 6 13 16 -10 17 12 -13 20 -15 -16 -17 -18 -19 19 -21 -22 27 -24 -25 25 -27 -28 28 -30 -31
leaf_value=-0.024566257137577166 0.0038192941003745867 0.0072632514075225228 0.0017661361086134715 -0.0095414051482278477 -0.044705684712113378 0.0055367408312660855 0.017178856783748458 -0.083320894204693213 -0.0088870353734538891 0.021348673234487633 0.064449960569285827 0.071808746117759198 0.068167660830272911 -0.0077078577578150245 -0.036973166591567755 0.023448925948292666 -0.00058425245681137286 -0.0056420819199512369 0.022735507757091069 0.00099585838147649326 0.0047387339112472176 0.0079354772456955054 0.029544927788207023 -0.062656180391540625 0.0065521026535755953 -0.042227327322301098 -0.017579255356400422 -0.084269971819825873 0.0065425740500555073 0.003463733475499844
leaf_weight=63.538488104939461 898.69696561992168 39.872135236859322 200.48279683291912 230.15207205712795 56.827813252806664 1774.7310335710645 92.832990139722824 7.3108652532100669 811.619075268507 272.16714867949486 16.128788232803345 7.7028697729110709 9.928090959787367 785.60656311362982 76.097684144973755 173.65836913883686 4675.5233228132129 81.109291464090347 517.28039407730103 137.88238668441772 3179.2031160667539 3189.474334821105 46.687883928418159 9.9932414889335615 28.479691281914711 38.818578511476517 90.437704190611839 8.1831828057765978 9.3668372482061368 1096.3927169442177
leaf_count=202 2582 117 577 697 211 5223 255 31 2542 721 35 18 22 2443 262 476 14368 239 1344 392 9248 8996 121 36 80 132 279 32 26 3190
internal_value=0.00293269 0.00201313 0.00678934 0.00757511 0.000952789 -0.000436435 0.00333863 -0.00235878 -0.0112309 0.00413998 0.00444912 -0.0159359 0.00523567 -0.00507784 -0.021764 0.00713324 -0.000713421 0.0151518 0.014319 0.0181603 0.00493619 0.00597779 0.00102704 -0.000221469 0.000369127 -0.0215846 0.0018628 0.00769613 -0.0358013 0.00120738
internal_weight=18626.2 14306 2599.01 2535.47 11707 8378.11 2826.83 5551.28 868.447 1679.82 3328.93 123.673 3205.26 878.44 115.97 1948.39 4682.83 353.276 855.646 655.163 3189.13 4320.14 1113.11 1066.43 1056.43 67.2983 989.135 3207.02 17.55 1326.54
internal_count=54897 42613 7362 7160 35251 25549 8397 17152 2753 4847 9702 397 9305 2698 379 5699 14399 960 2313 1736 9270 12284 3230 3109 3073 212 2861 9054 58 3887
is_linear=0
shrinkage=0.05


Tree=55
num_leaves=31
num_cat=0
split_feature=37 43 28 45 35 35 7 51 22 30 37 18 5 21 21 21 53 27 51 18 14 39 18 30 45 5 35 27 57 52
split_gain=21.0137 19.9044 24.695 23.9752 20.5672 28.4456 34.3522 27.2206 26.5096 26.4775 23.8311 27.4041 20.1851 20.0222 40.6677 25.7647 18.6712 18.1467 16.7501 16.7225 16.54 16.3021 15.0877 13.479 13.2668 12.5736 11.4005 10.9239 12.5278 10.4975
threshold=-0.28395000100135798 3.5000000000000004 0.013174999970942737 1.9912499785423281 7.5000000000000009 23.500000000000004 42.776411056518562 0.0076550000812858352 5.5032000541687021 0.0078049998264759788 0.74695000052452099 1.039949953556061 -44.911512374877923 21.039999961853031 18.10999965667725 21.375000000000004 0.25004999339580541 -0.016734999604523178 -0.0098950001411139948 0.92094999551773082 0.33374999463558203 0.22324999421834948 0.98734998703002941 0.031504999846220023 0.10914999991655351 2.5805083513259892 1.0000000180025095e-35 -0.0069649999495595685 1.0000000180025095e-35 4.5000000000000009
decision_type=2 2 2 2 2 2 2 2 2 2 2 2 2 2 2 2 2 2 2 2 2 2 2 2 2 2 2 2 2 2
left_child=18 4 3 22 8 7 16 9 13 -6 21 -12 -4 14 -2 -15 -7 -8 -1 -9 -14 -10 -3 -22 -20 -5 -26 28 -28 -29
right_child=1 2 12 25 5 6 17 19 10 -11 11 -13 20 15 -16 -17 -18 -19 24 -21 23 -23 -24 -25 26 -27 27 29 -30 -31
leaf_value=0.059101289364487754 0.0027169336250845179 -0.021007933535874011 0.056058148299348499 -0.013923692889920101 -0.0053533089682729768 0.0061178841710954968 -0.023768879134283081 -0.0063886581274320859 0.010206252828680989 0.0011594922604952829 -0.0026772128275155747 0.015423613699678868 -0.052487354238097139 -0.032006811024640057 0.021614483372978905 -0.00070724487977035205 0.024328370679127725 0.0040370165563998828 -0.031526237325666652 0.0062508270000264697 -0.0082006594988530343 0.027167295371714209 -0.070792545995467068 0.005421023755025161 0.043373645829131502 0.068801148675215959 0.005952566344328801 0.012380564515271659 0.048940618017452781 -0.013451619806875504
leaf_weight=20.331555679440498 2793.6197797954082 29.399641156196594 14.588605552911757 12.42611598968506 2520.2875409498811 239.56146612763405 59.997114896774292 296.33381187915802 263.98321051895618 4098.1234504282475 433.54255285859108 403.91418001055717 16.726797670125961 83.308386892080307 316.9987523406744 311.93772985041142 341.27644070982933 2665.8297924846411 16.385964125394821 2238.1826059371233 412.68445455282927 305.75975006818771 31.550289772450924 324.33760650455952 31.031608119606972 7.2870131433010092 32.025358006358147 148.39989486336708 35.998645171523094 53.508873105049133
leaf_count=45 8174 101 35 41 7824 684 187 895 737 12284 1277 1087 62 267 832 917 898 7789 52 6483 1313 807 145 940 78 17 88 407 82 175
internal_value=0.00274677 0.00251773 -0.00495758 -0.0312759 0.00288305 0.00180274 0.0057775 0.000366788 0.00562274 -0.00132058 0.0114199 0.00605301 -0.00219458 0.00329585 0.00464276 -0.00730444 0.0168176 0.00342499 0.0151057 0.00477303 -0.00332205 0.0193086 -0.0467786 -0.00220623 0.012287 0.0166558 0.0146724 0.0113729 0.0287021 0.00553465
internal_weight=18559.3 18221.7 849.001 80.6631 17372.7 12459.6 3306.66 9152.93 4913.06 6618.41 1407.2 837.457 768.337 3505.86 3110.62 395.246 580.838 2725.83 337.682 2534.52 753.749 569.743 60.9499 737.022 317.35 19.7131 300.964 269.933 68.024 201.909
internal_count=54723 53796 2654 304 51142 37044 9558 27486 14098 20108 3908 2364 2350 10190 9006 1184 1582 7976 927 7378 2315 1544 246 2253 882 58 830 752 170 582
is_linear=0
shrinkage=0.05


Tree=56
num_leaves=31
num_cat=0
split_feature=37 27 43 30 30 27 51 51 44 55 36 45 37 44 3 37 12 34 30 34 36 39 34 51 44 16 37 2 51 36
split_gain=20.1383 31.9511 24.6592 21.0962 34.5182 28.983 25.4172 17.7777 17.6976 21.6191 17.1446 32.7163 30.2862 16.6516 26.0607 25.4008 24.4447 22.8818 22.6334 16.1846 15.9763 15.6859 14.2927 14.242 14.0829 14.0766 20.1552 26.4706 14.9962 13.8311
threshold=0.20515000075101855 0.0028949999250471596 7.5000000000000009 -0.060334999114274972 -0.010385000146925448 0.032014999538660056 -0.0066750000696629277 0.0025150000583380465 -0.10254999995231627 -0.14385000616312024 0.89379999041557323 0.67734998464584362 -0.3665000051259994 0.25184999406337744 0.46469949185848242 1.3200500011444094 -0.049115000292658799 5.5000000000000009 0.0010950000141747298 201.50000000000003 0.26485000550746923 0.50769999623298656 115.50000000000001 0.0068550000432878741 -0.73984998464584339 1.0016500353813174 1.2607499957084658 0.76293951272964489 0.023455000482499603 0.12425000220537187
decision_type=2 2 2 2 2 2 2 2 2 2 2 2 2 2 2 2 2 2 2 2 2 2 2 2 2 2 2 2 2 2
left_child=1 2 10 6 5 8 -2 -3 9 -5 19 -12 -13 14 15 -6 18 -16 -15 24 21 -7 -9 -18 -1 26 28 -28 -8 -10
right_child=3 7 -4 4 13 20 25 22 29 -11 11 12 -14 16 17 -17 23 -19 -20 -21 -22 -23 -24 -25 -26 -27 27 -29 -30 -31
leaf_value=-0.04274769390961982 0.028932640804545513 0.030792820067845048 -0.067858066116359875 -0.017994292416359189 -0.002445813045446053 -0.034263704844743018 0.0029385655402171251 0.01895362031427978 -0.00035819734475901565 -0.0032589769020458133 0.0043228654364883953 0.023214367795196436 -0.042368968431676479 0.024707979314031736 -0.0023321352945824582 -0.041763335926839701 0.0012601961608057063 0.0061158947771147651 -0.0053666257961707793 0.013714873086808084 -0.079197609980124137 0.0095105476005345503 -0.00016606201469967686 0.013015760560175494 0.0040662610963141579 0.015920857033640424 -0.00491816099549952 -0.074802456742875431 0.024908318266163409 0.014221596639118756
leaf_weight=16.173121050000191 125.70725904405117 162.00485918670893 11.91674619168043 304.39410516619682 800.03740940988064 70.206501021981239 944.14048683643341 240.95934887230396 975.18763570487499 1365.8332910090685 226.17617823183537 22.090137645602226 86.670595936477184 64.882754921913147 938.44993852078915 43.301858022809029 832.41570176184177 5493.6492423117161 1746.7793430835009 490.39273549616337 13.652497440576552 28.884932339191437 164.45593193173409 373.13880662620068 2403.1233768761158 258.96826314926147 53.136003151535988 18.188381895422935 84.636007562279701 195.22967731952667
leaf_count=55 319 431 77 983 2444 231 2726 683 2935 4160 654 63 355 178 2802 172 2470 16002 5350 1365 51 78 491 1032 6903 710 160 68 220 555
internal_value=0.00261015 0.00584318 0.0039354 0.00177088 0.00113738 -0.00362752 0.00742249 0.0167924 -0.00264074 -0.00594445 0.00419908 -0.00651348 -0.0290485 0.00250463 0.00379975 -0.0044646 -0.000618284 0.00488332 -0.00428954 0.00543221 -0.0284899 -0.0215036 0.0111978 0.00489874 0.00375331 0.0054329 0.00296399 -0.0227393 0.00474599 0.00207376
internal_weight=18554.8 3823.96 3256.54 14730.8 13246 2953.39 1484.78 567.42 2840.64 1670.23 3244.63 334.937 108.761 10292.7 7275.44 843.339 3017.22 6432.1 1811.66 2909.69 112.744 99.0914 405.415 1205.55 2419.3 1359.07 1100.1 71.3244 1028.78 1170.42
internal_count=54723 11077 9472 43646 39443 8993 4203 1605 8633 5143 9395 1072 418 30450 21420 2616 9030 18804 5528 8323 360 309 1174 3502 6958 3884 3174 228 2946 3490
is_linear=0
shrinkage=0.05


Tree=57
num_leaves=31
num_cat=0
split_feature=37 25 3 12 36 45 29 35 9 35 31 37 8 37 7 31 44 49 5 54 37 44 54 16 44 53 3 7 1 49
split_gain=18.2723 18.3647 18.2224 22.1006 29.0439 48.2388 58.4259 23.0779 47.2575 26.8869 22.8419 19.7348 30.2872 19.1219 22.1097 21.4671 19.4992 17.8971 17.8641 17.5063 17.2275 16.9833 16.6991 16.6253 16.5767 15.514 18.8961 14.387 11.6788 10.9846
threshold=-0.28395000100135798 0.073849998414516463 2.0696417093276982 -0.19559500366449353 0.92475000023841869 0.53534999489784252 0.020174999721348289 15.500000000000002 1.0000000180025095e-35 23.500000000000004 -0.036299999803304665 0.39634999632835394 0.032792627811431892 1.1929499506950381 51.685476303100593 -0.0086849997751414759 0.21894999593496325 0.92054998874664318 208.61468505859378 0.78644999861717235 0.84375000000000011 0.51945000886917125 0.98855000734329235 1.1702499985694887 0.71305000782012951 0.086149998009204878 2.0317722558975224 50.26379585266114 -0.36433409154415125 0.38494999706745153
decision_type=2 2 2 2 2 2 2 2 2 2 2 2 2 2 2 2 2 2 2 2 2 2 2 2 2 2 2 2 2 2
left_child=1 -1 3 7 11 10 -7 25 9 -9 -6 12 -5 19 15 16 -15 23 -13 -4 -10 28 -19 -16 -23 27 -27 -2 -21 -17
right_child=2 -3 13 4 5 6 -8 8 20 -11 -12 18 -14 14 17 29 -18 22 -20 21 -22 24 -24 -25 -26 26 -28 -29 -30 -31
leaf_value=-0.038978449184966735 0.029930956789708391 0.016636418510442355 -0.054407208626794205 0.0010768100413591931 -0.026981049507148136 -0.041508459346158072 0.00359747439031147 -0.0023217763524633825 -0.0012294630108338155 0.019622833980963584 0.0041860262317725844 -0.00074915177290188321 0.011259844075494201 -0.0096281605135619432 -0.00081871652964320856 -0.083818636105924119 0.065383576629861273 0.039929989625166834 -0.030411463489791426 -0.012466055563171784 -0.01353242461457336 -0.026166627560845299 0.0011550157737474657 0.015523088236314467 0.018015102178947449 0.006121427481972923 -0.065142844673620123 -0.0011761422007123155 0.013674015973976073 -0.028767955814529469
leaf_weight=15.567097574472426 128.82651619613171 319.41829772293568 10.294078961014746 2811.306843444705 67.158212259411812 191.02538339048624 115.01989684998989 208.92647887766361 1590.0610169768333 420.52957175672054 471.602116137743 4989.9725812375546 986.41388866305351 127.3570444136858 795.30816929042339 12.721366122364996 9.2959757596254331 64.92701917886734 51.280291765928268 44.416491329669952 346.55641956627369 57.145321294665337 48.5152837485075 193.5026153922081 33.779744774103165 3221.1595070511103 9.3287762105464918 52.243489444255829 1124.8767091929913 31.496957719326019
leaf_count=51 331 876 38 8380 226 784 341 621 4750 1116 1398 15111 2777 380 2282 49 20 156 187 134 1101 184 138 510 91 9256 34 155 3144 102
internal_value=0.00248026 0.0140519 0.00226745 0.00162886 0.000153154 -0.00870407 -0.0245565 0.0040195 0.000437334 0.0123391 0.00030095 0.000999704 0.00372173 0.00618391 0.00187854 -0.014324 -0.0045254 0.00453725 -0.00105088 0.010532 -0.00343107 0.0110625 0.0233473 0.00237925 -0.00975259 0.0067139 0.00591564 0.0209557 0.0126811 -0.0446057
internal_weight=18550 334.985 18215 15661.4 9683.78 844.806 306.045 5977.63 2566.07 629.456 538.76 8838.97 3797.72 2553.64 1283.12 180.871 136.653 1102.25 5041.25 1270.51 1936.62 1260.22 113.442 988.811 90.9251 3411.56 3230.49 181.07 1169.29 44.2183
internal_count=54723 927 53796 46568 29204 2749 1125 17364 7588 1737 1624 26455 11157 7228 3637 551 400 3086 15298 3591 5851 3553 294 2792 275 9776 9290 486 3278 151
is_linear=0
shrinkage=0.05


Tree=58
num_leaves=31
num_cat=0
split_feature=37 27 43 52 7 55 16 34 30 15 21 13 21 22 21 12 12 35 25 13 34 21 2 15 13 6 51 21 33 6
split_gain=17.4893 28.9911 22.3377 18.5239 25.1804 24.5064 23.7532 22.7744 22.695 28.3103 26.0839 25.0751 23.0845 19.6039 22.722 18.1484 19.6399 17.6464 21.4631 21.3503 22.4172 18.9123 17.1211 22.582 17.1112 16.7333 16.5348 16.2718 15.7762 13.3818
threshold=0.20515000075101855 0.0028949999250471596 7.5000000000000009 3.5000000000000004 72.559867858886733 -0.32924999296665186 1.0291499495506289 210.50000000000003 -0.060334999114274972 1.0519500374794009 16.505000114440922 0.63397499918937694 12.980000019073488 0.88694998621940624 14.114999771118166 -0.39408499002456659 -0.58359500765800465 22.500000000000004 0.12474999949336053 0.14028500020504001 226.50000000000003 13.694999694824221 0.011881234589964153 0.98954999446868908 0.64161998033523571 -0.18399772793054578 0.0025150000583380465 17.694999694824222 -3.0785999298095699 0.15107715874910357
decision_type=2 2 2 2 2 2 2 2 2 2 2 2 2 2 2 2 2 2 2 2 2 2 2 2 2 2 2 2 2 2
left_child=1 2 17 5 7 15 -6 13 10 28 25 -12 -11 14 -5 16 -2 19 -19 20 -1 -20 23 -9 -15 -7 -3 -21 -10 -24
right_child=3 26 -4 4 6 8 -8 22 9 12 11 -13 -14 24 -16 -17 -18 18 21 27 -22 -23 29 -25 -26 -27 -28 -29 -30 -31
leaf_value=-0.012505943497689305 -0.027880737576272154 0.029412542955376698 -0.066579534168797236 0.01975249166179751 -0.045023533286828468 0.030331886942709021 -0.0041000998026559793 0.071463014464087801 -0.024329050798475839 0.015232098340267189 -0.0080023169869228514 0.023270524928194279 0.0020621394844189929 0.0043691128611392203 -0.030382192554196653 -0.01611261300639005 0.036837924155678978 0.031501567811666013 -0.0098275322466748558 0.0019416895627683895 0.014311894509123886 0.011360373101475385 -0.0044377781551733202 0.0043720742090375478 0.010961307343197852 0.0097974316876554782 0.010437680252926459 0.013619443161353918 -0.0017149865764918963 -0.033617843632377235
leaf_weight=409.65570111572742 17.550462126731873 160.54229959845543 11.312199003994463 32.510061964392662 39.030334055423737 119.72153064608574 387.43693140149117 16.092645406723022 78.203761160373688 428.12887334823608 352.90259727835655 78.324828878045082 1493.2207831591368 2914.8897907733917 74.140147626399994 345.71643216907978 35.301239386200905 104.56428554654121 131.72752730548382 1607.8060868382454 96.229277595877647 525.3444719016552 567.27599960565567 56.849432289600372 1486.3039095550776 579.07123894989491 403.04569873958826 366.25417125225067 5582.8805242776871 42.213650062680244
leaf_count=1299 59 431 77 91 152 301 1153 36 260 1163 1050 209 4299 8646 255 1101 88 267 404 4687 276 1463 1738 170 4141 1634 1174 999 16960 140
internal_value=0.00235695 0.00537335 0.00355943 0.0015753 0.00383374 0.000183016 -0.00784542 0.00479337 0.000737651 -0.000247501 0.00734802 -0.00232216 0.00499676 0.00608205 -0.0150997 -0.011941 0.0153468 0.0038042 0.010461 0.00175977 -0.00740466 0.00711269 -0.00371905 0.0191738 0.00659533 0.0133155 0.0158428 0.0041083 -0.00202738 -0.00645881
internal_weight=18544.2 3816.48 3252.89 14727.8 5616.74 9111.02 426.467 5190.28 8712.45 7582.43 1130.02 431.227 1921.35 4507.84 106.65 398.568 52.8517 3241.58 761.636 2479.95 505.885 657.072 682.432 72.9421 4401.19 698.793 563.588 1974.06 5661.08 609.49
internal_count=54723 11077 9472 43646 16522 27124 1305 15217 25876 22682 3194 1259 5462 13133 346 1248 147 9395 2134 7261 1575 1867 2084 206 12787 1935 1605 5686 17220 1878
is_linear=0
shrinkage=0.05


Tree=59
num_leaves=31
num_cat=0
split_feature=12 35 21 9 37 21 43 44 37 14 37 35 13 15 12 51 31 35 35 13 22 37 27 49 35 1 21 22 12 37
split_gain=16.4206 22.713 35.8225 23.6611 25.9011 22.1776 21.0188 20.2261 19.7424 24.9508 19.6672 19.2339 18.2743 17.7947 17.2637 19.2666 17.8969 17.2022 25.734 28.404 19.5592 24.0846 29.6974 22.6345 19.3999 17.8963 23.766 17.562 17.0145 16.7746
threshold=-0.29231500625610346 15.500000000000002 20.57499980926514 1.0000000180025095e-35 0.67454999685287487 20.524999618530277 5.5000000000000009 0.14835000038146975 0.27304999530315405 0.70375001430511486 1.3389499783515932 22.500000000000004 0.63397499918937694 1.0636499524116518 -0.42130500078201288 0.0037749999901279811 0.034894999116659171 7.5000000000000009 22.500000000000004 0.062185000628232963 4.8368501663208017 0.55844998359680187 -0.0025949999690055843 0.059750000014901168 8.5000000000000018 0.18064198642969134 19.809999465942386 5.3458499908447275 -0.044794999063014977 0.62244999408721935
decision_type=2 2 2 2 2 2 2 2 2 2 2 2 2 2 2 2 2 2 2 2 2 2 2 2 2 2 2 2 2 2
left_child=1 2 5 -4 13 6 7 -1 11 -10 -6 14 17 -5 16 -16 -3 20 19 27 23 22 -22 28 -21 -20 -27 -19 -2 -11
right_child=12 8 3 4 10 -7 -8 -9 9 29 -12 -13 -14 -15 15 -17 -18 18 25 24 21 -23 -24 -25 -26 26 -28 -29 -30 -31
leaf_value=0.013765673000927415 -0.019761167382167405 -0.031391702553966859 -0.028510071611248546 0.015295204271605432 -0.037868071231115186 0.058694324344892128 -0.062346127024095158 0.0014118634158561863 -0.017188089463478867 0.0088865410085550451 0.022818094756034097 0.018544580333255768 0.0038011902768723335 -0.063320492503015302 -0.010862588227449815 0.030388267382641655 0.019357394882535336 -0.030661401241783622 0.0057129031181655165 -0.013537837442677012 0.00024595769131616777 0.0035199874527346298 0.032320919233491355 0.0015467848646361386 -0.0014915059033676567 -0.0068813493286493908 0.037157261540250536 0.0011467982910611733 -0.10036180056241069 -0.0047685686608722536
leaf_weight=1420.5982416570187 50.518272250890732 67.287856057286263 90.049730315804482 166.98272743821144 56.177411958575249 24.177592933177948 9.8506953120231611 432.10070250928402 239.66511888802052 385.16559687256813 17.512516871094704 256.17882111668587 5369.4153045862913 7.5222634375095359 53.498543232679367 60.110442936420441 23.418717741966248 148.78827764838934 1691.2061786204576 366.18812634050846 112.82056691497564 573.5368537157774 200.25885656476021 1693.9129401147366 3828.2367489077151 551.92460061609745 32.436282306909561 61.262054961174726 7.5225747078657141 540.54181198775768
leaf_count=3891 158 221 286 452 187 51 36 1266 765 1087 48 680 15459 27 164 154 63 541 4981 1186 328 1658 519 5038 11843 1724 81 192 31 1606
internal_value=0.00223974 0.00514596 0.00842849 -0.00655541 0.00141016 0.0111147 0.0104971 0.0108844 0.000653859 -0.00280958 -0.0234459 0.00941878 0.00147781 0.0119064 -0.00202351 0.0109632 -0.0182892 0.000139066 -0.00121108 -0.00344173 0.00355722 0.0096086 0.0207625 0.000494785 -0.00254319 0.00310646 -0.00443689 -0.0213844 -0.0302077 0.000913009
internal_weight=18538.9 3850.84 2224.97 338.245 248.195 1886.73 1862.55 1852.7 1625.87 1165.37 73.6899 460.494 14688 174.505 204.316 113.609 90.7066 9318.61 6680.04 4404.48 2638.57 886.616 313.079 1751.95 4194.42 2275.57 584.361 210.05 58.0408 925.707
internal_count=54723 10984 6244 1000 714 5244 5193 5157 4740 3458 235 1282 43739 479 602 318 284 28280 20548 13762 7732 2505 847 5227 13029 6786 1805 733 189 2693
is_linear=0
shrinkage=0.05


Tree=60
num_leaves=31
num_cat=0
split_feature=28 37 27 14 44 43 55 31 23 31 45 28 18 12 5 36 44 57 9 21 30 31 44 13 13 14 55 30 30 35
split_gain=20.7206 36.1497 27.2735 25.5013 24.1831 28.6118 27.0358 21.7903 25.692 29.0072 22.7616 21.7077 21.4702 21.2362 20.7489 20.3282 20.2204 21.6919 24.7054 20.5083 19.8185 19.1617 19.0586 17.9164 18.9035 18.8942 17.6429 17.3175 19.4085 16.6256
threshold=0.021684999577701095 0.72824999690055858 0.012844999786466362 0.55404999852180492 -0.093249998986721025 7.5000000000000009 0.060450000688433654 -0.053774999454617493 72.485000610351577 0.051005000248551376 1.0434499979019167 0.044874999672174461 0.90925002098083507 0.0039999999571591624 47.005992889404304 0.196650005877018 -0.22655000537633893 1.0000000180025095e-35 1.0000000180025095e-35 17.034999847412113 -0.047114999964833253 -0.15874499827623365 0.18464999645948413 0.51375499367713939 0.31718499958515173 1.4450500011444094 -0.32115000486373896 0.002764999982900918 -0.056014999747276299 16.500000000000004
decision_type=2 2 2 2 2 2 2 2 2 2 2 2 2 2 2 2 2 2 2 2 2 2 2 2 2 2 2 2 2 2
left_child=4 2 16 15 6 7 23 10 12 -10 20 13 -9 -3 27 -4 21 18 -18 -19 -6 -2 26 24 25 -1 -13 28 -8 -29
right_child=1 11 3 -5 5 -7 14 8 9 -11 -12 22 -14 -15 -16 -17 17 19 -20 -21 -22 -23 -24 -25 -26 -27 -28 29 -30 -31
leaf_value=-0.012638659872772601 0.025033752185440655 -0.0029695664813183375 0.0010960109864737546 0.018266959016324063 0.024758456910295334 -0.064221729021817719 0.020006714396533391 0.036729835836414093 -0.050268514812134159 -0.0045825488362916528 -0.028758114413604333 -0.018699888495530403 0.004113357987888336 -0.028438298900362764 0.048728536379344281 -0.065833546679071431 0.0085526288783723797 0.0027354242594075113 -0.0056208577735526316 0.011233604939486101 -0.0091127102558434016 0.0072034886611375502 0.0084372397193624941 0.001470474001715534 -0.026196167250202036 0.0097479894495772143 0.0010198292838661783 0.0043349590975150076 -0.011095098295472047 0.051402212484576548
leaf_weight=597.21576055884361 168.81782291829586 2196.3787085264921 147.59807606041431 642.4078570753336 55.862879052758217 16.477742433547974 66.502524808049202 51.407456547021866 39.661542519927025 280.22247397899628 110.31031189858913 119.64324250817299 2722.2923648655415 85.014773294329643 26.126183465123177 12.289600163698195 408.52215798199177 3073.8413084447384 1242.7170697301626 923.13984540104866 190.32247966527939 1402.5309227406979 942.0982291251421 278.57015086710453 209.62562777101994 111.91435995697975 2182.3219628483057 46.595027357339859 204.12074469029903 31.409469097852707
leaf_count=1934 429 6845 413 1793 153 114 186 137 176 875 378 376 8209 294 65 44 1138 8909 3744 2566 605 3971 2592 834 711 320 6227 140 663 78
internal_value=0.0019124 0.00293055 0.00507414 0.0138198 -0.000825065 0.00150763 -0.00596883 0.00182155 0.00317046 -0.010247 -0.00988397 -0.00018152 0.00471787 -0.00391864 0.00575138 -0.00404846 0.00410225 0.00270656 -0.00211429 0.00469816 -0.00142687 0.00911908 0.00244662 -0.00963716 -0.013005 -0.00910562 -5.09106e-06 0.00253067 -0.00345219 0.0232872
internal_weight=18586 13547.3 8021.86 802.296 5038.64 3466.56 1572.08 3450.08 3093.58 319.884 356.496 5525.46 2773.7 2281.39 374.754 159.888 7219.57 5648.22 1651.24 3996.98 246.185 1571.35 3244.06 1197.33 918.756 709.13 2301.97 348.628 270.623 78.0045
internal_count=54919 39341 23007 2250 15578 10647 4931 10533 9397 1051 1136 16334 8346 7139 1132 457 20757 16357 4882 11475 758 4400 9195 3799 2965 2254 6603 1067 849 218
is_linear=0
shrinkage=0.05


Tree=61
num_leaves=31
num_cat=0
split_feature=21 28 37 27 3 44 43 55 33 31 23 45 49 5 3 27 12 29 37 5 23 30 21 54 0 45 37 12 43 6
split_gain=19.8251 17.7697 31.8194 24.4198 21.9097 21.4948 26.7456 24.5205 22.2762 21.1688 23.1057 21.3982 20.3525 26.1814 19.9225 22.9407 21.3346 18.9132 18.7989 18.6921 16.7704 15.5934 14.6143 13.8766 17.5238 14.5566 11.716 10.1328 9.42569 8.49798
threshold=29.279999732971195 0.021684999577701095 0.72214999794960033 0.012844999786466362 0.80452182888984691 -0.093249998986721025 7.5000000000000009 0.060450000688433654 0.088050000369548811 -0.053774999454617493 72.485000610351577 2.5096499919891362 0.19849999994039538 -13.500442981719969 1.8236504197120669 -0.012054999824613331 0.0098950001411139982 0.080295000225305571 1.3600500226020815 47.005992889404304 68.755001068115249 0.002764999982900918 12.204999923706056 1.2364500164985659 0.35410350561141973 0.18155000358819964 1.1766499876976015 -0.080125000327825532 1.0000000180025095e-35 0.07223673909902574
decision_type=2 2 2 2 2 2 2 2 2 2 2 2 2 2 2 2 2 2 2 2 2 2 2 2 2 2 2 2 2 2
left_child=1 5 3 12 27 7 9 8 22 11 -11 -7 17 -14 15 28 -17 -3 -10 21 -6 -9 -1 25 -25 -16 -2 -5 -4 -21
right_child=26 2 14 4 20 6 -8 19 18 10 -12 -13 13 -15 23 16 -18 -19 -20 29 -22 -23 -24 24 -26 -27 -28 -29 -30 -31
leaf_value=0.0034154026866434527 0.027205786898508562 -0.00090946941530667456 0.041883937353117011 0.0076128645610042461 0.01570711188940787 -0.0052704075831335028 -0.063398085017340053 -0.0032824954525261501 -0.0039460266639444446 0.0044458799265605165 -0.0097616562290973961 -0.042373364669398395 -0.0048337698033955332 0.0062011723482383822 0.015532156119943194 -0.0025323303590512069 -0.028899880032060656 -0.042100750143598445 0.079693375795590216 0.064897301276952035 0.041507316073300604 0.022071322119206177 -0.020228040605168644 -0.06821571083840508 -0.0062348542825205501 0.0027580828911707034 -0.039266618529098907 -0.014024786316457389 -0.0030597541373836019 0.0027443662556825609
leaf_weight=76.329199939966202 103.32841567695141 1313.8616394102573 40.380767032504082 227.88005891442299 403.71507508307695 309.05440932512283 15.872562993317841 270.42320811748505 657.22007030248642 2773.8988456651568 319.0870853587985 44.44853338599205 599.95071776211262 5165.2787621170282 254.83617106080055 3294.0206625163555 78.545162349939346 28.471073150634766 6.7875544875860205 18.302876979112629 74.627874702215195 78.176950618624687 454.68988290429115 13.739257395267485 67.09042526781559 1786.2297226190567 7.0832279175519934 70.953206554055214 16.405239015817642 7.8619729876518241
leaf_count=234 265 3865 100 627 1157 970 114 849 2021 8344 1051 161 1790 14700 691 9990 255 94 15 42 189 218 1527 50 195 5097 23 213 49 23
internal_value=0.00181739 0.0016911 0.00264026 0.00468192 0.0130968 -0.000843188 0.00135718 -0.00569635 -0.00919584 0.0016554 0.00298016 -0.00993564 0.00376179 0.00505284 -0.000259616 -0.00261577 -0.00314642 -0.00178314 -0.00309106 0.00546259 0.0197323 0.00240334 -0.0168295 0.00354833 -0.0167702 0.00435298 0.0229414 0.00247535 0.0288999 0.0462217
internal_weight=18578.6 18468.1 13436 7884.74 777.176 5032.15 3462.36 1569.79 1195.03 3446.49 3092.99 353.503 7107.56 5765.23 5551.25 3429.35 3372.57 1342.33 664.008 374.765 478.343 348.6 531.019 2121.9 80.8297 2041.07 110.412 298.833 56.786 26.1648
internal_count=54919 54631 39062 22635 2186 15569 10640 4929 3797 10526 9395 1131 20449 16490 16427 10394 10245 3959 2036 1132 1346 1067 1761 6033 245 5788 288 840 149 65
is_linear=0
shrinkage=0.05


Tree=62
num_leaves=31
num_cat=0
split_feature=28 12 57 12 6 3 35 35 34 48 12 8 31 54 16 34 15 3 54 2 37 31 40 45 3 7 39 55 5 37
split_gain=16.9917 22.3382 22.9436 28.9154 24.6288 22.6429 22.2081 64.8731 21.733 28.1255 24.3574 29.3897 17.5007 16.92 16.6096 23.2326 17.5794 15.052 14.3207 14.0829 14.0635 14.7873 13.6934 12.2117 12.0977 16.1555 10.5172 14.9382 14.4705 14.426
threshold=0.073945000767707839 -0.007945000194013117 1.0000000180025095e-35 -0.096024997532367692 -0.011520216241478918 2.0317722558975224 22.500000000000004 14.500000000000002 67.500000000000014 0.43754999339580541 -0.1991850063204765 0.014541149139404299 -0.17851000279188153 0.94885000586509716 1.1202500462532046 18.500000000000004 0.99674999713897716 0.94563591480255138 0.89904999732971203 0.97623750567436229 1.24414998292923 0.11975499987602235 2.5000000000000004 0.79444998502731334 2.668594598770142 66.058773040771499 0.011750000063329937 0.4098500013351441 -264.65866088867182 0.79554998874664318
decision_type=2 2 2 2 2 2 2 2 2 2 2 2 2 2 2 2 2 2 2 2 2 2 2 2 2 2 2 2 2 2
left_child=1 2 3 6 -5 -6 7 -1 9 13 11 -10 -8 -4 15 16 -3 -11 23 -18 -17 -22 -12 -16 25 -20 27 -2 -29 -28
right_child=26 14 8 4 5 -7 12 -9 10 17 22 -13 -14 -15 18 20 19 -19 24 -21 21 -23 -24 -25 -26 -27 29 28 -30 -31
leaf_value=0.0032777388776443236 -0.012625450014369209 -0.06566590638751145 -0.00045029221268741307 -0.067029140922904018 -0.0081881003380069126 0.022585863285044156 0.032113846047904702 -0.011941162271847782 0.010601482794044799 0.020882220489938739 -0.0041959876893613293 0.00032178313641285466 0.0057471480834968246 0.0061753027516462684 -0.064467331184200866 0.034163975158516248 -0.01238336618186333 0.005160262181598786 -0.060500817443559007 -0.044781948660948173 -0.022386714682073927 0.049168820125735424 0.0096862917774086892 -0.0012763795165237483 0.025826302022551758 0.0026943085335526355 0.018212635186558836 0.065575671440539274 0.0040601589524075004 0.0056069545708043525
leaf_weight=2582.727816671133 138.33183319866657 18.473941631615162 1429.9921191930771 17.120136708021164 1198.1927779018879 62.911415383219719 67.25674219429493 960.68591529130936 1046.3554285764694 415.22334781289101 2096.4996250160038 2072.4462186396122 979.0956255197525 2954.3525218293071 14.489941835403444 36.887228861451149 329.717554140836 240.36465271562338 10.540022805333136 37.339659422636032 35.078379705548286 9.0913169234991056 194.07928001135588 16.185978323221207 55.613526210188866 249.78649900853634 297.88665356487036 12.519196838140486 40.443071991205215 953.2464334666729
leaf_count=7543 447 75 4282 78 3772 173 166 3048 2962 1131 6487 6102 2823 8502 54 103 1076 694 38 132 112 21 560 48 140 719 854 29 123 2625
internal_value=0.00172705 0.00128821 0.00169128 -0.000810649 -0.00746157 -0.00665291 0.0010416 -0.000848391 0.00309629 0.00545865 0.000895263 0.00377061 0.00744193 0.00401431 -0.00679965 -0.0129586 -0.0180745 0.0151179 0.00149106 -0.0156792 0.0113739 -0.00765865 -0.00301975 -0.031125 0.00465789 0.000135683 0.00693884 -0.00397995 0.0186012 0.00860829
internal_weight=18572.9 17130.5 16317.3 5867.99 1278.22 1261.1 4589.77 3543.41 10449.3 5039.93 5409.38 3118.8 1046.35 4384.34 813.204 466.588 385.531 655.588 346.616 367.057 81.0569 44.1697 2290.58 30.6759 315.94 260.327 1442.43 191.294 52.9623 1251.13
internal_count=54919 50841 48323 17603 4023 3945 13580 10591 30720 14609 16111 9064 2989 12784 2518 1519 1283 1825 999 1208 236 133 7047 102 897 757 4078 599 152 3479
is_linear=0
shrinkage=0.05


Tree=63
num_leaves=31
num_cat=0
split_feature=21 57 12 21 53 35 35 27 21 37 49 1 23 18 27 3 45 3 33 30 37 37 27 18 2 3 14 1 39 30
split_gain=17.5629 16.9574 25.7409 24.9521 22.5112 19.1682 54.3297 27.434 18.3257 24.2746 19.2587 19.2292 17.9873 32.1141 18.6916 16.9419 20.7701 15.8266 20.4229 19.122 13.768 10.6026 10.5209 7.817 7.70597 9.73915 4.95454 15.5413 4.26123 4.1981
threshold=29.279999732971195 1.0000000180025095e-35 -0.096024997532367692 27.814999580383304 1.0000000180025095e-35 22.500000000000004 14.500000000000002 -0.018815000541508194 18.030000686645511 0.69185000658035289 0.96814998984336864 -0.57039514183998097 61.57500076293946 1.0291499495506289 0.050079999491572387 2.0317722558975224 3.8876500129699711 1.1801443099975588 0.14844999462366107 0.0072649999056011447 0.6025499999523164 1.1766499876976015 0.016135000623762611 1.0000500082969668 0.65324604511260997 1.3183865547180178 0.77345001697540294 -0.0046063209883868686 0.068649999797344222 -0.13450999557971952
decision_type=2 2 2 2 2 2 2 2 2 2 2 2 2 2 2 2 2 2 2 2 2 2 2 2 2 2 2 2 2 2
left_child=1 2 4 8 29 6 -6 -7 12 11 -11 -10 13 -3 -14 17 20 18 -4 -19 -17 24 23 -5 28 26 -26 -28 -2 -1
right_child=21 3 15 22 5 7 -8 -9 9 10 -12 -13 14 -15 -16 16 -18 19 -20 -21 -22 -23 -24 -25 25 -27 27 -29 -30 -31
leaf_value=0.0070331605726936365 0.064684066786298108 0.0012171478524045203 -0.011315722583419046 -0.0027150683777953941 0.00275911788682205 0.042208663020461307 -0.010891268379167852 0.0048188022506149937 -0.057325898891304454 -0.0014666256837022888 0.036934694558426441 0.012365821853353559 -0.0012542829834430046 0.0092681971702436011 0.012292875407242446 0.05115721756824318 -0.063226624243693588 -0.035008761391382759 0.0029289387293938091 -0.001458905177567094 0.0029584516483958994 -0.037362529476266039 -0.11714529757212777 -0.076894763225510296 0.022140070782166038 0.045268759544337761 -0.05593480917493715 0.027073585753052038 0.031205213140961304 0.044536649707021279
leaf_weight=9.492871090769766 12.644340783357618 4001.4126589000225 656.07583124190569 8.811588257551195 2655.0067315325141 51.543847993016243 1004.8012560084462 1017.8017906919122 9.9844618290662748 728.10174825787544 34.182065859436989 1140.155261002481 4377.242470048368 1793.8784623593092 270.34476307034492 30.096793726086617 7.0717926472425452 109.00987643748522 408.16941179335117 69.57974573969841 29.182563990354538 7.1188977658748618 4.9036084860563269 5.9493505954742423 13.135630562901495 15.410725697875021 11.860501259565352 10.749152705073358 38.276870049536228 34.877497389912605
leaf_count=27 26 11951 2117 25 7756 127 3176 2938 36 2142 86 3193 13093 5121 719 72 26 381 1219 212 87 23 21 22 34 38 42 28 97 84
internal_value=0.0016412 0.00152292 -0.00063873 0.00258544 0.00106466 0.000732076 -0.000988599 0.00662104 0.00267501 0.00717479 0.000255353 0.0117608 0.00185096 0.00370928 -0.00046626 -0.0068496 0.0177673 -0.00816382 -0.00585248 -0.0219375 0.0274295 0.0216344 -0.0536922 -0.032613 0.0257489 0.0120426 -0.00228206 -0.0164707 0.0395184 0.0365129
internal_weight=18566.9 18457.7 6082.71 12375 4773.52 4729.15 3659.81 1069.35 12355.3 1912.42 762.284 1150.14 10442.9 5795.29 4647.59 1309.19 66.3512 1242.83 1064.25 178.59 59.2794 109.196 19.6645 14.7609 102.077 51.156 35.7453 22.6097 50.9212 44.3704
internal_count=54919 54631 18222 36409 14108 13997 10932 3065 36341 5457 2228 3229 30884 17072 13812 4114 185 3929 3336 593 159 288 68 47 265 142 104 70 123 111
is_linear=0
shrinkage=0.05


Tree=64
num_leaves=31
num_cat=0
split_feature=9 31 57 22 30 44 22 13 1 25 48 8 22 3 55 8 5 31 55 25 17 55 45 2 50 34 34 14 12 2
split_gain=15.7687 24.0198 23.4396 25.5356 22.9885 26.027 23.2281 19.6857 23.3252 26.0047 19.4503 19.42 19.0653 18.653 22.5322 19.2547 18.5714 18.4279 16.4758 16.2236 25.7137 17.9531 28.7574 17.1851 16.5409 16.6871 16.3518 24.8529 14.511 15.7802
threshold=1.0000000180025095e-35 -0.097249999642372117 1.0000000180025095e-35 5.3974499702453622 -0.077555000782012926 -0.18255000561475751 2.0882999897003178 0.75161498785018932 0.19234216958284381 3.9628000259399419 1.54040002822876 -0.039808124303817742 2.8296500444412236 0.38835468888282781 -0.35375000536441797 0.012165129184722902 97.810703277587905 0.28098499774932867 -0.47055000066757197 1.6064500212669375 1.029249966144562 -0.31395000219345087 0.69204998016357433 0.96043518185615551 2.5000000000000004 248.50000000000003 106.50000000000001 0.52525001764297496 -0.28325499594211573 0.91683137416839611
decision_type=2 2 2 2 2 2 2 2 2 2 2 2 2 2 2 2 2 2 2 2 2 2 2 2 2 2 2 2 2 2
left_child=1 12 3 4 5 16 -7 8 17 11 -5 -10 -1 14 -6 -15 -2 -4 -9 21 26 22 23 -3 25 -23 27 -21 -14 -30
right_child=2 19 7 10 13 6 -8 18 9 -11 -12 -13 28 15 -16 -17 -18 -19 -20 20 -22 24 -24 -25 -26 -27 -28 -29 29 -31
leaf_value=0.030074995678963885 0.011508868445099071 -0.043452599448080859 0.0022307426844054789 0.0063977319801063748 0.031233425981956144 0.009827045065971228 -0.031387817852986569 -0.017270634884443276 0.054707753520927431 -0.056276735360687773 -0.038338089294565308 -0.0038331488640115149 0.016953815677515978 -0.005984127056840963 -0.00079761410376421097 -0.021072266923059375 -0.042658663497784251 0.033433109454860541 0.0063869416224040859 -0.064446830142408124 0.011173294372309212 0.006962238929332328 0.0048589620290772836 0.013634771257474984 -0.02649750772530628 -0.018816598399112101 -0.026468699639109292 -0.00073668870176947228 -0.01814815185734393 0.032406468244429103
leaf_weight=150.52331660687923 507.84501464664936 66.958306193351746 5169.7488903366029 949.6315683349967 61.126431465148926 58.215038388967514 82.821167290210724 75.617520354688168 14.280000701546667 23.528325572609901 24.93514196574688 1786.9445182308555 155.94166216254234 2449.8469702042639 539.32435444742441 231.42362334579229 16.33254200220108 47.756588354706764 2751.1359691247344 16.315818339586258 177.22343929111958 2473.7604623883963 140.40945276618004 16.414684951305389 39.014814525842667 64.41050199046731 127.69755454361439 247.66061583161354 75.645332038402557 19.393108144402504
leaf_count=380 1400 232 15387 2737 162 169 271 243 32 87 86 5499 411 7624 1641 753 56 118 7799 60 491 7070 403 45 124 208 416 731 236 48
internal_value=0.00155967 0.00444569 0.000823781 -0.00199487 -0.00378453 0.00469098 -0.0143757 0.00222939 0.000814588 -0.00405123 0.00525313 -0.00336904 0.0160059 -0.00550254 0.00246317 -0.0072864 0.00982109 0.00251634 0.00575409 0.00306834 -0.0046296 0.00463185 -0.0089527 -0.0322131 0.00581143 0.00630806 -0.0117801 -0.00467448 0.00756811 -0.00783221
internal_weight=18561.9 3771.37 14790.5 4921.5 3946.94 665.214 141.036 9869.01 7042.26 1824.75 974.567 1801.22 401.503 3281.72 600.451 2681.27 524.178 5217.51 2826.75 3369.87 568.897 2800.97 223.782 83.373 2577.19 2538.17 391.674 263.976 250.98 95.0384
internal_count=54919 10855 44064 14899 12076 1896 440 29165 21123 5618 2823 5531 1075 10180 1803 8377 1456 15505 8042 9780 1698 8082 680 277 7402 7278 1207 791 695 284
is_linear=0
shrinkage=0.05


Tree=65
num_leaves=31
num_cat=0
split_feature=12 13 21 30 27 12 30 51 5 21 21 21 13 39 22 48 7 7 34 49 30 48 36 5 35 34 50 34 2 15
split_gain=13.8346 22.3443 19.8161 22.5539 23.9574 19.1381 20.2024 21.9583 21.3296 26.8613 38.6512 18.5743 21.1552 16.7451 20.4208 16.5122 15.9994 15.9891 17.8523 16.6773 16.5769 15.3547 14.7131 27.6634 15.3033 14.3841 14.1014 14.1008 13.9054 13.2983
threshold=-0.19559500366449353 0.78301000595092785 24.190000534057621 0.063534997403621687 0.00011499999891384506 -0.68866500258445729 0.084075000137090697 -0.0023550000041723247 -0.24008940160274503 13.434999942779543 13.394999980926515 21.519999504089359 0.54885500669479381 0.17625000327825549 3.9151500463485722 0.19084999710321429 19.054344177246097 56.239763259887702 50.500000000000007 0.74605000019073497 -0.040574999526143067 0.21245000511407855 0.97005000710487377 9.5362091064453143 31.500000000000004 227.50000000000003 2.5000000000000004 202.50000000000003 0.96840023994445812 0.97664999961853038
decision_type=2 2 2 2 2 2 2 2 2 2 2 2 2 2 2 2 2 2 2 2 2 2 2 2 2 2 2 2 2 2
left_child=5 2 11 4 -4 15 8 13 26 10 -10 22 -13 14 -8 17 -11 18 -1 25 -20 -5 24 -24 -2 -19 -7 -28 -17 -9
right_child=1 -3 3 21 -6 6 7 29 9 16 -12 12 -14 -15 -16 28 -18 19 20 -21 -22 -23 23 -25 -26 -27 27 -29 -30 -31
leaf_value=0.038780851064425761 -0.00071489731720425682 0.0035927685885506094 0.048341178648435033 -0.038905181910417155 0.0041534162713651283 0.0010940597522221735 -0.032628441238133479 -0.033365724315081016 0.013341564693480072 -0.056888974548756188 0.063833213471397768 -0.026386408713318706 0.015063952740682885 -0.059221787218759585 0.032701778302419604 -0.022755442826316339 0.0054799412536039004 0.017073500926054527 0.0081621070172691757 0.058870705126646806 -0.022797032916917044 0.050450780514285212 -0.016510207993040975 0.0041652864274548448 0.015535077570996259 -0.02925614883605639 -0.077671087120730412 0.014718096699101192 0.029199174887110636 0.00093274606124798165
leaf_weight=18.778986647725105 6649.0207082778215 3797.6787144839764 61.505160599946976 24.794039398431782 61.193204134702682 1922.8775067329407 38.033865809440613 29.747609704732895 579.9825621843338 10.315746560692785 40.552276402711868 140.60192127525806 39.410358458757401 28.524595752358437 17.449132949113846 160.10980048775673 3209.4961400181055 77.949282005429268 65.455790758132935 18.459490016102791 127.38318246603012 5.9641517251729956 398.75061888620257 272.23744965344667 148.1111938804388 21.339958116412163 11.221539899706842 6.5350172221660605 14.005312368273733 565.51196959614754
leaf_count=46 20201 10893 145 84 176 5656 125 100 1627 37 85 466 109 102 44 520 9193 210 181 42 407 14 1411 837 420 69 43 18 37 1638
internal_value=0.00150504 0.000447407 -0.0010837 0.0167062 0.0263035 0.00326671 0.00399846 -0.00415848 0.00495691 0.00711588 0.0166412 -0.00144065 -0.0173116 -0.0280885 -0.0120824 -0.00612256 0.00528012 0.000460973 -0.0077566 0.0152296 -0.0122885 -0.0215787 -0.00105809 -0.00812162 -0.000360806 0.007116 0.000684486 -0.0436687 -0.0185764 -0.000781292
internal_weight=18563 11599.3 7801.59 153.457 122.698 6963.73 6460.25 679.267 5780.98 3840.35 620.535 7648.13 180.012 84.0076 55.483 503.482 3219.81 329.367 211.618 117.749 192.839 30.7582 7468.12 670.988 6797.13 99.2892 1940.63 17.7566 174.115 595.26
internal_count=54936 34756 23863 419 321 20180 18668 2009 16659 10942 1712 23444 575 271 169 1512 9230 955 634 321 588 98 22869 2248 20621 279 5717 61 557 1738
is_linear=0
shrinkage=0.05


Tree=66
num_leaves=31
num_cat=0
split_feature=37 55 9 50 28 53 18 8 5 34 53 37 30 31 24 54 51 18 53 28 31 49 37 51 55 34 37 27 54 15
split_gain=16.6096 14.521 14.0238 20.4357 17.4817 14.3206 16.2434 16.6734 13.6561 19.9416 20.1764 15.8199 13.39 24.018 20.1211 19.8879 14.6929 18.8027 17.0786 13.1787 12.7682 15.1707 11.7628 11.72 14.8829 14.7461 11.4714 14.6516 13.9952 10.818
threshold=-0.14625000208616254 -0.47055000066757197 1.0000000180025095e-35 2.5000000000000004 0.013174999970942737 0.1131500005722046 1.1312499642372134 0.071020245552063002 19.834230422973636 243.50000000000003 0.48665000498294836 1.3009999990463259 -0.073200002312660203 0.013044999912381174 -0.16447500139474866 1.0476500391960146 -0.010565000120550392 0.87024998664855968 0.29815000295639044 0.0084750000387430208 -0.097249999642372117 0.1389499977231026 -0.22725000232458112 -0.0059849999379366628 -0.32924999296665186 200.50000000000003 0.57234999537467968 -0.018815000541508194 1.0990499854087832 0.95855000615119945
decision_type=2 2 2 2 2 2 2 2 2 2 2 2 2 2 2 2 2 2 2 2 2 2 2 2 2 2 2 2 2 2
left_child=1 -1 3 8 5 -4 7 -7 20 10 -10 -11 16 14 -14 -15 18 -18 -6 22 21 -2 -3 -21 -25 -26 27 -5 -28 -22
right_child=2 19 4 26 12 6 -8 -9 9 11 -12 -13 13 15 -16 -17 17 -19 -20 23 29 -23 -24 24 25 -27 28 -29 -30 -31
leaf_value=-0.046472531306291427 -0.0085787507770065021 -0.0046482558460663893 0.024712386696559126 0.0084186240785310527 0.0047868433944046511 -0.0074677330665730013 -0.057218473827081222 0.044179120881817253 0.010279355856463869 -0.072724452916758262 0.051327017643996387 0.021327901725974402 0.00043435761957646805 0.0039525230672966295 -0.0061439429383354166 -0.0015418399957758354 -0.0069497128512563018 0.0093609817578625514 0.063389252394865536 0.032603950117811462 -0.011503798544840292 0.017450270510972702 -0.087254569776443636 0.050916140821737059 0.0033964154050352639 0.026193914842850021 0.026463563984140587 -0.07791689292200242 -0.041124985677617062 0.0024986450718838663
leaf_weight=11.213996365666388 70.716900870203972 15.803124241530897 36.026531137526035 6.9507264643907574 25.802260130643845 857.21820414438844 16.094024524092674 15.917161002755163 627.45453535020351 12.50960159301758 31.436840265989304 6.9577065855264655 2791.8252989724278 5210.3586657419801 1991.6997917853296 2408.2478261142969 238.39226134121418 682.68478362262249 23.993642911314964 64.104168400168419 146.07186387479305 268.62219421565533 5.9252723678946486 21.035861939191818 360.27494063600898 88.320684649050236 15.792746871709825 16.771478846669197 14.870981022715567 2476.7439254112542
leaf_count=38 208 49 103 19 72 2775 59 40 1764 47 72 19 8297 15260 6279 7116 704 1913 51 163 444 715 26 49 1056 235 41 64 50 7208
internal_value=0.00143007 0.00985853 0.00116462 0.00391056 0.00045503 -0.00619163 -0.00744369 -0.00652622 0.00436505 0.0107643 0.0122378 -0.0391097 0.000914902 0.000472233 -0.00230463 0.00221575 0.00656965 0.00513946 0.0330238 0.0109958 0.00289957 0.0120259 -0.0271748 0.0125497 0.00981232 0.00788485 -0.0265124 -0.0526201 -0.00631484 0.00171881
internal_weight=18559.8 566.678 17993.2 3694.9 14298.3 925.256 889.229 873.135 3640.51 678.359 658.891 19.4673 13373 12402.1 4783.53 7618.61 970.873 921.077 49.7959 555.464 2962.15 339.339 21.7284 533.736 469.631 448.596 54.3859 23.7222 30.6637 2622.82
internal_count=54936 1616 53320 10651 42669 2977 2874 2815 10477 1902 1836 66 39692 36952 14576 22376 2740 2617 123 1578 8575 923 75 1503 1340 1291 174 83 91 7652
is_linear=0
shrinkage=0.05


Tree=67
num_leaves=31
num_cat=0
split_feature=37 28 5 45 37 29 51 16 54 16 44 3 2 21 51 21 53 55 51 49 27 28 55 15 55 53 21 27 40 13
split_gain=16.2068 26.4776 17.7889 19.7234 18.4683 17.6037 17.2645 17.2204 23.1887 17.1651 20.1297 16.4816 22.4045 21.1852 19.0086 17.0671 16.586 16.4574 15.8051 15.4162 14.559 23.8835 17.4413 17.5511 17.3884 16.321 16.9156 14.3812 14.33 13.5009
threshold=0.26624999940395361 0.032554998993873603 -91.769844055175767 4.6406500339508066 1.2257500290870669 0.028974999673664573 0.0039450000040233144 0.91135001182556163 1.0347500443458559 1.0838499665260317 -0.33554999530315394 0.33267842233181005 0.30447275936603552 12.839999675750734 -0.0059849999379366628 13.434999942779543 0.45505000650882726 -0.20054999738931653 0.00058500000159256171 0.19075000286102298 0.14952500164508822 0.093699999153614058 0.48450000584125524 1.2146500349044802 -0.15075000375509259 1.0000000180025095e-35 20.810000419616703 0.013425000011920931 1.5000000000000002 0.63397499918937694
decision_type=2 2 2 2 2 2 2 2 2 2 2 2 2 2 2 2 2 2 2 2 2 2 2 2 2 2 2 2 2 2
left_child=1 5 3 17 -5 11 7 18 -9 -3 -11 13 14 -1 -13 -15 -14 27 -7 29 21 25 -23 -24 -22 -4 -27 28 -2 -12
right_child=2 9 20 4 -6 6 -8 8 -10 10 19 12 16 15 -16 -17 -18 -19 -20 -21 24 22 23 -25 -26 26 -28 -29 -30 -31
leaf_value=0.030481844031205671 0.046087142091779373 0.015211372553005822 0.028411157210366585 0.053037410483279271 -0.031058874763274642 -0.0080644904239696464 0.020693643222922459 0.017518337274677647 -0.012479736840123008 -0.056554253053873418 -0.047493139501111697 0.029399152611161206 -0.0056419439035507793 -0.046545683708425663 0.0033235880736419486 0.006256463978449537 0.007967691624799737 -0.04570651290460552 -0.10078712488840001 0.010535011756643604 -0.056075009811547033 0.014253741779039035 -0.047676415293633478 0.043241974339481043 -0.0040803049318564634 0.00074457151279297212 -0.00613571539656497 -0.068944139963085224 -0.039844136107029429 -0.0020889377204949154
leaf_weight=94.59818759560585 15.333063945174223 715.66653196513653 51.565932989120483 15.781008914113047 11.134985625743864 12.23348778486252 230.97194063663483 162.81808486580849 106.59892085194588 14.303017929196356 22.615238949656487 75.355570316314697 1710.4913248494267 15.979614689946173 963.85119132325053 361.784294962883 257.57708635926247 59.141533508896828 7.3613213896751395 237.21316999197006 24.461540281772614 442.76865991950035 22.021821141242985 6.9939491003751746 46.927751198410988 11831.618570834398 966.29475679993629 5.8811640590429297 7.0972555577754965 59.309628069400787
leaf_count=246 38 1950 134 37 42 36 613 438 325 51 76 195 5219 56 2882 1056 745 221 30 683 104 1187 76 16 168 35196 2894 24 26 172
internal_value=0.00135892 0.00377587 0.000455502 -0.0191801 0.0182473 0.00192141 0.0105023 0.00235766 0.00564914 0.0108458 0.00147608 0.000639109 -0.000724698 0.00932174 0.00521439 0.0040229 -0.00386074 -0.0306994 -0.0428983 0.00407686 0.000623184 0.000743867 0.0117927 -0.0257615 -0.0218963 0.000338195 0.000225082 0.000649958 0.0188973 -0.0146227
internal_weight=18555.8 5048.73 13507 114.369 26.916 3999.62 519.984 289.012 269.417 1049.11 333.441 3479.64 3007.28 472.362 1039.21 377.764 1968.07 87.453 19.5948 319.138 13392.7 13321.3 471.784 29.0158 71.3893 12849.5 12797.9 28.3115 22.4303 81.9249
internal_count=54936 14773 40163 388 79 11841 1442 829 763 2932 982 10399 9041 1358 3077 1112 5964 309 66 931 39775 39503 1279 92 272 38224 38090 88 64 248
is_linear=0
shrinkage=0.05


Tree=68
num_leaves=31
num_cat=0
split_feature=37 25 21 21 37 9 21 34 44 12 44 7 14 22 37 28 28 39 21 37 8 3 52 54 44 30 53 22 5 12
split_gain=14.7339 16.7257 16.4207 26.8593 25.3436 20.6077 26.2587 36.4572 25.3514 16.2881 15.5971 20.8198 15.4985 13.7844 21.0545 18.6161 13.2862 18.983 16.0102 14.0732 10.9668 13.9234 9.95928 14.0866 12.2267 9.58885 8.1644 8.4857 14.1984 8.1476
threshold=-0.28395000100135798 0.084650002419948592 25.60999965667725 22.125000000000004 1.24414998292923 1.0000000180025095e-35 17.925000190734867 98.500000000000014 -0.18955000489950177 -0.22720000147819516 -0.11784999817609786 40.393621444702156 1.5077499747276308 3.3658000230789189 0.75975000858306896 0.013795000035315754 0.078555002808570876 0.19944999366998675 24.190000534057621 0.54944998025894176 0.032792627811431892 1.0794286727905276 1.5000000000000002 0.97944998741149913 0.06854999810457231 0.063534997403621687 0.44005000591278082 2.9761500358581547 13.110776901245119 -0.11158499866724013
decision_type=2 2 2 2 2 2 2 2 2 2 2 2 2 2 2 2 2 2 2 2 2 2 2 2 2 2 2 2 2 2
left_child=1 29 3 5 9 6 8 -8 -2 10 12 -12 -4 15 -15 -7 17 18 -5 -19 21 -6 23 -3 -25 -11 27 -24 -29 -1
right_child=2 22 4 16 20 13 7 -9 -10 25 11 -13 -14 14 -16 -17 -18 19 -20 -21 -22 -23 26 24 -26 -27 -28 28 -30 -31
leaf_value=-0.060542195429803172 0.010936725918149466 0.022924118946383552 -0.027137021103272999 -0.016698629017681106 -0.066130235768261797 -0.0091020386447530233 0.024380993424091932 -0.00020244083554846206 -4.2380167998287988e-05 0.035399625583898739 0.049898842426947754 -0.0050004200837655789 0.034169471067384924 0.0043831210510630004 -0.0010381199711067977 -0.0003509510324367904 0.010251836532035099 -0.011204018119516169 0.0050728888862283279 -0.044814386155061559 -0.078546957471765211 0.016249090515442322 0.025761695402866047 -0.0098985081586149201 -0.085255065765342058 -0.014678236510219669 0.043576257419211978 -0.0045009991906310833 0.032330425433605516 0.0064941890998445649
leaf_weight=11.396097943186762 698.60061840713024 23.472405403852463 45.310296803712845 189.92026594281197 7.7440768629312577 675.47832952439785 358.70110563933849 260.220463976264 2125.4692845791578 113.87787976861 33.823582336306572 35.28583063185215 13.345344737172125 3935.33970721066 3286.7652034759521 6058.3667313829064 69.824901223182678 56.50885683298111 152.04439523071051 69.388117387890816 8.3314094841480237 15.190246865153311 106.2394162863493 20.509677767753605 7.2982229292392722 10.434986822307108 28.878928028047085 87.353422097861767 37.356305204331875 7.5259234607219687
leaf_count=40 1936 62 145 608 30 2217 928 751 6271 285 78 103 36 11566 9741 18161 191 173 437 245 32 41 276 62 28 32 70 268 102 21
internal_value=0.00129146 0.0117616 0.0011018 0.000913145 0.0130446 0.00125328 0.00471774 0.0140451 0.00267356 0.018311 0.00577412 0.0218684 -0.0131886 0.000398582 0.00191593 -0.00122878 -0.0100932 -0.0131296 -0.00701857 -0.0297284 -0.0294155 -0.0115674 0.0145376 -0.00559945 -0.0296759 0.031196 0.0185119 0.0153777 0.00653171 -0.0338796
internal_weight=18550 330.03 18220 17936.6 283.344 17398.9 3442.99 618.922 2824.07 252.078 127.765 69.1094 58.6556 13955.9 7222.1 6733.85 537.687 467.862 341.965 125.897 31.2657 22.9343 311.108 51.2803 27.8079 124.313 259.828 230.949 124.71 18.922
internal_count=54936 929 54007 53225 782 51571 9886 1679 8207 679 362 181 181 41685 21307 20378 1654 1463 1045 418 103 71 868 152 90 317 716 646 370 61
is_linear=0
shrinkage=0.05


Tree=69
num_leaves=31
num_cat=0
split_feature=37 28 33 37 0 31 16 35 23 33 49 33 55 21 21 23 3 6 8 29 54 55 37 21 21 2 37 12 51 50
split_gain=14.4328 23.691 22.9156 20.2701 20.6775 19.7348 18.8035 16.9926 16.4394 15.9537 15.6198 18.7596 18.3659 17.6552 16.2321 14.9309 14.5937 15.1458 13.443 16.5996 14.6062 14.705 19.1147 13.9 31.7864 22.6643 19.7248 17.0132 13.5975 12.7715
threshold=0.26624999940395361 0.032554998993873603 -0.40604999661445612 0.25894999504089361 0.27208043634891516 0.2472300007939339 0.91554999351501476 22.500000000000004 85.384998321533217 -0.02515000011771917 0.35195000469684606 -0.3287499994039535 0.020750000141561035 12.38000011444092 12.429999828338625 72.225002288818374 0.011810997501015665 0.31032894551754003 1.4894831180572512 0.10618999972939493 1.3383000493049624 0.22234999388456347 1.751849949359894 25.60999965667725 21.85999965667725 0.65618824958801281 1.24414998292923 -0.23602499812841413 0.01366499997675419 1.0000000180025095e-35
decision_type=2 2 2 2 2 2 2 2 2 2 2 2 2 2 2 2 2 2 2 2 2 2 2 2 2 2 2 2 2 2
left_child=1 7 3 4 -3 29 -6 8 16 -7 11 12 -9 15 -15 -12 -1 -18 19 23 28 -22 -23 24 27 -26 -25 -2 -21 -4
right_child=18 2 5 -5 6 9 -8 10 -10 -11 13 -13 -14 14 -16 -17 17 -19 -20 20 21 22 -24 26 25 -27 -28 -29 -30 -31
leaf_value=0.03998216514376491 0.003375862855586192 0.019437536988342732 0.011879220810293354 0.055723387201945078 0.020888889630475842 -0.062589076722501913 -0.017321073313764753 -0.036279080722904436 -0.04337472310078537 0.0012006588334586617 0.033776123038277733 -0.021837997339516215 0.041752133935116141 -0.062906637319562864 0.0079900313119618122 -0.033875264908826697 -0.00094777213463229494 0.014043141632068585 -0.033299808555695386 0.020968053709117362 0.020578253568353216 -0.10226694764776552 0.018943557316317514 0.018036480456262566 -0.021819748556845573 -0.00021472747244252177 -0.025513413793250145 -0.00072671343093185404 -0.0011811283358278538 0.026160532505105191
leaf_weight=22.935666188597679 3534.1726518124342 73.480917021632195 349.78228223323822 15.063769295811651 38.597597911953926 11.174954280257223 194.18782734870911 10.386863172054289 21.75077249109745 79.759870119392872 103.94256518781185 86.152032315731049 27.520168915390968 8.1671770364046079 703.87106304615736 8.8503634184598905 2824.741094019264 179.17814208567142 29.571500524878502 221.82904382050037 9.8405609875917452 9.1091074645519239 5.058966636657714 199.5514971613884 280.87810218334198 213.77464558184147 29.895576611161232 8867.8538527935743 100.76877933740616 283.37204388529062
leaf_count=56 10225 191 978 33 100 39 586 37 102 266 264 279 68 31 2007 32 8481 484 124 572 26 36 13 539 912 630 97 26684 305 739
internal_value=0.0012274 0.0035098 0.0102113 -0.000901218 -0.00368631 0.0151427 -0.0109856 0.00175724 -6.14717e-05 -0.00663844 0.00760042 -0.00894081 0.0203709 0.0100883 0.00717684 0.0284678 0.000249774 -5.35923e-05 0.000374952 0.000448866 0.0112493 -0.0263749 -0.0589865 0.000163671 -5.33548e-05 -0.0124827 0.0123622 0.000442387 0.0140494 0.0182709
internal_weight=18545.2 5042.92 1045.42 321.33 306.266 724.089 232.785 3997.5 3048.61 90.9348 948.89 124.059 37.907 824.831 712.038 112.793 3026.85 3003.92 13502.3 13472.7 346.606 24.0086 14.1681 13126.1 12896.7 494.653 229.447 12402 322.598 633.154
internal_count=54936 14773 2932 910 877 2022 686 11841 9123 305 2718 384 105 2334 2038 296 9021 8965 40163 40039 952 75 49 39087 38451 1542 636 36909 877 1717
is_linear=0
shrinkage=0.05


Tree=70
num_leaves=31
num_cat=0
split_feature=44 40 21 21 35 35 35 21 21 21 12 57 6 21 0 28 6 27 36 7 34 21 14 36 27 12 13 54 53 8
split_gain=16.9859 15.2397 36.6473 40.1348 34.6264 24.5364 30.7889 29.0263 24.048 27.4574 23.7248 20.853 18.9551 18.41 15.4144 14.3022 26.4193 21.8563 21.6738 21.6032 17.0028 16.8745 12.6137 13.0803 10.1369 9.34502 10.4144 23.6135 7.87231 6.5911
threshold=0.95304998755455028 1.0000000180025095e-35 13.465000152587892 13.394999980926515 1.0000000180025095e-35 10.500000000000002 13.500000000000002 15.090000152587892 21.279999732971195 19.545000076293949 -0.29231500625610346 1.0000000180025095e-35 -0.38418400287628168 12.614999771118166 2.4441938400268559 0.018655000254511837 -0.024752721190452572 0.00087499999790452432 0.90009999275207531 48.468488693237312 11.500000000000002 15.675000190734865 0.55994999408721935 0.15075000375509265 -0.0010449999826960263 -0.31134499609470362 1.9558549523353579 1.1030499935150149 0.32205000519752508 0.028191268444061283
decision_type=2 2 2 2 2 2 2 2 2 2 2 2 2 2 2 2 2 2 2 2 2 2 2 2 2 2 2 2 2 2
left_child=1 2 3 12 8 7 -7 -6 9 -4 -5 -10 29 -14 15 16 19 21 -18 -3 -19 -17 23 24 -2 -16 27 -27 -12 -1
right_child=22 14 4 10 5 6 -8 -9 11 -11 28 -13 13 -15 25 17 18 20 -20 -21 -22 -23 -24 -25 -26 26 -28 -29 -30 -31
leaf_value=-0.087066619407848225 0.040088515255943043 -0.022131617719574587 0.012133308397121229 0.068878165147640988 -0.015345365733989723 0.018263009580213006 0.0013445283911295779 -0.00070219397405185972 -0.038732363486940799 0.045015636641102717 0.029587749662104569 0.014061764075412073 0.017555817554982363 -0.0028258376058028535 0.063554065933171242 0.0010759973079343694 0.00060291281907609096 -0.0061450174514035803 -0.014970965769978369 0.00034827397185024228 -2.9697183973123991e-05 0.0081012622419060782 0.040927790140710046 -0.061853233325197127 -0.024639493849800922 -0.071675061814141697 0.052270130649117987 0.023114198213548331 -0.039895988804509279 -0.011192301957512403
leaf_weight=6.4398841559886915 16.478089556097984 314.18825559318066 196.17105878889561 48.948821529746056 451.29238460212946 297.54904876276851 2794.2183059155941 1353.1588680036366 32.979386657476425 93.86088265478611 9.4984723776578921 43.211025148630142 361.0190265327692 159.85048861801624 12.244212552905081 2905.472289159894 1750.7199101448059 1526.612982109189 256.07592499256134 161.96850053220987 4449.5156046524644 1211.0382743999362 45.616556361317635 6.7336107343435279 9.5566739588975924 8.5660025775432569 13.578614845871924 28.200486034154892 7.1410741358995429 5.1521821916103363
leaf_count=25 41 1065 533 99 1413 822 8246 3953 109 225 24 118 996 482 27 8550 5373 4599 918 493 13253 3441 110 25 31 31 30 74 24 16
internal_value=0.000701779 0.000603361 0.00271084 0.0144395 0.00137793 0.000268701 0.00297275 -0.00436444 0.0162078 0.0227748 0.0513451 -0.00879043 0.0098935 0.0113009 -0.000373903 -0.000497093 -0.00389667 0.000339259 -0.00138438 -0.0144849 -0.00159187 0.00314276 0.0239281 0.000262904 0.0163286 0.0243778 0.0148499 0.00102982 -0.000232085 -0.0533437
internal_weight=18577.1 18498.7 5860.49 598.05 5262.44 4896.22 3091.77 1804.45 366.222 290.032 65.5884 76.1904 532.462 520.87 12638.2 12575.6 2482.95 10092.6 2006.8 476.157 5976.13 4116.51 78.3849 32.7684 26.0348 62.5893 50.3451 36.7665 16.6395 11.5921
internal_count=55146 54939 17085 1666 15419 14434 9068 5366 985 758 147 227 1519 1478 37854 37692 7849 29843 6291 1558 17852 11991 207 97 72 162 135 105 48 41
is_linear=0
shrinkage=0.05


Tree=71
num_leaves=31
num_cat=0
split_feature=37 29 15 23 1 39 48 16 51 12 15 5 44 12 3 8 33 2 23 45 12 12 32 8 31 44 30 27 30 23
split_gain=17.8568 18.5713 19.9432 19.1934 23.1481 18.2745 21.7223 18.2636 17.6338 24.9803 21.9961 16.981 16.6724 15.7205 14.9406 14.3659 13.9143 15.951 13.2386 13.0787 13.0297 29.5791 20.6968 17.3977 15.552 21.8713 16.3455 12.8944 12.6795 18.8365
threshold=0.26624999940395361 0.025644999928772453 0.99285000562667858 63.065000534057624 0.073216337710618987 0.00074999997741542767 0.19855000078678134 1.1887499690055849 0.0013649999746121468 -0.4133750051259994 1.0314499735832217 -12.749053955078123 0.95304998755455028 -0.15539499372243878 0.46469949185848242 0.12090384960174562 -0.30044999718666071 0.64033353328704845 71.465000152587905 0.37935000658035284 -0.34644499421119684 -0.60591498017311085 1.0000000180025095e-35 -0.010344743728637694 -0.016055000014603135 -0.11784999817609786 0.013764999806880953 0.015815000049769882 -0.010385000146925448 62.444999694824226
decision_type=2 2 2 2 2 2 2 2 2 2 2 2 2 2 2 2 2 2 2 2 2 2 2 2 2 2 2 2 2 2
left_child=1 2 3 5 13 -1 -7 11 10 -10 27 19 20 -5 -12 -14 -13 -18 -11 -3 21 22 -2 -24 25 -23 -26 -4 -22 -30
right_child=12 7 8 4 -6 6 -8 -9 9 18 14 16 15 -15 -16 -17 17 -19 -20 -21 28 24 23 -25 26 -27 -28 -29 29 -31
leaf_value=0.044309841339712795 -0.011114098462974122 0.0029884140922756025 -0.00086112905637813868 0.015904171994930286 0.033764019495605202 0.0070184194413153607 -0.0065604477835781543 -0.0072177752500641986 0.015042211820968657 -0.0055960836160175572 0.040093039235086808 0.0033883890054926232 -0.013914272150644167 -0.044766585432902579 0.010201878837417466 0.040852825484712245 0.025784141015436898 0.0090056378285192223 -0.024065540763194861 -0.093367265778303316 -0.0037103378550344362 0.0085156063402299208 0.042204083696248729 -0.03704328466992339 0.02152830285589729 -0.0091479019046029741 0.0063677149517059788 0.069978669754613407 0.0021041978778276616 -0.0026782725063009354
leaf_weight=27.769696816802025 417.70074513554573 7.5305134207010251 725.30502172186971 26.430249229073524 118.08551958948374 1097.7695671468973 402.51436403393745 141.01596181839705 140.82025593519211 1125.930121563375 55.930757567286491 251.33478170633316 16.456371575593948 17.913283661007881 165.51907178759575 43.958829492330551 287.69229029119015 279.04766748100519 106.17175460606813 6.6154514849185944 3195.7517166882753 439.99014280736446 33.26243782043457 8.7469168156385404 271.80181430280209 291.26363480091095 514.00976288318634 6.4811131954193106 4664.1512035578489 3686.0369400382042
leaf_count=66 1284 22 2223 72 302 3136 1226 432 383 3434 137 714 53 66 461 105 764 791 367 26 9718 1217 79 29 721 884 1453 15 13936 11030
internal_value=0.000666972 0.00322489 0.00172339 0.00585624 0.0221972 0.00411923 0.00337532 0.00942169 -0.00128007 -0.00490751 0.00394446 0.0122412 -0.000272699 -0.00860476 0.0177514 0.0259349 0.0131804 0.0175229 -0.00718762 -0.0420729 -0.000389787 0.00336116 -0.0077496 0.0257037 0.00672801 0.0014801 0.0116116 -0.000233732 -0.00103198 -6.93569e-06
internal_weight=18573 4989.88 4016.64 1690.48 162.429 1528.05 1500.28 973.237 2326.16 1372.92 953.236 832.221 13583.1 44.3435 221.45 60.4152 818.075 566.74 1232.1 14.146 13522.7 1976.78 459.71 42.0094 1517.07 731.254 785.812 731.786 11545.9 8350.19
internal_count=55146 14637 11888 4868 440 4428 4362 2749 7020 4184 2836 2317 40509 138 598 158 2269 1555 3801 48 40351 5667 1392 108 4275 2101 2174 2238 34684 24966
is_linear=0
shrinkage=0.05


Tree=72
num_leaves=31
num_cat=0
split_feature=37 33 55 39 0 37 15 44 55 52 51 13 30 15 30 28 28 21 0 28 51 52 15 33 13 27 27 28 21 55
split_gain=16.1266 16.8189 15.6005 20.8401 21.0257 19.6727 16.8678 15.1081 14.3898 17.1679 18.2791 18.1244 17.2721 16.7752 20.1348 18.8109 14.0435 13.9902 18.9375 17.2856 19.5116 18.2361 17.2241 19.0084 14.0631 13.9374 13.7337 13.6272 14.4086 13.3263
threshold=0.26624999940395361 0.11545000225305559 0.048049999400973327 0.1430500000715256 0.86642402410507213 -0.14625000208616254 1.0300499796867373 0.95304998755455028 -0.072949998080730424 2.5000000000000004 0.034934999421238906 0.78301000595092785 -0.11010000109672545 0.94255000352859508 0.044405000284314163 0.0090049998834729212 0.013174999970942737 13.650000095367433 0.52257049083709728 0.013174999970942737 0.010284999851137401 4.5000000000000009 0.97084999084472667 0.18695000559091571 0.089515000581741347 -0.0082649998366832716 -0.0010449999826960263 0.1179499998688698 12.704999923706056 0.14475000649690631
decision_type=2 2 2 2 2 2 2 2 2 2 2 2 2 2 2 2 2 2 2 2 2 2 2 2 2 2 2 2 2 2
left_child=1 2 3 4 6 -5 -1 8 13 27 12 -12 -11 14 -2 -15 -7 18 24 20 -19 29 -20 -24 -3 -23 -17 28 -10 -21
right_child=7 17 -4 5 -6 16 -8 -9 9 10 11 -13 -14 15 -16 26 -18 19 22 21 -22 25 23 -25 -26 -27 -28 -29 -30 -31
leaf_value=-0.0045997433334316268 -0.011825046208642564 -0.027420056742204765 0.0050826236430618647 0.01440168118537217 0.022172923577821513 0.015805448411117692 0.0085776917718401614 0.024737776446455521 0.0050541912622315763 0.02975739931723656 -0.0012548938992620823 -0.049399838246097325 0.0030260368171317401 -0.040324363374316163 -0.067918024971126464 0.0029017096319507926 -0.030975810902154389 0.00019554409005793525 0.028099716023489232 0.006364426233602523 -0.064470232648687134 -0.0073029004992265605 0.021255836303825965 -0.043017398780200132 0.0066342312896906057 0.027154954649104043 -0.0032648232861560824 0.013326177792895922 -0.0035266596501645148 0.026153091072253106
leaf_weight=1174.610191244632 88.851114183664322 32.958885058760643 1196.7109503224492 38.310121469199657 96.835694223642349 18.140640832483768 306.14469756186008 60.180000454187393 581.0653663277626 61.262241899967194 48.879018500447273 32.576091155409813 4441.7841197997332 31.881757035851479 19.511323288083076 1185.4752086400986 138.70564150810242 241.43385097384453 14.727642193436621 898.62486502528191 12.257191762328146 33.495756611227989 14.148826852440832 61.524678982794285 378.1411559805274 236.86070322245359 3788.143661737442 147.56244333088398 3094.9160118699074 93.974952027201653
leaf_count=3612 275 115 3436 113 250 57 861 158 1693 153 143 121 13087 119 73 3526 465 732 38 2573 46 99 37 211 1106 637 11412 433 9316 249
internal_value=0.000633844 0.00306535 0.000671706 -0.00230593 -0.000399191 -0.0177195 -0.00187532 -0.000259053 -0.000370303 0.000901751 0.00296508 -0.0205094 0.00338971 -0.00246177 -0.0219249 -0.00204042 -0.0255652 0.00658731 -0.000652247 0.00898118 -0.00292881 0.0113735 -0.0213719 -0.0310001 0.00390402 0.0228858 -0.00179501 -0.00157222 -0.00217028 0.00823793
internal_weight=18569.7 4987.61 2969.46 1772.75 1577.59 195.156 1480.75 13582.1 13521.9 8408.05 4584.5 81.4551 4503.05 5113.86 108.362 5005.5 156.846 2018.15 501.501 1516.65 253.691 1262.96 90.4011 75.6735 411.1 270.356 4973.62 3823.54 3675.98 992.6
internal_count=55146 14637 8794 5358 4723 635 4473 40509 40351 24946 13504 264 13240 15405 348 15057 522 5843 1507 4336 778 3558 286 248 1221 736 14938 11442 11009 2822
is_linear=0
shrinkage=0.05


Tree=73
num_leaves=31
num_cat=0
split_feature=37 27 35 55 15 1 13 7 30 27 15 55 28 13 28 37 25 25 35 51 35 30 15 16 37 44 35 23 5 54
split_gain=14.9184 41.5071 22.1184 23.7846 19.9776 25.3607 19.8087 20.2112 17.8718 20.3843 18.6082 17.5531 17.7785 20.1017 17.2813 17.9039 27.4536 16.6689 27.1408 17.7207 16.6473 16.6033 17.6156 17.3798 15.8038 15.4675 15.4286 14.9683 14.8565 14.0967
threshold=0.75975000858306896 0.012844999786466362 1.5000000000000002 0.093350000679492964 1.0062499642372134 0.25759512186050421 0.22328499704599383 45.606809616088874 0.11449500173330308 -0.0005250000103842466 1.0050500035285952 -0.11604999750852583 0.034095000475645072 0.76248499751091015 0.014165000058710577 0.32395000755786901 0.55634999275207531 2.0498999357223515 23.500000000000004 0.034934999421238906 15.500000000000002 -0.011675000190734862 0.97664999961853038 1.0733500123023989 0.66844999790191661 0.32234999537467962 24.500000000000004 60.844999313354499 -20.434080123901364 0.93334999680519115
decision_type=2 2 2 2 2 2 2 2 2 2 2 2 2 2 2 2 2 2 2 2 2 2 2 2 2 2 2 2 2 2
left_child=1 2 3 4 24 -6 7 29 9 -2 26 12 13 -11 15 25 -17 19 -19 -16 -14 22 -13 -23 -1 -4 -10 -8 -12 -3
right_child=8 6 14 -5 5 -7 27 -9 10 11 28 21 20 -15 17 16 -18 18 -20 -21 -22 23 -24 -25 -26 -27 -28 -29 -30 -31
leaf_value=0.011602369838335369 0.0087863943028608504 -0.039612035543190816 -0.0043522281890635908 0.018306585135183746 0.0031843085200427539 -0.023094268782372362 0.002842329855049403 0.035771485684031844 -0.040662233551691754 -0.024580721397611582 0.042789665389508104 0.0053896324636558786 0.00092119112902776809 0.013166521312504753 0.0016616902059984518 -0.027030728975835257 0.0018659960629914482 -0.0099421551332220595 0.011259977669160906 -0.027157682638763427 -0.013430542346108416 0.0028969157025994126 -0.011893717862127576 -0.0068025866417873978 -0.032372435689601464 0.013402395941902005 0.045054174603255039 0.019482793096080416 0.0055572913832068012 0.014609833786203645
leaf_weight=471.90631349384785 351.80960458517075 14.887113764882086 902.21367976814508 341.32305678725243 291.74005560576916 133.97362332046032 468.66412746161222 146.35079933702946 34.745388746261597 261.04559002816677 27.765844464302063 191.5620296895504 466.58304862678051 40.77938574552536 8563.1459592729807 200.00349918007851 139.54066520929337 734.23567292094231 189.99822746217251 53.674247711896896 356.39853005111217 1728.4134006798267 639.91345819830894 630.23410728573799 21.355720773339272 141.97277316451073 6.1841289550065985 189.89492812752724 764.37116949260235 61.531237676739693
leaf_count=1301 1040 49 2868 916 846 428 1396 372 127 903 68 551 1357 118 25253 707 450 2273 533 172 1104 5124 1989 1884 70 409 15 507 2150 166
internal_value=0.000602307 0.00152184 0.000763944 0.00703589 0.00284976 -0.00508565 0.0120003 0.0248887 -0.00158231 -0.00278655 0.00516372 -0.00373013 -0.00910075 -0.0194807 4.04032e-05 -0.00518144 -0.0151552 0.000797723 -0.00558355 0.00148217 -0.00529394 -0.0018365 -0.00791184 0.000305194 0.00969849 -0.00193822 -0.0277112 0.00764059 0.00686235 0.00404683
internal_weight=18566.2 13066.4 12185.1 1260.3 918.976 425.714 881.328 222.769 5499.81 4666.74 833.067 4314.93 1124.81 301.825 10924.8 1383.73 339.544 9541.05 924.234 8616.82 822.982 3190.12 831.475 2358.65 493.262 1044.19 40.9295 658.559 792.137 76.4184
internal_count=55146 38716 36226 3561 2645 1274 2490 587 16430 14070 2360 13030 3482 1021 32665 4434 1157 28231 2806 25425 2461 9548 2540 7008 1371 3277 142 1903 2218 215
is_linear=0
shrinkage=0.05


Tree=74
num_leaves=31
num_cat=0
split_feature=37 29 17 7 1 34 16 51 12 17 35 27 28 31 17 12 17 35 3 8 53 51 34 21 1 16 27 49 41 37
split_gain=13.9634 16.0184 18.2607 17.6811 21.1374 24.4419 16.6541 15.6966 22.3768 19.3224 16.1207 15.4525 18.7044 13.7317 24.2704 17.2151 23.0013 20.3645 19.0825 19.035 23.6886 18.3 25.9265 23.9559 17.8241 17.7978 16.5262 15.0258 14.9118 18.9641
threshold=0.26624999940395361 0.025644999928772453 0.99285000562667858 62.413108825683601 0.073216337710618987 129.50000000000003 1.1887499690055849 0.0013649999746121468 -0.4133750051259994 1.0314499735832217 27.500000000000004 -0.0067249999847263089 0.038465000689029701 0.17130499333143237 1.0001500248908999 -0.0057449999731034032 1.0857500433921816 20.000000000000004 4.3540585041046151 0.12090384960174562 0.29275000095367437 0.0010350000229664149 216.50000000000003 12.675000190734865 0.39896100759506231 1.0733500123023989 -0.0036150000523775812 0.50470000505447399 1.0000000180025095e-35 0.75325000286102306
decision_type=2 2 2 2 2 2 2 2 2 2 2 2 2 2 2 2 2 2 2 2 2 2 2 2 2 2 2 2 2 2
left_child=1 2 3 11 5 -5 -3 9 10 -4 -9 12 -1 15 28 21 17 18 -17 -18 -21 23 24 -2 -23 -25 -24 -19 -15 -30
right_child=13 6 7 4 -6 -7 -8 8 -10 -11 -12 -13 -14 14 -16 16 19 27 -20 20 -22 22 26 25 -26 -27 -28 -29 29 -31
leaf_value=-0.0069246781007153181 0.0064405495359050064 0.011301843873951946 -0.00041745012431788865 -0.057486357231175733 0.030841397710931591 0.01701177420083709 -0.0072891609877098447 0.018124574639710438 -0.0070144218907954581 0.016452999165366102 -0.056265011779447108 0.0077203528389107774 0.015630825087773342 -0.0042015981737545055 0.0068458228919779408 -0.012582996685721617 0.028336307245434667 -0.057859647328017176 0.029908005863004322 -0.057643145853494483 0.017593801609597025 0.0033152762089141679 0.007145674888215609 -0.0034449470828995135 -0.0026889194148480441 -0.013927067237353498 -0.0098456885262799866 -0.020735222803156161 -0.019901344429119075 -0.096943212846841847
leaf_weight=482.61951203644276 528.72643485665321 829.30150713026524 731.13059007003903 16.38599556684494 129.94414675980806 33.557650677859783 140.93596242368221 132.82092434167862 1231.2103308662772 221.03799970448017 7.7053371965885153 913.05328226089478 113.53584025800228 154.89745706319809 1275.6667563468218 217.12880639731884 62.033653914928436 38.931229114532471 30.083874449133873 18.491317585110664 24.093968704342842 5449.4497995227575 174.64589333534241 2593.8548829555511 1598.6736956238747 479.87467361986637 792.39931455254555 90.883744820952415 38.142749294638634 10.103429481387137
leaf_count=1450 1553 2317 2238 62 334 93 432 356 3801 598 27 2630 299 463 3561 705 157 144 75 65 64 16096 513 7917 4767 1499 2469 303 118 40
internal_value=0.000572323 0.00283606 0.00144217 0.00539835 0.0202157 -0.00743029 0.00860133 -0.00143333 -0.00485694 0.00349888 0.0140456 0.00363221 -0.00262906 -0.000258481 0.00428968 -0.000814371 -0.0100771 -0.0158329 -0.00741217 0.0106655 -0.0150755 -0.000430353 0.00090004 -0.00339037 0.00195339 -0.00508143 -0.00677709 -0.0318688 -0.011762 -0.036035
internal_weight=18561.3 4983.24 4013 1689.1 179.888 49.9436 970.237 2323.91 1371.74 952.169 140.526 1509.21 596.155 13578.1 1478.81 12099.3 481.647 377.028 247.213 104.619 42.5853 11617.6 8015.17 3602.46 7048.12 3073.73 967.045 129.815 203.144 48.2462
internal_count=55146 14637 11888 4868 489 155 2749 7020 4184 2836 383 4379 1749 40509 4182 36327 1513 1227 780 286 129 34814 23845 10969 20863 9416 2982 447 621 158
is_linear=0
shrinkage=0.05


Tree=75
num_leaves=31
num_cat=0
split_feature=49 53 28 35 1 45 12 33 12 48 22 28 37 3 7 55 39 5 3 33 34 22 45 34 13 30 33 37 48 2
split_gain=15.5506 25.7465 22.6676 16.7446 24.4642 25.1961 20.0832 17.3773 23.4989 22.1712 19.3664 19.2298 18.2479 29.8794 20.7829 16.4538 16.3463 23.0952 21.7037 16.2569 16.2036 26.6373 15.9675 15.939 17.8939 17.8105 15.8961 15.6327 24.5331 15.3495
threshold=0.19849999994039538 0.056949999183416374 0.084724999964237227 1.5000000000000002 0.33271364867687231 1.0434499979019167 -0.25204500555992121 -0.013749999925494192 -0.68866500258445729 0.50244998931884777 1.9822500348091128 0.044874999672174461 0.35645000636577612 0.34839294850826269 48.870534896850593 0.69054999947547924 0.13364999741315844 -4.0223605632781974 0.72497507929801952 -0.37105000019073481 170.50000000000003 3.504350066184998 9.3051500320434588 8.5000000000000018 0.95539000630378734 -0.011675000190734862 0.082450002431869521 0.52555000782012951 0.97724997997283947 0.82217830419540416
decision_type=2 2 2 2 2 2 2 2 2 2 2 2 2 2 2 2 2 2 2 2 2 2 2 2 2 2 2 2 2 2
left_child=1 -1 15 4 5 27 -6 8 9 10 -5 -10 13 26 -15 -3 18 -18 -8 -13 22 -22 -7 24 -14 -25 -9 -2 -29 -4
right_child=3 2 29 7 6 20 16 12 11 -11 -12 19 23 14 -16 -17 17 -19 -20 -21 21 -23 -24 25 -26 -27 -28 28 -30 -31
leaf_value=0.017982379654602733 0.010513988686043788 -0.005998513427189032 -0.0032739717731635927 0.028449143767399116 -0.041943973973335637 0.02754770101086091 -0.0071222658324915202 0.0068691401138736095 -0.0024547419492613708 -0.058821275016037879 -0.023202919289220456 0.00039435504691670575 -0.010450606322422513 -0.0026252406203084227 0.0066389507654347098 -0.066038206748537401 -0.067475568028202135 -0.0068178826271853331 0.022345278591871742 0.015352332118575307 -0.025636616471178281 0.021303994749508656 -0.0087805323408341168 -0.0034957106595587834 0.0024445452065022396 0.0032697056350671386 0.030898326211733797 -0.0080586165851566378 0.034852509259393337 0.018067844700489121
leaf_weight=137.82818496227264 425.27979858219624 1927.0457520410419 163.98225185275078 23.813406139612198 32.4022236764431 318.59212605655193 130.1391761675477 119.52771839499474 4057.3008584566414 31.830059334635735 76.271089896559715 469.24641069769859 634.42075112462044 899.40208806842566 1851.8642248138785 11.479143559932707 17.501919507980347 151.7825288772583 120.20136442780495 296.38027927279472 48.997967094182968 78.872360780835152 33.420365676283836 1284.4313754439354 467.09677472710609 4009.6687698066235 162.25565296411514 323.38447576761246 37.133008643984795 173.27474646270275
leaf_count=379 1188 5801 485 62 111 824 391 340 12464 120 245 1357 2002 2689 5407 42 66 458 318 793 158 208 101 3887 1332 11802 415 968 94 465
internal_value=0.000740851 -0.0030018 -0.00427266 0.00130188 0.00596778 0.00953378 -0.00401706 0.000744671 -0.00165272 -0.0224731 -0.0109132 -0.00108325 0.00200452 0.00519865 0.00361044 -0.00635404 -0.00108845 -0.0130891 0.00702662 0.00618471 0.0185612 0.00331707 0.0240987 0.000489741 -0.00498244 0.00162831 0.0207056 0.0040208 -0.00363881 0.00769095
internal_weight=18514.8 2413.61 2275.78 16101.2 1717.71 1265.68 452.027 14383.5 4954.84 131.915 100.084 4822.93 9428.67 3033.05 2751.27 1938.52 419.625 169.284 250.341 765.627 479.883 127.87 352.012 6395.62 1101.52 5294.1 281.783 785.797 360.517 337.257
internal_count=54972 7172 6793 47800 4885 3541 1344 42915 15041 427 307 14614 27874 8851 8096 5843 1233 524 709 2150 1291 366 925 19023 3334 15689 755 2250 1062 950
is_linear=0
shrinkage=0.05


Tree=76
num_leaves=31
num_cat=0
split_feature=21 49 35 21 22 9 21 21 35 12 8 15 5 21 35 51 37 48 25 13 23 33 12 53 13 12 51 3 5 27
split_gain=16.8977 23.1437 18.5971 41.695 35.356 19.9511 21.7526 76.9562 24.2736 19.621 19.3008 23.7928 19.0657 17.9685 35.2439 29.0453 26.2219 19.9708 20.9017 18.0917 18.7652 18.9895 17.514 16.9608 16.7565 19.2034 16.899 16.4293 16.2991 20.4988
threshold=12.704999923706056 0.88494998216629039 1.0000000180025095e-35 13.47499990463257 0.98295000195503246 1.0000000180025095e-35 13.394999980926515 13.434999942779543 23.500000000000004 -0.053515000268816941 0.0036910772323608403 0.97975000739097606 -5.617262363433837 11.364999771118166 14.500000000000002 0.034934999421238906 1.9136499762535097 0.18384999781847003 0.23715000599622729 0.36426499485969549 38.905000686645515 0.21564999967813495 -0.24931000173091886 1.0000000180025095e-35 1.2865999937057497 0.0039999999571591624 -0.014704999979585407 1.1190323233604433 15.817850589752199 -0.00043499999446794385
decision_type=2 2 2 2 2 2 2 2 2 2 2 2 2 2 2 2 2 2 2 2 2 2 2 2 2 2 2 2 2 2
left_child=1 13 3 -2 -5 6 9 22 -9 12 11 -6 -4 14 15 16 -1 -16 -19 23 -21 -22 -8 -15 25 26 -7 -12 29 -3
right_child=2 28 5 4 10 24 7 8 -10 -11 27 -13 -14 19 17 -17 -18 18 -20 20 21 -23 -24 -25 -26 -27 -28 -29 -30 -31
leaf_value=-0.014949420532307515 -0.035516295043046792 0.021284656922171574 -0.085631370970508117 -0.034875619625293265 0.019796397899090618 0.013091766778663104 0.070551898726049472 -0.00021020383471631436 0.0095836528552882411 0.0097273542813538904 0.027529556581793908 -0.007040406231118553 -0.019428948103336115 0.070747837464362751 0.0097036649387403501 -0.07943317090942581 0.034087196534648 0.014123581402294633 -0.034893803078253266 -0.03647557137413257 0.018241899440328578 0.004093127605111972 0.0066333252627795384 -0.0020121581533602932 0.0039541262881724023 -0.017472149961533474 -0.0020126269009123933 0.0078451354478757101 0.031752783987937704 -0.0038322242123613008
leaf_weight=370.81436634808779 53.84696589410305 169.87677044421434 12.253944829106329 41.855143032968044 135.8801321387291 188.74611848592758 52.541131004691124 1981.6685521528125 929.35649224370718 55.144684545695782 253.45194138586521 210.585712864995 96.670250445604324 8.1151316761970502 447.87304599583149 16.3004280179739 29.425748705863953 35.491475284099579 56.163412019610405 21.37740521132946 456.65345229208469 493.34733918309212 13.463053852319716 614.871985450387 1320.3385215178132 197.48819002509117 9802.2863259874284 182.20713117718697 107.1926244944334 155.67863181233406
leaf_count=1167 180 465 48 149 362 526 105 5824 2578 158 657 634 308 18 1295 64 73 99 194 73 1248 1423 38 1886 3815 623 29700 513 278 471
internal_value=0.000704012 0.00415056 4.18657e-05 0.00711076 0.00989643 -0.000381703 0.00315022 0.00412702 0.00291652 -0.0145738 0.0122924 0.0034847 -0.0268767 0.00233647 -0.00308314 -0.0140088 -0.0113442 0.00535194 -0.0159128 0.00558637 0.00985178 0.0108943 0.0575143 -0.00106437 -0.00134567 -0.00203247 -0.00172728 0.0192969 0.014842 0.00927392
internal_weight=18511 2983.18 15527.8 877.827 823.98 14650 3141.1 2977.03 2911.03 164.069 782.125 346.466 108.924 2550.43 956.068 416.541 400.24 539.528 91.6549 1594.37 971.378 950.001 66.0042 622.987 11508.9 10188.5 9991.03 435.659 432.748 325.555
internal_count=54972 8754 46218 2495 2315 43723 9059 8545 8402 514 2166 996 356 7540 2892 1304 1240 1588 293 4648 2744 2671 143 1904 34664 30849 30226 1170 1214 936
is_linear=0
shrinkage=0.05


Tree=77
num_leaves=31
num_cat=0
split_feature=21 49 35 21 14 9 21 21 35 34 16 6 6 28 2 27 44 24 49 51 21 35 51 39 21 13 23 39 36 51
split_gain=15.2512 20.8863 16.8023 37.636 32.0231 18.0147 19.6403 70.3566 21.9246 21.8137 25.1082 17.429 22.4416 16.314 16.3091 23.9896 19.6597 16.2526 16.24 17.5577 16.2187 31.8209 26.0061 20.907 18.778 16.3258 16.9625 17.5255 15.9363 16.4888
threshold=12.704999923706056 0.88494998216629039 1.0000000180025095e-35 13.47499990463257 0.33374999463558203 1.0000000180025095e-35 13.394999980926515 13.434999942779543 23.500000000000004 64.500000000000014 0.92614999413490307 0.030133174732327465 -0.016377926804125306 0.1179499998688698 0.90117427706718456 -1.0000000180025095e-35 0.18145000189542773 -0.24931000173091886 0.05165000073611737 -0.014704999979585407 11.364999771118166 14.500000000000002 0.034934999421238906 0.26145000755786901 10.565000057220461 0.36426499485969549 38.905000686645515 0.29144999384880071 0.61945000290870678 -0.0056749999057501546
decision_type=2 2 2 2 2 2 2 2 2 2 2 2 2 2 2 2 2 2 2 2 2 2 2 2 2 2 2 2 2 2
left_child=1 20 3 -2 -5 6 9 17 -9 10 -4 12 -6 18 15 -3 -17 -8 -7 -20 21 22 23 -1 -23 28 -27 -28 29 -22
right_child=2 14 5 4 11 13 7 8 -10 -11 -12 -13 -14 -15 -16 16 -18 -19 19 -21 25 24 -24 -25 -26 26 27 -29 -30 -31
leaf_value=-0.01744252897057038 -0.033726534570956611 0.023517338344039088 -0.059117226933017075 -0.030299727394471093 0.0030830899767372924 -0.013968907042472847 0.067966183749109746 -0.00019969294408683837 0.0091101317766240919 -0.036616613602820924 0.011247493096215535 0.00085996370140137041 0.024601157007085778 0.01033360461533598 0.035901572703442963 0.0074812793178972844 -0.028439842595851996 0.0063026521130957486 0.013148728777438626 -0.0015688523391009009 0.045436857451073946 -0.048327244772382823 -0.075051742205592728 0.0088489282751836127 0.0067110281314556267 -0.03474570848357178 0.013978980671123917 -0.0023575654158000852 -0.021348792935664551 0.00036935181769123592
leaf_weight=298.6556890308857 53.868527382612228 169.0255426466465 14.899734720587729 47.814858548343182 187.74796023964882 258.57557438313961 51.830963909626007 1981.67541231215 928.79356626421213 64.09612825512886 85.017485693097115 245.83413142710924 341.68045693635941 294.72149488329887 71.591474995017052 139.75883461534977 52.361486092209816 13.460985511541365 206.53873611986637 10747.885605659336 21.122802346944809 15.969951912760733 16.38695715367794 101.24843944609165 523.74291737377644 21.321044266223907 738.94092367589474 211.05928520858288 83.420316975563765 518.25123040378094
leaf_count=954 180 458 54 168 534 793 105 5824 2578 220 240 720 893 906 176 405 175 38 573 32392 51 56 64 286 1532 73 2047 624 294 1559
internal_value=0.000669062 0.00394354 3.99062e-05 0.00676257 0.00941249 -0.00036258 0.00299439 0.00392279 0.00277127 -0.01385 0.000754651 0.0118618 0.0169703 -0.0012785 0.0141002 0.00977847 -0.00230885 0.0552533 -0.00158371 -0.00129136 0.00222002 -0.00292904 -0.0133158 -0.010786 0.00508246 0.00530795 0.00935966 0.0103495 -0.00101117 0.00213427
internal_weight=18507.3 2982.86 15524.4 876.946 823.077 14647.5 3139.77 2975.76 2910.47 164.013 99.9172 775.263 529.428 11507.7 432.737 361.146 192.12 65.2919 11213 10954.4 2550.12 956.004 416.291 399.904 539.713 1594.12 971.321 950 622.794 539.374
internal_count=54972 8754 46218 2495 2315 43723 9059 8545 8402 514 294 2147 1427 34664 1214 1038 580 143 33758 32965 7540 2892 1304 1240 1588 4648 2744 2671 1904 1610
is_linear=0
shrinkage=0.05


Tree=78
num_leaves=31
num_cat=0
split_feature=49 55 48 51 29 12 49 2 36 21 21 35 35 21 3 2 13 12 36 15 37 5 21 40 1 33 2 37 3 54
split_gain=13.7921 18.0407 31.0793 21.028 17.9095 16.6529 21.4375 23.8435 20.3448 16.1797 20.0066 23.2475 25.4196 21.0665 18.6815 17.0335 16.9993 21.6889 18.9097 22.9343 19.6179 18.2298 17.9253 16.4409 14.4093 28.9678 16.2187 13.8871 15.8676 15.2229
threshold=0.2978499978780747 0.51469999551773082 0.22395000606775287 -0.00092500000027939666 0.036575000733137138 -0.0628949999809265 0.25059999525547033 0.90117427706718456 0.18184999376535418 12.074999809265138 11.364999771118166 29.500000000000004 14.500000000000002 10.949999809265138 0.79989147186279308 0.13225326687097552 1.3729799985885622 -0.1991850063204765 0.97005000710487377 0.9540500044822694 0.35645000636577612 -0.89833709597587574 14.989999771118166 2.5000000000000004 0.042432880029082305 -0.068450000137090669 0.99603170156478893 0.35645000636577612 0.38273321092128759 0.89904999732971203
decision_type=2 2 2 2 2 2 2 2 2 2 2 2 2 2 2 2 2 2 2 2 2 2 2 2 2 2 2 2 2 2
left_child=1 4 3 -3 5 -1 7 -7 -8 10 11 12 13 -2 27 -14 17 21 20 -20 -19 22 -11 -23 25 -16 -26 29 -29 -12
right_child=9 2 -4 -5 -6 6 8 -9 -10 16 14 -13 15 -15 24 -17 -18 18 19 -21 -22 23 -24 -25 26 -27 -28 28 -30 -31
leaf_value=-0.0012451182965501661 0.0019543825121409778 0.019086646676564106 0.026578920489201546 -0.057980562220850476 0.0054547688140715788 -0.025984523633791341 0.017351510921718008 -0.0048414936595517436 -0.030144155539474044 -0.012725403619478999 0.050908132965718812 -0.063566590818549373 0.033426666371859447 -0.021744297348866758 -0.053027423713146206 0.0055267711335052544 0.0063942290223407946 0.0028863724619214745 0.047901407035308083 -0.011104318606957627 -0.0029865795301942774 0.0034059549145544518 0.0010323410269639751 0.014787113466990723 0.013168937996806934 0.0021076021012919398 -0.053417102909571926 -0.02520942591020614 0.015487510910571534 0.020124036957918472
leaf_weight=2470.4206313639879 221.22492280602455 10.823251456022261 21.202646717429161 48.575741693377495 749.71796131879091 248.22660083323717 108.86726115643978 288.11806437373161 28.436032071709633 318.88344015181065 54.122751735150814 13.903452649712561 62.48090460896492 162.77018821239471 28.467638254165649 439.6658703237772 1198.9081983193755 2262.9230946749449 16.890768870711327 657.68569551035762 3826.1288105994463 3199.4804234802723 919.35551403462887 352.2509451508522 296.65504284948111 146.02150127291679 9.4360326975584012 28.258436068892479 157.1372834444046 155.65827317535877
leaf_count=7327 647 29 57 173 2112 839 308 869 98 992 130 52 169 535 104 1285 3427 6668 42 2201 11711 9265 2715 957 838 430 33 93 444 422
internal_value=0.00063588 -0.00197411 -0.0253881 -0.0439379 -0.00148944 -0.00314532 -0.0101138 -0.0146267 0.00751498 0.00134987 0.00582133 0.000586305 0.00159286 -0.00809116 0.0112015 0.00899829 0.000727219 0.000139157 -0.00168393 -0.00962687 -0.000803967 0.00271343 -0.00251069 0.00453471 0.00457941 -0.00688759 0.0111163 0.0192548 0.00928439 0.0280662
internal_weight=18502.7 3974.39 80.6016 59.399 3893.79 3144.07 673.648 536.345 137.303 14528.3 1775.8 900.045 886.142 383.995 875.757 502.147 12752.5 11553.6 6763.63 674.576 6089.05 4789.97 1238.24 3551.73 480.58 174.489 306.091 395.177 185.396 209.781
internal_count=54972 11812 259 202 11553 9441 2114 1708 406 43160 5182 2688 2636 1182 2494 1454 37978 34551 20622 2243 18379 13929 3707 10222 1405 534 871 1089 537 552
is_linear=0
shrinkage=0.05


Tree=79
num_leaves=31
num_cat=0
split_feature=21 49 8 16 23 54 16 55 2 30 39 0 12 54 16 28 8 30 6 5 21 28 5 54 30 1 6 21 44 44
split_gain=12.7764 18.5397 16.761 22.881 20.1939 15.6475 15.9523 14.9974 14.883 21.7786 25.5858 16.3288 14.5837 23.525 33.0533 22.3214 16.707 29.8579 28.9535 29.5043 27.9629 23.8101 23.3761 20.0581 21.8545 19.7263 19.4977 17.1606 16.0057 19.4001
threshold=12.704999923706056 0.88494998216629039 0.065812349319458022 1.0554500222206118 71.725002288818374 1.2145499587059023 0.99304997920990001 0.06255000084638597 0.90117427706718456 0.04373499937355519 0.0023500000825151805 0.051747769117355354 -0.19559500366449353 0.85785001516342174 1.0291499495506289 0.1179499998688698 0.020818710327148441 -0.0041549999732524148 -0.008177545387297867 0.8451017737388612 13.434999942779543 0.04763500019907952 -3.4648634195327754 0.7730500102043153 0.060735000297427184 37.262525558471687 -0.051764927804470055 21.519999504089359 0.03914999961853028 -0.0068500000052154056
decision_type=2 2 2 2 2 2 2 2 2 2 2 2 2 2 2 2 2 2 2 2 2 2 2 2 2 2 2 2 2 2
left_child=1 2 4 7 5 6 -1 -4 9 -3 -11 -12 16 14 -14 28 17 22 19 21 -21 -18 26 -19 -25 -20 -2 -24 29 -15
right_child=12 8 3 -5 -6 -7 -8 -9 -10 10 11 -13 13 15 -16 -17 18 23 25 20 -22 -23 27 24 -26 -27 -28 -29 -30 -31
leaf_value=-0.0036815242306995725 -0.016460623188835798 0.017451026003554495 0.012684936802543432 0.0033355078605337152 -0.015921708197867337 -0.038616706282080394 0.0056833354879189469 0.047158300450826612 0.03403916760222514 0.06324707076747603 -0.037384269787050915 0.0022738006778528909 -0.0019426134093307496 -0.0031067339203457046 0.02071058457182022 0.013394901541047758 -0.027433782437796539 -0.033664019232029128 0.0054500991277779557 0.025671694426419679 -0.0052312819991944398 0.010267073135181904 0.0049155062786903764 0.013125436671378506 -0.0020968906569005931 -0.073253750216096453 0.0011560635614457696 -0.0098948780927063489 -0.00017477477089002661 -0.012681916378833353
leaf_weight=728.71151772141457 322.60177393257618 246.02132349461317 67.030420646071434 282.6787214577198 177.98351964727044 23.81282751262188 1209.5032951980829 59.602072209119797 71.35840317606926 11.105615422129629 49.506651043891907 54.561073020100594 370.05574136599898 3557.2958637326956 285.07187855988741 231.81068134307861 238.40785282850266 26.627690076828003 944.38224439322948 80.565065994858742 800.94684059917927 50.803573340177536 1707.2493321746588 1193.6504741460085 293.82683034241199 8.0291581600904447 306.0848820656538 220.89261870086193 4257.8957433700562 621.40030815824866
leaf_count=2240 1016 687 187 802 582 82 3508 139 176 24 169 158 1158 10802 786 713 786 90 2697 210 2384 142 4889 3341 867 33 899 670 12705 2030
internal_value=0.000604152 0.00360168 0.00197768 0.0112479 0.000204611 0.00166749 0.00216242 0.0289105 0.0131729 0.00905056 -0.00889365 -0.0165922 2.81455e-05 -0.00122122 0.00791469 -0.00191168 0.00190873 0.00378404 -0.00168701 -0.00695345 -0.00240693 -0.0208112 0.000488854 0.00934854 0.0101185 0.0047866 -0.00788369 0.00321879 -0.00233226 -0.00453063
internal_weight=18499.5 2981.88 2549.32 409.311 2140.01 1962.03 1938.21 126.632 432.553 361.195 115.173 104.068 15517.6 9323.53 655.128 8668.4 6194.07 4070.93 2123.13 1170.72 881.512 289.211 2556.83 1514.1 1487.48 952.411 628.687 1928.14 8436.59 4178.7
internal_count=54972 8754 7540 1128 6412 5830 5748 326 1214 1038 351 327 46218 28194 1944 26250 18024 11772 6252 3522 2594 928 7474 4298 4208 2730 1915 5559 25537 12832
is_linear=0
shrinkage=0.05


Tree=80
num_leaves=31
num_cat=0
split_feature=7 40 40 54 13 0 45 45 44 52 6 14 55 54 6 55 16 14 45 0 21 21 27 3 21 2 44 5 12 22
split_gain=21.044 17.3168 25.8653 24.4397 24.3473 23.6837 19.4174 19.0224 18.5553 17.7961 27.6348 21.2359 19.1328 24.394 17.6442 17.3303 24.4919 17.8054 17.0999 30.0927 22.5769 17.0398 14.617 14.8532 14.3213 14.2059 14.1228 13.0447 11.9796 13.1609
threshold=19.054344177246097 1.5000000000000002 2.5000000000000004 0.92745000123977672 0.27019000053405767 1.170673191547394 1.0000500082969668 2.1844500303268437 0.33975000679492956 3.5000000000000004 -0.23878075927495954 2.4453499317169194 0.095650002360343947 1.0266500115394595 -0.5136933922767638 -0.13244999945163724 1.2072499990463259 0.28984999656677252 0.37935000658035284 0.27208043634891516 11.835000038146974 22.729999542236332 -0.012765000108629463 0.80452182888984691 18.365000724792484 0.96043518185615551 0.18145000189542773 34.576436996459968 -0.78865998983383168 4.9207000732421884
decision_type=2 2 2 2 2 2 2 2 2 2 2 2 2 2 2 2 2 2 2 2 2 2 2 2 2 2 2 2 2 2
left_child=25 9 4 8 5 6 -3 -7 27 10 11 24 21 -14 -11 17 -17 -5 20 -20 -16 -12 26 -24 -2 28 -6 -4 -1 -30
right_child=1 2 3 15 22 7 -8 -9 -10 14 12 -13 13 -15 18 16 -18 -19 19 -21 -22 -23 23 -25 -26 -27 -28 -29 29 -31
leaf_value=0.0078957191678775528 0.016549007841758803 -0.013829415049034056 -0.015670691339540212 -0.041047464976219951 0.020427174990127406 0.062328571708908646 -0.00233783650643813 -0.0099487640825513656 0.032736598774421657 -0.031644910846764497 -0.002473798615432786 0.048369643658676298 0.0086984219158147847 -0.0020229264989815332 0.049096110463252789 0.0064463745763110166 -0.035691880236957123 0.02148630402350021 -0.0050013001143819008 0.0058782612708997151 0.0091221238027234097 0.023868973662874757 -0.0049697133687848132 0.0012667127672580721 -0.0085651847273925975 -0.077484976479788983 -0.0058417218639581665 0.014805666334689261 -0.020626731738674138 -0.10275333827441827
leaf_weight=25.546840742230412 211.6408327370882 869.78710987046361 243.69781463593245 11.876294523477553 152.59245824813843 21.285306856036186 636.67194227874279 15.906104892492293 26.141375854611397 33.452971711754799 4417.4542406499386 40.74260450899601 1126.5128348767757 1002.8555919677019 36.698095917701721 815.04583520442247 36.006660655140877 274.14748296141624 852.68319822475314 2496.4630935415626 942.20784296095371 62.252873554825783 1650.5194140821695 2264.8678115680814 77.571488857269287 11.756860017776487 76.976420268416405 41.021791212260723 20.972061432898052 6.3568147569894782
leaf_count=72 575 2861 766 41 405 46 1968 48 67 110 13261 94 3228 2946 84 2333 118 731 2672 7167 2695 163 5066 6723 233 45 225 115 68 26
internal_value=0.000707579 0.00080742 -0.00112083 0.00484558 -0.00263948 -0.00799964 -0.00897275 0.0314168 -0.00757824 0.00202515 0.000452071 0.0145739 -0.000252955 0.00364905 0.00452788 0.00824208 0.00466357 0.0188898 0.00480748 0.00310836 0.0106207 -0.00210772 -0.000643267 -0.00136223 0.00981297 -0.027773 0.011619 -0.0112797 -0.0167196 -0.0397297
internal_weight=18501.7 18437.1 7136.54 1447.94 5688.61 1543.65 1506.46 37.1914 310.861 11300.5 6939.03 329.955 6609.08 2129.37 4361.51 1137.08 851.052 286.024 4328.05 3349.15 978.906 4479.71 4144.96 3915.39 289.212 64.6326 229.569 284.72 52.8757 27.3289
internal_count=54952 54741 21513 4171 17342 4923 4829 94 948 33228 20500 902 19598 6174 12728 3223 2451 772 12618 9839 2779 13424 12419 11789 808 211 630 881 166 94
is_linear=0
shrinkage=0.05


Tree=81
num_leaves=31
num_cat=0
split_feature=7 28 37 7 29 22 52 5 9 50 35 28 39 13 34 7 31 34 21 54 21 35 22 49 2 39 25 16 33 25
split_gain=18.9981 16.7215 25.804 19.1885 19.6213 19.0522 22.3275 18.2654 21.4895 17.8334 16.2715 16.0198 18.7415 20.5852 16.4169 19.6071 15.496 15.3992 15.1265 25.1058 21.2803 16.4983 16.3213 13.4673 12.7945 13.5651 11.9178 10.3505 10.9163 12.5277
threshold=19.054344177246097 0.021525000222027305 0.72214999794960033 84.818847656250014 0.015955000184476379 3.0388499498367314 3.5000000000000004 -0.66553825139999379 2.5000000000000004 2.5000000000000004 1.5000000000000002 0.044874999672174461 0.37624999880790716 0.75161498785018932 216.50000000000003 41.700275421142585 -0.075455002486705766 182.50000000000003 20.810000419616703 0.95214998722076427 20.700000762939457 7.5000000000000009 2.910850048065186 0.76594999432563793 0.96043518185615551 0.11604999750852586 0.17995000630617144 0.79875001311302196 0.20404999703168872 0.63205000758171093
decision_type=2 2 2 2 2 2 2 2 2 2 2 2 2 2 2 2 2 2 2 2 2 2 2 2 2 2 2 2 2 2
left_child=24 3 5 18 -5 6 16 8 -7 -8 -9 12 23 -14 17 -16 -3 -13 20 26 21 -2 -21 -4 25 27 -20 -1 29 -29
right_child=1 2 11 4 -6 7 9 10 -10 -11 -12 14 13 -15 15 -17 -18 -19 19 22 -22 -23 -24 -25 -26 -27 -28 28 -30 -31
leaf_value=0.045884698106379837 0.0037697441539082145 0.0071361132013257403 -0.0090596435933995682 -0.071020349107062522 0.012696976012042498 -0.0043668701787678435 0.0068758185695250874 0.01920291083897413 0.010142257276449636 -0.030479725178017527 0.0069663455570286408 0.0014790726974502082 0.0016889739472307791 0.036569379160782393 0.026883119242031957 -0.014615395033355636 -0.0031645459264111526 0.015718916472627985 -0.001438009884857219 0.018374238694554644 0.069483933425555755 -0.0029019278867923877 -0.021388264113748237 -0.00066421135466522942 -0.073543545535220439 -0.043320523196236659 -0.049822233668321572 -0.098566061818898043 0.035961599476003372 0.0070003676625507924
leaf_weight=10.87045454978943 1268.3334594964981 435.00593847036362 1250.2797396034002 19.674114756286148 10.863754048943518 720.83074006438255 1482.3750284388661 308.25334999710321 395.07249437272549 32.653341233730316 2289.3671210855246 2739.7513176053762 266.00859853625298 50.297274723649025 32.007274404168129 257.07913836836815 2272.4525213688612 203.993448138237 16.546835109591484 55.33393007516861 10.701311632990835 3439.5926258377731 48.36456885933876 773.01146848499775 11.767189264297484 24.327659234404564 55.133036769926548 5.6248894482851046 6.4049470126628867 5.6164699420332909
leaf_count=26 3747 1220 4013 115 32 2144 4202 826 1122 107 6547 7805 816 128 81 785 6724 549 50 152 24 10807 156 2385 45 83 204 23 16 18
internal_value=0.000672402 0.000767271 0.00167653 -0.00172692 -0.0412382 0.00350772 0.00121025 0.00612007 0.000769917 0.0060707 0.00841843 -0.000931357 -0.00408272 0.00723547 0.00134928 -0.0100207 -0.00150954 0.00246585 -0.00148037 -0.0158991 -0.000944467 -0.00110455 -0.000170835 -0.00585211 -0.0263927 -0.0158933 -0.038653 0.00750484 -0.0161379 -0.0458224
internal_weight=18497.6 18433 13508.4 4924.54 30.5379 7936.01 4222.49 3713.52 1115.9 1515.03 2597.62 5572.43 2339.6 316.306 3232.83 289.086 2707.46 2943.74 4894.01 175.378 4718.63 4707.93 103.698 2023.29 64.6116 52.8444 71.6799 28.5168 17.6463 11.2414
internal_count=54952 54741 39454 15287 147 22892 12253 10639 3266 4309 7373 16562 7342 944 9220 866 7944 8354 15140 562 14578 14554 308 6398 211 166 254 83 57 41
is_linear=0
shrinkage=0.05


Tree=82
num_leaves=31
num_cat=0
split_feature=7 51 6 21 33 3 30 29 53 24 6 23 6 28 48 21 25 27 15 29 5 45 50 27 24 5 14 0 15 39
split_gain=17.1611 19.5114 15.433 15.912 18.2869 15.4011 13.3707 14.499 13.1687 13.1277 20.5363 37.4606 25.9246 16.5594 20.3552 14.2653 13.028 11.9009 20.3355 19.4955 11.3185 12.4786 11.0847 14.9312 11.2535 10.3544 10.0899 9.55618 9.24282 13.3197
threshold=19.054344177246097 0.0067149999085813769 0.38651692867279058 26.694999694824222 0.30075000226497656 1.6792999505996706 -0.095655001699924455 -0.001005000027362257 0.19375000149011615 -0.3372999876737594 -0.0051148133352398864 59.295000076293952 0.0066379429772496232 0.010664999950677158 0.32105000317096716 21.375000000000004 1.2022500038146975 -0.0034549999982118602 1.066850006580353 0.019855000078678135 67.050899505615249 0.60605001449584972 1.5000000000000002 0.00056499999482184659 -0.2249450013041496 -91.769844055175767 2.0543500185012822 1.2304204106330874 1.056150019168854 0.52465000748634349
decision_type=2 2 2 2 2 2 2 2 2 2 2 2 2 2 2 2 2 2 2 2 2 2 2 2 2 2 2 2 2 2
left_child=1 6 3 9 22 16 -1 -8 17 13 11 -11 -12 14 -2 -15 -6 18 19 -4 27 -22 23 -5 -24 -10 -7 -19 29 -27
right_child=2 -3 8 4 5 26 7 -9 25 10 12 -13 -14 15 -16 -17 -18 20 -20 -21 21 -23 24 -25 -26 28 -28 -29 -30 -31
leaf_value=-0.085758526995272935 -0.053470988730818306 0.01041394705128394 -0.026032223035999676 0.034008027269959197 -0.065676241862255666 0.0548109332491514 0.015486260329369934 -0.059082987580046764 0.045262586846545876 -0.0021050845448883746 0.0040902791896048783 -0.019685894516039054 -0.0010866343061934256 0.0048660309153716486 0.0082730622855661587 -0.0094978408782028286 0.016026376761011579 0.0023753786200987875 -0.073188246146820707 0.039298565384230377 0.02069269532844329 -0.022228786783108898 -0.068710446125242172 0.0062765116690652219 0.021649765157137582 0.011809474234218192 -0.020162865230288034 0.026556792688730648 0.0026275248023371182 0.062515135744993747
leaf_weight=14.050159245729445 28.165625810623169 24.187893018126488 38.259112909436226 110.59064961969852 17.640932187438015 9.1250570863485354 11.904088824987411 14.409070417284966 19.793702811002731 2265.3397940099239 3437.8446057811379 349.77968718111515 8154.3793409876525 2501.8101902008057 25.373032182455063 185.68297477066517 6.7445852905511847 144.90912549197674 14.480918884277342 16.277663215994835 22.293315321207047 70.43879434466362 7.0479025542736053 86.507008075714111 6.7415384352207166 467.87475522607565 8.829985707998274 56.898853749036789 360.85468390583992 13.320315405726431
leaf_count=56 104 67 121 284 63 21 33 55 51 6904 10067 1147 24572 7106 77 559 18 420 53 39 69 249 26 246 18 1291 28 143 1035 30
internal_value=0.000638923 -0.0250965 0.000729077 0.000342867 0.0127839 -0.017203 -0.0463763 -0.0253478 0.0061505 0.000156984 -0.00045424 -0.00445657 0.000448656 0.00332509 -0.0242093 0.00387361 -0.0430788 -0.00183 -0.0205181 -0.00653286 0.00254908 -0.0119102 0.0188045 0.0218365 -0.0245341 0.00951698 0.0179401 0.00919322 0.00867672 0.0132131
internal_weight=18491.6 64.5512 18427 17201.6 253.228 42.3406 40.3633 26.3132 1225.4 16948.4 14207.3 2615.12 11592.2 2741.03 53.5387 2687.49 24.3855 363.558 69.0177 54.5368 294.54 92.7321 210.887 197.098 13.7894 861.843 17.955 201.808 842.05 481.195
internal_count=54952 211 54741 51240 704 130 144 88 3501 50536 42690 8051 34639 7846 181 7665 81 1094 213 160 881 318 574 530 44 2407 49 563 2356 1321
is_linear=0
shrinkage=0.05


Tree=83
num_leaves=31
num_cat=0
split_feature=7 28 37 23 22 52 28 12 53 28 3 44 15 35 44 13 0 49 21 38 55 13 50 55 1 44 45 45 14 14
split_gain=15.5204 14.4634 23.2139 21.1988 17.229 20.1103 17.3948 17.3015 14.5396 14.0447 18.4421 16.396 19.8314 14.9014 14.4031 13.9976 13.1315 24.3313 16.1241 12.9689 12.35 13.0051 12.4334 12.2231 10.51 9.02524 19.1664 12.2261 8.24118 6.35199
threshold=19.054344177246097 0.021525000222027305 0.72214999794960033 88.889999389648452 3.0388499498367314 3.5000000000000004 0.038465000689029701 0.0098950001411139982 0.19684999436140063 0.044874999672174461 2.3721052408218388 0.18464999645948413 1.0319499969482424 1.0000000180025095e-35 -0.53034999966621388 1.6410250067710879 0.23254868388175967 0.71459999680519115 12.719999790191652 1.0000000180025095e-35 -0.07104999944567679 0.089515000581741347 1.0000000180025095e-35 -0.2727500051259994 -0.50166308879852284 0.030849999748170379 0.36335000395774847 2.7657500505447392 0.78865000605583202 0.71805000305175792
decision_type=2 2 2 2 2 2 2 2 2 2 2 2 2 2 2 2 2 2 2 2 2 2 2 2 2 2 2 2 2 2
left_child=20 3 4 15 5 8 -7 23 -3 10 13 19 -13 -4 -12 16 18 -18 -2 -11 21 28 24 -6 -22 27 -27 -17 -1 -24
right_child=1 2 9 -5 7 6 -8 -9 -10 11 14 12 -14 -15 -16 25 17 -19 -20 -21 22 -23 29 -25 -26 26 -28 -29 -30 -31
leaf_value=-0.00017933738466243917 0.002955711153083327 -0.0072658535505140372 0.0085100369256761507 -0.062486532917230914 0.016431518867792611 0.002697227899164322 0.015251735751633617 0.055354236113633597 0.00083485913291255962 -0.0059236125230748126 -0.090717243647801121 0.023984825965341058 0.0036983290845099452 -0.0068962951751093057 0.0088433978330880996 0.0075631883418755168 -0.00067782769096413637 0.017851210197278512 -0.0062915718130194687 0.0018427967835258968 0.015682786932152536 0.036178529664066907 -0.036994991026919853 0.0047676829281377946 -0.062122037534402021 -0.0031437284239962111 0.045191658174196528 -0.059481391259958764 -0.078642017680533929 -0.096374196063498715
leaf_weight=8.0764574110507983 608.06309831887484 776.93367983400822 171.38203150033951 14.267183564603327 240.24194591492414 1151.7619935274124 362.81898185610771 17.503799974918365 1929.7108926326036 862.80489531159401 3.6773252338170996 141.81265626847744 800.47654110193253 1864.1406311243773 298.77710722386837 59.113893434405327 1855.9895064011216 195.87198378890753 2097.3521267846227 1425.8330535590649 11.49365931749344 13.629088237881659 7.7138228490948704 3453.0129099488258 6.9739998430013648 35.871512562036514 47.889789551496506 7.6837246716022483 5.7144682556390753 10.822925031185148
leaf_count=24 1837 2347 491 84 681 3340 969 44 5597 2571 15 374 2237 5956 880 169 5732 545 6675 4038 31 34 29 9914 26 104 113 28 22 45
internal_value=0.000607234 0.000692904 0.00153881 -0.00162733 0.00327603 0.00109118 0.00570467 0.00576144 -0.00149042 -0.00093559 -0.00388737 0.00120039 0.00675141 -0.00559915 0.00763291 -0.00145041 -0.00192544 0.00109097 -0.00421317 -0.0010851 -0.0238912 0.00154029 -0.0427357 0.0055264 -0.0136989 0.0135595 0.0244916 -0.000148944 -0.0326915 -0.0716643
internal_weight=18487.4 18423 13500.9 4922.1 7931.98 4221.23 1514.58 3710.76 2706.64 5568.9 2337.98 3230.93 942.289 2035.52 302.454 4907.84 4757.28 2051.86 2705.42 2288.64 64.4244 27.42 37.0044 3693.25 18.4677 150.559 83.7613 66.7976 13.7909 18.5367
internal_count=54952 54741 39454 15287 22892 12253 4309 10639 7944 16562 7342 9220 2611 6447 895 15203 14789 6277 8512 6609 211 80 131 10595 57 414 217 197 46 74
is_linear=0
shrinkage=0.05


Tree=84
num_leaves=31
num_cat=0
split_feature=40 40 54 13 45 45 55 7 46 35 44 55 18 23 18 13 14 54 44 2 6 8 30 24 55 6 21 34 1 51
split_gain=14.1257 21.3438 21.9377 21.7115 21.6455 21.1935 21.3335 18.6379 17.3658 21.7472 16.9319 16.416 21.7994 16.2373 24.7169 21.4185 16.1165 15.7163 15.2225 14.9337 23.331 28.9531 24.7372 22.3537 20.1723 16.5161 18.3584 17.0434 14.7276 13.8184
threshold=1.5000000000000002 2.5000000000000004 0.92745000123977672 0.27019000053405767 1.0000500082969668 3.4023499488830571 0.36245000362396246 19.054344177246097 1.0000000180025095e-35 1.0000000180025095e-35 0.33975000679492956 -0.13244999945163724 1.2072499990463259 31.845000267028812 0.89015001058578502 1.0001000165939333 0.28984999656677252 1.1767500042915346 -0.30545000731945032 0.24008733034133914 -0.0051148133352398864 0.014541149139404299 0.013764999806880953 -0.1611950024962425 -0.57624998688697804 0.22860887646675113 11.875000000000002 10.500000000000002 0.012303162831813099 0.00046500000462401664
decision_type=2 2 2 2 2 2 2 2 2 2 2 2 2 2 2 2 2 2 2 2 2 2 2 2 2 2 2 2 2 2
left_child=7 3 10 4 8 6 -6 29 9 -2 -3 16 17 -5 15 -15 -4 -13 -10 20 21 22 -9 -23 -21 26 -26 -27 -7 -1
right_child=1 2 11 13 5 28 -8 19 18 -11 -12 12 -14 14 -16 -17 -18 -19 -20 24 -22 23 -24 -25 25 27 -28 -29 -30 -31
leaf_value=-0.085468958920464466 -0.044386103032759347 -0.010978866443267137 -0.039263776381877238 0.027232156987014117 0.0076093621898011624 -0.0056792054106615635 -0.05290860909500357 0.0013267958217845375 -0.063233831056379253 -0.0066346704890360821 0.031078420733618495 0.0031289682615366758 -0.03400431374662944 -0.041556762858904743 -0.00040710865051240267 0.010935043564261494 0.020264830000252212 0.024631397857699536 -0.020584901497250351 -0.028311536116900293 0.0096650262848776425 -0.0058520781433886587 0.019506577911824946 -0.068805845962907439 0.015769394651214033 0.0012437885924808994 -0.00056391370642096587 0.012001307731359913 -0.034634641160900821 -0.016088076692548092
leaf_weight=9.404500484466551 40.575715035200119 287.06243784725666 11.85963588953018 51.557003527879715 428.35807731747627 169.29627291858196 15.074879392981527 661.09578111022711 23.679383590817451 637.71407537907362 26.107528671622276 719.57723394781351 36.160527154803276 66.894317850470543 3998.8677959889174 27.390395939350128 275.36149569600821 96.359421938657761 179.69270603358746 59.428924843668938 1358.7686065882444 650.19324155151844 260.9865787923336 14.413489669561384 176.65517644584179 904.52661968022585 6583.6244514659047 620.94955269247293 59.295959755778313 30.29435171186924
leaf_count=38 148 890 41 139 1274 527 55 1953 90 2073 67 2079 118 233 11978 77 736 265 593 197 3963 1956 706 57 482 2600 19579 1735 208 95
internal_value=0.000577038 -0.00116297 0.00424764 -0.0025421 -0.00758295 -0.000823216 0.005552 0.0016752 -0.0127354 -0.00889298 -0.00747275 0.00746928 0.00398474 -0.000652485 -0.00100372 -0.0263075 0.0178068 0.00566833 -0.0255507 0.00179545 0.00485626 0.000738254 0.00647241 -0.00721737 0.000715128 0.000923319 -0.000137102 0.00562267 -0.0131901 -0.0325241
internal_weight=18481.2 7150.88 1452.49 5698.4 1553.69 672.025 443.433 11330.3 881.662 678.29 313.17 1139.32 852.097 4144.71 4093.15 94.2847 287.221 815.937 203.372 11290.6 2945.46 1586.69 922.082 664.607 8345.18 8285.76 6760.28 1525.48 228.592 39.6989
internal_count=54952 21591 4196 17395 4968 2064 1329 33361 2904 2221 957 3239 2462 12427 12288 310 777 2344 683 33228 8635 4672 2659 2013 24593 24396 20061 4335 735 133
is_linear=0
shrinkage=0.05


Tree=85
num_leaves=31
num_cat=0
split_feature=28 37 52 2 27 44 12 43 28 35 15 37 31 16 54 27 31 7 4 12 16 41 48 37 31 7 15 39 0 39
split_gain=15.1348 20.6088 22.5406 19.9564 19.673 21.4483 19.5741 18.003 24.5529 17.3524 16.9591 22.3684 18.8394 35.6849 17.4622 17.8661 16.9757 16.7897 16.4679 19.3627 16.371 15.6878 15.4821 15.2877 15.1834 15.114 14.8675 16.9224 20.1222 15.4602
threshold=0.022104999981820587 0.52154999971389782 2.5000000000000004 0.28601068258285528 0.011115000117570164 -0.031449999660253518 -0.24237499386072156 1.0000000180025095e-35 0.035524999722838409 26.000000000000004 1.0062499642372134 1.2088499665260317 -0.011324999853968619 0.94765001535415661 1.149650037288666 0.00077499999315477918 0.077814999967813506 80.342708587646499 2.5000000000000004 -0.22295499593019483 1.1887499690055849 1.0000000180025095e-35 0.89035001397132885 0.58265000581741344 0.0055449998471885928 37.938692092895515 1.0189500451087954 0.018350000493228439 0.1448602303862572 0.0038499999791383748
decision_type=2 2 2 2 2 2 2 2 2 2 2 2 2 2 2 2 2 2 2 2 2 2 2 2 2 2 2 2 2 2
left_child=10 2 3 -2 5 -4 -6 8 -5 -7 11 17 26 24 15 -15 -16 21 19 -3 -8 25 -13 -21 -14 -1 -12 29 -29 -28
right_child=1 18 4 7 6 9 20 -9 -10 -11 12 22 13 14 16 -17 -18 -19 -20 23 -22 -23 -24 -25 -26 -27 27 28 -30 -31
leaf_value=-0.01246221461141063 0.0086660658464823639 -0.024819766132518066 0.0099931557676993937 -0.01456599325501436 -0.0035212794122799515 0.0029367762103235245 0.034409439252341557 0.0034544334660399629 0.00057735944429184902 -0.014385359622271693 -0.021293284981531491 0.050427908404374944 0.013030102598230934 0.00041973921814245356 -0.00044320698036387116 -0.011873439506876721 -0.061444108933929702 -0.046378583593319304 -0.0010698647613579888 -0.016396384259223976 -0.003895412512854439 0.0076516520736177197 -0.021703208247831764 0.020144980677609038 0.089323990400835079 -0.00018999918702215104 -0.031143868333013903 -0.036065883344538627 -0.0031859299180268088 0.029050001590936431
leaf_weight=285.73126892745495 465.44023869931698 33.479806736111641 1222.3391271233559 536.37287726998329 69.217030942440033 1652.0050700753927 155.63201784342527 667.31877848505974 534.30679213255644 158.44192464649677 285.09998944401741 35.549495488405228 11.840688630938532 1161.1193258725107 20.766248226165771 396.47972808405757 25.300090759992599 19.556258883327246 7493.5403614044189 32.721527576446533 33.984795957803726 556.58466273546219 9.4079063236713392 228.50683492422104 14.515763580799101 2057.1749616526067 13.359156623482702 62.407749682664871 182.91923763602972 52.937296062707901
leaf_count=927 1317 108 3386 1665 203 4746 421 1933 1545 485 963 92 35 3530 66 1319 95 102 22236 101 114 1665 34 614 29 6327 46 219 571 145
internal_value=0.000145751 0.00104037 0.00338502 -0.000528979 0.00600508 0.00487583 0.0192366 -0.00299143 -0.00700893 0.00142082 -0.00214361 0.000333535 -0.00544093 -0.00265829 -0.00360671 -0.00270943 -0.0339455 -0.000205514 -0.00061391 0.0109796 0.0275441 0.00010591 0.0353336 0.0155678 0.0550488 -0.00168667 -0.0130421 -0.00549312 -0.0115501 0.0169206
internal_weight=18474.1 13283.3 5495.06 2203.44 3291.62 3032.79 258.834 1738 1070.68 1810.45 5190.75 2964 2226.75 1630.02 1603.67 1557.6 46.0663 2919.05 7788.25 294.708 189.617 2899.49 44.9574 261.228 26.3565 2342.91 596.723 311.623 245.327 66.2965
internal_count=55039 38874 15815 6460 9355 8617 738 5143 3210 5231 16165 9147 7018 5074 5010 4849 161 9021 23059 823 535 8919 126 715 64 7254 1944 981 790 191
is_linear=0
shrinkage=0.05


Tree=86
num_leaves=31
num_cat=0
split_feature=22 37 27 29 28 31 33 33 6 29 40 15 35 12 49 55 14 13 1 12 55 1 37 37 33 2 13 6 7 33
split_gain=14.765 19.6022 22.9634 19.7096 18.6051 19.0032 18.3331 25.3594 23.0701 17.4942 23.4371 20.9631 21.6546 17.2618 18.5584 17.121 20.7864 17.0501 26.0152 16.334 17.1762 16.1009 15.1476 14.9006 18.2353 14.556 18.0418 17.2512 14.4035 14.3149
threshold=3.4583500623703007 0.54944998025894176 0.012844999786466362 0.10618999972939493 0.013975000008940698 -0.085105001926422105 -0.72534999251365651 -1.3641999959945676 -0.13752998411655423 0.0038250000216066842 2.5000000000000004 1.0088500380516054 3.5000000000000004 -0.023204999975860115 0.84525001049041759 0.23304999619722369 1.0391499996185305 0.71525999903678905 0.18856170028448108 -0.0057449999731034032 0.11594999954104425 -0.16418443620204923 0.39274999499320989 0.085650000721216216 -0.31845000386238093 0.98415836691856395 0.23433499783277514 0.34180454909801489 72.559867858886733 -0.15355000644922254
decision_type=2 2 2 2 2 2 2 2 2 2 2 2 2 2 2 2 2 2 2 2 2 2 2 2 2 2 2 2 2 2
left_child=4 2 6 21 5 -1 7 -2 -9 13 19 12 -12 23 28 -8 -17 -4 -19 -11 -21 -3 -13 24 -6 27 -27 -23 -15 -7
right_child=1 3 17 -5 9 29 15 8 -10 10 11 22 -14 14 -16 16 -18 18 -20 20 -22 25 -24 -25 -26 26 -28 -29 -30 -31
leaf_value=-0.036997481427035364 -0.00019191980187053764 0.005513541318153882 0.029383644573169904 0.01292150999071775 -0.010300455360594721 -0.01521924154513475 0.0031734336774777469 -0.035189459920234388 0.04221972681437524 0.00097464579752319809 -0.012282201035826151 0.016375584017767942 0.031113810581753318 0.032859461231129851 -0.036708189149885675 -0.086927041961541648 -0.0093550001398519621 -0.051951217515553538 0.013932243773424708 -0.0058235560136738257 -0.042036935946751404 -0.0023556927078006991 -0.0072582082803933703 -0.0050298277870788072 0.011001811688530174 -0.056115000621684813 -0.0096494924236536182 0.0091617715379727644 -0.017363030333484082 -0.0017553923277659426
leaf_weight=53.052418857812881 102.71344056725502 825.20677623152733 153.89931216090918 269.88696576654911 144.55755945295095 294.5988759920001 2928.5336529426277 10.685611382126806 96.97843673825264 3949.9264164306223 34.458423525094986 118.96949037909508 173.43163478374481 80.623451411724091 14.463325843214987 9.1934950798749906 142.39386108517647 17.594743251800537 100.96238922327757 139.08223293349147 42.826161190867424 4049.0111407637596 157.6238477230072 3032.8507358431816 329.33990547060966 23.277491182088852 203.76048737764359 353.50617127120495 17.348058521747589 598.4710349291563
leaf_count=194 301 2369 415 735 433 1016 8592 35 240 11708 105 321 445 213 50 37 434 67 347 436 150 12144 473 9280 899 84 605 974 56 1881
internal_value=0.000138459 0.00154409 0.00445574 -0.000268091 -0.00128339 -0.00792385 0.00330069 0.0175811 0.0345369 -0.000520517 0.00151995 0.0119241 0.0239208 -0.00312316 0.0161614 0.00232531 -0.0140596 0.0184055 0.00415466 0.000299999 -0.0143492 -0.000920677 0.00290726 -0.00374147 0.00450377 -0.00206756 -0.0144135 -0.00143088 0.0239664 -0.00619674
internal_weight=18469.2 9287.6 3562.95 5724.65 9181.62 946.122 3290.5 210.377 107.664 8235.5 4616.32 484.483 207.89 3619.18 112.435 3080.12 151.587 272.456 118.557 4131.83 181.908 5454.76 276.593 3506.75 473.897 4629.56 227.038 4402.52 97.9715 893.07
internal_count=55039 27379 10468 16911 27660 3091 9639 576 275 24569 13638 1344 550 10931 319 9063 471 829 414 12294 586 16176 794 10612 1332 13807 689 13118 269 2897
is_linear=0
shrinkage=0.05


Tree=87
num_leaves=31
num_cat=0
split_feature=28 12 14 52 14 54 30 25 34 34 35 29 2 2 16 44 7 14 23 3 50 54 3 16 0 35 16 21 12 7
split_gain=14.3235 17.4254 15.6884 17.4197 18.8427 24.3507 16.5868 13.8332 16.864 13.4949 12.7054 12.8224 12.1504 13.8689 12.5574 11.8391 31.6309 22.9134 11.8071 14.7373 12.862 11.8355 10.2396 9.43695 9.08196 8.95279 8.74898 8.69041 11.1008 9.97283
threshold=0.056925000622868545 -0.0057449999731034032 0.010400000028312208 2.5000000000000004 0.33374999463558203 1.149650037288666 -0.088714998215436922 0.76675000786781322 22.500000000000004 141.50000000000003 21.500000000000004 0.036575000733137138 0.011846013367176058 0.01584164705127478 1.0220499634742739 -0.2181499972939491 46.091810226440437 0.84275001287460338 67.314998626708999 0.4120831042528153 1.5000000000000002 1.0286499857902529 0.82383528351783764 1.0564499497413637 0.27498629689216619 20.000000000000004 0.97815001010894786 10.754999637603762 -0.14245500415563581 63.82867622375489
decision_type=2 2 2 2 2 2 2 2 2 2 2 2 2 2 2 2 2 2 2 2 2 2 2 2 2 2 2 2 2 2
left_child=1 2 9 15 5 -5 -6 18 10 26 11 -9 14 -14 -2 17 -17 -4 20 -20 22 -21 -3 -12 -16 -10 -1 28 -15 -30
right_child=12 7 3 4 6 -7 -8 8 25 -11 23 -13 13 27 24 16 -18 -19 19 21 -22 -23 -24 -25 -26 -27 -28 -29 29 -31
leaf_value=-0.0021042066848350992 0.059071696150578029 -0.052497802189929749 -0.0061133289745360087 -0.0046052968916278176 0.012856630236616451 -0.040023090693469585 0.0011047613893944337 -0.032030694812643624 0.049034181816577975 -0.014871398673965426 -0.016933995712134914 0.001866968707929916 -0.059345764220297283 0.025901912877582312 0.035623519647220173 -0.013342532571652894 -0.0017880417986874738 0.006711936846191556 0.053264171494570772 -0.011381669256261705 -0.069584765750585365 0.0095499965904216159 -0.00068982193302177754 -0.065620861901557706 -0.032399001363660453 -0.023027788457113143 0.06044074990461519 0.0034559021996973024 -0.093700255373923319 -0.018495657029844775
leaf_weight=7.1974143236875525 19.772279873490334 12.301266461610792 604.97921979427338 452.11988154053688 310.54758107662201 54.365237712860107 9058.3897290080786 64.25006652623415 12.29786589741707 12.410431012511252 15.150311417877672 49.307067185640335 8.8952010571956617 7.6178091913461712 10.1164398342371 739.76045916974545 2971.6415969133377 820.66816212236881 12.777068465948103 145.75106337666512 11.95022965967655 125.84144492447376 42.447528600692749 29.012078613042831 9.5290428102016431 6.6357471793889991 25.056098863482475 2803.6805053204298 6.8704226762056377 12.301022261381148
leaf_count=22 43 46 1868 1398 842 186 27072 238 34 39 56 146 31 19 25 2344 8952 2383 32 471 47 369 130 111 31 23 57 7957 30 37
internal_value=0.000131641 -0.000466892 -0.000153895 -0.000241927 0.000986484 -0.00840698 0.00149429 -0.00939744 -0.0208095 0.0294355 -0.0261621 -0.0173122 0.00337192 0.00298919 0.0309412 -0.00260341 -0.00409109 0.00126948 -0.00365504 0.000785791 -0.0225884 -0.00168305 -0.0123303 -0.0489184 0.00262919 0.0237783 0.0464838 0.00318508 -0.0251578 -0.0454465
internal_weight=18463.6 15584.9 15057.1 15012.5 9875.42 506.485 9368.94 527.722 176.653 44.6639 157.72 113.557 2878.78 2839.36 39.4178 5137.05 3711.4 1425.65 351.069 284.37 66.699 271.593 54.7488 44.1624 19.6455 18.9336 32.2535 2830.47 26.7893 19.1714
internal_count=55039 46866 45163 45045 29498 1584 27914 1703 608 118 551 384 8173 8074 99 15547 11296 4251 1095 872 223 840 176 167 56 57 79 8043 86 67
is_linear=0
shrinkage=0.05


end of trees

feature_importances:
Column_37=229
Column_21=203
Column_28=170
Column_35=116
Column_12=114
Column_27=94
Column_51=77
Column_33=74
Column_13=73
Column_30=72
Column_5=68
Column_44=67
Column_31=66
Column_29=58
Column_49=58
Column_3=54
Column_25=54
Column_6=52
Column_15=52
Column_14=50
Column_55=49
Column_45=48
Column_0=47
Column_22=47
Column_16=44
Column_54=44
Column_7=43
Column_34=42
Column_1=41
Column_39=41
Column_23=39
Column_2=38
Column_36=38
Column_40=37
Column_8=35
Column_9=33
Column_53=32
Column_43=25
Column_48=25
Column_52=21
Column_18=14
Column_24=14
Column_57=12
Column_17=11
Column_50=10
Column_41=3
Column_4=2
Column_38=2
Column_32=1
Column_46=1

parameters:
[boosting: gbdt]
[objective: binary]
[metric: auc]
[tree_learner: serial]
[device_type: cpu]
[data_sample_strategy: bagging]
[data: ]
[valid: ]
[num_iterations: 300]
[learning_rate: 0.05]
[num_leaves: 31]
[num_threads: 0]
[seed: 3]
[deterministic: 0]
[force_col_wise: 0]
[force_row_wise: 0]
[histogram_pool_size: -1]
[max_depth: 6]
[min_data_in_leaf: 20]
[min_sum_hessian_in_leaf: 0.001]
[bagging_fraction: 0.8]
[pos_bagging_fraction: 1]
[neg_bagging_fraction: 1]
[bagging_freq: 5]
[bagging_seed: 7196]
[bagging_by_query: 0]
[feature_fraction: 0.8]
[feature_fraction_bynode: 1]
[feature_fraction_seed: 9091]
[extra_trees: 0]
[extra_seed: 23577]
[early_stopping_round: 0]
[early_stopping_min_delta: 0]
[first_metric_only: 0]
[max_delta_step: 0]
[lambda_l1: 0]
[lambda_l2: 0]
[linear_lambda: 0]
[min_gain_to_split: 0]
[drop_rate: 0.1]
[max_drop: 50]
[skip_drop: 0.5]
[xgboost_dart_mode: 0]
[uniform_drop: 0]
[drop_seed: 9294]
[top_rate: 0.2]
[other_rate: 0.1]
[min_data_per_group: 100]
[max_cat_threshold: 32]
[cat_l2: 10]
[cat_smooth: 10]
[max_cat_to_onehot: 4]
[top_k: 20]
[monotone_constraints: ]
[monotone_constraints_method: basic]
[monotone_penalty: 0]
[feature_contri: ]
[forcedsplits_filename: ]
[refit_decay_rate: 0.9]
[cegb_tradeoff: 1]
[cegb_penalty_split: 0]
[cegb_penalty_feature_lazy: ]
[cegb_penalty_feature_coupled: ]
[path_smooth: 0]
[interaction_constraints: ]
[verbosity: -1]
[saved_feature_importance_type: 0]
[use_quantized_grad: 0]
[num_grad_quant_bins: 4]
[quant_train_renew_leaf: 0]
[stochastic_rounding: 1]
[linear_tree: 0]
[max_bin: 255]
[max_bin_by_feature: ]
[min_data_in_bin: 3]
[bin_construct_sample_cnt: 200000]
[data_random_seed: 48]
[is_enable_sparse: 1]
[enable_bundle: 1]
[use_missing: 1]
[zero_as_missing: 0]
[feature_pre_filter: 1]
[pre_partition: 0]
[two_round: 0]
[header: 0]
[label_column: ]
[weight_column: ]
[group_column: ]
[ignore_column: ]
[categorical_feature: ]
[forcedbins_filename: ]
[precise_float_parser: 0]
[parser_config_file: ]
[objective_seed: 7031]
[num_class: 1]
[is_unbalance: 0]
[scale_pos_weight: 2.29457]
[sigmoid: 1]
[boost_from_average: 1]
[reg_sqrt: 0]
[alpha: 0.9]
[fair_c: 1]
[poisson_max_delta_step: 0.7]
[tweedie_variance_power: 1.5]
[lambdarank_truncation_level: 30]
[lambdarank_norm: 1]
[label_gain: ]
[lambdarank_position_bias_regularization: 0]
[eval_at: ]
[multi_error_top_k: 1]
[auc_mu_weights: ]
[num_machines: 1]
[local_listen_port: 12400]
[time_out: 120]
[machine_list_filename: ]
[machines: ]
[gpu_platform_id: -1]
[gpu_device_id: -1]
[gpu_use_dp: 0]
[num_gpu: 1]

end of parameters

pandas_categorical:null
