tree
version=v4
num_class=1
num_tree_per_iteration=1
label_index=0
max_feature_idx=62
objective=binary sigmoid:1
feature_names=cpr_width_pct vwap_dist atr_pct_rank vol_rank n_rules_fired sg_vel ema200_dist rsi14 mom5 dow rule_id direction dist_hi52 dist_lo52 vol_accel market_rs_5d market_rs_20d sector_rs_5d sector_rs_20d deliv_pct pcr india_vix conf_vol rsi_dir hi52_dir cpr_compress cpr_pos dist_r1 dist_s1 mom3 mom10 mom20 rsi_div vol_accel_delta days_since_52hi expiry_dist cpr_overlap_pct open_to_cpr_dist prev_cpr_respected cpr_zone_vol_ratio hmm_regime open_inside_cpr cpr_virgin consecutive_narrow_cprs cpr_midpoint_trend cpr_expansion_factor cpr_above_prev_cpr prev_close_inside_cpr atr_to_cpr_ratio cpr_width_percentile_252d prev_day_ochoa_type gap_pct cpr_test_count_5d prev_bar_close_pos atr_expansion vol_trend_slope cpr_vol_interaction regime_momentum cpr_rsi_squeeze overlap_vol_signal rs_direction_alignment virgin_momentum narrow_breakout_vol
feature_infos=[0:7.6268799999999999] [-243.85051504132463:243.85051504132463] [0.0039525691699604003:1] [7.0811711139613697e-08:5] [2:6] [-5832.5029296875:5832.5029296875] [-2.6509754931726923:2.6509754931726923] [0:100] [-266.21154999999999:266.21154999999999] [0:6] none [-1:1] [-0.99711000000000005:0.99711000000000005] [-309.90427:309.90427] [0:10] [-5:5] [-5:5] [-5:5] [-5:5] none none [12.970000000000001:31.98] [0:50] [-100:100] [-0.99711000000000005:0.99711000000000005] [0:5] [-1:1] [-0.14999999999999999:0.14999999999999999] [-0.14999999999999999:0.14999999999999999] [-284.57864000000001:284.57864000000001] [-280.00961000000001:280.00961000000001] [-255.72055:255.72055] [-1:1] [-5:5] [0:251] [0:32] [0:1] [-5:5] [0:1] [0:5] none [0:1] none [0:9] [-2.6404000000000001:1.3728] [0.10000000000000001:10] [0:1] [0:1] [0.10000000000000001:20] [0:0.996] [0:3] none none none none none [-20:5] [-798.63464999999997:798.63464999999997] [0:1] [0:4.4405000000000001] [-0.056800000000000003:10] none [0:35.999917153541197]
tree_sizes=14788 14982 14992 14942 14953 15048 15017 14974 14982 15002 15029 15028 14991 15019 15055 15042 15023 14990 15052 15031 14988 14993 14944 14964 15115 15034 15047 15078 15013 14988 15074

Tree=0
num_leaves=138
num_cat=0
split_feature=28 27 21 5 21 27 23 27 21 60 1 27 27 60 6 16 34 7 6 14 21 27 21 1 48 5 7 23 7 28 57 36 5 7 30 21 16 17 7 28 60 60 30 57 60 57 12 60 16 7 27 21 12 21 16 23 27 5 57 1 23 36 48 21 25 28 34 23 60 28 44 7 30 48 60 25 12 44 56 7 60 43 62 44 16 30 44 21 14 44 21 22 23 28 22 44 14 6 57 62 34 57 16 30 7 57 1 17 27 34 27 44 22 25 44 6 6 34 33 21 28 34 14 6 16 28 1 27 25 60 44 14 27 14 3 14 25
split_gain=262.111 229.825 188.487 118.596 134.145 103.36 129.846 99.6495 78.0807 68.668 62.0051 64.6597 52.0182 50.7087 45.5745 45.1342 43.0739 43.0196 40.8036 39.2817 38.8069 73.3285 73.1673 40.3371 42.0997 38.2684 37.6772 36.8241 36.1209 36.0138 34.9766 34.256 38.7322 34.2136 33.3454 33.3032 31.2447 30.7909 31.0182 30.7901 41.4832 29.1689 29.0121 33.5384 28.5626 28.3619 27.8699 27.4998 27.3284 50.3458 39.6827 27.208 33.7294 27.1698 26.9676 26.9476 26.8803 26.2738 26.1402 25.9556 25.7816 25.2626 24.9365 24.7333 24.5794 24.4602 24.3799 24.3448 24.2836 22.5169 22.3548 28.1839 48.4936 30.4106 28.7048 26.356 22.2201 21.845 21.4132 21.3256 20.2157 22.5272 20.5658 27.3515 20.2753 20.1654 20.0486 18.9699 18.7943 18.5804 17.852 17.639 17.9777 17.4699 28.1873 17.3172 17.3129 17.3102 24.5429 16.2683 16.1567 15.8426 15.6973 15.4743 24.107 25.2745 18.1632 15.3393 15.1865 19.1213 14.9352 14.2498 13.9682 13.5633 13.2406 13.0116 20.7277 12.7366 12.697 12.5401 26.0489 14.7823 12.1037 12.0662 11.7957 11.7682 11.3821 32.0797 25.0054 20.6696 16.5981 14.1375 11.3112 11.1372 10.8945 10.4517 10.3477
threshold=0.063820000000000016 -0.058779999999999992 14.885000000000002 2.6151280403137211 28.910000000000004 -0.012224999999999998 75.315000000000012 0.016230000000000005 20.535000000000004 2.0305000000000004 -0.18103725666372242 0.11514500000000001 -0.0063649999999999991 1.9345000000000001 -0.30304511420677599 0.93335000000000012 67.500000000000014 82.503883616765975 -0.05101838639608109 0.95050000000000012 25.430000000000003 -0.0075649999999999997 22.755000000000003 -0.12812993242222837 0.35920000000000002 -3.0217117071151729 46.385359130232239 62.915000000000006 52.896897699322388 -0.019874999999999993 -0.028308838499999992 0.76255000000000006 0.14287263154983518 28.0717198733327 0.0077350000000000014 30.655000000000005 1.02295 1.1212000000000002 45.011449365311485 0.050835000000000012 2.0515000000000003 2.0021000000000004 0.013870000000000002 -0.15344497499999998 2.1725000000000008 0.22295871750000004 -0.072249999999999995 2.0971000000000006 1.0161500000000003 78.279567025112598 0.025665000000000004 15.150000000000002 0.030380000000000001 14.105000000000002 -0.97584999999999988 41.645000000000003 -0.0059949999999999995 -2.8522022962570186 0.083113879500000001 -0.0035537321684175494 32.115000000000002 0.31995000000000007 19.862550000000002 20.600000000000005 0.83840000000000015 0.043335000000000005 197.50000000000003 57.065000000000005 1.9959000000000002 0.041365000000000006 -0.50014999999999987 41.025200342069937 0.061810000000000011 0.16645000000000001 1.9025000000000003 1.1120000000000003 -0.29011499999999996 -0.23824999999999999 0.45493926975007953 78.279567025112598 1.9001000000000001 1.5000000000000002 2.2457367739703229 0.094250000000000014 0.96355000000000013 -0.043134999999999993 -0.38124999999999992 20.775000000000002 0.64255000000000007 -0.15484999999999996 16.000000000000004 7.2494500000000004 47.565000000000005 0.042875000000000003 1.9163500000000002 -0.031849999999999996 0.84510000000000007 0.31291905799062342 0.25420349250000007 0.56195740389729298 56.500000000000007 -0.095220745499999995 0.91555000000000009 -0.002225 60.89083291435405 0.019854963000000003 0.77350784598017908 -0.96444999999999992 1.0000000180025095e-35 148.50000000000003 0.024935000000000002 0.38155000000000006 2.9598000000000004 1.3863500000000004 -0.30644999999999994 0.16422222450958687 0.087795403128458668 113.50000000000001 -0.44314999999999993 15.150000000000002 0.038675000000000008 95.500000000000014 0.36945000000000006 -0.046190093052699194 1.0293500000000002 0.025805000000000005 -0.33599523000184683 0.0068250000000000003 0.83840000000000015 1.9497000000000002 -0.023749999999999997 0.31945000000000007 -0.00043499999999999995 0.68825000000000014 0.8902617545311321 1.0630500000000003 1.5493000000000003
decision_type=2 2 2 2 2 2 2 2 2 2 2 2 2 2 2 2 2 2 2 2 2 2 2 2 2 2 2 2 2 2 2 2 2 2 2 2 2 2 2 2 2 2 2 2 2 2 2 2 2 2 2 2 2 2 2 2 2 2 2 2 2 2 2 2 2 2 2 2 2 2 2 2 2 2 2 2 2 2 2 2 2 2 2 2 2 2 2 2 2 2 2 2 2 2 2 2 2 2 2 2 2 2 2 2 2 2 2 2 2 2 2 2 2 2 2 2 2 2 2 2 2 2 2 2 2 2 2 2 2 2 2 2 2 2 2 2 2
left_child=1 29 9 4 5 6 16 14 51 36 11 35 76 54 132 30 19 44 28 69 22 89 66 -23 58 -8 -24 85 39 62 -10 32 -16 -14 -33 78 79 38 42 55 -41 64 43 -20 97 90 117 -47 50 -50 -40 67 -53 103 86 87 133 60 110 -31 -35 -44 63 102 -30 -57 80 -9 -21 -4 119 72 73 -72 75 -73 -6 -65 108 91 -12 82 83 84 -82 -18 -5 -15 -74 -22 -43 126 -93 94 -39 -62 -59 99 134 113 -78 -91 -1 -38 -105 106 -106 -88 -2 -110 135 -85 -58 122 -76 116 -101 -28 -61 -56 121 -121 -11 -79 -17 -109 128 129 -3 -128 -130 -129 -7 -55 -99 -25 -60
right_child=10 2 3 13 12 7 25 8 15 17 20 -13 33 18 31 124 27 -19 37 68 21 23 26 24 -26 -27 46 -29 41 59 -32 34 -34 57 -36 -37 53 93 48 40 -42 45 61 -45 -46 47 -48 -49 49 -51 -52 52 -54 56 70 65 112 96 136 118 95 -63 -64 77 -66 -67 -68 -69 -70 -71 71 74 88 -75 114 -77 100 123 -80 -81 81 -83 -84 111 -86 -87 107 -89 -90 101 -92 92 -94 -95 -96 -97 -98 98 -100 115 -102 -103 -104 104 105 -107 -108 125 109 -111 -112 -113 -114 -115 -116 -117 -118 -119 -120 120 -122 -123 -124 -125 -126 -127 127 131 130 -131 -132 -133 -134 -135 -136 -137 -138
leaf_value=-0.67163233706529391 -0.72442355813071724 -0.74464362758016633 -0.72116141859008898 -0.7552413825672486 -0.67598434474647151 -0.67722036593501478 -0.59531640320480927 -0.71474231900626306 -0.71460579913870426 -0.7169902129683986 -0.66306658933278051 -0.61653141356079944 -0.61907168346642716 -0.73820980653762636 -0.73353847716193687 -0.75202149549296116 -0.71284894629167861 -0.65791305043054071 -0.65964436344353228 -0.70888842981411981 -0.67983982660378284 -0.75915819079980063 -0.75912129591337485 -0.6615535425831427 -0.7368283256184186 -0.6810122913801494 -0.74705685554694801 -0.66515374358845136 -0.69264111037306886 -0.72330665830485197 -0.68712815813913186 -0.75319700277910728 -0.71758121098241645 -0.69795857901779546 -0.72935224774492757 -0.63034187234895633 -0.76228468643706293 -0.71129110765862347 -0.72935485484352258 -0.6403092890519696 -0.71826921818693001 -0.66501452754221102 -0.70230565601785788 -0.71801338533767944 -0.69432780206866129 -0.74807984781561621 -0.6724376077583325 -0.69101179992721939 -0.71675947102545301 -0.67914798552374278 -0.70312861177790786 -0.68736626606889828 -0.74517760094056373 -0.70039851524585195 -0.69139047102446582 -0.69713582336316915 -0.74695187803819774 -0.6820693597354438 -0.68914845282798276 -0.70014931461401819 -0.67747583823753887 -0.6652992926234792 -0.71446323704830306 -0.62767161633290314 -0.74524758981411032 -0.74348836193266121 -0.73572161038532824 -0.76633770903003717 -0.67589375283497932 -0.67672042084465767 -0.65272582702925563 -0.67140506915283926 -0.66001155567139325 -0.70114239997292938 -0.75466876031400076 -0.72985663675756995 -0.69267296474832696 -0.69376086913172041 -0.6572398113408543 -0.76678610097817146 -0.71775550119041265 -0.72065816937694771 -0.65780988836637333 -0.73443787053198872 -0.68116820180287529 -0.72830332687680199 -0.67192684253744772 -0.7068170527249471 -0.70678143895834789 -0.59695286096206512 -0.69543747951958823 -0.73643822958200844 -0.68488324344331097 -0.71102354604718754 -0.6398052859431631 -0.62230402217802461 -0.73277791664239167 -0.70441955011272916 -0.66631255524643129 -0.72030035971287687 -0.73375877144371726 -0.6517158918614181 -0.71735525638392328 -0.70037757505113085 -0.7383224930522263 -0.75838637179783608 -0.68329431173344035 -0.71700411022809574 -0.70968664178934215 -0.6635113229797055 -0.63723284584709139 -0.68997870126976446 -0.6993982458361333 -0.71670697324789046 -0.71332677691422286 -0.74071308260602853 -0.68064928619026321 -0.71036694929820876 -0.65602214692490857 -0.68296986492282907 -0.76511978673183123 -0.72915047899801166 -0.74646084245222488 -0.65511641740512083 -0.71319980044366771 -0.68548954937615203 -0.71612333351818025 -0.71735525638392328 -0.70863669816024233 -0.74011182000482667 -0.73228289905950583 -0.75537084819822375 -0.71435094327257109 -0.65716002317126332 -0.7456700435237783 -0.69909293671912454 -0.7316034487810692
leaf_weight=43.454820036888123 32.425677895545959 189.70124483108521 166.54004633426666 18.528958797454834 24.484695553779602 31.1021808385849 21.175952911376953 256.53784620761871 127.93804883956909 31.984512209892273 37.278500437736511 32.646260738372803 18.970124483108521 117.35007238388062 1167.1038213968277 35.513837695121765 255.65551483631134 21.175952911376953 18.970124483108521 64.189607262611389 18.087793111801147 17.867210268974304 54.925127863883972 31.322763681411743 29.77868378162384 17.867210268974304 32.646260738372803 21.396535754203796 34.190340638160706 48.748808264732361 253.89085209369659 258.30250895023346 366.6086847782135 26.911106824874878 185.51017081737518 18.970124483108521 26.469941139221191 17.646627426147461 624.69061088562012 24.043529868125916 25.587609767913818 107.86501014232635 196.3187301158905 351.60905146598816 68.821846961975098 21.175952911376953 22.058284282684326 56.469207763671875 935.93300211429596 69.924761176109314 126.61455178260803 20.514204382896423 173.59869730472565 23.381781339645386 34.190340638160706 135.65844833850861 25.808192610740662 26.911106824874878 24.264112710952759 26.028775453567505 18.087793111801147 41.028408765792847 20.514204382896423 42.131322979927063 30.881597995758057 24.484695553779602 26.028775453567505 17.867210268974304 114.7030782699585 23.822947025299072 103.45335328578949 56.910373449325562 18.308375954627991 31.322763681411743 18.087793111801147 18.528958797454834 24.264112710952759 22.058284282684326 26.690523982048035 47.204728364944458 33.087426424026489 57.572121977806091 29.999266624450684 41.690157294273376 159.04022967815399 386.90230631828308 18.749541640281677 49.851722478866577 115.80599248409271 18.308375954627991 53.822213649749756 26.469941139221191 23.161198496818542 34.631506323814392 24.264112710952759 26.469941139221191 22.499449968338013 28.675769567489624 21.61711859703064 109.18850719928741 61.983778834342957 22.499449968338013 19.63187301158905 44.116568565368652 25.587609767913818 52.939882278442383 19.190707325935364 154.62857282161713 37.057917594909668 29.999266624450684 23.822947025299072 19.190707325935364 19.852455854415894 57.351539134979248 63.969024419784546 35.072672009468079 30.881597995758057 36.175586223602295 22.940615653991699 24.484695553779602 19.411290168762207 26.028775453567505 136.76136255264282 49.410556793212891 23.381781339645386 25.146444082260132 95.071205258369446 19.63187301158905 84.703811645507812 217.27410018444061 149.33458459377289 264.03766286373138 29.77868378162384 21.396535754203796 19.63187301158905 25.146444082260132 18.308375954627991
leaf_count=197 147 860 755 84 111 141 96 1163 580 145 169 148 86 532 5291 161 1159 96 86 291 82 81 249 142 135 81 148 97 155 221 1151 1171 1662 122 841 86 120 80 2832 109 116 489 890 1594 312 96 100 256 4243 317 574 93 787 106 155 615 117 122 110 118 82 186 93 191 140 111 118 81 520 108 469 258 83 142 82 84 110 100 121 214 150 261 136 189 721 1754 85 226 525 83 244 120 105 157 110 120 102 130 98 495 281 102 89 200 116 240 87 701 168 136 108 87 90 260 290 159 140 164 104 111 88 118 620 224 106 114 431 89 384 985 677 1197 135 97 89 114 83
internal_value=-0.715235 -0.717211 -0.718301 -0.715448 -0.720362 -0.722256 -0.710892 -0.726392 -0.714628 -0.730291 -0.693822 -0.671012 -0.690014 -0.710028 -0.731643 -0.7017 -0.713792 -0.71767 -0.712425 -0.702079 -0.699037 -0.684249 -0.705222 -0.698514 -0.691367 -0.634343 -0.731159 -0.720295 -0.703173 -0.680007 -0.696316 -0.732767 -0.729729 -0.672674 -0.743247 -0.683318 -0.735436 -0.71501 -0.715871 -0.712042 -0.680651 -0.692213 -0.70755 -0.715042 -0.720028 -0.685309 -0.714341 -0.706671 -0.718754 -0.714152 -0.724925 -0.726773 -0.73903 -0.722006 -0.700022 -0.716779 -0.703152 -0.681148 -0.680288 -0.701342 -0.664547 -0.695877 -0.669472 -0.66429 -0.717493 -0.704269 -0.69584 -0.718075 -0.687691 -0.715561 -0.694825 -0.690486 -0.68206 -0.663923 -0.704918 -0.68586 -0.711981 -0.652311 -0.691342 -0.738541 -0.693073 -0.696379 -0.691414 -0.695428 -0.687508 -0.722143 -0.712757 -0.728806 -0.700341 -0.643077 -0.675096 -0.737287 -0.712528 -0.688315 -0.669728 -0.644534 -0.70531 -0.723797 -0.70422 -0.727227 -0.722114 -0.626964 -0.685978 -0.732182 -0.726511 -0.738385 -0.714904 -0.708755 -0.700566 -0.688919 -0.665909 -0.720302 -0.726114 -0.73481 -0.72235 -0.717397 -0.711611 -0.727664 -0.679326 -0.712668 -0.722965 -0.706912 -0.740919 -0.66694 -0.736484 -0.712637 -0.738499 -0.742333 -0.73309 -0.732834 -0.723693 -0.752766 -0.69526 -0.679572 -0.72103 -0.678139 -0.70758
internal_weight=11329.4 10372.5 10077.5 8141.05 4270.48 4019.9 1072.25 2947.65 909.242 1936.5 956.888 177.79 250.582 3870.57 2038.41 440.725 1033.21 561.163 3123.01 369.256 779.099 229.406 549.692 170.511 152.643 39.0432 145.805 663.954 681.38 294.919 381.829 1977.53 1533.71 139.85 443.813 145.144 1375.33 2441.63 2365.09 376.976 49.6311 304.404 607.926 370.579 539.987 239.332 90.8801 77.6452 1757.16 1005.86 751.305 468.518 194.113 258.744 747.555 327.345 90.439 120.879 122.865 97.7182 71.4688 237.347 197.201 176.687 65.0719 160.143 403.887 274.405 178.893 190.363 530.502 426.387 268.89 134.776 157.496 75.4393 110.733 113.6 126.173 1116.59 377.858 340.58 283.008 253.009 192.128 642.558 217.054 167.202 134.114 58.8956 161.687 1069.39 49.6311 76.5422 41.9107 44.5577 49.4106 471.165 69.9248 401.24 86.2479 40.8078 63.0867 168.305 141.835 97.7182 44.7783 198.525 99.4829 67.0572 80.2922 60.8809 45.6606 226.097 82.0568 175.143 140.07 68.8218 48.9694 104.115 69.9248 50.5135 168.746 71.4688 58.8956 179.775 1019.75 596.015 423.74 312.345 234.038 283.67 60.8809 44.7783 48.3076 56.4692 42.5725
internal_count=51361 47023 45686 36907 19360 18224 4861 13363 4122 8779 4338 806 1136 17547 9241 1998 4684 2544 14158 1674 3532 1040 2492 773 692 177 661 3010 3089 1337 1731 8965 6953 634 2012 658 6235 11069 10722 1709 225 1380 2756 1680 2448 1085 412 352 7966 4560 3406 2124 880 1173 3389 1484 410 548 557 443 324 1076 894 801 295 726 1831 1244 811 863 2405 1933 1219 611 714 342 502 515 572 5062 1713 1544 1283 1147 871 2913 984 758 608 267 733 4848 225 347 190 202 224 2136 317 1819 391 185 286 763 643 443 203 900 451 304 364 276 207 1025 372 794 635 312 222 472 317 229 765 324 267 815 4623 2702 1921 1416 1061 1286 276 203 219 256 193
is_linear=0
shrinkage=1


Tree=1
num_leaves=138
num_cat=0
split_feature=37 28 7 58 25 37 16 29 49 28 6 6 28 28 35 37 37 5 56 60 28 12 35 35 12 37 7 33 33 49 25 28 37 57 28 35 35 16 37 35 6 3 35 35 17 36 6 29 16 37 14 1 7 29 25 35 35 25 35 13 16 44 34 36 44 58 14 59 35 3 16 48 34 58 5 25 34 3 1 37 13 28 13 14 37 17 33 62 37 28 33 34 5 5 60 29 7 29 56 35 60 44 35 13 34 13 35 28 7 35 17 58 7 33 13 12 62 1 5 34 6 28 49 56 28 1 30 33 49 49 48 56 48 28 16 28 5
split_gain=306.36 239.952 226.415 107.663 109.693 89.9339 83.3917 62.1706 55.5093 47.9835 51.8745 47.4132 47.0958 49.7058 61.3839 47.0302 46.7959 44.6184 52.192 43.5994 42.3597 41.6338 70.8955 65.2882 71.7478 56.1852 46.8813 41.9153 39.9068 38.146 37.4799 35.879 63.8833 35.6524 33.9485 34.8587 42.5533 34.4169 48.3306 30.9117 30.1317 30.0179 33.5257 50.4311 29.3573 29.3164 29.2752 42.4114 29.0485 82.6847 46.5001 28.9461 28.5713 31.6404 28.2854 28.2095 26.5471 26.5271 25.5039 33.2681 25.3763 25.2872 25.971 24.9555 24.6151 24.5514 23.5197 23.3194 23.1984 29.8279 26.0705 22.8305 22.7438 22.6253 25.7301 22.1843 22.1123 21.3225 32.7524 30.0937 21.0515 20.6977 39.9162 20.2264 20.2143 19.6627 19.6097 19.5344 19.309 25.8459 19.1688 19.3746 18.7494 17.8348 17.7555 26.5619 20.9212 18.0986 17.7178 17.4439 17.0405 17.0294 16.998 16.8656 16.6423 16.4202 16.0311 15.9862 15.3663 15.2646 15.1851 15.0727 14.643 20.5874 15.4373 14.4731 14.2213 14.1939 13.8416 21.7558 13.811 13.7287 13.6267 13.4128 13.3435 13.0715 13.0048 12.9823 12.9016 12.9011 12.8899 13.4122 17.5378 19.6233 12.821 12.126 12.0888
threshold=-0.53374999999999984 0.056815000000000011 71.812936077978492 0.2439685663123011 0.96845000000000014 0.93855000000000011 -0.92134999999999989 0.025665000000000004 0.006150000000000001 0.048695000000000009 -1.0000000180025095e-35 -0.021661464129714845 -0.026864999999999997 0.013165000000000001 1.5000000000000002 1.6652500000000001 1.0681500000000004 -17.186286926269528 -0.047282115974695567 2.2751000000000006 0.034385000000000006 0.13417500000000002 31.500000000000004 1.5000000000000002 -0.086064999999999989 0.19995000000000004 36.479117357975035 -0.13054999999999997 0.73020000000000007 0.63455000000000006 0.79215000000000013 -0.018884999999999996 0.12100000000000001 -0.012755692049999998 -0.014734999999999998 24.500000000000004 26.500000000000004 1.0183500000000001 -0.28749999999999992 1.5000000000000002 -0.14316890879486557 0.57257915511472246 30.500000000000004 24.500000000000004 1.0050500000000002 0.99145000000000005 1.0000000180025095e-35 0.052075000000000003 1.0256500000000004 -0.28749999999999992 0.47730000000000006 -0.21673722332331682 57.294853323862846 -0.081659999999999996 0.56415000000000015 15.500000000000002 30.500000000000004 1.1896500000000001 3.5000000000000004 1.1674050000000002 0.95655000000000012 -0.12904999999999997 96.500000000000014 0.86285000000000012 0.15980000000000003 0.22118692488010919 2.8221000000000003 0.063218850000000021 22.500000000000004 1.1481178179532823 -0.97584999999999988 0.12875000000000003 223.50000000000003 0.071523871177186935 -3.0217117071151729 1.9244500000000002 63.500000000000007 0.6375554794764895 0.049094372129281812 -0.18264999999999998 -0.53660999999999992 0.082505000000000009 5.5146350000000011 0.83535000000000015 -0.15869999999999998 1.0825500000000001 0.21645000000000003 1.7800331469114947 0.072950000000000015 0.025520000000000004 -0.44314999999999993 91.500000000000014 -1.7062579989433286 38.246957778930671 1.9999000000000002 0.0072100000000000003 55.224931652239526 0.012410000000000003 0.19518579522690879 5.5000000000000009 2.0621000000000005 0.25235000000000007 22.500000000000004 0.18090500000000001 16.500000000000004 0.98427500000000012 2.5000000000000004 0.085335000000000008 52.467180469941297 1.5000000000000002 1.00695 0.0098283200097003202 44.88284877705626 0.36580000000000007 -0.73415999999999981 0.12087500000000001 0.44977911239374035 -0.085695838386873835 13.843191623687746 38.500000000000007 0.094979369001833763 -0.0072249999999999997 0.59140000000000015 1.2016617782895456 0.0051750000000000008 0.045961478136800911 0.053535000000000006 -0.42094999999999994 0.40485000000000004 0.17065000000000002 0.60035000000000005 0.36591633850869354 0.13615000000000002 0.045355000000000006 1.03095 0.0016700000000000003 6.0778441429138192
decision_type=2 2 2 2 2 2 2 2 2 2 2 2 2 2 2 2 2 2 2 2 2 2 2 2 2 2 2 2 2 2 2 2 2 2 2 2 2 2 2 2 2 2 2 2 2 2 2 2 2 2 2 2 2 2 2 2 2 2 2 2 2 2 2 2 2 2 2 2 2 2 2 2 2 2 2 2 2 2 2 2 2 2 2 2 2 2 2 2 2 2 2 2 2 2 2 2 2 2 2 2 2 2 2 2 2 2 2 2 2 2 2 2 2 2 2 2 2 2 2 2 2 2 2 2 2 2 2 2 2 2 2 2 2 2 2 2 2
left_child=2 3 6 19 7 11 9 15 -8 65 -11 61 39 105 -15 20 63 -16 60 21 34 22 23 24 84 -26 31 52 29 77 -24 126 98 54 35 92 -37 45 -39 -10 -17 127 43 58 -4 -36 66 73 50 -50 -29 -13 136 -54 125 116 67 -32 90 72 -19 62 -3 68 120 112 122 81 69 70 -9 107 83 87 -75 -59 -65 94 100 -80 -20 86 102 -60 -2 -45 109 -48 -70 -90 -43 -92 -5 -81 97 96 -96 115 128 -35 104 -101 -83 -78 -79 106 121 -61 -44 -53 -86 -27 113 -1 -114 -6 -41 -102 124 -120 -30 -14 -28 -42 -67 -22 -23 -7 -33 -128 131 -18 133 -133 -31 -116 -25
right_child=1 5 44 4 28 41 8 16 12 10 -12 51 13 14 17 40 130 18 80 -21 33 26 30 27 25 111 46 48 64 134 57 32 -34 99 37 36 -38 38 -40 55 123 42 108 85 -46 -47 47 -49 49 -51 -52 56 53 -55 -56 -57 -58 75 59 71 -62 -63 -64 76 -66 118 -68 -69 88 -71 -72 -73 -74 74 -76 -77 103 78 79 93 -82 82 -84 -85 110 -87 -88 -89 89 -91 91 -93 -94 -95 95 -97 -98 -99 -100 101 117 -103 -104 -105 -106 -107 -108 -109 -110 -111 -112 -113 114 -115 135 -117 -118 -119 119 -121 -122 -123 -124 -125 -126 -127 129 -129 -130 -131 -132 132 -134 -135 -136 -137 -138
leaf_value=0.029588734927159282 0.067257636503161952 -0.012572087690941553 0.058993926080308623 -0.012652920521893625 -0.038920275318493389 -0.044887755590870201 0.086578483670753784 -0.016409372308453966 0.082034947163724198 0.084089690311369772 -0.0041928923714302157 0.074727058744989722 0.044537534449751122 -0.029168685766032303 -0.018928797244332184 0.074752364066372368 -0.056009033177843365 0.05335578253625075 0.06885277771080893 0.030770821411408366 0.052218717235278607 -0.018045345835416553 -0.010491153131709844 -0.021997986173700343 -0.043414735545370481 0.048346395188535903 0.0034768657493011537 0.023238309635719327 -0.020015043335576039 -0.051469636379394508 0.073185954718945442 0.021625237490305219 0.085101996043493097 0.018742524290173205 -0.015333919755873034 0.080132316069702961 0.00075062477439136156 0.045080703269313481 -0.0087971732905124979 0.028872893111781463 -0.018118199314830056 -0.0036684091344132176 0.020362086867927957 -0.044230485962792825 0.12277315247479802 -0.030842497981717787 -0.034655029772593889 0.040543623569611519 0.069845898446939059 0.0015597506251291439 -0.0083395396734448728 0.03408439520528897 0.051097667558578981 -0.0062064834048883829 -0.017178121683554405 0.052396068578075938 0.08009016406676131 0.0011983718809875715 0.025217182408732264 0.021396894050224758 0.10280003812226132 -0.015525643761470618 0.049769582069975934 0.00132103939937766 0.040160595350177207 -0.038517927848205 0.050220293747598566 0.075583635726447593 0.022713915527723869 -0.0095886403176071791 0.013657893640152803 -0.010334743881023329 0.048351757929770013 -0.023677927154813164 0.01612900184115762 0.059168659793164942 0.070079782236528443 -0.014389797958784558 0.024289284744769407 -0.029998572137768076 0.017761180830121154 0.044046894703259974 -0.00067747307868293164 -0.0044575812621186024 0.034462140657294256 0.0016956288968044398 0.046038779678367239 0.010862562691880762 -0.042719882092299565 -0.0039760122838547003 0.021127168935708623 0.070470626526286231 0.009779645957499106 0.015479004102081615 0.05959808118687971 -0.021606797157745578 0.0031162241280372769 0.0051338059341777065 0 -0.028237388412834213 -0.037389714901907345 0.010487607564878338 0.08795919082514525 0.018148661945331029 -0.052504469243818741 0.036891871911650345 -0.0012497331867266192 0.06558133497612928 0.077048293932397788 0.0028924486274231722 0.0077123760406714349 -0.0014432999076881632 0.017067649781592916 -0.0081536863590847448 -0.035765019224764834 0.0021664299213444344 -0.022734869809869725 0.013293547885728688 0.027310767537919924 -0.022149547854377314 0.022378553691814945 -0.00090047566144260682 0.040596329908624766 0.033011803535818465 -0.010547906188567208 0.013128404330835912 0.00024911214443351523 -0.0039419542979474871 0.057423161643684703 0.036078619097132468 0.0080896375342395174 -0.030896561012826597 -0.03567403017606726 0.028769103890714166 -0.013027504633185361 -5.7829832767042016e-05 -0.01069143348452751
leaf_weight=79.393566638231277 23.354957103729248 19.396611973643303 20.72596675157547 235.93780647218227 84.411457479000092 27.595962837338448 25.76841476559639 58.271430388092995 32.481355562806129 25.458075627684593 23.023262411355972 34.636997282505035 28.737068682909012 26.515459448099136 21.176340147852898 17.79347525537014 23.561077833175659 52.68137963116169 17.887257382273674 81.580618217587471 48.908182919025421 38.459350079298019 31.396411821246147 479.49380142986774 55.816287100315094 20.129946395754814 531.0954395532608 92.874817028641701 59.02668996155262 127.28750547766685 34.268878683447838 72.771972149610519 34.2911646515131 34.164458453655243 1173.8731066733599 20.137299761176109 32.412535086274147 32.508045390248299 472.43059864640236 21.535999655723572 18.951532885432243 19.152572110295296 18.070668622851372 46.033650428056717 39.249871745705605 276.81593143939972 114.51418872177601 26.969727203249931 35.708356499671936 355.20874555408955 1028.0535014122725 39.449798583984375 18.550053477287292 344.66241012513638 20.457782998681068 58.715916901826859 21.030852913856506 30.869361206889153 48.227746993303299 29.465452089905739 30.742719888687134 54.270741149783134 32.292896196246147 34.136052593588829 23.391147792339325 53.409166038036346 21.674906224012375 19.538478508591652 25.149874746799469 170.30181509256363 535.48475785553455 17.702213987708092 18.191823661327362 55.097405195236206 64.284995958209038 20.108151361346245 25.827216610312462 25.458551347255707 30.114116683602333 106.18493828177452 89.03942283987999 48.907660976052284 27.974715650081635 324.47535234689713 105.64332614839077 26.586455672979355 37.643963888287544 20.019110381603241 49.380190998315811 88.216935008764267 30.56538300216198 28.785129025578499 95.422537207603455 18.286926776170731 17.633333057165146 51.095951348543167 38.437168657779694 32.30537460744381 51.554974764585495 69.290500357747078 23.124871745705605 29.312378078699112 25.063483819365501 21.359948977828026 135.05259795486927 29.118092373013496 245.84935800731182 31.86599700152874 17.802389666438103 107.48994664847851 62.606306433677673 24.209757059812546 38.578799203038216 39.21123631298542 32.424847587943077 18.837780475616455 17.757894426584244 17.663899049162865 31.915163949131966 33.098623484373093 18.299504905939102 20.530487865209579 18.774641066789627 18.42102412879467 77.403323277831078 23.831736877560616 57.265510708093643 29.970533102750778 25.285244360566139 27.354250654578209 22.518825888633728 18.511735334992409 53.777343839406967 22.093552008271217 18.733324587345123 38.402006983757019 275.515699416399
leaf_count=358 105 88 93 1071 385 125 116 265 144 113 104 155 130 121 96 80 107 237 80 368 221 174 142 2178 254 91 2409 421 268 581 155 328 154 155 5342 91 147 147 2146 97 86 86 81 208 176 1263 521 122 161 1611 4669 177 84 1563 93 262 95 140 217 133 139 246 146 155 106 243 98 88 114 773 2427 80 82 251 292 91 117 116 137 483 403 220 127 1466 478 120 170 91 224 400 138 129 433 83 80 232 175 147 233 315 105 133 111 97 616 131 1114 143 80 486 283 110 175 177 147 86 80 80 145 150 83 93 85 83 351 108 259 135 114 124 102 84 244 100 85 174 1250
internal_value=-0.000189754 -0.00266809 0.0197689 -0.00507445 -0.00960503 0.0154296 0.0156788 -0.00648019 0.0248537 0.00170536 0.0420128 0.0300107 0.022547 0.017155 0.0320004 -0.0101163 0.00180957 0.0397031 0.0462648 -0.00018732 -0.0109583 -0.00079072 -0.00342279 -0.00473002 0.014453 -0.0148266 0.00610076 -0.00686085 -0.0235295 -0.0269469 0.0292588 0.0204302 0.0323927 0.00669994 -0.012667 -0.00102076 0.0313113 -0.0149495 -0.00531381 0.0457243 0.0289104 0.00587463 0.00847747 0.00614219 0.100857 -0.0182983 0.000931667 -0.0103619 -0.00221244 0.00781636 -0.00571654 0.0373823 -0.0131389 -0.0032594 0.0269897 0.0336148 0.0334051 0.0439856 0.0105859 0.00679719 0.0716657 0.00477498 0.0262326 0.00503721 0.00166321 -0.00288785 0.00649484 0.0301729 0.00303536 0.00616395 0.0106946 0.0321047 0.00166138 -0.0157981 -0.0021807 0.0242104 0.0277602 -0.0221433 -0.0288236 -0.0139473 0.0263775 0.0270504 0.0425704 -0.00059778 0.0297967 -0.0273149 0.0184385 -0.0278268 -0.0116071 -0.0179341 0.033171 0.0451839 -0.00617062 -0.0232577 -0.0123177 0.000622287 0.0210113 -0.0226023 0.0202621 -0.00748697 -0.0402109 -0.0166502 0.0590261 0.0467297 -0.0465053 0.00623311 0.00318298 0.0444748 0.0487002 0.0113172 0.0245525 0.0209942 0.00662769 0.0170485 -0.0046017 -0.0313523 0.00536163 -0.0152595 -0.0140051 0.00201657 -0.00988664 0.0254527 0.00475776 0.00688587 -0.0220244 0.0395135 0.00249566 -0.0236992 0.0309319 0.011919 -0.0213031 -0.0269778 -0.0196519 0.00138546 -0.0465886 -0.0165094 -0.0178818
internal_weight=11327.1 10076.3 1250.83 8894.07 4614.6 1182.19 1190.86 3769.26 718.537 472.318 48.4813 467.696 692.769 562.278 238.043 2620.67 1148.59 211.527 190.351 4279.46 2565.5 4197.88 3038.47 2921.83 291.761 100.156 1159.41 2630.07 845.345 744.628 116.643 306.982 183.903 225.965 2339.54 383.91 52.5498 1955.63 504.939 130.491 55.166 714.491 656.925 621.052 59.9758 1450.69 852.43 280.885 1511.85 390.917 1120.93 361.736 1118.22 363.212 93.1977 98.0098 327.099 85.2464 548.432 469.929 83.4241 105.96 51.6895 1008.13 100.717 423.837 571.545 306.068 926.805 764.058 593.756 79.0337 390.895 253.916 119.382 50.9775 81.3232 598.607 355.886 154.586 106.927 286.53 101.946 372.703 191.605 72.6201 184.584 134.533 162.747 137.597 78.5031 59.3505 331.36 124.472 242.721 107.166 56.0705 135.555 149.612 132.767 201.3 98.6029 73.9711 47.1872 160.511 324.235 295.117 61.3314 35.8731 146.94 168.25 44.3397 228.01 118.605 109.406 103.249 39.2939 40.7888 195.826 65.0138 77.3262 49.2676 549.87 37.3726 130.812 72.7399 123.079 57.5665 98.0572 84.6198 140.463 117.944 94.3826 40.6053 146.021 70.8269 755.01
internal_count=51361 45712 5649 40380 20971 5332 5380 17123 3243 2137 217 2109 3127 2544 1076 11914 5209 955 859 19409 11665 19041 13786 13258 1321 455 5255 11937 3848 3391 528 1386 829 1025 10640 1742 238 8898 2293 583 249 3223 2963 2802 269 6605 3869 1277 6862 1772 5090 1629 5075 1647 422 439 1474 386 2474 2121 376 480 234 4572 457 1920 2592 1379 4203 3465 2692 356 1765 1155 543 231 369 2725 1620 703 483 1291 458 1683 866 328 833 612 738 624 353 267 1504 566 1105 487 255 618 675 603 917 448 331 214 732 1468 1337 276 161 663 761 201 1031 535 496 471 177 185 889 295 351 223 2494 169 594 329 557 260 442 383 637 535 428 184 666 321 3428
is_linear=0
shrinkage=0.0427603


Tree=2
num_leaves=138
num_cat=0
split_feature=37 28 31 17 28 21 30 28 37 29 21 21 21 37 21 37 59 37 13 13 35 35 21 5 35 37 17 8 59 29 12 21 6 28 37 21 21 14 35 21 1 31 34 5 2 37 2 2 43 21 8 21 21 37 13 21 56 31 13 28 21 2 21 29 35 12 8 31 35 31 59 17 35 30 14 1 35 35 21 13 35 2 35 13 17 6 28 18 22 8 34 18 33 5 37 13 6 21 30 2 35 13 6 21 25 4 13 38 34 8 2 35 21 21 30 34 29 3 35 12 28 33 31 3 18 33 34 30 6 3 22 21 34 56 22 25 34
split_gain=279.056 219.294 171.859 135.468 165.543 156.873 90.0848 108.483 120.351 96.7347 86.0964 83.8757 82.5332 81.0355 75.9043 68.4959 64.9126 62.8655 62.3792 60.6567 55.4388 54.3645 53.7632 47.8748 46.6485 46.0843 75.2934 48.9722 45.4354 45.0077 42.2596 46.7523 39.8642 44.6323 39.4504 38.3371 37.7673 37.1414 36.0488 35.4292 36.1687 35.3659 34.2526 33.5588 33.5059 33.1381 47.5291 33.1282 32.4669 32.4523 38.732 37.1417 32.1563 64.0074 31.6541 37.5813 31.6458 31.4936 31.0535 30.8267 30.6194 41.8354 29.6065 59.6437 29.1786 30.3673 28.1797 28.0255 26.9589 40.9109 26.9314 26.9266 36.251 26.6118 26.3812 26.0363 25.7186 38.737 25.0098 25.0048 28.3102 24.8858 24.6688 23.6512 23.4184 23.3642 22.6472 22.4806 22.4464 22.3565 21.6537 20.7428 36.7417 20.6013 20.3851 19.8874 19.5779 19.006 20.1904 18.6381 23.6387 18.5038 18.4354 18.3252 23.7964 17.9722 17.7902 17.7075 17.567 17.3278 17.1969 16.9844 16.7848 16.6586 16.5914 16.4629 16.3385 16.2962 15.9802 15.6254 15.5292 15.3953 15.3088 15.2236 14.4271 14.3611 14.3065 14.0167 13.9952 13.7156 13.6959 13.6688 13.5483 13.3622 13.3201 13.2851 13.0665
threshold=-0.53374999999999984 0.056815000000000011 0.053465000000000006 0.99825000000000008 0.008635000000000002 20.775000000000002 -0.041144999999999994 0.023945000000000004 -0.27784999999999993 0.012935000000000002 14.105000000000002 21.475000000000005 28.375000000000004 0.93855000000000011 26.740000000000006 1.7180500000000001 0.21192589000000003 0.39595000000000008 -0.7880649999999999 -0.12267999999999998 1.0000000180025095e-35 31.500000000000004 22.755000000000003 -1.092113137245178 16.500000000000004 0.16475000000000004 -0.94364999999999988 0.014681756500000002 0.16385227500000002 -0.031554999999999993 -0.27464999999999995 16.265000000000004 0.045231932454733011 -0.030464999999999996 0.046950000000000006 29.280000000000005 14.580000000000002 1.0180500000000003 1.5000000000000002 27.110000000000003 0.029435814379172604 -0.06017999999999999 1.0000000180025095e-35 11.805425167083742 0.80638786178758137 -0.32024999999999992 0.75893381980338515 0.84600182426269399 2.5000000000000004 20.210000000000004 -0.027654111499999998 15.150000000000002 24.330000000000002 1.3184000000000002 -2.7887799999999996 13.420000000000002 -1.321652137549465 0.023085000000000005 0.070745000000000016 0.082505000000000009 29.280000000000005 0.61668362878985128 25.610000000000003 0.014795000000000001 2.5000000000000004 -0.10018499999999998 0.14755756 0.077345000000000011 16.500000000000004 0.069675000000000015 0.018332955000000005 -0.95834999999999992 24.500000000000004 0.041325000000000008 2.3564000000000003 -0.028039656421067396 31.500000000000004 23.500000000000004 20.775000000000002 0.063535000000000022 12.500000000000002 0.70363050797833415 1.5000000000000002 0.16282000000000002 -0.88894999999999991 0.027964074433610705 0.033315000000000004 0.91855000000000009 5.6018500000000016 0.052928387500000007 53.500000000000007 0.99675000000000014 -0.20424999999999996 4.7811768054962167 0.097450000000000023 0.21485000000000001 0.39401679294011149 27.815000000000001 0.026135000000000002 0.65618824110671947 26.500000000000004 0.095250000000000015 -0.037217398266492847 15.305000000000001 1.1896500000000001 3.5000000000000004 -0.5180499999999999 1.0000000180025095e-35 174.50000000000003 -0.052476405999999996 0.41743280093494356 24.500000000000004 15.695000000000002 16.000000000000004 -0.088134999999999977 65.500000000000014 0.082565000000000013 1.2546981932229795 23.500000000000004 -0.22211499999999998 0.019285000000000004 0.27425000000000005 0.074375000000000011 1.1558434630791043 1.0161500000000003 0.19155000000000003 99.500000000000014 -0.0045749999999999992 -0.058868229624817796 0.76882758623177316 8.8591000000000015 15.305000000000001 69.500000000000014 0.14384089107464945 9.4025000000000016 1.9944500000000003 62.500000000000007
decision_type=2 2 2 2 2 2 2 2 2 2 2 2 2 2 2 2 2 2 2 2 2 2 2 2 2 2 2 2 2 2 2 2 2 2 2 2 2 2 2 2 2 2 2 2 2 2 2 2 2 2 2 2 2 2 2 2 2 2 2 2 2 2 2 2 2 2 2 2 2 2 2 2 2 2 2 2 2 2 2 2 2 2 2 2 2 2 2 2 2 2 2 2 2 2 2 2 2 2 2 2 2 2 2 2 2 2 2 2 2 2 2 2 2 2 2 2 2 2 2 2 2 2 2 2 2 2 2 2 2 2 2 2 2 2 2 2 2
left_child=3 2 6 5 107 29 15 9 70 12 96 59 18 14 22 35 37 23 71 109 41 60 91 45 38 27 -27 -20 118 114 31 89 33 82 -24 54 48 75 83 -16 47 101 -40 -31 58 46 -12 -41 -11 50 -15 76 64 56 -2 -56 -54 79 -37 84 94 -62 86 115 -51 -66 112 -44 -65 -70 -9 72 -8 121 93 -6 77 130 122 80 -38 -81 -13 -25 106 -77 90 -23 125 108 -35 92 -3 -57 -22 -39 136 98 -55 -26 111 -10 -93 104 -59 -105 -7 -5 -21 -19 -17 -101 134 -114 117 -64 -79 -1 -14 -58 -76 -36 -47 -89 -43 -45 -117 -53 -91 -111 -52 -124 -100 -98 -32 -129 -4
right_child=1 13 10 4 16 11 7 8 20 36 17 32 28 49 39 110 -18 19 25 30 21 87 34 24 99 26 -28 -29 -30 43 66 -33 -34 62 73 44 57 95 42 40 -42 124 67 88 -46 78 -48 -49 -50 52 51 127 53 97 55 74 119 103 -60 -61 61 -63 63 68 65 -67 -68 -69 69 -71 -72 -73 -74 -75 120 85 -78 116 -80 81 -82 -83 -84 -85 -86 -87 -88 123 -90 128 -92 102 -94 -95 -96 -97 133 -99 132 100 -102 -103 -104 105 -106 -107 -108 -109 -110 129 -112 -113 113 -115 -116 126 -118 -119 -120 -121 -122 -123 131 -125 -126 -127 -128 135 -130 -131 -132 -133 -134 -135 -136 -137 -138
leaf_value=0.057087200174478624 0.037635688839548528 0.019498252610381229 -0.025937067704070785 0.025484451158631644 0.07349128905737258 0.055558021478137626 -0.00064687807542916404 0.038655569399054922 0.021431999335522849 -0.028194966335423149 -0.0095047203089558205 0.073341798407751707 -0.013929887557670391 0.060276046638388217 0.093603156282875494 0.0028114614743018716 0.11848605461481408 0.054008154295693542 -0.035782057367719097 0.017795229315558395 0.012851699665021879 0.06329103712911277 0.041678901885717518 -0.018367103277755974 -0.016373546139027289 -0.0050715525206415021 -0.031721840945683935 -0.012444989319077513 0.080517028335906266 -0.024400521657132451 -0.019303344664478896 -0.035590213213230588 0.057389938472527054 0.028815453021678521 -0.03570062994728785 0.019010291628179597 0.017988384928333601 0.109536477294426 -0.012101338134581157 0.074892178221179315 0.0028321956837381985 -0.026839436688847997 0.01664685767956444 0.0067765371816926557 -0.0072180871495872911 -0.033767451932238818 0.068844544822975237 0.0096655378391607653 0.019378430512039496 0.027267003805669741 -0.0023424625288926289 0.062733543554454083 0.070712568289892169 0.023430114112577352 -0.033126774136916205 -0.0080254906311635239 -0.0022064652950129294 0.010256426782508613 0.086758063952534409 0.10085802725756275 0.075213157244234066 -0.0066053283747950454 0.025635210817023139 0.083904495215535946 -0.04215228941925394 0.017990077668912002 0.041813286572323527 0.040148593039080756 -0.020333164303242019 0.062213485080264336 0.11100580059779649 -0.038841901204730189 0.062816648542184633 0.027496121497411454 0.0094298698662218603 -0.01970991143266107 0.042021494957816756 -0.050003017688189676 0.014491485274148284 -0.026734321760784763 -0.0094696664928186 -0.00067988674208562124 0.016800205716539795 0.039438008075034059 0.070355670760896341 0.047632766072399767 -0.032024653087689064 0.021909071030323669 0.045730240918273067 -0.0038490586476220405 -0.0063502642911511522 -0.016926206625597892 0.077929321600447785 0.0024040074615811792 -0.011867655924400117 0.050449572975241649 0.027650055197201838 -0.035309229342586491 0.0050002185313723956 0.010416131407605337 0.044072375915456125 0.078534747455910575 0.027841465486566377 0.010976661885408889 -0.045304185150846658 0.043135258997644067 0.0015330427479068357 -0.014800426768081635 0.070359173835427655 0.037739869449176448 0.050895390904725356 -0.029949681117745042 0.028154044299820706 -0.0064644439634071365 0.0018611377090651951 -0.036084295255789788 -0.0055576025984337245 0.0062983649577155153 0.032105485775640916 0.045387996784309728 0.052248330957097668 0.006450209351384838 0.0025650800419197489 -0.021526649264470243 0.021891316922451616 -0.023563972517024603 0.0048451390869516907 0.035361644289626994 0.040500719382166386 0.007128862471385721 0.021661103537946237 -0.024891019519466435 -0.044941635221657367 -0.013744117725946277 0.015210616259932936 -0.0048321099626497865 -0.0072174512039726545
leaf_weight=28.865261375904083 33.105120226740837 40.146846905350685 189.3159359395504 32.291002839803696 19.730236783623695 20.491904869675636 150.28585018217564 20.783705219626427 17.843317151069641 179.47136546671391 26.813566923141479 33.46151265501976 36.316129937767982 30.411914601922035 33.298754349350929 18.308432444930077 45.22920261323452 30.055157363414764 862.50362016260624 19.263980835676193 64.35258224606514 20.042252764105797 28.20566163957119 47.901774495840073 59.653866156935692 413.09960801899433 366.49874542653561 204.43863770365715 18.441349714994431 213.84426052868366 320.11215902864933 24.674319937825203 44.386359959840775 46.847612231969833 66.230504646897316 30.127816170454025 124.55360785126686 26.787023961544037 31.460349649190903 56.876691401004791 30.139872744679451 18.749699175357819 128.45389041304588 77.907196313142776 33.95536994934082 47.9988933801651 29.65188729763031 19.354619711637497 30.528419479727745 18.448100611567497 104.03561912477016 22.414568647742271 29.235691517591476 34.507971182465553 80.280900552868843 999.45591580867767 33.958763495087624 53.119029298424721 21.432094424962997 26.153960272669792 18.304381474852562 30.032427966594696 28.922629654407501 27.90053229033947 82.767794370651245 18.654389709234238 19.308555901050568 346.08538269996643 17.754063099622726 28.314305186271667 17.881022170186043 28.269792929291725 18.451369360089302 21.357529386878014 61.820600867271423 19.482030034065247 26.216145142912865 36.467437028884888 89.47385361790657 153.96720460057259 152.70838369429111 119.76525400578976 25.084419637918472 17.710117116570473 42.968859940767288 18.084583938121796 38.529808342456818 72.621174693107605 18.953707277774811 37.848790436983109 100.558150395751 20.151724845170975 39.408484011888504 528.49479959905148 1083.3633421361446 18.040370479226112 30.293216422200203 46.65118482708931 18.437390357255936 110.9064965993166 32.69263681769371 26.284926950931549 96.504248782992363 94.184530153870583 19.145909070968628 48.673128545284271 25.07357956469059 52.16753251850605 31.097145557403564 40.811672851443291 56.893165037035942 22.967868089675903 27.828957125544548 287.56284861266613 53.263837784528732 28.051003977656364 26.531685769557953 19.847088649868965 22.161828920245171 19.812737047672272 20.95651650428772 20.456801861524582 105.2446480691433 18.353368073701859 27.184214845299721 44.830512449145317 34.623324483633041 51.329899668693542 19.628143146634102 80.128525331616402 74.072703972458839 48.148613393306732 20.939306244254112 26.68604402244091 21.597589462995529 20.832601621747017 108.5381051748991
leaf_count=130 149 180 865 145 88 91 686 94 80 823 121 145 165 136 145 82 197 136 3957 87 293 90 127 216 270 1887 1681 933 82 971 1455 112 198 211 301 135 565 118 142 251 134 85 581 352 153 219 132 86 140 82 469 100 130 155 368 4551 153 241 96 113 82 136 130 125 377 84 87 1559 80 127 79 129 83 96 280 88 116 167 405 701 694 544 112 80 189 80 176 328 85 171 455 91 175 2400 4934 80 137 211 83 501 147 118 431 426 87 220 112 235 140 185 254 104 126 1306 241 127 120 89 100 89 95 92 478 83 122 203 156 230 89 363 333 220 95 121 98 93 496
internal_value=-0.000186496 -0.00256075 -0.00487021 0.0187968 0.0483319 0.0121205 -0.00855426 -0.0118215 -0.00210034 -0.0163265 0.00473741 0.0271097 -0.0214554 0.0146921 0.0284471 -0.000693744 0.0756893 0.00802405 -0.0230938 -3.92931e-05 -0.00416485 -0.00640536 0.0173018 0.0147895 0.0205589 -0.0255341 -0.0176097 -0.0313173 0.0219777 -0.00650907 -0.00469099 0.0173713 0.0188392 0.0146481 -0.00328409 -0.00235932 -0.00517728 0.0566624 0.0270658 0.0549237 0.0427454 0.0282693 0.0309338 -0.0137038 0.0255753 0.00151561 0.0315082 0.0584288 -0.0212438 0.00560827 0.0138799 0.00996054 -0.00440265 0.00591589 -0.00374917 -0.00456375 0.0348367 -0.000763628 0.0473153 0.0598156 -0.00906662 0.0242252 0.00886485 0.0220212 -0.0219856 -0.0310174 -0.00902406 0.0338025 0.0505827 0.0302406 0.0723072 -0.000183782 0.0062491 -0.0150906 -0.00313553 0.0336399 0.00178322 -0.00256133 -0.00428138 -0.00618994 0.00283854 -0.0153619 0.0492429 -0.00265121 0.0476072 0.0125119 -0.00281034 0.0221992 0.00238776 0.0295581 0.00477571 0.0316344 0.048536 -0.00441324 -0.0104752 0.0859233 -0.01474 -0.0139391 -0.000345509 0.00408464 0.011456 0.0556134 0.0200446 0.0131004 -0.00436154 0.0219854 0.0259922 0.000514057 0.0503999 0.024832 0.0392875 0.00343548 -0.0105292 -0.00338633 0.0185024 -0.000962929 -0.0314028 0.0365463 0.00338997 0.0151928 0.0203598 -0.0256683 -0.0126585 0.0130648 0.00183872 -0.00424519 -0.0133555 0.0329955 0.0111676 0.01752 0.00759873 -0.00600489 -0.0213695 0.00813333 -0.0171002 0.0236555 -0.0191405
internal_weight=11323.4 10065 8877.13 1258.45 231.812 1026.63 6417.21 4532.38 1435.8 3096.58 2459.91 569.122 2120.47 1187.86 472.132 1884.83 147.353 2105.08 2043.55 959.918 1397.13 1307.07 332.462 1145.16 797.832 1846.54 779.598 1066.94 76.9193 457.512 808.922 132.512 454.434 410.047 136.25 1809.63 976.117 102.124 571.612 139.67 106.371 90.0622 506 355.536 85.5153 347.331 56.4655 76.2313 210 715.726 392.313 361.901 323.413 203.543 1724.11 1691.01 83.0072 766.117 51.5599 114.688 1196.05 48.3368 351.501 165.566 119.87 101.422 676.41 474.539 73.9689 46.0684 38.6647 197.007 168.737 108.045 1610.73 57.2969 267.324 241.107 290.866 550.994 277.262 273.732 58.5459 65.6119 88.5343 37.5666 185.936 111.017 141.691 107.838 147.406 196.211 79.5553 1527.95 1147.72 44.8274 354.833 120.536 73.8847 226.221 166.567 44.1282 116.656 215.123 72.2649 142.858 45.5655 84.4585 50.3611 150.995 75.2016 133.874 657.102 315.392 101.976 91.597 62.9991 48.7124 58.478 53.7715 82.7771 86.6873 201.392 90.9745 45.9339 122.738 62.6743 94.5771 57.4769 120.94 178.108 153.393 39.3767 56.9793 341.71 72.1625 297.854
internal_count=51361 45712 40380 5649 1031 4618 29231 20668 6524 14144 11149 2547 9703 5332 2109 8563 651 9530 9356 4355 6351 5946 1493 5175 3600 8458 3568 4890 347 2071 3671 599 2042 1844 616 8227 4441 454 2578 616 471 405 2282 1611 384 1575 253 337 963 3223 1764 1628 1459 916 7843 7694 372 3478 231 505 5445 218 1587 745 543 461 3072 2140 332 207 173 898 769 489 7326 256 1205 1089 1322 2504 1259 1245 257 296 392 168 842 501 640 487 666 877 355 6951 5227 198 1619 544 333 1022 752 198 522 974 328 646 203 380 227 684 336 605 2985 1432 460 413 287 219 265 242 375 393 917 411 207 555 283 423 260 548 802 698 178 258 1553 323 1361
is_linear=0
shrinkage=0.0427603


Tree=3
num_leaves=138
num_cat=0
split_feature=37 28 7 21 21 35 58 21 12 6 58 6 56 35 35 35 21 29 60 37 21 16 35 5 35 21 35 29 35 59 37 28 37 16 59 37 56 5 21 17 21 35 29 0 16 37 34 28 28 29 35 35 7 39 12 8 21 28 35 5 35 5 1 0 35 28 56 6 22 17 37 2 60 35 21 8 12 21 37 60 12 12 22 21 29 14 1 39 2 56 35 21 34 2 7 22 35 12 45 12 28 6 22 37 35 16 56 1 29 59 56 8 2 62 7 35 7 8 12 45 39 17 58 34 62 1 45 28 28 5 56 2 5 14 6 45 22
split_gain=254.483 201.581 179.687 139.558 110.039 85.7152 70.7775 70.5165 69.1628 59.6038 60.5165 65.852 57.3754 56.0976 72.933 55.8466 92.8408 76.1619 50.6825 50.1523 46.027 75.1119 90.266 71.0902 48.4728 50.7467 41.826 41.5044 40.4588 59.3694 39.372 38.1474 37.7746 49.7783 37.651 37.3677 36.3589 35.9099 35.0767 33.3262 32.8416 32.4366 32.2113 31.8335 30.4396 29.3708 28.5192 50.7842 28.456 31.2017 121.496 48.1703 28.134 27.082 26.7406 26.3201 26.2619 25.7835 25.4362 29.6229 28.4049 24.8278 24.1074 23.8445 23.544 23.2861 23.0025 26.1164 22.4096 22.356 21.8292 21.7921 22.8255 21.4679 20.557 49.1156 47.1223 25.3417 19.7321 19.4084 18.8324 18.8286 19.8877 18.5417 18.3106 21.3198 18.2237 18.0119 17.6891 17.4042 17.0453 26.6424 16.859 16.5909 21.4148 17.3548 16.0191 15.7849 15.034 14.3193 14.2343 14.0053 14.6422 17.7275 15.778 14.1417 13.8966 14.4443 13.8569 13.4186 13.2583 14.5993 13.0897 14.1132 14.7379 12.8589 19.1782 12.6969 12.6731 11.7458 11.7246 11.4404 10.4374 10.4182 10.3586 10.2215 10.1125 10.0755 9.68001 9.59119 9.48092 9.46733 8.93112 8.86645 8.41811 8.36227 8.27036
threshold=-0.53374999999999984 0.050050000000000004 71.812936077978492 20.775000000000002 14.885000000000002 1.0000000180025095e-35 0.74729017030732503 21.475000000000005 -0.057129999999999993 -0.31397746846635599 0.25025104702174977 -0.084678786896195235 0.035454803657358869 30.500000000000004 24.500000000000004 21.500000000000004 27.110000000000003 -0.019634999999999996 2.1639000000000004 0.88085000000000013 20.775000000000002 0.8781500000000001 1.5000000000000002 0.83083778619766246 28.500000000000004 26.740000000000006 31.500000000000004 0.010315000000000001 9.5000000000000018 0.24304859500000001 0.29335000000000006 0.012285000000000003 0.26985000000000003 1.02295 0.21192589000000003 -0.26764999999999994 0.14384089107464945 16.43354415893555 28.910000000000004 1.0050500000000002 29.280000000000005 29.500000000000004 0.048325000000000007 0.27087999000000001 -0.96594999999999986 0.62920000000000009 24.500000000000004 -0.014134999999999998 -0.026864999999999997 0.014415000000000002 1.5000000000000002 2.5000000000000004 43.458260061426515 0.10575000000000002 -0.021219999999999999 0.024844527000000002 14.105000000000002 0.082505000000000009 30.500000000000004 0.30114337801933294 24.500000000000004 -1.8311753273010252 0.58137442041707732 1.4780595500000002 1.5000000000000002 0.013785000000000002 0.14384089107464945 -0.006360084207603099 1.9457500000000001 -0.88894999999999991 1.3623000000000003 0.99802371541501989 1.8367000000000002 26.500000000000004 16.265000000000004 -0.028554499499999997 -0.064794999999999991 24.000000000000004 1.2610000000000003 2.0139 -0.12174499999999998 -0.14135499999999998 6.0292000000000012 15.305000000000001 0.021265000000000003 1.7514500000000004 -0.17068970770368105 0.17735000000000004 0.91562353309341271 0.4488372410792994 5.5000000000000009 25.015000000000004 22.500000000000004 0.5771281534339604 42.55327861416044 6.2249500000000006 8.5000000000000018 0.18315000000000001 5.1511000000000005 0.079825000000000021 0.11623500000000002 0.41065485608185298 5.8630000000000004 0.51840000000000008 1.5000000000000002 1.0019500000000001 0.34744439866523097 -0.55475735935825587 0.046320000000000007 0.17315925000000001 -1.0739460158608025 -0.047400354999999998 0.76683479230825202 0.53781175949051141 64.876172553005532 24.500000000000004 32.235883292721894 0.0066183210000000008 -0.078984999999999986 1.1324000000000003 0.16085000000000002 0.97235000000000016 0.016048760508801486 91.500000000000014 0.29532232337922565 -0.27703215181749463 1.2448500000000002 0.061445000000000007 0.016275000000000001 40.822359085083015 -1.2308019454812851 0.67222568938816096 -5.6870641708374015 1.2824000000000002 -0.05101838639608109 0.86010000000000009 4.0683000000000007
decision_type=2 2 2 2 2 2 2 2 2 2 2 2 2 2 2 2 2 2 2 2 2 2 2 2 2 2 2 2 2 2 2 2 2 2 2 2 2 2 2 2 2 2 2 2 2 2 2 2 2 2 2 2 2 2 2 2 2 2 2 2 2 2 2 2 2 2 2 2 2 2 2 2 2 2 2 2 2 2 2 2 2 2 2 2 2 2 2 2 2 2 2 2 2 2 2 2 2 2 2 2 2 2 2 2 2 2 2 2 2 2 2 2 2 2 2 2 2 2 2 2 2 2 2 2 2 2 2 2 2 2 2 2 2 2 2 2 2
left_child=2 4 3 8 18 70 9 57 31 39 20 58 43 14 15 17 19 45 32 117 23 24 87 28 25 -22 41 38 55 -30 -29 92 33 93 48 -24 -28 110 -14 71 78 -25 -16 128 46 52 47 -34 64 63 -51 -52 136 -45 100 -11 112 69 59 60 -12 96 80 90 -9 -4 67 -15 -61 125 81 72 -6 -53 75 108 77 -76 127 -8 -44 82 98 -77 -39 -86 -60 -23 -58 -78 91 -50 -1 97 -95 109 -48 118 119 -92 -21 102 104 -104 105 -46 107 -74 -19 -96 -10 -112 -35 114 -114 116 -94 -17 -2 -3 -42 -47 -26 -99 -41 -5 132 -18 -13 -106 -121 -108 -20 -68 -120 -71 -7
right_child=1 5 65 7 6 13 79 34 37 10 11 12 27 66 42 16 40 74 126 54 21 22 35 26 122 -27 36 30 29 -31 -32 -33 44 56 -36 -37 -38 84 -40 124 120 -43 62 53 101 121 61 -49 49 50 51 73 -54 -55 -56 -57 88 -59 86 68 -62 -63 -64 -65 -66 -67 133 -69 -70 135 -72 -73 106 -75 76 83 89 -79 -80 -81 -82 -83 -84 -85 85 -87 -88 -89 -90 -91 99 -93 115 94 95 -97 -98 123 -100 -101 -102 -103 103 -105 129 -107 131 -109 -110 -111 111 -113 113 -115 -116 -117 -118 -119 134 130 -122 -123 -124 -125 -126 -127 -128 -129 -130 -131 -132 -133 -134 -135 -136 -137 -138
leaf_value=0.035829734014920726 -0.019898993913423136 0.03088418002180076 0.047526176731120209 0.045645978308708465 -0.0092107439697895199 -0.048522948286312449 -0.059511025309732492 0.067928726981242055 0.0094547329292914983 -0.029578208409940326 -0.010169867167285889 -0.05491660788680746 -0.014993749881670916 -0.016164045024885193 -0.050348864166989665 0.088413755825279494 -0.019400581133041307 0.036005463332300286 0.030478469097372164 0.028990425987973814 0.017982321495059156 0.046505164648989405 0.017484880032779218 0.0039659166277734971 0.084751279975883942 -0.0078454456282254486 0.047758688766583533 0.0084885628610882509 -0.0082671711777159134 0.066971077830437431 -0.0079455118743256246 0.06068719425063878 0.0034229815013771848 0.013783977402439354 0.064447198935086644 -0.013570474519458069 -0.011888942842339585 0.034393604018539865 0.017064721488899714 0.010115393561483858 0.05243389867263349 -0.021625792403537059 -0.011235550092970208 -0.000561563764097149 -0.02057566700452591 -0.0092362773344824688 0.041625642406182529 0.085118999036167403 0.041712698438164511 -0.035564745009078198 0.082135511305256106 0.018281243994318193 0.028659291861257076 -0.025832411142378615 -0.014691096308180872 0.0026929009584533022 0.0007462211018015477 0.094103693960438439 -0.046101909417072734 0.0021850488178190197 0.037288515934959958 -0.038792459078687565 -0.044057148965145849 0.042818745418027243 0.019611036442278885 0.10526473972936322 0.085127478836644788 0.044920055549644788 0.030988564845154897 0.045415662432116186 0.0020806372062590599 -0.0095907782562259635 0.043465864059479206 0.057376025887515406 -0.02384474823341708 0.0075692274511713108 0.051939724719758697 0.0041432693933904493 -0.041081073665506132 -0.0067698371036536689 0.03500199942035246 0.008717948614167444 0.087114255009687641 0.036914916781946125 -0.015395944838184095 0.03660575399087336 0.0048372825674317292 0.014335985488290867 0.050169411517142222 0.0052160480402583401 -0.025271749431448668 -0.0047734604200867885 0.031184886824352474 -0.05096003333153621 -0.020025877522073292 0.018786537751177192 -0.013138349596389858 0.0096053932153606358 0.010628728399282802 0.0063024284212355999 0.068457233462956527 0.014067818031223806 0.034298026782557528 -0.010163163549785867 -0.02553844629366828 0.017609798502109069 0.040199020331371897 0.007020828003054618 0.089507541527276996 -0.055664721500964978 0.008692114668899938 -0.0318046191566436 0.019172666311789426 -0.041941577242090182 -0.027019666191652421 0.024293512451227284 -0.017045484256098215 0.045347903293060328 -0.031958534493560287 0.041376818558874109 0.0035320373659408753 -0.048606166464398984 0.03843349437732678 -0.029055103920722157 -0.032799616600095609 0.0048809283684669658 0.042926333513039698 0.024907990202315856 -0.018419765389650296 0.00084281826843556854 0.081255957418790076 0.082780362295503479 -0.0082467305824193496 0.045190883607067557 -0.057998092327882861 0.083557902226605751 -0.0069867256315777121
leaf_weight=34.509722977876663 33.276993289589882 29.197913244366646 18.716260969638824 22.127742886543274 18.966691538691521 17.759026795625687 50.453823104500771 34.994306176900864 18.554794445633888 288.51548807322979 136.53865523636341 66.809522226452827 994.63411036133766 21.138544633984566 50.262429192662239 42.925169602036476 19.559761732816696 18.065494030714035 19.243352055549622 82.711616218090057 664.15263034403324 59.618807807564735 80.410415649414062 782.78707332909107 19.182456210255623 175.49839630723 67.118333578109741 455.82186329364777 424.09277184307575 20.070219367742538 641.57330526411533 32.040028944611549 40.831028684973717 27.711269214749336 33.786868244409561 585.00114300847054 25.645317599177361 28.592758968472481 66.368342071771622 17.756160333752632 18.47126317024231 102.37324334681034 46.525788247585297 111.52344106137753 33.753362864255905 17.520901203155518 19.073105871677399 21.263864651322365 34.146879732608795 46.874060571193695 41.691662609577179 94.097000747919083 29.440725743770599 259.06666837632656 21.758758872747421 54.531291872262955 27.541869893670082 26.816967815160751 25.376759439706802 73.65360301733017 27.724413901567459 28.702144876122475 25.084576547145844 24.503418534994125 40.193148851394653 44.376160934567451 18.909515842795372 31.915977194905281 153.53277562558651 19.667312487959862 23.532122850418091 23.706438854336739 59.761697068810463 35.858750581741333 97.690056502819061 307.62474048137665 39.391550332307816 149.1089044213295 41.053002327680588 17.516743808984756 24.557953208684921 20.734709158539772 25.519707635045052 45.401874244213104 71.619064152240753 18.005677133798599 25.521135658025742 70.211374849081039 26.06548710167408 23.7337626516819 69.075063988566399 65.679773226380348 19.163017809391022 43.873381391167641 580.26872797310352 20.284866884350777 19.732330963015556 18.123700156807899 19.899121031165123 41.860027477145195 21.497313097119331 32.874067530035973 21.857645228505135 65.520490601658821 260.89253634214401 37.340834304690361 19.999261423945427 30.585947647690773 18.66036768257618 20.24712473154068 17.622455701231956 176.5352725237608 23.227186366915703 32.72637577354908 27.485671207308769 34.123556688427925 69.738584876060486 18.894705802202225 33.887839764356613 18.882900848984718 18.092453688383102 66.851925894618034 18.151942998170853 41.072623357176781 23.794958889484406 23.796086490154266 25.005594164133072 17.987608641386032 17.416616827249527 27.292541787028313 29.502532690763474 20.208167552947998 24.633458018302917 24.890474677085876 79.945382639765739 25.987282708287239 18.254322841763496
leaf_count=155 154 129 82 97 86 81 235 149 84 1322 625 312 4560 94 230 185 89 80 86 368 2997 267 362 3550 84 793 299 2063 1935 90 2920 141 186 127 147 2671 116 129 297 80 82 466 211 511 156 80 87 97 153 215 182 420 133 1193 98 247 124 113 116 333 125 132 115 109 178 187 83 140 694 85 105 107 268 159 443 1383 175 676 188 80 111 92 111 203 324 80 116 314 117 106 313 296 86 202 2680 93 90 83 87 189 94 149 100 300 1202 170 90 138 82 94 80 809 106 150 126 153 316 84 157 82 81 308 81 190 108 106 112 80 80 125 129 90 111 109 375 112 83
internal_value=-0.000183794 -0.00245885 0.0178928 0.0141923 -0.00505765 0.0116517 -0.00260798 0.0269317 -0.00246474 -0.00216688 -0.00290099 -0.00727977 -0.00986373 0.00817853 0.00583093 0.00944724 0.025214 0.00381573 -0.0147386 0.0437554 0.000989276 0.00607463 -0.00343468 -0.00382422 0.014706 0.0125752 0.00386917 -0.00695038 -0.0133909 -0.00485068 -0.00111259 0.0181121 -0.016246 -0.0212195 0.0206004 -0.00980651 0.0311888 -0.0142747 -0.0129814 0.019991 -0.00495549 0.000997733 -0.02258 -0.0236732 -0.00777702 -0.0238381 0.0105785 0.0315187 0.0177858 0.0137246 0.0253631 0.0420447 -0.00222321 -0.0182475 0.0281807 -0.0244268 0.000289527 0.0569627 0.00796854 0.011678 -0.00211467 -0.00857307 -0.00798938 0.00288287 0.0421981 0.0882545 0.0395849 0.0204428 0.0216831 0.0460054 0.0405885 0.0282547 0.0343046 0.0291258 0.00974804 0.0162859 0.00150232 -0.0069052 -0.0205844 -0.0460281 0.00463451 0.0468414 0.0532076 0.0113643 0.00456698 -0.00486603 -0.0204148 0.0291654 0.0249156 0.0344901 -0.00172506 0.0110536 0.00940588 -0.0252968 -0.0219801 -0.01992 0.0135878 -0.0359465 0.044255 -0.0132909 0.0372033 -0.0127534 -0.014744 0.000874175 -0.0185631 -0.000415365 0.0406831 0.0312099 0.0633921 -0.0212399 -0.0247809 -0.0280908 -0.0115209 -0.0200138 -0.00571695 0.00193346 -0.0065659 0.0753712 -0.0434824 0.0527842 0.0284391 -0.0405184 0.0624306 -0.0170936 -0.0142825 0.0246844 0.0211488 0.00162892 -0.0474577 -0.0230143 0.0658462 0.0617851 0.00856862 0.0626022 -0.0503114 0.0672895 -0.0276751
internal_weight=11317.2 10052.4 1264.75 1201.66 8489.43 1563.01 6775.67 681.156 520.505 6707.7 6492.92 3055.56 2613.21 1395.74 1298.89 1152.46 302.952 849.504 1713.75 187.788 3437.36 1672.23 795.242 1765.13 876.985 839.651 977.924 2158.4 787.21 444.163 1097.4 189.575 1644.87 1035.74 562.761 665.412 92.7637 330.93 1061 214.779 115.164 885.16 146.431 454.816 609.134 149.827 129.602 62.0949 528.974 453.787 218.521 171.647 65.4541 370.59 125.968 343.047 164.758 118.395 442.347 391.449 164.263 67.5076 96.1683 235.265 75.1875 63.0924 96.8545 53.0545 227.186 91.5784 167.269 173.228 149.522 129.956 699.677 389.752 309.924 246.799 78.6004 67.9706 71.0837 143.737 123.002 353.027 118.218 89.6247 50.8979 129.83 53.6074 63.1253 210.762 99.8267 157.535 870.981 664.674 620.801 38.8054 206.307 97.4825 110.935 104.209 479.531 446.657 87.3781 359.279 71.0942 130.555 90.3476 36.7259 600.516 212.713 194.158 111.151 83.4392 50.7129 123.025 88.9016 61.8199 147.11 77.5833 36.5637 84.3728 37.3344 59.1963 41.5511 45.9238 68.8824 37.5474 84.2261 288.185 48.3854 40.2074 43.8768 43.8 113.833 45.6546 36.0133
internal_count=51361 45712 5649 5380 38702 7010 30821 3023 2357 30506 29539 13945 11936 6275 5849 5182 1349 3833 7881 829 15594 7569 3614 8025 3955 3790 4431 9840 3594 2025 4983 851 7572 4778 2510 3033 415 1506 4857 967 520 4016 667 2096 2794 685 592 283 2363 2036 976 761 297 1704 560 1569 750 513 2009 1777 750 309 437 1060 327 269 426 234 1027 400 735 779 672 579 3148 1748 1400 1119 357 315 322 630 538 1586 533 404 232 581 241 281 951 449 710 4028 3069 2867 177 959 427 502 462 2202 2053 400 1653 326 586 406 162 2774 973 889 509 382 232 555 402 269 686 340 163 388 165 273 188 203 309 169 392 1327 211 180 197 192 532 197 164
is_linear=0
shrinkage=0.0427603


Tree=4
num_leaves=138
num_cat=0
split_feature=58 28 23 21 31 28 24 6 31 35 35 24 21 35 16 58 8 21 15 28 5 35 24 5 31 28 24 24 6 35 35 7 29 24 9 7 31 25 24 35 2 35 8 35 5 6 2 23 35 29 29 2 45 5 25 16 24 23 36 29 39 8 21 36 33 28 33 7 9 24 39 9 1 23 62 2 31 5 8 9 35 31 49 8 33 33 7 31 24 60 35 21 5 28 39 1 28 16 8 15 8 5 7 33 28 24 2 35 28 22 45 28 29 58 8 8 7 58 45 58 29 15 2 58 16 33 24 39 60 1 45 1 6 58 31 31 60
split_gain=190.378 119.957 93.2253 99.1116 78.1347 79.6441 70.2716 69.455 62.552 64.9056 64.3476 121.17 61.1458 61.0815 53.5849 57.0535 51.9581 51.5024 47.4143 47.1355 46.2459 43.5301 47.1803 45.4981 42.2519 41.758 39.0951 39.0803 37.4219 36.0853 50.6064 35.8899 35.7184 33.5776 31.5742 31.4902 31.0796 41.8638 36.132 32.6787 31.0178 30.8212 30.5042 29.8448 29.2158 29.0248 28.8627 28.7982 28.562 69.8708 34.2847 28.4501 33.0972 28.3357 28.1996 27.9112 27.5752 26.7743 29.6838 26.6811 25.5086 25.1487 24.7883 23.4809 27.8134 23.4301 24.7449 22.993 22.9132 24.6108 23.2361 22.8788 31.5743 29.8821 33.5575 23.0366 25.2724 24.4098 22.8654 22.4639 25.3079 27.4718 22.1046 21.992 20.488 32.5828 20.444 20.232 22.5102 20.1705 22.4845 20.016 19.7977 19.5564 19.429 19.194 18.8189 20.0519 18.8016 18.5388 30.4689 19.9758 18.4986 18.3384 17.2622 16.9664 27.6963 16.6954 16.4752 16.271 16.144 16.0258 15.6874 15.5089 15.3802 15.3718 15.3296 15.0228 14.9694 14.9315 14.8957 13.9511 13.8981 13.2722 13.0419 13.0327 12.757 12.5724 12.4842 12.2464 12.1935 12.1861 12.1707 12.1353 12.0631 11.7823 11.7719
threshold=0.22529989350765983 0.048125000000000008 85.905000000000015 25.610000000000003 0.055415000000000006 -0.047489999999999997 -0.10018499999999998 0.0055544042214115009 0.034155000000000012 31.500000000000004 1.5000000000000002 -0.072249999999999995 15.695000000000002 2.5000000000000004 -1.0393499999999998 0.74729017030732503 0.0077988802500000001 29.280000000000005 -1.0005499999999998 0.063820000000000016 0.91050735116004955 21.500000000000004 0.30706000000000006 0.22152661532163623 0.053465000000000006 0.11623500000000002 -0.30485499999999993 0.17496000000000003 0.048758499155058657 30.500000000000004 24.500000000000004 63.892599431461647 0.012410000000000003 -0.33595999999999998 1.0000000180025095e-35 72.325687852796804 0.038215000000000006 1.1788500000000004 -0.11259499999999999 1.0000000180025095e-35 0.63657804459691258 15.500000000000002 0.061238676500000006 23.500000000000004 -0.80861544609069813 -0.54165945116100445 0.88545883137292269 -46.984999999999992 21.500000000000004 -0.026984999999999999 0.042745000000000012 0.36245805369127521 0.16195000000000001 10.32113027572632 2.3665500000000006 1.0605500000000003 0.17087000000000005 91.77000000000001 0.92315000000000014 -0.078424999999999981 0.027050000000000001 -0.028554499499999997 13.565000000000003 0.072450000000000014 0.87245000000000006 -0.011814999999999997 -0.21064999999999998 32.967573295674519 2.5000000000000004 -0.14589499999999997 0.075450000000000003 1.0000000180025095e-35 -0.12206695060241508 25.795000000000005 0.47230128033340313 0.739233463836802 0.026625000000000006 18.687644004821781 0.023887455500000005 1.0000000180025095e-35 22.500000000000004 0.109005 0.067550000000000013 0.057373612500000011 -0.27994999999999998 0.18550000000000003 41.206944451327182 0.14885000000000001 -0.25895999999999991 2.4809000000000005 23.500000000000004 20.535000000000004 -8.0513796806335431 0.030255000000000001 0.14155000000000004 0.19716035208620211 0.021235 -0.8386499999999999 0.10860615800000002 0.95225000000000015 -0.031740248499999991 31.520369529724125 76.991308695762328 0.30635000000000007 -0.036744999999999993 -0.18992999999999996 0.64041954067529516 7.5000000000000009 0.040465000000000008 1.7561500000000001 1.3034500000000002 -0.038104999999999993 -0.0079849999999999973 0.44064721299291748 0.011513054500000003 0.022958696000000004 53.286463815486179 0.26899869508192464 7.5715500000000011 0.41795926646879028 0.015125000000000001 0.99425000000000008 0.78657331533789654 0.044052662361012664 0.96535000000000015 0.25720000000000004 0.36784000000000006 0.069950000000000026 2.0777000000000005 0.34456848107144217 0.71705000000000008 -0.065281363484674837 -0.006360084207603099 0.26552889378067374 0.22692000000000004 -0.10472499999999998 2.1463000000000005
decision_type=2 2 2 2 2 2 2 2 2 2 2 2 2 2 2 2 2 2 2 2 2 2 2 2 2 2 2 2 2 2 2 2 2 2 2 2 2 2 2 2 2 2 2 2 2 2 2 2 2 2 2 2 2 2 2 2 2 2 2 2 2 2 2 2 2 2 2 2 2 2 2 2 2 2 2 2 2 2 2 2 2 2 2 2 2 2 2 2 2 2 2 2 2 2 2 2 2 2 2 2 2 2 2 2 2 2 2 2 2 2 2 2 2 2 2 2 2 2 2 2 2 2 2 2 2 2 2 2 2 2 2 2 2 2 2 2 2
left_child=2 4 3 8 5 43 17 19 9 10 11 46 28 27 56 32 59 36 -9 24 -11 22 23 68 71 31 42 -14 63 30 47 48 57 108 -26 124 37 39 51 -7 -19 -41 -25 107 86 -33 61 -3 50 -50 -12 -38 -53 -47 67 114 62 58 -16 -15 96 -1 -8 64 87 66 -61 -36 113 -70 119 73 -73 -5 122 76 -74 -77 -4 -30 81 129 -63 -32 118 -86 -21 88 -10 90 99 126 112 120 -65 -82 97 -28 -44 -49 -101 -102 -64 -96 -13 106 -46 -2 -18 -67 121 -56 -23 131 -20 -95 -66 -94 -35 -71 -62 -22 -75 -83 -34 -98 -58 -45 -119 -81 -72 -6 -31 -24 -97 -123 -109
right_child=1 29 78 7 21 6 14 18 12 20 25 104 13 16 15 -17 33 40 55 44 110 92 133 26 34 -27 60 -29 79 132 83 45 35 84 54 -37 38 -39 -40 41 -42 -43 98 127 105 53 -48 89 49 -51 -52 52 -54 -55 111 -57 91 -59 -60 65 93 82 102 94 116 109 -68 -69 69 70 130 72 75 74 -76 77 -78 -79 -80 80 95 123 -84 -85 85 -87 -88 -89 -90 -91 -92 -93 117 115 103 134 125 -99 -100 100 101 -103 -104 -105 -106 -107 -108 136 -110 -111 -112 -113 -114 -115 -116 -117 -118 128 -120 -121 -122 135 -124 -125 -126 -127 -128 -129 -130 -131 -132 -133 -134 -135 -136 -137 -138
leaf_value=0.06051435949256246 0.025191480977101614 0.064725309449655766 0.03843880739651491 -0.0084848593219247915 -0.040175009928681227 0.036828964414151052 -0.035494261966319288 -0.016515817115471929 0.032910646385296762 -0.019028644861042131 -0.013200781155494459 0.011412439367289204 0.030095729179379669 0.047201114872210237 -0.02068753318683772 -0.059862215558936283 0.022666912138443789 0.077934631785829711 0.080834829060706839 0.074274878565385505 0 -0.0086864673941793313 0.069926171503537707 0.055562834684268259 -0.0099702374978629972 0.048006994676258234 0.0080509350102871188 -0.028903467536287208 -0.029554088023859604 0.023011782351337051 -0.045232908327712991 0.056530947475281042 -0.0082351343766705488 0.014630446152013459 0.074899901881593553 0.029634481665597383 0.039062574681322418 -0.035592506157734731 0.066881346473065359 -0.01418736423824565 0.0061550271595846228 -0.00028188583241103805 -0.011967689185842161 0.016217760323117923 0.032788318576076704 -0.0029462523172426478 -0.0005882421361540816 -0.017783544034954982 0.033213492197605006 -0.0075477207296724457 0.0037377243981318383 0.044507153758470974 -0.020110506582246803 0.03959994411426998 -0.02598834915503977 0.010142196115691738 -0.043776811366967927 0.012986356781263924 -0.036917986433046543 -0.014182302658019211 -0.008328921952285611 0.063398760971660931 0.00051461406902942111 -0.0054269852252484827 0.011575383127213644 0.0054391308820314456 0.036498371685670696 0.032420786959212987 -0.033813917146423365 0.018544137212599354 0.0064895189671805723 -0.013487362397294195 0.026114663392504487 0.032274017119757761 0.065836486162128144 -0.011945885853838083 -0.02452284029047281 0.032626699080613754 0.10214755003656463 -0.02876633255280564 0.0098926554385245537 0.027781640883990641 0.014883528583781348 0.0031395785240607935 0.050471840084013571 0.022796879114263681 0.027706155084991271 -0.019548727108671241 -0.00016586427887857466 -0.032088751063636595 0.046549593557579205 0.0047072355259406822 0.005075355390276667 0.016208636623812028 0.068174543005377938 -0.052297075924693646 0.021911812160748907 0.064149983199816074 0.042931230743952949 0.050770825931727062 0.0022961833559142211 0.022096382628848631 0.043902888943210441 0.014808017202474849 -0.033947547416269701 0.046905493582798392 -0.022551885572068692 -0.013217012303544287 -0.029806894470291105 -0.030281766789979202 0.063527898641901198 0.027976440657192531 0.042365901886081289 -0.035385018552188487 0.046543883570436345 -0.01950357391668792 0.067728109501018346 -0.030453281110344194 0.056137970183248981 -0.029099167995798994 0.011905719360306644 0.067429777312674438 -0.019540847752470922 0.0010441069111710166 -0.024167074813784085 -0.018018197832123297 -0.0074904317548399896 0.062304835798177707 0 0.00018688809991612262 0.052246295302752911 -0.0016968236323641277 0.066960770090563768 0.028390649754441253 -0.0093977159831912533 0.024295472034869616 0.017891615076432915
leaf_weight=72.564535915851593 54.090967506170273 18.992557793855667 22.386847600340843 42.632857248187065 18.977092057466507 30.483006685972214 33.773801371455193 19.934868186712265 47.4144247174263 31.479030698537827 1414.240636497736 19.006901651620865 27.725218132138252 21.502214878797531 629.14919622242451 69.152971282601357 19.110867649316788 20.734706491231918 50.305186569690704 39.868284732103348 22.319175809621811 28.855326488614082 18.357991307973862 53.178636267781258 37.745175793766975 26.098319932818413 19.481867983937263 78.233825415372849 78.347704663872719 21.820302695035934 41.97861984372139 22.372999712824821 293.89411440491676 146.02123187482357 31.741742789745331 33.416242197155952 31.050292640924454 100.44570095837116 18.929593369364738 652.94432179629803 23.985777482390404 528.41195246577263 30.310300588607788 18.142309874296188 33.742793276906013 153.36823676526546 35.817000344395638 39.320445388555527 99.33792433142662 340.00952929258347 257.64895901083946 17.766022548079491 77.836013227701187 35.126661583781242 19.288337856531143 21.755926534533501 66.058090269565582 33.009855374693871 309.61149567365646 30.151566982269287 94.055929452180862 22.927960008382797 344.76489923894405 17.794036060571671 17.970972955226898 36.887179270386696 41.860217094421387 92.830154702067375 26.13653065264225 21.77269746363163 17.69458532333374 218.32460415363312 135.00463870167732 20.257249310612679 36.143071249127388 126.10690300166607 20.648124605417252 27.290186166763306 19.956509456038475 50.719467341899872 20.248907491564751 73.415458157658577 71.141464978456497 28.635190665721893 173.49325360357761 143.43533419072628 31.524317413568497 70.282186031341553 180.00484929978848 19.018062025308609 33.572530135512352 33.150142103433609 35.278885886073112 26.764263063669205 29.11787123978138 37.677288115024567 40.358265087008476 30.241645440459251 18.18071261048317 35.591725140810013 259.88075466454029 146.09218426048756 18.978781029582024 20.452725276350975 74.953088343143463 25.373927786946297 32.32019205391407 74.94777899980545 25.377471357584 61.942675843834877 35.481672868132591 20.988720089197159 17.63309408724308 79.121389508247375 48.616684034466743 120.11128625273705 18.342480525374413 146.22199009358883 18.033951938152313 26.625882133841515 224.7307490259409 18.869006708264351 17.609423995018005 64.247340336441994 139.78298754990101 23.568642675876617 24.924044892191887 28.821210041642189 29.501455456018448 55.366971075534821 28.348590269684792 74.980531230568886 26.087811872363091 47.055367082357407 18.24813324213028 32.218465387821198 31.503895357251167
leaf_count=315 242 82 97 193 87 138 157 90 213 142 6471 85 123 95 2915 329 86 91 218 171 99 131 82 237 169 115 88 357 357 95 194 99 1351 653 139 150 141 466 86 2989 107 2417 136 80 149 696 159 176 442 1549 1165 81 357 157 87 96 305 152 1455 136 429 100 1581 81 81 167 188 413 119 99 81 989 607 91 163 571 93 123 84 231 92 328 317 130 772 636 137 317 818 86 145 151 160 122 130 174 183 136 81 156 1172 655 86 92 347 112 144 341 115 282 155 93 80 363 212 548 82 672 81 122 1016 83 80 290 641 107 115 126 134 251 129 342 113 212 83 142 141
internal_value=-0.000180373 -0.0056765 0.00541992 0.00493698 -0.00793971 -0.0110768 -0.0125904 0.016117 0.00201868 -0.00186802 -0.00337442 0.0153923 0.00869086 0.0168672 -0.0177814 -0.0218696 0.0213448 -0.00557355 0.0442924 0.0121849 0.0264607 0.00109626 0.00499854 0.00263099 0.00812105 -0.00574648 0.00870407 -0.0133958 0.000258547 0.011303 0.00853878 -0.00635381 -0.0200385 0.0283063 0.0251572 -0.0102937 -0.00696441 -0.0090471 0.0117582 -0.00684071 0.0396017 -0.00797382 0.0331717 0.0146525 0.0332689 0.0104518 0.034033 0.0129044 -0.00803585 0.00165169 -0.010586 0.00346083 -0.00802482 0.00494316 0.0332452 0.0543987 -0.00594882 -0.0247148 -0.0260484 0.00228787 0.00439719 0.0415191 -0.000436005 0.0094819 0.0048112 -0.00332169 0.0151754 0.0433044 -0.0114271 0.00282911 0.0130485 0.00275033 -0.00102667 0.0198906 0.0363362 0.00775209 0.0193497 -0.00396784 0.0686404 -0.0090182 -0.00396589 0.00272994 0.0267873 -0.0255122 0.0315965 0.0379701 0.0538159 0.000476491 0.00669771 0.0110456 0.0126546 -0.0235432 -0.014637 -1.97266e-05 0.0325306 -0.0254889 0.0225598 0.0423193 0.00846303 0.0102728 0.0127879 0.00943968 0.00279885 0.0463053 -0.024693 0.0171449 0.00560201 0.00582843 -0.00709927 -0.0168744 0.0396794 0.00194933 0.0105187 -0.0214017 0.0640571 -0.0129455 0.0401433 -0.0202144 0.0192385 -0.00751328 0.00591239 0.0280509 0.00798267 0.015357 -0.0133874 0.00707453 -0.0339178 0.0446591 -0.0253339 -0.0135858 0.0348228 -0.0095474 0.0470986 0.040161 -0.0384318 0.0403723 -0.00394096
internal_weight=11309.1 5708.29 5600.8 5558.46 5037.3 3739.76 3532.25 1150.05 4408.41 2784.98 2644.61 296.411 1623.43 823.775 2029.67 1508.02 717.816 1502.59 140.613 1009.44 140.367 1297.54 1040.05 974.64 846.611 2348.2 680.982 105.959 799.651 670.99 623.082 2322.1 1438.86 525.472 202.594 467.093 1457.87 1312.28 145.582 1211.84 44.7205 1181.36 101.67 207.506 162.83 210.868 202.451 552.468 2111.24 439.347 1671.89 126.652 95.602 188.495 164.849 120.678 521.65 971.771 938.761 192.344 579.313 166.634 397.517 401.38 334.015 170.842 72.0118 124.572 293.657 120.578 94.4418 644.017 527.374 116.643 74.0097 309.05 155.653 153.397 42.3434 398.271 319.924 243.749 94.0694 70.6138 480.984 316.929 71.3926 297.701 227.419 533.476 514.458 124.132 257.491 465.662 67.3646 76.1743 113.65 49.7235 48.491 480.885 441.565 405.973 363.744 49.5706 93.96 91.4369 66.063 160.543 44.4883 98.8299 108.888 40.2771 46.4884 173.079 98.9219 146.876 36.3135 211.002 164.055 48.3986 318.787 73.4066 37.8667 137.663 433.677 63.9269 90.9821 46.9635 175.723 106.086 46.0432 93.9576 47.9081 65.4134 55.9254 51.0875 106.452
internal_count=51361 26091 25270 25089 23087 17191 16261 5140 19949 12638 12017 1323 7311 3691 9388 6993 3211 6873 616 4524 621 5896 4719 4425 3811 10694 3083 480 3620 3004 2796 10579 6664 2343 901 2142 6675 6010 665 5544 198 5406 454 930 713 952 891 2472 9627 1991 7636 579 438 853 732 526 2395 4522 4370 868 2629 732 1824 1814 1511 773 324 552 1342 550 431 2910 2383 527 334 1394 700 694 181 1806 1449 1100 417 324 2142 1408 308 1348 1031 2390 2304 571 1177 2115 303 349 514 224 217 2159 1983 1827 1667 222 432 405 293 724 201 449 479 180 211 792 430 670 163 966 734 221 1445 324 171 618 1992 290 420 206 806 482 210 429 208 294 257 225 482
is_linear=0
shrinkage=0.0427603


Tree=5
num_leaves=138
num_cat=0
split_feature=58 37 28 28 27 15 27 37 9 21 29 15 37 37 28 28 49 57 9 21 28 37 58 60 28 16 49 21 37 56 29 12 9 21 34 39 45 22 45 21 57 22 35 56 21 44 29 27 48 48 57 12 37 58 33 12 6 15 6 29 21 6 28 21 29 6 34 37 29 27 35 29 33 59 34 59 34 12 28 45 12 9 35 27 56 28 49 45 12 34 6 57 21 21 58 36 37 34 39 16 12 4 44 35 44 34 34 39 36 9 6 28 16 35 35 35 37 12 44 44 36 16 15 27 49 49 28 27 25 57 29 16 12 33 16 27 45
split_gain=192.895 116.794 110.282 103.636 103.473 84.4065 120.261 81.7004 73.1453 61.0454 60.3076 54.9467 52.6539 46.2676 106.821 48.1188 46.085 45.8358 55.8629 57.2601 45.2274 52.2313 44.965 43.4267 58.1103 52.5878 42.8303 40.2625 40.2096 39.7169 39.3548 38.1231 37.1409 36.3682 35.9906 35.0195 33.703 32.8607 32.572 32.3016 35.9691 34.6126 31.6496 31.0334 30.1099 30.1497 30.0555 29.0451 29.1196 28.9641 28.1059 27.8673 36.8092 36.1222 27.3456 27.3388 27.1874 38.0855 35.7162 27.0201 26.8731 26.0556 27.4802 29.7076 25.5267 30.2508 25.3206 24.4358 24.2345 27.7629 24.2104 24.0701 23.599 24.2331 23.5438 23.418 28.7656 25.77 25.7535 23.1203 22.9378 31.6334 22.545 22.3494 21.99 26.7898 26.0569 24.1618 31.6322 21.2421 24.1687 23.0829 21.7715 21.1226 20.8551 20.7339 21.4213 20.5329 20.4412 23.3588 23.1414 20.3919 20.1933 20.1359 21.968 19.8757 19.6281 19.4995 19.4726 22.5738 27.6836 24.4707 19.3921 19.1856 25.9632 19.089 19.0098 24.1618 18.9371 18.8783 24.4648 18.7721 22.9597 18.6425 18.4056 25.7798 18.0726 17.9507 19.2144 17.8725 17.8202 17.7231 25.9368 17.2345 17.0846 17.0307 16.8014
threshold=0.22529989350765983 -0.54944999999999988 0.025805000000000005 0.063820000000000016 -0.0099649999999999982 0.99995000000000012 -0.025079999999999995 0.40920000000000006 1.0000000180025095e-35 14.885000000000002 0.012410000000000003 -1.01745 0.88085000000000013 -0.30904999999999994 0.013165000000000001 -0.065094999999999986 0.12710000000000002 0.047719627500000007 2.5000000000000004 23.190000000000001 0.048125000000000008 1.2879500000000002 0.74729017030732503 2.0737000000000001 0.021750000000000002 0.91555000000000009 0.41930000000000006 14.105000000000002 0.58015000000000005 -0.68352467247805759 0.098415000000000016 0.027200000000000005 1.0000000180025095e-35 20.600000000000005 153.50000000000003 0.28605000000000008 1.2763500000000001 4.9756500000000008 0.79760000000000009 23.190000000000001 0.0068407059000000006 1.3532500000000003 1.5000000000000002 0.23599507015345308 15.150000000000002 -0.045149999999999989 -0.081659999999999996 -0.0018149999999999998 0.22975000000000004 0.29170000000000007 0.010302275400000003 -0.28728499999999996 0.79095000000000015 0.46381715798245499 -1.0000000180025095e-35 -0.21211999999999998 0.036048767399725561 -1.0005499999999998 0.015407203710777202 0.0080750000000000023 22.845000000000002 0.036048767399725561 -0.030464999999999996 25.610000000000003 0.014035000000000002 0.031093325924406102 84.500000000000014 1.1487000000000003 -0.027814999999999996 0.060025000000000002 16.500000000000004 0.0099750000000000012 0.11355000000000003 0.19518355000000001 6.5000000000000009 0.26162708000000007 25.500000000000004 -0.060324999999999997 0.036395000000000004 0.84215000000000007 0.18640500000000002 1.5000000000000002 23.500000000000004 0.11514500000000001 -1.7940539282569452 0.085335000000000008 0.24640000000000004 1.4831500000000004 -0.23442999999999997 122.50000000000001 -0.11692706707756194 0.13141259550000003 22.845000000000002 24.095000000000002 0.10221402338955868 0.54735000000000011 0.42975000000000008 126.50000000000001 0.047850000000000011 1.0347500000000001 -0.15640499999999999 3.5000000000000004 0.22255000000000003 24.500000000000004 0.040050000000000009 179.50000000000003 103.50000000000001 0.15965000000000004 0.14780000000000001 4.5000000000000009 -0.072508178289666339 0.078005000000000005 -0.96094999999999986 21.500000000000004 15.500000000000002 16.500000000000004 -0.53374999999999984 0.10259500000000002 0.11695000000000001 0.14285000000000003 0.38175000000000009 1.0515500000000004 1.0825500000000001 -0.047174999999999988 0.68700000000000017 0.58740000000000014 0.035605000000000005 0.038190000000000009 0.77035000000000009 0.0068407059000000006 -0.041324999999999994 1.0267500000000001 0.12458500000000002 -0.029849999999999998 0.96875000000000011 -0.041284999999999995 4.4324500000000002
decision_type=2 2 2 2 2 2 2 2 2 2 2 2 2 2 2 2 2 2 2 2 2 2 2 2 2 2 2 2 2 2 2 2 2 2 2 2 2 2 2 2 2 2 2 2 2 2 2 2 2 2 2 2 2 2 2 2 2 2 2 2 2 2 2 2 2 2 2 2 2 2 2 2 2 2 2 2 2 2 2 2 2 2 2 2 2 2 2 2 2 2 2 2 2 2 2 2 2 2 2 2 2 2 2 2 2 2 2 2 2 2 2 2 2 2 2 2 2 2 2 2 2 2 2 2 2 2 2 2 2 2 2 2 2 2 2 2 2
left_child=1 5 4 9 13 33 123 37 16 59 11 31 84 14 42 -15 130 18 19 44 51 50 39 24 25 112 55 35 29 103 -23 -6 67 68 119 -12 106 113 47 41 131 -13 -2 -28 45 79 -21 48 124 101 -22 53 -53 89 -46 -26 58 -58 -48 95 83 62 -62 118 65 97 -25 -30 -1 -70 -44 115 73 -43 -52 76 77 -31 -78 -11 81 -42 -56 -35 85 136 87 88 -86 92 91 126 -9 94 -66 -3 -97 -34 99 -49 -100 -39 -50 104 107 -74 134 -19 109 110 -38 -112 -20 114 -4 -65 117 -40 135 120 -17 -76 -123 -7 125 -29 -91 128 -33 -54 -5 132 -41 -16 -14 -64 -10
right_child=2 3 7 8 10 6 -8 20 12 17 27 22 36 15 133 34 -18 28 23 46 21 30 -24 66 26 -27 43 38 32 75 -32 127 64 60 -36 -37 108 49 116 40 80 72 70 -45 54 -47 56 98 102 -51 74 52 129 -55 82 -57 57 -59 -60 -61 61 -63 63 71 93 -67 -68 -69 69 -71 -72 -73 105 -75 121 -77 78 -79 -80 -81 -82 -83 -84 -85 86 -87 -88 -89 -90 90 -92 -93 -94 -95 -96 96 -98 -99 100 -101 -102 -103 -104 -105 -106 -107 -108 -109 -110 -111 111 -113 -114 -115 -116 -117 -118 -119 -120 -121 -122 122 -124 -125 -126 -127 -128 -129 -130 -131 -132 -133 -134 -135 -136 -137 -138
leaf_value=0.022322328986363854 0.055035244906100747 0.0026573206554059798 0.01319750438387093 -0.048135723149993058 0.038847852934367683 0.025266242848072992 0.090046702899307898 0.046731183055904242 0.068034777802906343 0.035802195059361545 -0.027077228771405178 -0.0068742387648205918 -0.010844179799585102 0.027736469828297229 0.049385196298398729 -0.0016956377900076507 0.029645153269906795 0.047723730180901605 -0.0096507902651207251 0.04299091392388512 0.041517054962620835 -0.014969694451288786 -0.054292510102211158 0.045686843997006718 0.019116482260484617 -0.038249090784632622 0.072517591614979685 0.037205316278765437 0.010972152125271868 -0.033390880623616573 0.02590081924790389 -0.016934797147466433 0.0069892642320795546 0.030366916923424678 -0.027654630403317681 0.034471573587221881 0.062062164108166173 0.031834030913842189 0.051203539687073155 -0.04262744066775434 0.022615471822113577 -0.034052395273122808 -0.015471518504947058 0.013123999620471585 -0.026421807189158621 0.045261644893427933 -4.5397167355900479e-05 0.0017578891768550663 -0.018751357306862934 0.018249318105416412 -0.023894887108556289 -0.0034187946590330484 0.0004085127548829703 0.042392865714148055 -0.012918355916916759 -0.0085961115081086229 -0.017096646401026809 0.056100792514331352 -0.053651849624615625 -0.021923182551544868 0.043377103984066773 0.052822811404969049 0.015641376995257458 0.020978133096736643 0.0033691313518477871 -0.03116783811989441 0.010230052357748607 0.065907743926064175 -0.016838920528401521 0.021126609301119394 0.020246616469132599 0.039761655138807486 -0.021597026104936221 -0.0034329750206977577 0.0042754931924724286 0.064307141063369017 0.017886981517895063 0.010051963020586531 0.044439634598492248 -0.017096547265504726 0.041962367199144347 -0.022224619714433399 0.024975974954630234 0.077914493842712415 -0.042787269581794719 0.093024752040873918 0.071893184742261584 0.043168045458891878 0.033590706282232409 0.053134058699832454 -0.038527947060166885 -0.036633127525529864 -0.010313396549974242 -0.03398238653547328 -0.026386670445889646 -0.049508996670651673 0.0084705131358362769 0.054561857794432511 -0.036594506250070796 0.046018309457646872 -0.0030539627769099586 0.089079162869684217 0.028212455570066717 0.026563328827678773 -0.019187670377836693 0.0076677877248995012 0.063297868709992336 0 -0.035911312710367321 -0.019876839812675101 -0.015994731240019926 0.023176020976229943 0.014517973525392918 0.027735429409376015 -0.01974414238921525 -0.029266725242923231 -0.016053909985969443 -0.017491114716874787 0.022201451092270001 0.010758263754790054 -0.033569790605903149 0.047652546142450576 -0.0043498464633824271 -0.024966174312510719 0.055181794169163377 -0.015380704457407454 -0.0051419273047574954 0.027498687848935818 0.013878011535666092 -0.028597489371630102 -0.0099710160719396496 0.017890977476878307 -0.0012410727954281231 0.10354454960925207 0.035082088806699468 -0.031498039070308355 0.010865159894362644
leaf_weight=75.287315219640732 20.211676523089409 219.990747153759 203.70389452576637 37.042894467711449 37.433699235320091 37.083159402012825 70.622900322079659 25.512753278017044 19.093251034617424 18.784248575568199 204.38471715152264 203.07534854114056 19.514778956770897 84.024412125349045 20.414595723152161 232.16772632300854 40.224467635154724 18.247467651963234 146.59998732805252 31.956651493906975 80.990888610482216 205.50957836210728 73.332746520638466 76.335535958409309 161.37725281715393 86.949576899409294 36.883274972438812 49.362659603357315 88.311101242899895 32.621280491352081 54.411895141005516 190.12835428118706 47.111780628561974 76.630179569125175 120.6000394821167 18.32389210164547 21.833259403705597 20.613826900720596 18.432308495044708 79.436500728130341 55.676937490701675 563.76270991563797 92.143303260207176 29.14409077167511 352.99126686155796 26.135140657424927 555.40178300440311 152.13262984156609 48.809557408094406 53.436981409788132 29.11378176510334 347.08984756469727 45.513087496161461 39.166083246469498 215.20592540502548 108.65667618811131 20.425322026014328 35.135385885834694 23.707144901156425 281.11381500959396 42.113644972443581 31.73004786670208 17.838585257530212 34.495565578341484 117.83795017004013 24.099027618765831 72.413318365812302 17.930005192756653 130.71880902349949 48.078194752335548 55.596056535840034 58.73972487449646 327.26971292495728 52.177381590008736 89.242112576961517 20.041001990437508 485.94544713199139 106.37721987068653 78.040176019072533 76.265832275152206 29.069057270884514 59.502120107412338 33.016959235072136 24.126395866274834 18.808763340115547 32.083238363265991 24.747885942459106 45.210646778345108 20.937878131866455 18.25328628718853 44.471255093812943 17.790149182081223 23.176722928881645 78.442959919571877 67.564872920513153 31.225990280508995 18.274170890450478 25.979820519685745 51.156056210398674 25.532926991581917 144.31487272679806 26.891118168830872 25.437535911798477 43.237063378095627 110.24760130047798 48.34881728887558 32.621836364269257 111.51288141310215 18.373232245445251 36.650977835059166 43.882026717066765 86.079893782734871 103.57046197354794 106.29834219813347 55.575673744082451 23.059471324086189 290.75446182489395 18.812532022595406 24.08819954097271 154.43126566708088 54.505964830517769 55.645439639687538 21.181457683444023 21.148385122418404 40.096643969416618 25.798611506819725 20.397187307476997 24.442742750048637 45.682677209377289 246.42295211553574 58.115515738725662 17.274213626980782 43.076471328735352 24.534345045685768 58.681833729147911 62.415407955646515 19.219465300440788
leaf_count=335 88 1008 919 173 170 164 296 116 82 85 955 945 86 373 89 1059 180 82 669 142 357 929 357 342 719 400 164 223 399 148 242 879 214 333 556 84 95 90 81 371 258 2649 421 131 1627 118 2515 691 222 237 132 1592 208 176 985 491 93 154 109 1295 178 136 79 155 532 110 327 80 597 217 246 253 1524 246 400 87 2182 479 353 349 132 276 149 100 83 135 107 196 90 83 202 81 105 357 306 146 83 118 233 115 657 120 115 195 499 226 143 501 83 165 196 379 469 477 252 103 1329 86 108 705 252 250 94 96 181 117 92 112 211 1135 264 79 198 107 258 287 82
internal_value=-8.13009e-05 0.005508 -0.00566631 0.00304745 -0.00980044 0.0208916 0.052527 0.00296121 0.019184 0.000633395 -0.0135885 -0.0183232 0.0267676 0.00326313 0.0205536 -0.00242614 -0.00864293 0.00261963 -0.00127101 -0.00650235 -0.0023175 0.00735098 -0.0215513 0.00756071 0.00292822 -0.0096017 0.0155196 -0.00571576 0.00846228 0.0132766 -0.00638536 -0.00146865 -0.00188943 0.0146023 -0.00695131 -0.0219799 0.0162588 0.0184096 -0.00164054 -0.0199225 -0.00692384 -0.0230068 0.0048372 0.046414 -0.0148438 0.00455153 0.00252588 0.00459343 0.0182306 0.0400398 0.0203058 -0.00858794 -0.0128557 0.00582027 -0.0187656 0.00793803 0.00047671 0.0290586 -0.00225272 -0.0126445 0.022718 0.0161549 0.0116986 0.00561843 -0.00844351 0.0102446 0.0284758 0.0203134 0.00194882 -0.00658862 -0.00198023 0.0205028 -0.0263034 -0.0314706 0.0114661 0.0185939 0.0172801 -9.035e-05 0.0215743 -0.00656444 0.00801791 -0.000484872 -0.00784804 0.0418261 0.0452606 0.0640266 0.033151 0.021778 -0.00236639 -0.00370514 -0.0149389 0.00351655 0.0194254 -0.0153555 -0.00743464 -0.00293812 -0.027955 0.0240001 -0.00231267 0.00816047 -0.0118697 0.0643951 -0.00256146 -0.000270341 -0.00513527 -0.0178104 0.0353007 0.00674695 0.00601979 0.0101474 0.0174455 0.00989292 0.000325478 0.0124168 0.006108 0.000718779 -0.0123567 0.016307 -0.0109 -0.00127413 -0.00778182 0.01771 0.033219 0.00689576 0.0316887 0.019057 0.0221885 -0.00729609 -0.0109341 -0.0240501 -0.0249056 -0.0223954 -0.0281362 0.0791122 0.023526 -0.0209278 0.0395495
internal_weight=11298.5 5646.41 5652.08 4868.23 3821.67 778.176 128.854 1830.41 633.122 4235.11 2963.04 1849.69 497.739 858.629 212.9 645.729 135.383 3684.5 2210.96 1389.03 1363.89 536.095 1552 821.93 673.181 337.12 336.061 1113.35 1473.55 1006.27 259.921 297.687 467.278 649.322 561.705 222.709 317.638 466.52 890.641 1478.67 284.035 1194.63 167.951 66.0274 722.399 121.185 666.626 562.641 189.505 100.942 276.174 827.793 639.026 188.767 601.214 270.034 634.67 55.5607 579.109 550.605 395.237 294.481 262.751 220.637 361.036 97.1906 148.749 106.241 254.084 178.797 147.739 116.295 991.559 615.94 195.183 723.025 702.984 138.999 563.986 95.0501 144.248 115.179 248.223 100.757 180.101 70.396 109.705 84.9573 39.7466 149.601 100.912 56.4406 48.6895 263.846 185.403 269.491 49.5002 73.0916 373.136 177.666 195.471 47.5049 74.2471 283.245 240.008 375.619 110.818 129.76 206.819 188.446 151.795 129.962 250.17 365.578 259.28 57.555 327.999 37.2448 104.342 441.105 286.674 166.069 76.8269 58.2315 115.258 75.1613 38.6505 260.254 235.811 291.936 95.1584 139.787 122.513 44.9489 78.1966 80.254 38.3127
internal_count=51353 25446 25907 22009 17618 3437 556 8289 2797 19212 13722 8633 2180 3896 951 2945 617 16680 10038 6326 6194 2404 7261 3712 3043 1538 1505 5089 6642 4526 1171 1372 2116 2881 2572 1039 1405 2095 4050 6904 1314 5590 755 295 3313 552 3013 2554 858 447 1233 3790 2935 855 2761 1210 2871 247 2624 2532 1732 1299 1163 985 1637 442 669 479 1149 814 667 511 4645 2895 876 3249 3162 627 2535 434 666 534 1134 433 775 299 476 369 173 679 458 256 221 1195 838 1237 229 332 1696 806 890 210 337 1277 1082 1750 487 583 918 835 670 575 1138 1648 1171 258 1496 167 474 2016 1311 744 344 260 521 340 175 1202 1090 1343 437 648 569 196 344 366 164
is_linear=0
shrinkage=0.0427603


Tree=6
num_leaves=138
num_cat=0
split_feature=31 21 35 35 12 21 31 30 37 35 35 15 23 37 26 60 12 49 34 57 35 21 57 6 6 21 57 60 37 37 57 12 15 34 16 57 23 37 21 57 35 26 34 37 33 12 33 22 34 37 6 35 12 33 30 9 23 33 49 14 35 23 21 37 23 37 12 16 35 23 37 23 37 31 14 14 23 34 23 34 36 15 6 21 36 6 37 30 37 14 12 12 33 12 49 37 23 30 50 6 34 23 49 57 38 34 31 48 30 57 12 25 12 15 22 25 35 21 37 48 37 15 34 35 34 26 60 33 39 30 6 48 39 33 31 23 23
split_gain=180.826 151.376 163.313 151.648 129.213 81.6529 73.1474 73.4875 71.304 65.7665 71.2722 156.999 64.7137 60.523 68.6395 59.911 56.7559 54.9854 53.5724 51.1783 47.7801 43.9556 58.3112 43.0478 41.8308 63.8073 45.7666 41.285 39.2318 36.5927 32.9858 32.398 32.1814 33.2486 31.3983 30.9881 29.729 29.3837 28.6425 27.1947 44.0982 31.4612 26.7027 26.4075 32.3122 28.0333 26.3347 26.3056 25.6966 25.5568 36.2932 25.4316 25.5147 28.1246 25.8203 24.9092 34.8566 26.5466 24.8815 26.2804 25.593 24.8204 24.7082 23.5472 30.1474 26.1066 23.5456 23.1101 23.1003 22.9233 22.6802 50.2715 23.7106 21.9881 21.9815 21.8268 21.6925 21.4451 21.3021 21.2941 30.8774 21.2879 20.9937 20.1115 20.0034 19.968 19.7715 19.5425 19.2987 32.9242 24.8938 22.6336 19.2284 19.0547 23.8377 18.8513 18.7564 18.7222 18.6097 18.5368 17.5176 24.4363 17.3368 17.2607 17.2104 16.9763 16.6631 16.6533 16.4154 19.6383 16.4058 19.5886 20.0023 16.252 16.1441 16.0252 15.9857 18.3038 15.8393 17.18 21.2957 15.703 15.375 15.3564 15.259 22.9526 15.2552 18.7814 15.1411 14.9976 14.9085 18.9843 24.3251 14.8856 14.8283 14.5657 18.6188
threshold=0.055415000000000006 14.885000000000002 1.5000000000000002 21.500000000000004 -0.086064999999999989 15.695000000000002 0.013885000000000002 -0.10452999999999998 0.072950000000000015 1.5000000000000002 7.5000000000000009 -0.88894999999999991 85.905000000000015 -0.29684999999999995 0.91405000000000014 2.0421 -0.26822499999999994 1.0000000180025095e-35 157.50000000000003 -0.020382285149999995 26.500000000000004 25.610000000000003 0.0068407059000000006 0.008194596835736952 -0.11436834386859458 16.000000000000004 -0.044233023749999996 1.9303000000000001 0.24115000000000003 -0.0038499999999999997 -0.005239248299999999 -0.24034499999999998 1.0510500000000003 183.50000000000003 1.0000000180025095e-35 0.15878516250000002 43.505000000000003 -0.89634999999999987 26.740000000000006 0.042610109250000007 21.500000000000004 -0.16194999999999996 1.0000000180025095e-35 0.40920000000000006 1.1256000000000002 0.046020000000000012 -0.24404999999999996 4.4570000000000007 169.50000000000003 0.5111500000000001 -0.047815118435424693 9.5000000000000018 -0.13672499999999996 -0.16869999999999999 0.13041000000000003 1.0000000180025095e-35 -63.684999999999995 -1.0051999999999999 0.17465000000000003 0.68825000000000014 31.500000000000004 -73.894999999999996 13.940000000000003 0.59530000000000005 50.755000000000003 0.53830000000000011 0.15186000000000002 -0.99144999999999983 23.500000000000004 -41.354999999999997 -0.28749999999999992 59.360000000000007 0.20605000000000004 0.019185000000000004 0.88385000000000014 2.7363500000000003 -38.934999999999995 35.500000000000007 62.625000000000007 85.500000000000014 0.47795000000000004 -0.91384999999999994 -1.0000000180025095e-35 24.550000000000001 0.91830000000000012 -0.27219707712249791 0.53015000000000012 0.064155000000000004 0.58835000000000015 0.54865000000000008 -0.27729999999999994 -0.06245499999999999 -0.054649999999999997 0.17909500000000003 0.47275000000000006 0.99545000000000006 78.825000000000003 0.049250000000000009 1.5000000000000002 -0.44209851800420447 239.50000000000003 63.785000000000004 0.54025000000000012 0.046528101000000009 1.0000000180025095e-35 28.500000000000004 0.18830500000000003 0.20505000000000004 0.042130000000000008 0.3840145350000001 -0.51303999999999983 4.1326500000000008 -0.24608499999999997 1.0030500000000002 2.0285500000000005 0.95105000000000006 5.5000000000000009 20.535000000000004 0.83485000000000009 0.11125 1.4212000000000002 1.0598500000000002 48.500000000000007 8.5000000000000018 173.50000000000003 0.77290000000000014 1.9903000000000002 0.19155000000000003 0.17895000000000003 0.062955000000000025 0.39401679294011149 0.13055000000000003 0.12405000000000001 -0.025949999999999997 0.036025000000000008 82.280000000000015 51.515000000000008
decision_type=2 2 2 2 2 2 2 2 2 2 2 2 2 2 2 2 2 2 2 2 2 2 2 2 2 2 2 2 2 2 2 2 2 2 2 2 2 2 2 2 2 2 2 2 2 2 2 2 2 2 2 2 2 2 2 2 2 2 2 2 2 2 2 2 2 2 2 2 2 2 2 2 2 2 2 2 2 2 2 2 2 2 2 2 2 2 2 2 2 2 2 2 2 2 2 2 2 2 2 2 2 2 2 2 2 2 2 2 2 2 2 2 2 2 2 2 2 2 2 2 2 2 2 2 2 2 2 2 2 2 2 2 2 2 2 2 2
left_child=1 15 4 6 8 12 7 31 133 66 11 126 16 14 20 49 35 -8 19 55 27 24 37 30 25 26 -9 -5 -6 -20 47 46 61 -34 93 85 98 -23 -16 40 41 -12 -17 79 45 68 114 67 70 75 62 76 92 108 78 105 -57 -58 59 -36 -60 -26 -51 64 65 -21 -7 -19 106 -42 71 -25 -72 -65 -37 135 -41 -39 -55 130 124 -24 87 122 86 -2 104 -38 89 97 -90 -92 129 94 -31 -87 -50 -78 110 -33 101 -32 -76 -66 123 -15 -45 -83 -54 -110 -10 112 -112 -43 -4 -107 -48 -118 -46 120 -120 -27 -13 -44 125 -81 127 -11 -127 -53 -18 132 -132 -3 -102 136 -1
right_child=5 2 3 13 28 9 17 21 36 10 39 83 -14 18 38 42 43 23 29 63 -22 22 81 48 32 121 -28 -29 -30 34 100 99 33 -35 58 74 82 77 -40 51 69 113 84 44 118 -47 116 -49 96 50 -52 52 53 54 -56 56 57 -59 60 -61 -62 -63 -64 73 103 -67 -68 -69 -70 -71 72 -73 -74 -75 102 -77 88 -79 -80 80 -82 107 -84 -85 -86 95 -88 -89 90 -91 91 -93 -94 -95 -96 -97 -98 -99 -100 -101 134 -103 -104 -105 -106 115 -108 -109 109 -111 111 -113 -114 -115 -116 -117 117 -119 119 -121 -122 -123 -124 -125 -126 128 -128 -129 -130 -131 131 -133 -134 -135 -136 -137 -138
leaf_value=-0.026759384230716977 -0.0017474193920580896 0.085665712039928954 0.0033959146637079665 0.045242692535642538 -0.039078979377932088 0.019569395607296532 0.069516685189774718 0.031566881174852193 0.064575392106852578 0.081430419994569209 0.027081787034306512 0.0094613161118807607 0.064593670213024076 0.00025727129249765673 0.035641669901741765 0.028355383140349973 -0.0046445080756569142 0.016813130957443311 -0.048980111266152232 0.0099970254685357533 -0.0059655974485120422 0.033083101012656962 0.058673706474155804 -0.025216853673492523 -0.044713567192633939 -0.026939568470447036 -0.0042351307619851522 0.0016269415737099298 0.011736780653698729 0.074905521612497999 0.014367001378525391 0.057288139131545832 0.0071009816716277492 -0.050538401208174918 0.050582280338989163 -0.028314644777616166 -0.038191046653422378 0.011847603460590874 0.10063686548516675 -0.010910317138188757 0.00033937687465559666 -0.0096769794789039257 0.029883090472947092 -0.017447368930903186 0.03461929130738238 0.013281883848343725 0.027762346125317843 0.026843903744513051 -0.017981995829125286 0.064139782015992214 -0.018359788090842877 0.034708161536349029 0.027569209248880493 0.0261418976287617 0.050430690735181249 0.048791501789418823 0.035223345371017553 0.0047383046226820401 -0.036747218209472743 -0.0099861382324647908 0.0047894091883060631 -0.017877062260967445 -0.0033096251462317191 -0.013633923773759059 -0.041763159869533585 0.058862234950823843 -0.01978060210608211 -0.022311083502481871 -0.036673146050421018 0.032548918406611081 -0.030257259852757606 0.072295538249605579 0.00011413505476025441 0.014838290814765778 0.042849180466848984 0.020722762550597046 -0.024527799645274694 -0.029707834110542841 -0.005686648321152378 -7.1245083013975468e-05 0.053949861463618423 0.022204739424099791 0.021697892082737827 0.021947229046433099 0.028799013385546537 0.055774393954380164 0.0061200773308069624 0.016607698610975542 0.048862177457962543 0.050292658086493969 -0.017524370088171377 0.039987022401054589 -0.02550913837485488 -0.011897143155190065 0.0045938282698820042 0.011045225933808462 -0.06039290338298 0.033299176317083033 0.066982867203291163 0.014586348707176591 0.066854671968110804 -0.022720102688434034 -0.0059633298259991951 -0.0010688424082812525 -0.033700106967053833 0.060583195463473731 0.0049828677028639122 -0.019111778923454042 -0.017092753078706415 0.0299386801089369 0.0069863790498814081 0.064181274195371549 0.041036797309888899 -0.042150070978277963 -0.040945193483712589 0.019283679576364895 0.018361503753664181 -0.02825546521316381 -0.016085542291954146 -0.017941096132034193 0.032826269500167073 0.012021677303268776 -0.035888473809236376 -0.023122108156439888 -0.017015189686644106 0.019563671161242274 0.041607018770241963 0.044500669337734097 0.065222093115683485 -0.012403142254483019 -0.028678298715750172 0.043027041433581298 0.029239065980844931 0.051189426099433361 0.014432789178100919 -0.056407609855415458 -0.011006710295128379
leaf_weight=717.2183789908886 20.14285796880722 37.133186131715775 21.674111515283585 111.07808211445808 68.334855854511261 35.859599232673645 21.937991574406624 110.09776346385479 19.559331715106964 86.98836974799633 36.703684404492378 20.086334764957428 29.458984762430191 18.860528871417046 24.351998448371887 53.213474661111832 448.6742672175169 34.772977098822594 43.570185333490372 270.33334793150425 114.15233778953552 20.322414591908455 24.460391208529472 18.133392855525017 65.634505525231361 161.33197781443596 159.67423112690449 62.295112326741219 46.507191568613052 18.175051674246788 385.71896579861641 20.935636192560196 155.24794909358025 20.741457939147949 18.394052505493164 28.402609631419182 29.585943579673767 27.857047036290169 26.286264911293983 23.226550415158272 65.554377481341362 136.84264008700848 18.317565396428108 276.44624751806259 33.428717330098152 61.099880442023277 41.908506825566292 34.722536146640778 70.830451250076294 20.023546263575554 90.241821944713593 25.669397056102753 32.533720672130585 152.51441580057144 58.824329301714897 44.992236569523811 61.197768703103065 363.28759428858757 95.70067124068737 45.131764218211174 37.43311370909214 1862.5895872712135 19.3077262789011 273.71154794096947 29.424947664141655 21.685514509677887 121.73755332827568 130.77238607406616 91.982833608984947 107.28714384138584 67.460458040237427 20.515176832675934 153.3737235814333 60.33665032684803 26.403871148824692 19.617614641785622 18.994450181722641 117.54993659257889 50.933368250727654 92.755868509411812 30.769715368747711 98.702875807881355 58.538452669978142 29.519778981804848 27.355849251151085 71.066173568367958 79.468998655676842 19.681449428200722 27.682973325252533 135.4921120852232 41.591870859265327 17.893511205911636 50.323992058634758 19.342990934848785 17.584483027458191 23.322432741522789 26.547843933105469 22.068982869386673 24.842366963624954 178.89529664814472 20.171504408121109 35.326649680733681 26.354978412389755 55.204315781593323 74.750000908970833 49.260897815227509 76.939621031284332 21.581383749842644 79.196440905332565 20.339494645595551 102.16345688700676 18.79488205909729 46.105545282363892 35.854666233062744 46.775808930397034 27.329500779509544 28.776447832584381 32.928288891911507 25.414930328726768 49.569405570626259 44.549830719828606 21.146446943283081 41.338350564241409 21.96954733133316 36.612116083502769 46.745914682745934 47.96122995018959 36.974656790494919 19.007754743099213 23.521671548485756 26.799955382943153 28.950288593769073 26.241945743560791 65.462462514638901 20.171189501881599 26.011907145380974 171.80962704122066
leaf_count=3385 89 158 99 474 315 158 94 496 84 376 164 90 128 84 109 239 2048 160 205 1229 516 90 109 83 318 741 728 279 209 79 1751 91 704 95 82 127 133 125 112 104 296 621 84 1271 152 278 187 157 324 91 422 115 144 672 256 198 270 1636 439 204 168 8613 88 1239 137 97 557 602 429 471 312 92 704 272 117 89 84 538 229 421 136 450 256 130 124 314 361 87 123 600 188 80 228 89 81 103 128 98 108 809 88 163 118 250 347 217 349 99 352 89 445 80 200 166 215 122 129 150 116 225 199 95 187 102 166 213 213 160 85 107 121 130 117 277 92 128 812
internal_value=-8.24286e-05 -0.00350521 -0.000889642 -0.00285307 0.0217354 0.00847518 -0.00732488 -0.010494 0.0326886 0.0154028 0.0183018 0.0384262 0.00178628 0.00716659 0.0235803 -0.0166333 0.000633654 0.00253302 0.00362865 0.00743179 0.0154624 -0.0128147 0.00235782 0.00108295 -0.0146603 -0.0028422 0.0103488 0.0296138 -0.0184359 -0.0127731 0.00754559 0.00737692 -0.0171968 0.000265644 -0.00647763 0.0222221 0.0226871 -0.0149338 0.0695274 0.013747 0.00437636 -0.00879416 0.00112989 -0.00234469 -0.00860243 -0.0138099 -0.00619182 -0.00692134 -0.0108787 -0.0212316 -0.00336796 0.0183249 0.0124158 0.0173036 0.0254085 0.0170385 0.0129656 0.00915079 -0.0144937 0.00743525 -0.0250128 -0.0187944 0.0308409 -0.000194106 0.00712524 0.0136512 -0.0107799 -0.0140483 -0.0175432 0.0203755 -0.00381668 0.0263527 -0.00913023 -0.00846902 0.0019123 -0.0237002 0.0284689 -0.0216957 0.0181372 0.00309989 0.0140986 0.0222075 0.00433283 -0.00693654 -0.0053668 0.0365497 -0.0102101 -0.0161497 0.0319652 0.0401191 0.0153646 -0.000100017 -0.00687861 0.0219969 0.0405378 0.0448008 -0.0296205 0.00637023 0.0320091 0.0190972 0.0138411 0.0112377 0.0183253 -0.0153056 -0.0215555 0.0369936 -0.0125429 0.0147301 0.0011524 -0.00740773 0.0273138 0.0229068 0.0176247 -0.0164619 -0.0267968 0.0459433 0.00734904 -0.00639533 0.00859128 0.00125029 0.0149531 -0.022384 -0.0209382 0.000794331 0.00777616 0.0135491 0.0624651 0.0704752 0.0328753 0.0120305 -0.00156801 0.0151767 0 0.0637401 0.0408279 -0.0246607 -0.0237234
internal_weight=11289.1 8064.42 6725.12 6188.41 536.709 3224.66 4279.29 3238.83 421.867 1583.52 1425.92 262.869 1641.14 1909.12 338.164 1339.31 1611.68 1040.46 1570.96 1275.62 287.526 2866.94 310.474 1018.52 2556.46 452.25 269.772 173.373 114.842 295.332 661.656 371.894 2104.21 175.989 251.762 195.693 319.271 165.729 50.6383 1163.05 382.243 209.401 275.075 1415.99 659.431 506.469 172.063 200.268 356.861 1064.23 129.573 780.807 493.857 394.342 262.272 564.929 469.478 424.485 196.66 63.5258 133.134 1928.22 39.3313 710.696 376.648 292.019 157.597 165.545 445.369 172.842 259.483 38.6486 220.834 334.048 81.1615 934.658 286.95 145.407 203.448 756.558 225.891 144.745 107.806 90.9445 221.862 114.531 194.506 49.2674 263.724 176.556 87.1684 59.4854 99.5151 55.1025 35.7595 94.3886 97.3783 41.0634 211.466 199.831 461.388 421.046 52.7588 84.6293 115.037 95.4509 353.386 120.284 132.07 99.5359 186.623 167.064 148.269 172.697 68.4499 76.5904 103.613 61.7047 152.963 119.534 69.9648 182.478 61.4247 40.2871 195.122 158.51 171.924 123.963 65.7537 49.1911 530.666 81.9922 53.0419 102.596 40.3427 915.04 889.028
internal_count=51353 36843 30571 28219 2352 14510 19631 14881 1828 7058 6343 1156 7452 8588 1490 6272 7324 4750 7098 5751 1269 13201 1411 4656 11790 2060 1224 753 524 1347 3013 1680 9730 799 1142 868 1393 753 221 5187 1718 951 1257 6456 3019 2327 780 919 1643 5015 601 3469 2192 1742 1157 2527 2104 1906 893 286 607 8931 179 3224 1713 1326 715 762 2049 767 1191 175 1016 1511 362 4414 1277 663 901 3437 1021 658 476 407 1018 506 894 220 1173 782 391 268 450 249 160 417 452 182 917 900 2094 1914 235 387 533 423 1620 549 585 441 809 725 645 787 314 339 466 279 692 540 315 836 277 186 885 719 749 536 298 222 2416 368 238 435 180 4325 4197
is_linear=0
shrinkage=0.0427603


Tree=7
num_leaves=138
num_cat=0
split_feature=31 21 30 21 6 21 59 41 27 23 60 27 29 12 31 1 7 21 9 15 2 57 15 9 21 9 23 6 21 30 9 7 14 49 44 49 21 2 21 57 1 2 21 7 21 22 21 14 7 9 1 7 49 16 15 21 14 27 9 21 48 6 14 31 6 22 2 27 21 30 21 21 27 49 29 29 1 14 16 60 27 29 30 59 31 22 60 21 27 7 56 27 21 23 29 23 49 56 44 7 44 27 33 33 43 31 56 56 22 56 6 44 22 9 9 30 30 22 1 21 44 48 1 44 33 44 2 16 12 12 31 1 6 30 27 6 6
split_gain=165.532 139.906 119.842 79.9226 87.8061 74.2779 63.695 78.7874 60.9183 58.3158 55.7043 54.3269 61.8202 51.6638 42.8092 42.2464 37.6218 36.8642 49.6211 51.4804 47.0623 42.2051 41.358 47.1216 52.6946 33.7325 33.4141 35.854 32.1917 32.7165 31.7845 31.664 31.3973 31.3273 30.5721 29.1255 29.0967 44.323 28.9205 28.0475 29.6504 27.785 27.5522 27.0698 38.8175 33.2492 30.8401 29.3292 26.2075 24.7943 24.7416 28.2168 24.7311 23.7881 23.5423 23.3506 22.0288 21.987 21.4305 26.4229 20.69 20.4668 19.816 19.4621 19.2981 19.1526 19.9285 19.1411 18.9926 27.8741 31.5817 23.8841 18.7418 18.6893 18.6207 18.6144 18.0951 17.7718 18.1184 17.5232 16.8714 16.7262 26.6069 21.8049 21.3165 21.1487 21.1244 18.3929 15.835 24.4113 15.4447 15.3522 19.4197 14.9882 14.9164 14.916 14.655 14.7767 14.5598 14.5032 14.4726 17.7553 15.3604 13.944 13.9127 14.2482 13.8884 13.5406 13.5323 18.8207 13.3737 13.2738 14.3034 12.8394 16.9252 12.1762 12.0524 11.9452 11.9211 12.7825 11.8051 11.7297 11.6479 11.526 11.2877 11.2147 11.1977 11.1159 11.1059 33.4883 21.0276 15.5136 22.1575 19.6466 15.6775 15.2739 19.9184
threshold=0.055415000000000006 14.885000000000002 -0.12052499999999998 25.610000000000003 -0.08068127992779113 15.695000000000002 0.29095000000000004 1.0000000180025095e-35 0.11514500000000001 85.905000000000015 2.0421 -0.058779999999999992 0.027275000000000004 -0.26822499999999994 -0.0095349999999999983 -0.13351704316222693 52.76377385080702 15.150000000000002 4.5000000000000009 -1.0005499999999998 0.41743280093494356 -0.10014510149999999 -0.97224999999999995 1.5000000000000002 23.665000000000003 1.0000000180025095e-35 -34.624999999999993 0.00114842761287675 24.095000000000002 0.12658500000000003 1.5000000000000002 47.327029725099315 1.4419000000000002 0.5797500000000001 -0.063649999999999998 0.34260000000000007 29.280000000000005 0.61668362878985128 28.375000000000004 0.14200186800000003 -0.34337313183022 0.84582209744745318 20.775000000000002 41.378444606058991 20.210000000000004 2.1546500000000006 20.775000000000002 0.65565000000000007 71.812936077978492 2.5000000000000004 -0.10782566738077738 53.151898945368259 0.14255000000000004 1.01495 0.92875000000000008 20.535000000000004 0.88385000000000014 0.040205000000000012 1.0000000180025095e-35 26.695000000000004 0.92645000000000011 -0.14633932713123224 0.94525000000000015 -0.035314999999999992 -0.19930665749698137 8.1400000000000023 0.99802371541501989 -0.0072049999999999987 22.365000000000006 0.070195000000000021 25.610000000000003 29.280000000000005 0.066010000000000013 0.099300000000000013 -0.041324999999999994 0.031845000000000005 0.025089519208973055 1.4017500000000001 -1.0199499999999999 2.0891000000000006 0.03926000000000001 0.029075000000000004 0.028835000000000003 0.18315000000000003 0.25240000000000001 1.7561500000000001 1.9863000000000002 13.675000000000002 -0.0092949999999999977 62.875448583786401 0.13326407656597594 0.016055000000000003 24.000000000000004 82.280000000000015 0.035870000000000006 29.775000000000002 0.031650000000000005 -1.0739460158608025 0.36325000000000007 63.892599431461647 -0.12904999999999997 0.03926000000000001 -0.9696999999999999 -0.096049999999999983 1.0000000180025095e-35 0.12322000000000001 -1.321652137549465 0.10712873576910319 8.6232500000000005 0.47688513642846259 0.072865839217105058 0.67475000000000007 2.9018000000000002 1.0000000180025095e-35 2.5000000000000004 0.11659500000000002 -0.017794999999999995 4.7514500000000011 0.040733550438784655 16.600000000000005 0.26975000000000005 0.22535000000000002 0.061387686493247905 -0.24229999999999999 0.41475000000000006 -0.13809999999999997 0.87751068806969446 0.94455000000000011 -0.091044999999999987 -0.11942999999999999 0.023085000000000005 -0.32592992697130119 0.076788266985085563 -0.041144999999999994 -0.0047349999999999988 -0.15255867196972778 -0.044399981989986695
decision_type=2 2 2 2 2 2 2 2 2 2 2 2 2 2 2 2 2 2 2 2 2 2 2 2 2 2 2 2 2 2 2 2 2 2 2 2 2 2 2 2 2 2 2 2 2 2 2 2 2 2 2 2 2 2 2 2 2 2 2 2 2 2 2 2 2 2 2 2 2 2 2 2 2 2 2 2 2 2 2 2 2 2 2 2 2 2 2 2 2 2 2 2 2 2 2 2 2 2 2 2 2 2 2 2 2 2 2 2 2 2 2 2 2 2 2 2 2 2 2 2 2 2 2 2 2 2 2 2 2 2 2 2 2 2 2 2 2
left_child=1 10 32 4 8 9 11 14 17 13 65 116 16 39 -8 25 30 18 21 34 -21 64 42 61 -25 95 58 36 62 -30 -13 -23 49 -18 -20 -29 38 63 53 40 -2 -40 124 47 45 90 110 73 94 54 51 -48 -16 -28 57 -49 -41 -3 -17 107 100 -24 -14 -38 -4 66 93 113 80 91 115 -72 74 -7 126 88 -37 78 -61 -39 -57 83 85 111 87 -83 -87 -84 -47 -90 -45 -70 -93 128 -12 -5 -69 -98 -86 -58 102 120 -27 -50 -42 -106 -51 -60 109 117 123 112 -76 -52 122 -71 -6 -77 119 -108 -102 -99 -115 -46 -19 -34 -15 -67 129 -1 -131 135 133 -133 -134 -130 -137
right_child=5 2 3 15 6 43 7 -9 -10 -11 48 12 28 72 52 26 33 22 19 20 -22 31 23 24 -26 60 27 35 29 -31 -32 -33 125 -35 -36 76 37 79 41 56 104 -43 -44 44 46 75 50 55 103 106 67 -53 -54 -55 -56 68 99 -59 59 77 -62 -63 -64 -65 -66 127 -68 96 69 70 71 -73 -74 -75 81 108 -78 -79 -80 -81 -82 82 84 -85 98 86 -88 -89 89 -91 -92 92 -94 -95 -96 -97 97 121 -100 -101 101 -103 -104 -105 105 -107 118 -109 -110 -111 -112 -113 -114 114 -116 -117 -118 -119 -120 -121 -122 -123 -124 -125 -126 -127 -128 -129 131 130 -132 132 134 -135 -136 136 -138
leaf_value=-0.021828754004127648 -0.013289070621552409 0.0071138667553916806 0.095097781740447973 -0.0099030363917897782 0.033473338593244903 0.0034986181429535728 -0.009190765721160836 -0.049261754435117988 0.08223173060372288 0.060859011536185205 0 -0.016704187736008333 0.0089816392034177805 0.0045163665257890598 0.080272966552893468 -0.031401872030856426 -0.01383673848460925 -0.035836299908131586 0.077918872151083035 0.019753067693207754 -0.017185978609917055 -0.034202848606655296 -0.019357790559812522 0.038667232571991228 -0.0031260995581028571 0.0070772096603493153 0.0048401275863918678 0.061109641102110666 -0.024052121486045484 0.033181919681834385 -0.0046825056017883752 0.0303400771495465 0.050546094339548764 -0.030012839146070606 0.018275871839295407 0.049813827999042083 0.079322721397590348 0.023480805924625977 0.0030042991930403773 -0.027354173602974638 0.024800822224574283 -0.03849354834306367 0.022259670057431982 0.020034930857023403 -0.002101570229028155 0.04485529309462008 0.051120627845432878 -0.019579638767997665 0.048666314810805009 0.055637485018885109 0.00060492032666037529 -0.0015994427455901228 0.025394552143455883 0.028664489403603083 -0.01369432433104039 0.015483078652648221 0.041220520964321911 0.053223541060515404 0.053768326435977461 -0.0027780251705523634 0.031165629113404196 0.004435102397786341 -0.0043124534404005519 0.029547486948470141 0.040589450162894149 -0.011117838373255551 0.015100260296003783 -0.036463527641123303 0.0068198306604949788 0.0026000231749573146 0.037612081766144417 -0.011683398214939493 0.020972068958621047 0.049058625545077006 -0.0045173588041226773 0.023889706510606946 -0.0040636736813367633 0.029118673017759101 -0.044507643151489147 -0.01231379402684092 0.058807217938097747 0.049964735170036231 0.016668597995468389 0.029500310892692769 0.0034946022550504563 -0.031386042545760405 0.019677995496526199 -0.010733322240502165 0.021701927656227245 -0.039738031291353372 -0.0094087358808340044 0.072140448091760609 0.027691444099060613 -0.055399463447029104 -0.028471110609147889 0.035412133208533252 0.028481167529057376 0.0035656741896729727 0.04160293680957447 -0.0019498172568455617 -0.0050389168788370553 -0.039945296063271331 -0.032515726365368001 0.00445508299009838 0.075132088454091403 0.028725873322240553 0.039185613894737951 0.0040050955442148808 0.0097420716322058724 0.06512440727869738 0.010779987847595436 -0.046430822373418452 -0.017905093954388378 0.01389299293064422 -0.00081240260922292779 -0.030704214540190483 -0.0044034550028028453 0.058143908492122663 -0.0081931284794516373 0.0074137522950245317 0.030896525412173418 -0.015047192519426081 0.049892123237215626 -0.041402475756014176 0.00066105895525362432 0.025085674279636639 0.042465313002590967 0.033271198045594565 -0.026304086754600536 0.048507232437131065 -0.013190554434635581 -0.016171664749727817 0.002333081394095337 -0.043579530616301314 -0.028929032801094191 0.0018792875975354646 -0.026529735084934981
leaf_weight=150.57193359732628 18.835925579071045 112.36607064306736 23.519139140844345 18.32179169356823 65.671823710203171 20.201001048088074 21.848603367805481 21.335844352841377 18.605350151658058 29.919178366661072 180.30654326081276 671.65994013845921 438.4544253796339 35.643823757767677 40.600037083029747 41.343943312764168 554.00282064080238 105.25400166213512 22.152004763484001 97.760256707668304 177.34119929373264 17.477532684803009 148.06693550944328 111.30355630815029 108.75993025302887 21.377862274646759 215.40054975450039 53.791602090001106 156.18945364654064 20.578484445810318 1008.1538797169924 66.446710959076881 62.84703166782856 365.05532619357109 55.846869170665741 17.74302165210247 32.728176072239876 72.808093771338463 93.956253096461296 29.262282073497772 37.335176721215248 42.821927890181541 21.035116612911224 60.52027328312397 20.3547582924366 19.746962666511536 47.41163158416748 29.203717067837715 28.232279226183891 25.257904306054115 57.962585285305977 30.068133518099785 24.574229761958122 119.78757046163082 85.32148851454258 29.207635149359703 26.715143114328384 22.88479445874691 23.534966245293617 61.932117775082588 19.126754626631737 118.67558291554451 384.24064292013645 26.699902758002281 25.391569286584854 23.972619459033012 26.006921201944351 20.007770121097565 43.387071192264557 35.638037100434303 55.951411947607994 26.186320751905441 60.731905341148376 98.314770415425301 391.15353563427925 75.482747733592987 31.265999749302864 19.578832626342773 27.738778620958328 37.788744017481804 39.2929877191782 30.238675117492676 50.692105755209923 25.668145194649696 56.080033138394356 19.014732524752617 66.079035371541977 374.00653623044491 33.204974517226219 18.361679241061211 70.208184823393822 23.08902283012867 87.07287660241127 25.197399973869324 41.506453588604927 46.201360270380974 32.781815767288208 216.28322643041611 27.597338572144508 29.782089397311211 106.7941876500845 23.427305191755295 102.01437278091908 24.988368541002274 35.807343706488609 19.212040632963181 59.908547043800354 17.973793163895607 26.383230656385422 49.324946761131287 19.88262465596199 18.489418402314186 234.75180868804455 26.366445630788803 30.188459202647209 44.855894044041634 19.617799431085587 25.436743378639221 21.387956485152245 38.791422545909882 19.80728854238987 86.586836338043213 46.73543293774128 44.060995191335678 17.703305006027222 67.254584670066833 24.222983598709106 17.92585577070713 198.25027145445347 23.258583754301071 17.588701486587524 63.846379414200783 53.477946355938911 202.67194317281246 63.877708062529564 114.61538051068783 73.968479663133621
leaf_count=710 83 505 103 83 281 89 99 101 76 128 831 3129 1988 162 171 188 2570 486 97 442 809 79 679 490 492 94 972 226 716 93 4627 300 267 1734 249 79 139 316 425 132 163 195 94 269 93 86 209 130 123 108 260 134 111 538 388 128 118 101 104 282 86 542 1738 115 113 110 122 90 194 158 240 118 269 428 1799 332 143 88 127 167 166 136 232 114 253 87 301 1705 147 84 316 99 380 127 192 203 146 971 123 132 485 106 465 111 156 84 265 81 116 218 90 85 1082 117 135 207 87 112 96 173 90 389 204 203 80 295 108 81 937 110 82 304 253 980 304 539 356
internal_value=-8.32434e-05 -0.00336629 -0.000856144 -0.00246991 -0.00495445 0.00809167 -0.00807863 0.0242149 0.00547367 0.00170566 -0.016036 -0.0090306 -0.00983155 0.000602685 0.0423148 0.00698528 -0.0133075 0.00418819 0.0130424 0.00463731 -0.00403237 0.0353289 -0.00262091 0.00332062 0.0179785 -0.00551593 0.0117577 0.0158609 -0.000785846 -0.0173473 -0.00949369 0.0168104 0.0193695 -0.02027 0.03531 0.0393383 0.01209 0.0272708 0.00660539 0.0211248 0.0353019 -0.00993361 -0.0227593 0.0146798 0.0107071 0.0216809 0.00457345 0.0225558 0.00107792 0.0129237 0.008015 0.0305657 0.0596947 0.0133765 0.00384892 0.0171546 0.00265734 0.0149706 -0.00411225 0.0033226 -0.0117049 -0.00874442 0.00276362 0.0570846 0.0669522 -0.0205035 -0.0216769 0.00462054 0.0199626 0.0155021 0.00311435 0.0218061 -0.00224978 0.0413554 -0.00329712 0.0308861 0.0152911 -0.00765706 -0.0157694 0.0111836 0.0404427 -0.00438064 0.000647673 -0.00907215 -0.00354663 0.0192 0.00818031 -0.00744518 0.0122938 -3.19587e-05 0.00416549 0.0285743 0.037075 -0.0226531 -0.00535966 0.0224298 -0.000900259 0.0011976 0.0161516 0.0183327 -0.0147309 -0.00574533 -0.0255962 0.0280474 0.0452923 0.0590626 0.0266442 0.0323989 0.0383507 0.0433251 -0.0196051 -0.0106201 -0.0095504 0.0168431 0.0258836 -0.0158671 0.0246744 0.032597 0.0204843 0.0267736 0.000524917 -0.00173108 0.0370094 -0.0290988 -0.0305212 0.0374416 0.0199949 0.007697 -0.0217878 -0.0124887 0.0217592 -0.0240877 -0.0302063 -0.0370416 -0.0146201 -0.0179968 -0.00922439
internal_weight=11278.6 8047.57 6717.31 6221.29 4927.32 3231 3791.98 108.359 1135.34 1641.24 1330.26 3683.62 3598.33 1611.32 87.0229 1293.97 2598.87 1116.73 485.935 353.1 275.101 132.835 630.798 486.806 220.063 357.071 936.894 744.792 999.463 176.768 1679.81 83.9242 496.02 919.058 77.9989 102.801 641.991 170.025 471.966 196.95 111.19 136.778 143.992 1589.76 1057.36 378.67 678.691 532.401 275.034 365.918 594.392 77.4798 65.1743 335.188 220.572 413.885 85.7595 135.251 192.102 150.758 292.548 266.743 822.695 59.4281 48.9107 1055.23 1013.33 516.913 384.681 316.181 162.632 82.1377 1414.37 118.516 1353.64 247.941 49.009 109.25 89.6709 110.597 68.5006 1293.77 623.708 670.063 508.376 115.332 85.0938 424.699 71.3136 51.5667 130.728 153.549 110.162 987.325 221.813 64.5232 355.66 335.652 83.6774 56.4972 273.421 150.029 123.392 53.2206 92.3546 55.0194 145.346 41.5088 176.628 150.244 84.2984 644.395 625.905 161.253 103.29 80.4939 85.2896 100.919 120.088 98.7 126.601 302.87 73.1019 64.4158 122.957 130.102 59.8668 41.8985 962.127 191.419 40.8473 770.708 383.874 266.518 117.356 386.834 188.584
internal_count=51353 36843 30571 28373 22576 14510 17445 482 5131 7452 6272 16963 16595 7324 381 5797 12060 5055 2192 1597 1251 595 2863 2203 982 1612 4185 3315 4535 809 7756 379 2198 4304 346 448 2867 737 2130 868 486 620 660 7058 4721 1680 3041 2337 1257 1636 2655 343 282 1510 994 1820 382 606 870 682 1326 1221 3726 254 216 5015 4824 2312 1690 1396 723 358 6456 517 6187 1095 222 497 409 483 294 5917 2837 3080 2313 524 388 1937 317 231 585 673 479 4702 1023 286 1596 1506 376 250 1240 681 559 234 403 240 642 185 778 662 386 2966 2881 716 456 365 368 444 534 438 575 1360 321 296 566 562 270 191 4575 902 192 3673 1841 1284 557 1832 895
is_linear=0
shrinkage=0.0427603


Tree=8
num_leaves=138
num_cat=0
split_feature=58 28 28 21 28 16 58 57 14 33 33 30 5 28 3 21 0 21 34 39 12 48 34 21 21 5 15 30 15 25 21 45 2 3 2 12 21 21 1 62 1 29 5 32 56 28 33 21 3 30 39 16 30 39 29 12 21 34 45 0 33 57 5 50 44 21 21 57 33 16 14 16 25 21 1 39 12 1 30 15 15 29 15 57 12 1 5 29 46 15 44 58 45 58 21 0 5 30 62 0 58 15 39 21 34 30 30 2 44 3 14 0 34 29 12 29 57 16 3 1 45 34 1 39 12 33 12 25 1 44 28 28 56 25 33 2 3
split_gain=158.028 92.1671 77.7155 69.0316 61.0948 67.9945 65.9274 47.0128 42.7787 41.9484 50.1293 37.0613 35.9445 34.7881 33.9318 32.7315 53.1641 49.7943 31.116 29.9435 29.8486 27.9228 33.3842 27.5565 48.8101 46.8595 42.195 39.3943 27.4086 31.1481 27.1562 26.9043 25.814 25.7821 25.3796 27.4892 25.2063 30.2245 24.4846 24.2683 24.3128 24.2619 25.0356 31.9401 23.5848 23.4817 25.4535 23.4752 25.8412 23.2286 28.1084 25.0335 30.6533 23.1195 22.8163 22.7341 30.7854 23.3809 24.7385 21.7776 21.6106 21.5474 20.9832 22.4961 20.9454 20.924 42.9983 30.3409 29.009 22.4227 20.914 20.942 20.828 20.7692 20.717 20.685 20.5484 19.4683 19.4343 19.2517 18.8849 18.8188 18.6352 18.2612 17.9774 17.9416 17.8356 30.6706 18.6502 17.7441 17.3452 16.4586 16.2798 21.8262 16.0075 16.798 15.8705 16.6393 15.7976 15.8755 15.7422 15.7188 15.7055 15.5199 15.092 15.0667 29.3682 19.6093 19.2145 24.7427 18.6581 15.0531 28.7294 17.0047 15.7965 14.7442 14.385 14.2647 14.2493 14.1995 14.1842 13.9899 13.786 13.6302 13.6231 13.5479 22.9672 13.5055 14.1623 13.4542 13.4167 13.3727 12.7122 20.7423 17.0746 12.6088 12.5508
threshold=0.22529989350765983 0.048125000000000008 0.065135000000000012 14.885000000000002 -0.045834999999999994 1.0172500000000004 0.67900592264623294 0.052722304500000004 1.4851500000000002 0.18550000000000003 -0.087049999999999975 -0.078659999999999994 16.046214103698734 0.022615000000000007 0.57257915511472246 25.660000000000004 0.15274241000000002 19.435000000000006 3.5000000000000004 0.33575000000000005 -0.27464999999999995 0.10575000000000002 141.50000000000003 24.095000000000002 15.150000000000002 -2.5311992168426509 -0.98424999999999985 -0.10452999999999998 1.0103500000000001 0.50885000000000014 20.775000000000002 0.13795000000000004 0.54567413263065445 2.1856698651492921 0.11611054937647451 -0.42982499999999996 26.740000000000006 25.610000000000003 -0.60025877399043659 7.6521303798981624 -0.18103725666372242 -0.031554999999999993 1.5102102160453799 1.0000000180025095e-35 -1.4316037654227487 0.039535000000000008 0.17940000000000003 13.420000000000002 0.5565720465496462 -0.047684999999999998 0.10575000000000002 1.0256500000000004 0.066495000000000012 0.12995000000000004 0.0080750000000000023 0.32514500000000007 23.190000000000001 5.5000000000000009 0.9840000000000001 1.4504462000000002 1.0000000180025095e-35 0.16943675400000002 2.3914136886596684 1.0000000180025095e-35 -0.55929999999999991 25.430000000000003 20.210000000000004 0.052722304500000004 0.87245000000000006 1.03095 1.2395500000000002 0.99535000000000007 2.4005000000000005 27.110000000000003 1.0000000180025095e-35 0.25505000000000005 0.11153 -0.18103725666372242 0.052550000000000006 0.96615000000000006 1.0683500000000004 -0.022529999999999998 1.0162500000000001 -0.036700129499999991 -0.12174499999999998 0.23936690645247619 -0.55086824297904957 -1.0000000180025095e-35 1.0000000180025095e-35 1.0355500000000004 0.31245000000000006 0.36046050257251944 0.72675000000000012 0.14763336629107898 24.685000000000006 0.39465990500000009 31.520369529724125 0.0039650000000000006 1.0595439432656699 0.41267719500000005 0.28881901791615799 0.98115000000000008 0.023850000000000007 15.695000000000002 124.50000000000001 0.037225000000000008 0.010550000000000002 0.35143325143325149 0.20315000000000003 0.40898690588759395 0.74855000000000016 0.37875554000000006 198.50000000000003 0.024705000000000001 -0.088584999999999983 0.0077950000000000007 -0.058543504499999989 1.1201500000000004 0.72548801515569761 -1.205624526594127 0.7823500000000001 122.50000000000001 0.11914964097432602 0.32315000000000005 -0.066984999999999975 0.13315000000000002 0.17909500000000003 2.2296000000000005 0.4173295853410357 -0.23394999999999996 0.029315000000000004 0.014885000000000002 0.72165948870075536 0.30855000000000005 -0.025949999999999997 0.57314663067579297 1.1558434630791043
decision_type=2 2 2 2 2 2 2 2 2 2 2 2 2 2 2 2 2 2 2 2 2 2 2 2 2 2 2 2 2 2 2 2 2 2 2 2 2 2 2 2 2 2 2 2 2 2 2 2 2 2 2 2 2 2 2 2 2 2 2 2 2 2 2 2 2 2 2 2 2 2 2 2 2 2 2 2 2 2 2 2 2 2 2 2 2 2 2 2 2 2 2 2 2 2 2 2 2 2 2 2 2 2 2 2 2 2 2 2 2 2 2 2 2 2 2 2 2 2 2 2 2 2 2 2 2 2 2 2 2 2 2 2 2 2 2 2 2
left_child=2 4 3 54 76 6 11 8 12 10 21 47 19 55 72 17 31 20 -8 23 45 22 36 24 27 53 -27 -5 29 74 -26 -17 -31 75 -30 61 37 -9 -10 40 59 -15 84 -44 -14 46 91 -6 94 -12 -51 80 -53 -25 90 57 -57 60 -59 -16 -13 -36 63 -24 -42 66 68 73 69 -66 71 -21 116 -67 -3 85 102 -38 -64 -76 -52 -72 -48 -37 -43 89 87 -18 -88 103 119 -7 93 -46 95 -49 98 -98 132 -100 -58 -61 -2 -11 129 106 110 -108 -107 -110 -22 113 122 -19 -115 -75 -4 -70 -23 -1 -35 130 135 136 -77 126 -121 128 -94 -56 -50 -127 134 -134 -85 -113 -99
right_child=1 28 14 7 5 15 18 9 38 33 49 13 44 41 39 16 86 111 -20 70 105 118 62 25 30 26 -28 -29 34 32 -32 -33 -34 120 35 83 77 -39 -40 -41 64 42 43 -45 92 -47 82 48 121 50 51 52 -54 -55 104 56 100 58 -60 101 -62 -63 78 -65 65 67 -68 -69 117 -71 81 -73 -74 115 79 124 -78 -79 -80 -81 -82 -83 -84 96 -86 -87 88 -89 -90 -91 -92 -93 127 -95 -96 -97 97 123 99 -101 -102 -103 -104 -105 -106 108 107 -109 109 -111 -112 112 -114 114 -116 -117 -118 -119 -120 125 -122 -123 -124 -125 -126 131 -128 -129 -130 -131 -132 -133 133 -135 -136 -137 -138
leaf_value=0.020633068715423621 -0.00093647369576816352 0.049074945170744448 0.041076790842478735 0.035749456770145453 -0.025890036170034537 -0.012315362674528721 0.0050107164946856866 0.0020481472430867688 0.056279923182244437 -0.01601262958455954 -0.0032795109825759713 0.013475300227193834 -0.024407315877026284 0.042401412385314009 0.06014969294676141 0.016165594094650633 -0.014295167511950643 -0.032926353584976024 -0.053265972263148574 0.015192999842724 0.011208451168891279 0.070678348958796072 -0.024726129586564685 0.029201210878324932 -0.024411521951357779 0.010743577646924771 -0.020708329074133308 -0.0026951388502925119 -0.035133740377252948 -0.04078773921754885 -0.0068977930780268135 0.084365999777695391 0.020962087089652172 -0.010642360291594264 0.010909945131176808 0.043334314342885746 -0.056630380089469197 0.042884706816633651 0.011593510988639137 -0.019534662742450783 -0.016219976941033484 -0.023698370088541133 -0.0012709048375244181 0.054564588506410133 0.0075344060926286214 -0.017552094319918207 0.018186228929864753 -0.028676346009857214 0.017847425419913816 0.056054301732017142 0.020476257856266118 0.057619294312763303 0.0063066527382731052 0.0053737325900364199 -0.04769027029974364 -0.011101282376610148 0.061877381349180888 -0.013120576575602958 -0.023160378783423276 0.049373592013381089 -0.01671151091075573 0.073577659078013682 0.042921357324976199 0.027013325639581923 0.040922002013174384 0.068298829472161704 -0.0076573311842178405 0.0039251930409325486 0.036843763393611451 0.0026819790458662745 0.012879641063561481 0.060379016100807793 -0.03026336888812494 0.04467843289873441 -0.0052561900717632785 -0.026987179224753598 0.0015023031640826595 -0.0085768990626543806 0.011859692500803803 0.038150928959727104 -0.023044676047122781 -0.03652356704994314 0.074295706460406494 -0.00073746893067481902 0.0086467689400528281 0.029390096747331878 -0.03813998123164071 0.062441122327762451 0.012575986788696708 -0.027396598142213041 0.016819748588040331 0.026975517337331677 0.0039465055467017519 0.061709689920960632 0.025535281542301263 0.013028535676913889 -0.017618714710911407 0.032544753553997836 -0.0050553125425413896 0.033068451666284963 0.0071287800885323849 0.0020322357721724213 0.033963140181896903 0.015168614899478289 -0.048909338196479669 -0.015811465919635531 -0.021674451090449683 0.022995288961311741 0.041734027720506432 -0.0025961433681836944 -0.01872696279337711 -0.0072708189348628565 0.036878798627665424 -0.019108847305345771 0.022417870396725291 -0.00052528568156911312 -0.011892980198937508 0.084601459655977304 0.019718468122729829 -0.025678915485188865 0.031192441251608194 -0.0037582578152293798 0.017011624314992993 0.043660016124553919 -0.0042662083227582945 -0.0094147582820482672 0.025917385440618227 0.043061667370988495 0.04235692684829568 -0.012740958479937484 0.054876858484561086 0.033026702427960831 -0.020432340140375815 0.02949311980927094 -0.046531484910905252 -0.040717137741484805 0
leaf_weight=28.362525686621666 30.869470715522766 73.802108556032181 18.714146286249161 55.284568786621094 45.190226137638092 30.349476739764214 19.963912487030029 439.37796992063522 23.946994483470917 41.632290706038475 41.504000470042229 91.399228051304817 28.099550977349281 20.656589448451996 58.273380026221275 17.864614799618721 19.37725767493248 133.3080793172121 97.243086293339729 83.243921473622322 61.22373341023922 18.656869277358055 32.055790022015572 115.2635153979063 348.60460340976715 123.92344799637794 209.44183397293091 410.04884943366051 28.265690386295319 21.945713356137276 304.96710425615311 27.048319935798645 28.271589264273643 18.886272385716438 22.068356305360794 19.700626060366631 20.305361598730087 35.895509034395218 379.26423040032387 24.139256477355957 27.747333869338036 156.32661192119122 365.79330942034721 19.734892278909683 25.164238154888153 25.952630713582039 18.277132779359818 64.131164491176605 119.0990931391716 64.453587964177132 184.72462983429432 71.278463169932365 30.835299849510193 213.19717383384705 22.030010282993317 89.774806633591652 19.298911273479462 1101.059464097023 764.71155229210854 22.337659165263176 82.456154391169548 18.905668988823891 86.99532362818718 29.510009944438934 43.98297406733036 47.317149221897125 98.212848827242851 41.968431919813156 30.800909176468849 78.612351030111313 36.626090094447136 24.516483679413795 38.395767793059349 40.243691951036453 36.214431911706924 87.227252036333084 142.10567080974579 66.270360887050629 65.249974772334099 38.02613565325737 20.070608928799629 22.823935955762863 28.065281063318253 24.225178316235542 38.940318807959557 43.283859461545944 29.521921783685684 18.504328563809395 23.773312941193581 37.581976756453514 69.582577303051949 53.552847251296043 178.76743419468403 30.486826106905937 19.464533254504204 24.090186253190041 29.094784334301949 31.761347740888596 60.41735203564167 29.664194628596306 19.795451760292053 30.921225279569626 94.508803889155388 96.65538914501667 27.306353196501732 204.28614769876003 20.113519221544266 157.47477550804615 25.402442693710327 244.22328911721706 99.819797948002815 47.140003487467766 24.413735523819923 66.774857506155968 22.223201841115952 19.150087535381317 18.473966524004936 19.113254278898239 22.877032563090324 121.1314682662487 65.009601712226868 44.828869178891182 20.127145648002625 29.541703760623932 110.06272611021996 38.54280349612236 17.996381238102913 22.197536483407021 19.557775735855103 262.99589991569519 21.405949532985687 20.847712934017181 42.747209534049034 23.58698807656765 40.046784967184067 37.553957998752594 67.301194682717323
leaf_count=130 136 317 81 243 216 136 93 1974 105 190 187 424 127 93 247 80 86 623 495 376 280 82 146 514 1627 550 953 1869 128 99 1391 120 124 84 97 86 93 158 1690 107 124 725 1677 89 112 115 81 296 544 283 821 307 137 947 104 420 85 5147 3642 94 388 83 384 132 192 196 450 185 134 346 164 105 176 169 161 396 643 297 290 168 91 105 122 109 181 193 133 82 107 170 315 235 805 135 88 111 130 141 274 133 90 136 412 431 129 945 94 714 115 1118 464 218 109 305 101 83 82 83 101 564 289 206 92 130 491 178 85 100 88 1227 96 96 192 106 182 174 301
internal_value=-8.32171e-05 -0.00516499 0.00496289 0.00314078 -0.00717492 -0.00831146 -0.0117743 0.00501486 0.00143783 0.0104998 0.0147459 -0.010584 -0.000855473 -0.0122161 0.018774 -0.000637289 0.0193228 -0.00270031 -0.0432765 -0.00299355 0.00229541 0.00859689 0.0067565 -0.00462125 -0.00871362 0.00228626 -0.00899435 0.00185644 0.00976949 0.0230997 -0.0162507 0.0574038 -0.00587618 4.59951e-05 0.00409839 0.00664095 0.00127004 0.00514798 0.0142659 0.0222732 0.0240929 -0.00310138 -0.00473251 0.00156812 0.012808 0.019417 0.0268403 0.00276075 0.00720464 0.0268989 0.0302916 0.024857 0.042197 0.0137578 -0.0103481 -0.0147407 0.00262817 -0.0158418 -0.0172395 0.042012 -0.000799121 0.0400064 0.0211391 0 0.0196068 0.0219947 0.014869 0.0349197 0.0277365 0.0164617 0.0142966 0.0255421 -0.00810988 0.0470402 0.0329786 -0.0042959 0.0126901 -0.019933 0.0296575 0.0168774 0.0161749 -0.00596271 0.0523266 0.00318811 -0.0172101 0.00472079 0.000483038 0.0229936 -0.0153783 -0.0013086 -0.00182363 0.0126748 0.0166214 0.0373461 -0.00941014 -0.0172043 0.00107829 0.0114546 -0.00630284 0.00741688 0.0343452 0.0220272 0.0253115 0.00572776 -0.0184157 -0.0009868 0.00589053 0.0178943 -0.00591659 0.00155296 -0.00730047 -0.0164881 -0.00481049 -0.0232434 -0.00865619 0.029979 0.014564 0.0552801 0.0427882 -0.00757406 0.0216865 0.0168984 -0.014591 0.0180896 -0.0143493 -0.0116414 -0.0189516 0.0113576 0.00777175 -0.0154683 0.0235417 0.00535882 -0.0158223 -0.00256825 -0.0293863 -0.0221887 0.0103892
internal_weight=11267.8 5614.81 5653.03 4994.62 4949.22 4681.74 3225.36 4385.83 2655.43 1730.4 1230.06 3108.16 2252.21 2769.95 658.404 1456.37 136.09 1320.28 117.207 1947.94 968.741 817.194 775.66 1780.73 1118.91 661.826 333.365 465.333 665.587 198.26 653.572 44.9129 50.2173 500.339 467.327 439.061 561.849 475.273 403.211 582.821 558.681 601.452 580.795 385.528 304.273 156.197 130.245 338.21 293.02 412.867 371.363 306.909 102.114 328.461 608.796 2168.5 128.869 2039.63 1865.77 111.532 173.855 40.974 213.811 61.5658 447.149 419.402 270.722 148.679 172.509 122.595 167.21 107.76 75.5839 106.711 148.043 416.443 267.484 86.5757 152.245 74.2406 204.795 59.45 46.3424 398.087 195.267 219.154 91.1768 37.8816 53.2952 175.87 296.463 83.9023 276.174 55.6511 107.686 88.2214 378.387 157.699 220.688 90.0815 39.0944 53.2589 125.378 138.288 312.332 812.544 338.632 177.588 473.912 269.626 161.044 351.541 129.235 222.306 88.9981 59.3938 37.1881 49.9142 41.5339 226.881 83.8959 185.334 104.821 128.604 197.29 198.518 139.128 220.523 198.325 285.026 140.505 59.3905 130.606 66.3342 64.272 84.694 99.0625
internal_count=51353 25907 25446 22561 22946 21755 15106 19733 12006 7727 5483 14518 10211 12961 2885 6649 608 6041 588 8844 4419 3657 3474 8094 5130 2964 1503 2112 2961 869 3018 200 223 2244 2092 1964 2522 2132 1795 2546 2439 2765 2672 1766 1367 689 574 1557 1341 1826 1639 1356 444 1461 2828 10196 595 9601 8789 477 812 180 952 278 1962 1838 1205 633 755 538 750 481 339 448 646 1871 1191 390 674 329 912 269 203 1784 906 984 408 168 240 791 1368 371 1240 247 495 407 1698 702 996 407 175 230 548 621 1460 3730 1552 808 2178 1233 744 1622 593 1029 406 252 163 217 183 1053 373 846 484 572 887 923 649 993 893 1331 640 274 589 298 291 392 442
is_linear=0
shrinkage=0.0427603


Tree=9
num_leaves=138
num_cat=0
split_feature=58 37 26 28 28 37 28 16 37 28 9 36 7 37 35 35 25 1 28 37 5 30 60 45 34 25 30 17 5 30 36 7 37 28 35 35 30 16 39 60 28 28 37 59 5 45 39 1 3 35 34 45 28 35 60 39 1 30 5 0 36 37 62 1 28 17 60 39 34 30 35 34 37 37 17 37 28 37 7 44 30 34 30 16 6 5 1 45 34 7 36 9 6 1 17 1 39 17 36 38 17 16 1 35 25 17 16 33 1 50 28 17 17 5 14 45 34 5 9 60 35 62 62 25 50 7 16 37 5 59 30 34 37 16 16 34 62
split_gain=144.974 91.2384 131.603 85.0508 80.2389 69.5791 68.8433 64.6756 96.9223 67.5184 57.785 53.5174 51.0395 43.2397 42.1155 58.8998 42.108 40.8488 37.1041 46.0453 36.4958 33.5229 29.251 28.8632 28.3511 32.693 36.5171 27.8532 31.187 57.9955 68.639 43.6327 35.2407 96.4442 34.6586 37.0934 31.3498 27.7722 27.5758 27.5456 27.537 27.2255 26.8757 26.8712 26.3329 25.6218 25.0249 24.8209 28.031 25.8923 24.2652 23.5405 23.4146 73.0208 23.4065 22.8774 22.4263 47.8412 30.8247 22.3653 22.2624 65.4178 54.3761 21.6499 21.1595 20.9866 20.8269 27.9539 21.0433 20.6919 20.4649 26.6517 20.4447 20.4312 20.1386 19.8146 19.3247 19.0722 18.8172 18.7085 18.6615 18.642 18.51 18.4314 21.6167 23.2498 27.1945 24.1831 21.6739 17.4152 17.0611 19.1661 23.0974 24.2924 16.8345 16.7988 16.9574 16.486 16.0227 15.9553 15.8267 15.7551 15.499 15.2321 15.2208 16.1977 15.1984 15.0961 14.8286 14.776 14.7011 14.6499 20.6142 15.3703 14.5899 14.9074 15.604 14.3209 14.2123 13.7575 13.6252 13.6212 19.2703 14.9825 13.5173 21.6668 15.5593 18.7102 14.6741 18.5434 17.428 13.5156 13.4752 13.3792 13.3051 13.1614 13.1298
threshold=0.22529989350765983 -0.54944999999999988 0.67745000000000011 0.025805000000000005 0.063820000000000016 0.40920000000000006 -0.014734999999999998 1.0172500000000004 -0.30904999999999994 0.010655000000000001 1.0000000180025095e-35 0.99145000000000005 42.193886262282327 0.88085000000000013 24.500000000000004 26.500000000000004 0.57080000000000009 0.88044798984313943 0.048125000000000008 1.2879500000000002 -1.1861496567726133 -0.054984999999999992 2.1577000000000006 1.2763500000000001 16.500000000000004 0.83840000000000015 0.0017950000000000002 -1.1059499999999998 3.6346809864044194 0.018865000000000003 0.99145000000000005 43.608200441498177 -0.21604999999999996 -0.0086149999999999977 31.500000000000004 28.500000000000004 0.042130000000000008 1.0372500000000002 0.41160000000000002 1.9303000000000001 0.078005000000000005 -0.026864999999999997 0.25365000000000004 0.078937650000000012 -11.55002975463867 0.99990000000000012 0.0095500000000000012 0.0043820415943551004 1.3665645690896095 30.500000000000004 6.5000000000000009 1.5458500000000004 0.027395000000000006 1.5000000000000002 1.9831000000000003 0.14875000000000002 0.0091686574963773023 0.031615000000000011 5.396282672882081 0.7129974050000002 0.55845000000000011 0.26405000000000006 1.871684518187563 -0.021424078663421896 0.022865000000000003 1.0424500000000003 2.0845000000000007 0.18055000000000002 111.50000000000001 -0.090124999999999997 26.500000000000004 5.5000000000000009 -0.56604999999999983 1.0841000000000003 -1.07365 0.31755000000000005 -0.047489999999999997 0.17605000000000001 62.085773244700682 -0.15484999999999996 -0.010594999999999999 101.50000000000001 0.067705000000000015 0.89255000000000007 -0.037217398266492847 -7.3814620971679679 -0.029422990062889447 0.48375000000000007 136.50000000000003 48.548071480164694 0.14780000000000001 4.5000000000000009 -0.072508178289666339 -0.12812993242222837 1.1375500000000003 -0.23386451722748797 0.19025000000000003 1.0090500000000002 0.077250000000000013 1.0000000180025095e-35 0.99515000000000009 -0.93524999999999991 -0.13351704316222693 8.5000000000000018 2.1325500000000006 0.9386500000000001 0.96025000000000016 -0.17439999999999997 0.60533055691335302 1.0000000180025095e-35 0.015210000000000001 1.0310500000000002 1.0445500000000003 2.0963890552520756 1.5159500000000004 1.4673500000000004 55.500000000000007 -0.55086824297904957 2.5000000000000004 2.0483000000000007 17.500000000000004 1.5148292314511047 2.8371707797364971 0.18405000000000002 1.0000000180025095e-35 37.157914775949678 0.9063500000000001 0.10345000000000001 17.738203048706058 0.063218850000000021 -0.10193499999999998 95.500000000000014 0.40325000000000005 -0.97944999999999993 0.95315000000000005 120.50000000000001 0.4573411460945257
decision_type=2 2 2 2 2 2 2 2 2 2 2 2 2 2 2 2 2 2 2 2 2 2 2 2 2 2 2 2 2 2 2 2 2 2 2 2 2 2 2 2 2 2 2 2 2 2 2 2 2 2 2 2 2 2 2 2 2 2 2 2 2 2 2 2 2 2 2 2 2 2 2 2 2 2 2 2 2 2 2 2 2 2 2 2 2 2 2 2 2 2 2 2 2 2 2 2 2 2 2 2 2 2 2 2 2 2 2 2 2 2 2 2 2 2 2 2 2 2 2 2 2 2 2 2 2 2 2 2 2 2 2 2 2 2 2 2 2
left_child=1 2 41 6 27 43 14 11 9 -9 44 22 -4 82 21 -16 17 20 46 50 103 135 124 59 25 101 -27 76 29 38 31 64 -32 -34 35 36 37 42 60 118 63 79 -30 47 -6 119 65 48 49 51 -20 69 -43 -54 55 -38 57 110 -59 -15 111 80 -63 -21 102 100 67 -65 -68 -5 71 -22 -50 83 -41 -71 -3 -39 120 -1 -62 -11 114 -48 88 87 -87 -86 -85 -75 91 92 -25 -94 -56 -33 -97 107 108 -36 -7 -13 -31 -10 105 -40 -99 -52 132 -80 -18 113 -113 -29 115 116 -12 -24 -23 -26 -42 123 -123 -108 -8 126 127 -126 130 -130 -127 -128 -58 -76 -61 -2 -109
right_child=3 4 12 5 10 18 7 8 16 81 13 24 -14 23 15 -17 56 -19 19 40 70 39 117 90 45 26 -28 28 34 30 32 95 33 -35 99 -37 54 77 104 74 78 52 -44 -45 -46 -47 73 -49 72 -51 97 -53 53 -55 94 -57 98 58 -60 134 61 62 -64 66 -66 -67 68 -69 -70 75 -72 -73 -74 89 133 -77 -78 -79 109 -81 -82 -83 -84 84 85 86 -88 -89 -90 -91 -92 -93 93 -95 -96 96 -98 106 -100 -101 -102 -103 -104 -105 -106 -107 121 136 -110 -111 -112 112 -114 -115 -116 -117 -118 -119 -120 -121 -122 122 -124 -125 125 128 131 -129 129 -131 -132 -133 -134 -135 -136 -137 -138
leaf_value=0.050836745105303019 0.019716947899971051 0.035114886183446922 0.01653659064971397 0.037451052346383122 -0.04039928387056934 0.0081073653110046613 -0.018451472751827461 -0.0131054010517399 -0.04704077325534721 0.081245137143532126 0.04391189308775606 -0.011321858133960607 0.085166469007877596 -0.010242942100234536 0.06923735230468879 0.0006370713190131165 -0.0043005722697615047 0.047021148008947598 -0.014147659716913157 -0.040022956857504365 -0.028163055605601155 0.033475244060259986 -7.3626574746987148e-05 0.054880103900567315 -0.021732458891743835 -0.024726929331038566 0.055729518170586537 -0.0071920260573948699 -0.0016085825147374659 -0.013625146099439479 0.081247973944206908 -0.026545782623853417 0.071621882721255262 -0.038293996416605053 0.010135531258710197 -0.020057309224221737 0.026153821846987418 0.056081760387082666 0.0097364244157976867 0.021607817876953758 -0.0267744239325995 0.0033643009751826549 0.013444524859319349 0.062139022870914107 0.0028609074557245954 -0.038897019374305793 -0.046141661875442781 0.0046625146413514637 0.026540531467330881 0.061988971919141676 0.011551295301676867 0.053460361991006351 -0.03330407230987479 0.041750946600622001 -0.012937605120360915 -0.0032970774749099038 0.0010146864728297713 0.061267051566846462 -0.010551919159143957 0.0067991115057857198 -0.019706692211420351 -0.0097421327746502195 0.070225232766135431 -0.013822834436126087 0.046456477453998259 -0.016489378870078775 -0.038652087477514141 0.056588522949978987 0.015614524688390181 -0.015456879901840437 -0.03567189406403689 0.015159564464565725 0.084075265692594964 0.0047302815639475365 -0.025389151189355266 0.028365190405387625 -0.0063760045860427892 0.018205460365362341 0.0018156210714919997 0.014944812808644525 -0.051005295045450857 0.03731039116110714 0.012033813645130334 0.039482718630884782 -0.017262336793755922 -0.030166708831639008 -0.0059607298932980403 0.044813824980138743 -0.00060444160152085878 -0.032202762663624103 -0.035150019421376237 -0.019613590457739794 -0.029445134686225245 0.016955453300585153 0.023206168686924575 0.0046334358270245313 -0.014127385677752293 -0.011957026981798033 -0.041807611063253557 0.050411756021195686 0.062111199151174162 -0.059850545312905096 0.015133616521691297 -0.010795883394302621 -0.0068401560250898044 0.052586657150227756 -0.012940394419899092 0.035255393951784578 -0.045209555353081639 0.050967816233638469 -0.046211191069847342 0.030705966765407752 -0.0087107934771798456 -0.02534820014791523 0.072014651887527148 0.050004618594365842 -0.011043652501420613 0.048092721874686592 -0.011916970634498121 0.017258762026892971 0.015143120347358372 0.07526931128309923 0.012781313497775155 0.0233666710261437 0.0058509891563490535 0.011103062666513262 -0.040722450115582558 0.0551214703664605 -0.0057174401640165051 0.0376352848709492 -0.015347675780291323 0.011436932948146256 -0.031416270952164177 -0.0047598162289107116 0.047876973199706067 -0.0044935599756936321 0.083246944091004041
leaf_weight=49.511906430125237 151.08189985156059 69.597858414053917 28.353112369775772 26.594555005431175 34.536907464265823 19.538858413696289 479.45053915679455 33.096830189228058 35.088032305240631 38.033670201897621 19.131951212882996 36.178079411387444 68.095226883888245 19.414841756224632 40.845019727945328 52.544785246253014 29.545744329690933 34.850335419178009 35.986153021454811 53.23188716173172 29.429923802614212 37.926754221320152 23.414687991142273 22.498027950525284 96.074748143553734 17.649650067090988 24.52944028377533 979.501459851861 429.30828894674778 40.828883662819862 28.218401446938515 67.462945118546486 32.935200795531273 26.121942445635796 32.654348060488701 119.37269324064255 77.921188205480576 29.984820276498795 53.934945315122604 25.733983919024467 28.579608514904976 449.66144578158855 436.64931905269623 22.814669996500015 99.871500805020332 292.22337310016155 21.026735469698906 231.17665693163872 23.902611911296844 20.448162376880646 20.929179415106773 20.250625431537628 30.960845202207565 99.938385277986526 323.39762318134308 125.62150481343269 69.852645874023438 26.304426982998848 18.427346304059029 18.370732918381691 56.643801286816597 87.780667290091515 18.878749281167984 23.36637856066227 33.943973049521446 20.73946413397789 43.018179580569267 18.287134721875191 18.53463888168335 78.147614002227783 19.385999649763107 214.94758331775665 22.298316717147827 28.904082521796227 161.32593306899071 24.804585456848145 28.714318364858627 135.95221769809723 19.484832122921944 58.970287546515465 94.57814647257328 34.616476163268089 35.856665417551994 34.456399142742157 19.412218868732452 117.08611276745796 312.58714115619659 27.626779213547707 85.515981629490852 114.43605478107929 18.187830150127411 36.501247480511665 25.549326434731483 105.6973335146904 25.277510762214661 208.52785374224186 152.11337019503117 28.377426445484161 77.346798181533813 41.542241320014 20.93297478556633 18.885860964655876 206.12927396595478 55.393684655427933 53.191652819514275 23.386578574776649 27.157535046339035 24.950123399496078 27.425325289368629 27.302096962928772 32.718327268958092 42.920899614691734 55.371622681617737 93.855459988117218 32.786112934350967 77.654218822717667 18.340418189764023 21.254763886332512 18.598400324583054 19.774295568466187 27.939388155937195 18.6799496114254 18.100117072463036 85.61765056848526 46.815039932727814 47.62957826256752 17.592440590262413 20.422814667224884 217.62819130718708 19.650501877069473 905.42104534804821 18.458522036671638 34.935394778847694 90.822770208120346 75.28280958533287 55.749918654561043 18.994525015354156
leaf_count=204 674 304 125 117 164 89 2260 151 165 162 80 173 278 84 177 237 138 157 163 244 135 169 109 95 457 85 115 4493 1956 188 119 312 144 120 142 545 345 132 242 116 129 2005 1971 102 453 1463 97 1038 100 91 91 89 149 424 1468 562 321 120 83 80 262 402 87 107 151 94 196 82 83 349 90 971 97 133 753 112 129 610 86 252 449 151 155 155 89 542 1447 127 387 535 83 165 115 460 111 951 696 127 365 179 95 92 918 257 241 106 121 109 127 120 153 193 253 431 136 324 80 96 86 92 124 82 81 378 212 222 81 93 1015 92 4288 86 163 414 323 252 81
internal_value=-8.31037e-05 0.00474407 0.0182695 -0.00496088 0.00256191 0.00259596 -0.00863439 -0.0112354 -0.000832681 0.0373333 0.0166774 -0.0148657 0.0650681 0.0233098 0.00420036 0.0307196 -0.00656264 0.00284252 -0.00229999 0.00641711 -0.00148288 -0.000361822 -0.0114367 0.0138172 -0.0271859 -0.00634244 0.0218874 0.000426715 -0.000106446 -0.00333409 0.00605035 0.00163479 0.0418363 0.022879 0.00416765 0.00291681 0.00465273 0.00905526 -0.00812887 -0.00874439 -0.00651551 0.0117081 0.00597323 0.0167739 -0.00820001 -0.0321347 -0.00801822 0.0144451 0.0248591 0.0167799 0.0184927 0.010559 0.00801673 0.023942 -0.0035606 0.00794111 -0.0181464 -0.00214278 0.0315157 0.0312232 -0.00984935 -0.0212387 0.00434291 -0.0178472 0.0147386 0.018242 -0.00633746 0.0169123 -0.0221912 0.0037954 0.00653354 0.00991197 0.0544697 -0.0101401 -0.0142944 -0.00482671 0.0229212 0.0250944 0.0105726 0.0313945 -0.0393307 0.0604133 0.0398765 -0.00674857 -0.00534794 -0.00943922 -0.0125741 0.0190387 0.0108471 -0.0247037 0.0043395 0.00815375 0.0147943 0.00786634 -0.0102961 -0.00694605 -0.00325909 0.0233608 -0.0262821 0.0327859 0.0362227 -0.028101 0.010349 -0.0249333 0.010659 0.0227928 0.0165639 0.0418885 -0.0171433 0.0306564 -0.0264427 -0.00733622 0.00842585 -0.00878653 0.0465759 0.0392669 0.0168171 0.0226795 0.0184089 -0.0150131 -0.0059221 0.0220251 0.0447197 0.0145578 -0.0123004 -0.0100149 0.00873052 0.0209268 -0.0116477 -0.00209587 -0.014018 -0.013811 -0.00972692 -0.0179879 0.0398984 0.0131554 0.0561682
internal_weight=11257.8 5657.49 785.491 5600.32 4872 1831.24 3769.08 3134.45 811.399 105.747 639.68 2323.05 96.4483 505.272 634.629 93.3898 705.652 389.096 1360.8 538.537 354.245 541.24 1817.74 321.502 505.315 97.243 42.1791 4232.32 4134.01 2356.33 796.282 709.006 87.2755 59.0571 1777.68 1703.49 1584.11 1031.89 1560.04 334.408 259.744 689.043 865.958 470.438 134.408 408.072 822.263 447.623 216.446 170.246 278.793 149.797 580.561 130.899 552.218 203.543 316.556 106.996 44.7318 113.068 1429.53 257.881 106.659 156.438 280.902 61.2113 103.206 41.6535 61.5528 129.547 263.764 244.378 46.2009 761.052 277.883 102.952 98.3122 165.937 103.306 108.482 151.222 72.6501 183.769 617.711 596.685 476.712 429.673 47.039 119.972 143.34 208.434 190.246 153.745 131.247 348.675 428.104 360.641 242.807 209.56 74.1966 40.4718 55.0639 246.958 90.4817 130.513 77.3215 177.933 64.8738 132.213 46.7869 62.2641 1171.65 98.2925 1073.36 147.913 115.127 37.4724 44.6695 56.5252 115.849 56.519 149.555 36.7801 112.775 1773.07 1293.62 103.289 67.2379 1190.33 237.279 953.051 36.051 104.788 252.149 93.6535 206.832 43.9446
internal_count=51353 25446 3437 25907 22009 8289 17618 14740 3709 464 2797 11031 403 2180 2878 414 3245 1775 6194 2404 1618 2464 8554 1405 2477 465 200 19212 18779 10758 3599 3216 383 264 8021 7700 7155 4669 7159 1538 1171 3034 3927 2095 617 2012 3790 1993 955 758 1233 667 2578 573 2486 907 1470 494 203 487 6570 1200 489 712 1257 278 468 189 279 578 1196 1106 197 3512 1283 461 433 742 459 456 711 313 775 2844 2747 2205 1989 216 542 668 918 835 670 575 1579 1959 1647 1070 976 321 184 265 1106 422 589 348 789 281 611 206 291 5370 446 4924 620 484 160 205 255 549 253 662 163 499 8349 6089 472 305 5617 1107 4510 167 484 1167 403 926 190
is_linear=0
shrinkage=0.0427603


Tree=10
num_leaves=138
num_cat=0
split_feature=28 21 58 13 29 59 41 33 7 36 13 16 8 9 29 29 1 34 7 21 21 26 29 13 21 8 8 34 13 56 1 21 34 3 17 34 45 2 13 44 8 3 21 44 56 17 3 4 12 8 28 16 33 21 12 12 16 44 56 29 22 56 33 1 28 21 28 7 29 32 28 13 9 29 7 58 2 45 17 34 45 56 8 3 33 8 44 21 56 21 9 3 7 62 17 7 33 16 3 3 28 33 2 34 21 17 7 21 38 58 2 12 36 8 1 7 8 28 1 7 3 13 12 36 3 21 34 44 2 58 17 1 3 12 29 44 45
split_gain=137.033 122.818 62.302 74.6957 87.6374 55.0078 63.7014 51.4773 47.328 46.9195 44.7421 43.1892 36.3098 34.1811 52.5679 37.6528 33.8119 40.9667 32.9685 31.9269 36.7523 39.6592 35.41 43.0268 32.4222 38.4283 28.2351 27.8908 27.8127 27.2218 26.7511 26.1255 26.0522 31.713 25.2707 24.6748 27.0847 24.7048 24.5727 41.4006 27.002 24.0275 23.8195 25.5597 23.8854 23.8675 23.578 23.4984 24.8812 25.5214 22.9581 22.1545 21.3618 21.1678 20.8495 21.0885 20.674 20.502 20.0762 20.0214 19.7269 19.8627 18.3811 18.3704 21.2876 19.9337 18.4651 21.3392 18.3609 18.1527 18.0027 17.856 17.6068 17.5097 17.3953 17.6054 20.6156 17.2854 17.2678 17.2552 17.0304 18.356 16.8319 16.1722 15.6464 15.5956 21.1884 37.2218 22.1793 19.4173 25.0742 15.0948 14.9752 14.9997 14.87 14.6958 14.5314 14.2881 14.2812 13.9352 15.3464 13.7897 14.8234 13.7752 13.6778 30.8359 28.2382 19.6743 18.0802 13.6533 13.5418 13.2167 13.1218 12.9018 12.8585 12.4864 12.2439 17.0533 12.2077 13.2929 12.0739 23.2065 12.387 12.0155 16.4898 11.8563 11.686 11.493 11.3415 11.1829 10.9623 10.9584 18.1246 14.6043 10.7206 10.4229 10.1025
threshold=0.063820000000000016 14.885000000000002 0.163284821195779 -0.95124999999999993 0.018335000000000001 0.22935000000000003 1.0000000180025095e-35 0.19795000000000004 56.090497832764576 0.8993000000000001 -0.73415999999999981 1.0322500000000001 -0.032574951499999998 1.0000000180025095e-35 -0.042374999999999989 -0.011724999999999998 0.31633894449158334 211.50000000000003 43.292662628560677 20.775000000000002 22.755000000000003 -0.28599999999999998 0.0087150000000000023 -1.8372299999999997 15.150000000000002 0.013703584750000003 -0.063719124999999988 29.500000000000004 -0.16641999999999998 -0.5563347608518846 -0.69870450064197798 15.150000000000002 153.50000000000003 1.4475614186699668 -0.98654999999999993 234.50000000000003 0.59985000000000011 0.83795381349729181 0.8836750000000001 0.19595000000000004 -0.0062531232499999992 0.51486277807712011 28.910000000000004 -0.26054999999999995 0.90684229921836734 0.99655000000000016 1.0208304437764582 4.5000000000000009 0.27930500000000008 -0.094829289999999997 0.017325000000000004 0.99945000000000006 0.16685000000000003 15.305000000000001 -0.093424999999999994 -0.11259499999999999 0.93525000000000014 0.15980000000000003 0.069009361678495834 -0.011164999999999998 9.4025000000000016 -0.32104100615363645 -2.1655499999999996 0.44403496571433082 0.022035000000000003 14.105000000000002 0.011285000000000002 74.138748954926086 0.039755000000000006 1.0000000180025095e-35 -0.015824999999999995 0.58515500000000009 2.5000000000000004 0.031845000000000005 73.455286513213892 0.22940759179761178 0.98025015602246734 4.0296000000000012 1.0246500000000001 211.50000000000003 0.57435000000000014 -0.26175596562284237 0.084734497500000019 0.51486277807712011 0.63660000000000017 0.027704626500000003 -0.35594999999999993 16.600000000000005 -0.974727449166363 20.600000000000005 4.5000000000000009 0.74158608688216698 70.124045491141032 1.3905891535613197 1.0063500000000001 50.854620911009626 0.33015000000000005 0.95505000000000007 1.617206273469693 2.4105068741839473 0.016275000000000001 -0.054649999999999997 0.79449347555363048 98.500000000000014 20.535000000000004 -0.95974999999999988 50.854620911009626 15.150000000000002 1.0000000180025095e-35 0.23155936042973604 0.72748612889457964 -0.06245499999999999 0.59005000000000007 0.011154055500000001 -0.33599523000184683 47.047009540457914 0.033135771500000008 0.026725000000000002 0.38242776478961849 51.954951128106728 0.80947852314348212 0.10378500000000002 -0.21730499999999997 0.055700000000000006 0.32646539751271236 14.230000000000002 27.500000000000004 0.37495000000000006 0.96023715415019761 0.18564272188235195 1.0990500000000003 0.0043820415943551004 0.72927539062387392 -0.26822499999999994 -0.028749999999999998 0.42550000000000004 3.4468000000000005
decision_type=2 2 2 2 2 2 2 2 2 2 2 2 2 2 2 2 2 2 2 2 2 2 2 2 2 2 2 2 2 2 2 2 2 2 2 2 2 2 2 2 2 2 2 2 2 2 2 2 2 2 2 2 2 2 2 2 2 2 2 2 2 2 2 2 2 2 2 2 2 2 2 2 2 2 2 2 2 2 2 2 2 2 2 2 2 2 2 2 2 2 2 2 2 2 2 2 2 2 2 2 2 2 2 2 2 2 2 2 2 2 2 2 2 2 2 2 2 2 2 2 2 2 2 2 2 2 2 2 2 2 2 2 2 2 2 2 2
left_child=1 8 5 104 9 19 7 32 54 18 -2 28 31 14 -12 41 17 94 42 22 21 -21 23 -3 26 52 91 77 -11 -27 -22 95 33 51 53 36 79 57 40 58 99 -15 43 44 -5 -44 113 48 49 -32 -48 -7 -26 115 55 84 -45 -38 -40 -28 61 70 130 66 -65 -66 92 82 -33 71 -36 -29 -37 -63 75 -41 -77 111 -16 109 -80 -82 110 -50 127 86 87 -64 -89 90 96 -25 93 125 -13 -6 -87 -86 -43 100 123 -91 -103 -9 105 106 -4 134 -106 -14 -68 -20 136 -30 -56 -24 117 -60 119 -92 121 -49 -122 124 -10 -42 -101 -1 -98 -39 -17 133 -133 -88 -108 -125 -23
right_child=10 2 3 4 12 6 -8 103 38 11 13 16 35 15 78 62 -18 -19 27 20 30 112 34 24 25 29 59 69 46 -31 47 68 -34 -35 60 72 37 129 39 74 63 98 45 56 -46 -47 50 120 83 -51 -52 -53 -54 -55 114 -57 -58 -59 116 -61 -62 73 85 64 65 -67 67 -69 -70 -71 -72 -73 -74 -75 -76 76 -78 -79 80 -81 81 -83 -84 -85 97 89 131 88 -90 101 118 -93 -94 -95 -96 -97 128 -99 -100 126 -102 102 -104 -105 108 -107 107 -109 -110 -111 -112 -113 -114 -115 -116 -117 -118 -119 -120 -121 122 -123 -124 135 -126 -127 -128 -129 -130 -131 -132 132 -134 -135 -136 -137 -138
leaf_value=-0.025139353155590467 0.060902161395730132 0.046333273229464893 -0.012433189740745676 0.0052100476466485244 0.063400144886623572 -0.017098315428134364 -0.033825876976691642 0.019712430393147379 0.03216568832693726 0.002246769761975638 -0.044008743718136858 -0.053872210419923218 0.023767895989717229 -0.0074049036576067061 0.029633911007134549 -0.031777694489728586 0.04993739405219793 0.038884699796648402 0.011439049846206844 -0.020717473988478043 -0.039205424622764801 0.043032630874202171 -0.023230177594224022 0.054920450651902555 -0.031512653494475712 0.052043934596865064 0.0022300241082219797 -0.012139833117307767 -0.03944388663924156 -0.0082739677186168537 0.028028843880859845 0.032924753843521816 0.072785867709505667 0.06465082170588228 0.029339440176742455 0.054955060463274107 0.0056527563010156223 -0.04930529355545657 -0.030427421037829232 0.0097032759555800811 -0.028981211632653839 0.035635873347547399 -0.0032562646813423016 0.001495386179609283 0.043584097857953481 0.050364716305421678 -0.023991547738290087 -0.012373754243228433 0.045569364273266376 0.0034825943061455472 0.015241866909740229 0.037235458438357877 -0.0018388604498618517 -0.052605714114925872 -0.017338013153002471 0.023708034441161846 -0.016754975449547856 -0.011541258172308163 -0.0053828598905872414 -0.018788967695722299 0.048613713108351858 0.02790057533467102 0.043868969597793087 -0.049623487877498665 -0.034293595340640144 0.02123035716080263 0.0085624684580025666 0.029538685650958456 -0.027561562561352063 0.019990335904836815 -0.0036983608017421795 -0.036621663912561518 0.0053608649568665035 0.0074601661557016719 -0.0083043694782366159 0.026686535803648534 0.080407006898896474 0.030477763812534742 -0.035599469331485785 -0.023335095154735881 -0.005517323116260563 0.036779599184315892 -0.046480938289495809 0.015474666822895958 -0.014888518866596126 0.052312888408247653 0.028607235157340153 0.022647358763961564 -0.033308463038124618 0.019061487416949956 -0.011123423692130154 0.01110217354617178 -0.044690329993664027 0.01043942898282425 -0.0034281321491560855 0.016815253587683418 0.029425153964336707 0.03923473100678284 0.070198379713716105 0.049474078280712909 0.026198777080399117 -0.022511677638302828 0.015301976631170017 -0.030206848810738582 0.015216798347681202 -0.024944785681833847 0.030161493697854432 0.0061474520448511882 0.065331407306919803 0.0056632703260860659 -0.013526420191726556 -0.0077645390385718471 -0.00066535066945106565 -0.016854200973403975 -0.030696025302998978 0.020289134309407507 -0.025677315795973175 0.046275891212304847 -0.016840449340282487 0.028847086082230237 -0.033853440173018418 0.037038974988528615 -0.0038114554562721382 -0.03349931273934692 -0.0053392754574451253 0.0018427459074298507 0.00055288769611456623 0.011917249721709069 -0.0090072939073046164 -0.013949152662872407 0.0090856981277515295 -0.010777246152472532 0.038075327629561811 0.074716335950970256 0.065620447518416516 0.0033326473843419938 0.017209677688003914
leaf_weight=123.53101083636284 37.480444073677063 26.406057715415955 27.517663136124611 154.59092585742474 37.407194778323174 24.263307824730873 28.020928546786308 18.658339902758598 24.390228867530823 62.847586616873741 43.562296852469444 25.021165370941162 84.680833160877228 19.279987394809723 50.593963891267776 25.679485157132149 25.148547619581223 22.310576841235161 95.112478360533714 29.824273124337196 24.305497139692307 115.44424404203892 25.679872393608093 18.423386380076408 225.14658525586128 20.393236100673676 190.76281806826591 1042.7447506785393 235.63733501732349 41.125610411167145 83.733955323696136 17.59761855006218 49.099298894405365 37.056868568062782 33.176967099308968 27.120138570666313 388.29780974984169 18.084562197327614 54.746858522295952 37.056015625596046 97.903644546866417 99.566981911659241 26.272134900093079 279.13024039566517 36.892474338412285 35.162591844797134 101.53976045548916 51.959856227040291 40.008485853672028 1055.3581763803959 37.042809545993805 31.227088660001755 55.911870270967484 23.131089270114899 254.9577548801899 31.640523388981819 190.50841055810452 188.28354248404503 27.891776353120804 145.77544298768044 20.932065114378929 107.96290861070156 33.563492491841316 54.650443598628044 27.514958962798119 20.574842631816864 83.891455054283142 30.926490589976311 19.150797873735428 30.359414950013161 330.24142184853554 57.844299748539925 25.999262124300003 269.69176115095615 23.288555726408958 33.716949626803398 21.985313609242439 33.768326163291931 20.614554569125175 34.566204458475113 59.814504519104958 27.198485270142555 19.343648627400398 188.01394928991795 18.312151178717613 38.916547909379005 26.999022677540779 20.137834310531616 35.813473135232925 35.224663883447647 24.45881524682045 68.796676799654961 39.661007955670357 32.837751090526581 19.223901778459549 19.244395062327385 55.624167427420616 17.171005979180336 28.899204850196838 18.321122899651527 30.204795464873314 69.627515763044357 25.806862771511078 21.853310868144035 25.736560076475143 27.138945236802101 29.769436940550804 27.607710972428322 27.986352249979973 791.57767562568188 127.52464072406292 209.95701947808266 18.913897663354874 59.09015628695488 281.48888289928436 22.642380475997925 17.652372047305107 19.845457479357719 39.363866835832596 39.382323950529099 48.696468085050583 26.055638790130615 53.067944452166557 44.621387153863907 176.33031323552132 29.173115700483322 18.019657090306282 17.178206220269203 18.425707742571831 196.10757960379124 22.142637819051743 19.02308489382267 49.398101285099983 24.752879530191422 35.413162127137184 19.994364678859711 37.871056526899338
leaf_count=589 153 116 128 698 164 109 130 82 114 294 210 120 377 85 219 115 110 99 434 135 110 497 117 82 1065 91 864 4862 1174 185 364 80 205 156 149 120 1763 82 254 168 474 415 115 1271 162 151 495 235 174 4749 171 132 257 108 1222 147 884 861 130 668 93 485 144 272 128 94 393 139 87 138 1486 269 117 1205 106 152 98 156 92 156 271 119 90 827 86 169 116 86 157 154 106 304 202 158 88 84 242 80 119 80 140 316 115 97 112 125 128 127 124 3589 600 967 83 280 1369 102 82 91 177 173 222 118 239 212 820 140 80 80 80 897 98 83 212 105 157 93 163
internal_value=-0.000164241 -0.00162421 0.00057501 -0.00260031 -0.00371037 0.00482547 0.02606 0.0353128 -0.0115195 -0.00850848 0.01502 -0.0192411 0.00350363 0.0132094 -0.00238555 0.0174033 0.00765669 -0.00820834 -0.00562722 0.00351041 0.00747923 0.0246556 -0.00081274 -0.00728652 -0.00914381 -0.0189274 -0.00121701 -0.00930464 -0.0242275 0.011601 0.00526566 0.0294884 0.0474762 0.0339683 0.00533589 0.00211629 0.00121585 -0.00456857 -0.0060036 0.00624734 -0.0092416 0.0367799 0.00184295 -0.000512731 0.0126422 0.0273137 -0.0280845 0.0059692 0.00788318 0.00529348 -0.0134511 0.0133445 -0.0256359 -0.0189494 -0.0198993 -0.00834686 -0.0058921 2.5178e-05 -0.0113059 -0.00685261 0.00762285 0.00645502 0.0126539 -0.0149366 -0.0313289 -0.0103842 -0.0112693 -0.00376336 0.00120192 -0.0125295 -0.000661891 -0.0134333 0.0308208 0.0133232 0.0244829 0.0327946 0.048023 0.00143719 0.00902763 0.00624599 -0.000590326 0.00761885 -0.00825864 0.0207876 -0.0141453 0.0148461 0.0240743 0.00821745 -0.0130367 0.00924557 0.0171176 0.020443 -0.0210741 -0.0151706 -0.0321225 0.0477063 0.0310414 0.0110943 0.0434687 0.000414157 -0.00263568 -0.0037218 -0.0122087 -0.00703293 0.0229021 0.0160895 0.0254076 0.0367093 0.0414616 0.00742135 -0.00472637 -0.0017531 0.0325557 -0.03494 -0.0243612 -0.00268509 0.00459031 0.015938 0.001805 0.0134176 -0.00854422 0.00403432 -0.01826 -0.00594602 -0.000744976 -0.0218467 0.0254204 -0.0205627 0.0197621 -0.016969 -0.0127023 0.0358241 0.0243847 0.0508047 0.0495399 -0.0219877 0.0367024
internal_weight=11306.8 10315.5 8439.13 4829.49 4628.32 3609.63 210.179 182.158 1876.35 2780.2 991.351 587.862 1848.12 953.87 201.784 752.087 91.7042 66.5556 2192.34 3399.45 1773.25 202.053 1626.2 792.742 766.336 342.577 423.758 1469.79 496.158 61.5188 1571.2 93.4 141.647 92.5473 833.458 1754.72 1701.6 790.773 1132.07 236.183 895.884 147.746 722.557 661.122 191.483 61.4347 433.31 1546.89 1367.11 1139.09 138.583 55.4904 281.058 71.4533 744.28 207.833 469.639 576.581 120.136 336.538 762.005 741.073 604.34 564.002 102.74 48.0898 461.262 261.686 36.7484 1130.95 363.418 1100.59 53.1194 377.655 116.047 92.7583 55.7023 338.838 158.222 910.825 107.628 87.013 230.76 228.022 176.192 556.518 209.688 89.5148 55.9513 346.83 216.171 87.2201 199.576 159.915 44.2451 56.6516 112.966 35.4832 128.466 331.882 295.541 130.659 95.4344 40.5117 201.17 147.447 120.308 92.7903 53.7229 876.259 211.416 305.069 172.229 294.727 536.447 48.3223 65.3896 47.7372 103.205 63.8411 179.78 78.0155 101.764 265.336 200.721 127.077 36.3408 140.709 74.0499 214.192 47.8221 120.173 68.4212 51.7519 65.1826 64.6158 153.315
internal_count=51634 47303 38420 22216 21315 16204 911 781 8883 12938 4331 2831 8377 4178 911 3267 417 307 10107 15293 7916 878 7377 3632 3516 1598 1918 6826 2414 276 7038 415 602 397 3745 7962 7725 3603 5310 1081 4229 619 3281 3015 860 266 2120 6928 6114 5113 666 241 1322 327 3573 982 2155 2624 557 1532 3418 3325 2648 2690 494 222 2196 1222 167 5269 1635 5131 237 1690 524 418 250 1557 701 4122 482 390 1083 1001 835 2435 903 387 243 1532 947 386 974 772 208 248 491 166 534 1539 1379 585 431 179 901 665 540 412 236 3966 993 1401 743 1454 2591 219 303 221 456 279 814 353 461 1239 934 614 160 669 322 979 213 516 295 221 285 305 660
is_linear=0
shrinkage=0.0427603


Tree=11
num_leaves=138
num_cat=0
split_feature=37 26 28 31 37 59 28 37 18 18 35 35 29 29 27 35 35 35 37 27 27 59 9 27 35 27 29 59 13 35 7 25 34 31 35 35 27 18 50 58 45 58 60 35 37 27 45 43 50 24 35 27 14 37 23 34 57 37 2 31 1 34 43 37 34 27 33 45 37 35 13 23 57 1 28 34 27 33 15 15 37 35 2 31 18 4 29 14 15 59 31 7 13 27 34 34 58 27 14 59 50 14 18 34 7 37 34 33 1 28 60 7 13 1 35 35 2 28 14 37 31 9 15 37 25 37 18 27 57 60 37 18 35 34 28 33 59
split_gain=131.059 165.228 129.723 99.9021 93.612 71.0817 70.6126 84.4652 75.2296 73.7348 80.869 71.1576 59.63 53.6105 51.8416 50.4746 47.1435 53.2047 46.2506 108.22 51.2493 49.0073 45.0048 43.6627 43.0255 41.5067 41.3436 37.1461 34.4467 51.0856 34.3479 33.9105 32.7719 32.1961 30.8384 33.4508 30.4557 29.6942 29.0675 28.052 27.2056 37.1695 26.8953 25.9609 25.062 28.8089 24.1864 23.8943 23.7423 23.4685 35.042 31.905 29.6941 27.5246 41.299 25.253 31.7468 24.1616 23.4391 23.1944 22.8031 22.5863 22.4941 22.432 22.2847 21.626 37.0976 28.188 21.5367 21.4068 20.5149 20.3504 21.5963 20.307 19.286 19.9496 19.2716 19.2657 19.0438 18.4839 18.3204 18.0415 17.6936 17.6638 17.6219 24.8999 17.5928 17.3439 17.3393 17.1988 16.8211 16.6176 23.5636 16.9673 16.3776 16.3534 15.9695 15.9524 15.4139 16.4931 16.1087 15.276 15.1074 15.0557 14.7107 14.5282 13.834 16.5681 16.478 14.1009 13.7715 13.6291 13.6078 13.5908 13.5872 22.4655 13.427 13.2533 19.2125 13.194 13.1815 20.2959 13.0433 12.5955 12.4929 12.478 12.6887 12.3714 12.3033 11.8146 11.771 14.2072 16.0651 12.2757 11.7652 11.7275 11.4681
threshold=-0.53374999999999984 0.67745000000000011 0.056815000000000011 0.055415000000000006 0.88085000000000013 0.06440420500000002 0.020415000000000006 -0.27784999999999993 0.99275000000000013 -1.03365 24.500000000000004 29.500000000000004 0.0096050000000000007 0.016795000000000001 -0.058779999999999992 22.500000000000004 1.0000000180025095e-35 31.500000000000004 0.34935000000000005 0.010645000000000002 -0.041284999999999995 0.030008510000000006 1.0000000180025095e-35 0.074460000000000012 1.5000000000000002 0.034555000000000009 -0.041324999999999994 0.13975000000000001 -0.089284999999999989 24.500000000000004 44.192110207327794 1.8588000000000002 79.500000000000014 -0.06017999999999999 12.500000000000002 1.0000000180025095e-35 0.031115 -0.85259999999999991 1.5000000000000002 0.31162804562987489 1.7115000000000002 1.0000000180025095e-35 1.9999000000000002 15.500000000000002 0.96840000000000015 -0.013604999999999997 2.4841000000000002 1.0000000180025095e-35 1.0000000180025095e-35 -0.22719999999999999 7.5000000000000009 -0.013354999999999999 0.51255000000000006 0.51840000000000008 62.355000000000011 50.500000000000007 -0.005239248299999999 0.34935000000000005 0.33779309110434935 -0.11546999999999998 0.28958251389627071 71.500000000000014 7.5000000000000009 1.5024500000000003 100.50000000000001 -0.002055 0.026800000000000004 0.65365000000000006 -0.054649999999999997 16.500000000000004 0.12127500000000001 80.295000000000016 0.29213475750000006 -0.19228715565179186 0.082505000000000009 102.50000000000001 0.0042950000000000011 -0.14644999999999997 1.04905 -1.0392499999999998 0.43645000000000006 15.500000000000002 0.98697054579407528 0.012165000000000002 -0.95174999999999987 3.5000000000000004 -0.043549999999999998 0.39825000000000005 -1.0048499999999996 0.14445843500000002 -0.032254999999999992 47.959945301140515 -0.41394499999999995 0.018375000000000006 105.50000000000001 92.500000000000014 0.066799230785543548 -0.010614999999999998 1.4558000000000002 0.0086889600000000008 1.0000000180025095e-35 1.8066000000000002 1.0215500000000002 119.50000000000001 45.578797122640076 0.32395000000000007 118.50000000000001 -0.47789999999999994 0.28958251389627071 0.085335000000000008 2.0493000000000001 66.158042656396958 0.47669000000000006 -0.18103725666372242 24.500000000000004 30.500000000000004 0.79052718726631788 0.085335000000000008 0.58615000000000006 0.63755000000000006 0.12847500000000003 4.5000000000000009 0.97455000000000014 1.7807000000000002 0.6634500000000001 1.3370500000000003 0.94245000000000012 0.03926000000000001 0.016439795400000002 1.9345000000000001 0.40920000000000006 1.0424500000000003 24.500000000000004 9.5000000000000018 0.074035000000000004 -0.40944999999999993 0.070305150000000011
decision_type=2 2 2 2 2 2 2 2 2 2 2 2 2 2 2 2 2 2 2 2 2 2 2 2 2 2 2 2 2 2 2 2 2 2 2 2 2 2 2 2 2 2 2 2 2 2 2 2 2 2 2 2 2 2 2 2 2 2 2 2 2 2 2 2 2 2 2 2 2 2 2 2 2 2 2 2 2 2 2 2 2 2 2 2 2 2 2 2 2 2 2 2 2 2 2 2 2 2 2 2 2 2 2 2 2 2 2 2 2 2 2 2 2 2 2 2 2 2 2 2 2 2 2 2 2 2 2 2 2 2 2 2 2 2 2 2 2
left_child=1 14 3 6 22 12 9 8 -8 10 32 88 61 18 95 25 33 31 20 28 86 -21 26 120 -25 49 -4 37 29 -20 47 44 34 70 35 -2 62 48 -30 58 41 74 103 -23 45 -18 105 59 114 50 64 -52 -53 55 79 71 129 -54 122 -19 -56 -3 -22 136 -5 66 67 -41 -37 -48 -9 72 -51 78 75 112 -28 96 -43 -55 -32 -38 91 -68 -50 -86 -11 104 -12 -58 125 93 -93 -34 111 135 -35 -14 99 100 117 -96 -46 -26 -60 -33 107 -42 -109 134 -81 127 -6 -89 -17 -116 -13 118 -24 -120 -16 -122 -15 -103 -66 126 -75 -92 -100 -57 131 -39 133 -133 -108 -1 -36
right_child=2 5 4 15 40 -7 7 16 -10 13 11 116 97 39 23 27 17 30 19 21 36 43 98 24 42 -27 76 -29 38 -31 80 46 82 77 63 68 81 130 -40 65 106 73 -44 -45 102 -47 69 -49 84 53 51 52 57 54 60 56 89 -59 87 -61 -62 -63 -64 -65 124 -67 83 -69 -70 -71 -72 -73 -74 90 -76 -77 -78 -79 -80 110 -82 -83 -84 -85 85 -87 -88 113 -90 -91 94 92 -94 -95 101 -97 -98 -99 128 -101 -102 123 -104 -105 -106 -107 109 108 -110 -111 -112 -113 -114 -115 115 -117 -118 -119 119 -121 121 -123 -124 -125 -126 -127 -128 -129 -130 -131 -132 132 -134 -135 -136 -137 -138
leaf_value=0.01078064921008122 -0.037190208365467645 0.035746432433939532 -0.031943621570817891 0.027901208261789819 -0.028969745229620463 0.083212453257191121 -0.0024405437431666943 0.020772289212881233 0.078891223103875363 0.026037210784842894 0.072733491368726866 -0.031604815127935081 0.089281801696746141 0.041759647599535134 -0.0044802193973644414 -0.033090628357294892 -0.014300351058556059 0.049925310314029359 -0.010775457380496335 -0.0055009470352525899 -0.023203320988613822 0.086505794666284233 0.05235190778166425 -0.029244501991529764 0.044696401663341163 0.029991100179690724 -0.0010968588694132469 0.033632751368236076 -0.033008927715257964 0.051051722915910314 0.023362195522350856 -0.0084806310970516469 -0.017225390694248433 -0.017232613694260605 -0.01722133901100335 0.0019916427238207339 0.016522005882922478 -0.03302074896916303 0.017701181987699283 0.0012722353727441789 0.018482009995112441 0.0059057811863187943 -0.0089125898783387076 0.025215863224730326 -0.0085395640434882628 0.0016758084122804953 -0.018939936490656943 0.075584249751774316 -0.0078289499946642156 -0.0046815660657793133 -0.010858556460667914 -0.011523886099985817 0.063487824236552179 0.0382082192103207 -0.032563617298510615 -0.038954949084212959 0.017781669255048423 0.027564896835103839 0.053687077149298171 0.00058721918569905991 -0.0057230440646458599 -0.01820952463679399 -0.057961495716386424 0.027261200140956628 -0.040259133994987255 -0.027056208890069367 0.00076911542135426551 -0.047920916368644567 0.023585261661161191 0.010636896366109008 0.063604823326268656 0.041747344934276641 0.022959355449496906 -0.029605039174383799 0.046737896320518529 0.04710080880273098 0.047681563771896793 -0.033562049462807129 0.059743343247673351 0.0088650251087982138 -0.021828725868439643 -0.023947510974232162 0.027773467892695355 0.049272470815082223 0.053553068460979472 -0.0070422936519667365 -0.009721411886590571 -0.01671964651727503 0.023535659588049145 0.055991688845643588 -0.0027666850146361539 -0.0017668293602271456 -0.025870997259444813 0.034992201774217774 0.040784277195913675 0.010244235371962819 0.032996484088667358 0.038038073631441641 0.067638766120895311 0.059130242666623561 0.0045228386730465191 -0.023838735448447394 -0.031242489588999313 0.0032880935102691544 0.0030324462422865834 -0.037488430254536666 -0.020323734833967259 -0.020081565528863383 0.0094596447993184288 -0.038363341244823178 -0.01241926805890841 0.01228756993414473 0.018726044541616593 0.0030151389599575918 0.019665119597907194 -0.030189086927429325 0.015282165584462852 0.050254431752319896 0.0020733857500974833 0.036557101100232456 0.023256350666874169 -0.020912246558855891 0.0026057720733114486 0.02598949069114815 -0.0024469284541025651 -0.040986020981822836 0.019169485396107758 -0.035722294934250422 0.033848232544858831 -0.00019107483030524262 -0.030177138975413725 -0.0034844433439125658 -0.021618454100061898 0.04329420196948288 0.01674712603907038 0.042864156454695067 0.014088317863410089
leaf_weight=27.387337431311607 25.952810302376747 22.002826407551765 39.842157021164894 24.475678533315659 20.581558376550674 72.833247616887093 38.202758446335793 52.449332594871521 45.187724441289902 52.573469966650009 51.796115592122078 23.181878760457039 24.294688105583191 42.41281683743 652.56256563961506 38.479767382144928 248.86889989674091 33.856329381465912 184.76184248924255 29.470028221607208 1393.5000616163015 33.107394278049469 32.371744722127914 26.11403800547123 105.83271542191505 132.72743883728981 27.831008195877075 35.168213501572609 180.47419951856136 28.146028354763985 27.766665756702423 43.756657898426056 22.803222075104713 18.321405291557312 209.29489809274673 165.04496787488461 55.897217839956284 37.663196861743927 23.14106222987175 48.872640922665596 58.693508237600327 32.601052790880203 26.425674006342888 21.09183968603611 172.40381675958633 1206.6548416018486 113.16416136920452 22.242348089814186 31.348022475838661 415.57496757805347 37.885088250041008 24.604907423257828 50.069639936089516 29.066016435623169 109.50545614957809 18.05206124484539 337.58229814469814 112.80965702235699 18.340576350688934 36.525936141610146 124.45542745292187 39.88888581097126 35.205895692110062 26.735019579529762 29.875562757253647 120.49078753590584 28.133763268589973 37.364459559321404 174.70145539939404 73.667357549071312 34.334632679820061 21.032966822385788 58.992890760302544 19.115645110607147 59.033988118171692 20.936019137501717 30.963367685675621 22.621051490306854 19.358818158507347 177.98760956525803 39.936876177787781 31.44536130130291 17.728598460555077 27.412812665104866 35.21851210296154 18.827466115355492 47.859038159251213 103.49922145903111 18.196663752198219 23.241121023893356 54.780552610754967 105.67813341319561 254.06148713827133 22.521530866622925 33.5149035602808 73.591648548841476 30.814803600311279 21.748668849468231 40.741302356123924 30.28645333647728 53.120065301656723 18.639867499470711 78.718929320573807 19.387544885277748 25.249151945114136 120.40480834245682 44.002958819270134 87.776862785220146 56.517090857028961 43.803913697600365 80.670151814818382 50.36076745390892 23.233686104416847 165.19570401310921 39.342643886804581 28.476495817303658 21.320986330509186 50.235996097326279 60.458112120628357 30.92361606657505 75.578532740473747 25.25527036190033 25.230097755789757 18.443068817257881 35.303717449307442 31.720909252762794 19.787847176194191 34.156291782855988 40.705278143286705 72.528717949986458 136.38053195178509 22.536321148276329 36.506074130535126 18.430794969201088 24.111430168151855 96.791601285338402 23.562156230211258
leaf_count=118 122 96 192 108 93 299 173 224 191 236 222 107 99 193 2977 173 1142 147 861 138 6759 147 139 127 442 582 126 154 871 125 123 204 106 80 969 769 262 175 110 224 257 143 115 92 797 5552 526 96 142 1895 169 109 216 128 507 83 1507 496 82 161 572 181 182 117 134 571 130 176 790 336 146 93 262 85 252 92 134 103 84 808 179 147 81 124 157 85 219 485 81 100 242 486 1196 103 148 315 136 93 168 128 230 83 364 83 117 561 197 395 251 198 369 224 101 756 176 130 96 210 258 132 325 115 116 81 159 144 87 154 176 329 642 105 166 85 107 405 108
internal_value=-0.000160582 0.0125569 -0.00182946 -0.00363883 0.0113025 0.0505179 -0.0064341 -0.000751598 0.041543 -0.0099968 -0.00095745 0.0331557 0.0283871 -0.0138033 0.00647186 0.00380647 -0.00223882 -0.00385181 -0.0170873 -0.00570389 -0.0206051 0.0386491 0.027104 0.00224021 0.0213066 0.00691016 0.00160538 -0.00861183 -0.0146311 -0.00256716 0.0198635 -0.00570327 -0.00469114 0.0202799 0.00151569 0.00952666 -0.0225661 -0.0119806 -0.0272093 -0.00296772 0.00232891 0.0090085 0.0300606 0.0627916 -0.00320854 -0.00105075 -0.0178124 0.036791 0.000659973 0.00518853 0.0157843 0.0247864 0.0320287 0.00291077 -0.00496774 0.00725869 0.0145759 0.0386533 0.00444288 0.0244259 -0.0183175 0.000852575 -0.024065 -0.00974119 -0.00676206 -0.0137308 -0.00235437 -0.0199562 0.0131171 -0.00723821 0.0378038 0.000579079 -0.00122994 0.00153803 0.0290139 0.0127402 0.0244659 -0.000810528 0.026107 0.00586178 -0.00318557 0.00186722 -0.0138883 0.0248395 0.0174866 0.0323072 0.00892348 -0.000476914 0.0600491 0.0202634 -0.00298645 -0.01573 -0.0188107 0.00855786 0.0030566 0.0263581 0.0141169 0.0652381 0.0345047 0.0293063 0.0252964 0.0198571 -0.0156857 0.0383444 0.0245158 -0.0298016 -0.00732559 -0.000632941 -0.00845955 -0.0193979 0.00219825 -0.00540496 -0.00350941 -0.00455901 -0.0127878 -0.00115898 -0.0089753 0.0315961 0.0239621 0.0138238 -0.0022486 0.0121202 0.0272652 0.000743504 -0.0198923 -0.0210511 -0.00460613 -0.0155067 0.0508421 -0.0079983 -0.021644 -0.0114721 -0.000900661 0.0173804 -0.0070925 0.0358479 -0.0140214
internal_weight=11294.5 1309.7 9984.82 8776.17 1208.65 180.768 6381.35 2459.9 83.3905 3921.46 1162.58 114.496 107.935 2758.88 1128.93 2394.82 2376.51 2217.97 2116.67 500.192 1616.48 83.6693 437.479 931.156 177.76 1916.44 98.6365 478.378 416.523 212.908 160.328 2057.64 1048.08 158.541 625.291 365.699 1516.05 443.21 203.615 642.202 771.171 456.265 151.646 54.1992 1706.65 1455.52 350.993 92.6246 191.693 1783.71 315.024 225.369 187.484 1468.69 521.685 947.005 451.404 162.879 379.928 70.3823 233.961 61.8917 1428.71 259.592 89.655 262.274 141.784 86.2371 339.746 186.832 86.784 495.601 474.568 332.48 123.785 64.7513 58.7944 71.7573 51.9599 287.724 67.7035 87.3426 422.793 55.5466 85.394 54.046 100.433 312.285 69.9928 360.823 280.52 405.064 359.74 45.3248 209.895 197.771 49.1362 46.0434 338.843 257.396 227.11 70.5978 251.123 125.22 43.5897 164.161 314.906 202.987 144.294 111.918 258.658 139.298 43.8152 268.695 106.299 67.8191 44.5029 173.989 123.753 91.3817 753.396 100.834 67.6429 37.0829 65.1793 70.6244 38.9035 88.9368 81.4466 90.5808 251.517 115.136 77.4732 40.9671 68.1144 124.179 232.857
internal_count=51634 5790 45844 40533 5311 768 29717 11241 364 18476 5353 506 469 13123 5022 10816 10877 10188 10149 2344 7805 377 1893 4184 767 8626 452 2190 1967 986 706 9482 4847 689 2875 1681 7350 2036 981 2974 3418 2013 640 239 7855 6694 1627 404 863 8044 1391 990 821 6653 2384 4269 2019 712 1749 308 1079 277 6941 1194 401 1225 654 400 1559 862 370 2250 2157 1475 538 286 260 319 227 1305 302 409 1972 254 384 242 455 1440 303 1607 1248 1891 1682 209 932 838 216 192 1441 1097 969 312 1161 525 199 765 1405 903 646 502 1177 620 194 1241 479 306 203 739 529 390 3417 440 309 164 293 316 172 396 344 412 1173 531 356 190 304 523 1077
is_linear=0
shrinkage=0.0427603


Tree=12
num_leaves=138
num_cat=0
split_feature=37 23 31 21 21 5 12 27 21 12 60 27 27 37 36 16 62 16 27 62 34 22 15 21 37 23 27 21 9 23 8 12 12 12 23 60 21 21 12 37 15 23 5 5 31 58 49 62 12 8 16 0 27 37 49 36 21 23 6 58 6 22 8 27 23 6 31 37 12 39 2 56 39 2 21 21 34 60 31 22 34 62 2 9 49 58 37 56 8 58 8 15 56 39 27 12 22 8 31 21 37 34 23 27 8 62 27 23 5 6 39 37 27 39 39 6 0 8 5 27 27 5 49 22 37 34 2 31 5 5 56 23 23 5 39 34 59
split_gain=120.053 146.425 90.7763 101.42 85.5601 82.2313 57.8016 55.7784 54.4716 49.817 46.305 44.5626 44.4778 44.7177 58.2894 46.5026 47.2447 44.7362 58.3875 39.9139 35.4371 34.0521 33.447 32.2639 31.7366 30.1935 29.3931 28.6825 28.6163 49.4246 28.5998 26.4373 26.353 25.2403 32.5847 24.715 24.6553 35.9841 39.0083 53.003 38.8402 29.1061 24.2695 23.7756 47.3072 33.5163 23.6667 31.7163 25.4935 23.4263 23.0897 26.9933 22.397 22.3067 25.3013 22.2419 22.1877 22.9 22.1411 21.8316 21.4078 21.3514 21.238 21.0126 20.9384 23.0145 20.8927 20.8367 20.5274 20.4616 20.3678 20.1253 19.5022 24.6203 19.3737 43.4555 18.4208 18.083 18.0157 17.9523 17.943 17.8092 17.5035 18.6686 17.4399 17.3775 16.6874 15.9002 15.8304 15.6547 15.6485 18.16 17.2089 15.6031 15.0937 15.0928 28.2684 27.9709 18.7254 15.0601 30.1157 14.8843 15.5473 15.3299 14.3426 14.2179 13.8465 25.4176 13.7012 13.6489 13.5859 15.28 13.4099 13.3411 13.1898 13.1782 13.0798 12.8537 12.6459 12.5983 12.4582 12.4044 15.0243 12.2713 12.5976 12.2319 12.2161 12.1636 11.6467 11.2831 10.8956 10.781 19.8758 15.4783 14.2721 13.7584 10.7711
threshold=-0.53374999999999984 71.875000000000014 0.053465000000000006 29.280000000000005 20.775000000000002 5.893808364868165 0.059190000000000013 -0.013354999999999999 14.885000000000002 -0.11052499999999998 1.9345000000000001 0.025325000000000004 0.038190000000000009 0.11525000000000001 0.69395000000000007 1.0112500000000002 0.61773840160418092 -0.95174999999999987 0.0091550000000000017 2.7999574231398383 54.500000000000007 5.2043000000000008 -1.0213499999999998 21.475000000000005 0.98140000000000016 54.025000000000013 -0.013874999999999998 14.105000000000002 4.5000000000000009 78.825000000000003 -0.0037421881999999997 -0.095609999999999987 0.091385000000000008 -0.18023999999999998 46.895000000000003 2.0369000000000006 19.435000000000006 17.845000000000002 -0.21463499999999999 0.33625000000000005 -1.01745 60.565000000000005 9.7630391120910662 -0.46109332144260401 0.16332000000000005 0.33189034582418292 0.37910000000000005 2.8371707797364971 -0.30863499999999994 0.012359946750000001 1.0718500000000002 0.70702719500000011 0.044480000000000013 0.30545000000000005 0.17065000000000002 0.40900000000000009 26.740000000000006 -54.584999999999994 -0.25846709700227305 0.25209214172612726 0.2405127931745861 4.2723500000000003 0.097378252500000012 -0.030514999999999997 56.775000000000013 -0.037217398266492847 0.15217500000000003 0.34935000000000005 0.36784000000000006 0.63185000000000013 0.99058818318717357 -0.20584314120130556 0.35175000000000006 0.6522774327122155 22.365000000000006 22.755000000000003 108.50000000000001 1.8777000000000001 -0.10872499999999999 2.4468000000000001 91.500000000000014 0.031332844278912857 0.7155274150946932 1.0000000180025095e-35 0.079450000000000007 0.62660026525902224 -0.23654999999999995 0.22049319770527198 -0.025305777999999998 0.33189034582418292 0.13984346 1.0510500000000003 -1.4316037654227487 0.21455000000000005 -0.0061849999999999987 0.29914000000000002 4.0683000000000007 0.11523672750000001 0.15554500000000002 20.535000000000004 0.057950000000000008 37.500000000000007 44.455000000000005 -0.047174999999999988 0.074319572500000014 2.4152171287572677 0.11514500000000001 27.195000000000004 14.885092735290529 -0.087117312777645534 0.46155000000000007 -1.6889499999999997 -0.085834999999999981 0.50295000000000012 0.14875000000000002 -0.19930665749698137 0.22739228000000003 -0.12170946499999999 16.43354415893555 -0.013034999999999998 0.0026750000000000007 -39.180122375488274 0.86515000000000009 0.79200000000000015 0.55295000000000016 8.5000000000000018 0.94352909912304028 -0.016134999999999997 11.148449897766115 -23.777740478515621 -0.12254875525926597 53.615000000000002 60.845000000000006 3.7715337276458745 0.022850000000000006 52.500000000000007 0.020649630000000002
decision_type=2 2 2 2 2 2 2 2 2 2 2 2 2 2 2 2 2 2 2 2 2 2 2 2 2 2 2 2 2 2 2 2 2 2 2 2 2 2 2 2 2 2 2 2 2 2 2 2 2 2 2 2 2 2 2 2 2 2 2 2 2 2 2 2 2 2 2 2 2 2 2 2 2 2 2 2 2 2 2 2 2 2 2 2 2 2 2 2 2 2 2 2 2 2 2 2 2 2 2 2 2 2 2 2 2 2 2 2 2 2 2 2 2 2 2 2 2 2 2 2 2 2 2 2 2 2 2 2 2 2 2 2 2 2 2 2 2
left_child=1 4 3 5 6 7 35 20 21 26 32 27 13 14 33 49 -17 18 58 -20 56 22 -7 106 53 95 30 62 43 67 -5 69 42 34 -9 78 37 38 39 -12 -40 74 -10 44 45 60 90 48 115 -16 81 113 118 54 77 71 57 129 -15 -43 136 -28 105 -37 65 82 -55 86 104 -19 -33 -44 73 -63 120 -76 87 -13 -1 -39 -35 -26 83 -22 -27 -50 -30 -46 -58 -23 91 92 -45 -93 119 97 114 98 112 -14 -101 103 -103 -59 130 131 107 -6 -53 -84 111 -54 -25 -52 -97 -48 -56 -67 -8 -88 -38 -47 -123 -24 -125 -69 -127 -119 -114 -2 -34 -4 133 -133 -134 -136 -29
right_child=2 -3 11 9 23 8 52 12 10 -11 36 24 99 17 15 16 -18 31 19 -21 64 89 123 25 50 84 61 28 29 -31 -32 70 68 80 -36 63 41 79 40 -41 -42 59 55 46 76 121 47 -49 85 -51 51 108 110 66 116 -57 88 101 -60 -61 -62 72 -64 -65 -66 117 -68 125 -70 -71 -72 -73 -74 -75 75 -77 -78 -79 -80 -81 -82 -83 109 -85 -86 -87 94 -89 -90 -91 -92 93 -94 -95 -96 96 -98 -99 -100 100 -102 102 -104 -105 -106 -107 -108 -109 -110 -111 -112 -113 128 -115 -116 -117 -118 127 -120 -121 -122 122 -124 124 -126 126 -128 -129 -130 -131 -132 132 134 -135 135 -137 -138
leaf_value=0.025839063017887083 0.0085743552063338949 0.080327122489155467 -0.029266503348348044 0.022046210721486676 0.0071955281808929834 0.02474919336186086 -0.034496406374353472 -0.0088689976698802155 0.059831354618913694 -0.019646889562479293 0.038128463134845345 0.027358114338418966 -0.00037908732268273363 0.018376333397256635 -0.045221322292861535 -0.031168661578802642 0.057384637903965016 -0.011197804666195764 0.0093000103874962669 0.05734870432731163 -0.014553224304437135 -0.01023523822830961 0.01118420943342292 0.031766060646578567 0.0025695149141575931 0.079442595822259141 0.046380946174024128 -0.0070871976090326463 -0.035170310405517997 0.051350858413600924 -0.041917491833971698 -0.031455016654532132 0.022202389656849661 -0.011071199499133169 0.040892238770335737 0.010547469835817176 -0.030645884619458743 0.017403934038476211 0.034211452909486406 0.0038299501841771457 -0.0078845975287097983 0.052258617973688276 -0.0026111536724103927 0.027428577792596824 0.06086416864250116 0.0071703538560053473 0.010160441063186379 -0.019049173314572083 0.012732625024022393 -0.011591166320925602 -0.022754604828872076 0.047231807726152708 -0.04341055845297085 0.068714887293418417 0.0073916660904054191 -0.011638901675356675 0.063754231886664986 0.021188743298754 -0.016144504820786047 0 0.042108655543789064 0.03119006054983596 0.022709957814069877 0.065207273256175216 0.030139346657345724 0.016683905224922094 0.015592471152830091 -0.032987749238140462 0.043193829422525316 0.031679179488671591 0.013753116113843559 0.038460890569418607 0.050396601837636536 -0.016539265395704963 0.048804759247030642 -0.006130182193725439 -0.0067650545270447667 -0.010903074314770028 -0.0034098522941594456 0.076981228176342661 -0.024962142935451435 0.047735868074654124 -0.025402059893027754 0.021834263331306416 0.022465597658602319 0.045140590569002513 0.01180442536949166 0.015728586027335248 0.013519935123288085 0.036220690630558085 0.028002710965111671 0.003767194180106204 0.0019510863627087126 -0.024833119922200018 0.019705879066602733 0.059413859019771163 -0.012718649238414632 -0.043555008749461992 0.052283635664106203 0.051151707446594717 -0.0091317824849895743 -0.0019942522555131655 0.051521383229667615 -0.014448584014444901 -0.037046502944323663 -0.038197585349972064 0.060353635350696516 0.052472633062321035 0.0045343695182297064 0.0092090451664354686 0.03021918786006475 -0.0028156790495894226 0.0018462304930487417 0.012158090669817562 0.022186106590357909 0.051641769959328593 0.032925128619921466 -0.022308591905380679 -0.0057999314111140086 -0.023440462241702108 -0.0063679210216917139 -0.041587165595829971 -0.0063499288846644427 -0.028319351247023762 -0.00028804095700919773 -0.015209731905788318 0.019291693658698185 -0.0049340907338353062 0.01993138373348231 0.036967993762787282 -0.0088607470865430249 -0.0058886377370652191 0.023075647094133251 0.037433444977271434 -0.025388584940943815 0.0015810463086751185 0.014145958011162739
leaf_weight=53.201035439968109 52.081346467137337 54.979005828499794 43.249090969562531 34.225739985704422 47.450847193598747 29.200670272111893 116.86430582404137 86.951535552740097 36.964509725570679 51.225925207138062 115.35132573544979 32.888077974319458 87.949950516223907 38.929734915494919 255.85094746947289 25.930238679051399 19.1160529255867 1181.9221727102995 226.05655531585217 36.889283239841461 34.361901432275772 21.969105556607246 17.788242012262344 41.665996193885803 32.384238377213478 19.518642604351044 111.606769323349 194.45415216684341 19.307585060596466 26.261920407414436 20.382540464401245 186.54424275457859 34.07897737622261 457.76996943354607 33.210333675146103 26.176205843687057 91.575115069746971 19.58064204454422 43.856567114591599 290.33496397733688 460.1071612983942 27.109956339001656 27.843614980578423 60.574511617422104 32.940797999501228 17.796786785125732 18.8248500674963 41.788407385349274 378.10173436999321 45.180156663060188 101.60597887635231 20.298753410577774 20.122821316123009 34.090009808540344 48.901904210448265 30.233811855316162 23.032733410596848 26.627032712101936 258.08481048047543 31.870577275753021 21.547922804951668 41.682070836424828 33.882541388273239 26.013090252876282 27.653352066874504 22.336656659841537 23.14431694149971 64.802238270640373 19.904728516936302 20.619298323988914 19.953569754958153 95.491447329521179 27.696035474538803 37.372210219502449 27.661400586366653 539.12506575882435 19.317064583301544 71.989487513899803 138.32390926778316 18.230547562241554 273.66558907926083 32.195316538214684 53.724077463150024 101.00841093063354 20.724064812064171 33.139601364731789 34.568335607647896 26.121089473366737 23.759316593408585 32.713856279850006 43.720196053385735 64.298830211162567 246.73418270051479 75.226089835166931 81.295807912945747 35.478076472878456 23.900629937648773 18.066063463687897 18.989076510071754 37.675556227564812 25.03875644505024 22.52643658220768 17.396950602531433 125.76591639220715 19.705671474337578 36.036660492420197 37.306776270270348 44.186756268143654 43.977076128125191 33.632456764578819 18.256242871284485 111.00638619065285 279.75282326340675 24.621939837932587 35.87263697385788 60.6126669049263 157.10703134536743 227.91756005585194 37.820164620876312 39.618058800697327 68.406332343816757 74.808117225766182 32.167066723108292 258.68148127198219 33.664024442434311 167.15520223975182 20.958269834518433 110.65754014253616 85.326720759272575 51.953276604413986 52.045749947428703 30.408669143915176 17.771536350250244 29.439368188381195 112.59995445609093 49.193788841366768 56.212985649704933
leaf_count=235 225 224 207 146 201 135 557 402 162 233 515 143 407 173 1311 130 89 5512 1048 169 162 105 86 173 144 79 475 879 87 112 94 915 154 2188 154 116 426 88 197 1296 2125 119 124 269 144 81 81 190 1695 218 459 88 90 148 217 135 96 119 1218 148 96 175 151 111 122 100 101 304 88 92 93 422 116 159 119 2461 87 319 632 81 1321 142 243 448 90 150 155 116 106 152 189 284 1094 338 367 151 107 82 80 168 114 104 80 581 90 169 150 181 192 154 79 506 1241 107 155 258 686 1064 176 181 315 350 150 1270 160 771 95 515 374 227 239 142 82 137 530 229 250
internal_value=-0.000157548 0.0120062 -0.00175815 -0.00439051 0.00900974 -0.00551909 -0.00366898 -0.00909795 0.000734523 0.0189639 0.00353674 0.00456772 -0.0117188 -0.0127999 -0.0193204 -0.0341318 0.00624603 -0.00882997 0.00138232 0.0160691 3.72741e-06 -0.0138224 -0.0188791 0.0188265 0.0147142 0.0145 0.0262369 0.00182112 0.00385089 -0.00554538 -0.00169279 -0.0128936 0.0185841 -0.0132925 0.00482248 0.0118285 0.00078669 0.00543478 0.00372693 0.0136005 -0.00420655 -0.00480858 0.0286162 0.00670262 -0.00118515 -0.00719391 0.0103751 0.0166215 0.0196745 -0.0401986 0.00308856 -0.00436874 -0.0161147 0.0227499 0.0181948 0.0210543 0.0110087 0.00665785 -0.0115949 0.0240517 0.0011918 0.0332557 -0.00939733 0.0379341 -0.0061617 -0.00789439 0.047363 -0.00905628 0.00332292 -0.0104564 -0.0270507 0.0291286 0.0194638 0.00853281 -0.00716093 -0.00343604 0.0291545 0.00102454 0.00467617 0.0463253 -0.0162786 0.0252014 0.00288685 0.0125431 0.0502853 0.0153622 0.00225945 0.0410278 0.0384056 0.0174215 0.00357984 0.00117361 0.00699715 -0.0115999 0.00695513 0.0118147 0.0272941 0.00847568 0.010701 0.010954 0.0269655 -0.00204937 0.0211405 -0.00817318 -0.00410623 -0.0128341 0.0382062 0.0291086 0.0181339 -0.011992 -0.00424685 -0.00910187 0.00874148 -0.0158859 0.0408011 0.041905 0.0269 -0.0145682 -0.0275281 -0.00691776 -0.0203112 -0.0255483 -0.0310607 -0.0230108 -0.0251168 -0.0169058 -0.0113264 -0.0166519 0.00609341 0.022825 0.0033448 -0.00957423 -0.00598593 0.015298 -0.013121 -0.0171427 -0.00229603
internal_weight=11278.6 1311 9967.6 7039.46 1256.02 6715.27 547.784 4271.77 2443.5 324.191 2049.48 2928.14 3317.34 3166.67 1197.67 346.077 45.0463 1969 559.96 262.946 954.435 394.017 339.334 708.239 623.204 579.295 272.965 2304.94 1952.35 453.967 54.6083 1409.04 316.269 851.597 120.162 243.714 1733.21 947.461 909.65 405.686 503.964 785.748 190.533 1498.39 475.366 396.987 1023.02 532.467 490.679 301.031 255.083 190.504 304.07 368.121 310.887 153.569 343.143 296.351 297.015 58.9805 272.215 218.357 352.582 52.1893 611.292 583.639 57.2343 427.705 125.735 1202.54 206.498 123.335 106.75 79.0543 726.768 566.786 78.379 104.878 191.525 37.8112 731.436 64.5796 222.727 135.37 40.2427 411.241 174.79 59.0619 46.7921 54.683 490.554 446.834 307.309 139.525 155.482 539.052 95.2513 443.801 425.735 150.664 62.7143 192.316 39.9234 152.393 105.83 318.699 128.944 91.6376 64.2758 87.3565 149.385 131.129 406.746 126.228 71.3507 79.4375 206.009 360.912 154.684 74.1864 159.981 124.772 106.975 310.134 292.346 252.916 188.113 338.575 365.08 104.035 86.1247 282.662 239.413 59.848 179.565 161.794 250.667
internal_count=51634 5790 45844 32678 5566 31280 2502 20068 11212 1398 9304 13166 15722 15033 5813 1748 219 9220 2608 1217 4346 1908 1651 3064 2746 2532 1165 10420 8773 2072 240 6612 1414 4065 556 1094 7890 4302 4133 1811 2322 3588 843 6701 2153 1806 4548 2374 2184 1529 1132 846 1408 1614 1365 681 1538 1336 1391 267 1225 925 1647 227 2808 2686 249 1960 571 5604 1008 546 450 334 3321 2580 347 462 867 169 3509 286 1007 610 169 1845 790 260 202 257 2174 1985 1363 622 703 2363 413 1950 1868 689 282 884 184 700 483 1496 532 382 280 397 675 596 1788 566 306 339 903 1679 733 336 741 581 500 1516 1430 1170 866 1579 1615 452 393 1327 1120 279 841 759 1129
is_linear=0
shrinkage=0.0427603


Tree=13
num_leaves=138
num_cat=0
split_feature=28 37 26 31 21 28 37 0 8 37 23 21 6 5 15 15 37 59 4 12 8 21 37 44 31 26 15 37 8 6 23 21 21 5 37 12 12 25 21 1 37 28 3 5 21 44 9 59 3 59 12 44 9 3 9 7 9 5 0 3 28 44 21 5 5 31 12 23 12 1 38 28 6 6 44 7 12 31 12 9 28 12 12 23 15 58 43 6 7 21 5 7 28 44 31 5 6 37 3 25 44 3 44 12 29 44 7 31 23 59 23 5 3 1 44 6 28 60 1 29 5 28 3 45 0 25 7 48 48 3 37 37 9 5 44 21 48
split_gain=110.27 113.218 143.212 81.359 71.1125 68.2211 69.9526 67.8128 60.2519 57.1304 45.0191 44.7843 54.8323 48.8411 44.3663 44.316 57.6722 43.0146 41.6507 47.3586 40.828 39.949 41.3676 38.6922 38.1396 38.0739 82.7061 98.1596 39.686 38.0792 37.9228 37.0102 34.5894 33.3426 32.1549 32.0916 35.6258 31.4453 30.3789 28.7744 27.5946 37.546 26.9306 26.4181 25.7847 25.6965 25.069 24.7754 24.4898 24.3541 23.0022 22.9303 27.9317 21.7482 31.8047 22.9348 21.652 21.0515 20.8181 19.8789 19.8069 20.7954 19.5212 19.3231 24.5133 19.3016 20.5504 19.2644 23.2591 21.5085 18.6919 18.1826 17.9728 17.7945 22.6186 17.5673 17.1316 18.5336 19.4109 19.0887 24.3014 16.9845 16.9705 18.5673 16.7791 16.5576 16.266 16.1212 28.2727 16.2692 15.9947 15.7948 15.7606 25.5998 17.4826 15.5444 19.7725 15.3767 25.7355 21.797 20.2081 15.5447 15.3649 14.7923 14.6124 14.5483 15.5757 13.7926 13.7634 13.7225 16.9692 13.6437 13.6156 14.3959 12.5575 12.5102 12.2153 20.5572 13.1323 15.4907 12.1432 11.619 14.6568 11.5655 11.5465 19.4844 14.5299 11.3992 11.3249 12.6847 11.1931 12.0822 14.3981 11.185 10.9454 10.7792 10.6831
threshold=0.063820000000000016 -0.53374999999999984 0.67745000000000011 0.053465000000000006 20.775000000000002 0.020415000000000006 0.24115000000000003 0.29487233000000007 -0.10925736999999998 0.88085000000000013 25.795000000000005 29.280000000000005 -0.0088285573932672477 0.91050735116004955 0.99995000000000012 0.98205000000000009 0.10345000000000001 0.075134825000000002 3.5000000000000004 -0.10018499999999998 -0.018839150499999995 14.105000000000002 0.46935000000000004 0.46365000000000006 -0.10324999999999999 -0.20899999999999996 0.92875000000000008 0.46215000000000006 0.010721951500000002 -0.23963389271797311 60.565000000000005 29.280000000000005 20.210000000000004 -1.092113137245178 -0.35104999999999992 -0.005834999999999999 -0.10018499999999998 1.6656000000000002 15.150000000000002 0.11184006447198556 0.96840000000000015 0.056815000000000011 0.74158608688216698 11.469058990478517 20.210000000000004 -0.50014999999999987 4.5000000000000009 0.072428825000000016 0.29037892913522251 0.10533130000000003 0.14195000000000005 -0.14454999999999998 1.5000000000000002 1.2332815716408412 1.0000000180025095e-35 33.604738634544759 4.5000000000000009 19.191747665405277 1.5087862000000001 0.29037892913522251 0.042415000000000008 0.061750000000000006 19.435000000000006 -29.210375785827633 0.54081088304519664 -0.032254999999999992 -0.39339499999999999 53.175000000000004 -0.26222999999999991 -0.19659579548906297 1.0000000180025095e-35 0.033315000000000004 0.71664382167642937 0.12302172700487891 -0.099749999999999991 42.193886262282327 -0.091044999999999987 0.077345000000000011 -0.16149999999999995 2.5000000000000004 0.025215000000000005 -0.076454999999999981 -0.30485499999999993 -47.994999999999997 -0.97094999999999987 0.060347828359594256 2.5000000000000004 0.0055544042214115009 47.327029725099315 25.660000000000004 38.246957778930671 70.940447922005475 -0.024984999999999997 -0.17674999999999999 0.087950000000000014 9.5250806808471697 0.076788266985085563 0.17605000000000001 0.64942991015376628 2.4379000000000004 0.040050000000000009 0.86978977119055056 -0.063649999999999998 -0.037319999999999999 0.020565000000000003 -0.15484999999999996 75.752512261606242 0.081820000000000018 50.755000000000003 0.04801600000000001 39.065000000000005 -12.566827297210692 0.98502422991327854 -0.065281363484674837 0.043050000000000005 0.085573098765480263 0.016275000000000001 1.9739000000000002 0.016229569543531153 -0.0015499999999999997 18.687644004821781 0.10234500000000002 1.2546981932229795 3.3625500000000001 0.63550582500000008 1.4254500000000003 65.088639931344602 0.11045000000000001 0.28845000000000004 1.0151574943498134 1.0543500000000001 -0.13364999999999996 2.5000000000000004 28.052310943603519 0.067450000000000024 16.265000000000004 0.10475000000000002
decision_type=2 2 2 2 2 2 2 2 2 2 2 2 2 2 2 2 2 2 2 2 2 2 2 2 2 2 2 2 2 2 2 2 2 2 2 2 2 2 2 2 2 2 2 2 2 2 2 2 2 2 2 2 2 2 2 2 2 2 2 2 2 2 2 2 2 2 2 2 2 2 2 2 2 2 2 2 2 2 2 2 2 2 2 2 2 2 2 2 2 2 2 2 2 2 2 2 2 2 2 2 2 2 2 2 2 2 2 2 2 2 2 2 2 2 2 2 2 2 2 2 2 2 2 2 2 2 2 2 2 2 2 2 2 2 2 2 2
left_child=1 2 4 5 24 8 10 -4 50 53 -7 12 13 63 -9 16 17 32 34 60 45 86 33 31 -1 29 27 -27 -28 56 82 35 38 47 -12 36 -17 40 -10 -34 41 -14 -13 102 46 -15 51 59 -11 114 130 -32 -53 54 58 -55 -18 -22 -2 -23 61 -20 -31 -8 -65 66 -50 68 -67 -69 81 108 134 92 -75 -62 77 78 127 104 -81 -48 120 -84 85 -26 105 89 -89 -39 121 -72 93 -6 -94 96 -85 99 135 101 -100 -78 -19 -97 -79 -5 116 -49 -61 110 -86 -44 -71 -114 -36 -42 118 -118 -107 -120 -24 122 -68 -16 126 -126 -115 -35 129 136 131 -3 -133 -87 -57 -99 -56
right_child=9 3 7 21 73 6 11 14 15 48 18 42 37 20 123 23 25 43 19 -21 57 22 30 -25 84 26 28 -29 -30 62 44 -33 39 76 49 -37 -38 87 -40 -41 115 -43 111 -45 -46 -47 70 107 65 -51 -52 52 -54 55 128 72 -58 -59 -60 71 75 -63 -64 64 -66 67 90 69 -70 112 91 -73 -74 74 -76 -77 97 79 -80 80 -82 -83 83 95 109 133 -88 88 -90 -91 -92 -93 94 -95 -96 103 -98 98 100 -101 -102 -103 -104 -105 -106 106 -108 -109 -110 -111 -112 -113 113 124 -116 -117 117 -119 119 -121 -122 -123 -124 -125 125 -127 -128 -129 -130 -131 -132 132 -134 -135 -136 -137 -138
leaf_value=0.016938576855201799 0.019845810574549771 0.040752704364599691 -0.0065582444057419378 -0.029933116207784417 0.047888276404434618 -0.027260455502046057 -0.04374189957342374 0.011160730254560615 -0.011418912041346626 -0.044762628858457519 0.054939708325715972 0.046151482232263487 -0.0056335414892925819 0.013780880689845024 0.077849747545895479 -0.01683528023478318 0.003805721380609767 -0.014631337137838726 0.0076927300104099091 0.088601291961891218 -0.00294887038718463 0.030969213919097207 0.040988916126074748 0.022812518503789455 0.0050279194505178813 0.0062078287877935746 -0.023503961483083948 0.057654616405107759 0.038120084845861865 -0.018445855157879856 0.038634421441894461 0.03339108167864465 -0.0047224274458125886 -0.026062178699503245 0.013021489206391089 0.032367254326602146 -0.035679985435568468 -0.036848944576282322 -0.031810290617042013 0.02774550465281312 -0.026695918927087493 0.043431993397081009 0.029660574932244541 0.00407589529424151 -0.031818424267435683 0.061095230412306557 0.027072511733620443 0.056920402670502246 0.019166561522608823 -0.033382225576563895 -0.007189248862840324 -0.017587659801474725 0.015844331081599869 0.007376098696238279 0.033046910001602724 0.061047117481236181 0.046762199212676797 0.01830350872811648 -0.033650791105086501 -0.0029667569721386834 0.02284725846275509 0.037944997847028587 -0.0024123481855533192 -0.0016394538436659398 -0.050221666860387641 0.0024462248951754332 0.0037004853542310463 0.045686642935625028 0.043863829510659751 -0.019576511526801739 -0.045901736570918332 0.027386379186211771 0.011623788422777804 0.0064444363971071497 0.06479590214622992 0.075095718088210181 0.025892520377544428 0.064606742774250589 0.031177914227118391 0.035510075668412938 -0.019289467779316595 -0.025112031975294952 0.028960388943242574 0.0017893212140372803 -0.01985421048903778 -0.036483709214015961 -0.032719373985265164 0.039387483458394948 -0.021854764616933659 -0.0083137842702457228 -0.03888827074616652 -0.0053078519326277855 0.0032771249755411303 0.0062060253506926255 0.023611179385060962 0.0027849261388665295 -0.024128915660975719 -0.034185058132001366 0.031453094100329246 -0.012634073023326595 -0.0028832513750886141 0.0074687243530051801 -0.043621892955319985 0.032610985336928473 0.031738706685197397 0.012521535870934372 -0.035625489517307117 0.0060369055779541884 -0.022619085839407093 0.020029888294076526 0.0042230442491072084 -0.0069062860393640547 -0.027921511147193885 -0.02120263422924596 -0.0090776966828626567 0.0013891686168139713 0.041251334503696127 0.00035330986051190305 0.0018835248666632522 -0.047456433346649958 1.2159203702284168e-05 0.023213986567248511 -0.032820865079389708 0.040877808631824622 0.043116952995010442 0.0065913470874272963 0.01444263651979337 0.013413225308620413 0.0071337264168442258 0.0085420664209040053 0.040930918902352106 -0.0069311682102276596 0.034890424784173216 0 0.030895791523912797 0.00093084275684721086 0.069142661925580967
leaf_weight=97.80391201376915 22.700886785984039 24.293955087661743 35.221129924058914 41.147444620728493 54.824396416544914 47.098419994115829 30.064706414937973 28.103820234537125 755.84898470342159 17.477602824568748 20.959604471921921 46.846234187483788 745.10403095185757 39.738095819950104 93.691644459962845 505.72926688194275 79.457740753889084 44.429466634988785 140.23265869915485 21.828550443053246 198.71897961199284 27.262915894389153 41.003391787409782 38.557934314012527 28.274971380829811 259.62853586673737 157.34868958592415 91.984217599034309 21.668015852570534 345.21382865309715 29.265710696578026 22.230826020240784 344.03336989879608 30.503664061427116 134.66958847641945 18.991963386535645 290.26568979024887 153.70847855508327 163.05443887412548 58.377307996153831 161.98619063198566 29.625685125589371 28.201396003365517 33.493630811572075 85.194568261504173 45.659732773900032 23.164295047521591 19.918444022536278 47.924311846494675 34.772596001625061 68.212070316076279 98.791516780853271 84.917573094367981 37.327542528510094 75.88876485824585 81.138181507587433 29.624245196580887 148.5951731801033 31.779758021235466 177.44524510204792 25.741152212023735 59.585227772593498 234.19612589478493 177.88140365481377 21.313332721590996 41.283730491995811 45.334445863962173 23.224041491746902 63.573383033275604 41.979426726698875 54.900045767426491 25.512701734900475 24.241606190800667 21.734569013118744 28.433719992637634 22.560877859592438 227.82514315843582 33.221484035253525 37.726526364684105 32.487299710512161 26.996176436543465 22.433286398649216 47.397174343466759 192.75383658707142 129.05050452053547 103.21056373417377 48.961998760700226 18.326094970107079 55.177929550409317 48.866541236639023 33.814384788274765 26.384405791759491 285.06253278255463 53.877760007977486 106.67625001072884 99.116207540035248 74.435819044709206 40.959462553262711 55.997656151652336 44.219526737928391 70.380670681595802 134.48686766624451 146.2535964846611 44.273778468370438 105.67107236385345 21.68329693377018 23.931363523006439 19.76767235994339 103.95548485219479 32.012778267264366 90.71211875975132 54.594692260026932 19.671317264437675 38.562430784106255 71.851207047700882 34.720376744866371 26.261189714074135 158.3970739543438 19.199004739522934 28.475090891122818 20.052213788032532 21.200549185276031 35.64516294002533 19.65389446914196 40.192261785268784 81.441371321678162 45.572042837738991 23.555337190628052 43.152809575200081 30.702676370739937 44.164641320705414 49.475596725940704 21.532988786697388 17.646732568740845 31.84932267665863 25.550742283463478 19.402848914265633
leaf_count=437 98 107 159 196 223 216 140 124 3660 82 90 198 3451 172 383 2405 359 215 632 91 905 121 178 180 131 1241 764 409 102 1612 129 96 1598 136 613 91 1472 728 792 271 759 129 121 158 396 196 107 87 207 165 312 450 380 162 316 337 125 665 155 802 114 271 1075 820 99 181 201 101 271 188 260 115 105 90 117 99 994 146 169 144 120 106 210 869 597 495 232 82 258 226 153 124 1267 228 456 450 342 187 245 195 315 589 739 196 455 102 111 87 484 146 409 238 88 174 333 162 122 739 90 136 87 92 160 81 171 358 201 104 186 128 187 222 93 82 134 113 82
internal_value=-0.000154036 -0.0014718 0.0107208 -0.00312579 0.0047162 -0.00568605 -0.000358758 0.0463427 -0.00930909 0.0134363 0.0127509 -0.00408673 -0.00574094 0.00419824 0.0595674 -0.0105882 -0.00792822 -0.0134139 0.0163057 0.028101 0.0126608 0.00329936 0.00547601 -0.0189767 -0.00697011 -0.000967965 0.00763272 0.0196878 -0.0160036 -0.00760738 -0.00128859 -0.0209101 -0.010467 0.0105366 0.00413603 -0.0224004 -0.0237165 -0.0110209 -0.0150453 0 -0.0073907 -0.00374769 0.0202208 -0.0307499 -0.0107654 0.0391654 -0.00546604 -0.000159015 0.00505262 -0.000246353 0.0130767 0.00346815 -0.00209377 0.0259853 0.017095 0.0373324 0.0155398 0.00612246 -0.011224 -0.00397211 0.0227484 0.016751 -0.0119779 -0.0117419 -0.00687489 0.00656806 -0.00484798 0.0118956 0.0276278 0.00619424 -0.0205206 -0.00710008 0.0454268 0.0153145 0.039664 0.0474052 0.0150399 0.0235907 0.00759597 0.0309539 0.0105152 0.00123617 0.00645798 0.00361623 -0.0128213 -0.0242043 -0.00973561 -0.0237676 -0.00648492 -0.0300021 -0.0133652 -0.0328164 0.0128586 0.0272969 0.00883331 0.000672452 -0.0054035 0.0108884 0.000904926 0.015607 0.0122725 0.0190742 -0.0369059 0.0120459 0.0396538 -0.00618573 -0.00264348 0.0317622 -0.0102531 -0.0060494 -0.00988208 0.00545951 0.00273676 0.00692462 0.00529705 -0.021701 0.00043473 0.0062098 -0.0148341 -0.0274314 0.0276525 -0.00484623 -0.0122839 0.0715044 0.0102919 0.0187217 -0.00180713 -0.00872447 0.02626 0.0327519 0.0230417 0.0146737 0.00564687 -0.0311045 0.0526136 -0.0205836 0.0404745
internal_weight=11263.2 10268.1 1225.99 9042.08 1049.32 6466.5 2618.43 176.67 3848.07 995.081 579.3 2039.13 1909.49 661.971 141.449 3640.39 2764.61 1545.49 532.201 269.948 432.712 2575.58 2207.53 875.776 498.712 1219.12 530.629 351.613 179.017 688.492 944.084 837.218 1321.31 1263.44 262.253 814.987 795.995 1247.52 918.903 402.411 971.436 774.73 129.642 224.177 425.051 85.3978 339.857 373.862 596.896 241.293 207.679 212.975 183.709 398.184 223.628 174.557 109.082 347.314 54.4806 334.176 248.12 199.818 579.41 229.259 199.195 579.419 183.919 395.5 104.857 290.643 126.882 306.913 137.229 550.609 50.1683 48.302 889.582 290.162 91.7855 198.376 59.4835 45.5976 519.032 457.977 400.908 149.132 368.056 276.079 73.504 202.575 135.995 81.2845 500.441 108.702 391.739 410.58 267.19 599.42 192.889 406.532 126.378 362.312 190.683 143.39 138.893 319.094 277.947 39.6861 281.401 251.775 219.763 82.7961 267.419 225.439 206.521 196.707 254.016 184.658 69.3574 47.6741 61.0556 102.18 80.9796 113.346 205.768 121.634 84.1345 54.059 169.147 125.994 139.467 95.3025 71.0086 120.857 112.988 66.5102 95.2916
internal_count=51634 47303 5425 41878 4678 30258 11973 747 18285 4331 2624 9349 8792 2997 588 17364 13120 7433 2408 1207 1938 11620 9892 4244 2297 5687 2516 1650 866 3171 4284 4064 6321 5608 1201 3968 3877 5795 4452 1869 4501 3580 557 1112 1952 368 1556 1696 2628 1111 921 959 830 1703 965 738 484 1570 253 1522 1116 903 2687 1059 919 2546 813 1733 452 1281 597 1401 576 2381 207 213 3912 1274 409 865 264 213 2332 2067 1860 708 1728 1294 340 954 606 384 2174 451 1723 1857 1211 2638 860 1778 560 1583 954 646 601 1496 1300 174 1286 1152 1006 359 1180 992 946 921 1189 861 328 226 265 453 361 464 904 529 375 240 712 526 609 422 315 577 471 300 398
is_linear=0
shrinkage=0.0427603


Tree=14
num_leaves=138
num_cat=0
split_feature=28 37 23 31 28 30 37 37 13 28 9 23 23 23 14 37 44 9 30 29 36 36 29 13 16 0 34 3 28 6 37 13 37 36 16 28 37 44 14 34 8 16 6 60 60 0 28 31 34 9 34 44 3 28 28 29 31 37 16 9 16 13 22 37 28 9 6 15 1 8 37 6 3 3 1 37 6 29 13 3 28 37 13 30 60 48 60 13 1 23 37 8 8 29 49 34 37 31 16 31 49 0 28 3 22 29 1 15 34 44 1 49 23 29 37 13 25 30 14 15 14 44 37 0 13 8 15 31 3 16 16 44 34 13 30 28 8
split_gain=100.955 103.873 128.101 75.8812 64.0293 96.3874 74.0543 52.0772 46.6324 49.6376 44.8349 65.0871 39.9791 37.5133 36.6949 35.3275 37.5454 41.3974 33.7844 31.6645 31.1617 30.69 30.1556 30.9997 29.856 29.4614 28.5184 28.3068 30.0565 28.1489 26.8778 43.0073 26.149 66.2126 40.9384 89.6154 67.0615 34.0974 33.447 25.8198 25.6477 25.4789 25.3467 24.5598 23.2162 22.3657 22.2958 22.2662 22.2606 21.8816 21.5755 22.5354 20.8575 20.857 20.7293 20.5912 19.9535 19.7673 25.7284 19.7148 19.2452 18.8629 23.238 26.788 18.7117 18.1506 18.3708 20.1867 24.7496 17.9709 20.2862 21.263 21.0339 18.3562 17.9231 17.8487 17.8106 17.5426 17.5068 20.6954 17.4032 17.325 21.4314 17.189 17.0371 16.9008 16.5864 16.5608 16.1518 29.6821 15.9377 26.2089 20.398 15.5464 15.3317 15.1768 18.049 16.0572 14.9716 14.9023 16.8285 14.614 14.5064 14.4771 14.3233 22.0846 14.2704 18.4143 16.0696 13.9364 13.9402 13.9103 13.7972 13.6731 13.3934 13.3464 13.2844 13.2528 13.2041 13.1877 13.1651 12.9873 12.823 14.2697 12.7111 17.3641 12.7722 12.6941 16.9019 19.3725 14.4471 12.6819 12.6704 12.4099 12.1593 12.1343 12.1172
threshold=0.063820000000000016 -0.53374999999999984 71.875000000000014 0.038215000000000006 0.022365000000000006 -0.054984999999999992 0.072950000000000015 0.88085000000000013 0.05062500000000001 0.014085000000000002 2.5000000000000004 54.025000000000013 58.805000000000007 51.515000000000008 0.94525000000000015 0.48215000000000002 -0.21284999999999996 4.5000000000000009 -0.088134999999999977 0.029075000000000004 0.94135000000000013 0.051350000000000007 0.036865000000000002 0.26142500000000007 1.0372500000000002 1.0461619500000003 4.5000000000000009 1.9356155520615856 0.032955000000000005 -0.0052354511505421997 -0.28749999999999992 0.17115000000000002 0.14005000000000004 0.92315000000000014 0.89255000000000007 -0.024984999999999997 0.46215000000000006 0.45280000000000004 0.76985000000000015 47.500000000000007 0.15764770000000003 1.0256500000000004 -0.23350722705774582 1.9701000000000002 2.1513000000000004 0.78656120000000007 0.040945000000000002 0.083115000000000008 34.500000000000007 4.5000000000000009 34.500000000000007 0.084950000000000012 1.0875126256643992 0.037895000000000005 0.017055000000000004 -0.021064999999999997 0.13089500000000001 0.23075000000000004 0.89255000000000007 4.5000000000000009 1.0441500000000004 0.20214000000000001 4.5363500000000014 0.42385000000000006 0.019845000000000005 2.5000000000000004 0.0029258808950232505 1.1212000000000002 -0.20020888966744935 0.043032437000000007 -0.011349999999999997 0.054368877170181802 0.73331617802596682 1.6750059351433675 0.061387686493247905 -0.79014999999999991 -0.047815118435424693 0.063330000000000011 0.13129500000000002 0.88482948791830396 0.024615000000000001 0.99545000000000006 0.45184000000000007 0.037225000000000008 1.8527000000000002 0.13835000000000003 2.0159000000000007 0.077960000000000015 0.49135671270980658 52.975000000000001 0.44225000000000009 0.066645382500000017 -0.039800673499999994 -0.0022549999999999996 0.77625000000000011 129.50000000000003 0.76345000000000007 -0.076134999999999994 1.0137500000000002 -0.11070999999999999 0.70320000000000016 0.42440563500000006 0.012625000000000003 1.7454262109337446 7.7810000000000015 -0.042374999999999989 0.31633894449158334 1.0510500000000003 7.5000000000000009 -0.24674999999999997 -0.090475187862712386 0.14320000000000002 -27.604999999999997 0.027275000000000004 0.31755000000000005 0.17115000000000002 2.4729500000000004 0.095940000000000011 1.2114500000000004 0.99515000000000009 1.1286500000000002 0.45280000000000004 0.96840000000000015 0.118283125 0.22476000000000004 -0.029386013499999999 1.0622500000000004 0.074375000000000011 1.2332815716408412 -0.91314999999999991 -0.98324999999999985 0.011150000000000002 23.500000000000004 0.063535000000000022 0.010550000000000002 0.020145000000000007 0.040896983000000005
decision_type=2 2 2 2 2 2 2 2 2 2 2 2 2 2 2 2 2 2 2 2 2 2 2 2 2 2 2 2 2 2 2 2 2 2 2 2 2 2 2 2 2 2 2 2 2 2 2 2 2 2 2 2 2 2 2 2 2 2 2 2 2 2 2 2 2 2 2 2 2 2 2 2 2 2 2 2 2 2 2 2 2 2 2 2 2 2 2 2 2 2 2 2 2 2 2 2 2 2 2 2 2 2 2 2 2 2 2 2 2 2 2 2 2 2 2 2 2 2 2 2 2 2 2 2 2 2 2 2 2 2 2 2 2 2 2 2 2
left_child=1 2 8 4 5 25 10 50 47 18 11 53 32 20 44 19 17 81 -10 27 69 -11 80 24 -24 84 -14 28 30 43 31 -15 33 54 35 42 -37 45 76 -32 64 -40 -34 52 46 -36 90 99 -12 -49 118 104 -16 131 74 -50 60 -48 -59 65 -25 122 98 -64 -18 66 67 68 -9 70 127 72 135 -74 -7 115 -35 -58 79 -45 136 82 -17 -30 -3 -73 -56 -28 89 -61 91 -8 -92 -27 -87 96 97 -86 -63 100 -1 102 -97 -54 105 -52 107 -68 -108 120 -111 -66 -22 -89 -82 -20 -71 -53 132 -120 -107 -113 123 -31 125 -67 -126 130 129 -129 -5 -6 -2 -124 -80 -72 -21
right_child=7 3 -4 13 6 12 14 59 9 21 48 -13 26 15 29 16 40 -19 75 22 112 -23 23 56 -26 93 87 -29 83 61 39 -33 34 38 37 36 -38 -39 41 -41 -42 -43 -44 78 -46 -47 57 49 55 -51 51 117 103 -55 86 -57 77 58 -60 88 -62 62 63 -65 111 124 106 -69 -70 116 71 85 73 -75 -76 -77 -78 -79 134 -81 114 -83 -84 -85 95 94 -88 113 -90 -91 92 -93 -94 -95 -96 101 -98 -99 -100 -101 -102 -103 -104 -105 -106 109 108 -109 -110 110 -112 121 -114 -115 -116 -117 -118 -119 119 -121 -122 -123 133 -125 126 -127 -128 128 -130 -131 -132 -133 -134 -135 -136 -137 -138
leaf_value=0.00089737038763119481 0.016711633045175773 0.0263811934504098 0.074239277063400375 0.0091679961760779694 -0.0306573985264042 -0.015470014427074645 0.0025789426591147822 0.019408292498068087 0.036097086132585353 0.027913183426846747 0.0088494545407127208 0.071917294550202376 0.018917450360389096 0.073259065764502765 0.052864816813181913 0.063997157989036477 -0.036221064367438473 -0.038779553953630835 -0.0068850712801126149 -0.002306502003601418 0.016494987104512852 0.078727869635119005 -0.0092621192276996882 0.010884603162918583 0.053052569934608454 0.023575135059626714 -0.0070387584718181141 0.04999601155483472 0.046892368805821046 0.017455992400328142 -0.020738944820854401 -0.0037569470592104591 0.013641582676717251 0.022596615003732449 -0.022495661219838443 0.0036048803788316514 0.047173873769427221 0.038440839394000614 -0.046791581992953496 -0.00053780184959477959 0.033251744854447887 0.009228859641975987 -0.018224998243436485 0.016176351258414445 -0.020819858267035717 0.018564328708452014 0.04734821526975392 0.020543866895475608 0.017912366948979921 -0.011427090677245785 -0.010581881070119667 0.009086741501665177 -0.022742252124928353 0.019615212442685694 -0.010619094164068844 0.070218904957540892 0.028072676027784835 -0.014990618952380736 0.015769207239918034 -0.035041408094630418 -0.025870545515117686 -0.02843939979255752 0.039325736931489476 -0.0039605822861226254 -0.024630242581839171 0.036075640366754036 0.062197033572364599 0.031526879650247627 -0.017810487554106302 0.019049813524847768 0.018722128072418139 -0.016076037983302233 -0.001584647245454538 0.028261812214174394 -0.0011629663071168932 -0.0093938266008139169 -0.023395193009179974 -0.0055159557804922961 -0.0053598099869314707 -0.026394163625005591 0.083927469626958254 0.0018590600136112522 0.012000969472832143 0.0041463166643419987 0.0030126678149080583 0.046425776157191359 0.029150786205719498 -0.046407430179042662 -0.034283761543863318 0.020735878899481062 0.019362958721992365 0.046113027030420285 -0.011399863331567194 -0.0054302612272212735 -0.0047194210117271068 -0.012327330557312536 0.014389142959534494 -0.013715601046941818 0.0024114621836637514 -0.0078007295636768267 0.038587912263844192 -0.029379619672982107 0.031843675074771198 0.029310314471008268 0.047797039606848495 0.027939885849033376 0.030106484652863075 0.010675321830806751 -0.0061151168830245635 0.063216799213785937 0.024039892095596222 -0.010463315131427963 0.052393096643155841 -0.0042590184193134154 0.031529521474753117 0.02234279930859925 -0.0057844693337325698 -0.033887654999683159 0.038527719060093515 0.080413023114142876 -0.016261771844511948 0.0087769595554652823 -0.0034886106265297197 -0.019374453405582172 0.052356380989911321 -0.017343388019920372 0.016628930451085561 0.024018706299140401 -0.030224553853993492 -0.0054437305562552631 -0.023046209488914216 0.010647633223210733 0.05597755753338951 -0.044564222133160844 0.025036267240644925 0.046521340295683548 0.038202487980874118
leaf_weight=107.00799351930618 62.244345903396606 38.303549885749817 54.697328180074692 33.431578069925308 54.838997706770897 825.03420425951481 305.0830272436142 42.166286915540695 73.278104469180107 64.102398991584778 23.95097528398037 22.984145790338516 18.447543531656265 18.792352750897408 28.257736310362816 33.472099110484123 57.21335081756115 20.997375160455704 40.397449478507042 24.577167347073555 41.099393799901009 33.478097304701805 20.394657626748085 39.694931820034981 43.959731236100197 153.81282410025597 29.785841956734657 18.584824919700623 30.348503932356834 20.844871461391449 232.58268560469151 44.466520994901657 52.142448276281357 22.603493452072144 393.67986260354519 221.60658991336823 91.42363740503788 19.025216370820999 198.69249717891216 231.712228089571 22.826664611697197 15.808282420039175 353.05434794723988 27.261011391878128 72.206683173775673 25.649630442261696 28.225710719823837 159.05564026534557 19.005576089024544 51.596190303564072 36.800421133637428 35.521345749497414 18.55199907720089 35.157709404826164 36.05051776766777 54.150834515690804 60.347610861063004 61.103357464075089 262.43937508761883 27.643711537122726 74.561336904764175 100.30565756559372 31.590878292918205 150.58612401783466 109.42776042222977 19.165991216897964 22.743649810552597 25.101051032543182 143.08223335444927 259.86176684498787 127.75477470457554 94.940211430191994 172.23486518859863 48.092885658144951 200.06390932202339 114.03815671801567 47.694554388523102 53.181768611073494 51.911323487758636 86.840257406234741 18.490296974778175 31.612898409366608 26.273962423205376 40.685086846351624 254.12916138768196 17.92067289352417 40.519032418727875 140.61723978817463 37.2973403185606 47.276858523488045 45.685588464140892 27.627769410610199 281.15251529216766 42.801121264696121 26.103932544589043 60.230562463402748 128.49255160987377 178.09709811210632 39.725592061877251 406.18076160550117 27.297673404216766 69.420304909348488 17.527610629796982 20.52708213031292 37.800894692540169 29.921800941228867 33.104422137141228 29.638776108622551 68.619355797767639 27.621626242995262 44.108510300517082 480.94543081521988 38.8326725512743 16.072692170739174 18.437709823250771 94.843226298689842 45.909168258309364 20.672346234321594 42.429232016205788 21.31775376200676 20.730906054377556 73.598526835441589 17.503242254257202 222.24001514911652 35.853653877973557 26.372937709093094 39.031164556741714 70.376499786973 25.811036646366119 96.448633283376694 102.98704598844051 17.756121963262558 20.250258564949036 64.413573503494263 44.378368362784386 37.836230292916298 29.102932393550873
leaf_count=470 262 172 224 153 255 3980 1400 185 310 272 107 97 88 79 122 145 271 100 180 110 184 137 90 180 188 684 147 83 135 95 1099 200 234 111 1914 1063 403 89 1034 1075 101 73 1656 125 330 119 123 679 83 238 169 155 84 157 170 235 267 274 1184 122 334 470 141 697 503 80 96 108 648 1135 574 437 772 213 959 516 240 235 239 399 80 141 120 182 1176 80 186 745 173 208 204 126 1298 196 119 284 564 847 183 1868 121 326 81 91 158 126 141 130 300 114 189 2230 168 74 82 410 204 90 176 88 92 340 82 1029 152 115 170 310 115 432 481 81 84 307 201 168 129
internal_value=-0.000150553 -0.00141454 0.0102626 -0.00300195 -0.00583636 -0.0092959 -0.000123438 0.0128418 0.00726861 0.0186777 0.0229758 0.00656168 -0.0133439 0.00242208 -0.00274755 -0.001421 -0.00779816 0.0152136 0.0105637 0.00403323 0.00818283 0.0454229 0.0136982 0.00698221 0.0331893 0.00249483 -0.0315348 -0.00194863 -0.0035738 -0.00900502 -0.00710044 0.0190055 -0.0118752 -0.0158398 -0.00711611 -0.00082036 0.0163533 -0.0174145 -0.0342308 -0.0106733 -0.0112832 -0.0426285 -0.014106 0.00235968 0.00258723 -0.0199664 0.00426579 0.000877228 0.0449979 0.0126779 0.024798 0.0171912 0.0248541 -0.00731046 -0.0110787 0.0567314 -0.000389404 0.01296 0.0099371 0.00483152 -0.0130363 -0.0138932 -0.00652838 0.00350502 -0.0127031 0.00857811 0.00379816 -0.00439177 -0.00929875 0.00639508 0.00319891 0.00842256 0.0135928 0.00489664 -0.012685 0.00302818 -0.00850171 0.0122732 -0.00480462 -0.0161583 0.03527 0.0277043 0.0412555 0.0225136 -0.001376 -0.00588252 0.0103297 -0.0365657 -0.011291 5.66259e-05 -0.00036004 0.00621625 -0.00707715 0.0172233 0.0159318 -0.00288839 0.000306387 -0.00386302 -0.0196344 -0.00370832 0.00861321 -0.0151101 -0.00227533 0.00440997 0.0240131 0.0183186 0.0150252 0.0331869 0.00559992 0.0270695 0.0392295 -0.0106654 0.0340279 -0.0421313 0.0579669 0.0135575 0.0152969 -0.0065909 0.0379165 0.0526512 0.00970307 -0.00789641 -0.021172 -0.0161857 0.0229828 0.00497663 0.0338337 -0.00511095 0.00192264 0.00694088 -0.0150973 -0.0204526 0.0264404 -0.035878 0.0085724 0.0251188 0.0195178
internal_weight=11245.5 10249 1225.97 9023.02 5927.09 3690.79 2236.31 996.517 1171.28 420.137 227.844 130.737 2747.97 3095.93 2008.46 1856.29 856.368 112.356 322.557 999.92 1239.64 97.5805 382.748 292.14 64.3544 942.815 204.923 617.172 598.587 924.938 527.554 63.2589 2543.05 1386.47 1156.58 718.227 313.03 438.355 284.799 464.295 744.012 214.501 405.197 277.728 1083.52 419.329 1011.32 751.138 97.1074 210.652 399.419 253.178 67.3368 107.753 1101.67 73.1564 227.786 351.768 323.543 597.097 114.256 647.21 322.208 182.177 721.185 484.88 364.456 210.35 185.249 1159.71 853.938 524.884 385.919 220.328 1025.1 249.279 70.298 113.529 210.391 114.101 90.6081 91.359 59.7461 71.0336 746.201 138.965 76.5696 186.476 112.218 74.9206 659.549 332.711 326.838 196.614 44.0246 707.897 560.719 432.226 140.031 540.486 134.306 147.178 77.7582 39.0791 196.984 159.183 154.106 52.3824 101.724 122.383 71.7301 663.972 79.9321 156.69 36.928 135.241 305.771 56.1937 146.242 63.747 50.6527 554.544 325.002 243.085 120.424 45.5389 74.8848 329.055 192.636 166.825 136.419 72.5951 82.4946 81.9168 96.2897 165.591 53.6801
internal_count=51634 47303 5425 41878 27834 17615 10219 4331 5201 1825 1015 590 13285 14044 9204 8499 3951 506 1416 4548 5545 409 1695 1294 278 4330 1054 2853 2770 4265 2453 279 12231 6753 5478 3356 1466 2122 1458 2174 3445 1107 1890 1261 4939 2033 4609 3376 425 917 1703 1093 297 493 5295 318 1016 1581 1458 2628 514 3004 1491 838 3344 2125 1608 941 833 5193 3854 2363 1727 985 4939 1106 351 502 964 524 401 406 265 317 3450 636 356 966 503 330 3028 1526 1502 880 199 3278 2587 2023 653 2459 591 691 365 175 848 690 667 226 441 521 303 3073 352 819 162 590 1339 245 610 264 218 2570 1513 1124 517 195 322 1491 857 742 634 336 346 389 440 742 239
is_linear=0
shrinkage=0.0427603


Tree=15
num_leaves=138
num_cat=0
split_feature=28 31 27 5 0 36 13 13 3 15 27 12 27 36 41 59 31 34 59 31 33 33 27 13 56 31 49 7 48 15 16 56 29 16 28 27 16 5 28 48 44 3 34 34 7 56 29 15 12 12 28 56 1 59 27 3 14 44 28 16 12 5 56 1 23 7 29 3 29 13 1 0 49 36 27 8 31 44 44 33 0 34 28 15 27 14 14 31 34 44 27 4 33 13 33 34 15 7 31 16 5 49 16 13 41 4 12 49 13 31 3 12 15 8 5 34 56 15 34 15 33 44 44 27 28 56 44 29 7 43 15 5 16 56 16 28 16
split_gain=106.389 86.6016 60.0004 68.5841 61.2825 49.0518 48.1849 47.6964 39.0875 32.8459 32.4889 31.3378 37.3905 29.8964 27.8555 32.6698 55.4194 31.7652 28.8895 25.4717 31.5737 31.5471 27.7246 24.9066 24.5336 24.3826 23.4695 22.8685 22.6049 22.322 21.9991 21.1999 20.3235 20.1352 19.7607 23.4969 23.4497 19.7486 19.6728 19.0489 18.9131 22.0351 18.5791 18.4242 18.9502 20.3663 20.0144 19.9908 18.3652 17.6572 17.4094 19.3298 17.3593 16.4792 18.4594 19.167 18.3978 16.2501 27.1011 17.1766 16.6415 15.8243 15.5967 15.408 33.6684 20.7589 20.3963 16.375 17.0499 15.1826 19.5161 16.8041 14.8791 14.8331 14.8288 21.8372 16.4835 14.6153 17.2731 14.3026 14.1108 13.9812 13.9026 17.3765 17.4344 13.8463 15.9127 13.8232 13.7626 13.7588 13.6099 13.4723 13.4505 13.4004 13.1548 13.1107 13.074 20.476 14.2939 22.496 12.9893 12.8347 12.7838 12.7599 12.7239 22.4526 19.1593 21.6371 15.7349 13.829 21.6209 13.5408 12.6418 12.5513 12.5382 12.3608 13.7635 13.5384 18.5565 12.2512 12.0983 12.0332 11.9914 11.9733 11.8939 11.6418 11.4306 11.2273 17.8377 10.969 10.5378 11.6248 10.4929 10.4722 11.0233 10.4187 10.3847
threshold=0.063820000000000016 0.053465000000000006 -0.058779999999999992 11.148449897766115 0.37875554000000006 0.42525000000000007 -0.63838499999999987 0.14738500000000002 2.9180554255399866 0.99995000000000012 0.026465000000000006 -0.22719999999999999 -0.014104999999999998 1.0000000180025095e-35 1.0000000180025095e-35 0.22935000000000003 0.00076500000000000016 55.500000000000007 0.12364224000000003 0.021365000000000006 1.0000000180025095e-35 -0.082349999999999993 0.018635000000000002 1.2826450000000003 0.48536722792342019 0.027520000000000003 0.52405000000000013 63.278164051494052 1.0797500000000002 -1.0508499999999998 1.0256500000000004 0.7386332722399821 0.017565000000000001 0.99275000000000013 0.028555000000000001 -0.015484999999999999 -1.0089499999999998 -0.98672172427177418 0.088530000000000011 0.32750000000000007 -0.26054999999999995 0.96546190897658446 19.500000000000004 248.50000000000003 71.364557092963139 0.67288303585104092 0.03641500000000001 0.97805000000000009 -0.42982499999999996 -0.078984999999999986 -0.038104999999999993 -2.3618076843605569 -0.045103540129733936 0.0083550950000000016 -0.013604999999999997 1.5976036154574531 0.81315000000000015 -0.32974999999999993 0.027695000000000001 1.04105 -0.13879999999999995 17.738203048706058 1.0133607104100755 0.36232917410947413 68.545000000000016 50.221495105146253 0.028565000000000004 0.75116116433165037 0.071055000000000021 -0.73415999999999981 -0.22209780011940958 0.70021362000000009 0.26610000000000006 0.72655000000000014 1.0000000180025095e-35 0.090319843000000011 0.14885000000000001 -0.069749999999999993 0.36875000000000008 -0.47789999999999994 2.1300758000000006 217.50000000000003 0.0016700000000000003 -1.0048499999999996 0.0099250000000000015 0.58615000000000006 0.99135000000000006 0.12570500000000004 204.50000000000003 -0.42944999999999994 0.0086150000000000011 4.5000000000000009 0.40435000000000004 0.98427500000000012 -0.082349999999999993 72.500000000000014 1.0510500000000003 70.124045491141032 0.14562500000000003 1.0718500000000002 0.6862793266773225 0.31755000000000005 0.91265000000000007 -0.11686499999999998 1.0000000180025095e-35 4.5000000000000009 -0.11052499999999998 0.047750000000000008 0.53428000000000009 0.056430000000000001 1.243959497239971 0.030380000000000001 1.0200500000000001 0.015509367000000001 -15.680495738983153 106.50000000000001 0.25230956048596359 0.9990500000000001 53.500000000000007 1.0622500000000004 0.27425000000000005 -0.5281499999999999 -0.20224999999999996 -0.0092949999999999977 0.022035000000000003 -2.0666192560632362 0.1862 -0.015099999999999997 49.461669582147103 1.0000000180025095e-35 1.0103500000000001 24.387459754943851 1.01495 -0.93973897452155197 1.0605500000000003 0.034785000000000003 1.0718500000000002
decision_type=2 2 2 2 2 2 2 2 2 2 2 2 2 2 2 2 2 2 2 2 2 2 2 2 2 2 2 2 2 2 2 2 2 2 2 2 2 2 2 2 2 2 2 2 2 2 2 2 2 2 2 2 2 2 2 2 2 2 2 2 2 2 2 2 2 2 2 2 2 2 2 2 2 2 2 2 2 2 2 2 2 2 2 2 2 2 2 2 2 2 2 2 2 2 2 2 2 2 2 2 2 2 2 2 2 2 2 2 2 2 2 2 2 2 2 2 2 2 2 2 2 2 2 2 2 2 2 2 2 2 2 2 2 2 2 2 2
left_child=1 2 48 4 5 23 -2 9 14 10 29 30 39 50 15 17 33 26 81 22 21 -21 31 34 -19 -23 -6 112 38 -3 -9 103 -24 -17 35 92 -37 85 73 96 41 -36 -42 44 45 57 47 102 -1 -33 -12 -52 -18 54 56 100 -32 58 121 91 -60 -49 132 64 65 -14 123 87 -69 71 -71 -53 -61 77 75 76 -68 80 127 -50 115 124 83 94 -85 113 114 -67 -22 -88 -46 -59 -4 -81 -39 120 97 98 99 -13 -56 -102 -47 -7 105 106 107 125 -106 -108 -111 -112 -11 -31 -87 117 -117 118 -8 -97 -76 -5 -119 -65 -16 -40 -29 -79 -129 -30 -66 -132 -48 -109 -135 -55 -98
right_child=6 7 3 43 8 19 28 11 -10 27 13 12 63 -15 18 16 52 24 -20 20 88 25 32 -25 -26 -27 -28 126 129 37 53 49 -34 -35 40 36 -38 82 104 -41 42 -43 -44 -45 90 46 62 61 79 -51 51 69 -54 135 55 -57 -58 59 60 72 -62 -63 -64 66 130 67 74 68 -70 70 -72 -73 -74 -75 95 -77 -78 78 -80 93 -82 -83 -84 84 -86 86 89 -89 -90 -91 -92 -93 -94 -95 -96 119 136 -99 -100 -101 101 -103 -104 -105 108 -107 109 133 -110 110 111 -113 -114 -115 -116 116 -118 122 -120 -121 -122 -123 -124 -125 -126 -127 -128 128 -130 -131 131 -133 -134 134 -136 -137 -138
leaf_value=-0.0058074805425664035 0.05597699490696658 0.025712167812968586 -0.0084386323218145643 -0.041088933251166825 0.00062715546914520717 -0.022412899460782575 0.018947337933509521 -0.024157256228948029 0.025013042135554213 0.037959162292251901 -0.020790488429154194 0.018243741029713652 0.037339237467449944 0.037192620624133969 -0.012386912202346164 -0.031531140954575265 0.0098091204719761814 -0.0059006837203438613 -0.035144093045012453 -0.024064073031934623 -0.037641645826387224 0.07500548433091711 0.031878809205237259 0.026632780990990271 -0.033065720967962842 0.0080331137389214411 0.0220811359068897 0.038063794720716075 0.0047140633503729079 -0.0059633483010523829 -0.023779529320429826 0.012875166398963587 -0.029881449306132481 0.019897511766395728 0.040449429006496784 -0.0046257518953323933 -0.019149069107413541 -0.03600769205316192 -0.0015648205409199089 0.048700708652634282 -0.046636104349332214 -0.013156969091766968 -0.0017466922446006099 0.045640898997486939 0.0068918696153313051 0.017513116819592327 0.024909146563199171 0.0079976588247880672 0 -0.031801705619040534 0.04525273159219266 0.0088993373312736476 0.048669459795877203 -0.030014514536572931 0.0036007854728730086 -0.0091587959922469278 0.024419079128882502 -0.0021004920251922166 0.01334815106389169 1.8119997903083436e-05 0.049470799198701544 0.050812625053032148 -0.02064137517494994 -0.030976302047002788 -0.056117199505204898 -0.012149474629102812 -0.0096764213785430382 0.0026157924355029363 -0.031897025341159423 -0.035327119158147069 0.0099825688324243662 0.053508403270865132 -0.031448515666496465 0.044000841825673299 -0.023209202846236347 0.05100866025864869 0.03123789139204022 -0.027797470372243838 0.02809842230908027 0.023320015049828519 -0.0111573974317509 -0.044346068855171845 -0.016609759252483779 0.036995064815117218 0.0089724210570826229 -0.045401558010023983 0.032047267212122553 -0.04263879943232024 0.0046486365976931782 -0.0091371454621420791 0.049142918374574796 0.016948821814236844 0.013882071247496705 0.061180788666910436 0.005626098958467181 0.042237587555704018 -0.035270327736699053 0.046631315245221405 0.02672091750637549 -0.018839151068537785 0.010134397420237589 0.039936560095618925 -0.025721630474004241 -0.041427271456887779 0.018587649700100184 0.047434712665338198 0.059274979820785528 0.043842384563428052 0.067460164738125536 -0.02026964053932807 0.050479168225310261 0.010247932994345298 -0.0037756420537910658 0.037104609230531771 -0.014722716313892083 0.04120472465088082 0.0062002795779271206 0.030600453436190146 -0.025642349869752806 -0.0053809199673165503 0.0033692459914696406 -0.0016127198917025105 -0.00021159201068971084 -0.0060718729325620708 0.0011086793126775896 -0.041906831018982314 0.08054709527942909 0.023917055893487096 -0.0094374366313429766 -0.026667063896331743 -0.014716440700390805 -0.05211631988438175 -0.01443216898617225 -0.0048764947010805889 0.032672470759288988 0.012105973449528218 0.0008811678289716593
leaf_weight=53.52904962003231 46.373029917478561 68.684711709618568 113.1414736956358 17.946275025606155 675.25691479444504 91.005061239004135 31.703373461961746 28.882598802447319 87.272746041417122 23.580950111150742 27.757408887147903 59.320971786975861 18.804183453321457 107.18051433563232 296.83454820513725 42.513020873069763 31.166899919509888 1337.1467318236828 86.373354971408844 24.456886380910873 54.099283918738365 17.734396234154701 22.865914702415466 35.598887026309967 63.840682163834572 23.257983654737473 108.323052957654 30.4729263484478 42.073172301054001 31.403812319040298 33.266121849417686 32.342051640152931 16.908744797110558 20.513612076640129 39.558609202504158 292.25589290261269 678.99528412520885 22.550037443637848 32.135847985744476 21.802207455039024 18.264231383800507 21.452149987220764 225.51193158328533 18.014166831970215 30.830849751830101 44.401444941759109 41.085446193814278 22.960506230592728 42.508375003933907 32.08082027733326 33.572772070765495 32.770763367414474 68.050184562802315 22.521768435835838 31.827685952186584 27.393688693642616 25.586157336831093 1074.0833461135626 136.39416959881783 46.243538111448288 28.452538385987282 53.786223471164703 44.009648472070694 44.042470902204514 28.418908357620239 108.32350434362888 44.056663662195206 208.31518480181694 29.904897466301918 18.491620928049088 275.85770417749882 30.012206852436066 66.050158798694611 20.540865957736969 55.107785582542419 28.606233611702919 30.271446764469147 35.684125855565071 31.303179174661636 144.05293188989162 37.999912783503532 19.096152424812317 39.779566183686256 53.920201480388641 169.23970371484756 36.452880382537842 18.731494039297104 36.867956101894379 18.613168299198151 71.134602904319763 26.182501316070557 72.421588853001595 87.449523210525513 19.766270935535431 35.474895939230919 21.187263414263725 18.082062631845474 28.889278933405876 50.287953898310661 60.314707517623901 34.141557633876801 128.73177972435951 17.325048133730888 240.40188129246235 26.197641372680664 40.652452528476715 19.813026234507561 19.451165229082108 23.197846814990044 19.232421934604645 32.645512923598289 29.816514506936073 29.708423882722855 20.181771263480186 77.045131579041481 60.639694675803185 31.8710086196661 64.913379058241844 36.785892471671104 18.049911245703697 71.616333469748497 68.304338455200195 35.111574023962021 184.55175076425076 198.17733798921108 22.532662406563759 19.880097359418869 38.864308297634125 119.06147170066833 38.895328894257545 55.402994677424431 21.448991775512695 17.495693400502205 41.879034116864204 21.515255987644196 20.218010932207108 72.103688985109329
leaf_count=231 189 302 523 83 3129 464 136 131 387 103 123 269 85 459 1402 200 142 6234 436 120 269 84 111 168 297 114 499 132 184 145 149 153 82 93 173 1404 3298 101 142 96 84 97 1039 80 138 206 187 105 183 161 144 146 294 102 144 122 112 4991 604 208 127 244 202 204 137 503 198 962 137 83 1203 130 307 87 255 125 137 165 135 605 166 93 183 236 741 168 83 172 91 321 118 330 396 82 158 96 82 127 222 274 149 550 80 1264 110 172 83 83 95 85 138 130 133 89 350 259 139 281 163 81 329 314 153 869 906 104 84 167 528 173 257 100 80 181 92 90 320
internal_value=6.95885e-05 -0.00124149 -0.00376602 -0.00452149 -0.0070591 -0.0127024 0.0133708 0.0049393 -0.00317739 0.0111699 0.0091179 0.000177419 -0.00285171 0.0170104 -0.00401466 -0.00190814 0.0165972 -0.00328588 -0.0122351 -0.0233552 -0.00728537 0.0141865 -0.0284351 -0.00865565 -0.00714384 0.0371882 0.00360244 0.0342678 0.0112931 0.00267042 0.011503 -0.0318574 0.0054375 -0.0146749 -0.00951141 -0.0120342 -0.0147865 -6.47501e-05 0.0133002 0.0101005 0.000163995 0.0214794 -0.00514035 0.00259059 0.00215754 0.00136312 0.0129058 0.0235139 0.0164011 -0.00925782 0.0118234 0.0141594 0.036537 0.0147079 0.0184803 0.0241259 -0.00269924 -0.000474833 0.00945144 -0.00246075 0.0196279 0.0381002 -0.00134048 -0.0068647 -0.012109 -0.00645159 -0.00150012 -0.00861863 -0.00168573 0.0112157 0.00711092 0.030342 -0.0184244 0.00828945 0.00646557 0.0192209 0.00688712 0.00687523 -0.00132968 0.0221987 0.0130713 -0.00837179 0.00697943 0.010343 0.0157765 -0.00896194 -0.0139967 -0.0199426 -0.0267142 -0.000470257 0.0264251 -0.000890735 0.00125538 0.0279336 -0.0104264 -0.0014011 0.00716279 0.0133003 0.00758992 -0.000389827 0.028847 0.0337349 0.00525819 -0.0362283 0.0215686 0.0179882 0.0129489 0.0024882 0.0416902 0.0270472 0.0191402 0.0313933 0.0145535 0.0107427 -0.0246414 0.0166269 0.0292254 0.00966665 -0.00489388 0.0201436 -0.00813038 -0.00991259 0.0197106 -0.0109026 -0.00696902 -0.0183282 0.0549844 -0.00612596 -0.00118223 -0.0102693 -0.0336542 -0.0252511 0.0130332 0.016314 0.0077505 -0.00991629 -0.00628516
internal_weight=11149.5 10148.6 7206.4 6946.55 5120.56 2085.99 1000.89 2942.23 3034.57 1273.88 1170.24 1668.35 1315.78 525.643 2947.29 2346.81 162.244 2184.57 600.481 573.766 138.162 65.4493 435.604 1512.23 1400.99 40.9924 783.58 103.642 954.517 644.599 352.569 395.83 39.7747 63.0266 1476.63 1171.84 971.251 575.914 873.548 310.801 304.787 61.0108 243.776 1825.99 1807.97 1750.96 241.064 138.473 259.857 64.4229 418.462 390.705 99.2171 323.687 280.947 222.095 58.8523 1509.9 251.097 1258.8 164.847 76.7467 102.591 1004.98 507.487 402.216 497.49 383.412 238.22 357.132 294.349 62.783 112.294 544.479 268.896 102.934 74.3281 523.938 224.913 206.328 299.025 514.108 320.964 281.185 223.16 254.95 203.364 145.191 72.7125 89.8661 57.0134 1146.5 200.591 163.819 58.0249 165.961 288.999 198.813 169.924 119.636 194.701 162.873 61.7265 331.407 329.069 279.674 239.021 137.514 49.3955 101.507 81.6944 62.462 53.2894 51.5856 113.498 261.025 92.5107 168.514 68.4893 39.2372 126.724 86.2506 100.025 228.594 495.012 54.6685 50.353 193.61 157.926 80.9685 105.271 76.852 58.5811 82.8455 63.3943 42.7398 90.1858
internal_count=51255 46915 33712 32611 24207 10095 4340 13203 14112 5617 5165 7586 6037 2288 13725 10888 729 10159 2837 2913 678 318 2235 7182 6531 198 3628 452 4151 2877 1549 2042 193 293 7014 5621 4702 2575 3794 1390 1393 270 1123 8404 8324 8068 1104 635 1101 314 1829 1706 436 1418 1226 965 261 6964 1128 5836 731 349 469 4647 2353 1859 2294 1774 1099 1562 1286 276 515 2379 1221 460 335 2292 995 870 1297 2401 1419 1236 977 1156 922 675 360 404 256 5321 919 687 259 761 1294 892 765 543 843 699 286 1728 1415 1210 1038 602 205 436 353 268 236 234 518 1131 398 733 299 177 584 397 434 1073 2308 246 216 860 695 357 494 357 267 356 273 192 402
is_linear=0
shrinkage=0.0427603


Tree=16
num_leaves=138
num_cat=0
split_feature=37 26 58 29 49 30 21 21 21 29 35 43 9 26 21 29 12 37 8 35 37 37 16 36 14 37 16 35 21 14 44 41 23 23 1 22 44 35 8 44 29 2 21 34 12 16 12 9 49 21 23 8 23 34 33 1 12 30 34 35 35 12 35 12 34 37 16 50 34 29 21 34 22 30 39 36 56 56 37 8 8 9 21 49 30 2 35 33 29 0 16 37 8 44 0 49 23 22 30 14 12 25 16 8 34 22 37 33 44 14 30 33 23 44 34 34 21 23 16 37 23 23 23 33 49 9 49 56 25 29 58 22 21 37 8 22 12
split_gain=96.7478 105.093 73.4844 75.1405 69.7775 58.2682 49.9598 41.8325 41.2397 42.5429 39.3416 35.3664 29.3964 55.6744 48.679 48.0536 40.9094 41.5823 35.3158 29.4822 28.2199 28.2141 35.9415 33.258 32.2372 27.0569 26.2941 44.2271 32.2924 46.0986 26.0102 25.9346 25.8739 25.6508 25.2808 25.1048 24.8392 24.1344 26.1978 27.2416 25.4912 25.1501 22.7932 24.3471 22.6571 25.6663 22.4373 25.069 22.1882 22.034 21.9228 20.5649 26.8271 20.5473 20.9527 20.5297 20.2458 20.2367 21.4905 20.2106 33.0893 32.5 36.0956 31.5502 29.9118 30.1937 33.2514 35.398 37.2988 29.7676 28.5844 27.1606 25.8192 25.6047 23.6167 23.3783 23.0053 22.4741 22.2456 28.2901 19.9376 19.92 19.7807 19.3911 19.1565 24.0773 20.1202 19.3167 18.9808 18.8779 18.8159 18.7721 19.6456 18.6693 18.5239 21.4267 18.4614 18.4438 18.4112 25.0433 18.2897 18.2531 18.1259 17.1623 17.1573 17.0661 23.7432 16.9688 22.7781 21.4513 16.699 23.4402 20.6578 16.6453 16.4794 18.3293 16.3834 16.3534 16.1013 15.87 20.7047 15.782 15.443 15.3216 15.2676 15.222 19.7826 17.2849 15.1134 22.5918 22.4355 14.783 22.7038 19.0578 14.6126 14.3637 32.358
threshold=-0.53374999999999984 0.94605000000000017 0.163284821195779 0.012935000000000002 0.43255000000000005 -0.049564999999999991 20.775000000000002 21.475000000000005 23.190000000000001 0.014415000000000002 9.5000000000000018 7.5000000000000009 1.5000000000000002 -0.77309999999999979 17.845000000000002 0.046965000000000007 -0.064794999999999991 0.39015000000000005 -0.13065302499999995 24.500000000000004 0.74575000000000014 0.14005000000000004 1.0256500000000004 0.99995000000000012 0.76985000000000015 -0.28749999999999992 0.93115000000000014 24.500000000000004 28.910000000000004 0.7994500000000001 -0.012249999999999999 1.0000000180025095e-35 66.075000000000003 42.185000000000009 -0.12206695060241508 9.1077000000000012 -0.17984999999999998 31.500000000000004 -0.028554499499999997 0.37495000000000006 0.038575000000000005 0.50301215750317552 15.150000000000002 98.500000000000014 0.26715500000000009 -0.96354999999999991 -0.21947499999999995 1.5000000000000002 0.25415000000000004 22.845000000000002 91.77000000000001 -0.036889523499999993 55.405000000000008 40.500000000000007 -1.0051999999999999 0.28958251389627071 -0.044399999999999995 0.080575000000000022 91.500000000000014 14.500000000000002 7.5000000000000009 0.11153 1.0000000180025095e-35 -0.29011499999999996 213.50000000000003 0.43645000000000006 -0.99474999999999991 1.0000000180025095e-35 113.50000000000001 0.028565000000000004 14.230000000000002 131.50000000000003 9.7370500000000018 0.13454000000000002 0.013750000000000002 0.22910000000000003 -0.067446703050617549 -0.17913233260196829 0.33625000000000005 0.046658992500000003 -0.036889523499999993 1.5000000000000002 14.350000000000003 0.13895000000000005 -0.032374999999999994 0.75108092560633899 9.5000000000000018 -0.19894999999999999 0.020915000000000007 0.0084370077500000012 0.96355000000000013 -0.26764999999999994 0.013195604000000001 -0.11704999999999999 0.16952253000000003 0.32550000000000007 -47.624999999999993 1.3353500000000003 -0.060889999999999993 1.58525 -0.13672499999999996 2.1973000000000007 1.0183500000000001 0.036076427500000001 176.50000000000003 2.4787000000000003 0.63755000000000006 -0.19894999999999999 0.076450000000000004 0.56855000000000011 0.028835000000000003 -0.011449999999999998 74.220000000000013 -0.27034999999999992 9.5000000000000018 2.5000000000000004 27.815000000000001 -31.184999999999999 1.0621500000000001 -0.054649999999999997 37.355000000000011 -65.74499999999999 61.135000000000012 1.0810500000000001 0.23475000000000004 1.0000000180025095e-35 0.21860000000000004 -2.4871462797484454 0.52815000000000012 0.052785000000000006 0.2439685663123011 4.422600000000001 13.675000000000002 0.77340000000000009 -0.018839150499999995 3.7548500000000007 0.079825000000000021
decision_type=2 2 2 2 2 2 2 2 2 2 2 2 2 2 2 2 2 2 2 2 2 2 2 2 2 2 2 2 2 2 2 2 2 2 2 2 2 2 2 2 2 2 2 2 2 2 2 2 2 2 2 2 2 2 2 2 2 2 2 2 2 2 2 2 2 2 2 2 2 2 2 2 2 2 2 2 2 2 2 2 2 2 2 2 2 2 2 2 2 2 2 2 2 2 2 2 2 2 2 2 2 2 2 2 2 2 2 2 2 2 2 2 2 2 2 2 2 2 2 2 2 2 2 2 2 2 2 2 2 2 2 2 2 2 2 2 2
left_child=1 6 8 5 33 89 98 -8 12 35 46 21 15 18 37 16 17 84 -14 -20 32 22 23 57 30 55 27 36 94 -30 -25 51 117 -3 -12 53 -23 38 40 -40 41 -15 43 -17 45 -22 -11 -48 -41 107 -26 -16 134 54 -10 -24 122 121 -59 60 61 62 88 80 65 66 -61 68 69 -68 -63 74 110 76 -65 -74 123 -73 79 -79 -62 -38 -69 -56 -2 86 -86 -87 -5 -4 -82 -72 -93 -55 -28 -96 -21 -36 -1 102 -80 -39 -100 -101 116 -99 -107 109 113 -44 111 -64 -112 -109 115 -91 -78 -18 -95 120 -116 -7 -27 -67 -49 126 127 -19 129 -92 -130 132 -76 -133 -53 136 -9
right_child=2 4 3 59 -6 11 7 135 9 10 34 -13 13 14 31 42 20 125 19 96 44 26 25 24 50 56 28 -29 29 -31 -32 -33 -34 -35 97 -37 81 101 39 48 -42 -43 49 -45 -46 -47 47 124 -50 -51 -52 52 -54 93 83 -57 -58 58 -60 64 63 70 72 71 -66 73 67 82 -70 -71 91 77 75 -75 131 -77 104 78 100 -81 90 -83 -84 -85 85 87 -88 -89 -90 114 128 92 -94 118 95 -97 -98 105 99 103 -102 -103 -104 -105 -106 106 -108 108 -110 -111 112 -113 -114 -115 119 -117 -118 -119 -120 -121 -122 -123 -124 -125 -126 -127 -128 -129 130 -131 -132 133 -134 -135 -136 -137 -138
leaf_value=0.010414884513458799 -0.017129243899139085 0.016692989052525902 0.045689365343960342 0.057873767000631481 0.0064062792523474042 -0.051163099921909004 0.035424471763205768 -0.0015395290548592274 0.055576482766316465 -0.014754499964849727 -0.028317630474756283 -0.05338706030371182 0.037211078009652974 0.050501634550239212 0.0012801345108341587 -0.021021375426662499 -0.0050312252911611068 0.00072500820542926916 -0.030688376043339089 0.039098135583375423 0.013544792701756134 -0.022597251475268042 0.0044857105312314568 0.033920792877684708 -0.04636898281221815 -0.010944878886125442 -0.024945478870965702 0.030859772536032837 -0.023344669807452333 0.064999946567693118 -0.028688301394871267 -0.01555835474170564 0.035270729220577508 0.072235078647289203 0.036561147364847647 0.044447892446849664 -0.010466250821860432 0.011621193855647766 -0.0068247063204557815 0.0070941257699089809 0.054627263994397442 -0.0020544445229308123 -0.022675979827326841 0.020048833941923663 -0.010753876224998741 0.066343170351059536 0.046816256721798954 0 0.060964768911448378 -0.019723195033138682 -0.0020571813331938527 0.074150125682944101 0.005116170237538329 -0.00052104158831655755 0.0017335930734026863 0.065217298341701951 -0.038203816508015444 0.041348541612686321 -0.02101071856995787 -0.024157328851750592 0.065076692956024987 -0.020863230354264111 0.0085977213515314749 0.032541565098847113 -0.031592251146889454 -0.044916586380373796 -0.024546484223377362 -0.014217622730078271 -0.036601312229077386 0.02283696158432973 0.0022031544289031198 0.062719695209267762 0.00078358347437101862 0.02421006530199064 -0.03552728699294818 0.056359017583251833 -0.0066969711675841049 0.0081653430738671644 -0.011992061051413108 0.077959557395579027 -0.01046905031915556 0.011167203486707333 0.021981017192362538 0.03110439160604896 -0.0020652101919637128 -0.045516392130428428 0.053295739748627891 0.011816331434020088 0.0083151054374401481 0.0025358827437316446 0.059095741443460886 0.07066008828651317 0.023038739253780183 0.016965635995993423 -0.027708898999068244 -0.0058646890963733218 -0.020070589681200339 -0.026083937687409769 -0.018432637131926961 -0.0056408262266340664 0.03090569234061535 0.050632438292760373 0.0094734154270538322 0.037730594886916019 0.028104326269704522 0.018500677088268223 -0.015415719644454241 0.052555969425344927 0.076313476467060853 0.023011978427658432 -0.026304917928348499 -0.01596186575233256 0.0095302868685495177 0.0092854707107285564 -0.021630896146167009 0.034938119349705372 -0.036511841594189326 -0.028152385709022794 -0.020251761629975655 0.001283047255231955 0.028215310297558364 -0.015388098860797148 0.030950650279327831 -0.000651482700812278 0.037431761513188701 -0.044314823879004483 0.0070903640355640691 -0.037346431079351143 0.042589767034083535 0.016778170056554929 -0.012953336912438908 0.030434964291146997 -0.003333501273057701 -0.0069508488842784395 0.037387637175603984 -0.0036538093111447164 0.023996914697632939
leaf_weight=123.18424062430859 96.760066613554955 18.705950185656548 17.336804777383804 20.984686553478241 63.874907061457634 23.613066032528877 134.27519448101521 160.55684438347816 33.994097828865051 37.810829624533653 95.244814485311508 37.581248745322227 20.361228734254837 20.546921864151955 41.250803977251053 72.391466900706291 251.90328927338123 26.837174713611603 147.79979965090752 20.476052135229111 53.799150437116623 107.84776125848293 22.570469036698341 20.815237060189247 172.18153122067451 45.287136048078537 210.03867410123348 74.431820318102837 20.077229678630829 23.158926501870155 29.030601561069489 26.582669585943222 24.543739199638367 90.603011414408684 20.539901286363602 49.478183016180992 144.22141234576702 99.84832638502121 541.96484479308128 56.568351194262505 26.927773803472519 86.562476515769958 26.37824934720993 41.402948543429375 35.383345678448677 24.843504518270493 50.033566489815712 76.723932757973671 18.753820136189461 25.038244634866714 23.559845313429832 24.208266645669937 43.680416747927666 229.53460022807121 72.255932033061981 18.96956193447113 29.781618759036064 23.23518942296505 17.710788890719414 59.900304511189461 20.65839809179306 28.106898233294487 122.08878897130489 34.800138354301453 65.015586346387863 53.114384189248085 35.71686452627182 30.461334124207497 51.280440419912338 74.977912709116936 35.851507946848869 20.114780262112617 59.450740173459053 41.670653685927391 51.109886229038239 18.151597186923027 449.83202712237835 24.623766511678696 58.961319476366043 19.036583438515663 29.618078976869583 168.86719043552876 272.10356119275093 97.057777300477028 19.991181269288063 18.944392383098602 29.129197373986244 24.512565121054649 44.65844988822937 95.827663153409958 44.9765834659338 25.358801499009132 44.125399261713028 368.21681270003319 101.27950233221054 442.39430031180382 18.052354469895363 55.938989609479904 256.08058701455593 34.391730338335037 26.24890923500061 28.427088499069214 50.663195043802261 31.947754919528961 23.880641341209412 75.599632084369659 75.280210807919502 25.277195155620575 20.068963140249252 64.493166163563728 199.53100827336311 169.19762207567692 34.165370240807533 47.09255276620388 121.08081537485123 48.291837349534035 36.601997762918472 72.365108639001846 22.377749726176262 432.30374637246132 17.309714511036873 614.98494526743889 24.871312096714973 20.031655550003052 27.098429769277573 91.523332372307777 32.892198920249939 108.12865464389324 21.886666774749756 48.665771380066872 33.604930907487869 43.962182149291039 188.30160577595234 57.068377181887627 123.68765479326248 130.40545870363712 207.076800391078
leaf_count=548 457 80 77 95 282 120 552 708 143 167 442 206 87 92 177 332 1180 129 686 90 242 511 104 103 947 208 1028 332 87 98 151 120 109 373 90 212 690 431 2504 254 116 394 118 184 164 109 214 339 83 108 125 103 191 1007 314 80 148 106 81 281 86 141 566 158 306 254 169 148 237 335 160 92 269 186 248 81 2087 113 267 81 134 803 1232 428 94 90 133 114 200 436 191 113 196 1653 491 2123 83 248 1211 157 118 120 226 140 108 335 338 109 87 284 928 797 154 207 581 220 171 341 99 1979 78 2997 115 93 118 440 153 526 94 207 148 202 865 264 530 570 890
internal_value=6.40281e-05 0.0110194 -0.00138526 -0.0044245 0.042042 -0.00895262 0.00625234 0.0142252 0.00310943 0.00905489 -0.000687483 -0.0121784 -8.51371e-05 0.00428272 0.00799209 -0.00485553 -0.00987633 -0.0190772 -0.0161227 -0.0219906 -0.000940148 -0.0115187 -0.0166716 -0.0197424 -0.0332531 0.00335565 -0.00726009 0.000461883 -0.0120692 0.023805 -0.00239462 0.0242742 -0.00699217 0.062798 -0.00981735 0.014803 -0.00489564 0.00318176 0.000245102 -0.00346563 0.0173895 0.00795847 0.00932868 -0.00601331 0.0175084 0.0303184 0.0146408 0.021913 0.0206055 0.0177436 -0.0410734 0.0288539 0.0347525 0.0130127 0.0248308 0.0323979 -0.00864172 -0.0148487 0.0141949 0.000743406 0.00402279 -0.00195309 -0.0058088 0.0106533 -0.00336883 -0.00176616 0.00579164 0.00966938 -0.00642938 0.00748126 0.0172993 0.00512879 -0.00909788 -0.00811846 -0.000985303 0.0138786 -0.0104401 0.0205777 0.0139424 0.0387667 0.0251394 0.0011783 0.0183122 0.0186139 -0.00379682 0.010058 0.0306142 -0.0130068 0.024271 0.00159608 0.0204823 0.0275526 0.0405254 0.00912622 -0.0141369 -0.00994762 0.0111827 -0.00203463 -0.00389126 -0.00863469 0.00113573 0.0203243 -0.0137994 0.0151345 -0.00720687 -0.00590357 0.00152931 0.0229016 0.0358305 0.00966811 -0.0125083 -0.00564263 -0.0210343 0.0245014 0.000516273 0.0134447 -0.00895566 -0.0102139 0.0148144 -0.00273563 -0.0153426 -0.0167226 0.00380173 -0.0328955 0.00984023 -0.0302026 -0.0224639 -0.0297213 0.0266789 0.0371826 0.00882037 -0.00443422 -0.0102372 0.00924389 0.0434553 0.0084948 0.0128242
internal_weight=11136.9 1301.77 9835.14 5868.56 173.184 3128.66 1128.58 632.314 3966.58 1387.19 514.27 2396.51 2579.4 1345.7 1139.01 1233.7 911.557 448.719 206.689 186.328 462.838 2358.93 1066.61 925.131 245.587 141.48 1292.32 495.368 796.949 43.2362 49.8458 259.41 348.812 109.309 322.604 872.915 420.936 879.6 751.324 617.287 134.037 107.109 322.143 113.794 114.026 78.6427 191.667 153.856 75.3222 208.348 195.741 232.827 191.576 823.437 203.308 41.54 99.9401 679.544 40.946 2739.9 1525.31 801.671 668.228 723.638 1214.59 1149.57 524.44 464.54 161.975 110.695 133.443 524.228 602.585 625.131 375.242 77.6023 583.461 148.985 128.871 43.6603 199.41 313.089 302.565 169.314 189.337 92.5773 49.1204 43.457 65.6431 732.151 178.752 105.336 69.4842 620.129 753.712 543.674 38.5284 227.359 496.268 373.083 85.2102 128.275 306.744 66.3395 510.315 206.819 150.88 183.31 92.4387 90.8714 524.983 291.286 233.696 72.3697 714.814 144.12 486.434 324.268 390.595 570.694 138.391 638.598 70.1584 73.146 103.822 259.381 167.858 134.966 149.134 93.6424 55.4916 340.442 239.411 101.031 147.896 498.039 367.634
internal_count=51255 5737 45518 27600 735 15025 5002 2720 17918 6147 2291 11654 11771 6061 5115 5710 4281 2136 946 859 2145 11448 5285 4630 1326 655 6163 2336 3827 185 254 1121 1630 453 1453 3856 2004 3994 3443 2841 602 486 1429 516 515 351 838 671 337 913 1072 1001 824 3644 885 184 471 3304 187 12575 6968 3700 3090 3268 5607 5301 2402 2121 741 504 610 2408 2795 2899 1737 350 2713 671 579 194 860 1493 1380 742 888 431 227 204 295 3371 774 469 309 2759 3642 2614 173 1011 2282 1734 385 551 1437 297 2366 921 673 805 403 402 2445 1363 1082 316 3294 656 2258 1521 1752 2638 659 3117 323 347 457 1248 808 655 640 398 242 1579 1113 466 633 2168 1598
is_linear=0
shrinkage=0.0427603


Tree=17
num_leaves=138
num_cat=0
split_feature=28 37 23 5 0 13 43 28 28 21 37 12 29 30 1 21 39 8 5 21 37 21 56 7 48 13 21 7 49 37 36 29 2 21 12 21 16 16 28 37 3 30 21 35 35 58 21 30 7 37 28 35 9 7 35 8 3 7 13 3 45 22 22 1 21 5 49 13 23 39 6 13 22 28 37 3 62 28 13 37 3 3 3 3 1 28 12 37 62 7 8 6 56 35 1 35 12 12 29 28 30 30 9 0 28 28 12 9 30 7 30 5 6 16 13 2 21 8 8 62 16 30 39 35 21 12 28 9 35 22 35 8 13 49 35 13 56
split_gain=93.8851 92.8251 99.663 47.0498 52.9349 42.2424 38.6796 36.884 43.2802 34.6946 32.9131 30.4157 26.5219 28.8065 29.0239 26.102 25.8653 26.5642 25.6323 25.1203 71.4563 34.5344 24.4488 24.0988 23.1985 23.198 23.7598 32.0575 29.717 27.5367 34.0413 26.76 22.6297 26.1083 25.3183 22.1629 46.9636 33.9422 28.3182 37.0514 28.566 25.758 21.919 20.7374 20.5859 23.4749 22.3842 32.2499 26.8667 22.3608 20.5717 20.3388 37.1764 21.3346 21.1039 20.2846 20.0533 25.4217 19.8958 19.7356 20.5525 32.8153 21.8675 19.6534 23.8671 19.4845 19.4813 18.5738 18.3412 31.9631 18.1691 17.9158 17.0984 18.195 17.0142 24.3673 20.0068 16.8414 16.6374 19.9372 16.5674 16.3677 16.2832 20.1067 16.1049 15.7136 15.4498 18.158 15.328 21.5321 15.0548 14.9401 14.7899 15.1774 14.7878 14.3301 24.5883 22.8331 16.2906 14.1631 13.9351 13.4272 13.3844 19.5293 18.0378 13.3079 16.9388 13.2243 13.0935 21.4868 13.8553 13.08 13.2863 13.0531 12.9584 12.4628 12.4105 16.5276 12.2846 12.1188 11.5645 11.1961 11.0313 10.9436 10.9084 10.6506 10.4979 10.4468 10.2383 10.1344 10.0002 11.3206 9.939 9.72054 9.68082 9.41245 9.66839
threshold=0.063820000000000016 -0.53374999999999984 71.875000000000014 19.191747665405277 0.64769198500000014 -0.63838499999999987 7.5000000000000009 -0.047489999999999997 0.025805000000000005 20.775000000000002 0.58835000000000015 -0.06245499999999999 0.012935000000000002 -0.10452999999999998 1.2556899833446205 14.580000000000002 0.092450000000000018 0.013195604000000001 9.0122694969177264 25.610000000000003 1.3623000000000003 22.755000000000003 0.42308338211370239 46.644781589870369 1.1766000000000003 -2.3900899999999994 20.775000000000002 13.753323881737645 0.46220000000000006 -0.23654999999999995 0.37260000000000004 -0.081659999999999996 0.87732955203148533 20.460000000000004 -0.27464999999999995 20.460000000000004 -0.92134999999999989 0.99825000000000008 0.021750000000000002 0.34935000000000005 0.89589369979668498 -0.036154999999999993 14.885000000000002 24.500000000000004 22.500000000000004 0.12821121876869129 15.695000000000002 0.042130000000000008 42.55327861416044 0.89205000000000012 0.012285000000000003 30.500000000000004 4.5000000000000009 52.085033885715141 17.500000000000004 -0.016786187999999997 0.49603817890798929 66.389576750864151 -0.99544999999999983 2.0044849212748486 0.27355000000000007 4.9276000000000009 3.6748000000000003 -0.21673722332331682 27.110000000000003 4.9291098117828378 0.11515000000000002 0.18404000000000001 54.255000000000003 0.2109 -0.0073917276756089488 0.98427500000000012 2.1069500000000008 0.025215000000000005 0.47615000000000007 1.5103901321524906 1.8511678364094477 0.044885000000000008 0.13129500000000002 0.092050000000000007 1.0037869251222433 1.8636478169585453 0.67943446206785729 0.49177976447414812 -0.11630327599403459 0.017055000000000004 0.29914000000000002 -0.75964999999999983 0.35610403766017545 54.352571143615002 0.05830240250000001 0.0091549545173501019 -0.027227814681712165 8.5000000000000018 0.032161687653422658 31.500000000000004 -0.23442999999999997 -0.11675999999999999 0.055415000000000006 0.022865000000000003 -0.10193499999999998 0.048385000000000004 1.5000000000000002 2.2042028000000005 0.085335000000000008 0.085335000000000008 -0.26822499999999994 1.5000000000000002 0.033775000000000006 31.409982968860998 -0.052764999999999992 28.975302696228031 0.018801837000333804 1.0112500000000002 -1.0000000180025095e-35 0.60086474048507121 27.815000000000001 0.025405943500000003 0.028826356000000001 0.64743202292711566 0.96875000000000011 -0.050564999999999992 0.041350000000000005 8.5000000000000018 20.600000000000005 0.091385000000000008 0.049325000000000008 4.5000000000000009 5.5000000000000009 7.0890000000000013 9.5000000000000018 -0.0047177970499999991 0.43207500000000004 0.72400000000000009 8.5000000000000018 0.37472500000000003 -0.040311403143767528
decision_type=2 2 2 2 2 2 2 2 2 2 2 2 2 2 2 2 2 2 2 2 2 2 2 2 2 2 2 2 2 2 2 2 2 2 2 2 2 2 2 2 2 2 2 2 2 2 2 2 2 2 2 2 2 2 2 2 2 2 2 2 2 2 2 2 2 2 2 2 2 2 2 2 2 2 2 2 2 2 2 2 2 2 2 2 2 2 2 2 2 2 2 2 2 2 2 2 2 2 2 2 2 2 2 2 2 2 2 2 2 2 2 2 2 2 2 2 2 2 2 2 2 2 2 2 2 2 2 2 2 2 2 2 2 2 2 2 2
left_child=1 2 9 4 6 -2 7 88 12 11 32 50 13 84 -15 -7 17 -12 58 21 63 24 44 129 51 125 35 -28 29 30 -29 -31 33 -10 -34 37 124 41 40 -40 -39 65 107 -43 45 46 47 48 -5 78 71 52 102 -53 -54 -46 57 -14 -13 60 61 62 120 -21 132 -27 -50 -18 86 -70 92 100 73 -62 -25 -76 -77 91 82 -80 119 95 83 -47 -9 -58 87 90 89 130 135 -72 93 -48 105 97 -97 -57 -99 -81 -1 -61 104 -104 -17 106 -66 -24 109 -89 -111 133 -113 -51 123 -92 117 -22 -38 -20 -44 -84 -60 -88 -37 -6 -115 134 -49 -23 -3 -132 -65 -74 -90 -11 -137
right_child=5 3 -4 22 25 15 -8 8 10 68 16 18 56 14 -16 19 67 -19 80 20 116 23 42 74 -26 26 27 28 -30 31 -32 -33 34 -35 -36 36 118 38 39 -41 -42 43 59 -45 55 49 70 128 66 113 -52 53 54 -55 -56 81 85 -59 122 101 72 -63 -64 64 94 -67 -68 -69 69 -71 77 -73 111 -75 75 76 -78 -79 79 99 -82 -83 121 -85 -86 -87 114 108 127 -91 115 -93 -94 -95 -96 96 -98 98 -100 -101 -102 -103 103 -105 -106 -107 -108 -109 -110 110 -112 112 -114 126 -116 -117 -118 -119 -120 -121 -122 -123 -124 -125 -126 -127 -128 -129 -130 -131 131 -133 -134 -135 -136 136 -138
leaf_value=0.024112329956146868 0.052470382788397038 0.023686975823284964 0.065933053537647945 -0.027819759269339096 0.050001327033559244 0.04093775324592764 -0.046631555231517713 -0.0037243219549983803 0.025515872415547761 0.014990298213504102 0.015445342159517959 0.012436794545254294 0.0027233435090203663 -0.014622291951365423 0.03940576470307864 -0.0056329018055048816 -0.027592167405016528 -0.010272502731461481 0.004044894167650419 0.065926948057002319 0.022626937373751325 -0.041669919297296729 -0.026836729703308925 0.034506033033363352 -0.022101911949654728 -0.0026902954969048754 0.047123264322793207 0.0084227136129651388 0.041399854550917291 0.033271257610376415 0.058150912307119912 -0.0020832239513150536 -0.051028101809880426 0.0027138531219404426 0.00015440402434016472 -0.0010086353013503042 -0.042670239449956744 0.0026745075308494803 0.034855545309999764 0.003165614621744116 -0.050532414821572669 -0.017417185190385445 0.022196879732005331 0.0022842963144457259 0.024764419287593722 -0.01030355127293801 0.072109312496369524 -0.0058502307163713161 0.00098900189868300192 0.0010279069042871706 0.043565016600009401 0.014241531973635197 0.0084035374335511143 0.070010831015454675 -0.033415803642553817 -0.042237675638746495 -0.0025011638527679962 0.055504352614674742 0 0.008087266741406033 0.029423919775500865 0.045276163709392525 -0.041104022417078494 0.026406636514269364 -0.013982653151930197 0.022263487319580496 0.041062624778126278 -0.0071857852981574684 -0.00030699580788865394 0.070968162285405867 0.0060950571795417349 0.040709744978314255 0.075332111030359569 -0.027958723488873422 -0.030263364757673154 0.043915970807062665 -0.016972226646385414 -0.012330562981736449 0.036791932485328485 -0.01054401045944673 0.021279902586850925 0.016868030349128888 0.0091584858929418568 0.022451513741390466 0.029634329973988748 -0.016481667515775251 0.055474655301701724 -0.04771857317853713 0.014872268612638465 0.037606290888641862 -0.032751893815005276 0.032281365251301875 0.0026208159189206846 0.027158250788676543 -0.0084440310208663445 0.038798256797984404 -0.030192689207881707 0.00060361310408648999 -0.039891895463184578 0.011178086042429572 -0.0079886476396985612 -0.035012339299949756 0.035917581004971687 -0.0033547876985093655 0.027742315491180464 0.05378697837249883 0.034600916007481497 0.0077054186962635515 0.017353006357422707 0.019204885434542723 -0.012952286390273657 0.016814528540896972 0.048213624581347883 -0.047694148037384788 0.00047248807950338171 0.0092686778343064619 -0.034233099737957268 -0.028349327501098944 -0.006834856500693859 -0.02950964294784357 -0.0052607217974979786 -0.028063766561680418 -0.031336302545766352 0.017124745321322073 0.044946149937997691 0.0063546975149806409 -0.0077851469142057646 0.021985369142074412 -0.03912046324735783 -0.0039086138392814933 0.0091359992453603853 -0.034089835088473727 0.057610753191055242 0.033919912148653267 -0.018174649830701724 0.053605790040661169 0.016663224851703282
leaf_weight=32.91464938223362 46.310848951339722 27.194013297557831 55.450523629784584 23.781852856278419 24.75525875389576 49.32435454428196 44.914052546024323 76.838682115077972 166.68900503218174 236.52554766833782 141.42642407119274 28.875954389572144 200.38662138581276 2003.245730638504 18.273281335830688 74.031939744949341 134.58691129088402 152.55019842088223 54.647811979055405 27.470640003681183 25.578463897109032 50.676428139209747 39.194022879004478 21.641326993703842 36.619997039437294 284.57284978032112 31.378842920064926 119.06716066598892 36.270393699407578 40.860832452774048 32.099827215075493 928.15420983731747 20.256057873368263 206.23590126633644 136.26938644051552 19.073334038257599 80.216558024287224 67.564302891492844 110.24902166426182 175.32830575108528 25.263910159468651 396.93414844572544 47.239132255315781 128.73280131816864 26.517184779047966 95.305358603596687 24.37013041973114 31.094908133149147 40.636131286621094 26.990672320127487 32.527457669377327 29.538619086146355 40.372602447867393 22.354979202151299 48.069837793707848 72.502274855971336 384.91564854979515 18.245439231395721 24.687589779496193 34.041741564869881 22.279541954398155 34.376005873084068 21.444867819547653 32.956411212682724 23.109927967190742 71.524039328098297 49.885182559490204 210.47976180911064 20.152386695146561 26.183707714080811 93.990267261862755 23.23466831445694 21.591871127486229 18.436130732297897 43.354581162333488 21.593612685799599 17.95136447250843 44.130609601736069 37.745500490069389 85.886388629674911 60.974919199943542 26.403224632143974 17.853815525770187 53.453585758805275 40.123983979225159 239.38612276315689 34.234293818473816 21.96816411614418 21.615260243415833 62.071350693702698 19.800585314631462 70.276893422007561 19.301635667681694 33.3064304292202 35.835052564740181 19.257828906178474 18.47839030623436 68.086972519755363 24.602418273687363 151.24466758966446 99.383186504244804 21.423771426081657 104.43030485510826 29.316046476364136 49.060736656188965 21.03125174343586 29.913181632757187 41.483469054102898 46.026469811797142 38.521775081753731 67.167097896337509 78.648022070527077 36.744304373860359 38.108524963259697 21.18399079144001 36.687540858983994 34.872090563178062 21.315144494175911 23.027594804763794 30.502797558903694 68.330605775117874 78.611123889684677 124.90831398963928 23.706219613552094 18.131063252687454 18.138718232512474 18.326365292072296 24.668410152196884 38.680888593196869 18.079571112990379 25.834288522601128 19.172046899795532 46.840675041079521 21.75265184044838 62.744254261255264 26.324994444847107 27.015510395169258
leaf_count=139 189 121 232 108 107 210 247 355 749 1017 640 132 937 9894 85 323 632 712 256 113 109 251 186 92 162 1311 134 524 160 178 137 4213 92 933 623 87 397 313 490 802 123 1896 211 582 118 449 104 142 186 124 136 124 178 93 219 339 1794 82 120 155 99 155 96 137 97 323 225 987 86 108 418 101 95 82 207 96 81 198 170 398 276 119 84 247 186 1117 143 99 96 273 87 304 84 147 152 82 83 320 114 683 452 99 435 123 209 86 123 196 198 169 300 354 164 182 90 156 160 96 104 144 308 370 602 99 81 81 83 108 180 83 116 88 192 98 284 108 112
internal_value=5.80276e-05 -0.00117744 0.00991535 -0.00268999 -0.00427432 0.0125464 -0.00712354 -0.00671793 -0.0076676 0.0072269 -0.000685493 -0.00106436 -0.0104016 -0.0129352 -0.0141302 0.0106033 -0.00722347 0.00207467 -0.00900546 0.00894367 0.019097 0.00393212 0.00340699 -0.0121839 0.0103874 0.00052846 8.75643e-06 0.00446022 0.0032962 0.00205581 0.0190314 -0.000584763 0.00719182 0.0129257 -0.00642197 -0.00376114 -0.0198789 -0.0019589 0.00874528 0.0154257 -0.0117266 -0.00656096 0.0113964 -0.0125783 0.000353207 0.00295748 0.010132 -0.00145665 0.0124844 -0.00261099 0.0126028 0.0134016 0.00962161 0.0384091 -0.0142423 -0.0105397 -0.00396517 0.00716202 -0.0198855 0.0152707 0.018835 0.00791547 -0.00140413 0.0319365 0.0269748 0.00230104 0.023155 -0.0151664 0.0138233 0.0398098 0.0176331 0.00607982 0.0281811 0.00325908 0.000678574 -0.00806306 0.0160888 0.0110239 0.000671603 0.00790821 0.00423235 -0.0146541 -0.00740986 0.00141659 0.00765611 -0.0078738 0.0118013 0.00910229 0.00944988 0.0191275 0.0147632 0.0173432 0.0354292 0.0462802 0.0139515 -0.018792 0.00481911 -0.0242306 -0.0100653 0.00327934 0 -0.00842677 0.017868 0.0272541 0.00760927 0.0248886 0.0132864 -0.00898382 -0.00214389 -0.00923148 -0.00116146 0.0345269 0.0268772 -0.0231643 0.0294464 -0.0053297 -0.0149121 -0.000386098 -0.0347493 -0.0078882 0.00589854 -0.0210979 -0.0261741 0.0399119 0.021188 0.0317172 -0.0348657 -0.00240054 -0.0244001 -0.0318483 0.00313838 -0.00911321 0.0448164 0.0547205 -0.00961931 0.0187044 0.0350345
internal_weight=11120.5 10118.9 1213.61 8905.28 7069.47 1001.65 4438.12 4393.21 4149.91 1158.16 1168.49 512.657 2981.42 2138.48 2021.52 955.339 639.043 293.977 324.597 906.015 298.923 607.092 1835.82 173.297 433.795 2631.34 2588.45 1187.83 1156.45 1120.18 151.167 969.015 529.45 372.925 156.525 1400.62 140.449 1260.17 378.406 285.577 92.8282 881.764 506.986 525.667 1328.83 1072.98 469.455 184.079 114.303 603.526 188.06 397.175 345.281 51.8936 88.4424 255.848 842.934 218.632 178.472 426.309 370.843 171.391 137.015 217.157 189.687 356.097 90.5213 345.067 645.498 46.3361 285.376 155.533 199.453 40.7157 104.541 82.8996 39.545 208.398 520.1 274.877 146.126 229.331 245.224 148.759 116.963 624.302 599.162 520.038 243.3 134.272 346.354 164.267 76.9782 57.6766 109.889 202.928 37.7362 165.192 92.6894 237.131 132.298 55.4655 256.839 133.746 123.093 74.0544 53.0231 80.6775 173.684 127.657 105.689 158.737 115.392 83.4256 79.1245 56.4881 81.7657 46.8936 103.244 85.1506 115.57 96.4649 149.596 57.9405 37.2044 42.894 56.4349 109.028 69.7758 68.756 72.2003 45.0063 79.7971 43.3445 84.3595 289.866 53.3405
internal_count=51255 46915 5362 41553 33194 4340 21151 20904 19818 5130 5368 2358 14450 10520 9979 4151 2971 1352 1530 3941 1265 2676 8359 810 1866 12043 11855 5346 5212 5052 661 4391 2397 1682 715 6509 669 5840 1728 1292 436 4112 2298 2478 6061 4886 2096 841 519 2790 828 1704 1487 217 397 1175 3930 1019 854 1916 1662 770 615 900 787 1634 411 1619 2772 194 1255 692 892 181 476 384 177 920 2401 1251 676 1057 1150 696 541 2911 2578 2246 1086 598 1480 722 335 251 458 938 165 773 434 1081 591 254 1090 558 532 306 220 382 766 568 469 711 518 389 332 243 365 205 501 400 519 454 722 242 168 188 265 488 322 334 325 204 329 193 380 1237 220
is_linear=0
shrinkage=0.0427603


Tree=18
num_leaves=138
num_cat=0
split_feature=28 37 26 49 37 58 43 62 29 37 37 3 34 30 57 28 37 56 3 3 27 9 27 28 37 34 41 2 27 57 37 9 57 27 18 15 27 37 12 1 37 14 1 56 28 56 12 58 29 37 44 44 1 29 44 34 34 0 44 57 28 1 12 9 9 7 15 30 57 12 37 9 4 3 12 44 3 56 34 0 1 44 44 30 27 1 23 39 29 1 57 57 15 14 12 57 56 39 39 37 62 44 7 49 62 56 7 57 39 48 57 39 37 18 1 57 62 7 30 18 1 4 3 34 29 43 27 30 30 14 30 29 34 7 27 0 58
split_gain=86.6397 83.6099 90.9882 64.5979 50.6078 49.5613 47.4714 40.5176 38.3111 52.7744 49.6733 32.6858 31.6233 31.2943 30.7736 29.6657 37.2674 33.2862 25.621 25.3384 24.72 24.5612 24.2078 33.6707 28.2365 24.3083 22.9689 22.5019 21.3756 21.1364 20.7939 20.5988 39.607 20.401 20.2688 19.859 22.1594 45.5426 46.992 38.5668 35.5876 19.0911 18.9951 18.7057 26.7221 24.3605 24.0778 20.5895 18.6755 18.3941 18.3326 24.0935 18.1568 17.4176 17.5392 17.2721 18.0108 17.1207 18.8064 17.0904 16.6216 16.1408 20.3196 23.5807 17.2274 15.9449 16.8877 16.5479 19.7447 15.7093 15.4409 15.6195 15.2783 15.0711 15.0688 14.8402 22.4769 14.741 20.0244 14.6293 14.5555 18.55 14.0033 13.9204 13.7219 13.6213 13.4657 13.8805 13.2629 14.7614 13.2502 13.1728 13.0499 12.8002 12.6567 12.3535 12.3448 12.3321 12.1935 19.3136 15.3857 12.079 14.5406 11.9095 11.8625 14.8541 11.7857 11.7369 11.5717 11.5692 11.302 10.9538 10.9122 24.5161 10.7981 10.7191 10.6654 10.5204 10.5165 10.4716 10.3152 10.2983 10.1797 10.0396 9.90633 9.78386 12.2731 10.7666 12.8948 9.80993 9.13165 9.07391 8.90546 8.89974 8.7712 8.62845 8.42775
threshold=0.042415000000000008 -0.53374999999999984 0.94605000000000017 0.43255000000000005 0.24115000000000003 0.163284821195779 6.5000000000000009 4.1551198777865945 0.012935000000000002 0.81095000000000017 1.2130000000000003 0.50529773943565781 72.500000000000014 -0.060889999999999993 0.41953038000000004 0.082505000000000009 1.3623000000000003 -0.41499650782515768 0.93836010076765886 0.61382033249876666 -0.068234999999999976 1.0000000180025095e-35 0.018375000000000006 0.020415000000000006 0.55920000000000014 4.5000000000000009 1.0000000180025095e-35 0.84990118577075113 -0.062964999999999979 -1.0000000180025095e-35 0.99545000000000006 1.5000000000000002 0.089783370000000015 0.051645000000000003 1.16205 -1.1059499999999998 0.012965000000000003 -0.28749999999999992 -0.06245499999999999 -0.26939074534330837 0.097450000000000023 0.49215000000000003 0.061387686493247905 -0.060473967464944656 -0.0090849999999999976 -1.0000000180025095e-35 -0.27729999999999994 0.41795926646879028 -0.0039049999999999996 0.20605000000000004 0.36875000000000008 0.19245000000000004 -0.12206695060241508 0.026465000000000006 -0.22444999999999996 203.50000000000003 138.50000000000003 0.76485048000000011 -0.24229999999999999 -0.035023391999999993 0.037055000000000012 -0.29366253204652287 -0.17561499999999997 4.5000000000000009 2.5000000000000004 54.496040534702907 1.0310500000000002 0.038790000000000005 0.34571018250000002 0.29914000000000002 0.24795000000000003 4.5000000000000009 4.5000000000000009 0.52724848545257952 -0.22985999999999998 -0.099749999999999991 1.5619779638945273 0.90684229921836734 22.500000000000004 0.45537737000000006 0.0017853244313503001 -0.061149999999999989 -0.40324999999999994 -0.0032949999999999998 -0.029444999999999995 0.064065306661282059 45.285000000000004 0.37735000000000007 0.044085000000000006 -0.10577576164687134 0.089783370000000015 -0.090636491999999985 1.0030500000000002 1.8066000000000002 -0.28337499999999999 -0.16489907999999998 -0.45898150854864389 0.16905000000000003 0.15115000000000003 -0.86084999999999989 0.72381286106853671 0.073350000000000012 46.245919731079276 0.40955000000000003 2.5877470099363715 -0.85784308584391689 48.188781310192347 0.028762936500000003 0.25505000000000005 0.13535000000000003 -0.082962334499999985 0.10135000000000001 0.43645000000000006 1.0279500000000004 0.25939120233897156 0.076217830500000014 2.2717889196157039 50.514496297910519 -0.092514999999999986 0.93115000000000014 -0.047375858480833748 3.5000000000000004 0.71193700203058319 144.50000000000003 0.052075000000000003 1.5000000000000002 0.032165000000000006 0.0084350000000000015 0.050035000000000003 1.2018500000000001 -0.00059499999999999993 -0.0070649999999999992 86.500000000000014 47.195294842734448 -0.011034999999999998 0.8805951500000001 0.49786686683078224
decision_type=2 2 2 2 2 2 2 2 2 2 2 2 2 2 2 2 2 2 2 2 2 2 2 2 2 2 2 2 2 2 2 2 2 2 2 2 2 2 2 2 2 2 2 2 2 2 2 2 2 2 2 2 2 2 2 2 2 2 2 2 2 2 2 2 2 2 2 2 2 2 2 2 2 2 2 2 2 2 2 2 2 2 2 2 2 2 2 2 2 2 2 2 2 2 2 2 2 2 2 2 2 2 2 2 2 2 2 2 2 2 2 2 2 2 2 2 2 2 2 2 2 2 2 2 2 2 2 2 2 2 2 2 2 2 2 2 2
left_child=1 2 20 29 12 7 8 14 10 41 13 -11 31 42 26 16 17 21 -5 121 116 88 23 25 -25 -15 35 34 -12 -4 80 -2 -33 48 50 -3 37 38 -37 95 -41 70 77 44 -43 103 -47 -46 86 52 51 74 -24 54 92 56 133 58 -14 -56 73 -32 75 64 108 109 -67 -68 136 93 71 114 110 -50 -19 76 -63 78 -7 -52 -21 -82 -78 91 -55 97 87 -28 89 -6 -73 -30 132 118 -77 -38 135 106 99 -71 -100 102 -60 -45 105 -86 -29 -61 -64 115 -59 -53 -87 124 -10 -18 123 -117 -22 -44 -98 -17 -39 -1 -114 126 -120 131 -129 -128 -91 -127 -23 -9 -79 -95 -69
right_child=4 5 3 18 15 6 -8 55 9 11 28 -13 57 22 -16 19 65 27 -20 30 69 53 49 24 -26 -27 33 85 83 -31 61 32 -34 -35 -36 36 39 122 -40 40 -42 43 119 45 47 46 -48 -49 60 -51 79 111 -54 84 59 -57 -58 72 101 107 -62 62 63 -65 -66 66 67 68 -70 98 -72 90 -74 -75 -76 94 82 134 -80 -81 81 -83 -84 -85 104 112 -88 -89 -90 130 -92 -93 -94 96 -96 -97 120 -99 100 -101 -102 -103 -104 -105 -106 -107 -108 -109 -110 -111 -112 -113 113 -115 -116 117 -118 -119 125 -121 -122 -123 -124 -125 -126 127 129 128 -130 -131 -132 -133 -134 -135 -136 -137 -138
leaf_value=0.030529425890842725 0.048562358239685403 0.0233474202477926 0.018803253569869307 -0.021056272677419493 -0.003490344273144051 0.0071990246981327001 -0.040688116635235867 0.0094629891444104487 -0.012582334544489333 0.034361857694819635 0.052022002634073437 -0.023909427965540075 -0.03141816119906219 0.0011068177509697432 0.036537235416274287 0.0072999464134609234 -0.028054139728071789 0.012989292384919721 0.036889386283145288 0.054543052821208006 0.010534225739768928 -0.0063652233613687324 -0.014115301410334791 0.0031312116093730959 -0.01917826002522199 -0.019099249097492273 -0.0093762606411391392 0.017292423677785062 0.0063016060830242814 0.070007757366137027 0.048791243875401728 0.055147589249439626 -0.0084655452472551813 0.033118597071746712 -0.025978025822041634 0.0094330761411192659 0.017091489453850205 -8.6185455237307543e-05 0.076228713776408968 0.0052543347570856609 0.030558978217898235 0.043271319458645645 0.01024702256421 0.063677344665078323 -0.01794454929897649 0.017194877870311254 0.0016780376876427193 0.021250248794515435 -0.0022503169068912071 0.03539320540629224 0.016521911157653703 0.008796946382854923 0.008183782170980123 -0.042010290155927429 -0.029945405723178904 0.063749763582187396 -0.019457058189505293 -0.011999445350500839 -0.0071845988279416895 0.037004826671338621 0.017445787123402928 -0.051825992593811931 0.0020119150662009518 -0.01466911530308407 0.06586067158254863 0.02458549935017109 0.019238103921279823 -0.019762495800499456 0.016167165578969026 -0.0022112206450506594 -0.020920604899323753 0.040987265294066176 0.059329611034056533 -0.02553379816976796 0.030988541426471231 -0.0066504170619408063 0.025342058162541061 0 -0.014531519720198349 0.067982433616141091 -0.0087130764529725572 0.044109412135330414 -0.023102837719722547 -0.012523200364812479 0.015141170560173533 -0.015507637424389929 0.024716693165715922 0.029033597583191365 0.0031530309410171412 -0.051429020536734815 -0.0067776777727151681 0.039589994821016154 0.052063027150371893 -0.024620093683470991 0.038008871162686246 -0.014004780483701544 0.045164593032447922 -0.033870451810652916 -0.016918081432181931 0.052362335116819793 0.026429256866779278 -0.012282977026388305 0.038386225687913826 0.014866159547475581 -0.028611847329333338 -0.018594085509042905 -0.023590240821874348 -0.00066876167290636391 0.034709348164987178 -0.044423950015166358 0.028722245960020581 -0.029030841241234281 0.052909158827323034 0.001220363176447492 0.013591341309227492 0.020629212664297659 -0.0044240230491889567 -0.02075936558797398 -0.0088167321994027988 0.04888387919356893 0.0035650298612972366 -0.036204879431365126 -0.0079792588171717256 -0.00072531592989819157 0.011984773017371254 -0.0094470004634513265 0.010883774294994715 0.017373979232846479 -0.022846538998530726 -0.012792007216028724 -0.017175604372635316 -0.042596610538554798 0.033211533052493004 0.039639812107821477 0.03414134170999044 0.013913996521268665 -0.052531702110579573
leaf_weight=105.28785386681557 97.256876066327095 73.161193251609802 18.60754805803299 33.268970891833305 31.293159574270248 119.1047165542841 71.399949938058853 30.450301229953766 134.92291270196438 18.955810144543648 22.663753882050514 230.52476960420609 27.252001792192459 118.02725267410278 41.544515833258629 17.428097322583199 53.675778239965439 264.66554057598114 23.987132951617241 43.246813133358955 87.431558594107628 20.450932040810585 148.54612457752228 315.16469496488571 154.34761878848076 1303.7107874602079 154.22623628377914 29.647295147180557 78.027591466903687 79.575752601027489 20.928316131234169 30.870649695396423 42.201515719294548 20.603993147611618 20.137205183506012 102.70162256062031 27.312092363834381 497.54913553595543 23.812940746545792 295.71365688741207 155.57625709474087 17.122805416584015 43.862483084201813 18.917757719755173 171.17146614193916 226.2476639598608 961.02621702849865 28.438131913542747 67.89323203265667 23.449687629938126 18.930501982569695 26.185236617922783 120.86686089634895 19.068792149424553 25.217358812689781 18.77768974006176 18.162434130907059 18.946371242403984 20.011172339320183 21.963011726737022 23.430466935038567 22.253524750471115 33.772072672843933 26.646753430366516 20.217286765575409 33.121105343103409 28.099717825651169 56.769285187125206 23.638825446367264 18.649032354354858 109.09299798309803 26.140446320176125 18.88698323071003 211.14820311963558 127.19221580028534 23.791278034448624 21.694896131753922 28.281605213880539 220.38571485877037 22.83994933962822 21.968545943498611 26.683054462075233 21.921569257974625 44.85858242213726 68.300772994756699 32.752891823649406 33.047097966074944 19.297626569867134 33.633590072393417 42.014073610305786 17.486839592456818 30.532731175422668 26.708714425563812 18.446208298206329 22.232954353094101 154.80054681003094 28.746848717331886 32.935785010457039 32.100547701120377 31.38641731441021 27.969104096293449 29.788738563656807 34.37775556743145 18.627557829022408 26.644246101379395 36.578748732805252 22.803042843937874 47.344340562820435 49.576962247490883 33.643966540694237 35.330608829855919 29.53937740623951 29.351203843951225 122.53721022605896 36.404126286506653 22.810613289475441 26.840339541435242 22.110487535595894 238.31313841044903 18.560943529009819 18.209590211510658 22.468012601137161 755.03747089207172 22.314310327172279 17.970843240618706 27.254393070936203 148.40373463928699 28.913133591413498 29.28465411067009 40.547179818153381 22.680393025279045 35.831320330500603 20.624945670366287 45.984953925013542 27.291566282510757 24.92494635283947 19.911106422543526
leaf_count=434 405 316 79 151 151 548 397 138 633 86 95 1096 123 569 180 81 248 1165 102 178 386 90 734 1466 734 6575 715 130 349 331 87 129 188 92 89 460 125 2286 98 1324 680 79 204 86 812 1011 4442 131 312 109 86 119 575 86 108 83 83 83 88 97 107 98 144 119 84 151 129 262 104 82 503 115 79 987 570 105 93 125 1038 101 93 112 98 211 307 144 153 86 151 209 80 139 112 82 96 727 126 151 140 136 122 129 145 87 122 167 103 211 210 155 154 138 129 554 165 103 111 102 1092 85 81 108 3479 94 80 126 671 134 133 183 106 169 89 205 124 108 95
internal_value=5.35171e-05 -0.00186761 0.00890247 0.0393245 0.00747754 -0.00347726 -0.00606014 0.00109256 -0.00554701 -0.00104084 -0.00876699 -0.0194522 0.022322 -0.0102344 2.14997e-05 0.00474187 0.00204559 0.00529399 0.00309052 0.0151973 0.00412255 -0.00409887 -0.0123645 -0.0141362 -0.00418705 -0.0174166 -0.000555731 0.0105153 0.013205 0.0603791 0.018839 0.0356265 0.0183078 -0.0085098 0.0159165 0.00146063 0.000661285 -0.00237551 0.0220643 0.00728495 0.0139942 0.00155651 -4.8902e-05 0.00366814 -0.00789693 0.00572063 0.00464118 -0.0123234 -0.0102093 -0.000897501 0.0176557 0.0151023 -0.00408377 0.00236384 0.0120998 0.0261265 0.0185798 0.0100055 -0.000481482 0.000117696 -0.0169782 0.0126781 0.00952575 0.0210179 0.0302714 -0.0116403 -0.00257525 -0.00963811 -0.0178003 0.00121088 -0.00781442 -0.00112833 0.0260785 -0.0198953 0.0188505 -0.00378166 -0.0168511 -0.00352853 -0.0068859 0.044838 0.0363923 0.0201054 0.00082398 0.00742234 -0.00808043 0.000934527 -0.000262109 -0.00506196 -0.0197567 -0.0278613 0.0216724 0.0157323 0.0286993 -0.00106123 0.0147624 -0.00930047 0.0139861 -0.0133607 0.016266 0.031874 0.00314171 0.00944622 0.0214834 0.039658 -0.00310474 0.00330473 -0.000340394 0.011163 0.0215496 -0.0226578 0.0143712 -0.0111226 0.00699546 0.0113782 -0.00697763 -0.0151553 0.0198433 9.26259e-05 -0.00321003 0.0218541 0.0291902 -0.0170149 -0.00484991 0.0250058 0.0375246 -0.0054142 -0.00235132 -0.0161432 -0.00273745 0.00576396 -0.0395352 -0.0283928 0.0133269 0.0277149 0.0168479 -0.00230432 -0.0283683
internal_weight=11104.2 8820.69 1146.29 155.439 2283.55 7674.39 4904.16 2770.23 4832.76 2015.08 2817.68 249.481 354.923 2641.6 2656.86 1928.62 1533.79 1240.01 57.2561 394.83 990.854 442.523 2184.11 1891.25 469.512 1421.74 2615.31 797.488 176.083 98.1833 354.934 170.329 73.0722 529.647 509.49 2085.66 2012.5 1379.1 126.515 633.403 451.29 1765.6 457.487 1441.55 216.732 1224.82 1187.27 199.61 509.043 292.863 489.353 447.582 269.413 312.902 162.309 113.375 94.5977 184.594 111.43 94.5247 302.472 263.036 242.107 130.213 103.566 293.781 161.54 128.419 100.319 836.412 324.047 214.954 73.164 279.041 391.858 111.894 65.87 395.064 339.49 41.7705 91.8984 48.6516 43.6165 153.419 150.593 287.998 206.571 173.524 129.621 95.9876 43.6273 108.56 67.7846 726.307 46.0242 182.113 90.3276 85.3861 110.105 50.0354 60.0697 84.1777 54.3889 37.5453 131.524 104.88 52.4503 69.3074 83.349 132.241 54.277 55.7246 202.612 169.859 171.327 98.5969 154.443 44.9211 635.979 62.4234 46.9564 39.8961 1252.59 127.602 47.322 548.548 427.264 121.284 58.1978 188.951 64.6945 63.0857 41.0759 76.4353 55.5732 43.3712 76.6804
internal_count=51255 41112 5073 663 10143 36039 23403 12636 23006 9326 13680 1182 1523 12886 12127 8620 6914 5565 253 1706 4410 2006 10762 9344 2200 7144 11947 3559 794 410 1517 722 317 2452 2268 9495 9179 6323 558 2856 2004 8144 2124 6648 1022 5626 5453 943 2360 1418 2179 1992 1309 1389 707 509 426 801 485 416 1406 1134 1047 557 438 1349 741 590 461 3771 1496 993 316 1299 1735 490 289 1835 1586 187 383 205 191 699 682 1291 954 801 617 466 195 488 291 3291 201 852 397 384 480 218 262 362 233 173 596 474 233 308 354 608 237 257 907 763 798 453 639 205 2894 289 207 189 5765 528 209 2508 1946 562 267 854 315 295 179 343 249 190 357
is_linear=0
shrinkage=0.0427603


Tree=19
num_leaves=138
num_cat=0
split_feature=28 37 26 49 5 0 56 0 13 21 48 28 37 15 14 21 16 13 56 56 21 37 21 13 33 59 14 21 5 21 34 28 27 2 27 48 35 60 8 21 15 49 33 49 5 8 8 27 29 5 48 0 2 37 33 30 35 33 34 62 59 59 27 5 35 28 29 14 37 2 29 48 28 2 48 37 24 28 56 30 30 21 21 27 2 30 37 14 21 16 35 35 2 29 29 49 49 34 24 0 5 13 24 37 33 30 30 56 56 34 34 27 2 41 45 13 37 0 28 28 27 15 21 28 45 59 27 33 49 33 5 0 45 49 27 8 15
split_gain=80.0912 78.281 90.5785 55.1697 41.9925 47.3259 42.4256 44.918 36.919 34.3286 28.4683 28.4329 32.6185 29.9637 25.7776 23.1344 22.6306 22.1996 23.0608 22.0859 22.0413 62.6505 30.8296 22.02 20.9444 20.6098 27.3652 21.0498 21.6869 21.3885 22.6702 20.1342 19.6872 19.5816 19.4475 19.3943 19.0313 19.0145 18.5067 23.7972 24.1967 22.1652 25.2059 19.2233 18.892 18.4413 18.3947 18.7065 18.0195 26.4609 17.5752 17.3476 23.4235 21.0006 22.8501 16.8259 23.3682 32.6899 40.7958 16.8066 16.7616 20.3454 25.0161 17.7774 31.5588 20.818 16.7564 16.7364 16.3439 17.9129 16.1588 16.0772 15.9775 15.8206 15.6732 19.8581 23.4218 15.6314 17.1251 16.3855 15.5403 14.9087 14.6455 17.2049 16.6611 14.1822 14.0946 13.8334 17.9953 13.8233 13.806 15.5386 13.7365 13.6518 13.572 12.9124 20.2092 16.0202 15.0232 12.7329 13.5543 12.489 12.4015 17.5132 16.9159 15.1616 13.7259 12.1168 12.0712 11.7786 11.6072 14.7922 15.908 11.421 11.2052 11.1415 10.8261 14.0466 10.6993 10.6801 10.6722 10.3582 10.2578 9.84214 9.33104 9.20432 9.07483 9.06107 12.8072 8.81155 8.75004 8.73633 8.71069 8.4808 9.99718 8.24581 7.73436
threshold=0.063820000000000016 -0.53374999999999984 0.94605000000000017 0.43255000000000005 19.191747665405277 0.38639366500000011 0.029304423074082847 0.27087999000000001 -0.63838499999999987 20.775000000000002 0.12005 0.036395000000000004 1.2610000000000003 -1.0392499999999998 3.4688000000000003 14.580000000000002 -1.0520499999999997 0.82141000000000008 0.40205777602118259 0.42308338211370239 25.610000000000003 1.3623000000000003 22.755000000000003 -2.3900899999999994 -1.6433499999999996 0.097348915000000022 2.7363500000000003 14.885000000000002 27.13172435760498 19.435000000000006 97.500000000000014 0.024915000000000003 -0.010164999999999999 0.13860875966139122 0.0086150000000000011 0.44740000000000008 22.500000000000004 2.1097000000000006 0.013195604000000001 28.910000000000004 0.97455000000000014 0.5797500000000001 0.22975000000000004 0.60115000000000007 -0.059966009110212243 0.059249580000000003 -0.016786187999999997 -0.00024499999999999994 -0.027814999999999996 9.0122694969177264 0.27245000000000003 0.80124443000000012 0.92799459527400729 0.89205000000000012 -1.4734999999999998 0.0077350000000000014 16.500000000000004 -0.0030999999999999999 123.50000000000001 1.9927183592342528e-05 0.041428200000000005 0.19148040500000005 0.018375000000000006 0.14287263154983518 19.500000000000004 -0.023434999999999994 0.018335000000000001 1.6558500000000003 0.48215000000000002 0.79052718726631788 -0.00042499999999999998 0.25800000000000006 0.024175000000000006 0.13860875966139122 1.1766000000000003 0.86995000000000011 -0.46825999999999995 0.052235000000000011 -1.0739460158608025 -0.049564999999999991 -0.028974999999999997 25.430000000000003 26.740000000000006 0.026465000000000006 0.59295431565401246 -0.00059499999999999993 -0.27784999999999993 1.4279500000000003 27.110000000000003 1.0112500000000002 8.5000000000000018 17.500000000000004 0.47974925792844875 0.057065000000000012 0.021265000000000003 0.77845000000000009 0.72750000000000015 142.50000000000003 -0.24330499999999997 1.6889818500000002 31.520369529724125 -0.13407499999999997 0.29914000000000002 -0.8275499999999999 0.28945000000000004 0.020055000000000003 -0.084294999999999995 0.88731870413232972 0.16138254885679124 96.500000000000014 89.500000000000014 0.04339500000000001 0.62851496329757206 1.0000000180025095e-35 1.8838000000000001 0.25104000000000004 0.40325000000000005 1.0352156000000001 0.022615000000000007 0.014555000000000002 0.031115 -0.95834999999999992 16.600000000000005 0.049325000000000008 0.20920000000000002 0.0027749800000000002 -0.023324999999999995 -0.5331499999999999 0.69955000000000012 -0.13619999999999996 1.0000000180025095e-35 0.23530337500000001 0.15615000000000004 0.25415000000000004 0.019755000000000005 0.021381408000000005 0.98025000000000007
decision_type=2 2 2 2 2 2 2 2 2 2 2 2 2 2 2 2 2 2 2 2 2 2 2 2 2 2 2 2 2 2 2 2 2 2 2 2 2 2 2 2 2 2 2 2 2 2 2 2 2 2 2 2 2 2 2 2 2 2 2 2 2 2 2 2 2 2 2 2 2 2 2 2 2 2 2 2 2 2 2 2 2 2 2 2 2 2 2 2 2 2 2 2 2 2 2 2 2 2 2 2 2 2 2 2 2 2 2 2 2 2 2 2 2 2 2 2 2 2 2 2 2 2 2 2 2 2 2 2 2 2 2 2 2 2 2 2 2
left_child=1 2 9 70 5 6 7 101 -2 48 14 13 95 90 23 -10 -12 18 80 36 22 50 24 129 -17 26 27 118 35 31 -31 -30 -5 -26 -23 72 51 71 39 40 -25 42 -40 -43 -41 -14 -38 116 -1 121 87 53 77 54 -6 68 57 -57 -59 -39 63 62 -62 64 -15 -65 -54 94 69 81 -4 -24 -29 -56 75 93 -77 78 92 -80 -18 -9 83 84 -49 126 -75 88 -22 -55 124 -92 -53 -35 120 96 107 98 -97 100 -68 109 103 110 -104 106 -105 -13 -82 -3 111 136 -113 130 -36 -79 117 135 -21 -103 -51 127 -93 -91 -8 -96 -16 -50 -129 -7 -90 -34 -99 -108 -135 -48 -11
right_child=8 4 3 32 19 10 11 55 15 102 16 12 45 60 85 20 17 -19 -20 25 21 34 37 38 33 -27 -28 28 29 30 -32 -33 131 74 114 -37 46 59 41 44 -42 43 -44 -45 -46 -47 47 82 49 67 -52 52 66 89 73 56 -58 58 -60 -61 61 -63 -64 65 -66 -67 99 -69 -70 -71 -72 -73 -74 86 -76 76 -78 115 79 -81 108 -83 -84 -85 -86 -87 -88 -89 113 123 91 122 -94 -95 125 97 -98 132 -100 -101 -102 119 104 105 -106 -107 133 -109 -110 -111 -112 112 -114 -115 -116 -117 -118 -119 -120 -121 -122 -123 -124 -125 -126 -127 -128 128 -130 -131 -132 -133 -134 134 -136 -137 -138
leaf_value=0.0097464102788013592 0.049013994743089949 -0.038774749254975871 0.020850952902177464 0.040872486418529141 -0.038643944324726315 0.050099784535840269 0.047512301255515026 -0.049862698474189698 0.038169224518600671 0.036807755421805928 0.055375319428491387 0.0018688833549591482 -0.043879880526767716 -0.017313938310312142 0.016942275482144345 -0.017317168670083125 -0.0087754745681787663 0.045754351391429388 -0.030498376387206632 -0.027101893374546892 0.046452103296123634 0.020694592983069724 -0.03124533275927208 -0.0032499685000514111 -0.023188487939873097 0.042703162596128649 -0.028061816479790648 0.022162150615495105 0.036736923984760625 0.010097491264066448 -0.033563952661593385 0.0071169772649713791 -0.033155055099970153 0.020848797388651825 -0.007050575827390969 0.0053924111362977367 0.023328749920100034 0.028995762018108575 0.0032422483680118299 0.0202303708413951 -0.013190039983673719 0.057002539753793872 -0.0098320462349236956 0.0096485829361544016 -0.0133580008196939 0.005698566078922317 -0.008078907136626113 0.02537812852718541 -0.0024919126841073465 -0.0062966244405849858 -0.00073761482997956754 -0.031766696775230432 0.025996558791307207 0.0021106305489157007 -0.031712102972982666 -0.020131313328919806 -0.032063161941264115 0.0043896759500791169 0.086151920306428001 -0.014432098853537583 -0.02659725668064649 0.01568876997756119 0.028175945953086527 0.037023925269976291 0.0023445440983733694 -0.0048915318240343904 0.010380149602777689 0.034780479841192931 0.016909700993360817 0.0099706182781682268 0.064787914632805504 0.00998908712846114 0.065370380270894743 -0.014413840484031271 -0.018067010723586088 0.04823906719422285 0.0072552183815809421 0.064196453426602407 -0.0095085350232852976 0.026815464256774699 0.052846921451870199 -0.0021728318552304907 -0.027726004228341077 0.043692554032444791 -0.018464166937754972 -0.00064807041835062513 0.0074416403059423897 0.05579101499516665 0.038327732606746399 -0.047120752514697412 -0.013586220267762237 0.034120198157731714 0.0072193793455806038 0.056543902553309308 -0.018528095308951387 0.043464237651663899 -0.028097928748800148 -0.021384329737100669 0.013913472250680927 0.013928371592791549 -0.029306580211009216 -0.051058006496524769 0.043605337165848482 0.01515387886772368 0.0032393137362560832 0.013936287375326871 -0.036900715862227491 0.039410729304642907 0.0053110207610564146 0.011242715525705157 0.0043443827318939933 -0.026643416112312118 0.018174218727855549 -0.012685739237490039 -0.04444218840383897 0.01714434457054435 -0.042817056787855343 0.014422160099658037 0.0071311278930994001 -0.019343394934063424 0.03838699449110286 -0.0091152699913815468 -0.00016248109385420513 -0.0082809605574634976 0.011946041436145123 0.015327122012936361 0.052770154917675033 -0.046583667890560759 -0.0099252514917182195 0.0098121120142145683 0.0067619876562368883 0.0062592506753440845 0.015613891292700348 -0.024942718453800198 0.014472144431315091 -0.045812146897608937 0.0072908536414615539
leaf_weight=128.09217600524426 46.072539359331131 18.419820815324783 19.214171022176743 19.864510148763657 24.850187882781029 19.242187023162842 21.879034101963043 50.667960777878761 49.864815682172775 92.650474265217781 23.997351929545403 71.406754314899445 35.449099749326706 620.66287052631378 26.633824780583382 46.984911575913429 30.114539548754692 25.263107851147652 29.982386931777 34.837648838758469 58.237402781844139 21.213074237108231 85.422512546181679 1572.3453103303909 25.572443410754204 34.719743281602859 34.58100251853466 28.855691179633141 64.78071528673172 52.203923627734184 37.083647981286049 121.52157758176327 18.141620919108391 46.865700289607048 28.449991092085838 32.223002418875694 26.69929701089859 31.269128978252411 1061.3205054700375 113.95871563255787 627.84880656003952 22.314795598387718 361.42369285225868 54.465674325823784 41.591764003038406 21.981608629226685 19.987591728568077 24.359851762652397 19.860471457242966 17.07842580974102 29.514820232987404 22.205718353390694 26.078059256076813 29.029866203665733 22.567989394068718 28.033297523856163 24.354160815477371 27.290348932147026 19.118646621704102 33.803900092840195 238.14450398087502 27.173200264573097 16.158737108111382 22.185711354017258 195.77812680602074 868.19303101301193 20.302576124668121 27.090951979160309 17.407019913196564 17.37114754319191 87.102628663182259 21.362636268138885 35.987302616238594 61.042016163468361 23.657123506069183 28.846028104424477 227.54974320530891 20.061026379466057 26.923827886581421 135.95227751135826 22.200300738215446 16.131497174501419 30.678992614150047 18.138515189290047 45.168709591031075 32.367779061198235 453.635164514184 43.604039773344994 36.029955133795738 36.337812259793282 69.401870355010033 29.522550702095032 64.181212067604065 34.922714546322823 70.55876550078392 50.708515107631683 34.550536260008812 24.855211779475212 85.849088311195374 26.267192214727402 66.376201957464218 102.16138765215874 47.205038800835609 26.038922637701035 32.447023287415504 68.814972028136253 33.672907635569572 20.333440691232681 18.112480878829956 15.840130060911177 115.19618067145348 19.022903472185135 59.714092150330544 19.893278300762177 31.448706105351448 17.9846231341362 45.732913210988045 19.755412518978119 31.553193777799606 24.985998809337616 22.09914256632328 95.992639943957329 33.805144175887108 18.511688277125359 37.242335081100464 18.304847314953804 26.685078710317612 56.319481864571571 26.050696074962616 21.659159824252129 30.147316664457321 23.186155885457993 21.720318272709846 28.582620099186897 19.758556589484215 23.915939405560493 20.472189173102379
leaf_count=562 189 99 81 85 115 83 98 269 210 383 108 325 171 3030 113 209 137 116 138 171 238 90 425 7373 111 156 161 128 286 235 170 541 84 193 130 146 118 138 4837 488 2986 101 1678 250 189 104 92 110 96 81 127 100 117 133 107 140 120 132 94 153 1217 132 79 100 927 4118 91 119 81 90 368 94 158 287 104 120 985 86 120 598 100 80 143 81 214 147 2082 179 147 178 329 132 289 144 329 221 158 113 391 117 302 588 194 113 138 298 149 92 82 79 495 84 252 82 145 80 218 87 146 123 101 446 155 84 170 84 117 280 130 97 127 101 97 132 89 112 88
internal_value=4.92375e-05 -0.00109469 0.00909496 0.0382918 -0.0024876 -0.00398971 -0.00816833 -0.0218787 0.011588 0.00440784 -0.00104598 -0.00621798 0.00478304 -0.00807252 -0.00173584 0.00977403 0.0172575 0.0099198 0.000829928 0.00327121 0.00820092 0.0177177 0.00350234 -0.00224778 0.00957685 0.0108502 0.00849952 0.0113961 0.0153562 0.00919691 -0.00795348 0.0174562 0.00581048 0.0128576 -0.014292 0.0327674 0.000361701 -0.0118088 -0.00258065 -0.00494493 -0.00608984 0.00112867 -7.38489e-05 0.0235078 0.0112018 -0.0247749 -0.0101455 -0.0141024 -0.00396579 -0.00895745 0.0296931 0.00286175 0.00955891 -0.00154681 0.00141917 -0.00830869 0.00419342 0.0161545 0.0382324 0.00632228 -0.00963139 -0.019318 -0.0230877 -0.0080296 -0.0125909 -0.00383879 -0.00480847 0.00423049 -0.0205413 -0.0283745 0.0569171 -0.0229269 0.0462568 0.00328609 0.0154256 0.0177904 0.0118951 0.0165368 0.0125977 0.0207655 0.0142723 -0.0384569 -0.0022516 0.00657876 -0.00299714 0.0214556 0.00483513 0.0345122 0.0280311 -0.0215107 0.0080446 0.000332352 -0.00271636 0.0361809 -0.00217554 0.0102931 -0.00016769 0.0175474 0.024941 -0.0119867 -0.0199254 -0.0386788 0.0115743 0.00897805 0.0272549 -0.00170249 -0.0117308 0.0102706 0.031673 -0.0154331 0.0151543 0.0216061 0.00725213 0.0154809 -0.0268061 0.0421494 -0.0268555 -0.0152722 -0.0107207 -0.044884 0.0187195 -0.0193158 0.0157029 -0.0341475 0.0252335 -0.011471 0.0350126 -0.0288215 -0.0350799 0.0289469 0.0240598 -0.0108634 -0.00397139 -0.0203568 -0.00867947 -0.0288025 0.0315315
internal_weight=11088.7 10087.9 1212.53 167.509 8875.4 7040.31 2908.78 361.781 1000.73 1045.02 4131.53 2547 366.855 2180.15 3981.86 954.66 149.67 125.673 100.41 1835.09 904.795 298.539 606.257 3896.17 434.399 508.347 473.628 439.047 372.656 275.59 89.2876 186.302 61.1923 387.414 81.1118 97.066 1326.74 171.858 3855.27 2355.74 2200.19 1499.52 1422.74 76.7805 155.55 57.4307 254.437 227.738 481.448 353.355 217.427 1072.31 426.333 645.975 562.095 200.374 98.7965 74.4423 46.409 65.073 1988.3 281.476 254.303 1706.82 816.441 890.379 139.024 155.132 101.578 84.1706 106.317 106.785 64.843 537.245 361.841 338.184 256.396 287.309 249.263 162.876 70.4273 66.7995 118.346 87.6671 69.5286 85.6867 514.677 187.912 144.308 83.8794 191.851 132.73 86.3869 81.7884 128.041 309.424 126.291 183.133 136.558 112.946 86.6788 161.407 563.576 483.924 79.6521 176.868 108.053 91.7402 40.3128 34.26 307.056 191.86 78.737 86.0706 59.8987 38.0456 109.392 63.6589 66.3908 127.147 39.1776 198.223 63.3277 54.8495 59.1214 88.8636 53.3189 102.231 82.3702 40.9013 66.1773 41.3278 46.5755 82.0141 48.3412 43.9035 113.123
internal_count=51255 46915 5362 719 41553 33194 14054 1895 4340 4643 19140 12159 1672 10487 18459 4151 681 573 457 8359 3941 1265 2676 18082 1866 2298 2142 1981 1664 1232 405 827 270 1657 365 432 6061 810 17902 11036 10359 6866 6515 351 677 275 1175 1057 2228 1666 900 4886 1900 2986 2591 1006 486 366 226 291 9603 1428 1296 8175 3957 4218 627 714 520 439 449 519 286 2476 1546 1442 1105 1273 1107 718 319 349 548 405 324 377 2369 773 594 395 884 616 389 337 595 1397 575 822 612 510 393 889 2415 2083 332 781 483 417 182 178 1302 807 336 356 275 166 509 291 317 711 182 952 287 262 268 413 230 506 410 180 274 185 210 370 221 204 471
is_linear=0
shrinkage=0.0427603


Tree=20
num_leaves=138
num_cat=0
split_feature=37 23 21 27 59 43 9 44 24 15 26 7 15 60 21 24 44 13 37 37 27 3 60 21 37 15 16 1 3 1 7 37 60 16 24 21 21 45 7 62 23 21 34 44 37 1 37 60 56 7 37 1 50 34 24 3 3 36 34 59 56 1 24 27 62 16 16 33 3 27 27 21 16 44 21 44 23 62 1 24 50 1 36 9 24 44 24 27 15 27 27 14 27 14 3 15 60 15 3 21 45 27 37 33 37 27 15 16 23 16 48 27 15 34 7 1 24 15 1 37 27 44 21 1 27 15 44 21 37 15 7 14 21 14 1 21 33
split_gain=79.742 71.6182 49.7287 62.7932 52.0926 42.402 40.4259 47.1165 51.067 36.6057 43.0584 35.582 33.8978 33.6114 33.4031 32.0547 29.8948 28.9046 38.214 28.6067 36.832 32.238 28.5083 27.0053 26.7108 32.7043 27.1763 24.7973 24.7568 24.48 24.1949 48.7956 35.8829 29.8876 24.0534 41.0871 34.7325 23.8297 23.8211 25.8079 23.4169 23.1073 22.9234 22.8279 23.6821 22.6071 22.5698 21.8251 21.7149 22.8796 20.9345 20.2911 22.2926 20.9248 20.1658 19.7119 19.3826 20.042 18.0187 17.4331 18.1856 17.1087 16.8486 16.9413 16.9167 16.786 16.6545 16.5863 16.5831 16.4508 15.0848 21.5252 20.3559 19.9215 17.6209 14.6082 18.4433 20.0378 14.5985 14.5126 14.1247 13.9713 17.9637 26.4337 19.7986 14.3865 13.8511 18.394 13.6682 27.4243 13.573 14.5239 21.17 18.0338 16.8247 21.6198 16.0095 17.882 13.4797 12.9953 12.4072 12.3919 12.8985 12.3474 12.174 12.1286 25.4465 22.4925 19.2927 16.4254 11.3578 11.1031 10.9526 10.6637 10.2814 10.2784 10.0137 12.0456 9.90037 9.63092 9.31043 9.12669 9.04668 8.90811 8.78342 8.76457 8.20422 8.11064 19.4088 14.6221 10.4163 9.35399 8.10527 8.08999 8.05992 8.88395 7.84364
threshold=-0.58174999999999988 65.675000000000026 25.610000000000003 0.038190000000000009 0.024902200000000003 7.5000000000000009 1.5000000000000002 -0.045149999999999989 -0.31775999999999999 1.0139500000000001 -0.013499999999999998 42.693090980144333 -1.0690499999999996 1.9701000000000002 20.775000000000002 0.059190000000000013 0.42550000000000004 0.17678000000000002 1.3184000000000002 0.25365000000000004 -0.0088749999999999992 0.69155921635368134 2.1577000000000006 15.415000000000001 -0.27784999999999993 0.99995000000000012 0.84475000000000011 -0.14255428467820627 1.720597392434849 -0.045103540129733936 32.631862995535684 0.27605000000000007 2.0069000000000004 0.8781500000000001 0.12087500000000001 23.665000000000003 23.665000000000003 0.56725000000000014 43.88497899998756 0.98862304745178176 -55.824999999999996 21.475000000000005 95.500000000000014 -0.23824999999999999 1.0088000000000001 -0.55475735935825587 0.79095000000000015 2.2183000000000006 1.3183485465435887 42.364232410469 1.5024500000000003 -0.085695838386873835 1.0000000180025095e-35 91.500000000000014 -0.42982499999999996 1.5782456830187526 0.74158608688216698 0.50015000000000009 80.500000000000014 0.17829913000000003 -0.047282115974695567 0.31633894449158334 -0.23750999999999997 -0.010824999999999998 1.0204677319512536 -0.97584999999999988 0.86795000000000011 -0.43119999999999997 0.75116116433165037 -0.029444999999999995 0.066010000000000013 20.535000000000004 0.97735000000000005 0.23195000000000002 24.095000000000002 -0.38794999999999996 46.895000000000003 3.6426714141391532 -0.029422990062889447 -0.49342999999999992 1.0000000180025095e-35 0.013993534195360301 0.41765000000000008 1.0000000180025095e-35 -0.30070999999999998 0.12645000000000003 -0.18992999999999996 -0.0079649999999999981 -0.87059999999999993 0.087455000000000019 -0.085834999999999981 1.3224000000000002 -0.021054999999999994 0.90495000000000014 0.93836010076765886 0.99515000000000009 1.9999000000000002 -0.91384999999999994 0.64580014657372209 16.265000000000004 1.4673500000000004 0.031115 -1.6889499999999997 0.064400000000000013 -1.5370999999999999 -0.022574999999999994 1.01475 0.96875000000000011 46.015000000000008 1.0874500000000002 0.12925000000000003 -0.0090549999999999988 1.0735500000000002 66.500000000000014 53.286463815486179 0.043462223308802957 -0.19475499999999998 -0.92794999999999994 -0.30135485882610852 -0.9454499999999999 -0.10172999999999999 0.36325000000000007 27.815000000000001 -0.067830248451917777 -0.04498499999999999 1.0022500000000003 -0.16934999999999997 15.415000000000001 0.040900000000000013 -1.0087499999999998 40.853530921949478 0.73015000000000008 28.375000000000004 1.8921000000000003 -0.16118853364337202 28.375000000000004 -0.44314999999999993
decision_type=2 2 2 2 2 2 2 2 2 2 2 2 2 2 2 2 2 2 2 2 2 2 2 2 2 2 2 2 2 2 2 2 2 2 2 2 2 2 2 2 2 2 2 2 2 2 2 2 2 2 2 2 2 2 2 2 2 2 2 2 2 2 2 2 2 2 2 2 2 2 2 2 2 2 2 2 2 2 2 2 2 2 2 2 2 2 2 2 2 2 2 2 2 2 2 2 2 2 2 2 2 2 2 2 2 2 2 2 2 2 2 2 2 2 2 2 2 2 2 2 2 2 2 2 2 2 2 2 2 2 2 2 2 2 2 2 2
left_child=1 14 3 5 70 6 9 8 27 10 13 -11 111 23 15 69 34 24 51 20 98 -22 38 118 25 26 37 58 101 48 31 33 67 132 35 -14 -36 -4 39 -10 -40 88 46 44 -21 -18 -15 -45 49 -12 65 68 53 105 -47 62 81 75 -8 78 -61 125 -54 -64 -65 -6 -60 -33 -19 104 71 79 123 74 -73 134 77 -77 -31 -5 -39 82 83 85 -85 -32 -59 -88 89 -16 -43 92 124 96 119 -96 97 -94 -13 -44 -78 115 -103 -71 -1 108 107 -107 -53 -108 112 121 -20 -25 -74 -17 -93 -118 -2 -95 -90 -9 -55 -72 -92 -29 -69 129 -129 131 -131 -81 -26 -91 -58 -136 -106
right_child=2 -3 17 4 50 -7 7 12 22 11 29 19 16 42 41 28 45 18 110 43 21 -23 -24 113 30 -27 -28 61 -30 59 56 32 -34 -35 36 -37 -38 80 40 -41 -42 90 99 47 -46 54 -48 -49 -50 -51 -52 52 55 122 -56 -57 57 86 66 60 -62 -63 63 64 -66 -67 -68 126 -70 103 72 73 114 -75 -76 76 100 -79 -80 127 -82 -83 -84 84 -86 -87 87 -89 120 133 91 116 93 94 95 -97 -98 -99 -100 -101 -102 102 -104 -105 136 106 109 -109 -110 -111 -112 -113 -114 -115 -116 -117 117 -119 -120 -121 -122 -123 -124 -125 -126 -127 -128 128 -130 130 -132 -133 -134 -135 135 -137 -138
leaf_value=0.030762714488972033 0.016346353040685803 0.054970571492110869 0.057170052016011413 0.032580615379010289 0.027374203834769933 -0.043662387549935802 0.04455403684360891 0.044407504002427468 0.01286077821096881 -0.029462446961051294 -0.02909935996759757 0.015390093192378473 -0.0060420628831591699 -0.0079822696081599098 -0.012308046484684591 -0.047152385095937437 -0.040432003515687404 0.073692685828526783 0.013854802658053937 0.031891104140396427 0.0090251902084707986 0.059697242338990722 0.04143954366500132 0.01346223245671342 -0.0064843068927755432 0.054995114064208192 -0.031031606222385717 0.036768471170321435 0.020437572664358025 0.015135176787688302 0.05839718742491095 0.018911653919329474 -0.013345601008595727 -0.043619563445350132 -0.0064165797989437882 -0.021748709819722975 0.021958398675131427 -0.018921256976078743 0.016459824885262968 -0.011045960641833108 -0.0057997292707085936 0.032905574435845533 -0.028809750727623991 -0.0085427490338991011 -0.017346899344948069 0.046370300364949088 0.020334748985773556 0.015890965461515798 0.028179555288488294 -0.014300163406518924 0.014379461748225596 0.075304158716984065 -0.03686607772669493 0.01477677460065354 0.0058271066879704535 0.040556999133010509 -0.044166746912442822 -0.058348213265399851 -0.016935755405784823 -0.020868683143710445 0.02853052955719065 0.0019996850362076837 -0.022684476243156913 0.030879854349419936 -0.018297214625101154 0.076713731494068127 0.013731569312463811 0.04509226325174881 0.024282310435893541 0.014357531894451121 0.050672643184050958 0.024430697341742545 -0.026465132001246752 0.051443725650174493 -0.01594797480597265 -0.00090478721199845123 -0.0053713594040056154 0.036408548967374686 -0.011098528798741809 0.00097492322353818085 0.027121031024668826 -0.012314315330029768 0.040411365862001336 -0.032711482250155077 0.005597655041789525 0.0075682564201159427 -0.046157258259971794 0.0029220785098965575 0.02495785232943868 0.021590193508348302 0.0062377293477234794 0.014853060381032448 0.033922765113723795 0.034998140377249548 0.028172545221762567 0.082349077105868224 -0.0066710593768482453 -0.0065830114439776001 -0.01086529012712804 -0.0039558896336200867 -0.042531612797805811 -0.043011892202184251 -0.0062184135477470386 0.056501549070194876 -0.020825941256563361 -0.024583189066155829 0.052440391536638119 0.027477282064875229 0.017761581627851609 0.00704137417421144 -0.0401826180415688 0.0034298564315653935 -0.025752914609043713 0.052353991178624368 0.011402842641389159 -0.0057592790676352854 0.004753384744517186 -0.024777052334759447 -0.030035288807557244 -0.0055967133654481072 0.061226905170787001 0.009881438756824068 -0.025466835511188043 0.018471582877183115 -0.019920528305444142 0.068490876649113741 0.082880288370978855 -0.04649339171707613 0.0047258142728450678 0.017971285970076502 -0.015142460528539138 0.039590324114445526 0.0329014191489687 0.060988708801942119 -0.032800962035364332 0.0053544022601169005 0.0046651461752917258
leaf_weight=25.462273523211479 16.59706749022007 62.420908749103546 22.172223165631294 17.117746502161026 21.326740652322769 48.409154996275902 27.853421449661255 36.793444573879242 392.65669021010399 71.188854411244392 285.65736766159534 66.04028408229351 1439.5103835314512 113.0008966177702 30.826311528682709 37.835215091705322 17.855216965079308 21.125058531761169 29.536473944783211 62.865083053708076 44.082319885492325 48.808872193098068 31.284665808081627 19.131921410560608 18.783735200762749 35.206162557005882 25.486165523529053 49.093484848737717 37.482372090220451 40.546293556690216 22.309468239545822 20.35308039188385 20.279016599059105 30.746213838458061 245.23384910821915 387.13279594480991 116.16611039638519 24.79792582988739 95.525321736931801 104.22233936190605 893.97106048464775 43.805074319243431 80.404665127396584 527.9494716078043 24.735494524240494 24.381018951535225 94.204323425889015 76.355914354324341 17.969592124223709 588.43625068664551 34.024290576577187 24.52454437315464 23.8575369566679 22.35795895755291 293.64390693604946 20.597832322120667 23.055091693997383 21.293886095285416 39.869234398007393 19.500858888030052 44.345272466540337 19.285944372415543 30.203210279345512 43.46065679192543 17.921564787626266 33.018082365393639 168.89055424928665 20.402798816561699 31.763841733336449 31.327850297093391 32.804765522480011 46.060453370213509 17.920866578817368 24.245053246617317 34.410258039832115 269.78339406847954 37.403207629919052 29.123256757855415 793.02485018968582 29.673649400472641 23.851021185517311 61.813711896538734 31.810330346226692 33.157983765006065 95.670188665390015 19.415995106101036 23.899607539176941 32.958795130252838 22.934415519237518 20.01714676618576 56.963504925370216 38.267973706126213 63.122126847505569 19.024979799985886 38.352231115102768 21.334118649363518 63.54767732322216 28.714585483074188 77.844032868742943 75.244170427322388 30.054203853011131 20.152253657579422 135.39616753160954 22.153748720884323 29.733919203281403 28.290602937340736 55.686959594488144 32.645251855254173 19.544948011636734 20.271698668599129 21.565034285187721 48.849490508437157 22.389591678977013 43.498382925987244 48.66134986281395 16.05157171189785 47.359578713774681 53.275994479656219 16.87271124124527 23.807770699262619 32.600859075784683 23.616625040769577 18.695610150694847 32.027743503451347 39.639588564634323 25.138950914144516 24.780510082840919 29.100984171032906 24.830480754375458 19.875378742814064 129.13654692471027 19.127276599407196 18.927428126335144 19.677437990903854 21.02151545882225 23.199334919452667 84.985451817512512
leaf_count=109 81 271 97 73 97 276 121 157 1779 341 1383 294 6853 532 130 193 84 92 130 273 201 217 134 84 82 150 118 211 163 196 94 87 91 146 1185 1848 527 111 446 485 4173 179 391 2455 110 106 419 333 83 2934 147 103 109 99 1349 90 107 103 175 96 208 85 134 195 82 140 744 88 138 141 140 200 81 107 153 1213 175 130 3857 134 106 285 143 155 431 86 114 159 92 82 248 164 266 80 164 88 273 125 359 345 142 95 635 98 133 121 234 140 83 88 102 217 102 193 207 80 206 242 82 103 133 102 83 139 179 107 106 136 108 89 590 86 83 81 96 104 378
internal_value=-0.00018455 0.0103912 -0.00142901 -0.00273094 0.0106741 -0.00375456 -0.00350366 -0.000868821 0.00436339 -0.00713608 -0.0101632 -0.000321447 -0.00454325 0.00150674 0.00786354 -0.0012477 -0.00555495 0.00561484 0.0142722 0.00190442 0.014738 0.0357302 0.0010428 0.0240043 0.00165784 0.0196981 0.0067178 0.0196062 -0.0114775 -0.0131604 -0.000884656 0.0145712 0.0360721 -0.0122733 -0.00737984 -0.00937494 0.00268362 0.0204072 0.000187554 0.00783134 -0.00364332 0.0139269 -0.00443123 -0.00247664 0.0179034 0.00631097 0.00485613 -0.00544321 -0.0181835 -0.0191451 0.040974 0.0193586 0.0156746 0.0240296 0.00895864 0.001985 -0.00396703 -0.00882794 0.0121925 -0.00815906 0.0133263 0.0382843 -0.00483317 0.00343052 0.0164011 0.0574878 0.00783919 0.0514765 0.0441584 0.0117569 0.00535717 0.000952934 0.0178209 0.0174166 0.00707228 -0.00521478 -0.00182968 0.00270602 -0.00981359 -0.00543176 0.00349964 0.005422 0.0108763 0.00532416 -0.004205 0.0349229 -0.0287813 -0.0175777 0.0304322 0.0177662 0.0100401 0.00799511 0.0125921 0.0189927 0.0329438 0.0476617 0.00974045 0.0211772 0.001134 -0.0168424 -0.0220372 -0.0172247 -0.0110329 0.0319536 0.00399857 0.0302863 0.0239011 0.00318573 0.0499523 0.040422 -0.0140688 0.0187594 -0.00308081 0.040592 0.00109922 -0.0349599 -0.00368385 -0.0108063 -0.00681432 0.0122616 0.0463825 0.0310327 -0.0033697 0.0348795 -0.0044193 0.0476114 0.0659813 -0.00804593 -0.0227745 -0.00399288 -0.010676 0.016262 0.0130874 0.0413078 -0.0235388 -0.0126164 -0.00187735
internal_weight=11083.5 1166.27 9917.24 8371.05 593.362 7777.69 7729.28 4480.97 1847.79 3248.3 2248.43 999.87 2633.18 458.954 1103.85 440.581 2523.92 1546.19 484.438 928.681 236.776 92.8912 1517.66 96.1001 1061.76 131.513 96.3073 330.132 246.918 1789.48 930.243 154.273 85.8154 68.4574 2188.04 1826.64 361.4 70.8212 1486.38 496.879 989.496 663.271 362.854 691.906 87.6006 335.88 207.205 604.305 892.063 874.094 88.3691 410.947 358.058 222.018 318.025 136.041 775.97 511.792 236.613 897.417 63.8461 93.5184 115.443 91.5854 61.3822 54.3448 208.76 65.5364 52.8889 193.663 504.993 373.578 131.415 104.716 80.4707 433.64 366.364 298.907 833.571 268.862 48.6489 264.178 202.364 170.554 128.828 41.7255 78.1523 56.8584 126.056 70.5209 537.215 493.41 354.507 257.903 102.519 59.6863 155.384 91.8367 143.884 155.649 67.4574 209.435 155.548 53.4816 140.182 180.964 136.895 60.9359 44.0695 75.9587 73.4911 109.26 51.9261 62.6303 66.5822 53.8868 138.904 100.636 33.4698 42.8328 55.5353 60.4101 41.0536 64.8325 96.6031 74.2324 45.1833 251.744 53.9315 197.813 149.012 48.8009 37.7112 39.6946 67.2759 44.2209 114.719
internal_count=51316 5131 46185 39258 2627 36631 36355 20888 8460 15467 10884 4583 12428 2127 4860 2025 11952 6927 2125 4242 1071 418 7017 440 4802 582 432 1443 1166 8757 4220 683 372 311 10413 8701 1712 314 6883 2264 4619 2835 1687 3171 383 1539 951 2788 4400 4317 384 1791 1561 951 1455 610 3537 2343 1040 4357 304 403 520 411 277 237 919 281 230 859 2243 1676 567 460 353 1967 1660 1343 4053 1216 217 1194 909 766 586 180 376 273 518 293 2317 2138 1526 1099 435 252 664 391 653 736 317 1003 730 239 620 769 583 261 186 322 334 476 232 277 288 273 612 448 163 183 225 259 182 279 427 318 194 1143 244 899 679 220 165 163 307 200 511
is_linear=0
shrinkage=0.0427603


Tree=21
num_leaves=138
num_cat=0
split_feature=28 21 34 1 5 21 15 23 0 58 13 21 23 21 5 13 23 0 21 21 1 21 21 13 28 49 12 12 28 57 57 49 21 12 5 12 14 49 60 23 15 21 21 13 23 34 62 21 21 62 21 21 29 14 12 62 0 21 21 12 33 49 1 49 34 57 33 57 23 21 21 58 14 56 28 12 56 23 15 60 16 57 5 50 58 12 5 60 58 43 13 21 21 25 4 0 49 62 49 60 34 0 48 25 29 28 4 12 33 28 5 14 58 33 25 48 13 12 57 0 49 49 56 23 12 60 28 25 25 1 34 60 58 13 57 12 57
split_gain=67.0549 62.7615 50.3239 53.3331 41.2435 41.0933 48.5122 39.2202 46.7234 37.4819 37.0684 32.1442 30.3609 45.0779 33.2906 28.2353 26.5944 24.8065 28.882 24.8028 23.221 21.8654 39.2556 22.4035 26.7705 21.5031 23.1323 21.4993 28.7067 32.982 21.4735 20.2154 19.6037 19.304 19.0767 18.916 20.0938 18.8214 18.295 17.393 17.3513 17.1433 41.8764 32.818 24.8564 25.5235 17.1744 16.6523 33.6719 16.649 18.2536 38.4983 22.0738 22.1615 18.9117 17.3137 16.0609 15.9757 43.5781 39.5907 36.0776 23.7542 22.888 17.6572 17.0321 15.9616 15.9304 28.182 17.5222 15.9034 15.7636 15.7469 15.68 15.3729 17.0237 15.2714 15.103 15.0976 20.3948 14.9456 14.7533 14.7465 14.5122 14.3439 15.7641 18.5212 18.9052 14.3321 14.2172 17.5021 13.9054 14.5124 18.609 13.8836 20.0062 13.7539 22.9968 18.3362 18.0826 14.6322 15.3952 13.6956 13.6801 13.6352 13.6027 16.4309 16.157 13.4365 13.3582 14.9701 13.3085 15.5084 13.0602 13.3166 12.5999 14.202 12.4269 12.3629 19.0321 15.1835 18.6151 13.3569 13.8737 12.2732 22.5574 15.137 12.0518 11.8542 11.1783 11.1764 11.1711 11.1407 10.9943 10.9747 10.6354 16.202 10.572
threshold=0.056815000000000011 14.885000000000002 81.500000000000014 0.11184006447198556 4.9291098117828378 20.775000000000002 0.96335000000000015 82.280000000000015 0.31084780000000006 0.52712524547071327 -0.66102499999999986 29.280000000000005 -55.404999999999994 15.695000000000002 -0.71822839975357045 -0.16641999999999998 62.355000000000011 0.28131404500000007 15.305000000000001 28.910000000000004 1.2556899833446205 26.740000000000006 27.815000000000001 -0.91157499999999991 -0.057134999999999998 0.46955000000000008 -0.28025499999999998 0.27930500000000008 -0.014734999999999998 0.041110754250000013 -0.052247284499999998 0.023900000000000005 22.365000000000006 0.14195000000000005 -1.8311753273010252 0.062125000000000007 1.4716500000000001 0.81175000000000008 1.9345000000000001 78.825000000000003 -0.99744999999999984 23.190000000000001 23.665000000000003 0.13845500000000002 64.165000000000006 198.50000000000003 3.8464457620147905 29.280000000000005 27.815000000000001 5.8663659271236801 20.210000000000004 24.550000000000001 -0.042374999999999989 0.54365000000000008 -0.037319999999999999 2.0953390363515454 0.20930691000000004 19.435000000000006 22.365000000000006 -0.28025499999999998 0.083700000000000011 0.32945000000000008 -0.13056617594761391 0.16705 214.50000000000003 0.049180447500000009 0.097850000000000006 0.058282435500000007 -52.344999999999992 15.415000000000001 20.775000000000002 0.27582429427194877 0.56855000000000011 1.2542041709859195 0.082505000000000009 0.11792500000000002 0.88731870413232972 42.935000000000009 0.99825000000000008 2.0621000000000005 1.1063500000000002 0.084676801500000023 -26.211202621459957 1.0000000180025095e-35 0.32971607623359606 -0.027 -1.7062579989433286 2.0281000000000007 0.36046050257251944 3.5000000000000004 0.12950000000000003 22.755000000000003 26.695000000000004 0.55025000000000013 4.5000000000000009 0.39928381000000007 0.5445000000000001 2.5506345788676827 0.56150000000000011 2.0687000000000002 189.50000000000003 0.64769198500000014 0.37505000000000005 1.5773500000000003 0.035870000000000006 0.045355000000000006 2.5000000000000004 -0.016509999999999997 0.083700000000000011 -0.059314999999999993 21.302145957946781 2.1064500000000002 0.37705898680713218 -0.19314999999999996 3.00895 0.10875000000000001 0.21908000000000002 0.18315000000000001 0.0054139495500000008 0.31690254500000009 0.7319500000000001 0.31755000000000005 -0.38795524976633772 42.465000000000011 0.14863500000000004 1.8685000000000003 -0.0086149999999999977 0.90385000000000015 2.4005000000000005 -0.60025877399043659 203.50000000000003 1.9447000000000003 0.29937084109857587 0.15025500000000003 -0.13198095449999997 -0.30863499999999994 0.079703092500000003
decision_type=2 2 2 2 2 2 2 2 2 2 2 2 2 2 2 2 2 2 2 2 2 2 2 2 2 2 2 2 2 2 2 2 2 2 2 2 2 2 2 2 2 2 2 2 2 2 2 2 2 2 2 2 2 2 2 2 2 2 2 2 2 2 2 2 2 2 2 2 2 2 2 2 2 2 2 2 2 2 2 2 2 2 2 2 2 2 2 2 2 2 2 2 2 2 2 2 2 2 2 2 2 2 2 2 2 2 2 2 2 2 2 2 2 2 2 2 2 2 2 2 2 2 2 2 2 2 2 2 2 2 2 2 2 2 2 2 2
left_child=1 35 5 4 9 7 21 12 -9 19 -2 31 13 15 20 79 25 76 -19 27 88 23 30 -7 75 80 -27 28 33 -30 -23 -8 87 -4 -34 36 83 93 123 41 -15 43 -43 65 77 56 128 48 49 50 54 52 131 -54 55 73 -46 59 -59 61 62 63 -60 -40 -63 108 67 -26 -68 -10 -29 134 -67 130 -75 -25 -18 -45 -79 101 -16 133 -81 84 85 86 103 -11 89 -14 136 -92 -93 -21 -95 96 -85 99 -97 100 -98 -3 -101 -1 106 -106 -38 -51 -5 -110 -56 -112 -86 -114 115 -61 -62 118 119 120 -37 122 -119 124 125 -6 -24 -57 132 -123 -12 -52 -44 -53 135 -49 -33
right_child=10 2 3 39 38 6 11 8 69 32 47 -13 14 40 16 -17 17 18 -20 37 -22 22 126 24 66 26 -28 70 29 -31 -32 90 34 -35 -36 117 104 -39 57 -41 -42 42 46 44 45 -47 -48 71 -50 107 51 81 53 -55 110 127 -58 58 60 114 116 64 -64 -65 -66 72 68 -69 -70 -71 -72 -73 -74 74 -76 -77 -78 78 -80 82 -82 -83 -84 95 112 -87 -88 -89 -90 -91 91 92 -94 94 -96 98 97 -99 -100 102 -102 -103 -104 -105 105 -107 -108 -109 109 -111 111 -113 113 -115 -116 -117 -118 121 -120 -121 -122 129 -124 -125 -126 -127 -128 -129 -130 -131 -132 -133 -134 -135 -136 -137 -138
leaf_value=0.024062946683758503 0.048716535362299848 0.022597717604388872 0.012677702112022977 -0.024426880342530658 0.00022297398148550085 0.040736549020402787 0.034620993145140409 -0.028872661307011445 0.074894969357430036 -0.055331020502938033 0.020690891666064189 0.031327637360773451 -0.012358044463211018 -0.026063053398542597 -0.0041995692448837359 -0.026445504838944742 -0.047581946031448524 -0.017022755937082829 0.027078589778456522 -0.027047517039813472 0.030952158998825623 0.010398809155354063 0.0055578815575410114 0.023362471230181009 0.011398809846503542 0.038310556174093117 0.0072231962976607644 -0.033207972758063094 -0.014165963305893316 -0.00071930235541097973 -0.043552066275406941 -0.027924234919349821 0.020044303225970152 -0.0076488267378821773 -0.028934823722267217 0.033388988692295118 -0.022956628040421215 0.048862799773227807 0.014953260961058206 0.037054384142214583 0.022582759382691327 0.067294140974490047 0.013667467835303827 0.049767863213299388 0.01834097140852815 0.036189786482386209 0.048182273947564115 0.043398635547691695 -0.024355843504191503 -0.025529826469866571 -0.0068407012654343874 0.004425600126575252 0.034963843078027808 -0.0081906069920883919 -0.023014744082557836 0.058475741929724649 -0.026732607745612241 -0.029918604081355705 -0.012281923286772332 -0.016347011434481303 -0.022718146090261446 0.032227288350125102 0.016154134298564177 -0.024955474471180423 -0.0097523573316273034 0.026991231961734332 -0.024127984728001605 0.04093162620552622 0.0098586405020481306 0.024945491021454123 0.0085492483832890782 -0.012057023441643193 -0.0044290693249583344 -0.033291286620757039 0.021332913376015897 0.064518268745252808 -0.00036845420238799427 -0.008946186571020474 0.022677019879030348 0.016810612732059204 0.032947996075020358 0.0026066053829560472 0.049666278690020223 -0.040856428958425263 0.042797283701396432 0.0081106197886002575 -0.028831767061413261 -0.020295356457086564 -0.027732189785044922 0.029010446606136202 0.028419767283421094 -0.011070753244252905 0.010604981916229196 0.018406415107489381 -0.026633642311617932 -0.0076426393259708073 -0.016374810195985873 -0.043149179934138263 0.034879777276826812 -0.0051690869119592952 0.023351192441456073 -0.0097415868679816067 0.040977063896257243 -0.018710904382287757 -0.032469727892016208 0.015989245709724334 0.015153783418487105 0.015308322031806557 0.033129784397935916 -0.01171277172273032 -0.008207106363686394 0.027482580727814364 0.023611838442005376 -0.01335702789994879 0.025330604718717713 0.0043125457000382367 0.008330644493511655 -0.0071419265018952639 -0.029358852280798001 -0.020333690877351002 -0.010528612450556748 0.01829213556456441 0.045015349312074897 -0.013637030919191441 0.0012978221445753614 0.045068717845015475 0.03303422919601872 0.021790215063031686 -0.016603630176348624 -0.019065038593813019 -0.010454859747636162 -0.04856435742347031 -0.008999442354387762 0.031901804935889018 0.04282773251558724 -0.0053691522023245611 0.0035176829254664923
leaf_weight=27.884949013590813 41.521487012505531 93.569381818175316 195.27876567840576 123.9730322510004 18.363973364233971 82.972877025604248 23.95552584528923 16.628862962126732 28.203442722558975 55.547195285558701 284.31704813241959 53.379231035709381 364.69454765319824 66.868843406438828 434.96251830458641 21.76258297264576 47.464604318141937 81.753820717334747 40.613627687096596 22.476280048489571 21.706868723034859 20.156769275665283 70.791109174489975 37.171739026904106 199.61972101032734 49.402867406606674 396.45779749751091 97.994384765625 1036.7379309386015 493.4667162746191 39.624340891838074 74.441337689757347 23.330737352371216 151.43505853414536 38.143369093537331 26.628574758768082 23.011796519160271 19.224991604685783 49.579990044236183 31.414356768131256 16.608754605054855 24.013920366764069 194.21668913960457 25.884479269385338 18.339644864201546 20.678640946745872 18.747293949127197 21.399274915456772 63.035096406936646 46.756366103887558 18.665475204586983 37.321925207972527 25.224276497960091 157.41889500617981 33.856560662388802 30.927152827382088 65.580008745193481 112.29335141181946 68.39439694583416 171.55039563775063 122.92331299185753 137.13733878731728 209.92350769042969 34.254729568958282 19.988341718912125 36.143483310937881 32.353288635611534 84.610299348831177 191.30168920755386 20.809167504310608 19.562531381845474 19.838649585843086 147.09413450956345 23.56902489066124 18.569858059287071 30.832787200808525 17.193302527070045 49.102055430412292 151.25935593247414 42.212666437029839 20.438160002231598 98.996305122971535 61.793218106031418 62.808992832899094 21.729993507266045 89.477341592311859 88.712544694542885 36.019908577203751 110.00103956460953 19.611498132348061 27.004813998937607 227.3374271094799 105.99063369631767 93.064468890428543 22.256715625524521 245.75280372798443 246.02738483250141 32.806261897087097 19.712268218398094 31.780061647295952 19.083522394299507 31.812234684824944 18.429016068577766 26.551822111010551 33.222873151302338 20.574740007519722 167.52351658046246 21.267024219036102 17.344343721866608 62.939304023981094 47.156223848462105 41.814812153577805 35.020905032753944 36.04757909476757 20.968298688530922 93.522743135690689 28.766786575317383 19.591529846191406 186.7016859203577 109.12036043405533 52.028612434864044 17.468953743577003 17.453370705246925 25.135700047016144 72.821706354618073 59.195818334817886 50.644046828150749 35.525793850421906 35.277824357151985 85.602862685918808 22.41278900206089 33.509211301803589 48.58500212430954 98.395523488521576 52.657777935266495 29.269663006067276 25.97761295735836
leaf_count=130 173 434 862 603 81 356 104 87 122 311 1218 226 1723 315 2005 118 228 386 178 102 98 89 311 153 901 218 1845 482 5017 2306 183 356 113 708 205 134 110 82 217 143 79 100 844 117 84 91 82 88 293 207 93 161 111 719 152 131 302 536 313 802 579 594 949 150 88 159 148 360 842 96 88 85 659 106 79 133 80 229 678 181 92 438 266 333 105 424 431 170 541 91 121 1053 477 411 98 1179 1232 188 90 147 96 143 83 125 160 96 781 92 78 300 209 179 168 176 96 434 134 97 959 539 264 87 86 114 323 259 214 154 156 438 97 178 221 412 218 121 121
internal_value=-0.000178801 -0.0013956 0.000211611 -0.00268893 -0.00521325 0.0041752 0.00985932 0.000263603 0.0327733 -0.0086013 0.00893008 -0.000151237 -0.000833184 0.0108777 -0.00328047 0.0199391 0.000954699 -0.01371 -0.00232502 -0.0071423 -0.0122269 0.0162801 0.00307768 0.0199001 0.0168851 0.00400607 0.0106844 -0.00843245 -0.00731591 -0.00983447 -0.0252373 -0.0036332 -0.0290639 0.00377828 -0.0102257 -0.00870464 -0.00584704 0.00919781 0.00105311 0.00567308 -0.0162957 0.00471729 0.0129372 0.00103559 0.0109359 -0.00624847 0.00851462 0.00761507 0.00599075 0.00777592 0.00916234 0.00298118 -0.00924065 -0.00219008 0.0145416 0.018901 -0.016794 -0.00104067 -0.00619858 0.00425293 0 0.0170309 0.00913959 -0.0012651 0.0268398 -0.00739824 0.0134901 0.0202163 0.00490909 0.0538395 -0.0261962 0.0225727 0.0017282 0.0150559 -0.00904369 0.0421314 -0.0351419 0.0189134 0.0148902 0.024372 -0.00251612 0.01524 0.0364025 -0.00853134 -0.00112963 -0.00709479 -0.0166508 -0.04163 -0.0141381 -0.0102277 -0.00563822 -0.0016942 -0.00415615 0.00361004 0.00964952 -0.0120814 -0.0169887 -0.0126612 -0.00445717 -0.00946565 -0.0134872 0.0143334 0.0116214 0.00306377 0.00512891 -0.0137991 0.0105121 -0.0126532 -0.0156218 -0.00193272 -0.000138721 0.00848324 0.013744 0.00475622 -0.00648528 -0.00903001 -0.0167812 -0.0156103 -0.0196707 -0.00999855 0.0042452 -0.00470542 0.0172319 0.0138512 0.018495 0.034546 0.0170778 0.0389753 0.00581365 -0.0126617 0.0183909 -0.0337798 0.00910128 0.0244005 0.0292933 0.0150813 -0.0197167
internal_weight=11066.9 9763.44 8002.69 4619.95 3549.36 3382.74 1378.17 2004.57 65.6415 2304.54 1303.43 538.087 1938.93 334.628 1604.3 251.15 1088.29 187.025 122.367 2151.5 516.014 840.079 181.216 658.862 575.89 901.261 445.861 1994.48 1876.92 1530.2 59.7811 484.707 153.041 346.714 61.4741 1760.75 1246.16 157.022 1244.82 1070.59 83.4776 1039.18 320.841 718.338 330.844 104.598 296.827 1261.9 1138.74 1075.7 1007.68 469.532 234.818 182.643 538.149 415.322 83.9197 1069.3 542.301 527.002 430.008 240.96 278.318 83.8347 157.126 387.494 507.885 284.23 223.655 49.0126 117.557 123.165 183.238 348.869 42.1389 68.0045 64.6579 226.246 200.361 229.388 455.401 234.714 104.006 1001.83 325.425 232.627 143.149 91.5671 494.307 384.306 460.752 360.333 333.328 137.797 115.321 676.4 410.935 348.126 265.465 315.32 265.111 125.382 50.2091 54.4368 244.333 53.7976 190.535 68.0234 204.257 80.2836 122.828 88.971 92.7985 71.0685 286.041 265.073 151.69 514.596 374.479 187.778 78.6572 140.117 37.0449 175.517 150.381 77.5598 121.435 66.4529 278.08 103.072 306.73 52.1747 242.802 135.717 103.327 50.6689 100.419
internal_count=51316 45602 36944 21470 16624 15474 6148 9326 305 10955 5714 2458 9021 1536 7485 1142 5032 872 564 10156 2453 3690 797 2893 2537 4160 2063 9463 8893 7323 272 2232 799 1570 318 8658 6054 693 5669 4846 394 4703 1403 3300 1501 477 1303 5541 5029 4736 4437 2112 1101 830 2325 1785 386 4892 2511 2381 1975 1049 1262 367 682 1799 2251 1261 990 218 570 512 818 1500 185 286 308 1024 907 1024 2097 1011 447 4907 1559 1110 686 481 2355 1814 2128 1651 1530 611 509 3348 2079 1746 1269 1558 1328 577 230 255 1147 256 891 299 981 378 540 388 449 344 1332 1236 713 2604 1896 937 398 708 183 777 663 340 525 285 1221 525 1315 271 1065 573 427 209 477
is_linear=0
shrinkage=0.0427603


Tree=22
num_leaves=138
num_cat=0
split_feature=37 23 28 37 58 60 27 59 28 37 27 29 28 5 9 37 2 2 37 16 34 5 37 34 16 7 39 57 15 16 9 29 34 27 9 29 45 12 7 33 45 28 33 37 5 28 12 5 37 39 60 33 60 9 5 62 60 34 2 39 28 2 16 25 28 39 2 25 12 27 7 28 27 15 39 15 7 2 27 12 15 34 34 14 29 34 50 23 39 23 4 37 37 34 28 12 27 5 33 62 45 27 25 2 2 56 7 29 28 9 57 27 28 34 45 2 27 5 45 12 45 60 62 39 33 58 34 39 7 60 34 16 16 15 16 14 28
split_gain=69.954 67.0661 66.6196 53.9944 40.797 34.5216 31.6852 32.2008 29.7233 75.6244 36.0356 34.6589 39.7585 28.8531 27.917 25.4355 38.2633 36.3874 24.5628 25.0271 24.1911 24.0871 24.3288 23.9915 22.9368 22.8368 22.7407 35.4707 21.6438 21.4228 21.3193 22.3506 21.134 20.6192 20.915 20.2128 20.1966 19.1124 19.0634 18.6829 18.4767 23.2933 21.5139 18.4657 17.2044 18.032 19.238 16.8488 27.9236 17.7506 21.1795 16.9969 16.745 16.6568 16.2208 16.2088 16.1264 15.645 17.9141 16.4594 15.1323 15.0984 14.9536 14.6374 14.1687 14.1548 14.1591 13.9629 13.3908 13.3582 13.819 13.1473 16.3498 13.11 12.6656 12.6526 12.5118 12.3462 12.1368 11.9334 11.8537 12.3973 11.7229 11.4704 11.4227 11.3885 11.0328 10.967 10.7442 10.4284 9.96413 9.9085 9.87461 9.80212 9.6115 9.30828 11.2395 9.02764 8.83182 8.8233 8.51794 12.8632 15.4512 14.7284 13.6331 9.06772 8.33656 8.31981 7.7271 7.94559 7.65292 7.53418 7.2757 7.26873 7.17061 7.0906 6.94409 6.71818 8.76937 6.66641 9.16534 6.4486 5.96499 5.76133 5.45491 5.01499 4.93564 4.76158 4.64199 4.51119 4.42495 4.38955 3.86195 3.83452 3.3727 2.14082 2.10107
threshold=-0.58174999999999988 71.875000000000014 0.056815000000000011 0.88085000000000013 0.74729017030732503 2.2427000000000006 0.029985000000000001 0.011079140000000003 0.025805000000000005 0.40920000000000006 0.0073550000000000013 0.028565000000000004 -0.011454999999999998 2.8345013856887822 4.5000000000000009 -0.062049999999999994 0.94352909912304028 0.77088951276273521 0.34935000000000005 -1.0633499999999996 82.500000000000014 4.4949808120727548 -0.29684999999999995 191.50000000000003 -0.85259999999999991 39.982849116109442 0.10935000000000002 -0.12581187299999996 -1.0020499999999999 -1.0241499999999999 1.0000000180025095e-35 -0.036714999999999991 12.500000000000002 0.087455000000000019 1.0000000180025095e-35 0.057065000000000012 1.7115000000000002 -0.26822499999999994 46.644781589870369 -0.025949999999999997 0.27355000000000007 0.082505000000000009 -0.51574999999999993 1.8397500000000002 -0.38155817985534662 -0.0077649999999999993 0.059190000000000013 0.22152661532163623 -0.86084999999999989 0.2109 1.9559000000000002 -0.096049999999999983 1.9853000000000003 1.0000000180025095e-35 29.746663093566898 2.5223123735516242 2.1191000000000009 110.50000000000001 0.84600182426269399 0.55810000000000015 0.075905000000000014 0.47436345252320994 1.0455500000000002 1.4254500000000003 0.041365000000000006 0.17445000000000002 0.86567669448104245 0.37415000000000004 -0.22211499999999998 0.029985000000000001 42.55327861416044 -0.047489999999999997 0.062520000000000006 -1.02335 0.11395000000000001 -1.0367499999999998 50.377162051603911 0.37948235630268112 0.041265000000000003 0.033955000000000006 1.0022500000000003 22.500000000000004 144.50000000000003 0.56855000000000011 -0.018344999999999997 35.500000000000007 1.0000000180025095e-35 20.880000000000006 0.21275000000000002 47.565000000000005 3.5000000000000004 1.7180500000000001 1.1714500000000003 34.500000000000007 -0.013554999999999998 0.059190000000000013 0.0068250000000000003 48.833993911743171 0.32090000000000002 0.93631773249721706 1.8621000000000003 0.044480000000000013 1.3583500000000004 0.48379594898724682 0.87367478113109975 -0.040311403143767528 47.688447554187853 0.067045000000000007 0.014085000000000002 1.0000000180025095e-35 0.27095952900000003 0.017355000000000006 -0.0080449999999999983 77.500000000000014 2.1982500000000003 0.59699717138414854 0.015275000000000002 1.7050971388816836 0.7742500000000001 -0.15894499999999998 0.50800000000000012 2.1243000000000003 1.0399499029198631 0.047850000000000011 1.1681500000000002 0.11342643121234705 27.500000000000004 0.48765000000000008 46.245919731079276 1.9289000000000003 84.500000000000014 0.94245000000000012 1.0382500000000003 1.00695 0.98915000000000008 0.53395000000000015 0.072345000000000007
decision_type=2 2 2 2 2 2 2 2 2 2 2 2 2 2 2 2 2 2 2 2 2 2 2 2 2 2 2 2 2 2 2 2 2 2 2 2 2 2 2 2 2 2 2 2 2 2 2 2 2 2 2 2 2 2 2 2 2 2 2 2 2 2 2 2 2 2 2 2 2 2 2 2 2 2 2 2 2 2 2 2 2 2 2 2 2 2 2 2 2 2 2 2 2 2 2 2 2 2 2 2 2 2 2 2 2 2 2 2 2 2 2 2 2 2 2 2 2 2 2 2 2 2 2 2 2 2 2 2 2 2 2 2 2 2 2 2 2
left_child=1 24 4 23 5 6 8 32 11 10 15 12 20 -12 26 16 -10 -17 19 135 77 22 -14 30 33 112 27 -11 -23 -6 31 134 75 44 93 52 40 88 -22 64 80 43 -43 54 83 94 -47 48 55 56 -51 129 -20 -21 65 87 119 59 128 60 68 -37 -33 -39 67 92 -67 -7 113 70 -48 -34 85 -71 -28 121 98 -2 117 132 -5 -82 136 -1 -38 -73 89 -26 -16 -62 110 -92 -42 -35 -46 96 126 -56 125 130 -86 102 105 111 -105 -102 -70 -75 109 131 -44 -104 -9 -32 -36 -111 -15 -27 -119 -49 -121 -8 123 -77 -45 -53 -41 -103 -59 -50 -85 -89 -69 -31 -4 -13 -83
right_child=2 -3 3 36 29 39 7 25 9 14 13 18 21 116 37 17 -18 -19 35 53 38 28 -24 -25 47 78 74 -29 -30 133 57 62 71 34 114 61 84 63 -40 95 41 42 90 124 45 46 69 49 51 50 -52 76 -54 -55 97 -57 -58 58 -60 -61 86 -63 -64 -65 -66 66 -68 79 106 73 -72 72 -74 107 -76 122 -78 -79 -80 -81 81 82 -84 99 100 -87 -88 108 -90 -91 91 -93 -94 -95 -96 -97 -98 -99 -100 -101 101 127 103 104 -106 -107 -108 -109 -110 115 -112 -113 -114 -115 -116 -117 -118 118 -120 120 -122 -123 -124 -125 -126 -127 -128 -129 -130 -131 -132 -133 -134 -135 -136 -137 -138
leaf_value=0.0051530504459090069 0.023628242560299252 0.06047913212732399 -0.037480877991729687 0.018707453603554691 0.010891289949426237 -0.023101186612561522 0.026657912047526159 0.032715623034204222 0.01193585816264313 0.036689044269226957 0.0024712460018511411 -0.015055926466881493 -0.0019792560546945601 0.045319859331578768 -0.008528474398911072 0.0149284829826298 0.072096778688649985 -0.0044005603171333651 0.0076374603705009689 -0.0046478370101278249 0.0025228966108893484 0.018163918727219258 -0.014591569487326959 -0.014225683242109051 -0.0049684997839334506 -0.016271745590161937 -0.039829677714515448 0.00071032361740887696 -0.0060438306622897509 -0.051676861892828316 -0.013951740889548269 0.044155927888459227 -0.020092790086393014 0.051881086048819337 0.012649126175962901 0.045126323329443857 -0.032756207170162144 -0.016691534951198222 -0.012498816067062025 0.034784721334566504 0.035251395696819433 -0.0077443787148190829 0.004796958648891389 -0.041704595838862879 0.0032543133361711287 0.037751598202215728 -0.00056431323738735976 0.040227730775707897 -0.011023903175569236 0.01809768502964771 0.066463917845054038 -0.0016942723060067617 -0.021384651852131217 0.014189669611631161 0.047909939835237524 -0.0092738280785521279 -0.01848700314050496 0.045340144148746632 0.010002396752392832 -0.01517739769604424 0.065026616615488808 0 -0.0029051970179956744 -0.041694203984260145 -0.026908902101480899 -0.0013307789633129692 -0.044684101714640705 0.045450692029927381 0.047212699309342396 0.025942842094706674 -0.049526929619424363 0.019861048494514654 0.037463054601651676 -0.0076279368172170424 -0.0059327304978891958 -0.0016867897532007552 0.029820924433691689 0.0029821800674517409 0.034674563782028642 0 0.014543588853727403 -0.050766609494742092 -0.0019687221215103517 -0.052060318987610113 -0.02980418037124791 0.001634395132045754 0.0141341051720274 0.051831858828948023 0.023610275425961474 0.028494752333008449 0.066939027364897236 0.03038941615087996 -0.0021353879546063691 0.013306521292657525 0.044312665620097461 0.0082174564622959981 0.011567470336980508 0.013236046666135887 0.010987501095083452 -0.0059601375120203158 0.046720602284803646 -0.039205823251231814 0.038346008471858518 -0.023224917622009362 0.0054084753656930343 0.008368338929413896 0.01804783814659924 0.014140564725519587 0.052005246068202358 0.029224762395129195 0.038664112833161811 0.00052022412815413846 0.07089249606240848 0.0190975305378621 -0.022417689700204229 0.0081678352888669824 0.080716544040645669 -0.0076013181681638788 0.031418244149939253 0.036182404159076927 -0.0012780934725239762 -0.008625316306099369 -0.039341302498826662 -0.025221838469296952 -0.007717349787257897 -0.032955855134053351 0.064234082378911123 -0.01073276162312907 0.070508295427808204 -0.037349902860949705 -0.023075225113234805 0.023291993156747567 0.018757112871835811 -0.024461156129931671 -0.0095827868521186927 -0.03696270781538917 -0.029418106891761803
leaf_weight=25.075686544179916 58.172387897968292 45.800980135798454 16.206943452358246 22.096675038337708 15.150005444884298 18.224201813340187 18.033471867442131 18.882058873772621 73.019772931933403 55.957634538412094 24.503610134124756 17.23949933052063 337.5072737634182 25.392957806587219 76.332059159874916 344.04476800560951 26.501713380217552 368.31439845263958 46.82305321097374 108.34908336400986 248.55243688821793 73.265458598732948 1671.6136461347342 34.105765625834465 23.13376846909523 22.407318308949471 20.750436767935753 483.49142959713936 846.17535755038261 46.19218285381794 30.060672208666801 26.075872018933296 32.313063278794289 33.147333040833473 24.615035131573677 18.502240225672722 29.03329236805439 182.72312983870506 404.99401845037937 22.497558280825615 26.527847319841385 27.843098223209381 27.83847950398922 18.079872876405716 18.164503574371338 21.232789114117622 20.376146301627159 26.805894151329994 22.519456148147583 33.859338670969009 33.429269582033157 18.221201553940773 157.47001770138741 403.23732160031796 23.115167081356049 33.839006796479225 22.014974966645241 34.394287869334221 21.129097059369087 19.319507479667664 35.096890971064568 49.578548029065132 22.918352097272873 56.831822469830513 22.982902973890305 56.732606679201126 18.355654686689377 23.391349092125893 26.639470651745796 29.870178163051605 22.543424054980278 80.496637523174286 32.210471615195274 199.44909892976284 826.00690388679504 34.960193276405334 26.646480292081833 612.24428376555443 32.539090916514397 35.309551954269409 18.024514347314835 18.995043441653252 24.560055628418922 24.62348099052906 22.447877645492554 288.39113339781761 22.485501915216446 23.131002604961395 25.318411469459534 25.708301886916161 25.065044894814491 32.114764213562012 24.491140067577362 19.857461705803871 25.83704662322998 29.341110214591026 21.453958213329315 35.894293084740639 35.546874329447746 21.414278715848923 18.738804563879967 19.236273095011711 18.630797043442726 73.259769514203072 51.375154048204422 29.809192076325417 59.413813561201096 38.077397152781487 19.177419632673264 52.219051495194435 22.549690321087837 20.762680560350418 19.778593137860298 20.422617167234421 18.718776032328606 69.494540691375732 18.945297956466675 19.81852525472641 21.913553029298782 19.508853763341904 29.862812489271164 19.518679708242416 24.527885586023331 43.658796191215515 17.742039665579796 20.564154982566833 22.516806855797768 26.553274393081665 25.715811222791672 27.842355966567993 17.812220185995102 19.434892684221268 19.401867061853409 13.386518910527228 17.286804586648941 18.728856652975082 19.93918177485466
leaf_count=114 267 203 85 96 78 81 81 81 324 244 110 81 1627 110 341 1544 111 1680 209 496 1129 346 8379 154 97 106 97 2229 4095 292 128 111 145 139 110 81 143 869 1933 94 114 120 119 84 79 97 93 116 101 148 140 80 737 1806 99 142 95 142 89 81 144 224 101 271 104 255 83 98 110 129 114 360 139 901 3869 167 116 2803 145 155 81 90 109 117 100 1316 93 94 114 106 104 136 113 82 113 127 95 156 156 103 82 90 82 329 225 132 252 166 81 227 94 93 83 87 83 298 80 94 101 83 130 87 116 206 80 94 95 116 107 126 83 81 83 69 89 88 89
internal_value=-0.000174188 0.00974086 -0.00134214 0.00806997 -0.00265159 -0.00237748 -0.00281189 0.00583028 -0.00361113 9.57601e-05 0.0102958 -0.00551858 -0.00707108 0.0400251 -0.00510048 0.00776587 0.0280308 0.00492431 0.00252437 0.00775111 -0.000915675 -0.00985133 -0.0124765 0.020076 0.00765575 0.0245964 -0.00239725 0.00445619 -0.00410678 -0.0341171 0.0229983 0.00350959 0.00139349 0.00153583 0.0195467 -0.00795578 0.00124516 -0.0160611 -0.00677453 0.014531 0.00693793 0.0115683 0.0255401 0.00297158 -0.00218393 0.00180265 -0.00158967 0.0138015 0.00893986 0.0252665 0.0422365 -0.00541143 -0.0146967 0.0101856 0.00843953 0.0180042 0.0135618 0.0279928 0.0442989 0.0224226 0.0257607 0.0121631 0.0219909 -0.0226541 0.00316863 -0.000160724 -0.0120275 0.0104219 0.0169043 -0.00430542 -0.0264546 0.00607957 0.00820653 -0.000722558 -0.00677216 -0.0129889 0.00464662 0.00478471 0.0133858 0.0183389 -0.00891509 -0.0164934 -0.0254207 -0.0191033 -0.00718181 0.0056318 0.0401898 0.0225081 -0.000450669 0.0497031 0.0342243 0.046541 0.0171593 0.0375696 0.0275316 0.0286031 0.0374904 0.0269442 -0.00427833 -0.0287453 -0.00451127 -0.00228502 0.0021113 -0.00412215 -0.0113627 0.0233245 0.0271626 -0.00410708 0.0260132 0.0229338 0.0201003 0.0185978 0.0524388 -0.000435204 -0.00232778 0.0172628 0.0606121 0.00247002 0.0127106 0.0229211 0.0133744 0.00812149 -0.0207463 -0.0148505 -0.0250782 -0.0184604 0.0496806 -0.0228563 0.056231 -0.0257253 -0.0400688 0.0389753 0.0335215 -0.0456864 -0.0233035 -0.026669 -0.0400241
internal_weight=11050.5 1163.87 9886.68 1206.79 8679.89 8605.16 8390.04 709.449 7680.59 2608.13 880.723 5072.45 4252.52 68.8419 1727.41 811.881 99.5215 712.359 819.929 547.555 1323.96 2928.56 2009.12 436.98 1118.07 135.339 1386.21 539.449 919.441 74.7287 402.874 82.488 574.11 560.815 96.3386 272.374 769.812 341.205 653.546 215.119 459.965 356.35 135.411 220.939 464.476 375.551 331.549 557.251 391.77 165.481 67.2886 151.341 204.293 511.586 185.117 240.43 98.1925 320.386 81.2392 239.147 219.827 68.0808 48.9942 239.555 119.31 126.107 75.0883 96.327 136.537 310.316 42.9196 433.411 401.098 267.397 846.757 140.699 100.979 670.417 96.6785 78.1028 103.615 81.5188 63.4943 88.9257 309.847 368.888 83.2907 206.591 101.65 60.8052 107.568 57.1798 51.019 53.0048 44.0016 95.8094 66.4683 59.0095 74.3322 63.85 280.814 258.366 212.576 164.028 124.635 48.548 86.0533 237.526 183.457 164.279 50.3882 39.3935 38.6607 50.4833 43.3338 121.714 44.3383 64.1394 41.7321 76.1776 49.3717 37.5522 103.147 78.619 35.8219 38.7854 45.0144 45.7895 60.1101 50.3618 42.4357 42.5659 42.7932 59.5787 33.4937 35.9684 38.9342
internal_count=51316 5131 46185 5293 40892 40453 39521 3227 36294 11993 3959 24301 20579 300 8034 3659 435 3224 3722 2471 6132 14447 10006 1879 4928 610 6439 2473 4441 439 1725 386 2617 2523 414 1251 3414 1595 3062 932 2022 1557 573 984 2109 1692 1500 2405 1693 712 288 673 946 2302 820 1020 424 1339 338 1001 920 305 212 1140 521 565 338 417 577 1403 207 1960 1815 1196 3966 657 446 3070 446 336 465 369 288 417 1392 1676 343 878 455 250 453 240 227 221 192 411 284 255 330 303 1249 1149 943 729 554 214 362 1067 781 700 213 175 164 215 193 525 190 301 195 329 213 168 489 373 164 174 189 206 249 227 200 175 181 361 174 169 179
is_linear=0
shrinkage=0.0427603


Tree=23
num_leaves=138
num_cat=0
split_feature=31 37 21 28 23 58 23 21 35 23 6 23 35 27 1 35 35 16 21 21 22 9 31 6 23 6 35 37 58 57 16 23 57 34 6 27 16 14 44 44 6 28 2 2 23 30 48 35 16 1 21 29 34 34 23 16 9 56 57 14 35 29 39 23 6 28 56 35 30 31 57 33 62 6 21 34 31 16 21 33 36 44 28 37 9 57 58 0 21 21 34 33 28 21 2 1 36 56 9 43 34 28 56 29 39 0 27 2 0 31 56 62 30 30 56 35 39 33 62 39 0 31 2 0 33 44 16 28 37 21 14 31 33 31 14 33 22
split_gain=73.2778 65.5973 67.6969 41.6308 36.0208 33.7617 33.4525 33.4294 42.9148 37.7773 31.912 31.0405 30.5297 30.1077 30.571 29.5781 51.7735 37.9885 43.5945 38.3083 36.8766 33.8947 27.2895 27.0635 24.9817 24.1602 23.3879 22.6811 22.3317 23.8884 22.0709 22.063 20.9485 42.9561 27.5892 20.6599 20.5272 20.4759 19.9622 22.2839 20.4602 20.9035 19.9195 19.733 19.4193 27.1245 18.7362 18.3878 23.477 22.0282 18.3696 22.5637 20.9687 21.745 17.9197 17.4281 22.1004 17.3967 17.3407 17.2662 17.0696 16.7784 16.1338 17.4989 16.0994 16.0294 16.0027 15.901 15.2643 19.7183 15.2536 20.1814 14.8731 14.7956 14.7562 14.6799 18.0781 14.5236 14.2795 14.5299 13.9816 13.8746 13.8696 14.47 13.687 13.6096 13.5487 13.4895 13.3287 12.849 12.4695 12.8917 12.2746 13.7574 12.0624 11.8066 11.7914 13.8941 11.7183 11.586 11.3937 11.3572 11.3505 11.2937 11.2448 12.7317 12.0975 11.1398 10.4273 10.4005 10.3178 10.3023 11.7978 13.6541 10.1169 10.1014 9.60153 9.60065 16.3836 9.04789 8.84126 8.75047 8.01773 10.6856 9.37895 7.54874 7.08792 6.7364 6.62382 6.44149 6.22645 6.07595 6.07344 5.98348 5.82543 5.53627 5.19941
threshold=0.053465000000000006 -1.1226999999999998 29.280000000000005 0.066305000000000017 23.495000000000005 0.74729017030732503 91.77000000000001 15.695000000000002 1.0000000180025095e-35 85.905000000000015 0.043486591687612604 61.135000000000012 31.500000000000004 -0.075594999999999982 1.2556899833446205 1.5000000000000002 8.5000000000000018 -0.64224999999999988 23.190000000000001 20.535000000000004 2.3548500000000003 2.5000000000000004 -0.11546999999999998 -0.05101838639608109 -10.574999999999998 -0.035724719395768288 22.500000000000004 1.3370500000000003 0.21329265694653429 0.44267267999999999 1.1165500000000004 42.725000000000001 0.094803574500000015 11.500000000000002 0.41065485608185298 -0.006474999999999999 0.9063500000000001 1.2395500000000002 0.40975000000000006 -0.11094999999999998 0.2405127931745861 0.037055000000000012 0.6522774327122155 0.11611054937647451 37.025000000000013 -0.028269999999999997 0.12405000000000001 22.500000000000004 -0.89854999999999985 0.043462223308802957 26.170000000000005 -0.040094999999999992 107.50000000000001 162.50000000000003 -37.874999999999993 -0.96094999999999986 1.5000000000000002 0.18032216061952419 0.079703092500000003 0.59905000000000008 14.500000000000002 -0.078424999999999981 0.068750000000000019 29.775000000000002 0.26650053566236204 0.060565000000000008 -1.0000000180025095e-35 8.5000000000000018 0.019495000000000002 0.10158000000000002 -1.0000000180025095e-35 -0.011449999999999998 0.64016640215791953 -0.006360084207603099 14.885000000000002 83.500000000000014 0.065675000000000025 1.0382500000000003 27.815000000000001 1.4222500000000002 0.28210000000000007 0.10065 0.029315000000000004 0.28195000000000003 1.0000000180025095e-35 -0.066715657499999984 0.43364200223736638 0.47538618500000007 22.755000000000003 27.110000000000003 50.500000000000007 -0.19894999999999999 0.082505000000000009 19.435000000000006 0.69577930333079085 0.034922843748631908 0.22910000000000003 0.26738527782848992 1.0000000180025095e-35 1.0000000180025095e-35 81.500000000000014 0.034065000000000005 0.13326407656597594 0.048325000000000007 0.12505000000000002 0.40294347500000005 -0.019214999999999999 0.99569813401967111 0.6795646500000001 0.14885000000000001 0.46196076072617281 1.6796632943549501 0.142875 0.012065000000000001 -0.48918373460406295 29.500000000000004 0.29955000000000004 1.0015000000000003 1.2171614842451661 0.11815000000000002 1.3179900500000004 0.0075450000000000005 0.58105437453263542 1.0461619500000003 0.35595000000000004 -0.072249999999999995 -1.0219499999999997 0.034385000000000006 0.76345000000000007 30.655000000000005 0.82605000000000006 -0.012364999999999999 0.039550000000000009 -0.0070249999999999991 1.6792000000000002 -0.28834999999999994 2.0001000000000002
decision_type=2 2 2 2 2 2 2 2 2 2 2 2 2 2 2 2 2 2 2 2 2 2 2 2 2 2 2 2 2 2 2 2 2 2 2 2 2 2 2 2 2 2 2 2 2 2 2 2 2 2 2 2 2 2 2 2 2 2 2 2 2 2 2 2 2 2 2 2 2 2 2 2 2 2 2 2 2 2 2 2 2 2 2 2 2 2 2 2 2 2 2 2 2 2 2 2 2 2 2 2 2 2 2 2 2 2 2 2 2 2 2 2 2 2 2 2 2 2 2 2 2 2 2 2 2 2 2 2 2 2 2 2 2 2 2 2 2
left_child=1 55 3 5 133 6 12 8 72 11 66 30 13 36 23 24 17 18 21 20 -19 54 82 -15 95 -7 32 50 29 61 37 62 33 34 110 -33 128 47 39 -34 41 -40 132 -30 121 -46 109 68 49 -49 51 88 73 -54 -17 56 -1 67 81 -23 -42 -18 -6 -64 -16 -41 -8 134 101 -70 71 94 102 -53 -59 80 -77 135 79 122 -72 -35 -14 -84 -20 -73 -22 -76 -5 125 -65 120 100 131 -63 -9 98 -98 117 -75 -29 -10 -2 119 106 -106 -100 136 -69 -32 -13 112 113 -21 -31 -50 -95 118 -45 -86 -92 -24 -57 124 -124 -52 -58 -115 -3 -97 -48 -94 -28 -4 -39 -37 -44
right_child=7 2 4 27 31 25 10 15 9 -11 -12 26 22 14 64 16 28 19 84 111 86 59 44 -25 -26 -27 42 92 43 114 46 35 38 58 -36 77 -38 57 40 65 60 -43 107 96 45 -47 130 48 115 -51 89 52 53 -55 -56 78 126 74 -60 -61 -62 70 63 90 -66 -67 -68 108 69 -71 75 85 -74 99 87 76 -78 -79 -80 -81 -82 -83 83 -85 103 -87 -88 -89 -90 -91 91 -93 93 116 -96 129 97 -99 104 -101 -102 -103 -104 -105 105 -107 -108 -109 -110 -111 -112 -113 -114 127 -116 -117 -118 -119 -120 -121 -122 -123 123 -125 -126 -127 -128 -129 -130 -131 -132 -133 -134 -135 -136 -137 -138
leaf_value=0.023372139826250356 0.077175791508951444 0.02384803195494441 -0.0040234124081001089 0.016188622208102535 0.057131160432347887 0.01378826696119826 -0.030589749464865014 0.005477864770365666 0.0068691097892353741 0.04601729871565706 0.061387963924795237 -0.033478360165530213 0.0042207037987151792 -0.0019016257616770989 0.040955163487614528 -0.033715059864627701 0.043149164058490799 -0.014260835205336813 0.072821514341939939 0.019920871127918051 0.029640360720177065 0.072654445928862804 -0.0058938726788074405 -0.0080292800925841658 0.024249367991910551 -0.049348046082574724 0.023609433402205331 0.0035837907506103724 -0.038558114519421822 0.02193509384235216 0.061397851344389631 -0.024478126424846081 0.022390807584984792 0.033337634747074768 0.033682643942306537 -0.016441328060141036 -0.014158884071436798 -0.012076436364022924 -0.02370079025182624 -0.024978914580422121 0.0044550006938299047 0.017959952010164613 -0.021309549249632572 -0.01659452719915654 0.058231451031261157 0.0026415763578053596 0.020173941156711388 0.035616369883895653 -0.034938375103363291 -0.01780216898188771 0.027693578619453804 -0.02608363605054153 0.063178942965497795 0.0079032732531958555 0.012764103956014933 0.046860331872369106 -0.0035072405287585001 -0.029183579123148645 0.066059693928861588 0.018591349706615624 0.052833819032608892 0.0013134437609233691 0.060053455335962264 0.047999384019038208 -0.0065357098281322345 -0.00075336997179692065 0.022416171024626754 0.069146800183093743 -0.016584451383903676 0.011003980763218044 0.014285613957346937 0.033760075478348597 0.010188307059680546 1.0517895252717778e-05 0.019342517445005262 0.030972902871949006 -0.0034396024098398005 0.036364439890931001 -0.0070891329601811739 0.001095733731628866 0.043585091632912923 -0.0085955550542119712 0.075478063358427619 0.024989905738603706 0.047892563905721379 -0.0088982022404703737 0.069173807570506562 -0.021957817512740632 -0.030061504162784958 0.0077742009410196079 -0.019486918986077514 0.030596493468697954 0.0074229149090649796 0.008388345336716313 -0.032574039298464641 -0.029518947022946402 -0.0041663059720746052 0.037382364144929299 0.029481857732926952 0.039382084103995782 -0.032918521383541892 0.035808636652256087 0.02831788415426599 0.064500932714262271 0.036147252359672068 0.00076176019245875011 -0.007072178819628917 0.00012479816695067989 0.028605209852253437 0.022966713491413323 0.0040704566602497681 -0.030698139119552558 0.030534031751949652 -0.032128626144116192 0.06567262016038368 -0.0039222982054025616 -0.028305579349646663 -0.036007254566126086 0.024085565590690992 0.01684358173054552 0.014730952628532976 -0.040469925709272783 -0.0010445719408468609 0.052275293368258348 0.035721937475230524 0.061667769039212415 -0.040333919392328318 -0.00079519835668390225 0.055885184171144894 -0.00240072427201973 -0.01318679178363422 0.041416953314385434 -0.012558648816159626 -0.033016264259995175 0.021078115010182839 0.015769173362134018 -0.043955563072439967
leaf_weight=42.527117058634758 18.549823135137558 33.23181776702404 33.299189418554306 16.921359807252884 35.995943501591682 13.954027399420736 16.807638168334961 33.444352775812149 128.91728857159615 31.287096589803696 26.809926375746727 53.813155308365822 20.143675699830055 1915.7018411904573 38.734400913119316 25.418950095772743 25.384194791316986 23.860477715730667 37.858853667974472 23.473108202219009 36.1615139991045 19.784961581230164 35.786807700991631 4248.048996552825 35.163063630461693 50.850881218910217 17.089760646224022 25.826746717095375 24.479695394635201 20.619486004114151 24.226671382784843 28.403730258345604 25.929383650422096 44.281415477395058 18.997632533311844 19.651500388979912 20.702361553907394 17.867709740996361 59.754625111818314 203.09748123586178 33.099866226315498 34.694322511553764 27.702261671423912 72.879994943737984 18.716877773404121 115.09627832472324 18.81273840367794 26.637918084859848 75.907689139246941 29.851661905646324 22.380497932434082 20.790111109614372 30.63116592168808 23.207985028624535 37.351774543523788 64.382749825716019 20.701827824115753 22.499468863010406 19.429030880331993 24.861777231097221 22.765115678310394 31.672922924160957 21.562937006354332 20.516825839877129 19.312124788761139 67.069402441382408 27.298714280128479 17.497778415679932 115.5980930775404 79.96128037571907 184.9948223978281 30.758900463581085 24.806302130222321 34.401620537042618 63.424453392624855 34.063106641173363 153.515290543437 39.350108101963997 21.03083635866642 26.890739291906357 35.96113495528698 21.03489650785923 19.190546870231628 23.958989754319191 35.78640253841877 24.229856491088867 29.68158520758152 18.585419833660126 33.94189777970314 22.643556833267212 27.210832864046097 36.606980741024017 19.191506862640381 28.57061941921711 47.248606592416763 76.960219278931618 26.326348885893822 32.553686544299126 18.696280479431152 23.093919605016708 38.349891886115074 31.039335370063782 17.581464126706123 29.885035306215286 34.90196068584919 40.723403543233871 142.12422306835651 16.575978383421898 37.926865994930267 29.395280689001083 17.359835594892502 24.360130473971367 19.078657627105713 30.759427964687347 19.434973180294037 26.448881790041924 23.681357651948929 25.687451243400574 23.9809580296278 34.87342993915081 27.918424889445305 21.988509476184845 28.417743906378746 19.98253607749939 22.382518902420998 28.620516270399094 18.556633487343788 22.022925823926926 19.569916591048241 20.993037104606628 22.292759522795677 20.600571230053902 16.616064697504044 22.120212748646736 20.809940069913864 19.35602855682373 67.224329739809036
leaf_count=182 83 140 153 70 148 72 86 147 593 136 120 261 88 9019 177 117 109 103 155 104 154 82 162 20491 152 326 83 120 112 86 105 124 114 199 86 82 89 82 278 951 148 155 133 327 81 513 81 119 373 136 92 90 129 101 158 271 94 107 86 106 100 143 91 84 91 291 130 80 543 365 795 133 112 150 284 147 668 167 91 111 149 101 80 100 150 107 126 83 181 97 116 156 82 128 213 355 124 142 83 99 175 133 81 121 155 182 636 76 168 132 82 112 82 143 81 118 109 114 109 145 115 104 120 82 93 118 90 100 81 93 101 86 80 105 92 82 331
internal_value=-0.000168453 -0.00246425 -0.00321046 -0.00409392 0.0156577 -0.00490836 -0.00460646 0.00512144 0.000830549 -0.000501752 0.0245869 -0.00143101 -0.00492365 -0.0055118 -0.00583416 0.00939364 0.0112874 0.0233377 0.0347505 0.00990436 0.0310442 0.0142143 0.00957394 -0.006126 -0.00767823 -0.0356391 -0.00759809 0.00907746 0.00605715 0.0113774 0.00441258 0.0219738 -0.00397285 0.00854881 -0.0119352 0.00665413 0.0216733 0.00182484 -0.00889578 -0.0153433 0.00375566 -0.00831897 -0.0230589 -0.00123718 0.00149148 0.0104726 0.0238111 -0.00266605 -0.0147685 0.00725659 0.0169024 0.00958889 0.0189296 0.0394895 -0.00593973 0.0184419 0.00193266 0.0134926 0.0304315 0.0427154 0.0243023 0.00910951 0.0315617 0.0246281 0.0250274 -0.0189923 0.0020492 0.0268337 0.00272056 -0.0052661 0.00750291 -0.00498284 0.036054 0.00469525 0.00140902 0.0116136 0.00277008 0.0180338 0.0257761 0.0300869 0.0190878 0.0197199 0.0339224 0.0476164 0.0506354 0.0148289 0.0475745 0.00989252 -0.0145293 0.0349738 0.017757 0.0109124 -0.00372956 0.00621908 -0.0188805 -0.0162787 0.000931456 0.0186795 -0.00195887 0.0159536 -0.0181135 0.0125311 0.0536071 0.0422076 0.00357854 0.0171906 -0.00277646 -0.0317764 0.0415384 0.0404685 -0.0242158 -0.0058769 0.000387951 -0.00705744 0.0433424 -0.0269962 -0.00810026 -0.0127032 -0.0064464 0.0326736 -0.0020241 -0.0191814 0.0357998 0.0256345 0.0150091 0.0469046 -0.0211033 -0.0191954 0.0358625 -0.0237827 0.00190132 0.0252081 0.00555993 -0.0157294 0.00557048 -0.000268256 -0.0374249
internal_weight=11034.1 7695.62 7430.75 7098.76 331.993 6685.9 6621.1 3338.48 1666.46 1605.52 70.9163 1574.24 6550.18 6295.3 6221.8 1672.02 1505.46 455.219 245.821 209.398 89.7036 107.417 254.882 6163.75 166.561 64.8049 766.535 412.853 1050.24 607.883 807.701 276.573 621.326 174.916 90.1706 106.761 73.5041 712.974 446.41 296.096 150.314 94.4489 145.208 442.354 191.588 133.813 94.7274 514.362 158.846 56.4896 256.633 182.988 132.125 53.8392 62.7707 264.873 81.7856 198.612 84.7453 44.6467 55.865 567.829 169.812 133.816 58.0465 270.167 44.1064 94.1023 355.516 195.559 542.445 133.91 60.9376 78.2857 104.509 408.534 187.578 78.3576 183.087 162.056 220.956 65.3163 63.2932 43.1495 138.404 54.9888 65.8431 82.0099 50.8633 73.6446 112.253 91.7362 156.221 92.0441 78.9215 131.398 417.874 58.88 358.994 57.4955 64.1766 159.957 36.1313 100.545 236.446 75.6254 160.821 111.503 55.4246 53.622 71.173 119.694 95.3341 76.2555 40.0545 102.357 52.252 122.548 96.861 70.6598 55.1293 57.7753 135.166 70.7828 50.8003 51.001 39.2585 52.7824 52.8017 97.9533 41.1055 39.7921 33.7058 55.4194 38.6776 39.0075 94.9266
internal_count=51316 36334 35200 33777 1423 31950 31552 14982 7662 7386 336 7250 31216 30088 29778 7320 6573 1958 1034 924 383 463 1128 29510 747 398 3555 1827 4615 2631 3695 1165 2852 815 429 455 310 3276 2037 1356 681 433 703 1984 860 594 419 2380 746 255 1127 820 569 230 275 1134 366 896 386 188 248 2464 710 562 268 1242 216 422 1634 908 2355 596 276 339 474 1759 815 331 768 677 944 300 268 180 571 240 280 367 251 307 471 387 700 405 356 595 1872 266 1606 249 295 726 164 416 1056 337 719 540 248 237 343 541 429 347 167 491 237 550 436 295 231 266 566 295 213 210 184 243 221 448 182 168 163 258 174 164 464
is_linear=0
shrinkage=0.0427603


Tree=24
num_leaves=138
num_cat=0
split_feature=28 30 29 0 59 23 13 45 14 8 17 36 23 28 17 13 46 13 28 24 62 29 30 29 14 2 48 24 29 8 45 30 30 6 39 7 62 39 28 6 62 13 7 13 8 28 48 2 30 24 0 13 16 29 60 59 24 13 14 14 28 29 30 49 8 1 30 23 7 16 8 30 39 45 7 16 28 60 14 24 1 48 24 45 8 14 14 24 14 32 45 14 8 30 14 1 39 30 30 2 2 28 4 49 45 48 62 60 8 13 6 13 28 59 0 2 13 23 30 29 0 23 8 6 45 62 6 17 8 60 8 29 14 60 24 13 6
split_gain=52.2934 36.4617 34.4216 43.3712 51.3936 31.4809 31.5307 26.6718 25.1603 28.3827 34.7524 28.1614 28.0447 26.9556 28.2264 25.4864 24.0601 34.2526 23.6367 22.3087 21.3897 21.285 30.1273 67.2949 26.4944 21.0356 20.9867 25.8927 26.2672 37.8099 22.1253 21.8673 20.786 20.7582 20.0225 19.9589 19.7709 19.3063 19.1529 20.1692 18.0375 18.0266 20.3447 17.4995 21.0054 19.1895 24.8331 17.8713 17.6312 19.2785 17.3524 19.3213 16.6926 16.5784 16.4918 20.6669 17.6304 18.9526 16.3697 16.2842 16.2646 16.1146 16.6951 18.6704 15.869 15.8517 15.0277 20.1163 17.7493 14.9456 14.9189 14.6545 14.6357 14.411 14.4081 13.9411 13.745 13.6635 13.601 13.5665 17.929 17.6522 22.3784 20.7118 14.7828 13.4444 13.2841 13.1985 13.1868 13.1325 18.4818 13.0588 15.7539 12.8696 13.8254 12.6416 12.5712 12.4433 12.353 12.2784 11.3364 11.3109 11.1788 11.0385 12.322 11.0147 10.878 10.7661 15.804 10.5408 10.6291 10.8546 10.3892 10.3013 10.1307 9.93757 9.16315 9.05256 15.4159 8.95649 8.92541 8.41851 7.97409 7.95595 7.44306 7.02153 7.00375 7.09867 6.97493 15.9568 12.3285 10.2547 6.50523 6.47812 6.44133 6.29134 6.20215
threshold=0.035150000000000008 -0.13763999999999996 0.028565000000000004 0.27087999000000001 0.045704720000000004 85.905000000000015 -0.53660999999999992 0.35195000000000004 0.99755000000000016 0.017574101500000005 -0.93804999999999994 0.79060000000000008 91.77000000000001 0.014555000000000002 1.0063500000000001 -1.0875349999999997 1.0000000180025095e-35 0.14075000000000001 -0.023434999999999994 0.051150000000000008 0.67590088888655231 1.0000000180025095e-35 0.018865000000000003 -0.00073499999999999987 1.1158000000000001 0.44246532156368229 3.2436000000000003 -0.36074999999999996 -0.04992499999999999 -0.040879308999999996 2.1279500000000007 0.0084350000000000015 0.021345000000000006 0.043486591687612604 0.086350000000000024 79.593209958428687 0.46403071646407135 0.045450000000000011 0.069245000000000015 -0.11235394613077788 0.27510289788415482 -0.95124999999999993 38.641459971631136 -0.71319999999999995 0.10860615800000002 0.031515000000000008 0.71195000000000008 0.96836693851003164 0.042130000000000008 -0.057129999999999993 0.42022432500000007 1.0977500000000002 1.0698500000000004 0.0083750000000000022 2.0493000000000001 0.019281100000000006 -0.046114999999999996 -0.18572999999999998 0.8640500000000001 0.71875000000000011 -0.0075049999999999987 0.023035000000000003 -0.036154999999999993 0.17065000000000002 -0.091184199999999979 -0.14842810219566557 0.032500000000000008 48.435000000000009 50.629214774172745 0.94945000000000013 0.004221469250000001 -0.019194999999999993 0.22305000000000003 1.9103500000000002 37.571394064406427 0.89255000000000007 0.020955000000000005 1.9061000000000001 0.7994500000000001 -0.24034499999999998 -0.10577576164687134 0.14585000000000004 -0.44414499999999996 0.50800000000000012 0.067741157500000024 0.66720000000000013 0.90105000000000013 -0.14135499999999998 2.7363500000000003 1.0000000180025095e-35 0.43835000000000007 2.9122000000000008 0.0095876455000000003 -0.10452999999999998 0.21495000000000003 -0.92990205786777846 0.17155000000000004 0.072935000000000014 -0.023864999999999994 0.95247506117071346 0.82618901816697299 0.045355000000000006 4.5000000000000009 0.86910000000000009 0.46485000000000004 0.30515000000000009 1.2402740680542077 1.8809000000000002 0.0034340918000000005 -2.7887799999999996 -1.0000000180025095e-35 0.044815000000000008 -0.051004999999999988 0.17505000000000001 0.90698757500000016 0.67222568938816096 0.18763000000000005 72.545000000000016 0.15321000000000004 -0.018344999999999997 0.8501905500000001 44.865000000000002 0.034378648000000005 -0.028444392202706049 2.9379500000000003 0.84019398501091858 0.0042932498530385511 -0.99134999999999984 0.040896983000000005 1.8427000000000002 0.011154055500000001 0.048325000000000007 1.3431500000000003 2.0061000000000004 0.10593000000000001 0.063535000000000022 -0.35575245165037178
decision_type=2 2 2 2 2 2 2 2 2 2 2 2 2 2 2 2 2 2 2 2 2 2 2 2 2 2 2 2 2 2 2 2 2 2 2 2 2 2 2 2 2 2 2 2 2 2 2 2 2 2 2 2 2 2 2 2 2 2 2 2 2 2 2 2 2 2 2 2 2 2 2 2 2 2 2 2 2 2 2 2 2 2 2 2 2 2 2 2 2 2 2 2 2 2 2 2 2 2 2 2 2 2 2 2 2 2 2 2 2 2 2 2 2 2 2 2 2 2 2 2 2 2 2 2 2 2 2 2 2 2 2 2 2 2 2 2 2
left_child=1 53 3 4 41 6 115 98 9 11 18 37 15 14 32 71 26 61 126 113 36 22 24 -24 -17 134 27 28 64 101 88 -32 -13 -14 52 43 102 40 39 -36 60 59 73 47 45 46 48 128 77 -50 -40 -52 107 109 56 76 106 -58 87 70 -5 65 -63 121 -8 -18 67 -22 -68 122 95 72 -10 89 -20 125 -56 -45 133 81 -81 83 -83 -77 -84 -41 -76 -46 -31 90 -43 92 -23 120 -95 -3 -85 -60 -6 -55 -61 -30 -12 104 -54 123 -44 -29 -109 -1 112 -112 136 -9 -103 -2 -80 118 -82 -114 -39 -64 -65 -47 -125 -19 127 -11 130 -130 -4 -131 -119 -48 -21 -42 -111
right_child=5 2 35 8 7 -7 16 19 12 10 20 13 33 -15 -16 21 17 75 74 25 66 91 23 -25 -26 -27 -28 34 29 30 31 -33 -34 -35 38 -37 -38 93 50 85 135 42 54 44 58 105 78 -49 49 -51 51 -53 103 99 55 -57 57 -59 97 100 -62 62 63 69 -66 -67 68 -69 -70 -71 -72 -73 -74 -75 86 79 -78 -79 116 80 117 82 84 96 -86 -87 -88 -89 -90 -91 -92 -93 -94 94 -96 -97 -98 -99 -100 -101 -102 114 -104 -105 -106 -107 -108 108 -110 110 111 -113 119 -115 -116 -117 -118 132 -120 -121 -122 -123 -124 124 -126 -127 -128 -129 129 131 -132 -133 -134 -135 -136 -137 -138
leaf_value=0.041534779187520111 0.010775233735596775 -0.016909911894759492 0.0061828164907946868 0.0014260422481856942 0.029691501892415869 0.055498316160701944 0.018867544739943967 -0.046336619824863826 -0.020685508583362256 -0.016108392166862794 -0.0086002869501732235 -0.025501377146215837 0.0068622748112528711 -0.046674268399213896 0.035791636140223078 -0.013400845941608067 0.033985499112087404 -0.0066133762453050877 0.045638317571341409 -0.053422563568955229 0.0041105230596236372 -0.019290824303612831 -0.00027161461000454584 0.047469549634042006 0.0047143900778385444 0.014929524822923718 -0.021537106707162971 -0.0094259568179468848 0.079049463891805533 0.028655162089246091 0.010739663213389235 -0.043568011552582636 0.021145197184486479 0.056567752147405483 -0.032516927707324263 0.040971033216267237 -0.036209139500647615 0.018930084565659391 -0.020874127518728899 0.015310370309307396 -0.020548757811406183 -0.0074664788040928725 -0.0032498207883174019 0.021085161858859097 -0.016195095709544836 0.010798649773788162 0.062594869625276078 -0.036581737049505847 -0.014421184703351136 0.0025246412508434404 0.0085228831525265038 0.037481040622232828 -0.031619612543917222 0.01230233724660482 0.0012073079123202926 0.04185526088010387 -0.011176730000127913 -0.029052240106432869 0.062671668504809 0.0039170469385257489 0.040750242619807642 -0.048121021745648355 0.031647136593595457 0.013639552287651761 -0.028521322622929498 -0.013113565226142945 0.027053868978580708 0.048417021732773818 -0.01538697268936107 -0.041510662184378357 -0.037476992966561921 0.045292141065916239 0.02642729470646113 -0.032843995524324182 0.022453997072380126 -0.031278448039648216 -0.022176387250137385 0.0040801319931924275 -0.013092859147659012 -0.042592174392800615 0.00050610378198999233 0.067334409266271503 0.029877778829558013 -0.0059428105719191568 -0.01410878514983171 -0.0027838610363716924 -0.016408768280072709 0.018943978577064317 -0.0060553689580779887 0.034649603453237428 0.019216392041185446 0.018811758174102799 -0.0030209300680075317 0.030935935691073661 -0.0083452855203827205 0.031095442697346962 0.017348262057429349 0.021999038887598726 -0.014883531970763276 -0.027561277233084165 0.046671064455999757 0.062043589091209127 0.022620212788512301 0.027167960557416302 0.0040328822570263444 -0.03983798904764331 -0.018166005997269301 0.032009408252942004 0.0086939936470590545 0.035974544012295877 0.0131755181810421 0.039054127949660053 -0.014711414787144947 -0.0079349596425705021 0.02227631445209333 0.044555519940179866 0.029242290040180603 0.0022004796219007505 0.021560146944690241 0.014952108913721193 -0.0074102782222590178 -0.0076606234014678868 -0.019721863858107758 -0.019984056111577102 0.0077248627099149687 -0.04080426337837556 -0.027357360446556525 0.01926219255712075 -0.021457045920679964 0.046448199301462427 -0.03311285446566712 0.0032628586793745991 -0.023692929064440107 0.026615062931057219 -0.014102154815377233 0.010625814488189857 0.0059003536493794041
leaf_weight=25.634029373526573 25.587993249297142 18.02220094203949 27.869640082120895 35.072721645236015 17.624940246343613 22.106565356254578 21.661778196692467 136.63482169061899 18.805342018604279 18.719315335154533 248.30900129675865 127.46889899671078 32.766902029514313 57.95187745988369 19.292552292346954 209.46700984239578 21.220790803432465 28.830534055829048 43.130366548895836 17.275729432702065 46.724518403410912 171.99017567932606 147.78688079118729 84.779747560620308 499.64466190338135 28.317779898643494 45.992061972618103 20.668409809470177 19.561795264482498 129.40181031823158 41.037025645375252 20.16478818655014 20.065299049019814 29.577561169862747 37.672633960843086 24.51422655582428 46.433398172259331 57.999371320009232 27.734037414193153 86.923269391059875 32.690076172351837 128.14364825189114 336.76979659497738 102.49887451529503 30.546389579772949 32.219955891370773 19.701108485460281 38.835109353065491 195.22224298119545 329.26350048184395 201.36632280051708 53.687668040394783 27.236714109778404 25.063297837972641 191.91884990036488 19.027932301163673 242.67546634376049 199.01306929439306 20.377079784870148 19.949900716543198 43.685523718595505 34.801297292113304 17.994159519672394 18.15130227804184 31.647050693631172 33.772704184055328 24.956714704632759 31.747131437063217 64.426921308040619 50.097249284386635 17.799931287765503 34.87993523478508 33.115772724151611 18.788978308439255 114.91136267781258 25.609251663088799 60.231317415833473 564.08681783080101 17.926323980093002 17.389415919780731 494.38256323337555 20.154804736375809 42.084105461835861 62.783957213163376 20.649497553706169 550.43188579380512 18.473417714238167 53.698134705424309 23.272986203432083 26.098180428147316 75.260048151016235 32.960970893502235 300.00756478309631 16.514183044433594 1300.5127832591534 22.307244703173637 127.86501328647137 45.393292501568794 31.965410187840462 31.894846469163895 27.561758741736412 21.555453017354012 22.795909196138382 20.016626954078674 49.949013814330101 22.861008375883102 122.59540902078152 132.65154983103275 90.428887993097305 22.769501283764839 102.87799537181854 42.538926646113396 57.43169304728508 14.612723827362059 27.512244209647179 45.241715386509895 19.222621768712997 29.806599110364914 73.116276741027832 27.345751076936722 39.069881677627563 21.842748761177063 45.376427084207535 76.335123851895332 22.642426028847694 18.410789132118225 20.09682534635067 23.074691146612167 23.866554722189903 18.191053748130798 30.063598409295082 23.37771600484848 42.123200744390488 18.974413707852364 14.751608297228811 18.207728296518326 29.498635649681091
leaf_count=106 108 86 127 162 84 99 99 798 87 85 1157 649 159 296 89 1043 94 128 182 97 218 833 686 374 2299 143 207 90 83 568 188 94 94 130 173 108 221 267 125 394 158 592 1643 459 133 141 87 185 901 1461 881 227 123 112 914 89 1212 1059 87 94 206 162 78 79 159 151 112 143 305 238 90 157 144 89 537 115 284 2570 81 82 2253 85 182 274 92 2539 90 231 103 117 361 149 1417 76 6209 106 560 195 158 147 130 89 105 90 222 104 608 578 413 95 444 180 261 78 116 191 86 137 321 125 176 99 210 357 105 84 96 103 105 83 144 104 189 85 80 84 125
internal_value=-0.000162692 -0.00197349 -0.00260566 -0.00417671 -0.00973381 0.00463064 0.00425306 -0.0272705 -0.0017453 -0.00443059 0.00269476 -0.00735094 0.00244402 -0.0215024 -0.0127138 0.00129598 0.00356804 -0.0009283 0.0160702 -0.0338866 -0.00385947 -4.92632e-05 0.00374375 0.0171001 -0.000626297 -0.0117356 0.00690733 0.00771221 0.0183042 0.0235066 0.0145966 -0.00703283 -0.019107 0.0305626 0.00496778 0.0026417 -0.0103962 -0.00528561 0.00179123 -0.00211325 0.0104843 -0.00672776 -0.00799803 0.00209529 0.00347952 0.00186716 0.00360452 -0.0112656 0.00208728 -0.00376876 0.0111376 0.0146475 0.0138698 0.0112246 -0.0103546 -0.00107963 -0.0131378 -0.0192477 0.0187026 0.0102829 0.0233325 -0.0153276 -0.0212833 -0.0151488 -0.0091262 0.00492641 0.00846224 0.02213 -0.0034542 -0.0239992 -0.0047858 0.0238011 0.00922084 0.00309811 0.0240518 0.00255586 -0.00434904 0.00670606 0.0273399 0.00368297 0.000233707 0.0112315 0.0280277 0.00475952 0.0152811 -0.000304522 0.0170161 0.00611492 0.0233156 0.00607295 0.00236989 -0.00713737 -0.00896518 -0.00673676 -0.00784711 0.00945952 0.00963928 0.0347132 0.000809716 -0.00989013 0.0288749 0.0511654 -0.00594776 -0.00104067 -0.00845207 -0.0123718 -0.00724678 0.0198461 0.0225914 0.0151521 0.0127316 0.0207968 0.00411958 -0.0426754 0.0398974 0.0324567 0.00861412 0.00140997 0.00323176 -0.00505581 0.00825196 0.0099088 -0.0100732 -0.00752935 -0.0135705 -0.0200951 -0.00657403 0.00324273 -0.00323627 0.00625233 -0.0140814 0.0223397 -0.0128602 0.0451349 -0.0355434 -0.00925117 0.0191434
internal_weight=11018.2 7998.2 7633.15 5875.46 1787.35 3019.97 2997.87 261.183 4088.11 2492.33 723.8 1768.53 1595.78 224.779 166.827 1533.44 2927.04 1246.46 238.406 211.593 485.394 1446.64 941.678 232.567 709.112 60.3451 1680.57 1634.58 335.815 282.506 213.877 61.2018 147.534 62.3445 1298.77 1757.69 317.538 1543.75 957.816 675.028 129.656 1526.16 1420.52 1733.17 1570.97 1420.95 1266.9 162.204 1191.07 524.486 282.788 255.054 340.951 365.055 1172.23 271.178 901.054 441.689 150.015 105.641 78.7582 243.257 188.263 153.462 53.3088 54.9935 167.855 78.4716 89.3836 113.625 58.1294 86.801 51.9211 248.291 176.515 1003.21 252.15 666.586 75.8245 955.965 656.818 299.147 82.8884 216.258 62.7336 637.355 133.385 84.2445 152.675 229.502 203.404 504.959 471.998 1414.1 1317.03 40.3294 190.649 65.7704 49.5904 56.9581 47.5117 68.6295 271.105 97.2024 77.1857 154.059 459.365 243.749 223.08 308.097 282.463 145.417 137.046 151.248 49.0677 70.8297 37.1489 639.429 567.499 84.7774 97.0693 39.8369 63.5277 131.198 98.9775 47.2413 61.8908 41.794 123.369 65.4353 57.9332 41.5688 71.9298 38.6755 32.0273 50.8978 52.2681
internal_count=51316 37744 36149 28210 8912 13572 13473 1438 19298 11820 3354 8466 7478 1128 832 7189 13174 5613 1093 1196 2261 6801 4402 1060 3342 320 7561 7354 1499 1241 953 282 743 289 5855 7939 1483 7338 4339 3106 610 7474 6968 7831 7083 6437 5730 748 5391 2362 1233 1108 1516 1595 5809 1287 4522 2271 646 506 368 1111 866 704 258 245 778 361 417 527 282 388 231 1159 809 4502 1198 3029 339 4290 2982 1308 359 949 274 2933 627 364 671 1070 953 2399 2250 6728 6285 192 834 282 242 259 224 288 1262 435 345 707 2251 1081 991 1336 1230 624 606 876 205 299 167 2900 2574 386 443 177 289 603 462 212 284 188 563 292 271 187 326 172 177 242 220
is_linear=0
shrinkage=0.0427603


Tree=25
num_leaves=138
num_cat=0
split_feature=31 21 27 21 59 27 13 36 36 18 9 34 7 30 23 30 8 13 34 30 3 21 21 13 9 30 58 7 25 21 13 58 25 27 29 30 8 9 21 30 21 31 29 31 36 29 24 3 58 3 1 29 21 21 32 2 36 15 30 23 27 27 2 30 7 15 2 23 24 3 24 2 59 30 2 27 15 25 3 58 31 13 29 23 27 24 24 34 1 39 7 9 27 2 13 18 21 24 24 8 21 1 58 25 3 23 13 30 1 59 15 3 21 30 13 9 3 31 24 50 8 8 29 39 21 27 7 1 1 2 2 34 29 23 23 30 0
split_gain=68.685 59.0249 52.4026 45.8286 36.7716 34.3953 33.7418 33.4343 29.9036 28.8517 27.7182 24.2488 24.2484 23.7273 23.1153 22.676 31.4324 25.168 29.5507 25.181 33.6558 24.8517 35.0241 27.1361 22.5822 20.889 20.8884 23.7531 20.7283 20.4092 28.9194 19.9092 19.8836 19.1334 18.8225 24.7276 18.7976 18.2907 22.904 18.0673 23.0455 17.3784 17.3681 20.3418 17.0788 21.6766 17.0323 19.1177 18.6951 17.2878 16.6183 16.6108 17.5234 26.5674 19.774 19.0192 19.2184 16.4696 36.0486 27.924 21.9507 16.2743 16.2477 18.8873 16.1201 18.029 16.1137 22.0996 19.5785 16.0764 15.6205 15.6999 20.9446 16.9214 15.6126 15.337 15.3248 15.961 17.6417 15.2947 14.9177 14.7435 21.9775 38.844 20.2107 16.8135 24.1274 15.3875 14.6174 14.5821 15.5808 14.2619 14.1758 13.9023 13.8119 13.7762 19.0083 13.8219 13.4884 17.3267 13.0521 12.3851 12.3373 14.5333 14.4633 13.8244 12.9908 12.0706 11.9666 11.9539 11.9393 34.0595 18.1528 16.3188 16.1138 16.6841 15.694 11.8682 11.8527 11.8017 11.6229 11.2456 11.1901 12.9884 10.9499 10.9007 10.4797 10.296 22.8689 13.9182 10.5716 10.2276 10.1734 9.86904 11.0181 11.7143 9.72834
threshold=0.019185000000000004 29.280000000000005 -0.010164999999999999 14.055000000000001 0.23956190000000002 0.015805000000000003 0.95414500000000013 0.9718500000000001 0.71535000000000004 1.0215500000000002 4.5000000000000009 66.500000000000014 61.092127088168326 0.19875500000000001 74.220000000000013 -0.052764999999999992 0.012820541500000001 0.29037500000000005 4.5000000000000009 0.026135000000000002 0.64154899880446592 15.150000000000002 22.940000000000001 0.46307000000000004 4.5000000000000009 0.017005000000000003 0.54311294712399538 71.812936077978492 3.4398000000000004 24.590000000000003 0.093210000000000001 0.26899869508192464 2.6985000000000006 -0.010614999999999998 0.00081500000000000008 0.031105000000000004 0.0095876455000000003 2.5000000000000004 14.885000000000002 -0.095119999999999996 14.885000000000002 -0.020044999999999997 -0.017564999999999994 -0.012364999999999999 0.14255000000000004 0.025205000000000002 -0.49342999999999992 0.3973044694877606 0.42951939811227752 0.44561874655784134 -0.18511544106387731 0.04901500000000001 20.775000000000002 20.535000000000004 1.0000000180025095e-35 0.091483341304001264 0.16025000000000003 -0.99994999999999989 0.0077350000000000014 30.73 -0.0083049999999999981 -0.0011049999999999999 0.1699802371541502 -0.038124999999999992 62.085773244700682 1.0043500000000003 0.61668362878985128 59.360000000000007 -0.25895999999999991 0.92223372250087943 0.082920000000000008 0.64824860297124176 0.088904575000000013 0.11659500000000002 0.58500712537979627 -0.0085049999999999987 0.98385000000000011 0.15165000000000003 1.0875126256643992 0.41375406742335991 0.086335000000000009 0.05062500000000001 -0.022529999999999998 42.725000000000001 -0.012224999999999998 -0.24608499999999997 -0.29352999999999996 94.500000000000014 -0.12206695060241508 0.067550000000000013 62.47478685677607 1.5000000000000002 -0.022574999999999994 0.99569813401967111 -0.32365999999999995 1.02295 17.845000000000002 -0.23219499999999996 0.13815000000000002 -0.013460039999999998 17.845000000000002 0.25939120233897156 0.16069096220655169 1.0642500000000001 0.53121424197297784 -37.874999999999993 0.37472500000000003 0.15978000000000003 0.12678249828113433 0.004198615000000001 1.0424500000000003 1.6750059351433675 24.685000000000006 0.040415000000000006 0.15272500000000003 2.5000000000000004 1.2648872759481176 0.043745000000000006 0.15491000000000002 1.0000000180025095e-35 -0.15521263999999999 0.15764770000000003 0.082565000000000013 0.10575000000000002 13.565000000000003 0.016905000000000003 53.022232609992315 0.21891804843595783 -0.10037572980305139 0.67222568938816096 0.94076993240872853 133.50000000000003 0.015765000000000005 -68.194999999999979 37.355000000000011 -0.13763999999999996 0.40294347500000005
decision_type=2 2 2 2 2 2 2 2 2 2 2 2 2 2 2 2 2 2 2 2 2 2 2 2 2 2 2 2 2 2 2 2 2 2 2 2 2 2 2 2 2 2 2 2 2 2 2 2 2 2 2 2 2 2 2 2 2 2 2 2 2 2 2 2 2 2 2 2 2 2 2 2 2 2 2 2 2 2 2 2 2 2 2 2 2 2 2 2 2 2 2 2 2 2 2 2 2 2 2 2 2 2 2 2 2 2 2 2 2 2 2 2 2 2 2 2 2 2 2 2 2 2 2 2 2 2 2 2 2 2 2 2 2 2 2 2 2
left_child=1 2 8 6 10 7 70 46 11 94 15 24 13 32 121 88 21 18 -18 79 -21 37 23 31 28 -8 27 57 42 30 -24 -23 44 -16 75 -36 81 38 -17 40 89 51 100 -44 122 80 62 48 98 -49 -31 52 53 54 -13 -54 -57 58 -9 -59 -61 -40 63 -4 65 -39 68 -68 -51 132 71 72 -2 -73 -53 117 -19 78 -78 -20 -46 84 83 -83 -3 86 -84 -86 -5 -7 -91 -79 -45 107 -10 96 97 -43 99 -48 -1 -35 103 -90 -104 -106 125 110 -102 -95 111 113 -113 -41 116 -116 -112 -6 -72 -25 -42 127 123 -12 -92 -105 -97 128 -14 -130 -129 -38 -64 -122 135 -135 -98
right_child=3 36 5 4 34 39 25 26 9 -11 12 41 14 -15 33 16 17 76 19 20 -22 22 29 119 -26 -27 -28 -29 -30 50 -32 -33 -34 101 35 -37 131 64 61 93 120 95 43 92 45 -47 47 49 -50 66 -52 74 55 -55 -56 56 -58 59 -60 60 -62 -63 69 -65 -66 -67 67 -69 -70 -71 118 73 -74 -75 -76 -77 77 91 -80 -81 -82 82 85 -85 87 -87 -88 -89 102 90 124 -93 -94 109 -96 126 136 -99 -100 -101 108 -103 104 106 105 -107 -108 -109 -110 -111 114 112 -114 -115 115 -117 -118 -119 -120 -121 133 -123 -124 -125 -126 -127 -128 130 129 -131 -132 -133 -134 134 -136 -137 -138
leaf_value=-0.0025376334906370497 -0.0055677598074961995 -0.024224920821859366 0.06195855534961775 0.046723944320222581 -0.0030915245025608354 -0.026732957594931658 -0.032304341992226503 -0.025065134439388802 0.015846683463359761 0.023913746374613017 0.0031203516445436415 -0.0076266775781290786 -0.045180944573517748 0.051928620543782389 0.043201485261236988 -0.013237612204269342 0.056363561473027117 -0.031925716085498754 0.016619888422278413 0.022395729098901727 0.0031425684375273265 -0.011562839096319442 0.034379782729754817 -0.010700068675468933 0.02730009324351864 0.015641945555165161 -0.040516034789192697 0.023148363079463864 0.035299148329462286 0.042266525551169561 -0.012967572359233225 -0.036349022350986381 0.038464558539311224 -0.028954035505182295 -0.028471075327310403 0.024078036543446781 0.0058033287243776013 0.032757633389318398 -0.0063555014129882863 -0.0019760758421983565 -0.013154926082300553 0.029820139567606194 -0.01389920158231875 -0.01115789978841039 -0.010234737343308688 0.046005203473582293 0.036224197570081551 -0.02862947317190186 -0.022073023860901295 -0.0049342469802982382 -0.0041528694233474144 0.00154185409392133 0.043628927194342762 -0.044411681508375336 0.029647464651284868 -1.5768360416971423e-05 0.035256060833367776 -0.04505472093984017 0.046958750218939464 -0.04490305391638251 -0.0054254154802123502 0.039772310341410641 -0.036733855166101184 0.0066794045388744979 0.058199327991157436 -0.010557847555985451 -0.0062306904472549402 0.034066743132674562 -0.019523486648235649 0.018272349412892828 -0.053179529572600942 -0.023498004041771693 0.047965589449198508 0.0051334734299156104 -0.044260769256304837 0.060432907227913703 0.032282027691099488 -0.0035365081298265981 -0.0036898869388396144 0.038873946542091593 0.034904396652163765 0.065103308004998875 0.020907528778934124 -0.0016155232493033182 -0.0048442500209875958 0.031847834414661012 -0.039202338574360382 0.04407284957087753 -0.026514880615491652 -0.022045753031804081 -0.0050769777481534878 0.0091689160475386978 0.037168985363841368 -0.010818227617172179 -0.024494758621663094 -0.018365849561309412 0.05633429765962672 -0.013423446852230535 -0.018436920718762767 0.0047242432388628222 0.012177605360632993 0.013205531217040678 0.0040273043530155732 -0.017833605416699802 0.066722504842646121 0.017809578740653514 0.044277415371478487 0.028264119727260721 0.040054385918569885 -0.046849562127146131 -0.0044553856588369252 0.011452661243460156 0.053743936034230458 -0.017294830890352941 -0.021305166708295447 0.010819242780158406 -0.056653029315849021 0.041073670586678684 -0.016998876238349718 0.028523936579402276 0.05008229436734711 0.012929544847679332 0.020501507511642935 -0.012136243580854408 0.036832823745271151 0.024006962898826714 0.021173799813882663 -0.038099254595731144 0.022261738053419643 -0.01591595966318652 -0.011768520501994697 -0.033575587172564723 0.0043516693938186442 0.026924998676580464 0.041618735112291333 -0.001575009233853196 0.022886300655859337
leaf_weight=75.122645571827888 68.149223804473877 27.771669521927834 18.046330183744431 33.435494244098663 18.504791051149368 42.00079570710659 19.033958986401558 34.018775060772896 17.107612684369087 32.184337481856346 179.87621858716011 258.32616281509399 24.925344467163086 17.749665811657906 21.629904732108116 80.383338630199432 27.62106965482235 22.493424341082573 233.67583537101746 220.85325291752815 673.68376141786575 145.97591629624367 74.271007001399994 24.956571936607361 129.3239805996418 127.04830785095692 79.434010967612267 25.985922649502754 42.978013262152672 14.754113823175429 34.289846241474152 101.23260468244553 25.679340407252312 22.081579208374023 21.546868100762367 67.149170681834221 36.232899159193039 45.846217200160027 22.45815834403038 889.2478783428669 19.112002581357956 20.482768550515175 138.54854515194893 17.671981558203697 47.51380817592144 30.617794558405876 47.831866383552551 84.633660659193993 40.975493773818016 282.22337701916695 311.65868812799454 22.977870121598244 22.61226786673069 33.001769334077835 28.886978060007095 316.31247779726982 30.969400927424431 79.097672313451767 20.268198296427727 32.758443906903267 123.32707865536213 36.009157672524452 28.042773723602295 31.191325053572655 21.917600855231285 28.151245012879372 932.12814104557037 25.515978053212166 422.12893795967102 33.460745468735695 30.841864749789238 163.23390983045101 16.58308419585228 48.577781513333321 32.319089397788048 36.778120309114456 68.288743168115616 413.61728152632713 38.716808527708054 75.614579379558563 18.603519260883331 52.497177809476852 30.516042217612267 22.614576607942581 21.245142042636871 49.903669133782387 20.317532107234001 25.660844624042511 20.908544942736626 25.155783101916313 18.906546294689178 264.71061210334301 28.987967431545258 72.392481431365013 147.81878413259983 38.695491194725037 23.856753259897232 39.639113619923592 25.621386766433716 98.092501819133759 114.81993912160397 29.902089327573776 27.531727686524391 23.873351976275444 23.097474247217178 20.415176928043365 18.905814126133919 22.989344969391823 37.945578664541245 22.313453182578087 17.977388069033623 123.23229850828648 22.053153395652771 148.72533279657364 60.085454285144806 57.881286531686783 26.59128500521183 26.825191378593445 37.549209326505661 31.468966439366341 20.143254116177559 19.476264119148254 32.598288729786873 233.88977420330048 27.671876862645149 21.702271237969398 17.819510266184807 80.664427787065506 33.772271990776062 36.039077028632164 44.062221944332123 17.921846494078636 17.663443997502327 47.82829824090004 28.027678862214088 57.76108606159687 51.886111050844193
leaf_count=335 339 125 80 144 91 201 95 193 76 142 836 1197 117 75 93 400 121 106 1028 956 2990 700 326 113 563 585 515 130 193 64 165 507 115 113 99 293 158 206 105 4308 82 92 635 81 233 135 226 411 205 1324 1405 104 102 169 128 1438 137 430 99 182 609 163 130 145 96 125 4432 124 2087 148 157 816 79 227 151 158 303 1864 177 335 86 215 127 96 91 206 86 108 92 125 87 1174 136 342 736 181 110 193 131 465 504 140 123 108 103 89 81 101 162 108 87 564 99 708 278 258 127 122 186 140 88 85 143 1086 126 94 80 397 160 173 208 83 80 209 121 260 239
internal_value=0.000246514 -0.00270152 -0.00364207 0.00410458 0.00555311 -0.00620033 -0.0079915 -0.00943748 0.00264787 -0.0130141 0.00474135 0.0046795 -0.00188651 0.00322989 -0.0115115 0.00660438 0.0056977 0.00871551 0.0125648 0.0115537 0.00790429 -0.000617175 -0.00447642 -0.0156255 0.0115086 0.00934397 -0.0208573 -0.0158836 0.00701457 0.00328919 0.0193565 -0.0217428 0.00169711 0.00937291 0.0250029 0.0112288 0.0156507 0.011493 0.00151638 -0.00160433 0.00820554 0.000408615 0.00405392 -0.00564464 -2.77565e-05 0.016247 -0.00727371 -0.00826436 0.00382007 -0.00973897 -0.00203194 -0.00254038 -0.000722438 -0.00805526 -0.00385195 0.00560552 0.00310837 -0.0194131 0.00168895 -0.0243156 -0.0137583 0.0219274 0.00778356 0.0270908 0.0258584 0.0161789 -0.00877255 -0.00514924 -0.0136883 -0.00413105 -0.0149511 -0.0106659 0.00482213 -0.0168966 -0.0250944 0.0397919 0.00283855 0.00384371 0.0191975 0.0220845 0.00235427 0.0205964 0.0273648 0.0449172 0.00455905 0.0142037 -0.00297208 0.0217591 0.0209515 -0.0066958 0.00493294 0.00141074 0.018707 -0.00353054 -0.0202653 0.0118734 0.019266 0.00118605 0.0100481 0.0151003 0.0119686 -0.00456063 0.0153956 0.00433979 0.0285796 0.0439442 0.0144596 -0.00242809 0.0191505 -0.0193858 -0.0029579 -0.00145819 0.0179232 -0.00417815 -0.0138302 -0.00548033 -0.0357648 0.0228812 -0.0334235 0.0110443 0.0180522 -0.0179766 -0.00357138 -0.00548586 0.0196624 0.00192768 -0.00576769 -0.0207532 -0.0100059 0.00244703 -0.0288568 -0.00709207 -0.0206942 0.0219793 0.0176871 0.0112644 0.0335194
internal_weight=11040.9 6257.52 5952.84 4783.42 4272.4 4232.54 511.017 2482.45 1720.3 197.111 4101.6 1523.18 899.082 586.528 312.553 3202.52 3012.65 2039.28 1231.45 1203.83 894.537 973.373 738.608 303.634 585.399 146.082 394.89 315.456 456.075 434.974 108.561 247.209 568.779 73.6136 170.804 88.696 304.681 234.766 138.851 1750.1 286.607 937.786 413.097 185.208 543.099 96.7351 2087.56 1959.15 212.521 1746.63 326.413 745.406 690.109 320.215 287.213 369.894 347.282 289.47 54.287 235.183 156.086 58.4673 128.405 49.2377 95.9151 73.9975 1662 957.644 704.352 79.167 364.935 296.544 84.7323 211.812 55.297 82.1081 807.827 785.333 107.006 309.29 66.1173 250.527 175.849 75.1118 74.6777 100.737 50.8336 46.906 189.87 113.735 71.7342 678.328 46.6599 1463.49 164.926 192.38 135.865 60.1219 171.546 145.924 227.888 51.9837 156.434 85.39 71.0444 43.5127 64.4814 1368.78 152.766 94.7059 1345.79 1183.26 145.285 1037.97 162.535 117.967 44.5687 45.33 68.3911 56.4255 172.872 238.94 446.364 413.766 46.5784 45.5756 56.515 219.463 94.7367 69.8113 124.727 54.1547 45.7062 153.76 133.617 105.589 75.7429
internal_count=51449 29604 28309 21845 19361 20425 2484 12146 7884 954 18598 6930 4195 2709 1486 14403 13569 9054 5430 5309 3946 4515 3420 1460 2609 680 2158 1643 2046 1960 491 1207 2634 346 763 392 1295 1095 668 8279 1299 4321 1853 852 2519 454 9988 9405 1027 8378 1469 3426 3171 1494 1325 1677 1575 1513 292 1221 791 268 583 225 427 331 7967 4556 3411 358 1804 1461 418 1043 255 371 3624 3518 480 1363 319 1054 730 311 324 419 213 199 834 539 338 3038 217 6980 812 895 634 285 822 691 1001 253 690 375 315 192 283 6530 666 450 6429 5679 663 5016 750 536 214 213 343 253 760 1140 2065 1922 213 202 261 1055 450 333 605 241 210 678 590 469 349
is_linear=0
shrinkage=0.0427603


Tree=26
num_leaves=138
num_cat=0
split_feature=31 21 27 35 35 35 21 21 28 28 27 35 21 37 37 35 60 30 37 26 7 35 21 35 31 21 17 35 21 35 35 3 0 49 37 37 8 60 30 35 22 9 62 37 36 37 36 12 8 3 13 27 28 37 31 35 16 28 31 37 12 7 22 7 13 29 39 49 35 27 37 21 8 35 30 7 3 7 16 22 50 35 35 35 30 1 13 56 12 28 4 8 3 7 35 35 13 30 21 13 8 62 21 27 1 3 12 35 3 0 12 22 49 12 13 8 31 49 21 3 21 31 3 3 0 13 37 27 1 12 29 8 56 37 27 27 7
split_gain=63.0005 54.1417 48.1955 43.6878 48.4651 55.1893 42.053 35.5642 32.9671 32.9028 41.2793 60.7943 38.4494 37.0674 34.3642 36.9312 31.3343 29.187 28.4136 100.697 47.9424 39.1725 39.1252 42.0066 35.2927 27.9084 27.8839 27.2846 30.1302 29.5025 26.8287 26.2756 25.0259 24.9835 24.3649 23.6973 23.1394 24.0328 26.5606 22.8397 29.9273 28.7402 24.6543 23.4861 22.3004 22.0753 25.7173 22.5603 21.8496 24.0498 21.801 21.6185 21.5515 21.3551 21.1903 20.8707 21.6941 20.3033 23.5731 20.6665 20.241 29.5829 23.6164 20.311 20.101 19.8252 19.6324 19.276 19.1155 19.0722 18.8904 18.6528 35.8528 18.5098 18.4763 19.9269 18.4412 18.441 18.2999 18.2849 17.9097 17.7596 32.6496 26.1732 17.7449 17.7368 17.7344 17.4814 17.4786 17.3727 17.3274 33.3176 17.316 17.2927 17.2295 22.4485 25.195 17.8148 18.7274 18.048 17.2056 16.9268 16.8963 16.8748 16.8413 16.8087 16.4799 18.6908 16.4385 16.3474 16.1875 16.0232 15.8903 15.6367 15.4641 17.8691 20.6337 15.3583 21.3515 21.3417 14.2601 14.1483 13.8963 18.2312 13.7436 13.5067 22.6572 18.5498 18.2944 16.86 18.8567 13.9678 13.2436 13.1971 12.9987 13.3442 12.7429
threshold=0.019185000000000004 29.280000000000005 -0.010164999999999999 1.5000000000000002 21.500000000000004 26.500000000000004 14.055000000000001 22.365000000000006 0.014885000000000002 0.022615000000000007 0.014215000000000002 24.500000000000004 22.940000000000001 0.22485000000000002 0.18695000000000003 12.500000000000002 2.1061000000000001 -0.041144999999999994 -0.29684999999999995 0.99970000000000014 51.587791537864035 24.500000000000004 20.775000000000002 1.5000000000000002 0.035040000000000009 14.885000000000002 0.99745000000000006 1.5000000000000002 29.280000000000005 31.500000000000004 31.500000000000004 1.4475614186699668 1.1088321500000002 0.56595000000000006 0.25365000000000004 -0.56604999999999983 -0.00088083743999999985 1.9113000000000002 -0.052764999999999992 7.5000000000000009 3.7548500000000007 2.5000000000000004 1.4556852063488332 0.02315 0.78730000000000011 0.011250000000000001 0.68330000000000013 -0.19475499999999998 0.017156541500000001 0.85418370640685837 0.12681500000000004 -0.0039449999999999997 0.0023250000000000002 1.0543500000000001 -0.029244999999999997 22.500000000000004 0.96195000000000008 0.033725000000000012 0.16332000000000005 0.48215000000000002 -0.24330499999999997 29.547804835451306 1.4262500000000002 50.963390447957558 0.27773000000000009 -0.051544999999999994 0.15265000000000004 0.067550000000000013 17.500000000000004 0.022875000000000003 -0.070599999999999982 20.210000000000004 0.050502508500000008 30.500000000000004 -0.002225 54.352571143615002 1.0799560939817867 34.232454900640796 1.0584500000000003 1.9005000000000003 1.5000000000000002 24.500000000000004 30.500000000000004 21.500000000000004 -0.028974999999999997 0.49135671270980658 0.95414500000000013 0.68634603284217854 -0.33126499999999998 0.058615000000000007 3.5000000000000004 0.0074084401500000016 1.0401054615919862 62.085773244700682 14.500000000000002 1.5000000000000002 -0.23830999999999997 -0.086104999999999987 13.770000000000001 -0.59623999999999988 0.0095876455000000003 1.1015713860683307 26.695000000000004 -0.0072049999999999987 0.14532299328998338 0.80076823258584351 -0.36641499999999994 12.500000000000002 1.1481178179532823 0.13429339000000004 -0.064794999999999991 6.2249500000000006 0.30960000000000004 -0.23219499999999996 0.34642500000000004 0.029927790000000003 -0.0059649999999999989 0.91275000000000006 24.550000000000001 2.1856698651492921 13.675000000000002 0.10158000000000002 2.4680872191380421 0.70023903694670042 0.87387510000000013 0.05062500000000001 0.31755000000000005 -0.0073949999999999997 -0.22776393898590461 -0.24608499999999997 -0.022529999999999998 -0.043993651499999988 -0.35751532796001512 -0.54944999999999988 0.032730000000000002 -0.047174999999999988 44.349358145166413
decision_type=2 2 2 2 2 2 2 2 2 2 2 2 2 2 2 2 2 2 2 2 2 2 2 2 2 2 2 2 2 2 2 2 2 2 2 2 2 2 2 2 2 2 2 2 2 2 2 2 2 2 2 2 2 2 2 2 2 2 2 2 2 2 2 2 2 2 2 2 2 2 2 2 2 2 2 2 2 2 2 2 2 2 2 2 2 2 2 2 2 2 2 2 2 2 2 2 2 2 2 2 2 2 2 2 2 2 2 2 2 2 2 2 2 2 2 2 2 2 2 2 2 2 2 2 2 2 2 2 2 2 2 2 2 2 2 2 2
left_child=1 2 3 7 16 44 8 -1 -2 10 17 14 13 25 94 -16 102 60 19 22 27 24 111 -24 32 -11 -21 31 29 36 53 52 68 132 39 -19 37 -29 -39 40 43 42 -41 -26 55 46 110 80 134 -50 77 54 -20 121 112 56 -6 58 59 -36 61 -4 -62 -64 -43 -38 -60 -18 69 -22 -67 72 -59 -7 -10 -76 79 101 -73 -17 -47 83 87 106 -84 -55 104 -83 -57 -86 91 -27 124 -13 95 -12 -97 99 -99 -96 125 -14 114 -49 -77 -63 109 -108 -31 -15 -37 -8 -52 -92 -5 116 -116 118 -53 -120 -65 -23 123 -69 -75 127 -127 -3 -128 130 -130 -131 -28 -51 135 -25 -46
right_child=6 100 9 4 5 73 18 -9 74 12 11 93 50 81 15 76 67 35 20 26 21 30 23 48 34 90 33 28 -30 108 -32 -33 -34 -35 57 45 65 38 -40 41 -42 64 -44 -45 136 47 -48 103 49 133 51 117 -54 85 -56 88 -58 71 66 -61 62 105 63 120 -66 70 -68 122 -70 -71 -72 78 -74 92 75 86 -78 -79 -80 -81 -82 82 84 -85 89 -87 -88 -89 -90 -91 113 -93 -94 -95 97 96 -98 98 -100 -101 -102 -103 -104 -105 -106 -107 107 -109 -110 -111 -112 -113 -114 -115 115 -117 -118 -119 119 -121 -122 -123 -124 -125 -126 126 128 -129 129 131 -132 -133 -134 -135 -136 -137 -138
leaf_value=-0.028821729107808402 -0.02226553589270162 -0.016368968743606958 -0.028942897874363625 -0.01274985464561239 -0.016976506654298396 -0.01359817464800449 -0.0091016855132517605 0.031628553444877243 -0.031419321069196794 -0.024214623046984955 -0.025638134245432459 0.020263771197969217 -0.010914411239178443 -0.020181942407193287 0.037857588473044039 -0.013776293398560407 0.041121515530261124 0.020224707066144574 -0.027537566044818225 -0.0056476729786833126 -0.030805018142213907 -0.043374081331589896 -0.020252058646288828 0.020674471409420477 0.040234975216912841 -0.024223156885763288 0.039338644490190991 -0.022586094467899762 -0.032130947257600379 -0.033103573604507823 0.018078813426181589 0.027011787358932306 0.026295868203702732 0.0097590393464840764 0.00019616531334768543 0.0027973216686196694 -0.024686673982707824 0.036050842346125656 0.0053291960829049611 0.020954783471907514 -0.040684008398014719 -0.03563846024670967 0.060752062181320655 -0.004082207549147566 -0.034520114620469354 -0.033947908293572644 -0.046265261518455864 -0.030369901370761301 0.042679003701850696 0.021549509264711757 0.01025428531997421 -0.023609602925929833 0.014759665315061735 0.014686199906032805 -0.011483198225349357 0.0032574045072704294 0.041159036272583639 0.023970431183860125 0.0027526279044535707 -0.01797933519514967 0.018528077768586795 0.015885983554426983 -0.039455999731574994 -0.043736569988629223 0.018676323136078577 0.0078075682031407611 0.054894899884135505 0.025876458067649259 0.011012854710037908 0.01638851085209482 0.025189401990013252 0.035207405169014216 0.001234204816589986 0.0073280167336465859 0.045664405326965356 0.011059935787449035 -0.034716683161021049 -0.022179257176992283 -0.0095538398175215884 0.037232090006525415 0.0059718468559157318 -0.038474418326879575 0.029108889100193505 0.044292728199584651 -0.014973964916846057 -0.031304817446248648 0.01429724951553721 0.0034438824037472046 0.038541583909934077 0.020473213227589531 0.069213804346805699 0.038130026694931957 -0.010046444713976841 0.065843552721117804 -0.019297554049440731 0.0021287980722609913 -0.017010299736118673 0.0092506986951761943 -0.027334658938888711 0.032595861379165494 -0.0068047040014726241 0.037204584912082984 0.030820607758975837 -0.0074361135321575995 -0.017465943397930297 0.068947674215166302 -0.0087943469313482812 0.011246665288207192 0.015892503202108048 0.019498026529890491 -0.028545889089880597 0.02920275800479397 0.064654760869844813 0.024002783433752662 0.00014795297244723753 -0.028645221418181724 0.042140425981780236 -0.037820796237985982 -0.0018620963392496554 0.040368612775231835 -0.0030297732870176275 -0.014596355084570783 0.026337150535982949 -0.013875864095167818 0.050748162929457649 0.053750003534388774 0.055853307746600099 0.026230465945472452 0.025240491828368721 -0.0004408115775122831 -0.025181994982479982 0.043084071631269656 0.071894930488457881 -0.012337994400123471 0.019672300690101823 -0.020169444280504989 0.013739204064677565
leaf_weight=20.283150479197502 182.12957927584648 38.165784180164337 17.977165415883064 638.43481214344501 33.913676232099533 152.85119637846947 272.04236097633839 138.85085581243038 30.204115554690361 18.904586628079414 89.079799920320511 67.00124092400074 44.342136442661285 21.764145821332932 63.314825862646103 28.657997444272041 31.875639483332634 27.957924515008926 86.482205808162689 17.232884138822556 144.00505052506924 84.229569226503372 56.439038619399071 20.951033934950829 31.250979736447334 23.713298559188843 36.330954059958458 44.816287785768509 27.2387425750494 37.68671178817749 34.038937509059906 31.897889971733093 24.135592266917229 21.661095961928368 224.99856805801392 44.589811056852341 17.613671973347664 62.120836302638054 305.38555857539177 171.23974557220936 27.845870926976204 24.958930477499962 34.508387014269829 72.026275113224983 17.204270422458649 153.42696605622768 108.0121743157506 68.773418858647346 102.33396989107132 110.99748723208904 18.743087515234947 76.080109938979149 29.302583232522011 40.425675332546234 23.367974013090134 30.508129179477692 17.91600239276886 199.34937070310116 42.914349883794785 231.01367469131947 46.510078519582748 30.762974381446838 48.293415352702141 17.813331171870232 24.70375107228756 150.86227138340473 19.286316305398941 28.53578782081604 30.620207116007805 17.35227669775486 490.15841011703014 18.274578079581261 350.58316420018673 31.641916334629059 19.330828920006752 56.655049860477448 26.911697208881378 258.90327727794647 188.41309237480164 23.127171665430069 23.372572973370552 73.657779142260551 37.164320409297943 29.230575948953629 86.740777254104614 24.651637494564056 107.94848509132862 23.738757878541946 179.09947296977043 35.569809764623642 31.314849138259888 45.636630833148956 43.060304790735245 20.061792746186256 25.475974500179291 491.93307010829449 168.75601601600647 28.893269211053848 205.39991292357445 23.498497366905212 54.003971084952354 19.088295876979828 19.181796625256538 413.43601417541504 112.66913819313049 17.366952687501907 255.21076993644238 127.47071942687035 18.516397789120674 140.81080821156502 90.341157898306847 21.475301921367645 21.506052613258362 26.452788084745407 113.99051587283611 29.193187907338142 26.441304534673691 26.412106841802597 218.61630964279175 24.289264217019081 140.03950463235378 51.137020587921143 38.899823918938637 80.420223578810692 23.646158337593079 41.826705306768417 19.551391109824181 36.487933084368706 22.124446406960487 20.744476050138474 34.822163417935371 36.811386272311211 68.122951075434685 25.622148677706718 59.446065217256546 47.705116331577301 23.670301631093025
leaf_count=97 924 170 85 3052 154 708 1261 589 155 89 455 313 206 98 285 133 140 127 396 78 723 411 263 87 139 108 166 203 122 176 154 137 107 99 1041 225 79 277 1409 758 129 129 152 336 83 771 668 368 421 462 83 375 128 189 107 132 80 873 191 1090 222 147 239 88 110 666 86 128 145 78 2173 84 1559 140 93 271 125 1238 862 106 118 353 159 127 390 125 494 110 768 149 134 199 190 87 118 2368 849 148 1025 108 241 87 87 2161 547 80 1188 589 83 624 476 92 98 115 529 138 125 125 1008 109 662 247 166 370 101 172 82 154 91 86 147 152 295 109 250 211 107
internal_value=0.000233519 -0.00259474 -0.00349742 0.00253345 0.00035214 0.0105207 0.00392678 0.023877 -0.00768655 -0.00595699 -0.00907252 -0.00361119 -0.00137475 0.00416866 -0.00617098 0.0135308 -0.00522996 -0.0145867 0.00531127 0.0122596 0.00355808 -0.000417261 0.0057068 0.0140279 0.0016372 0.0240397 0.0449843 0.0100117 0.0122281 0.0133066 -0.0168986 -0.00726271 -0.0146108 0.0519616 0.00375522 -0.0184161 0.0148951 0.00692358 0.0105424 0.0131609 -0.00129288 0.0206101 0.0276657 0.00925628 0.0228326 -0.0196221 -0.0306712 -0.0155375 0.019319 0.0269648 -0.00879313 -0.00221842 -0.0167691 -0.0228754 0.0206602 0.0274301 0.00297656 0.000897589 -0.00561595 -0.00899523 -0.0033922 0.0176353 -0.00892332 -0.0151528 -0.00847159 0.0198742 0.0190395 0.0109342 -0.0197923 -0.0256839 0.0211102 0.00536853 0.00948951 -0.00426676 0.000415663 0.00368253 -0.00594706 -0.0171129 -0.00556033 0.0088611 -0.0286287 0.000669535 -0.00866654 0.00485688 0.00320552 -0.00262176 0.000728877 -0.0281815 0.0334414 -0.00460481 0.0312743 0.0167024 0.0101607 0.0308519 -0.00888656 -0.00547798 -0.00274859 -0.0178824 -0.0227913 0.00545036 0.014985 0.00344959 -0.00875085 -0.0107223 -0.00787759 0.0351867 0.00272916 -0.00209936 -0.0168298 0.0141404 -0.0181332 -0.00627387 0.039506 0.0486394 -0.00969937 0.00173838 0.00810736 -0.00645378 -0.00383332 0.00233033 -0.00767045 -0.0325576 0.00437608 -0.00339664 0.0260325 0.0197115 0.0261884 0.00435288 0.0175334 0.0109254 -0.00546219 0.0272682 0.0606423 0.0151399 0.00499923 -0.00759767 -0.00639233
internal_weight=11027 6243.67 5939.13 1719.62 1560.48 553.511 4783.34 159.134 508.937 4219.51 2510.78 1262.11 1708.73 977.381 1175.05 142.012 1006.97 1248.67 4274.4 860.36 3414.04 2111.96 717.013 423.495 1877.48 146.022 143.348 1302.08 1154.4 1127.16 234.483 147.683 216.113 126.115 1661.37 929.91 1070.96 412.323 367.506 386.534 131.123 255.411 205.748 103.277 302.312 901.952 242.943 659.009 367.056 238.954 731.349 409.015 115.785 200.444 63.6171 261.437 51.8297 1274.83 518.213 456.012 318.763 66.1071 252.656 206.146 49.6627 658.634 62.2007 179.731 191.978 161.357 641.021 756.62 549.933 251.2 326.808 296.604 78.6969 322.334 206.688 51.7852 176.8 831.358 256.871 574.487 159.475 65.0773 277.273 97.3965 209.608 122.311 127.118 69.3499 98.3484 87.063 1033.04 749.769 660.689 283.268 234.293 48.9745 304.538 63.4304 827.242 482.209 169.324 48.1299 545.256 382.681 56.2031 162.575 134.931 293.518 40.2491 57.7676 808.06 169.625 140.432 345.398 318.986 242.906 157.853 135.367 147.856 108.956 55.2881 250.534 175.881 74.6537 134.054 114.502 56.9466 57.5559 104.454 136.62 128.102 68.6562 40.8746
internal_count=51449 29604 28309 7884 7198 2463 21845 686 2484 20425 12557 6120 7868 4432 5720 649 4735 6437 19361 3794 15567 9718 3156 1803 8592 645 638 5849 5188 5066 1126 661 1053 560 7539 4914 4807 1889 1686 1753 604 1149 910 475 1324 4787 1369 3418 1540 992 3436 1905 524 972 288 1134 234 5786 2408 2131 1523 312 1211 989 239 2918 277 804 946 801 2839 3378 2432 1139 1560 1405 364 1531 946 239 889 3787 1161 2626 698 314 1312 463 900 539 556 307 431 400 5071 3672 3217 1399 1173 226 1295 293 3931 2529 818 227 2499 1777 259 722 701 1353 181 249 3844 792 654 1617 1492 1117 750 658 664 498 241 1054 730 324 558 476 238 238 461 571 548 298 190
is_linear=0
shrinkage=0.0427603


Tree=27
num_leaves=138
num_cat=0
split_feature=31 28 37 36 37 18 49 27 15 27 39 37 45 37 37 22 27 36 37 15 28 23 37 59 29 49 60 33 37 33 8 44 34 12 39 59 45 28 12 2 39 8 44 25 9 14 25 33 22 45 37 0 27 30 14 28 31 30 28 44 39 2 34 60 45 36 29 37 31 37 44 60 27 28 28 2 8 28 12 34 37 2 27 14 29 30 34 45 23 60 59 25 8 37 15 60 34 37 31 15 49 44 34 14 23 25 23 59 9 44 15 60 39 27 15 29 2 28 28 22 15 33 23 44 39 18 15 27 60 33 30 28 8 34 0 30 30
split_gain=57.8297 49.4671 52.5436 41.2765 35.3647 67.0448 54.2551 46.8647 60.0775 35.005 32.5388 31.4976 29.9788 26.995 25.5446 23.8637 23.4499 32.526 24.4242 102.806 43.0289 37.8164 34.2474 33.755 29.8502 29.6247 24.9596 24.7736 23.7272 34.0643 27.2764 32.2811 23.4955 21.3345 21.0603 19.85 23.9905 21.979 19.288 31.6985 20.7749 18.8431 18.3308 26.4065 22.4441 18.0623 28.0654 17.8366 17.7653 17.5398 23.453 17.5178 16.9822 17.8553 20.721 20.269 16.9112 20.3372 16.904 30.0322 22.6599 22.1653 19.9971 22.1553 16.9029 16.8364 16.6082 17.4419 16.5899 16.5192 15.8409 15.5266 15.4828 15.2919 18.8567 15.2448 15.1123 18.5825 33.8125 25.0576 15.7031 14.9931 14.8767 14.7827 17.8989 14.7297 14.5333 30.7024 22.1341 18.3573 16.8741 14.4858 17.1335 14.3436 28.9027 26.3926 14.3231 18.7813 13.9517 15.1058 14.6468 14.5873 14.197 13.9256 13.7806 13.7472 13.571 15.1651 15.5875 28.2174 13.2813 13.2389 13.186 13.091 12.973 12.7922 12.749 20.7751 12.7177 15.5346 12.7168 12.6195 12.5739 12.5163 12.9457 12.5076 12.9925 15.1685 12.5067 12.2766 12.352 12.0655 13.5216 11.8614 11.2386 11.086 11.0199
threshold=0.019185000000000004 0.066305000000000017 0.89205000000000012 0.70045000000000013 0.25365000000000004 1.0101500000000001 0.17065000000000002 0.010155000000000003 -0.99134999999999984 -0.0099649999999999982 0.87970000000000004 -1.1226999999999998 0.59225000000000005 -0.63584999999999992 1.7180500000000001 3.1067500000000003 0.040205000000000012 0.22290000000000001 -0.29684999999999995 0.99115000000000009 0.010655000000000001 51.685000000000009 0.25365000000000004 0.22605000000000003 0.029075000000000004 0.071550000000000016 1.9731000000000003 -0.082349999999999993 0.40920000000000006 -0.71314999999999984 0.15764770000000003 -0.26054999999999995 214.50000000000003 -0.048829999999999991 0.32315000000000005 0.11862915 0.60745000000000016 0.022615000000000007 -0.22985999999999998 0.65618824110671947 0.0095500000000000012 -0.018839150499999995 0.42550000000000004 1.2821000000000002 1.5000000000000002 0.36945000000000006 0.83050000000000013 -0.65924999999999989 1.3532500000000003 1.7525500000000001 1.5024500000000003 0.95115622500000019 -0.013034999999999998 -0.03429999999999999 0.56855000000000011 0.029665 0.081820000000000018 0.072935000000000014 0.021505000000000003 -0.19849999999999998 0.19675000000000004 0.84990118577075113 110.50000000000001 1.9701000000000002 0.64505000000000012 0.70045000000000013 0.034385000000000006 0.21875000000000003 0.034155000000000012 -0.58174999999999988 -0.38794999999999996 2.0621000000000005 -0.0079649999999999981 0.036395000000000004 0.024615000000000001 0.38479595521849047 -0.065360244999999997 -0.024984999999999997 0.067885000000000015 97.500000000000014 0.33625000000000005 0.56531897602600578 0.016905000000000003 1.4716500000000001 0.0025050000000000007 -0.086104999999999987 193.50000000000003 0.99990000000000012 44.665000000000006 2.0573000000000001 0.21192589000000003 0.53530000000000011 0.031070650000000002 0.5111500000000001 1.0077500000000004 1.9559000000000002 83.500000000000014 0.96840000000000015 -0.018094999999999997 0.96755000000000013 0.31555000000000005 0.020450000000000006 103.50000000000001 0.47730000000000006 -49.614999999999988 0.13305000000000003 80.295000000000016 0.12820000000000001 1.5000000000000002 0.42550000000000004 1.0200500000000001 1.9731000000000003 0.41160000000000002 0.026465000000000006 0.99515000000000009 -0.0026349999999999998 0.5574440052700923 0.0023250000000000002 -0.0036049999999999993 1.1264500000000004 1.0097500000000001 -0.21774999999999997 42.935000000000009 0.21445000000000003 0.60080000000000011 -0.96094999999999986 0.94785000000000008 0.029075000000000004 2.1047000000000007 -0.47789999999999994 -0.014944999999999998 0.017325000000000004 0.013195604000000001 115.50000000000001 0.32863279000000006 0.083555000000000004 -0.022254999999999994
decision_type=2 2 2 2 2 2 2 2 2 2 2 2 2 2 2 2 2 2 2 2 2 2 2 2 2 2 2 2 2 2 2 2 2 2 2 2 2 2 2 2 2 2 2 2 2 2 2 2 2 2 2 2 2 2 2 2 2 2 2 2 2 2 2 2 2 2 2 2 2 2 2 2 2 2 2 2 2 2 2 2 2 2 2 2 2 2 2 2 2 2 2 2 2 2 2 2 2 2 2 2 2 2 2 2 2 2 2 2 2 2 2 2 2 2 2 2 2 2 2 2 2 2 2 2 2 2 2 2 2 2 2 2 2 2 2 2 2
left_child=1 3 83 9 5 12 -7 86 -9 11 45 112 105 -14 52 -8 18 81 19 26 -21 22 25 76 33 -20 118 34 29 56 31 91 41 35 -22 36 131 -37 39 -33 -40 71 43 -38 -44 46 64 -48 -15 51 115 75 98 54 -54 134 -26 -58 59 114 93 70 72 -64 129 104 67 -31 -67 -19 -62 -27 -61 74 -68 -4 -24 96 79 -79 -80 -18 111 84 136 -56 87 89 -88 90 -6 -30 -93 95 -95 -60 97 -78 99 102 121 -101 -13 -83 -43 -5 107 108 -35 -110 -29 -10 -1 -28 -47 -51 -49 -118 135 -120 -86 -100 -57 124 -105 -121 127 -127 -73 -11 -131 133 -133 -23 -55 -2 -3
right_child=16 2 49 4 7 6 15 8 82 10 -12 14 13 48 -16 -17 17 69 21 20 27 24 23 -25 28 32 113 110 30 66 -32 38 -34 106 -36 37 42 -39 40 -41 -42 65 44 -45 -46 58 47 116 -50 50 -52 -53 53 55 85 122 57 -59 60 62 61 -63 63 -65 -66 68 73 -69 -70 -71 -72 128 -74 -75 -76 -77 77 78 80 -81 -82 103 -84 -85 120 -87 88 -89 -90 -91 -92 92 -94 94 -96 -97 -98 -99 100 101 -102 -103 -104 123 -106 -107 -108 -109 109 -111 -112 -113 -114 -115 -116 -117 117 -119 119 125 -122 -123 -124 -125 -126 126 -128 -129 -130 130 -132 132 -134 -135 -136 -137 -138
leaf_value=0.030943569146693255 0.0077217831642148998 0.016467132666207827 0.025422451990730708 -0.033063785399848562 -0.023772796260958986 0.06558762767264506 -0.037987966435434069 0.073084980975437516 0.011173606134332029 0.028869197813091826 0.044030998889186643 0.0060188877495500155 0.0069825638524262544 -0.0036098595673077706 0.023796624450554416 0.029551708175607028 -0.0016589428750187444 0.015862312711421637 -0.034749136474988868 0.0060518732941828865 0.00096915283936650906 0.014558812877345444 0.031839533167560524 0.05269304366703579 -0.03397877251165933 -0.021610478627571993 -0.029635780043771098 0.073493833942561981 0.040588242109563376 0.070164931281300219 0.02707359332220052 -0.0056259098164451295 -0.038510766777815127 -0.02813588010710753 0.059404073575591264 -0.048701489099749848 0.017515422483498539 0.00046704875284502348 0.03065546016375938 0.038243481191246896 -0.012982132841424377 -0.015368622549888383 -0.046181140619368524 -0.0046840619448931201 0.0043046009947002679 -0.025181292781830036 -0.012002562466849756 -0.0017632824048441245 -0.038357399129576947 -0.024517718039912338 -0.038005574741507391 0.028331686847848304 -0.0093578933517703983 0.0080891610054618351 0.0067587333653435005 0.047692690185505704 0.036078787004449497 -0.015372971167348648 -0.0096519107587194359 -0.027718126672999933 0.015153257695691376 -0.027178421206341199 0.00021994005283110154 -0.02105525865029266 -0.024837339769229118 -0.03747659220622885 0.021529919948654185 0.017193089942947916 0.00619572759107174 0.053178431308700605 -0.0091362834704268869 0.034724258008532793 -0.0019733415543483129 0.043065681860131454 -0.0060799401240808001 -0.013426521709079561 -0.00064531027086266938 -0.0016020092472538857 0.014900975394629853 0.026653663431579627 0.06117403340370723 0.037158789508434001 0.022886699579253541 0.047497890699286602 0.014054892810013615 0.045486411798059706 0.040164754932416148 -0.037561502046286187 -0.024426095753594706 0.024043254436796533 0.023457526865287858 -0.01432237603509753 0.0348848151383944 0.0088296455609954954 -0.011681698141475008 0.014487510353163195 -0.0065932780761575015 0.032402057360343461 0.0038139111993574209 -0.018075979311001418 -0.0057484156925222346 -0.0010396098609924632 -0.0092832822831046997 0.0096059115373112094 0.013599084898081067 0.001343226547485426 -0.037209647545081805 0.022986331678183199 -0.014930504740536902 0.034399927763241189 0.037520740658385211 -0.038148478723645594 -7.7392345997869912e-06 -0.00022687529030404163 0.0085851781231387238 0.013063825651816833 0.023424280286888491 0.073752972945811332 0.031685026660221972 0.018037015941796308 0.056350070266359874 0.031937728979064446 0 -0.0080408946962737902 0.03594181818428431 -0.043026956525646851 0.01676237267772817 -0.0053035581392846401 -0.013656981321948897 0.0096492228848956089 -0.026770244663138727 -0.0052795542855196024 -0.031796374803886474 -0.023518675609761879 -0.02146712489277823 0.038389706386735244 -0.020434156208079764
leaf_weight=99.905032753944397 84.346983999013901 68.748083367943764 25.546661645174026 27.373291492462158 64.514828473329544 28.460669428110123 24.467258989810944 30.481385082006454 17.775256752967834 27.25913904607296 25.054090708494186 294.53179597854614 30.394369810819626 30.25391973555088 87.393672287464142 15.603525176644323 203.57877844572067 42.138829946517944 42.288412421941757 63.047248810529709 29.361443191766739 45.012282401323318 59.422129452228546 38.070763990283012 34.597071886062622 81.892166912555695 74.373871386051178 61.273468032479286 37.426512449979782 22.485233068466187 56.689008951187134 110.66661709547043 24.75771164894104 105.84757797420025 18.581550896167755 35.271658435463905 224.4939392209053 30.882398009300232 20.72739389538765 41.284260243177414 475.0923707485199 32.473205476999283 27.309966772794724 173.09911713004112 38.660994619131088 232.53245243430138 23.088343292474747 18.466537088155746 283.09416210651398 24.345413953065872 44.702534154057503 52.635015919804573 27.4942447245121 36.874473035335541 26.859075650572777 21.487095817923546 22.189360961318016 38.131537079811096 115.53259912133217 44.699424982070923 59.690063714981079 106.89918373525143 130.73825180530548 279.08214648067951 56.720119029283524 27.49270898103714 108.67874154448509 23.927864789962769 37.196913689374924 46.331842422485352 272.77678981423378 20.043182104825974 996.59621801972389 30.031864136457443 76.897485315799713 66.331636413931847 79.959339886903763 145.98872841894627 21.00102037191391 94.079535126686096 39.591589391231537 38.782602593302727 32.781592890620232 51.925115436315536 22.128150299191475 57.274067893624306 22.040181741118431 77.704436667263508 17.193435400724411 33.198917493224144 17.458551034331322 31.501841604709625 21.853527843952179 214.70416884124279 302.07003654539585 290.04110352694988 168.89551338553429 51.372710287570953 61.520119115710258 227.36777444183826 86.471790954470634 155.84556190669537 177.72881489992142 205.74710914492607 366.36019572615623 93.060038909316063 49.073316171765327 20.034859284758568 127.71857078373432 25.362340971827507 28.554068759083748 22.105429112911224 33.003585129976273 44.890530914068222 22.50108203291893 51.687109082937241 54.882637903094292 21.051646336913109 19.653468400239944 24.26308973133564 33.500693738460541 56.667344525456429 19.425577506422997 57.471759110689163 41.345622897148132 38.216398477554321 17.6168133020401 40.808724209666252 18.790548041462898 42.28898423910141 28.350758746266365 64.250483870506287 79.746676459908485 22.360033333301544 63.61447785794735 29.395762085914612 18.704576134681702
leaf_count=419 372 309 110 138 315 121 132 135 82 128 110 1311 137 151 374 72 888 181 190 286 130 221 259 160 159 389 355 266 159 95 241 493 120 525 88 177 1069 143 95 182 2231 161 130 816 179 1148 110 88 1666 114 209 227 127 179 122 94 97 170 532 222 268 503 661 1403 276 146 469 106 170 193 1290 91 4860 130 338 294 358 670 94 426 170 167 150 221 92 264 107 420 88 151 80 141 94 986 1415 1313 770 227 285 1054 401 721 830 892 1651 458 259 96 636 119 127 107 136 202 106 224 255 95 85 110 138 257 88 253 174 185 80 183 88 199 140 305 379 108 305 126 81
internal_value=0.000221015 -0.00249403 0.0109924 -0.00357175 -0.0121679 -0.0190162 0.0204042 -0.00126417 0.022694 -0.00204709 -0.00448817 0.00330479 -0.0248523 -0.0312901 0.0014113 -0.0115033 0.00375878 0.0114115 0.00258399 0.0107696 0.0354455 0.00126528 0.00691174 0.0134897 -0.00216221 -0.000130385 -0.0024756 0.048843 0.00260795 0.0117695 -0.00149483 -0.0036977 0.00226135 -0.00730987 0.0237719 -0.00327859 -0.00107617 -0.0256366 -0.00705284 0.00624452 -0.0111429 0.00400178 0.00435559 0.00783187 -0.0164829 -0.00485435 0.00569046 0.0214586 -0.0350261 -0.00136895 -0.013423 0.00865046 -7.28555e-05 0.00987476 0.0226597 -0.000165801 -0.0101266 0.0034312 -0.00579205 -0.00862921 -0.00223181 -0.0102261 -0.00624376 -0.0142501 -0.00624326 0.00793014 0.0197296 0.0430157 -0.0122504 0.0354885 -0.00475313 -0.0110197 -0.0030856 0.0146825 0.0100493 -0.00254395 0.0112181 0.00916652 0.0166834 0.00944019 0.0452585 0.00750324 0.0014531 0.0278443 0.02066 0.0332109 -0.0119425 -0.016784 0.0116703 -0.00270147 -0.0136234 0.0201612 0.00569346 0.00156831 -0.00314552 0.00759284 0.00161414 0.0122254 -0.00245411 -0.00485868 0.00756082 -0.0111669 0.000244444 0.0129573 0.0112219 -0.00641575 -0.0163946 -0.0127064 -0.0154968 -0.00670903 0.0621415 -0.0159795 0.0232021 -0.0186285 -0.0221731 0.000932864 0.0297209 0.037475 0.00507085 -0.00348819 0.0396591 0.0173612 0.025153 0.00985116 0.0140427 -0.00926703 -0.0161987 -0.0236403 0.0111234 0.0044541 -0.00486272 -0.0130238 -0.0200162 0.0018114 -0.0105478 0.0157128 0.00848988
internal_weight=11007.5 6226.71 460.255 5766.45 867.961 532.707 68.5315 335.254 103.144 4898.49 3365.03 1533.46 464.176 343.742 1400.56 40.0708 4780.76 635.397 4145.36 574.383 200.818 3570.98 1349.68 698.381 2221.3 651.295 373.566 137.771 1152.18 356.939 795.242 738.553 609.007 1069.12 47.943 741.088 674.933 66.1541 647.771 151.951 495.82 584.249 463.564 397.593 65.971 3339.97 272.108 117.489 313.348 265.248 120.735 144.513 1313.16 253.029 111.627 141.402 94.918 60.3209 3067.86 1706.15 1361.71 439.366 1451.12 409.82 154.619 463.523 262.021 46.4131 64.6896 88.4707 332.467 120.726 1041.3 215.608 185.576 91.8783 660.311 600.888 300.661 240.068 60.5926 546.926 72.6623 195.007 143.082 84.1331 232.11 192.877 39.2336 115.172 81.9734 90.7819 53.3554 922.348 516.774 405.574 300.228 131.332 1060.13 855.474 204.659 383.213 472.261 343.347 398.833 120.433 328.037 278.963 258.928 153.081 89.8275 39.8807 132.909 119.264 255.034 76.0325 94.4008 75.9343 254.301 140.558 55.6288 118.187 40.9127 304.564 247.093 120.905 96.6419 79.0251 38.8337 97.8989 70.6397 211.369 143.997 67.3723 100.489 113.743 87.4527
internal_count=51449 29604 2019 27585 4510 2875 325 1635 474 23075 16108 6967 2550 1954 6412 204 21845 2748 19097 2595 897 16502 6140 3134 10362 3006 1698 611 5200 1564 3636 3395 2816 5162 218 3527 3207 320 3001 675 2326 2696 2194 1885 309 15998 1291 548 1817 1178 547 631 6038 1179 513 666 426 267 14707 8400 6307 2061 7146 2064 743 2128 1138 201 316 374 1558 568 5082 937 807 404 2974 2715 1360 1096 264 2374 339 841 620 386 1161 966 195 546 395 394 235 4246 2401 1845 1355 585 4859 3916 943 1775 2141 1486 1812 596 1635 1376 1280 755 393 189 555 557 1254 338 438 350 1141 643 230 542 182 1319 1066 558 448 368 179 467 339 1013 684 329 484 498 390
is_linear=0
shrinkage=0.0427603


Tree=28
num_leaves=138
num_cat=0
split_feature=31 21 27 5 35 35 35 21 21 2 60 27 21 12 37 15 6 21 35 12 35 35 35 37 29 35 21 18 35 39 21 37 34 35 60 34 15 12 37 37 14 37 8 34 62 21 27 29 49 18 33 37 35 35 4 35 36 9 14 27 2 39 2 14 12 33 8 5 29 35 18 35 8 31 34 9 62 14 1 27 2 60 2 41 14 33 12 45 2 60 14 5 21 21 14 9 21 9 8 12 37 27 15 37 27 12 27 1 2 8 49 36 5 49 33 12 27 31 31 31 1 27 2 1 62 39 12 2 1 34 33 49 21 33 5 5 14
split_gain=53.0669 48.4086 40.9911 62.9924 39.3829 44.4118 49.2027 37.1984 32.1042 27.9346 27.9271 27.7684 30.6161 24.1541 24.0655 76.8058 43.3868 34.0391 34.8858 28.0644 57.1668 34.8558 33.9657 37.426 33.6132 32.2518 38.8643 30.366 29.1957 25.4002 25.3014 27.9358 25.6079 23.4312 23.3328 23.0638 22.0779 24.3544 21.4687 21.357 29.3696 26.4296 24.0328 23.1596 27.8719 21.2851 31.2456 20.6055 20.0728 19.9622 19.6397 20.0942 19.6056 38.9884 19.4392 21.7946 19.4379 19.2 23.7582 19.1333 20.0254 18.9622 18.639 27.2947 21.7643 18.549 22.4993 18.5344 21.8988 18.4707 19.6431 18.3372 18.0356 17.6895 17.3497 17.3106 17.2271 17.027 16.7442 16.6869 16.6603 16.44 16.3298 16.2119 16.0613 15.923 15.7959 15.6907 15.6006 21.8057 19.0024 17.5614 15.4547 15.2678 15.234 18.9236 15.1483 25.3984 15.7044 14.9716 14.8554 14.7547 14.7289 14.3181 19.6591 14.1864 14.1128 14.1114 15.9152 14.7338 14.4479 13.8775 13.8091 13.4478 13.329 13.2287 15.346 16.7493 13.1426 18.8924 14.1526 13.1299 13.012 13.5323 12.9233 12.7417 12.6558 14.8325 12.5834 12.336 19.5417 15.5268 12.3027 12.285 12.1992 11.9867 11.815
threshold=0.019185000000000004 29.280000000000005 -0.010164999999999999 3.3976808786392216 1.5000000000000002 21.500000000000004 26.500000000000004 14.055000000000001 22.365000000000006 0.8972467377768153 2.0925000000000007 0.019755000000000005 24.550000000000001 0.076740000000000017 -0.29684999999999995 0.99115000000000009 0.14949406024863593 20.535000000000004 1.5000000000000002 0.046020000000000012 24.500000000000004 1.5000000000000002 21.500000000000004 0.53015000000000012 0.0068750000000000009 7.5000000000000009 23.190000000000001 1.0565500000000003 31.500000000000004 0.067550000000000013 29.280000000000005 -1.0000000180025095e-35 124.50000000000001 7.5000000000000009 2.2530000000000006 101.50000000000001 -1.02335 -0.46825999999999995 -0.27784999999999993 -0.040049999999999995 0.30705000000000005 -0.58174999999999988 0.013195604000000001 16.500000000000004 0.89183045029899699 16.265000000000004 0.023905000000000006 0.0021650000000000007 0.56595000000000006 -0.95874999999999988 0.31325000000000008 0.40920000000000006 31.500000000000004 23.500000000000004 4.5000000000000009 1.5000000000000002 0.78730000000000011 2.5000000000000004 0.7531500000000001 0.0049950000000000003 0.38479595521849047 0.47380000000000005 0.60086474048507121 0.93495000000000006 -0.38470499999999991 -0.71314999999999984 0.033705115000000008 0.37118989229202276 0.039755000000000006 22.500000000000004 0.96195000000000008 15.500000000000002 0.10860615800000002 0.034155000000000012 41.500000000000007 1.5000000000000002 2.5223123735516242 1.2824000000000002 0.034922843748631908 -0.0090549999999999988 0.68383271707254889 2.1211000000000007 0.54158432147562585 1.0000000180025095e-35 0.73015000000000008 0.60180000000000011 -0.33126499999999998 0.37335000000000007 0.6522774327122155 1.9521000000000002 0.7440500000000001 5.396282672882081 26.695000000000004 15.150000000000002 2.4983000000000004 1.5000000000000002 23.190000000000001 2.5000000000000004 0.040896983000000005 -0.16418499999999997 1.9192000000000002 0.016685000000000002 1.0239500000000004 -1.1226999999999998 -0.068234999999999976 -0.28025499999999998 -0.025079999999999995 -1.1089861864265671 0.27839144972534036 0.0054799318000000007 0.020000000000000004 0.67715000000000003 -5.1830759048461905 0.47275000000000006 -0.20424999999999996 0.25488000000000005 0.05531500000000001 0.065675000000000025 -0.19309999999999997 -0.020044999999999997 -0.13657545703373966 -0.0059949999999999995 0.64824860297124176 0.58137442041707732 0.64743202292711566 0.34065000000000006 0.17087000000000005 0.36245805369127521 0.0017853244313503001 2.5000000000000004 0.27425000000000005 0.71460000000000012 14.885000000000002 0.054150000000000011 12.422529220581058 -3.0217117071151729 0.59035000000000015
decision_type=2 2 2 2 2 2 2 2 2 2 2 2 2 2 2 2 2 2 2 2 2 2 2 2 2 2 2 2 2 2 2 2 2 2 2 2 2 2 2 2 2 2 2 2 2 2 2 2 2 2 2 2 2 2 2 2 2 2 2 2 2 2 2 2 2 2 2 2 2 2 2 2 2 2 2 2 2 2 2 2 2 2 2 2 2 2 2 2 2 2 2 2 2 2 2 2 2 2 2 2 2 2 2 2 2 2 2 2 2 2 2 2 2 2 2 2 2 2 2 2 2 2 2 2 2 2 2 2 2 2 2 2 2 2 2 2 2
left_child=1 2 4 11 8 10 56 13 -1 -10 92 34 76 59 15 17 48 80 -19 20 22 49 24 -24 50 26 57 -25 72 67 31 32 83 96 39 -28 45 75 -12 41 135 -4 136 44 -42 46 -5 -35 106 -21 54 85 53 -33 55 -16 69 93 128 60 -2 122 63 64 -8 -14 -67 -26 -69 70 -7 -45 -22 105 -75 -38 111 -65 -51 -39 134 -47 -61 -27 -37 -52 -71 -77 91 -90 -91 114 103 -23 95 -49 97 -20 -99 -29 -40 -98 -30 104 -6 -31 -17 132 109 -109 -110 126 -60 -53 121 116 117 -82 120 -120 -105 -3 -62 -124 -44 -92 127 -13 -59 -84 -131 -132 -81 -89 -9 -41 -43
right_child=7 88 3 36 5 6 62 14 9 -11 38 12 65 -15 19 16 -18 18 33 21 28 25 23 27 29 30 35 99 102 73 -32 52 -34 47 -36 84 37 79 100 40 43 42 124 71 -46 81 -48 94 -50 78 51 113 -54 -55 -56 -57 -58 58 112 82 61 -63 -64 77 -66 66 -68 68 -70 86 -72 -73 -74 74 -76 87 -78 -79 -80 107 115 -83 129 -85 -86 -87 -88 133 89 90 125 -93 -94 -95 -96 -97 101 98 -100 -101 -102 -103 -104 118 -106 -107 -108 108 110 -111 -112 -113 -114 -115 -116 -117 -118 -119 119 -121 -122 -123 123 -125 -126 -127 -128 -129 -130 130 131 -133 -134 -135 -136 -137 -138
leaf_value=-0.027901158908020564 -0.041568640354122277 -0.0072580739067716286 0.010072206459405972 0.063586304739858573 -0.019515557552585758 -0.016343850939440383 -0.003205985919918834 -0.028605607254822162 0.038575359422915775 -0.011999393389210768 0.049708936479342568 -0.04063114406622214 -0.018950207224098618 -0.030395198788826381 0.011511882008634589 0.021245258280466826 -0.011753848443800898 -0.020084050798933138 -0.020047655769122829 -0.035943486754405923 -0.031356926867417145 0.027249693391489967 0.058716582666432163 0.036948629879538147 -0.010331635389108825 0.012854556771030305 0.064459242405709036 -0.037058885117141373 -0.014849922326162366 0.012624479099715579 -0.033169441081968301 0.010114812350332037 -0.027178519785534844 -0.011238190198369561 0.028225145422097035 -0.0010948535603020238 -0.0048349122697396848 -0.032130852779362146 -0.00046299526953929524 0.0018862331355780834 -0.007950601866269686 -0.016890673508726719 -0.01696162793079526 -0.019185630228229639 0.034714582448610518 0.014056918634578846 0.0077160717021847337 -0.0075222740625701416 0.012459395059598472 0.033280357315709809 0.04464329629030192 0.010146459606811178 -0.015943566111587364 0.041362583452411075 0.017754122595716949 -0.02221484305383133 -0.0058869110547326332 0.024003579808084374 -0.027459316634506722 0.044719127795392735 0.01586257529941713 0.038808795252019621 -0.012563013560146559 -0.045883086585489466 0.054424682289042653 0.03918880942528296 -0.0099147568112133693 0.028077372391060226 0.0070944574719159648 0.0027598310930519974 0.038811167503983723 -0.0078671848826607511 0.005089797494643322 -0.0057145985886147182 0.0065012329398956127 -0.0027875881210072655 0.022275246889172089 0.012295406272854107 -0.011351932518168252 -0.038820122263396172 -0.02085249661349399 -0.033973518679534867 0.029164446800015342 -0.021370266545068559 0.044581749902356492 -0.0050568948288016525 0.036293217305610373 0.06309150931600041 0.042909422741665357 0.024523276947733937 -0.020131746406277212 -0.0074602651329887587 0.02882716255178806 -0.020185886406650984 0.047910589863531111 0.025646298645253644 0.00748584428536623 0.005286589435243164 0.060530730009104465 0.0051256514748090065 0.035417698712953249 0.046869802861669044 0.037039303556350843 -0.0059688513726588802 0.035691479467157845 -0.022544533518251943 0.059561387499215426 -0.02952115312541851 -0.024891081861426117 -0.0045752987228788455 0.0010152019789603482 -0.033922438825573387 0.022140340822464653 -0.041362183518826617 0.049216584675913985 -0.021285305571128753 0.047532079579575663 0.023229950329079391 -0.017926100384675046 -0.0023420359895116008 0.037078726027334682 0.032230101395768401 -0.020728327252683386 0.00023538859119932339 0.032050698914195971 0.014748111139692967 -0.020190041906208038 0.00012448638135971165 0.074279323885316967 -0.043394530521310738 0.023606285197087733 -0.023933459028309872 6.332656383642431e-05 0.023536317309608267 0.0013993848198729827 0.054343909507445623 -0.039353895293664495
leaf_weight=20.010621145367622 31.399723917245865 22.325512513518333 36.36141499876976 32.235842317342758 19.984271287918091 33.706635862588882 19.069352865219116 84.246091037988663 115.48051108419895 23.891323357820511 21.139690190553665 17.392861872911453 19.995797321200371 71.534320950508118 40.256557658314705 22.06044015288353 28.838851094245911 55.663665607571602 26.741169810295105 42.693393304944038 168.29139873385429 16.874574050307274 38.193004935979843 48.31184296309948 53.161245137453079 118.16054564714432 53.043379530310631 20.983728498220444 17.821904689073563 26.772712156176567 27.393105953931808 310.67818494141102 61.825927093625069 75.26884038746357 24.10638003051281 24.255908980965614 43.759778127074242 34.304657325148582 161.95376959443092 16.146583154797554 102.53260073065758 58.10286457836628 26.520875483751297 668.18006288260221 38.455033369362354 36.713699996471405 43.156182929873466 58.422948569059372 28.301138445734978 20.791420042514801 31.701541021466255 18.434412404894829 34.554587855935097 95.890705212950706 31.197217300534248 256.93464767932892 40.410592824220657 19.107775196433067 17.107452392578125 21.458854451775551 35.109004124999046 16.561221122741699 163.42544814944267 17.929928779602051 31.208530247211456 65.685929045081139 22.752167597413063 166.90627866983414 202.53435628116131 30.526789724826813 18.137741565704346 434.86843002587557 28.72248250246048 306.27973112463951 691.98412723839283 21.608152717351913 33.260945007205009 18.590447306632996 58.900138288736343 34.860284820199013 29.900820404291153 20.153945833444595 25.544505193829536 32.090189144015312 32.547148555517197 18.365312129259109 179.92114178836346 24.305644169449806 23.763598248362541 37.438329637050629 74.6372250020504 25.37510272860527 19.410264015197754 46.163009271025658 23.425841197371483 67.480314508080482 22.760034069418907 18.453582942485809 19.896190285682678 56.915691435337067 24.194351345300674 80.806254535913467 22.400596231222153 46.092183262109756 28.407476082444191 93.154913380742073 101.09418179094791 63.858215153217316 40.475196182727814 137.3260091394186 1421.8625326901674 39.175821200013161 25.571356594562531 18.29227913916111 47.204694971442223 29.346510425209999 17.601886168122292 33.244109988212585 454.11633637547493 208.79014889895916 19.919189289212227 47.721253737807274 134.90532538294792 95.43921585381031 15.617947801947592 25.511685609817505 99.736321792006493 260.85926240682602 18.458159506320953 18.491247668862343 36.73702472448349 18.97758449614048 25.295265391469002 37.372938603162766 34.445019334554672 16.323076516389847 178.0363460406661
leaf_count=97 162 95 166 145 83 154 87 410 487 102 92 86 88 367 183 96 124 261 114 200 841 80 164 204 253 530 222 96 87 118 124 1378 287 331 106 105 199 163 739 80 499 304 136 3414 183 169 195 248 129 91 150 86 160 418 139 1290 190 86 80 99 175 77 743 87 140 297 106 750 889 132 80 2146 128 1401 3100 96 158 82 263 180 145 93 117 144 139 86 768 102 100 159 328 108 87 220 99 281 98 80 81 246 101 330 97 211 122 446 454 316 185 668 6726 195 116 90 197 130 77 150 2188 1023 89 198 683 450 80 110 502 1255 80 93 171 90 117 160 156 81 1029
internal_value=0.000209385 -0.0023959 -0.00325319 -0.00553297 0.00230994 0.000232695 0.00996895 0.00359805 0.0225551 0.0298526 -0.00512188 -0.0105825 -0.00235073 -0.00735694 0.00489785 0.0113033 0.0361134 0.00469188 0.0115403 0.00328575 0.000687447 0.0090791 0.00291768 0.0215879 0.00134462 0.0118956 0.0249382 0.0102935 -0.0192148 0.00425772 0.00703381 0.00873116 -0.0039949 0.0160354 -0.013426 0.0440944 -8.72251e-05 -0.0012758 0.00884175 -0.0140617 -0.011591 -0.024062 -0.0285488 -0.012643 0.00363407 0.0167969 0.0317033 0.00694673 0.0452768 -0.0123482 -0.00944841 0.00858844 0.0148662 0.017503 -0.0142381 -0.0176214 0.0215701 0.0102004 0.0240956 -0.00354803 -0.00914026 -0.00550335 -0.00403574 0.0119343 0.0324195 0.0180279 0.0264724 0.0131895 0.0165942 0.0258286 0.00280945 -0.0147301 -0.0260058 0.000875461 0.00274585 0.0167963 -0.00727306 -0.0160652 0.00019977 -0.00258606 -0.00871363 -0.00283503 0.0108509 0.00549558 0.0249468 0.0262647 0.0314642 0.0282505 0.0142408 0.00507523 -0.00140566 0.0245577 -0.00876418 -0.00737027 0.0161624 0.0101963 0.0280947 0.0117651 0.0341411 -0.00614266 0.00416084 0.0382862 0.0138641 -0.00971242 0.0127397 -0.0146316 0.0527581 -0.00199376 -0.0012533 -0.0125303 0.000293087 -0.00964674 0.00208516 -0.0153068 0.0315501 0.00320967 0.0122038 0.00223847 -0.0112131 -0.0130289 0.0069089 0.0195386 -0.00829587 -0.0120103 0.00102827 -0.0111726 -0.00711112 -0.00239649 0.0489044 0.00349057 -0.00524769 0.00728028 -0.0223467 0.0392442 -0.0198356 0.028486 -0.0338581
internal_weight=10989.6 6211.69 5907.72 4191.4 1716.32 1556.93 552.927 4777.88 159.382 139.372 1004.01 2174.11 558.859 506.158 4271.72 857.998 180.295 677.703 448.919 3413.72 2357.62 1056.11 2120.38 164.404 1955.98 933.722 253.129 126.211 237.236 1540.79 680.593 653.2 212.077 393.255 1615.25 109.846 2017.29 1885.03 207.288 1591.15 1276.51 314.639 278.278 1244.04 140.988 132.26 75.392 224.598 151.456 122.385 415.182 86.7935 441.123 406.569 328.388 297.191 302.703 143.282 80.2447 434.624 313.414 282.015 250.224 86.7983 50.2779 108.434 88.4381 422.602 369.441 262.292 51.8444 1103.05 197.014 1118.19 998.264 127.047 450.425 36.5204 79.6916 1757.98 228.784 56.8676 121.209 150.251 56.8031 50.0669 210.448 83.2867 303.977 161.351 137.587 142.627 796.72 63.0376 149.329 125.903 168.657 65.0909 38.3498 77.8994 186.148 103.566 40.2225 777.31 48.3917 119.928 123.155 1723.68 1663.52 201.184 1462.34 417.164 42.6788 36.7267 117.251 110.093 80.7468 63.1449 728.918 662.906 66.0114 70.0468 265.454 230.345 42.1388 100.149 377.988 278.252 37.5659 99.7504 74.2059 55.7146 60.1556 61.6786 118.691 32.4697 236.139
internal_count=51449 29604 28309 20425 7884 7198 2463 21845 686 589 4735 10911 2687 2484 19361 3794 803 2991 1923 15567 10844 4723 9691 710 8981 4169 1128 546 1153 6957 3041 2917 961 1662 8224 466 9514 8912 932 8118 6403 1715 1549 6242 682 602 340 959 679 554 2024 412 1956 1796 1612 1473 1324 662 362 2117 1547 1385 1139 396 227 491 403 1892 1639 1134 234 5560 969 5065 4501 557 2196 169 354 8355 1068 262 570 674 244 236 900 358 1295 697 597 598 3803 300 628 529 703 275 161 342 840 428 184 3716 205 564 550 8192 7895 984 6911 2038 196 176 490 502 372 295 3511 3211 300 293 1308 1133 216 438 1843 1341 166 471 354 261 297 262 566 161 1333
is_linear=0
shrinkage=0.0427603


Tree=29
num_leaves=138
num_cat=0
split_feature=31 21 36 27 5 21 28 59 28 39 2 22 12 27 22 12 23 0 31 44 7 5 21 23 21 21 21 21 28 28 57 5 3 27 34 15 12 21 34 44 2 5 3 44 5 7 21 12 27 49 33 22 34 6 2 44 44 31 15 25 21 3 36 39 22 39 2 21 21 33 57 44 2 7 31 2 15 1 1 5 12 1 12 1 7 27 6 21 2 21 23 12 7 7 7 49 44 48 5 39 21 16 0 12 1 1 2 39 34 31 28 2 7 16 12 16 22 57 44 57 21 44 21 28 1 16 0 57 1 12 15 31 33 49 27 5 44
split_gain=48.7041 44.3893 38.0489 39.8744 48.7644 34.1595 28.9553 28.7321 26.1707 25.6993 24.0179 32.7242 23.5057 21.7671 21.3747 21.3102 19.9468 19.895 25.8301 19.5012 18.5354 18.9707 18.8728 22.0646 21.4485 86.1214 31.1374 32.9946 31.8848 30.2505 23.4864 23.3351 18.9022 18.4641 25.1628 17.8257 22.8772 17.5183 18.0342 17.2834 17.6923 22.5179 16.9798 16.9731 17.4343 23.2375 16.8897 17.3279 16.7881 16.407 22.4115 17.3569 21.1264 16.3499 17.5806 20.4726 16.3923 21.3719 16.3074 16.2249 16.0638 15.7436 15.5167 15.5054 15.3564 26.526 19.1895 15.3006 21.496 17.8322 16.0122 15.241 15.1883 15.1051 14.8897 16.6147 18.9915 17.2423 33.4995 14.7707 14.5016 15.0911 21.8564 14.4753 14.4453 14.3602 14.3208 20.0596 21.3642 16.5949 16.7273 15.5766 14.5952 14.3112 14.2323 13.8178 13.3208 13.156 12.6364 18.3451 15.2837 12.52 12.3897 12.3415 12.3076 15.3824 12.254 12.0009 11.9459 11.8791 17.7124 16.6235 11.8078 16.9208 13.1603 11.7751 11.5749 11.5048 21.9223 11.3124 11.1995 13.7598 15.586 11.0072 10.9787 13.2352 10.8014 10.7816 10.1936 22.9564 10.114 13.3639 9.93049 9.83727 9.32171 11.6326 8.6187
threshold=0.019185000000000004 29.280000000000005 0.69395000000000007 -0.0099649999999999982 2.6151280403137211 14.055000000000001 0.014885000000000002 0.23956190000000002 0.055075000000000006 0.87970000000000004 0.20953350216562919 7.0890000000000013 -0.46825999999999995 0.019755000000000005 1.7084000000000001 -0.31380499999999995 55.855000000000011 0.22739228000000003 -0.0023749999999999999 0.35155000000000008 51.686088671089244 34.553972244262702 29.280000000000005 40.005000000000003 23.190000000000001 23.665000000000003 22.365000000000006 20.600000000000005 0.017845000000000003 -0.068494999999999986 0.045369924000000013 21.837038993835453 1.3314900672437253 0.016055000000000003 71.500000000000014 -1.02335 0.07393000000000001 28.910000000000004 66.500000000000014 0.67475000000000007 0.99257520860781756 -12.084349155426024 0.65881823533474271 0.17105000000000004 -0.62923470139503468 42.00853766578917 19.435000000000006 -0.56508499999999995 0.00055500000000000005 0.61690000000000011 0.27425000000000005 1.9797000000000002 96.500000000000014 -0.037217398266492847 0.91562353309341271 -0.26054999999999995 0.23195000000000002 -0.10139999999999998 -1.0392499999999998 0.83840000000000015 17.845000000000002 0.45012898652243633 0.62040000000000017 0.3907500000000001 11.349500000000001 0.19885000000000003 0.49901185770750994 20.535000000000004 15.150000000000002 -0.73664999999999992 -0.03332939699999999 -0.29154999999999992 0.98422084591204761 52.896897699322388 -0.06017999999999999 0.62475296442687756 0.97575000000000012 -0.23386451722748797 -0.14535127853133908 -6.179086208343505 -0.018159999999999996 0.42909694714849655 0.14195000000000005 -0.019127142693541196 57.294853323862846 0.024275000000000001 0.16043387751638521 14.230000000000002 0.6522774327122155 14.580000000000002 62.355000000000011 -0.58874999999999988 65.596164715872021 50.377162051603911 44.742761849856542 0.071550000000000016 -0.010049999999999998 0.29170000000000007 5.0761811733245858 0.20745000000000002 16.600000000000005 1.0215500000000002 0.92507395000000014 -0.098074999999999982 0.38242776478961849 -0.81506118010549644 0.93673387702006317 0.37735000000000007 58.500000000000007 0.18830500000000003 0.029665 0.4071501266242219 66.648566680913419 0.98715000000000008 0.10593000000000001 1.0680500000000002 4.1336500000000012 0.065918326500000013 0.11065000000000001 0.36852988650000001 26.740000000000006 -0.19849999999999998 15.305000000000001 0.022615000000000007 0.070753279891609719 0.92355000000000009 0.54853205000000005 0.023396640750000003 -0.085695838386873835 -0.23442999999999997 1.0347500000000001 0.14238000000000003 -0.30259999999999992 0.15085000000000001 0.016465000000000004 3.9119528532028203 -0.28584999999999994
decision_type=2 2 2 2 2 2 2 2 2 2 2 2 2 2 2 2 2 2 2 2 2 2 2 2 2 2 2 2 2 2 2 2 2 2 2 2 2 2 2 2 2 2 2 2 2 2 2 2 2 2 2 2 2 2 2 2 2 2 2 2 2 2 2 2 2 2 2 2 2 2 2 2 2 2 2 2 2 2 2 2 2 2 2 2 2 2 2 2 2 2 2 2 2 2 2 2 2 2 2 2 2 2 2 2 2 2 2 2 2 2 2 2 2 2 2 2 2 2 2 2 2 2 2 2 2 2 2 2 2 2 2 2 2 2 2 2 2
left_child=1 2 3 8 9 6 104 20 37 13 112 17 46 14 15 -5 71 33 19 98 22 39 24 32 26 -26 27 28 31 -28 126 -7 136 96 -35 36 72 38 108 40 86 -42 -10 44 79 -46 47 -6 -31 73 51 -51 -53 54 55 -40 101 -58 -27 -38 -30 -32 64 -13 65 -37 -66 68 84 -69 -70 -16 -14 -23 75 77 -77 -3 -79 -20 103 82 -82 128 -15 -21 87 88 -22 92 -91 -89 -88 -71 -48 -61 97 -12 100 -100 -19 -55 -17 -9 105 -2 -106 133 117 110 -60 -111 113 114 -4 -52 -78 -1 -119 -41 121 132 -123 -43 125 -44 -29 -85 129 -76 -109 -132 -75 -8 135 -107 -24
right_child=5 74 10 4 12 7 107 80 42 -11 11 63 35 67 16 102 -18 18 43 85 21 49 23 -25 25 58 29 30 60 48 61 -33 -34 34 -36 62 59 -39 53 119 41 123 124 -45 45 -47 94 -49 -50 50 115 52 -54 56 -56 -57 57 -59 109 95 -62 -63 -64 -65 66 -67 -68 69 70 93 -72 -73 -74 120 83 76 116 78 -80 -81 81 -83 -84 127 -86 -87 89 91 -90 90 -92 -93 -94 -95 -96 -97 -98 -99 99 -101 -102 -103 -104 -105 106 134 -108 130 -110 111 -112 -113 -114 -115 -116 -117 -118 118 -120 -121 -122 122 -124 -125 -126 -127 -128 -129 -130 -131 131 -133 -134 -135 -136 -137 -138
leaf_value=0.01046834446034833 0.01158155160658206 0.067671252684744901 -0.042269771863952955 0.039748992026530587 0.011752358007662011 -0.0051495176019736941 -0.026286829693282245 0.022448592619120706 -0.0039439303001077754 0.040852631747190719 -0.03198793373284075 0.050791902584041919 0.059912494510802931 -0.012351982911089189 -0.029118183441761786 -0.0091560780385074609 -0.047632775303525825 -0.035244817113283679 0.00069054771878958136 0.044183763460422132 0.00071482404269402895 -0.03363599880469692 -0.010792771354498047 0.030020717483266759 0.069820325664231561 0.027287939214875639 0.038966415436966578 -0.027022800355893647 0.011000689924353244 0.0024202700801566851 0.068563098128551714 0.019512277088972442 0.010495064567284912 0.02941874894325032 -0.033903538656730459 0.00012223951898135589 -0.024197537072076582 -0.030783603150257719 0.034030867628503485 -0.0399827396304928 0.042536367646780759 0.024807922735258447 -0.0071939862454678972 -0.03098352525240352 -0.040821034996542223 0.014847807203631314 0.017125565130555936 0.051349700819180041 -0.031140299520400403 0.0070373051456792766 0.027651524669594946 0.022233272210436833 0.072310201932262119 -0.0059301406972526805 -0.021782897368993841 0.0048231552809563059 0.046645934291599599 -0.00072488801869209445 0.008131735214975502 -0.013093648627099176 0.037822277482958244 0.027671624573583749 0.036633049382291422 -0.0017750283119463918 -0.0063501544428698105 -0.012601091397988411 0.037156297442355248 -0.021615563315726633 -0.037906633520872417 0.0027289182888697396 0.006860085355789719 -0.01261739229651093 0.011675161915616298 -0.0020434831359800077 -0.028871518526039072 0.039393753810699289 0.015218955822104819 -0.01461817722094769 0.049828781044076217 0.049752152825226277 0.055876366662284585 -0.0010871655985541886 0.0096728236616417124 0.034792970433378326 0.009104749226259529 -0.0093518204725245874 -0.010139265367216656 0.023462301434770214 0.058286240677050509 -0.0039742617461107311 -0.029989805637945868 -0.0018387425770731581 0.025304282452107012 0.031472167717778693 -0.033165050738479397 0.03514542889246533 -0.038369294612432658 0.0068849391741175282 0.009233493071145852 -0.029695532929707519 -0.011045480460364975 -0.030128696483162902 0.026321224933097815 -0.015186781177050366 -0.019717902251303276 -0.037950449220099429 0.026522419528519622 0.037031251144612622 0.032365235914212268 -0.0074875613728055991 -0.015068839148648849 0.037309962233898368 -0.048722831793726926 0.0097010091194785503 0.0024119769116273636 -0.010061212408999903 -0.018647615377002571 -0.029599872371608847 0.013384130985496441 -0.001434946793779929 -0.027738367894980347 -0.0075772779682119805 0.013155376690145056 -0.0030592317461355998 0.051450729110172941 0.036281190274197982 0.019434391134191993 -0.0055691892200654585 -0.030321199688578677 0.036111369723208685 -0.02334298798864224 0.028143691408271203 0.03477234912731432 -0.00048835976691859314 -0.050571463439650584 -0.0048701218305571004 -0.04873294800294347
leaf_weight=408.43729555606842 16.092265412211418 22.408547639846802 49.607236057519913 21.098920747637749 45.416794180870056 499.22584941983223 30.704085618257523 36.476947441697121 30.945830479264259 18.238814294338226 32.56741227209568 23.920918196439743 26.1539616137743 110.6373732984066 118.30776722729206 174.95120121538639 35.220565065741539 91.205184862017632 17.02906559407711 18.027893796563148 25.76215672492981 19.201678827404976 16.788779944181442 18.315279573202133 47.030785277485847 85.443953722715378 17.291175454854965 18.054343596100807 204.00039125978947 38.333511278033257 22.12055692076683 81.566380798816681 22.125946417450905 26.476771652698517 20.227545320987701 1088.0416494756937 30.206717014312744 28.472729608416557 56.600817143917084 33.636947080492973 36.935565561056137 35.693588227033615 19.817003637552261 16.79680410027504 18.025242760777473 57.147500202059746 25.037132203578949 37.322409898042679 91.039729863405228 31.669778674840927 21.722205385565758 32.978094965219498 29.879871532320976 434.2938965857029 33.014791458845139 199.16986089944839 23.684047192335129 64.667633399367332 421.10907331109047 17.570779904723167 51.573611855506897 84.61069367825985 18.793323054909706 17.501844987273216 34.76752045750618 412.86982433497906 39.115098103880882 29.241672113537788 60.140054672956467 73.555271238088608 18.94808965921402 805.13145868480206 22.775130987167358 18.085705295205116 20.176306426525116 28.213867649435997 36.511300161480904 24.76459214091301 35.950068801641464 34.738711416721344 54.640868633985519 19.995508641004562 29.121215716004372 31.151556476950645 118.98586162924767 18.263982817530632 50.017995819449425 46.409233137965202 22.143169030547142 85.668623939156532 97.404347583651543 1065.9541277363896 36.753279879689217 56.472609952092171 17.409698665142059 27.71333272755146 98.921783767640591 30.652763769030571 66.474634900689125 33.101238891482353 102.62000213563442 43.209059447050095 19.981864258646965 28.087033644318581 26.096822917461395 47.849481821060181 17.48852165043354 27.000411048531532 38.147708892822266 21.506413519382477 70.016460314393044 49.2694301456213 37.956344820559025 24.954177379608154 15.514855943620203 49.788548678159714 37.210453078150749 40.626142054796219 46.309889778494835 24.446263328194618 17.729615807533264 133.26574619114399 131.56640627980232 93.447737097740173 34.949048414826393 34.924034163355827 18.457897499203682 19.322861954569817 28.865981534123421 19.550449594855309 18.307219475507736 18.509438619017601 47.879735097289085 231.11284962296486 37.198246017098427 33.67748287320137 34.779021322727203
leaf_count=1804 79 93 268 99 200 2351 151 167 147 79 185 108 116 560 578 890 181 492 81 84 120 86 74 76 194 366 74 83 909 181 90 364 98 128 111 5159 143 131 255 159 161 159 90 86 95 283 109 157 402 139 97 148 128 2035 151 900 108 302 1828 80 219 355 89 80 163 1957 173 133 309 342 94 3989 101 80 87 119 154 104 148 166 242 97 124 129 562 85 238 201 105 404 473 4979 167 255 82 125 594 156 318 163 524 205 95 133 133 255 82 124 173 94 319 207 268 129 80 221 158 189 213 107 81 615 575 416 150 152 82 86 130 87 86 79 207 1120 197 178 166
internal_value=0.000198151 -0.00230156 -0.0031247 -0.00171071 -0.00423057 0.00344527 -0.00707652 0.00468929 0.00402835 -0.00954475 -0.0114854 -0.00845063 0.000554044 -0.0101088 -0.013217 -0.0010296 -0.0159557 -0.010699 -0.00582783 -0.0124323 0.00397637 0.00128438 0.00705206 -0.01181 0.00800935 0.0139251 0.00435559 0.00711164 0.00385355 -0.0140023 0.0260831 -0.00167326 -0.0223069 -0.0217058 0.0018354 -0.000745305 0.0148359 0.00239441 0.00308027 -0.000973273 -0.000134857 0.0130706 0.0231543 0.00926941 0.0146541 0.00140065 0.0184449 0.0297038 -0.021139 0.00829527 0.019461 0.0331282 0.0461557 -0.000762559 0.00750608 0.0113157 -0.00499557 0.01189 0.0098527 0 0.0164422 0.0362162 -0.00196646 0.0284029 -0.00243181 -0.00337276 0.016583 -0.00229114 -0.00785712 0.00845088 -0.0270877 -0.0147394 0.037611 0.00323354 0.0136243 0.0212172 0.00954758 0.0354387 0.02342 0.0337564 0.0220138 0.0319311 0.0399015 0.00176083 -0.00120132 0.017038 -0.00167357 0.000383831 0.0274808 -0.0105474 -0.0178564 -0.000776486 0.0047881 0.0152694 -0.00332697 0.0162646 -0.0285324 -0.0130231 -0.0161028 -0.00363309 -0.0224708 -0.00813539 -0.0054814 0.00596154 -0.0209239 -0.0273121 -0.000994123 0.000487221 0.00924991 0.00718826 0.0048091 0.0235929 -0.0285813 -0.0200117 -0.031511 0.00129101 -0.00177449 0.00745487 -0.00661763 -0.0238862 0.0052861 0.00707851 0.00269458 0.00458574 0.0325866 0.0204074 -0.00333473 0.0191947 -0.0109601 0.00292172 0.0171341 0.00234066 0.0245664 -0.00354214 -0.0326462 -0.0243764 -0.0365246
internal_weight=10970.3 6197.23 5893.11 5041.37 3504.1 4773.06 504.037 4269.02 1537.27 1660.91 851.732 723.699 1843.19 1642.67 1174.69 216.032 958.66 682.277 473.43 329.693 4100.7 2188.04 1912.66 92.009 1820.65 694.376 1126.27 979.61 836.366 146.664 143.243 580.792 73.6937 208.846 46.7043 1718.01 124.42 1416.63 1388.16 1654.27 1596.19 166.077 120.636 143.737 126.941 75.1727 125.186 82.7392 129.373 533.767 166.038 94.5277 62.858 854.64 288.785 255.771 565.855 88.3517 647.345 75.4908 255.574 106.731 1593.59 41.4228 1574.79 1500.91 73.8826 467.981 308.711 159.27 79.0881 923.439 48.9291 367.729 304.126 185.059 101.936 83.1232 60.7147 51.7678 168.322 103.758 83.7621 119.067 229.623 36.2919 1430.11 1160.27 47.9053 269.844 183.073 1112.36 86.7713 130.028 42.4468 45.2841 162.142 63.2202 293.401 99.5759 193.825 477.503 194.933 64.564 178.403 134.817 43.5853 325.634 533.521 561.901 491.126 70.7758 128.033 90.0763 65.1221 71.5108 73.7218 495.373 86.936 58.0832 348.527 330.798 264.832 129.141 89.6901 54.741 36.5122 50.4744 68.5927 39.7268 63.8171 36.8167 65.9654 261.817 118.725 81.527 51.5678
internal_count=51449 29604 28309 23825 16820 21845 2484 19361 7005 8166 4484 3739 8654 8087 5832 1084 4748 3551 2377 1666 18598 10066 8532 414 8118 3008 5110 4453 3843 657 610 2715 338 1174 239 8106 565 6466 6335 7689 7423 736 539 711 625 378 548 357 583 2377 733 415 276 3956 1306 1155 2650 410 2814 348 1128 445 7541 188 7452 7116 336 2255 1525 730 403 4567 217 1644 1295 776 431 345 252 247 763 463 366 519 1122 169 6687 5405 225 1282 877 5180 405 597 191 205 935 341 1497 481 1016 2240 985 300 924 709 215 1560 2379 2448 2147 301 745 477 348 318 312 2206 402 266 1558 1477 1190 575 392 242 165 215 304 174 289 165 287 1271 630 433 240
is_linear=0
shrinkage=0.0427603


Tree=30
num_leaves=138
num_cat=0
split_feature=31 35 15 28 34 35 35 21 35 35 28 21 44 21 44 15 35 12 27 57 22 57 60 44 18 60 13 28 18 13 57 18 28 59 35 35 12 21 21 21 9 35 14 27 31 45 34 27 31 15 28 31 18 35 0 15 44 31 9 35 12 13 49 35 33 1 13 12 33 1 18 21 12 21 22 22 13 44 44 34 9 25 57 27 12 44 25 25 0 0 18 9 31 1 31 13 1 33 14 57 27 34 31 57 31 13 21 44 57 28 45 22 0 31 44 60 60 62 21 44 31 0 27 15 44 28 21 35 57 18 44 57 49 9 27 27 62
split_gain=46.3693 45.7266 64.8923 54.673 49.5144 47.674 43.7314 42.2693 39.0009 52.2857 45.1656 38.1389 57.0617 51.0028 40.7794 34.8118 31.4738 31.3904 30.8005 30.1918 28.7135 27.3954 28.9847 27.8945 27.2613 43.3688 26.0978 25.6225 24.6991 24.6876 26.6681 24.0649 23.9241 23.3274 27.7633 36.8502 36.5452 43.5909 41.4159 28.6818 29.0301 28.0803 27.8023 25.1108 23.826 23.0203 22.9523 22.8195 22.4048 22.151 21.8747 36.3409 33.188 26.3923 24.6742 28.154 21.8027 21.7776 21.6201 21.5984 32.7394 32.5186 27.1315 22.9915 21.4484 25.9156 21.2996 20.9779 22.083 24.4336 23.2079 19.6836 19.5368 19.4023 19.3104 18.9553 18.7203 21.971 19.0394 18.6473 22.7953 20.1675 18.413 25.7018 18.1204 17.7935 17.7328 17.591 22.9524 17.2939 16.8647 16.7469 16.6919 16.4733 18.1506 20.6565 16.2772 16.0222 15.899 15.7588 26.8038 15.6374 15.6026 18.2807 18.894 15.8862 18.1516 15.4556 17.5066 15.1909 16.1668 15.5481 15.2268 15.0318 14.7995 14.3549 14.3505 14.2957 16.03 13.7949 13.6648 13.5555 13.4266 22.6951 13.3233 12.8833 12.7987 15.1612 21.7954 21.311 24.6005 20.0861 15.454 12.7519 20.6823 17.3993 12.7397
threshold=0.035040000000000009 23.500000000000004 -1.0119499999999999 0.019845000000000005 177.50000000000003 29.500000000000004 1.0000000180025095e-35 15.695000000000002 31.500000000000004 24.500000000000004 -0.011454999999999998 20.535000000000004 -0.061149999999999989 25.015000000000004 -0.11704999999999999 -0.91864999999999986 12.500000000000002 -0.064794999999999991 -0.05226999999999999 -0.12263792699999998 5.4836000000000009 0.035857470000000009 2.0483000000000007 0.24395000000000003 -1.0360499999999997 1.9631000000000003 0.64765000000000017 0.0023250000000000002 0.96025000000000016 0.14496500000000004 0.093211950000000002 0.92605000000000015 0.092145000000000019 0.25463431500000006 1.5000000000000002 9.5000000000000018 -0.0024049999999999996 20.535000000000004 24.000000000000004 23.190000000000001 1.0000000180025095e-35 7.5000000000000009 0.54865000000000008 -0.021714999999999995 0.037025000000000009 2.1643500000000002 136.50000000000003 0.0010150000000000003 -0.046859999999999992 -0.83019999999999994 0.0030050000000000003 -0.030354999999999997 0.9063500000000001 16.500000000000004 0.29002952500000007 -0.93524999999999991 0.11065000000000001 0.028525000000000005 4.5000000000000009 14.500000000000002 -0.11259499999999999 -0.48830499999999993 0.77845000000000009 9.5000000000000018 -0.043049999999999991 0.28958251389627071 -0.032734999999999993 -0.28025499999999998 -0.26554999999999995 -0.10577576164687134 0.97135000000000016 20.600000000000005 0.082920000000000008 22.755000000000003 8.6232500000000005 5.7314000000000007 0.099125000000000019 0.31245000000000006 0.14285000000000003 44.500000000000007 1.0000000180025095e-35 1.6128500000000001 0.083113879500000001 -0.0024649999999999997 -0.36641499999999994 -0.66289999999999993 0.19650000000000004 1.3195500000000002 0.76485048000000011 0.66608664500000014 1.0101500000000001 4.5000000000000009 -0.078824999999999992 -0.14535127853133908 -0.04337499999999999 0.34022000000000002 0.034922843748631908 0.060650000000000003 1.1638000000000002 0.25420349250000007 -0.012224999999999998 123.50000000000001 -0.052074999999999989 -0.24007594499999999 -0.04795 -0.27705999999999992 20.210000000000004 -0.57694999999999985 -0.12581187299999996 -0.0047449999999999992 2.5248500000000003 6.3159500000000008 0.118283125 -0.11070999999999999 -0.15484999999999996 1.9559000000000002 1.9927000000000001 1.3318961548252533 26.740000000000006 -0.11704999999999999 -0.018094999999999997 0.083752313000000009 0.007065000000000001 0.98025000000000007 -0.40324999999999994 -0.057134999999999998 15.305000000000001 14.500000000000002 0.12478020900000002 -0.87294999999999989 -0.063649999999999998 0.010302275400000003 0.92065000000000008 1.5000000000000002 0.0076000000000000009 0.0018850000000000002 0.54668663463655864
decision_type=2 2 2 2 2 2 2 2 2 2 2 2 2 2 2 2 2 2 2 2 2 2 2 2 2 2 2 2 2 2 2 2 2 2 2 2 2 2 2 2 2 2 2 2 2 2 2 2 2 2 2 2 2 2 2 2 2 2 2 2 2 2 2 2 2 2 2 2 2 2 2 2 2 2 2 2 2 2 2 2 2 2 2 2 2 2 2 2 2 2 2 2 2 2 2 2 2 2 2 2 2 2 2 2 2 2 2 2 2 2 2 2 2 2 2 2 2 2 2 2 2 2 2 2 2 2 2 2 2 2 2 2 2 2 2 2 2
left_child=1 3 5 18 8 19 84 79 9 15 45 12 16 17 29 27 87 26 101 72 97 58 75 -24 102 50 73 -4 47 -15 31 -31 76 34 49 36 37 42 -39 40 -38 115 -36 -37 -45 92 -19 -18 -22 125 53 52 -52 54 -26 -56 133 91 86 61 96 63 90 -27 -58 -66 71 68 -14 70 -70 -42 -3 -13 113 -23 78 -78 -16 80 -2 85 -40 -84 -5 -81 -12 88 119 126 -63 -53 -11 -86 114 -96 120 -17 -75 100 -82 -1 105 -104 -105 109 -107 -10 -109 111 112 -20 -111 -69 -95 -41 -64 118 -106 -8 -61 -110 123 -30 -124 -9 127 128 132 130 -129 -131 -87 135 -135 -46 -130
right_child=7 2 4 6 -6 -7 11 33 107 10 21 13 67 14 32 20 28 46 24 -21 48 22 23 -25 25 59 -28 -29 122 30 -32 -33 -34 -35 35 43 39 38 82 41 66 -43 -44 44 56 -47 -48 -49 -50 -51 51 57 -54 -55 55 -57 64 -59 -60 60 -62 62 116 -65 65 -67 -68 74 69 -71 -72 -73 -74 98 -76 -77 77 -79 -80 81 99 -83 83 -85 93 89 -88 -89 -90 -91 -92 -93 -94 94 95 -97 -98 -99 -100 -101 -102 -103 103 104 117 106 -108 108 121 110 -112 -113 -114 -115 -116 -117 -118 -119 -120 -121 -122 -123 124 -125 -126 -127 -128 129 136 131 -132 -133 -134 134 -136 -137 -138
leaf_value=0.016655211217450824 -0.021053032555730506 0.04761258887176667 -0.029983777554708865 0.036353257342269372 -0.021513705329026418 -0.002836053586325975 -0.00062764801216564151 0.0085100715180183896 0.054512255389984596 0.01712560294238832 0.02125224395671222 -0.037175279932681909 -0.023587752769254813 -0.019960090689660554 0.010755882248687166 0.023503352820326794 0.036048544766679763 -0.0062036197201359817 -0.0085035154105782378 0.076516112470254194 -0.023661727944784203 0.033440611685540939 -0.019567129299179729 0.034936719097455167 -0.024081426155893815 -0.0029915508283849422 0.013037224384807517 0.020539995726746266 0.017418165917420101 -0.016569445061593132 -0.038187226264800478 0.026290952146748349 0.050442271996023191 0.033495894235501721 -0.013071806507099944 0.021503225309006072 -0.026455448082382069 -0.032865805864345746 -0.014695691660013034 0.052996257254328563 -0.0093037120370313732 -0.0033294377963003609 0.029256134082433591 0.03968937698174712 0.01283742823802121 -0.016397667048985428 0.0498370154760754 -0.011111437779009838 0.032023934682632628 0.016154474217871351 0.011534278210833237 0.019996753755127546 -0.031585874426951148 -0.037673458041477606 0.010663530442137917 -0.017097554393891372 -0.024142671961579765 -0.025280611688371393 -0.038790802301842571 -0.026186048782195676 -0.031925767848934791 -0.014293377235881149 -0.049934329372146209 0.037583162064883949 -0.009118132461846425 0.034908739971487697 0.055647411093127978 0.018793661680789803 -0.020158304590837017 0.046195169843365115 0.040685733239228111 0.027116606829042645 -0.0021048264586229302 -0.021808019838993688 0.02298791870406296 -0.015958660369647 -0.0048529928130111233 0.029470389091963579 0.049518196783177926 -0.035342022752029988 0.011274633137003913 -0.0092490278702449524 0.049785260218557288 -0.0022811732380674135 -0.014843045689636828 0.013071080412752914 -0.018907129497774879 -0.01509093277734299 0.048627569971069123 0.01842829458583068 0.0060447627245226315 0.061290153336891535 0.063358656229648092 0.014717699586150105 -0.017065040456855154 0.035379042187069928 0.030033263897317638 0.052810120115490716 -0.0046866143364175947 0.010824459717015456 -0.0099027570497543863 -0.0082279506967257946 0.046480193804657906 0.043950715976847486 0.01167891815167111 -0.029010930185299565 0.001400055966759458 -0.018184623457995781 -0.014707777248163842 0.03711719300612689 0.043595803685250289 0.014699081713407612 -0.0033338662146377065 -0.017880859200186967 0.049963089941985582 0.027542811739653041 -0.022560590188272247 -0.02806455522455541 -0.031537184157081982 0.035841230533473038 0.0084013451976332528 0.026134974705447844 0.050124301218411993 0.075085646793952646 0.0050547129294867058 -0.024491371004102851 -0.021671894561430104 0.045231053321071586 -0.015486167116760177 -0.04371580312618413 -0.0090718706576646286 -0.004993506888792373 0.046298989765277701 -0.0027218532474044357 0.020638063810154591 -0.0073351154716364804 0.0088100850666174967
leaf_weight=141.53121319413185 139.90551066398621 38.05597785115242 43.714773073792458 70.437945365905762 146.38876137137413 49.474394053220749 103.06210497021675 26.82613305747509 23.191413179039955 36.434054926037788 24.162178710103035 94.986321806907654 26.509793892502785 156.83266861736774 64.368897944688797 86.230963245034218 36.843469470739365 31.927982166409492 438.93407537043095 41.260516166687012 32.482543423771858 54.182863026857376 129.73684597015381 19.705476716160774 93.255356401205063 105.14894166588783 48.631631106138229 31.483081683516502 18.27736259996891 34.107217639684677 21.887168854475021 79.247301280498505 29.27385239303112 64.25467523932457 34.69634436070919 128.52897982299328 28.648706257343292 73.853960677981377 39.137003153562546 105.29214684665203 44.749581649899483 27.388328716158867 150.52391058206558 28.699029088020325 113.66861709952354 20.643516033887863 22.744170904159546 37.889719158411026 22.253820404410362 47.831271424889565 65.478201076388359 110.36311487853527 64.755871489644051 50.919905290007591 194.70372055470943 101.62662462890148 115.17115479707718 16.327451333403587 91.208424597978592 51.82727213203907 282.71793942153454 532.55307234823704 50.790589660406113 33.617907091975212 109.01118524372578 31.50309120118618 26.078267782926559 22.192875742912292 32.791361108422279 38.972709476947784 17.612454116344452 68.020040318369865 22.85278245806694 282.49065653979778 27.419629886746407 19.019429609179497 160.77081987261772 43.230351895093918 36.801709920167923 18.78109085559845 140.61862426996231 198.39689183235168 32.3092410415411 36.848441869020462 36.510993793606758 266.22967131435871 115.90345786511898 50.700439274311066 28.439194485545158 182.03791509568691 86.128222331404686 21.78073263168335 24.155408337712288 54.244829937815666 43.603304237127304 20.039257943630219 20.55085451900959 58.117956653237343 154.71259623765945 137.59297150373459 486.89634574949741 68.090696379542351 20.599078625440598 19.025722205638885 104.47049988806248 95.414670363068581 56.798981219530106 22.183985263109207 16.251315772533417 20.659091338515282 22.389106839895248 59.824673846364021 95.343038439750671 234.27473856508732 37.381556645035744 68.487031415104866 119.31281437724829 29.341338843107224 18.410748720169067 23.140863165259361 34.557701289653778 149.88552482426167 23.757332414388657 41.998380184173584 25.037473782896996 105.49564208090305 34.651688486337662 29.780990481376648 79.136667340993881 30.195017367601395 30.902536958456039 133.16072107851505 28.582287326455116 116.82716132700443 168.54847297072411 250.01561640202999 78.369102820754051
leaf_count=601 679 159 228 294 729 229 469 121 97 155 112 482 121 746 298 369 164 146 2072 177 139 253 608 90 484 531 230 142 81 153 101 354 125 284 150 555 122 350 175 429 207 117 640 131 522 91 98 166 97 208 323 566 333 258 962 480 527 83 447 256 1518 2820 284 159 495 137 111 103 153 175 80 286 99 1396 125 90 739 199 165 85 647 923 139 170 154 1223 559 236 123 809 417 105 108 225 188 86 99 252 764 613 2362 295 93 87 502 490 272 97 74 99 106 263 460 1132 157 287 650 148 87 108 178 653 99 185 110 489 161 136 364 150 144 638 130 531 715 1106 359
internal_value=0.000148554 -0.00199412 0.00515895 -0.00369835 0.00173375 0.0314768 0.00131624 0.00377252 0.00507436 0.000792637 -0.00697814 -0.00078258 0.00658824 -0.00539615 0.00325179 0.0159811 0.0182481 -0.0139336 -0.00729489 0.0481648 0.0253531 -0.0122438 -0.00150164 -0.0123306 -0.00839713 -0.0112194 -0.0168558 -0.00873253 0.0311127 -0.00840634 0.00493721 0.0133294 0.0134551 0.00810796 0.00727956 0.0088851 0.0162413 0.00666917 -0.0081546 0.0257597 0.0126213 0.0366622 0.0212871 0.00377969 0.00133134 0.0223545 0.0169746 0.0120394 -0.000886615 -0.00870337 -0.00276198 0.00659824 -0.0098494 -0.00870095 -0.00489512 0.00111786 0.000106399 0.0210754 -0.0225531 -0.0158316 -0.024299 -0.0122665 -0.0156275 0.00678488 -0.0104612 0.000700005 0.0207374 -0.00474316 0.0105553 0.0207653 0.000955503 0.0125985 0.0288373 -0.0196013 -0.0110143 0.0205045 0.00988273 0.0023843 0.0249293 -0.000617709 -0.00517656 0.00309183 0.00862944 0.0219364 0.0177604 0.00578509 -0.0119265 0.00669682 0.013888 0.00665832 -0.0114501 0.0268592 0.03568 0.0108928 0.0169922 -0.000435407 -0.00406595 0.0353543 -0.0157662 -0.00226374 -0.00514535 0.00853718 -0.0025323 0.00839044 0.00376538 -0.00519635 -0.0176144 0.021425 0.0173109 -0.00221809 0.0102972 -0.00570558 0.00380643 -0.0146784 0.029178 0.0430077 -0.0307776 -0.0012087 0.0051437 0.00600079 -0.0122639 0.0220952 0.0441133 0.0577223 0.0271503 -0.0177449 0.00363445 0.00494193 0.0094526 -0.00413171 0.0174559 -0.0121964 0.0163177 0.00428073 0.011049 -0.00100987 -0.00335024
internal_weight=10917 6859.38 1318.98 5540.4 1167.34 151.644 2313.15 4057.65 1020.95 809.435 535.152 2050.93 788.92 1262.01 626.52 274.283 389.146 635.493 3227.25 102.169 199.085 453.919 222.645 149.442 3017.63 2036.42 580.821 75.1979 183.804 292.074 135.242 113.355 334.446 2042.41 1978.16 1798.01 736.033 367.369 182.149 368.664 167.497 201.168 185.22 1061.97 933.444 81.233 54.6722 74.7332 54.7364 180.153 719.211 278.705 130.234 440.506 389.586 296.33 904.745 148.471 231.274 1317.21 389.654 927.552 788.785 138.767 255.685 140.514 138.848 399.774 115.886 89.3765 50.4038 112.77 60.9088 532.19 283.887 73.2023 305.172 204.001 101.171 2015.24 905.013 1110.22 108.295 69.1577 262.218 911.828 140.066 205.343 154.642 893.047 618.681 132.144 60.5895 191.78 155.269 63.6426 106.936 144.349 437.203 765.108 627.515 209.622 981.211 191.847 171.248 789.364 152.214 211.512 188.321 637.15 138.391 498.759 116.002 256.468 91.6264 173.779 170.103 152.223 122.881 126.203 86.385 166.137 109.071 60.2757 48.7948 132.322 711.009 676.357 452.318 224.039 60.6835 163.356 294.812 649.06 285.376 363.684 157.506
internal_count=51292 32865 6054 26811 5390 664 10730 18427 4661 3740 2513 9626 3630 5996 2880 1227 1741 3116 16081 435 857 2159 1041 698 15185 10506 2872 370 805 1354 608 507 1526 9004 8720 7902 3183 1624 834 1559 726 833 790 4719 4164 354 244 330 236 818 3594 1410 656 2184 1926 1442 4033 754 1118 6912 2051 4861 4171 690 1159 632 604 1889 529 408 233 493 258 2642 1360 343 1401 938 463 9423 4301 5122 484 309 1104 4199 671 936 700 4114 3237 671 263 810 656 274 533 621 2160 3622 3009 896 4679 917 824 3762 762 921 824 3000 665 2335 559 1235 382 716 934 737 589 577 434 727 475 266 209 610 3305 3144 2076 1068 280 788 1353 2874 1246 1628 723
is_linear=0
shrinkage=0.0427603


end of trees

feature_importances:
india_vix=282
open_to_cpr_dist=225
dist_s1=210
expiry_dist=185
days_since_52hi=164
dist_r1=159
dist_hi52=154
vwap_dist=127
mom3=121
cpr_midpoint_trend=115
market_rs_20d=113
mom10=112
rsi14=110
rsi_dir=110
sg_vel=104
mom20=103
atr_pct_rank=101
vol_accel_delta=101
dist_lo52=98
mom5=97
market_rs_5d=96
vol_accel=89
vol_rank=86
ema200_dist=84
rs_direction_alignment=82
dow=80
cpr_width_percentile_252d=76
cpr_vol_interaction=74
cpr_zone_vol_ratio=72
regime_momentum=71
cpr_width_pct=62
conf_vol=58
cpr_rsi_squeeze=58
cpr_expansion_factor=57
cpr_compress=53
narrow_breakout_vol=52
cpr_overlap_pct=48
overlap_vol_signal=47
hi52_dir=41
atr_to_cpr_ratio=36
sector_rs_5d=31
sector_rs_20d=27
n_rules_fired=15
cpr_pos=14
consecutive_narrow_cprs=14
prev_day_ochoa_type=14
open_inside_cpr=8
prev_cpr_respected=5
rsi_div=4
cpr_above_prev_cpr=2

parameters:
[boosting: gbdt]
[objective: binary]
[metric: auc]
[tree_learner: serial]
[device_type: cpu]
[data_sample_strategy: bagging]
[data: ]
[valid: ]
[num_iterations: 3000]
[learning_rate: 0.0427603]
[num_leaves: 138]
[num_threads: 2]
[seed: 42]
[deterministic: 0]
[force_col_wise: 0]
[force_row_wise: 0]
[histogram_pool_size: -1]
[max_depth: 10]
[min_data_in_leaf: 80]
[min_sum_hessian_in_leaf: 0.001]
[bagging_fraction: 0.655452]
[pos_bagging_fraction: 1]
[neg_bagging_fraction: 1]
[bagging_freq: 5]
[bagging_seed: 400]
[bagging_by_query: 0]
[feature_fraction: 0.636693]
[feature_fraction_bynode: 1]
[feature_fraction_seed: 30056]
[extra_trees: 0]
[extra_seed: 12879]
[early_stopping_round: 0]
[early_stopping_min_delta: 0]
[first_metric_only: 0]
[max_delta_step: 0]
[lambda_l1: 0.173159]
[lambda_l2: 0.000406752]
[linear_lambda: 0]
[min_gain_to_split: 0]
[drop_rate: 0.1]
[max_drop: 50]
[skip_drop: 0.5]
[xgboost_dart_mode: 0]
[uniform_drop: 0]
[drop_seed: 17869]
[top_rate: 0.2]
[other_rate: 0.1]
[min_data_per_group: 100]
[max_cat_threshold: 32]
[cat_l2: 10]
[cat_smooth: 10]
[max_cat_to_onehot: 4]
[top_k: 20]
[monotone_constraints: ]
[monotone_constraints_method: basic]
[monotone_penalty: 0]
[feature_contri: ]
[forcedsplits_filename: ]
[refit_decay_rate: 0.9]
[cegb_tradeoff: 1]
[cegb_penalty_split: 0]
[cegb_penalty_feature_lazy: ]
[cegb_penalty_feature_coupled: ]
[path_smooth: 0]
[interaction_constraints: ]
[verbosity: -1]
[saved_feature_importance_type: 0]
[use_quantized_grad: 0]
[num_grad_quant_bins: 4]
[quant_train_renew_leaf: 0]
[stochastic_rounding: 1]
[linear_tree: 0]
[max_bin: 255]
[max_bin_by_feature: ]
[min_data_in_bin: 3]
[bin_construct_sample_cnt: 200000]
[data_random_seed: 175]
[is_enable_sparse: 1]
[enable_bundle: 1]
[use_missing: 1]
[zero_as_missing: 0]
[feature_pre_filter: 1]
[pre_partition: 0]
[two_round: 0]
[header: 0]
[label_column: ]
[weight_column: ]
[group_column: ]
[ignore_column: ]
[categorical_feature: ]
[forcedbins_filename: ]
[precise_float_parser: 0]
[parser_config_file: ]
[objective_seed: 16083]
[num_class: 1]
[is_unbalance: 0]
[scale_pos_weight: 1]
[sigmoid: 1]
[boost_from_average: 1]
[reg_sqrt: 0]
[alpha: 0.9]
[fair_c: 1]
[poisson_max_delta_step: 0.7]
[tweedie_variance_power: 1.5]
[lambdarank_truncation_level: 30]
[lambdarank_norm: 1]
[label_gain: ]
[lambdarank_position_bias_regularization: 0]
[eval_at: ]
[multi_error_top_k: 1]
[auc_mu_weights: ]
[num_machines: 1]
[local_listen_port: 12400]
[time_out: 120]
[machine_list_filename: ]
[machines: ]
[gpu_platform_id: -1]
[gpu_device_id: -1]
[gpu_use_dp: 0]
[num_gpu: 1]

end of parameters

pandas_categorical:[]
