tree
version=v4
num_class=1
num_tree_per_iteration=1
label_index=0
max_feature_idx=62
objective=binary sigmoid:1
feature_names=cpr_width_pct vwap_dist atr_pct_rank vol_rank n_rules_fired sg_vel ema200_dist rsi14 mom5 dow rule_id direction dist_hi52 dist_lo52 vol_accel market_rs_5d market_rs_20d sector_rs_5d sector_rs_20d deliv_pct pcr india_vix conf_vol rsi_dir hi52_dir cpr_compress cpr_pos dist_r1 dist_s1 mom3 mom10 mom20 rsi_div vol_accel_delta days_since_52hi expiry_dist cpr_overlap_pct open_to_cpr_dist prev_cpr_respected cpr_zone_vol_ratio hmm_regime open_inside_cpr cpr_virgin consecutive_narrow_cprs cpr_midpoint_trend cpr_expansion_factor cpr_above_prev_cpr prev_close_inside_cpr atr_to_cpr_ratio cpr_width_percentile_252d prev_day_ochoa_type gap_pct cpr_test_count_5d prev_bar_close_pos atr_expansion vol_trend_slope cpr_vol_interaction regime_momentum cpr_rsi_squeeze overlap_vol_signal rs_direction_alignment virgin_momentum narrow_breakout_vol
feature_infos=[0:12.448934] [-56.387293773453138:56.387293773453138] [0.0039525691699604003:1] [9.5708776416316212e-08:5] [2:7] [-9034.5859375:8256.123046875] [-2.7030470234614272:2.7325921815202774] [0:100] [-154.33915999999999:154.33915999999999] [0:6] none [-1:1] [-0.99751000000000001:0.99751000000000001] [-183.86607000000001:184.76249999999999] [0:10] [-5:5] [-6:6] [-5:5] [-6:6] none none [11.43:24.530000000000001] [0:50] [-100:100] [-0.99751000000000001:0.99751000000000001] [0:5] [-1:1] [-0.14999999999999999:0.14999999999999999] [-0.14999999999999999:0.14999999999999999] [-154.36269999999999:154.36269999999999] [-155.33659:155.33659] [-154.62521000000001:154.62521000000001] [-1:1] [-5:5] [0:251] [0:32] [0:1] [-5:5] [0:1] [0:5] none [0:1] none [0:9] [-3.0537000000000001:2.0688] [0.10000000000000001:10] [0:1] [0:1] [0.10000000000000001:20] [0:0.996] [0:3] none none none none none [-20:5] none [0:1] [0:5] [-0.049000000000000002:10] none [0:40]
tree_sizes=6888 7007 6492 6922 6739 6411 6932 6126 6827 6829 6844 6348 6310 6303 5673 6256 6929 5830 6550 6275 6446 5416 6595 6653 4306 5937 6631 5488 6503 5221 4997 5741 4367 6931 6065 3581 5865

Tree=0
num_leaves=63
num_cat=0
split_feature=27 0 36 45 27 30 37 26 8 37 7 37 35 35 35 18 35 18 28 37 37 37 14 27 21 27 27 13 21 6 58 49 27 21 21 31 14 23 35 30 37 27 31 37 21 58 30 23 13 21 31 9 6 9 12 27 8 2 62 18 12 45
split_gain=2085.87 1063.59 791.357 738.351 426.566 413.449 410.031 1129.48 266.306 228.036 384.616 209.596 206.48 350.696 207.585 197.76 182.956 400.122 179.132 172.656 164.601 155.007 142.063 165.558 135.85 122.685 120.705 120.382 107.778 133.627 99.2298 98.2026 97.0887 91.1587 83.041 76.8907 76.1407 75.4845 74.7827 73.287 70.3282 69.3884 69.0236 68.5418 67.2735 65.5725 63.0744 53.1276 51.3869 51.1668 49.0838 47.4275 40.8873 34.4569 32.4695 31.4638 30.6043 29.9048 28.6486 26.7421 23.8162 9.96346
threshold=0.022755000000000001 0.56004545000000017 0.98380000000000012 0.96205000000000007 0.052805000000000012 0.013345000000000001 -0.49744999999999995 0.92380000000000007 -0.063200859999999984 -0.010149999999999998 28.461372895505338 -0.34584999999999994 5.5000000000000009 8.5000000000000018 9.5000000000000018 -0.94904999999999984 3.5000000000000004 -0.89854999999999985 -0.035084999999999998 1.2548000000000001 -1.2330499999999998 0.68805000000000016 0.10825000000000001 0.074830000000000021 20.865000000000006 0.020595000000000006 -0.0099549999999999986 0.33671500000000004 15.090000000000002 0.11934241029302146 0.054772291804519806 0.23840000000000003 0.018075000000000004 14.670000000000002 14.645000000000001 -0.17404499999999998 0.77765000000000006 30.255000000000006 17.500000000000004 0.019425000000000001 0.27065000000000006 0.029335000000000003 0.14799500000000002 1.1210500000000001 15.090000000000002 0.36091802256902833 -0.14295999999999998 -41.214999999999996 0.42875000000000002 13.695000000000002 0.104925 2.5000000000000004 -0.20078361098379172 5.0000000000000009 -0.31284499999999993 0.025315000000000001 -0.082107719999999981 0.5269989906919369 0.5475530675265684 1.0000000180025095e-35 -0.42090499999999992 0.79595000000000016
decision_type=2 2 2 2 2 2 2 2 2 2 2 2 2 2 2 2 2 2 2 2 2 2 2 2 2 2 2 2 2 2 2 2 2 2 2 2 2 2 2 2 2 2 2 2 2 2 2 2 2 2 2 2 2 2 2 2 2 2 2 2 2 2
left_child=1 2 16 48 9 25 7 27 46 12 15 -7 28 24 -15 40 17 39 56 41 33 -20 43 51 -14 -5 36 35 29 -2 32 -32 -10 34 50 -3 -9 -21 47 -1 -11 -12 -29 59 -19 -28 60 -35 54 -48 -6 -24 -30 -40 -4 -17 -18 -50 -25 -22 -8 -45
right_child=4 6 3 5 20 11 8 26 30 10 19 -13 13 14 -16 55 18 44 21 37 22 -23 23 58 -26 -27 45 42 52 -31 31 -33 -34 38 -36 -37 -38 -39 53 -41 -42 -43 -44 61 -46 -47 49 -49 57 -51 -52 -53 -54 -55 -56 -57 -58 -59 -60 -61 -62 -63
leaf_value=-0.84367095185190089 -0.79452635752703826 -0.69063752842680248 -0.75930935450471349 -0.88941320926460421 -0.759245306869061 -0.70976468071010068 -0.73850557053879973 -0.68393807644445537 -0.76766544207609022 -0.66252334502568677 -0.72375260005231379 -0.83150254696408321 -0.6548369300324548 -0.84845364878231633 -0.75029729178359472 -0.80939150596443588 -0.71820541427993145 -0.7709869908675997 -0.79208466187918225 -0.53790202454094049 -0.63218734810237187 -0.82083069594344393 -0.71339138326150797 -0.64356390185977164 -0.8737613633034188 -0.612751712364206 -0.56647775815240298 -0.72560800531442027 -0.74656684221907244 -0.69124231135078573 -0.80329066824118422 -0.77350124072398607 -0.71585523600067369 -0.77854289074483163 -0.4993123612082454 -0.7859010116648586 -0.44221619543194268 -0.76242079383574102 -0.74410720528892282 -0.78211175104354125 -0.41180039031578136 -0.67205288411405617 -0.61029129601799126 -0.79556737745871653 -0.73641668671853933 -0.77670119593993847 -0.8108069593783428 -0.69159918872947823 -0.77661665699922366 -0.72614630887152498 -0.58485753223696835 -0.66973944313065914 -0.83879538831081557 -0.83508963062843045 -0.79659279133915939 -0.64951633174800083 -0.76106662193489982 -0.70771695053289829 -0.59492286999453159 -0.74887452766133644 -0.66369076421840822 -0.88127828519541618
leaf_weight=843.10350577533245 610.67220364511013 127.01636213064194 416.69143290817738 2858.3001763820648 72.796792581677437 244.96012696623802 72.14874991774559 19.441279917955399 5146.106794282794 18.361208811402321 766.63447143137455 779.16329626739025 629.6814551204443 304.79606626927853 4167.1303433030844 22.897507458925247 304.58005204796791 1118.089609503746 15108.250652685761 20.089322581887245 35.85836073756218 2961.9870026111603 721.27148495614529 404.37862229347229 39.530602499842644 21.169393688440323 88.349816516041756 576.54195667803288 70.420636147260666 226.38290393352509 2212.2016404420137 4281.8338948190212 526.21064311265945 154.45016823709011 33.91423274576664 929.29318007826805 190.30852897465229 1265.8433368802071 78.845190778374672 368.08823311328888 87.917788073420525 626.44124180078506 78.197148114442825 29.377934098243713 2226.2425648272038 24.625621229410172 104.76689733564854 228.54304614663124 144.29749983549118 886.52236425876617 30.458005204796791 614.77647385001183 584.31846864521503 177.13166147470474 1170.365051060915 52.923484221100807 803.57290327548981 192.25265696644783 279.09037393331528 98.070456475019455 284.9227579087019 52.059427335858345
leaf_count=3903 2827 588 1929 13232 337 1134 334 90 23823 85 3549 3607 2915 1411 19291 106 1410 5176 69941 93 166 13712 3339 1872 183 98 409 2669 326 1048 10241 19822 2436 715 157 4302 881 5860 365 1704 407 2900 362 136 10306 114 485 1058 668 4104 141 2846 2705 820 5418 245 3720 890 1292 454 1319 241
internal_value=-0.774152 -0.785658 -0.798447 -0.836372 -0.732649 -0.865069 -0.761344 -0.713266 -0.768582 -0.744602 -0.717495 -0.802342 -0.756301 -0.745382 -0.756997 -0.555927 -0.789134 -0.768453 -0.794049 -0.728493 -0.694977 -0.796799 -0.679143 -0.669686 -0.667833 -0.887364 -0.516186 -0.750463 -0.7939 -0.766644 -0.773946 -0.783642 -0.762852 -0.740626 -0.655633 -0.774406 -0.464417 -0.75888 -0.758939 -0.824998 -0.454714 -0.700474 -0.71177 -0.768019 -0.747962 -0.612679 -0.720157 -0.726773 -0.778113 -0.735137 -0.707391 -0.693273 -0.828811 -0.806899 -0.786777 -0.698361 -0.749248 -0.737385 -0.623639 -0.717314 -0.678688 -0.850883
internal_weight=57614.7 45109.6 29561.1 5827.2 12505.1 3903.59 15548.5 2033.77 13514.7 9494.04 2861.11 1024.12 6632.93 5141.14 4471.93 182.1 23733.9 4555.52 19178.4 2679.01 3011.02 18070.2 2234.88 2019.52 669.212 2879.47 322.725 1711.05 1491.79 837.055 12166.4 6494.04 5672.32 776.139 137.169 1056.31 209.75 1285.93 638.97 1211.19 106.279 1393.08 654.739 215.366 3344.33 112.975 1348.36 382.993 1923.61 991.289 103.255 1336.05 654.739 255.977 1587.06 75.821 1108.15 336.55 683.469 133.929 357.072 81.4374
internal_count=266717 208827 136848 26976 57890 18071 71979 9415 62564 43951 13245 4741 30706 23800 20702 843 109872 21089 88783 12402 13939 83653 10346 9349 3098 13330 1494 7921 6906 3875 56322 30063 26259 3593 635 4890 971 5953 2958 5607 492 6449 3031 997 15482 523 6242 1773 8905 4589 478 6185 3031 1185 7347 351 5130 1558 3164 620 1653 377
is_linear=0
shrinkage=1


Tree=1
num_leaves=64
num_cat=0
split_feature=27 0 36 45 30 27 37 26 31 7 37 16 8 21 21 8 29 37 37 37 29 21 35 14 27 27 7 23 60 44 28 27 21 7 35 35 21 16 37 28 12 23 9 35 2 31 22 31 12 16 31 37 12 30 44 35 30 35 9 56 9 58 45
split_gain=1616.01 836.295 653.906 613.978 359.015 308.832 307.19 757.795 212.113 172.189 223.205 348.126 170.843 159.021 258.205 154.501 174.427 231.446 144.044 124.066 107.82 107.804 105.921 97.5314 120.799 96.9361 95.245 89.7999 88.9578 71.2037 99.6808 70.2241 68.6247 67.1204 64.6131 113.14 62.1121 65.4403 57.7403 56.8364 80.8734 55.4325 49.3072 95.9364 49.0886 41.2323 38.0093 37.8613 36.915 36.8845 34.2736 33.1828 30.5527 29.525 41.6331 28.9793 28.5254 27.6935 26.3657 23.5831 14.2367 14.1783 8.03937
threshold=0.023115000000000004 0.55375957000000009 0.98380000000000012 0.96205000000000007 0.013345000000000001 0.052805000000000012 -0.56154999999999988 0.29965000000000003 -0.11615999999999999 47.906031585333992 0.23645000000000002 -0.94904999999999984 0.025528460500000006 14.930000000000001 13.980000000000002 -0.053839206999999993 0.016645000000000004 0.32665000000000005 -0.26664999999999994 -1.4100499999999998 -0.077139999999999986 13.715000000000002 30.500000000000004 0.15145000000000003 0.070470000000000019 0.020295000000000004 82.373959028033752 43.185000000000009 2.2427000000000006 -0.35784999999999995 -0.050984999999999996 0.014865000000000001 21.335000000000004 40.035351844933764 5.5000000000000009 8.5000000000000018 13.305000000000001 -1.14645 1.1210500000000001 0.016565000000000003 -0.14300499999999997 -37.324999999999996 5.0000000000000009 17.500000000000004 0.74772708488304829 0.068605000000000013 4.0288000000000013 -0.15729999999999997 -0.35496499999999992 1.0353500000000004 -0.180225 -0.9142499999999999 0.32581500000000002 -0.096174999999999997 -0.20374999999999996 1.0000000180025095e-35 0.015635000000000007 15.500000000000002 3.5000000000000004 0.35438094974523993 5.0000000000000009 0.28030537378713438 0.79595000000000016
decision_type=2 2 2 2 2 2 2 2 2 2 2 2 2 2 2 2 2 2 2 2 2 2 2 2 2 2 2 2 2 2 2 2 2 2 2 2 2 2 2 2 2 2 2 2 2 2 2 2 2 2 2 2 2 2 2 2 2 2 2 2 2 2 2
left_child=1 2 15 53 25 9 7 20 29 10 13 33 -6 14 -2 47 26 -18 34 41 50 -13 -15 38 45 -5 -17 -22 31 32 -31 -10 -8 -12 51 -36 49 -38 61 46 -41 44 57 -44 60 -25 -9 58 -30 -20 -3 -11 -49 54 -4 -26 -55 -43 -1 -46 -7 -21 -40
right_child=5 6 3 4 12 19 8 39 28 18 11 21 -14 22 -16 16 17 -19 36 23 27 -23 -24 24 55 -27 -28 -29 48 30 -32 -33 -34 -35 35 -37 37 -39 62 40 -42 42 43 -45 59 -47 -48 52 -50 -51 -52 -53 -54 56 -56 -57 -58 -59 -60 -61 -62 -63 -64
leaf_value=0.035431712773054951 -0.010077825225075448 0.14010174254834545 0.11305297460860371 -0.10745926269798485 -0.038382686342396367 -0.022297557251768532 0.098678187929867253 0.17417841744629897 -0.0062849371454036561 -0.11770052342181009 0.28895142805138485 0.19245773233018962 0.14654437850301583 0.020023280415553305 0.10546662036826131 -0.022676601702020269 0.020211942083959607 -0.019625934880821025 -0.053982440672014319 0.0068784288750232949 -0.02107956891148563 0.030361903461232204 -0.15358845841340019 0.044885040232180769 0.20429483621370545 0.12352349850889274 -0.10705134815836007 0.041680194413258612 -0.02249597608131465 0.084858640125537427 0.0096603933235219503 0.017485926773405026 -0.0083872007539015705 0.11879484571092676 0.077346333947035203 -0.014537770021609314 0.093688382037036791 0.027363557415664583 -0.021770881988814324 0.12041405879891565 0.27669339092882839 0.052497537182896639 0.1299277836683915 -0.083232943884617397 0.025136491532604707 0.086179394490366573 -0.0013658936595355726 0.0040806270027799272 0.069120172143304889 0.031865864873778724 0.055979045535598577 -0.036758108192419821 0.061055256974306388 -0.0210238153367556 -0.020028781194482804 0.11182066212223161 0.007978288671939086 0.14695503674622032 0.10819316650482812 0.18099716102287708 -0.085355636399083321 0.077073559742013867 -0.09944192972429651
leaf_weight=317.47789789736271 378.40027140080929 91.930456683039665 65.44361124932766 2725.9227551221848 944.3086021989584 132.03179556131363 411.0264947861433 63.444606959819794 9817.3827361166477 83.348228991031647 126.35394577682018 63.126716762781143 70.758458867669106 2810.6472984701395 778.70726075768471 13869.865606337786 3393.697698906064 4439.075803771615 184.53553332388401 65.735894292593002 714.52686756849289 387.67298837006092 47.076193571090698 735.93034499883652 48.227007463574409 24.004092812538147 179.02293200790882 518.85896298289299 69.695226430892944 304.38511900603771 991.87333066761494 1967.1766719073057 96.84370630979538 41.61395175755024 204.18337105214596 1314.296432197094 215.50131493806839 2274.3951742649078 29.592235296964645 58.255446523427963 188.69452914595604 96.763498738408089 44.689696580171585 73.857482522726059 48.149458631873131 572.70811793208122 21.232096061110497 1144.3669016808271 327.56685908138752 102.11642029881477 220.1876564770937 354.4745030105114 139.58444149792194 986.13227897882462 58.046605780720711 933.54356543719769 815.92687490582466 73.689194738864899 84.122639507055283 17.886665716767311 75.907086983323097 94.635459929704666 49.914702907204628
leaf_count=1468 1733 415 301 13206 4419 605 1883 281 45439 390 538 287 332 12938 3551 64575 15791 20719 843 299 3297 1763 216 3319 213 106 834 2373 322 1380 4569 9070 442 187 908 6049 985 10412 138 253 798 435 201 350 221 2579 94 5305 1507 469 1011 1658 645 4578 270 4143 3780 328 388 82 356 429 241
internal_value=-0.000331322 -0.0104423 -0.0219554 -0.056898 -0.0838763 0.0362805 0.0107898 0.0544154 0.00493147 0.0258825 0.0416229 0.105858 -0.0254497 0.0317123 0.0676441 -0.0135164 -0.0160983 -0.00235997 0.0104633 0.0677518 0.0205839 0.0531554 0.0171484 0.0786062 0.0859052 -0.105427 -0.0237548 0.00528751 -0.000507922 0.0416829 0.0273512 -0.00231328 0.0781783 0.24705 -0.0133909 -0.0021544 0.0272859 0.0331211 0.00873568 0.211954 0.24 0.0188913 0.054016 -0.0025159 -0.018004 0.0629896 0.129658 0.0199759 0.0529397 -0.0232511 0.0808931 -0.0522646 0.0103079 -0.00412551 0.0501523 0.116407 -0.00786871 0.0935834 0.0507793 0.0679999 -0.0455219 0.0485669 -0.0710699
internal_weight=57580.5 45120.8 29257.8 5690.54 3764.99 12459.7 15863.1 1877.13 13986 9366.45 4633.6 618.768 1015.07 4014.83 1157.11 23567.2 21881.7 7832.77 4732.85 3093.26 1545.5 450.8 2857.72 2530.29 2290.41 2749.93 14048.9 1233.39 12181.8 1804.13 1296.26 11784.6 507.87 167.968 1956.3 1518.48 2776.55 2489.9 239.878 331.627 246.95 562.975 289 118.547 273.975 1308.64 84.6767 1685.55 397.262 286.652 312.118 437.823 1283.95 1925.55 123.49 981.771 1802.06 170.453 401.601 66.0361 207.939 160.371 79.5069
internal_count=266717 209851 136717 26992 18063 56866 73134 8522 64612 42927 21213 2775 4751 18438 5284 109725 101919 36510 21714 13939 7096 2050 13154 11361 10254 13312 65409 5670 56338 8274 5949 54509 2325 725 9005 6957 12709 11397 1107 1426 1051 2578 1314 551 1264 5898 375 7806 1829 1312 1426 2048 5950 8929 571 4356 8358 763 1856 303 961 728 379
is_linear=0
shrinkage=0.114845


Tree=2
num_leaves=59
num_cat=0
split_feature=27 0 36 45 30 37 27 30 13 36 30 44 44 28 30 14 21 21 37 21 3 37 7 36 12 25 34 0 21 21 21 37 27 8 2 44 5 13 5 27 37 15 37 2 37 44 45 0 21 33 29 31 23 5 60 6 30 9
split_gain=1278.75 683.147 524.738 531.922 454.671 293.689 170.335 163.389 153.61 151.216 314.736 145.763 191.084 142.639 138.818 125.532 124.613 166.365 142.244 130.979 102.518 114.091 100.727 87.5849 74.8211 72.9159 70.6793 54.9386 53.5835 48.8385 40.5181 38.9854 38.4882 41.0765 38.0763 37.8209 36.1514 35.2684 34.2805 33.6383 32.75 32.1498 31.7651 31.0832 29.9161 28.1054 25.6243 20.8292 27.0154 20.3019 16.2461 15.1055 18.008 13.0909 12.2032 12.0343 8.33895 5.65867
threshold=0.027775000000000005 0.72281403000000011 0.98380000000000012 0.95265000000000011 0.013825000000000002 -0.34584999999999994 0.063795000000000004 -0.13534499999999997 0.79589500000000013 0.99995000000000012 0.014235000000000001 -0.0021499999999999996 1.0000000180025095e-35 0.024885000000000001 0.026035000000000006 0.90145000000000008 12.705000000000002 14.670000000000002 -0.26664999999999994 14.645000000000001 0.10769366598340095 -1.2330499999999998 49.851698288674847 0.96265000000000012 0.16065500000000002 1.2149500000000002 25.500000000000004 1.6117695500000002 17.925000000000004 14.670000000000002 11.700000000000001 0.24205000000000002 0.10617000000000001 0.04111754850000001 0.73797959040702443 0.31645000000000006 26.313199996948246 0.42875000000000002 4.4666094779968271 -0.0058449999999999986 0.97545000000000015 1.0378500000000004 1.1210500000000001 0.18578155035745914 -1.4914999999999998 -0.73819999999999986 1.2263500000000003 1.1025948000000003 15.760000000000003 -1.3159999999999998 0.042495000000000012 0.011215000000000001 -62.654999999999994 13.317905902862551 2.0127000000000002 0.3476422035338807 -0.065044999999999978 1.5000000000000002
decision_type=2 2 2 2 2 2 2 2 2 2 2 2 2 2 2 2 2 2 2 2 2 2 2 2 2 2 2 2 2 2 2 2 2 2 2 2 2 2 2 2 2 2 2 2 2 2 2 2 2 2 2 2 2 2 2 2 2 2
left_child=1 2 8 37 13 -6 16 45 11 25 26 14 -13 -5 -1 -12 36 19 24 22 42 29 -18 -20 -19 38 -11 -27 30 35 -10 -30 33 -23 -31 -22 51 41 -9 -39 -34 -4 44 -38 -8 46 -3 48 -47 -49 -21 52 -2 -53 -45 -46 -44 -58
right_child=6 7 3 4 5 -7 20 9 28 10 15 12 -14 -15 -16 -17 17 18 23 50 21 32 -24 -25 -26 27 -28 -29 31 34 -32 -33 40 -35 -36 -37 43 39 -40 -41 -42 -43 56 54 55 47 -48 49 -50 -51 -52 53 -54 -55 -56 -57 57 -59
leaf_value=-0.010367084035490259 -0.015773795680855816 0.075610580439362862 -0.0021939174435398521 -0.098613397173431622 0.075119868228161427 -0.047967707358789455 -0.079698411595912622 0.016841519602085183 0.1180555561265603 0.094833170318293525 -0.0053057511608502221 -0.086265132437048059 -0.017171424932390645 0.12843277213722815 0.016336995093642639 0.15020888258873799 0.079360101039379793 -0.01548936980239392 0.038833257307842067 0.12463366113958073 0.14773894112177874 0.052969480470485351 0.017016390054440864 0.1209876346323068 0.020586768866103992 0.0004249161059409059 -0.080409897893640572 0.02588295388664082 0.094906766125878519 -0.0041569444950956451 0.0075991186910682644 0.026500973353332274 0.15371958018126428 0.1030081955401297 0.069148083477260452 -0.035267594049486088 0.15756722880603441 0.07133490145533293 0.047968764985807134 0.0019393524634351068 0.063087050621233945 -0.056181915341038557 0.0015261362631306518 -0.071613156852112725 0.09882134843895117 0.080714581743887889 -0.089198873095350475 0.036031617052898028 0.0027983481254086613 0.10200003983428838 0.21172887828972042 -0.041311106797622468 -0.096587291045135124 0.051895252482359704 0.054537957881732102 0.024346160008966271 -0.14075241575083719 -0.059515404263042374
leaf_weight=9282.4336524903774 52.190305382013321 22.643166676163673 1636.0797628611326 2833.0148578882217 358.26249052584171 891.96520672738552 30.09104198217392 1245.9926627874374 45.279344961047173 36.567441046237946 83.931219980120659 549.11379639804363 13921.312665045261 36.808503836393356 3548.5580290406942 359.17372392117977 914.87798662483692 1120.9960080683231 2256.6582608520985 49.803911283612251 71.627255111932755 349.55065956711769 548.82389222085476 185.86950896680355 2337.5604869574308 7433.0968808233738 173.97752463817596 1316.7300015985966 196.410828769207 320.28009490668774 1418.30906021595 254.79373812675476 226.0324534624815 588.16845721006393 131.42070055007935 18.35910975933075 20.768432110548019 161.05394953489304 752.5120370388031 218.33877624571323 70.879463970661163 159.92674177885056 16.703441351652145 22.526104420423508 41.031174868345261 138.46208994090557 27.400370895862579 77.31588377058506 103.89958295226097 349.09343609213829 77.033465400338173 85.996575191617012 131.12046705186367 25.520459651947021 18.092925801873207 102.73381046950817 19.154397577047348 35.584063455462456
leaf_count=43286 241 100 7614 14270 1611 4232 139 5725 210 165 385 2577 64991 182 16513 1561 4079 5143 10178 222 310 1517 2507 824 10653 34227 800 6030 909 1467 6619 1186 964 2542 590 82 94 735 3460 998 302 741 82 103 183 620 122 342 468 1555 338 393 602 116 82 461 94 175
internal_value=-0.000337451 -0.00813393 -0.0161697 -0.0462458 -0.070503 -0.0126619 0.037286 0.0154059 -0.00968752 0.0120534 0.0656948 -0.0118939 -0.0197963 -0.0956864 -0.00297844 0.120656 0.0296187 0.0327773 0.0238809 0.0657572 0.0670291 0.0766404 0.0560131 0.0451025 0.00888134 0.0087873 -0.0497709 0.00426088 0.0217488 0.0325799 0.0110455 0.0563729 0.0959371 0.0844009 0.0170764 0.109927 -0.0366913 -0.000284788 0.0285835 0.0315106 0.132227 -0.00702509 -0.00239692 0.0431037 0.0239148 0.068524 -0.0137748 0.0747462 0.0474883 0.0901389 0.177867 -0.0534506 -0.0738118 -0.0195982 -0.0143709 0.0458987 -0.0670245 -0.0887224
internal_weight=57501.9 47632.5 35511.7 6295.45 4120.05 1250.23 9869.45 12120.8 29216.2 11402 653.65 27301.4 14470.4 2869.82 12831 443.105 7847.84 7491.62 5901.08 1590.54 2021.62 1776.32 1463.7 2442.53 3458.56 10748.3 210.545 8749.83 1914.79 541.687 1463.59 451.205 1234.63 937.719 451.701 89.9864 356.215 2175.4 1998.5 379.393 296.912 1796.01 245.298 61.3875 173.856 718.815 50.0435 668.771 242.362 426.409 126.837 294.828 183.311 111.517 40.619 143.765 71.4419 54.7385
internal_count=266717 222234 166674 30383 20295 5843 44483 55560 136291 52353 2911 127367 67568 14452 59799 1946 35575 33944 26798 7146 8908 7774 6586 11002 15796 49442 965 40257 8924 2449 6829 2095 5325 4059 2057 392 1631 10088 9185 1733 1266 8355 1134 279 783 3207 222 2985 1088 1897 560 1352 843 509 185 644 351 269
is_linear=0
shrinkage=0.114845


Tree=3
num_leaves=63
num_cat=0
split_feature=29 0 36 45 37 28 37 16 28 28 37 26 35 21 8 35 21 21 35 30 25 37 35 3 37 8 5 35 28 13 21 14 23 37 21 8 7 37 8 7 37 31 21 21 35 33 13 3 21 39 1 7 23 1 5 2 28 35 37 6 6 2
split_gain=780.656 557.939 454.447 450.623 366.833 640.152 338.329 491.371 287.654 265.903 200.458 194.36 193.039 185.761 158.211 155.141 153.749 200.213 158.95 152.093 126.15 106.717 105.956 104.653 103.088 101.097 98.5191 97.1691 91.4695 89.28 70.3869 65.9132 62.9212 111.225 62.3232 62.1042 56.1999 80.8333 56.1459 53.8106 51.9177 51.8417 49.6211 49.1857 47.6627 45.7789 47.7275 43.0887 42.8533 42.0619 34.8833 33.7857 33.7793 43.8434 31.9457 30.4319 29.3361 28.7487 28.6493 26.579 17.9792 4.44197
threshold=0.019725000000000003 0.72281403000000011 0.98980000000000012 0.93395000000000017 -0.36474999999999996 0.013575000000000002 0.10225000000000002 0.84305000000000008 0.018735000000000005 0.074295000000000014 0.43975000000000003 0.94335000000000013 5.5000000000000009 21.860000000000003 -0.053839206999999993 8.5000000000000018 13.695000000000002 13.285000000000002 1.0000000180025095e-35 0.024265000000000005 1.5683500000000004 -0.35594999999999993 23.500000000000004 1.1426994154804664 0.30755000000000005 -0.063200859999999984 4.1106116771698007 12.500000000000002 0.0061450000000000003 0.40183500000000005 15.090000000000002 0.94445000000000012 68.495000000000019 -0.010149999999999998 22.835000000000004 0.027325451500000004 34.975529365632497 0.46205000000000007 0.72663478000000004 28.461372895505338 -1.1388499999999999 -0.13163499999999997 18.810000000000006 14.930000000000001 1.5000000000000002 -0.32484999999999992 -0.42183999999999994 0.47813925585587874 18.185000000000006 0.039450000000000006 -0.60111558750138039 20.81277763593376 52.885000000000012 -0.057134048805543194 0.72939088940620433 0.75296461213967669 -0.050984999999999996 14.500000000000002 -1.1388499999999999 -0.14296244155671575 -1.0000000180025095e-35 0.39141936968023933
decision_type=2 2 2 2 2 2 2 2 2 2 2 2 2 2 2 2 2 2 2 2 2 2 2 2 2 2 2 2 2 2 2 2 2 2 2 2 2 2 2 2 2 2 2 2 2 2 2 2 2 2 2 2 2 2 2 2 2 2 2 2 2 2
left_child=1 2 14 52 5 -5 8 24 12 16 -6 22 28 15 42 -14 17 -9 -18 29 23 47 40 36 49 34 48 -21 30 -16 -2 -23 39 -34 41 -15 37 -3 55 -25 -10 -22 43 -1 -30 46 -27 -13 -26 60 -38 -28 59 -54 -47 -11 -44 -51 -24 -4 -8 -36
right_child=6 20 3 4 10 -7 7 9 11 38 -12 21 13 35 19 -17 18 -19 -20 27 25 31 58 32 26 45 51 -29 44 -31 -32 -33 33 -35 61 -37 50 -39 -40 -41 -42 -43 56 -45 -46 54 -48 -49 -50 57 -52 -53 53 -55 -56 -57 -58 -59 -60 -61 -62 -63
leaf_value=0 -0.0046764180825682039 0.029621919219792611 0.023260800178843639 -0.05573083027828804 -0.099255322328957896 0.20358080730877651 0.045861067734621369 0.0020342459079918636 0.034641702994589817 0.04385913324223769 -0.01997910052493421 0.035332099475530683 0.082844410834626195 0.01203914481211942 -0.024937501183195238 0.01758760209745815 0.042181018149945806 0.095489354596494797 -0.018460586619344948 0.015910886942944947 0.066802668147323871 0.058890455529239216 -0.078645684173207095 0.1096535651765477 -0.019507753472533002 0.02087519998450817 0.21437842946118268 -0.012973915295948978 0.078994501803336739 0.0044413195611135393 -0.063867160961606745 0.13266264911646286 0.23286498615899334 -0.039304690025887275 -0.1516917399857961 0.1291355906529848 0.066640396740689695 0.14820710426140182 -0.11675108242471378 0.039233178340192555 0.077507102049821641 0.016013029993171595 0.044798017688307934 0.040188077793428492 0.00099262956196250157 -0.0052476538759356258 -0.029248328688530473 0.2103367775452013 0.10292763354055479 -0.0075570432499946277 0.0075421231797071289 0.12867675985646676 0.075689383968254365 0.0012252618590062601 0.02251599978624045 0.086917542240501244 -0.023377081822184797 0.058175114901368091 0.0073088083399842716 -0.017546967308529636 0.16655991963977218 -0.06701361382835215
leaf_weight=609.5341394841671 557.40362618863583 341.71481965482235 264.97153155505657 531.00259163975716 2639.8943783640862 164.4367256462574 27.735100075602531 1294.853716224432 788.53928877413273 691.67254993319511 502.09941129386425 21.647201418876648 548.52990084886551 74.207884043455124 11733.093271374702 3908.2187415659428 614.44899290800095 394.85131353139877 7833.7590086013079 2838.5413607507944 477.18928703665733 378.49816103279591 96.188263937830925 177.30500908195972 82.231483563780785 305.29201939702034 77.087398290634155 3347.5079159885645 160.12075662612915 1541.0766413509846 507.99840880930424 280.64884683489799 65.937286376953125 27.948915898799896 19.202029675245285 324.82170724868774 140.75120139122009 97.993751764297485 24.820487633347511 767.2013244330883 715.87894743680954 602.75985570251942 99.765689998865128 1170.0611262023449 294.47155812382698 1534.7148088514805 1376.5053391605616 161.23994559049606 68.931952372193336 184.52828405797482 2124.5096797347069 326.32987847924232 160.42273718118668 301.46695265173912 847.7650800049305 320.76180326938629 494.93258821964264 165.66255049407482 107.48213371634483 1013.2929512262344 43.794110760092735 18.745125561952591
leaf_count=2814 2542 1537 1223 2649 13672 738 126 6040 3517 3063 2547 97 2434 340 55183 17723 2822 1821 36381 13186 2095 1739 447 771 378 1377 336 15659 726 7201 2345 1277 272 126 87 1454 634 430 114 3467 3144 2725 456 5370 1342 7051 6313 697 315 836 9689 1473 745 1388 3871 1422 2279 751 478 4703 195 84
internal_value=-0.000332143 -0.0105319 -0.0186529 -0.0479122 -0.0698943 0.00552211 0.0172503 0.00477571 0.0342281 -0.00204656 -0.0866003 0.066835 0.0211796 0.0323628 -0.0111767 0.0256289 -0.00771673 0.0238982 -0.014045 -0.0145925 0.0144045 0.112025 0.0445325 0.0304699 0.0829101 0.00279131 0.115494 0.000273316 -0.0145181 -0.0215235 -0.0329394 0.0903656 0.0614802 0.151388 0.0333822 0.107466 0.0185498 0.056147 0.0533313 0.0524979 0.0550676 0.0384946 0.0168025 0.0264076 0.0285611 -0.00561235 -0.0201242 0.189856 0.0360416 0.0399601 0.011233 0.145159 0.000538803 0.0271804 0.00461366 0.0575432 -0.0118684 0.0234166 -0.0330758 -0.00905453 0.120356 -0.110988
internal_weight=57415 36337.6 27412.1 5577.59 3837.43 695.439 21077.4 12151.5 8925.9 11175.2 3141.99 2550.12 6375.77 4855.78 21834.5 4456.75 10137.9 1689.71 8448.21 19460.2 8925.54 842.034 1708.09 3743.36 976.301 5182.17 554.581 6186.05 1519.99 13274.2 1065.4 659.147 1038.39 93.8862 1117.9 399.03 2704.97 439.709 1037.25 944.506 1504.42 1079.95 2374.29 1779.6 454.592 4064.28 1681.8 182.887 151.163 421.72 2265.26 403.417 1740.15 461.89 2382.48 1012.43 594.698 350.191 203.67 1278.26 71.5292 37.9472
internal_count=266717 170342 129813 27665 19606 3387 96375 56073 40302 51663 16219 11396 28906 21951 102148 20157 47064 7861 39203 91229 40529 3810 7586 16926 4410 23603 2502 28845 6955 62384 4887 3016 4636 398 4991 1794 12290 1967 4599 4238 6661 4820 10919 8184 2068 18612 7690 794 693 1908 10323 1809 8059 2133 10922 4485 2735 1587 925 5926 321 171
is_linear=0
shrinkage=0.114845


Tree=4
num_leaves=61
num_cat=0
split_feature=27 0 7 25 37 26 31 27 37 16 37 35 35 35 30 30 27 28 0 26 28 59 27 37 56 35 30 21 37 29 2 37 31 59 8 5 28 13 37 62 8 21 21 13 29 44 14 2 9 23 8 27 60 28 27 3 35 38 28 4
split_gain=859.889 467.99 330.283 239.448 225.072 639.762 169.36 164.988 140.518 196.635 277.846 171.368 134.876 177.15 129.134 154.024 116.552 113.975 93.2467 92.8482 91.3585 89.9919 99.2588 86.5948 85.0103 82.5002 74.466 74.1991 72.8629 67.2349 66.6059 64.4991 64.2709 60.5978 53.8004 63.6409 51.8142 51.0992 44.7372 66.7476 44.1252 60.0061 52.006 44.0683 40.6874 40.4743 40.2681 34.6767 40.5507 39.6622 27.7106 25.9939 25.6375 22.8121 21.674 21.2311 11.7398 6.48215 6.15286 2.89974
threshold=0.022115000000000006 0.46782657000000005 84.132956656741555 0.98605000000000009 -0.49744999999999995 0.61635000000000006 -0.12184999999999999 0.049665000000000008 -0.010149999999999998 -0.92974999999999985 0.41905000000000003 29.500000000000004 5.5000000000000009 8.5000000000000018 0.024835000000000006 -0.073564999999999978 -0.034454999999999993 0.015715000000000003 0.21391150500000003 -0.15994999999999995 0.0081350000000000016 0.12193232000000002 0.015835000000000005 0.060050000000000006 -0.0074985598940570768 3.5000000000000004 0.013825000000000002 15.090000000000002 -1.4100499999999998 -0.0069049999999999988 0.26486139831950378 1.3144500000000001 0.14799500000000002 0.16855000000000003 -0.018003612499999998 -1.5707143545150755 0.083095000000000016 0.46635000000000004 -0.20194999999999999 3.8513309936906106 0.031303286500000006 14.755000000000001 14.445000000000002 -1.0345499999999996 0.065775000000000014 -0.15634999999999996 0.28275000000000006 0.75296461213967669 5.0000000000000009 -42.024999999999999 -0.039249210999999992 0.074830000000000021 1.9353000000000002 0.046515000000000008 0.021495000000000004 1.0637626695775089 17.500000000000004 1.0000000180025095e-35 -0.0088849999999999988 2.5000000000000004
decision_type=2 2 2 2 2 2 2 2 2 2 2 2 2 2 2 2 2 2 2 2 2 2 2 2 2 2 2 2 2 2 2 2 2 2 2 2 2 2 2 2 2 2 2 2 2 2 2 2 2 2 2 2 2 2 2 2 2 2 2 2
left_child=1 2 3 14 5 16 34 8 11 10 20 12 27 -14 15 -1 32 38 26 -12 -10 24 -23 -19 -8 -16 -5 -2 47 -7 -31 36 -3 -20 35 -6 -11 -25 39 -4 43 42 -42 51 -36 -33 -43 48 49 -9 -40 -30 -45 56 -18 -50 -49 -55 -13 -60
right_child=7 4 17 18 6 29 21 28 9 31 19 58 13 -15 25 -17 54 23 33 -21 -22 22 -24 37 -26 -27 -28 -29 40 30 -32 45 -34 -35 44 -37 -38 -39 50 -41 41 46 -44 52 -46 -47 -48 53 55 -51 -52 -53 -54 57 -56 -57 -58 -59 59 -61
leaf_value=0.013105659814509899 0.0023574311726905313 0.016878296045476446 -0.10387459145606955 -0.099110290245366592 0.026376725283198611 -0.052761222319652294 -0.0049723391575333979 -0.032788468725486672 0.033469237856061623 0.033439877468364562 0.06041442195593464 -0.065967550404675127 0.073153863307466871 0.010745449889382948 0.029079182288823276 -0.022526113414891222 -0.05698189551059938 0.19851759348762027 -0.026579658075301233 0.22878986760604011 0.2461591969820637 -0.043345780605047728 0.027608503958791324 -0.10940530903954025 0.018012090188805965 -0.0035387837862030109 -0.00058089295199573946 -0.049658866052824498 0.056053979945066251 0.10085095363927231 0.19823333535780283 0.034782120903053375 0.11445467439746521 -0.064421146095368448 -0.0057265912838216134 0.080093065777221278 0.13331286560316966 0.094700065389018803 0.010578087897615168 0.02088540408049553 0.074369286506166629 -0.0045763589950392394 0.16646223256507198 -0.023304015106555241 0.079682288772408072 -0.011947669336874349 0.059696437318112895 -0.012717231371254438 -0.095846924886736393 0.05362034898890105 -0.13577686534423009 0.14659665083661905 0.032154127378901838 0.17731065675742835 0.068674019674412057 -0.015213746584893132 0.078478053254304236 0.087164778491893954 -0.11181586827186595 -0.15779866867454612
leaf_weight=1880.9495618492365 831.06683124601841 1511.1838520616293 213.89218243956566 514.47859917581081 747.91782112419605 18.557093679904938 10328.212517157197 110.72814291715622 584.6247930675745 950.8700692653656 57.43310821056366 20.039253994822502 695.22846905887127 4397.5243853628635 1253.6339255571365 10663.004504546523 334.56357216835022 27.428621381521225 3531.410828396678 183.88255682587624 27.997402250766754 1287.3612493425608 325.08357411623001 48.329394683241844 2671.2770821750164 5546.9745011627674 127.01995195448399 638.41540591418743 138.66679601371288 135.45292533934116 308.79420413076878 342.625243678689 94.835028931498528 665.6540941298008 537.63349428772926 479.83257615566254 74.23757891356945 24.128493994474411 17.23781044781208 76.173976689577103 241.12728555500507 140.10965420305729 124.11949856579304 126.16625785827637 85.134593367576599 852.59169706702232 1410.9738909304142 45.675814121961594 71.747211337089539 188.9469722956419 411.9103084653616 61.6895562261343 815.21187068521976 19.927043452858925 18.837328210473061 111.68704715371132 30.74244499206543 29.090902224183083 38.979065328836441 60.743288889527321
leaf_count=8763 3811 6864 1102 2759 3310 80 47845 511 2591 4236 249 91 3011 19948 5769 51071 1564 130 16909 762 120 6165 1493 240 12375 26054 615 3026 610 577 1278 1541 413 3510 2453 2135 322 114 81 397 1026 641 524 561 379 3858 6024 199 342 817 2213 259 3549 88 88 528 135 125 180 286
internal_value=-0.000332271 -0.00811289 -0.0184202 -0.0159887 0.00553109 0.0382171 0.000719201 0.0251038 0.0172912 0.0376146 0.0844642 0.00793433 0.0104249 0.0192734 -0.0102704 -0.0171798 0.00950934 -0.0901533 -0.0388417 0.188893 0.0432591 -0.0034235 -0.0290143 0.0244534 -0.000245964 0.00246778 -0.0796675 -0.020212 0.0458802 0.159667 0.168637 0.019577 0.0226667 -0.0325915 0.0334536 0.0474051 0.0407143 -0.0408491 -0.10613 -0.0709644 0.0531052 0.0637809 0.105782 0.0351494 0.00588059 0.00141236 0.0538631 0.00950289 -0.00438374 0.0215504 -0.129799 0.0841451 0.0246761 0.0633266 -0.0501633 -0.0469848 0.0234115 0.124683 -0.12818 -0.140253
internal_weight=57309.8 43886.9 25002.2 24183.1 18884.7 2422.22 16462.5 13422.9 9756.26 3074.26 853.938 6682 6562.24 5092.75 19344.6 12544 1959.42 819.101 4838.56 241.316 612.622 14611.9 1612.44 99.8865 12999.5 6800.61 641.499 1469.48 3666.61 462.804 444.247 2220.32 1606.02 4197.06 1850.52 1227.75 1025.11 72.4579 719.214 290.066 3058.06 1916.33 365.247 1141.73 622.768 1195.22 1551.08 608.546 483.109 299.675 429.148 200.356 941.378 125.436 353.401 183.434 76.4183 49.0179 119.762 99.7224
internal_count=266717 206746 119727 115450 87019 10864 76155 59971 44032 13679 3722 30353 29796 22959 91657 59834 8929 4277 23793 1011 2711 67878 7658 484 60220 31823 3374 6837 15939 1935 1855 9957 7277 20419 8277 5445 4558 354 3793 1499 13194 8215 1550 4979 2832 5399 6665 2745 2198 1328 2294 869 4110 547 1652 870 334 213 557 466
is_linear=0
shrinkage=0.114845


Tree=5
num_leaves=58
num_cat=0
split_feature=27 0 7 30 36 45 28 37 26 58 28 27 8 28 31 35 21 37 21 21 37 21 28 37 27 37 35 35 21 28 13 0 37 2 35 21 21 37 37 13 28 13 21 13 27 26 3 5 37 12 25 28 34 35 1 39 34
split_gain=684.013 361.977 268.966 197.292 224.239 214.164 136.152 135.575 519.847 116.812 149.062 104.055 100.478 99.2147 92.9065 90.6309 144.44 95.4384 92.1748 154.744 84.5207 84.5175 83.0559 196.206 98.372 72.0952 71.5205 68.3591 61.2402 59.6055 54.745 54.6136 53.1446 51.9493 50.7249 48.3202 46.6401 38.0645 38.0363 54.5647 37.4401 36.0247 35.6122 33.9329 32.6186 32.0612 24.3013 21.9961 21.6374 20.1265 15.7264 13.6557 13.3236 12.556 9.63257 8.58426 4.2715
threshold=0.027775000000000005 0.46782657000000005 84.132956656741555 0.016195000000000005 0.9688500000000001 0.91515000000000013 -0.06196999999999999 -0.50944999999999985 0.24380000000000004 0.051719664258092539 -0.0091649999999999978 -0.034454999999999993 -0.053839206999999993 0.015715000000000003 0.00074500000000000011 23.500000000000004 15.560000000000002 -0.0042499999999999994 14.670000000000002 14.145000000000001 0.10225000000000002 22.835000000000004 0.034855000000000004 0.61775000000000013 0.015835000000000005 0.017650000000000002 16.500000000000004 1.0000000180025095e-35 12.705000000000002 0.016565000000000003 -0.68849499999999997 1.3674484500000001 -0.20194999999999999 0.57314663067579297 5.5000000000000009 13.750000000000002 19.230000000000004 0.14615000000000003 -0.22574999999999998 0.097775000000000015 -0.018514999999999993 0.46635000000000004 19.855000000000004 -0.68849499999999997 0.031385000000000003 -0.35534999999999994 0.82280011921911644 28.003638267517093 0.22495000000000001 -0.13393499999999997 0.7319500000000001 -0.12508499999999997 1.5000000000000002 22.500000000000004 -0.37868654910822069 0.29195000000000004 107.50000000000001
decision_type=2 2 2 2 2 2 2 2 2 2 2 2 2 2 2 2 2 2 2 2 2 2 2 2 2 2 2 2 2 2 2 2 2 2 2 2 2 2 2 2 2 2 2 2 2 2 2 2 2 2 2 2 2 2 2 2 2
left_child=1 2 3 4 12 -6 43 8 11 10 -5 -8 -1 38 28 18 17 35 19 27 -11 33 24 -24 -9 -15 -21 -16 47 -10 37 -23 34 -20 -32 -17 -34 45 39 -4 -40 -27 44 48 -18 -30 -19 52 -3 -44 56 -50 -2 -52 -39 -54 -45
right_child=14 6 13 9 5 -7 7 22 29 20 -12 -13 -14 25 15 16 42 46 21 26 -22 31 23 -25 -26 41 -28 -29 30 -31 32 -33 36 -35 -36 -37 -38 54 40 -41 -42 -43 49 50 -46 -47 -48 -49 51 -51 53 -53 55 -55 -56 -57 -58
leaf_value=0.014155148413343224 0.0004531322412604898 -0.022878425821716952 -0.10986372362727835 0.31115029268193395 -0.0089761254781593313 -0.07219773071085582 0.018618334795690594 -0.010536135218543595 0.079169911150863373 0.012249331367361069 -0.027568527550369707 -0.040772713602713992 -0.018190193617206789 0.18983888849345745 0.11616325039846194 0.087764469765501146 -0.011381576751370241 -0.045553702467976319 0.018675766291950741 0.055443348351489875 -0.0094153802287543862 0.049267203485587441 0.039044781243862035 -0.0075615776431164627 0.013884950477465735 -0.08738246197715871 0.14585999647271686 0.019426806738420878 -0.079428170543298982 0.16752518872797942 -0.040094547462440573 0.21712045287001655 0.04345296664216429 0.045223590352297199 0.0064980347061402398 -0.069594068383463034 -0.014025446808347629 0.18794701154665597 0.029743251185362352 -0.003618492515566037 -0.12571802140995519 0.076100453387229927 -0.067191917054872916 0.14326995929923853 0.1390215387027888 0.036827989283663376 0.05524888079806764 0.038149546139255287 0.16244167121260819 0.051765781238869879 0.03947156758053752 0.084882844169712507 -0.089374093566904025 -0.0076325113928118315 0.079415789766002096 -0.013864942787282472 0.060770847904326512
leaf_weight=1435.9787736386061 35.20131927728653 21.112168252468109 141.34411296248436 35.667808726429939 1113.455549582839 1942.4355697929859 1555.6566244065762 9705.4673148840666 152.58783014118671 3636.6454768180847 32.572748467326164 518.68986938893795 10661.093405112624 25.789997592568398 114.21512220799923 27.293887197971344 22.167577803134918 38.469083800911903 2288.4608560055494 174.62346611917019 6843.6957865208387 51.07355061173439 2103.1158307939768 2745.4224143177271 2802.8630222678185 51.916993215680122 350.88034209609032 628.87888218462467 32.062583461403847 309.64369285106659 420.57135345041752 52.855374306440353 707.65127724409103 1701.2065728157759 1149.9847974181175 395.72306875884533 251.33447766304016 25.535826459527016 21.050835177302361 117.69975531101227 406.86297799646854 26.8035848736763 23.404421493411064 20.430741637945175 115.03647945821285 1011.3528808951378 166.21851627528667 33.809394955635071 36.838396817445755 90.490690723061562 313.97079735994339 208.74403955042362 124.20506304502487 96.0428257137537 21.896489754319191 25.282610163092613 18.093676760792732
leaf_count=6596 161 93 768 172 5225 10933 7005 45270 644 16942 159 2442 50891 113 484 121 99 170 10146 737 32241 220 9593 12607 12742 268 1479 2758 143 1274 1952 223 3073 7426 5135 1795 1105 108 103 611 2337 122 104 91 507 4478 721 149 159 400 1404 917 582 430 93 114 82
internal_value=-0.000319702 -0.00613109 -0.0150111 -0.0129785 -0.0213739 -0.049176 0.00528232 0.00351005 0.0283104 -0.000914504 0.148847 0.00374704 -0.0143471 -0.0809626 0.0268317 0.0354829 0.00124687 -0.0281516 0.0410859 0.068165 -0.00189372 0.0326837 -0.000111877 0.0126457 -0.00506045 0.0229556 0.115896 0.0343529 0.0127562 0.13845 0.0163283 0.135044 0.00703361 0.0300065 -0.00595159 -0.0593401 0.0283443 0.0378425 -0.0968343 -0.0617547 -0.11797 -0.0311759 0.0749079 0.0545163 0.11441 0.0332147 0.0360955 -0.0462375 0.0870655 0.0269462 0.0350679 0.0966909 -0.0619166 0.0283337 0.138745 -0.0768889 0.105631
internal_weight=57181.6 47101.7 26493 25701.5 15153 3055.89 20608.7 19893.4 2536.58 10548.6 68.2406 2074.35 12097.1 791.468 10079.9 6241 878.804 627.705 5362.19 1268.6 10480.3 4093.6 17356.9 4848.54 12508.3 104.511 525.504 743.094 3838.89 462.232 3620.39 103.929 2529.54 3989.67 1570.56 423.017 958.986 1090.85 686.958 259.044 427.914 78.7206 251.099 715.233 137.204 1043.42 204.688 218.498 266.695 113.895 448.538 245.582 184.689 410.014 47.4323 149.488 38.5244
internal_count=266717 222234 127481 123159 73645 16158 94753 91577 11365 49514 331 9447 57487 4322 44483 27390 3917 2807 23473 5458 49183 18015 80212 22200 58012 503 2216 3242 17093 1918 16087 443 11265 17572 7087 1916 4178 4822 3819 1379 2440 390 1110 3176 606 4621 891 1006 1169 504 2007 1076 857 1834 201 696 173
is_linear=0
shrinkage=0.114845


Tree=6
num_leaves=63
num_cat=0
split_feature=27 0 36 28 37 45 35 16 12 30 35 37 26 9 9 7 35 37 28 37 35 1 16 30 21 35 58 21 28 12 59 60 30 29 16 28 44 15 25 28 3 35 13 1 21 21 21 37 15 9 21 5 44 1 59 2 12 13 29 22 31 27
split_gain=542.988 305.99 246.595 316.2 290.054 184.352 143.546 296.625 150.848 143.102 141.725 137.744 491.595 126.16 159.213 199.479 127.112 225.241 125.473 108.73 112.061 108.047 105.859 104.067 129.709 102.54 96.9118 94.4423 87.2446 86.2246 82.8964 76.2616 81.1169 72.8093 72.5061 65.9844 65.4174 63.5517 62.6303 66.4603 58.5239 51.4635 49.9728 49.1369 41.2843 39.2125 55.9562 37.296 36.5975 35.472 66.6822 32.1142 30.3328 29.3619 29.3507 22.8541 21.9602 21.1057 18.066 14.5742 12.6548 7.7946
threshold=0.021495000000000004 0.48898928500000011 0.98380000000000012 0.013775000000000001 -0.23354999999999998 0.94255000000000011 3.5000000000000004 0.85425000000000006 0.11802000000000001 0.0086050000000000015 22.500000000000004 -0.37474999999999997 0.99995000000000012 1.5000000000000002 5.0000000000000009 46.903141359615752 9.5000000000000018 -0.36474999999999996 -0.054164999999999998 0.25325000000000003 19.500000000000004 -0.26921212175710135 -0.95384999999999986 0.0047050000000000008 21.885000000000002 31.500000000000004 0.37337303184748455 22.335000000000004 0.050115000000000007 -0.34632999999999997 0.0038392550000000002 1.8251000000000002 0.041475000000000005 -0.072844999999999979 -0.95144999999999991 -0.036514999999999992 -0.12334999999999999 0.98335000000000006 1.0871500000000001 0.014415000000000002 1.3803295045360418 10.500000000000002 -0.14955499999999997 -0.18446393326227317 15.040000000000001 13.365000000000002 19.335000000000004 1.4203500000000002 1.03685 1.0000000180025095e-35 15.435 4.4666094779968271 0.15065000000000003 -0.15056083482361096 0.09413856000000001 0.027658876887488353 0.16829500000000003 -0.68849499999999997 0.024355000000000005 4.4493500000000008 0.021495000000000004 0.051345000000000009
decision_type=2 2 2 2 2 2 2 2 2 2 2 2 2 2 2 2 2 2 2 2 2 2 2 2 2 2 2 2 2 2 2 2 2 2 2 2 2 2 2 2 2 2 2 2 2 2 2 2 2 2 2 2 2 2 2 2 2 2 2 2 2 2
left_child=1 2 6 5 40 55 7 35 10 -7 -8 12 22 16 15 19 17 49 42 20 -15 -10 56 45 36 31 29 -26 44 -20 -6 41 -33 -24 -21 -1 -25 -9 54 -40 -5 -16 57 52 -19 60 -47 -30 61 50 -2 -45 -17 -51 -14 -4 -3 -13 -28 -44 -18 -27
right_child=13 11 3 4 30 9 8 37 21 -11 -12 18 38 14 25 43 23 28 26 34 -22 -23 33 24 27 48 58 -29 47 -31 -32 32 -34 -35 -36 -37 -38 -39 39 -41 -42 -43 59 51 -46 46 -48 -49 -50 53 -52 -53 -54 -55 -56 -57 -58 -59 -60 -61 -62 -63
leaf_value=0.019624494353944109 0.034697038599526865 -0.10690998776512114 -0.074188642187636974 0.22116864498300054 0.14395420848709939 -0.092736790990883347 -0.026291298263313594 0.061910883816972934 0.058627351243069163 -0.036948913006406341 0.00043546214469889264 0.075321533292798101 0.098319806497197168 0.038141876453024116 0.16533112518459833 0.055842093700754068 -0.089583514428160121 0.044204859776268098 0.016079165110306937 0.19893274512055423 0.093542407092738214 -0.00028174139991406455 0.054994456203503184 -0.0052043047561166466 0.17444005321348538 -0.13579099272684184 -0.13615206993744522 0.014328081036875549 0.095305616389494363 -0.0059118601396575179 -0.012826197019962068 0.023359758829509813 -0.016165369915386734 0.0023134711790173475 0.083459452671194992 -0.051437045465887815 0.040144810190343314 0.021015756835078309 -0.0057905350304075301 0.12340451509195215 0.011361976935331199 0.039726889522375047 -0.065114072487321623 -0.010874533363261742 -0.025511512927590269 0.015011763741598207 -0.038386147118620484 0.021256744098404095 0.049170960412279578 -0.11558921063696789 -0.073014589145691811 0.019966277472396956 0.01713490499673544 -0.057743375059406063 0.21443557899276605 -0.0061646990169215441 -0.031897419889392473 0.036765959393176867 -0.01108623945751072 0.010602310581919811 0.014143945842647082 -0.054882519667427583
leaf_weight=209.62575589120388 116.0993963778019 112.3533805757761 70.842549622058868 95.948015809059143 46.297042921185493 1600.6972764581442 9773.0917473882437 650.86674706637859 480.9304772913456 981.42754316329956 3569.4567137211561 330.70862555503845 39.244224682450294 1706.5610727518797 64.017392188310623 592.52956588566303 91.28319551050663 147.10986712574959 3009.5431650727987 114.76545849442482 673.77202185988426 2800.3708295971155 437.14701691269875 632.00301283597946 140.72262997925282 86.119384080171585 83.576360106468201 75.141293331980705 201.07091528177261 10752.407587274909 1119.1815492063761 1628.4397966712713 1180.771839633584 1669.3207337409258 197.05322557687759 948.76236492395401 1238.9474199712276 2209.0745974183083 62.687020510435104 304.94701294600964 21.988413095474243 135.31805004179478 59.20897676050663 746.6292976140976 467.1160524636507 893.62001597881317 364.3480150103569 165.15537285804749 19.615150511264801 218.52358271181583 216.2833965420723 1099.335539445281 493.34969636797905 255.98767882585526 125.49219366908073 843.46861946582794 98.780226275324821 448.2959540784359 19.557134658098221 75.549263507127762 17.861115351319313 21.596712753176689
leaf_count=997 525 543 334 443 216 9620 46670 3035 2271 5294 17111 1429 167 7388 272 2622 429 669 13805 476 2925 13268 1904 2759 599 429 438 325 869 49897 5440 7307 5238 7597 852 4553 5431 10291 272 1275 102 589 270 3362 2144 3981 1621 725 85 995 1015 4864 2195 1179 533 3967 469 1996 92 346 80 99
internal_value=4.05805e-06 -0.00638462 -0.0144478 -0.037956 0.0107705 -0.0558539 -0.00900219 0.010471 -0.0137118 -0.0715492 -0.019138 0.0052406 0.0283582 0.0196511 0.0280848 0.0396479 0.00554733 -0.0193032 0.00077968 0.0622262 0.0538414 0.00833938 0.00547866 0.0184194 0.0345575 0.00733357 -0.00193395 0.118904 0.0176477 -0.00109963 -0.00656167 0.0116185 0.00673131 0.0132664 0.126097 -0.0385407 0.0248032 0.0303376 0.127881 0.101259 0.182414 0.0802794 0.042002 0.018901 -0.00874463 -0.00618331 -0.000420064 0.0620287 -0.0935751 -0.0642548 -0.0352631 0.00746911 0.0382955 -0.0844727 0.187033 -0.011482 -0.0720171 0.0531887 -0.11285 -0.0223487 -0.0722178 -0.119965
internal_weight=57052 43050.8 25422 4779.85 1283.42 3496.44 20642.2 4018.33 16623.8 2582.12 13342.5 17628.8 2849.97 14001.1 8759.87 5624 5241.27 1787.35 14778.8 2692.15 2380.33 3281.3 2317.6 3453.93 2086.81 3135.88 13865.1 215.864 980.452 13762 1165.48 3008.55 2809.21 2106.47 311.819 1158.39 1870.95 2859.94 532.37 367.634 117.936 199.335 913.763 2931.84 614.226 1367.11 1257.97 366.226 127.331 806.894 332.383 1845.96 1085.88 474.511 164.736 914.311 211.134 779.005 103.133 134.758 109.144 107.716
internal_count=266694 204645 123612 25416 6201 19215 98196 18876 79320 14914 63781 81033 12760 62049 38703 24684 23346 8121 68273 11641 10313 15539 10513 15225 9114 14019 64232 924 4407 63702 5656 13406 12545 9501 1328 5550 8190 13326 2247 1547 545 861 4041 13043 2813 6111 5602 1594 613 3714 1540 8226 4817 2174 700 4301 1012 3425 530 616 509 528
is_linear=0
shrinkage=0.114845


Tree=7
num_leaves=56
num_cat=0
split_feature=27 30 30 36 37 28 44 45 37 35 21 35 37 35 7 1 27 37 9 21 21 21 7 15 37 37 33 9 2 21 21 35 9 1 13 8 5 16 15 2 28 16 9 6 5 15 22 30 48 7 56 8 22 6 5
split_gain=425.391 254.08 317.869 425.856 240.146 338.242 180.252 175.039 157.007 130.73 163.575 128.202 112.209 103.724 102.801 102.421 89.6336 76.561 74.4659 72.4511 72.2092 87.4044 67.8768 65.0773 60.1221 53.7828 48.7295 47.2319 59.6894 43.551 120.519 71.2598 41.1741 37.1757 31.4486 30.8693 30.6673 33.4058 29.2865 27.2435 25.9881 25.657 22.9613 21.2528 21.1953 21.1756 20.9495 19.084 18.8058 13.313 17.7661 8.83891 8.17025 3.07279 0.969179
threshold=0.022115000000000006 -0.090644999999999989 0.014705000000000001 0.98980000000000012 -0.48644999999999994 0.013775000000000001 0.03525000000000001 0.76195000000000013 0.21355000000000005 23.500000000000004 14.690000000000001 3.5000000000000004 -0.36474999999999996 29.500000000000004 1.0000000180025095e-35 -0.55663436405377931 0.044595000000000003 -0.96844999999999992 5.0000000000000009 12.430000000000001 17.035000000000004 16.360000000000003 48.585103727819167 1.0301500000000001 -0.022349999999999998 -1.1823999999999997 -0.73394999999999988 2.5000000000000004 0.5345681119836122 15.090000000000002 15.760000000000003 23.500000000000004 5.0000000000000009 -0.13716514268282001 0.25086500000000006 -0.03689953599999999 8.4486312866210955 0.9587500000000001 0.96725000000000005 0.091089466089466067 0.048135000000000004 1.0382500000000003 2.5000000000000004 -0.25886676508475404 9.0735673904418963 -1.0049499999999998 2.6300500000000002 -0.11903999999999999 0.31885000000000002 40.592496553099913 0.015840405935760766 -0.020055740999999998 2.4914500000000004 -0.14296244155671575 -6.845155954360961
decision_type=2 2 2 2 2 2 2 2 2 2 2 2 2 2 2 2 2 2 2 2 2 2 2 2 2 2 2 2 2 2 2 2 2 2 2 2 2 2 2 2 2 2 2 2 2 2 2 2 2 2 2 2 2 2 2
left_child=1 18 3 9 5 22 14 34 -8 11 -11 -3 -9 15 -6 20 17 39 27 -19 21 24 -4 44 -2 32 -27 29 48 31 -31 -1 -18 -7 -5 38 37 -37 43 -17 -30 -25 45 -20 53 -22 -40 -38 -29 -46 -51 -44 -23 -15 -55
right_child=13 2 4 7 6 33 8 12 -10 10 -12 -13 -14 23 -16 16 25 19 35 -21 42 52 -24 41 -26 26 -28 28 40 30 -32 -33 -34 -35 -36 36 47 -39 46 -41 -42 -43 51 -45 49 -47 -48 -49 -50 50 -52 -53 -54 54 -56
leaf_value=-0.016386469514787113 0.039694709204267917 0.0042188622424817711 -0.023261224793879064 -0.025110117973913108 0.13477133369206226 0.0071696424299255131 0.0099941595596109503 -0.013513403405984453 -0.021490461988070461 0.062682605194016902 -0.0026768195167415185 -0.020890687509105287 -0.07939440420061171 -0.077775946894210829 0.010813633997317973 0.01021989452765611 0.023005548850670202 -0.04151825266463257 0.016609366273510524 0.014113150915901087 0.022362068299878496 0.24734270637789244 0.03557403895654844 0.14962006712998499 0.10994547126913089 0.0079922545932142718 0.044167328660487025 -0.057536246018202702 0.0112388471261025 0.11081133076466076 0.020671129680757645 0.083424174818635344 -0.027819969941657214 0.14214026355666173 0.020733372905531278 0.026149925182223931 0.032937581376268669 0.17604249885091477 0.21023226024809025 -0.047173048635669644 0.11397655008753566 -0.015771291554306316 0 0.077067415902696404 -0.11822037358877635 -0.075743313994772105 0.06313315697505166 -0.08345201796169073 0.023085117234898405 0.083580103466423208 -0.073888569537227083 0.10678381034752393 0.1535562400009074 -0.1066831049905176 -0.14573014147669838
leaf_weight=566.96291224658489 888.95204126834869 3528.705714866519 425.67460952699184 728.50272563099861 89.382339611649513 29.576576575636864 3060.3662058711052 404.82517972588539 6572.0574385821819 646.74782663583755 2300.0711222738028 11140.289293825626 2217.9897273629904 17.601749569177628 7359.563995629549 146.26423892378807 606.8735076636076 322.26988704502583 101.77365404367447 7187.8600221276283 42.382311478257179 27.033488258719444 657.03023219108582 20.843117341399193 197.48118019104004 616.76021057367325 2470.2914703339338 278.2624855786562 305.66286964714527 234.64435507357121 1190.2705281227827 113.17385372519493 321.22618840634823 399.57769933342934 269.73213452100754 108.02619503438473 30.265471205115318 24.265496119856834 33.4654800593853 416.51694156229496 36.559740766882896 29.464669808745384 18.35569703578949 336.89979542791843 18.855849042534828 88.235300451517105 22.261816948652267 46.579497411847115 43.405681356787682 17.770180448889732 20.182119220495224 21.11218398809433 29.816905051469803 21.034073948860168 67.546692058444023
leaf_count=2572 3882 16608 1988 3475 397 129 14370 2285 31105 3059 10895 52942 13431 81 34406 655 2612 1490 439 32013 188 116 2994 92 843 2683 10489 1259 1378 1052 5351 507 1469 1702 1261 502 139 113 149 1871 160 127 82 1479 94 395 101 217 201 82 96 91 126 104 347
internal_value=-2.20778e-05 -0.00558995 -0.00818824 -0.0177883 0.00277449 0.0466461 -0.00110605 -0.0536611 -0.0114829 -0.010412 0.0116533 -0.0148475 -0.0692421 0.0176838 0.0123068 0.0189508 0.0156363 0.0086545 0.0242007 0.0117202 0.0494248 0.0598208 0.012403 -0.0617254 0.0525035 0.0296634 0.0369538 0.0157022 -0.0109624 0.024132 0.0355447 0.000159153 0.00536825 0.132938 -0.01268 0.0575879 0.0203171 0.0539667 0.0732674 -0.032181 0.0223391 0.0519042 -0.0202042 0.0631383 -0.0970596 -0.0435837 0.152236 -0.0370565 -0.0465246 -0.0393456 0 0.0560879 0.198905 -0.127535 -0.13694
internal_weight=56917.3 43302.6 39830.1 21236.9 18593.2 1511.86 17081.4 3621.05 9632.42 17615.8 2946.82 14669 2622.81 13614.7 7448.95 13401.4 12088.1 8072.91 3472.48 7510.13 1313.37 1143.28 1082.7 213.298 1086.43 4015.15 3087.05 2768.94 663.891 2105.05 1424.91 680.137 928.1 429.154 998.235 703.537 209.137 132.292 494.401 562.781 342.223 50.3078 170.085 438.673 162.991 130.618 55.7273 76.845 321.668 56.8081 37.9523 39.4679 56.8504 106.183 88.5808
internal_count=266694 206666 191047 103956 87091 6813 80278 20452 45475 83504 13954 69550 15716 60028 34803 59005 53282 36029 15619 33503 5723 4967 4982 1023 4725 17253 13172 12480 2998 9482 6403 3079 4081 1831 4736 3139 971 615 2168 2526 1538 219 756 1918 804 583 250 356 1460 272 178 173 242 532 451
is_linear=0
shrinkage=0.114845


Tree=8
num_leaves=62
num_cat=0
split_feature=29 8 30 36 37 12 28 28 37 27 37 21 1 9 35 15 30 58 36 37 35 7 21 37 7 35 37 37 35 35 31 23 15 21 28 7 37 29 60 7 21 35 31 21 44 37 8 14 35 12 35 7 7 16 27 15 29 15 62 28 2
split_gain=367.409 267.303 331.071 216.664 208.615 303.093 203.992 170.55 160.185 295.988 174.527 105.233 112.627 86.3499 84.5215 95.5725 78.0804 76.2149 107.674 170.029 75.6654 78.3033 103.025 75.5329 72.9514 72.7882 72.6978 72.4574 70.7419 68.9778 67.4009 64.267 62.0761 148.402 61.7198 61.4689 59.8318 50.5112 48.4791 45.5594 44.0746 43.8803 38.37 35.8742 35.5791 32.8123 32.099 28.0622 26.7219 34.5915 26.6604 42.9923 28.8115 25.843 24.8285 37.5303 22.5957 27.862 19.9809 18.9377 8.10236
threshold=0.018755000000000004 -0.047850370999999996 0.018865000000000003 0.98980000000000012 0.46205000000000007 0.030410000000000003 0.027745000000000002 0.042125000000000003 0.43975000000000003 0.010765000000000002 -0.36474999999999996 19.905000000000005 -0.2858503356540853 3.5000000000000004 9.5000000000000018 -0.9172499999999999 0.019955000000000004 0.18356533973609213 0.91365000000000007 0.40455000000000008 5.5000000000000009 38.055547392919969 15.090000000000002 -1.1823999999999997 73.656572298363429 12.500000000000002 1.1210500000000001 0.037050000000000007 3.5000000000000004 17.500000000000004 0.18888500000000003 58.195000000000007 0.9103500000000001 13.770000000000001 0.083095000000000016 72.277625684320512 0.20825000000000002 0.065775000000000014 1.9851000000000003 20.81277763593376 21.200000000000006 5.5000000000000009 -0.14757499999999998 13.715000000000002 -0.12664999999999996 -0.54804999999999993 -0.0026826262499999999 0.61835000000000007 10.500000000000002 0.048790000000000007 17.500000000000004 48.048752288211098 36.966814030467994 0.77075000000000016 -0.0029349999999999997 -0.97944999999999993 -0.068824999999999983 0.95625000000000016 0.56144032543461375 -0.075329999999999994 0.38736958302175689
decision_type=2 2 2 2 2 2 2 2 2 2 2 2 2 2 2 2 2 2 2 2 2 2 2 2 2 2 2 2 2 2 2 2 2 2 2 2 2 2 2 2 2 2 2 2 2 2 2 2 2 2 2 2 2 2 2 2 2 2 2 2 2
left_child=1 13 3 24 6 7 11 28 10 -10 -5 12 41 20 15 -13 -16 18 46 -20 21 22 -1 50 29 31 40 35 44 -3 -27 -19 43 -34 -28 -25 -14 -30 -29 60 -9 -2 48 -22 -6 -26 -4 -23 49 -15 52 -52 -8 -50 59 -56 57 -44 -58 -41 -7
right_child=4 2 17 8 5 39 23 26 9 -11 -12 14 36 42 16 -17 -18 25 19 -21 32 47 -24 27 45 30 34 38 37 -31 -32 -33 33 -35 -36 -37 -38 -39 -40 54 -42 -43 56 -45 -46 -47 -48 -49 53 -51 51 -53 -54 -55 55 -57 58 -59 -60 -61 -62
leaf_value=-0.022734290246486991 -0.0001961597144397557 -0.019182746859522336 0.02998799506245281 -0.0038199061867824242 0.040023644421384307 0.12650376940663344 0.061822203451651514 0.035180222202934493 -0.049371290820253266 0.11681011885842778 -0.068976437021245202 -0.037149466687195522 0.0069940530134356537 -0.051938699868534118 0.012948223153614311 0.051717025826437578 0.083328394985801163 0.02280771349300038 0.017809255019173967 0.15451250818278039 -0.020248594311591862 -0.022224789195904347 0.11886968822011162 0.080663392822354643 0.045062561203821731 -0.01624212291856483 -0.014125827564703566 0.093925939869815359 -0.034960243822691778 -0.0026634448065010617 0.054685398028832828 -0.010866646544917818 0.11139446883033732 -0.028997491816833646 0.028425077051034274 0.23010776125716403 -0.019623907151848478 0.021000492298573578 0.03484688399403605 0.11682128851587469 -0.02209808616866421 0.042311863526409914 0.047316914123987391 0.019376938715715816 -0.011212085305456566 -0.07712616278119 0.0022627703939099857 0.028120723564044808 0.056213372124571261 0.12896053365135793 -0.040106439695991862 0.085823664335009972 0 0.12589446765217036 0.18363646563637612 0.074197192756225577 0.0011748237457829189 0.18881297182730422 0.041658693211023501 -0.016841092183803402 0.22418582655375399
leaf_weight=92.610067948698997 404.68812540173531 9442.3043735474348 769.59189595282078 688.67622341215611 282.37006875872612 19.470013305544853 204.53650936484337 1442.8313971757889 407.32313668727875 216.43664214015007 2574.2181038856506 315.4193769544363 5719.1543194800615 43.014556080102921 302.85907885432243 322.7971593439579 674.02148032188416 2073.5635066330433 334.30744585394859 187.94413420557976 364.22385405004025 208.66326197981834 247.92861537635326 661.91732941567898 31.393963575363159 3610.5501692742109 1765.036368906498 217.13984647393227 3071.4907664358616 5163.3990909904242 185.56253595650196 1166.9016247391701 107.18888375163078 1335.6615572571754 602.99413275718689 38.788032278418541 1382.8254067599773 227.58985616266727 1217.0548902750015 19.130582466721535 201.04004533588886 1500.4055763185024 219.66719920933247 1722.8165311515331 485.34596273303032 322.34670236706734 1950.9069294333458 481.64899723231792 153.54252025485039 20.591423615813255 194.13277290761471 43.692415699362755 195.90600427985191 134.73269426822662 53.19040858745575 200.14291298389435 386.14148768782616 20.329875379800797 278.3183458596468 50.672532916069031 38.359771862626076
leaf_count=415 1819 44945 3487 3593 1297 84 855 6605 2203 1094 15294 1476 25733 184 1374 1457 2903 9584 1543 825 1662 950 1091 2810 151 17156 7935 969 14764 24501 862 5479 486 6101 2559 169 6535 1079 5624 83 921 6609 963 7664 2249 1629 8877 2177 657 88 895 197 868 576 234 862 1751 90 1262 227 162
internal_value=-3.94651e-05 -0.0073452 -0.0118351 -0.0208784 0.0116392 -0.00247542 0.0205564 -0.00720092 -0.0450418 0.00822312 -0.0552374 0.0133094 0.00846296 0.0151276 0.0403107 0.00773055 0.0615524 0.00474078 0.0193091 0.0670868 0.00777225 0.0351456 0.0802349 0.0482992 -0.0145975 -0.00196684 0.00959181 0.0586686 -0.0237775 -0.0133458 -0.0127638 0.0106683 -0.000209639 -0.0185382 -0.00327266 0.088997 0.00180526 -0.0310868 0.0438213 0.0976205 0.0281493 0.0332597 0.041795 0.0124412 0.0075771 -0.0661614 0.0101215 0.0128408 0.0740515 0.00595373 0.0135482 -0.0167915 0.0316737 0.0889287 0.0805912 0.0973439 0.0291983 0.0594809 0.0181963 0.0191798 0.192037
internal_weight=56797.5 34942.5 29125.4 18846.1 21855 8459.66 13395.3 8078.7 3886.65 623.76 3262.89 10622.2 9007.07 5817.08 1615.1 638.217 976.881 10279.3 3242.75 522.252 4560.74 1030.85 340.539 2773.17 14959.4 7036.58 4011.9 2134.9 4066.8 14605.7 3796.11 3240.47 3529.89 1442.85 2368.03 700.705 7101.98 3299.08 1434.19 380.966 1643.87 1905.09 1256.34 2087.04 767.716 353.741 2720.5 690.312 351.881 63.606 638.268 237.825 400.443 288.275 323.136 253.333 904.457 239.997 664.46 69.8031 57.8298
internal_count=266694 167340 141223 93410 99354 39061 60293 37409 22184 3297 18887 47906 40696 26117 7210 2933 4277 47813 14732 2368 20546 4633 1506 12387 71226 33081 18020 9572 19389 69446 18018 15063 15913 6587 10494 2979 32268 15843 6593 1652 7526 8428 5571 9326 3546 1780 12364 3127 1505 272 2815 1092 1723 1233 1406 1096 4066 1053 3013 310 246
is_linear=0
shrinkage=0.114845


Tree=9
num_leaves=62
num_cat=0
split_feature=29 8 30 36 45 37 16 28 37 28 1 21 21 21 35 21 2 37 26 4 7 36 37 27 9 35 23 1 35 7 31 7 21 15 21 15 36 45 30 35 13 37 5 12 6 37 2 29 29 21 21 15 28 56 28 29 31 12 22 37 16
split_gain=288.813 210.55 247.941 201.597 150.839 146.163 237.265 145.614 134.967 123.886 89.6375 82.5427 90.1104 166.373 80.5287 76.9508 72.7465 70.7129 231.51 70.6312 70.1083 66.03 122.188 65.9428 65.2191 64.5563 75.7862 63.6714 59.5952 56.8094 55.9778 55.0872 77.6278 48.8662 114.731 48.6405 43.219 84.6288 43.2164 40.1615 38.1292 34.1216 33.0494 32.8526 35.8744 31.3197 31.2155 31.1174 30.5848 29.6891 28.8793 28.2962 30.0442 24.7752 23.9378 23.888 41.1127 20.742 17.475 13.7483 8.97874
threshold=0.019725000000000003 -0.047850370999999996 0.016685000000000002 0.98980000000000012 0.92480000000000018 0.46205000000000007 0.84305000000000008 0.027745000000000002 -0.36474999999999996 0.065925000000000025 -0.17160024322123804 19.795000000000005 14.670000000000002 13.980000000000002 1.0000000180025095e-35 13.445000000000002 0.84301226698291531 -0.56154999999999988 0.96725000000000005 4.5000000000000009 80.001277319457685 0.91365000000000007 0.20825000000000002 0.017095000000000003 3.5000000000000004 9.5000000000000018 31.905000000000005 -0.11611257090380268 5.5000000000000009 57.503153890466869 0.027155000000000002 38.055547392919969 15.090000000000002 0.9103500000000001 13.900000000000002 -0.94794999999999985 0.85100000000000009 0.88575000000000015 0.005595000000000001 15.500000000000002 45.718750000000007 -1.2330499999999998 6.2659943103790292 -0.23731999999999998 -1.0000000180025095e-35 1.5098500000000004 0.051405985319028756 0.042495000000000012 -0.072844999999999979 22.065000000000005 13.715000000000002 0.93745000000000012 0.005275000000000001 0.041674707778478745 0.012725000000000002 -0.0095749999999999984 -0.085194999999999979 0.28144500000000006 2.2514500000000006 -0.40514999999999995 0.93915000000000015
decision_type=2 2 2 2 2 2 2 2 2 2 2 2 2 2 2 2 2 2 2 2 2 2 2 2 2 2 2 2 2 2 2 2 2 2 2 2 2 2 2 2 2 2 2 2 2 2 2 2 2 2 2 2 2 2 2 2 2 2 2 2 2
left_child=1 24 3 20 54 7 23 11 -6 14 21 12 13 -2 27 -16 -14 18 -12 36 30 39 -23 46 28 26 -13 -8 31 -19 -3 32 -1 50 -35 58 41 -38 -27 -4 45 -9 -37 44 -21 -11 -7 -48 51 -33 -30 52 -26 -45 -5 57 -57 -50 -25 -22 -53
right_child=5 2 10 4 8 6 9 19 -10 40 17 25 16 -15 15 -17 -18 29 -20 43 59 22 -24 35 48 38 -28 -29 33 -31 -32 49 -34 34 -36 42 37 -39 -40 -41 -42 -43 -44 53 -46 -47 47 -49 55 -51 -52 60 -54 -55 -56 56 -58 -59 -60 -61 -62
leaf_value=-0.021324870501733449 -0.0024222493507759205 -0.015421761768214599 0.028017690288471484 -0.018750017583631512 -0.0022210463488034292 -0.10056409473070441 0.093045625327931827 0.0075491928489131513 -0.069251573079903109 0.045647675571177056 -0.0038636038296465947 -0.03019623169218507 -0.0059865254312807372 0.056020013822628209 0.013521552009214911 -0.02249485944781934 0.028432744233525147 0.0020953547275034249 0.12833933034337539 0.10811562961874105 -0.019768395491705698 -0.003896028052613445 0.1289777233329101 0.087428240262371282 0.063695081810590096 0.010025275050164838 0.05036947479608872 0.0040538985937097474 -0.018295539438137758 -0.0179312445110043 0.0022208499948316168 0.0068596915231025676 0.10100394684466117 0.084112212249279228 -0.026838043697108623 -0.048073063531246588 0.035891130124516432 0.20768968296097046 0.065812475000126575 -0.0036657282310376157 -0.096032184996542772 0.040026565209661073 0.10644260598093333 0.11160550539957798 -0.03694510555220732 0.011583692824913134 0.019459556432262128 0.11952460375441572 0.0083874120859623834 0.1147665835577497 0.017305579081337921 0.18660567336725983 -0.044860978053679723 0.25818722456864623 0.018164821423537956 0.14238864999004824 0.016469133649411161 0.061633324318672439 0.21114556551448457 -0.11178402189834699 0.087527699159762828
leaf_weight=92.58024825155735 1355.7507866919041 11622.426071330905 1234.92840513587 576.43277096748352 486.37056376039982 19.628483831882477 152.4924460798502 559.76395983994007 2168.6600484102964 644.01942753791809 757.53163129091263 342.298324406147 5038.4765712618828 1218.8698053956032 929.0918316245079 4911.906025826931 964.97257898747921 4546.7461227178574 226.85646951198578 96.063409715890884 27.960919573903084 169.41039724647999 196.3944703489542 20.205445408821106 287.14920523762703 240.59119133651257 279.67781309783459 351.72524228692055 362.30066251754761 3167.5114222615957 2975.086976274848 660.17486247420311 256.52986299991608 135.6041884124279 1301.9557550102472 22.461782515048981 117.17538215219975 56.421737238764763 793.16864310204983 917.61789318919182 34.005958676338196 1841.8567686229944 90.30165533721447 36.476485893130302 28.844680264592171 805.91822576522827 132.90857726335526 60.174214243888855 636.21885880827904 35.535391122102737 1736.9891923815012 28.868750333786011 37.61205068230629 28.208530858159065 386.71174469590187 58.196725577116013 85.112876504659653 114.43772201240063 79.168862715363503 111.6052603572607 24.639403074979782
leaf_count=418 6188 55648 5634 2797 2660 89 688 2475 14043 2832 3424 1610 22903 5287 4389 23289 4250 21118 1008 423 143 774 877 85 1216 1086 1245 1589 1665 15127 14145 2980 1094 600 6007 97 518 254 3384 4280 149 8125 376 159 128 3434 587 258 2839 159 7682 122 160 123 1846 252 380 508 336 627 105
internal_value=-5.74302e-05 -0.00640788 -0.0103479 -0.0185688 -0.042864 0.0105262 -0.00142101 0.0181158 -0.0569884 -0.0059619 0.00310077 0.011792 0.00725435 0.0252288 -0.0129526 -0.0167586 -0.000446987 -0.00241875 0.0265598 0.0415076 -0.012601 0.0221827 0.067325 0.0821585 0.0134886 0.0352751 0.00596233 0.0310527 0.00708934 -0.00612213 -0.0118231 0.031188 0.0684414 -1.75774e-05 -0.0163425 0.127547 0.0365021 0.0919743 0.0528702 0.0144914 0.0239011 0.0324746 0.0752855 0.109271 0.0742755 0.0267433 0.0366916 0.0508659 0.0365008 0.0124327 0.0111411 0.0639468 0.0509913 0.176189 -0.00388404 0.0248396 0.0679018 0.0165616 0.18642 -0.0936553 0.14178
internal_weight=56678.8 35426.2 29572.3 18355.3 3618.18 21252.6 8254.01 12998.6 2655.03 7829.16 11217 10233.8 8578.07 2574.62 6345.22 5841 6003.45 8698.65 984.388 2764.81 14737.1 2518.35 365.805 424.849 5853.91 1655.74 621.976 504.218 4581.67 7714.26 14597.5 1044.82 349.11 3536.85 1437.56 212.138 2575.22 173.597 1033.76 2152.55 1483.94 2401.62 112.763 189.593 124.908 1449.94 212.711 193.083 1272.24 695.71 2099.29 378.269 324.761 64.685 963.145 893.966 143.31 750.657 99.3743 139.566 53.5082
internal_count=266694 170338 144151 91909 21346 96356 38198 58158 16703 36370 52242 45953 38628 11475 29955 27678 27153 40677 4432 12205 70563 11565 1651 1828 26187 7325 2855 2277 20605 36245 69793 4651 1512 15954 6607 894 11372 772 4470 9914 6415 10600 473 833 551 6266 934 845 5582 3139 9347 1603 1376 282 4643 3979 632 3347 421 770 227
is_linear=0
shrinkage=0.114845


Tree=10
num_leaves=62
num_cat=0
split_feature=27 37 28 28 37 28 7 37 15 13 9 21 21 35 12 37 35 21 35 37 26 9 31 21 0 37 13 21 35 13 21 21 35 21 1 37 29 21 28 21 4 28 35 13 12 35 21 23 23 21 9 36 33 1 39 33 35 2 5 22 2
split_gain=242.581 230.961 447.295 290.633 335.766 295.918 224.063 166.935 149.012 126.317 125.827 184.902 213.425 260.984 205.556 158.025 188.185 124.634 120.818 106.255 100.929 115.985 98.4153 90.213 86.0366 83.8598 78.8335 77.4149 76.2316 72.2758 69.842 71.3433 68.8492 134.998 87.9104 62.9586 59.3706 57.8766 57.8624 56.603 51.4834 51.3457 47.8276 47.1081 53.6919 46.3097 40.1364 37.2497 35.0268 34.5668 28.0858 26.1884 25.0248 22.9447 22.0239 21.114 20.3096 16.1966 10.591 7.75877 6.45523
threshold=0.015105000000000002 -0.48644999999999994 0.013775000000000001 0.021815000000000005 0.16315000000000004 -0.038189999999999995 81.093956530171582 0.61775000000000013 -0.97644999999999993 0.11449000000000002 1.5000000000000002 14.980000000000002 13.715000000000002 7.5000000000000009 0.026785000000000007 -0.010149999999999998 9.5000000000000018 21.885000000000002 31.500000000000004 0.95715000000000006 0.99995000000000012 1.0000000180025095e-35 -0.07793499999999999 13.770000000000001 1.3674484500000001 0.18665000000000001 1.0087600000000003 14.840000000000002 2.5000000000000004 -0.114715 13.680000000000001 12.430000000000001 19.500000000000004 20.280000000000005 -0.20789755691291492 -0.43934999999999996 -0.072844999999999979 13.695000000000002 -0.0015749999999999998 22.225000000000005 4.5000000000000009 0.0032650000000000001 21.500000000000004 0.090795000000000015 -0.12467499999999999 3.5000000000000004 22.390000000000004 55.675000000000004 38.165000000000006 19.165000000000003 2.5000000000000004 0.59320000000000006 -0.066649999999999987 0.067065380897224067 0.34335000000000004 -0.13704999999999998 1.0000000180025095e-35 0.14257481648785997 11.798089027404787 2.3186000000000004 0.84801960784313735
decision_type=2 2 2 2 2 2 2 2 2 2 2 2 2 2 2 2 2 2 2 2 2 2 2 2 2 2 2 2 2 2 2 2 2 2 2 2 2 2 2 2 2 2 2 2 2 2 2 2 2 2 2 2 2 2 2 2 2 2 2 2 2
left_child=1 2 8 5 20 29 9 22 51 -7 15 12 30 50 -15 16 35 23 32 25 45 -22 -6 -18 43 38 -8 37 -9 42 31 -12 34 -34 -13 49 -29 -10 -17 -19 -27 -37 -3 52 -45 -5 48 58 -21 -2 -14 56 -4 -32 -48 60 -1 -31 -20 -53 -26
right_child=10 3 24 4 7 6 26 28 27 -11 11 18 13 14 -16 19 17 39 47 46 21 -23 -24 -25 55 40 -28 36 -30 57 53 -33 33 -35 -36 41 -38 -39 -40 -41 -42 -43 -44 44 -46 -47 54 -49 -50 -51 -52 59 -54 -55 -56 -57 -58 -59 -60 -61 -62
leaf_value=-0.15113561480769561 -0.081639323456171614 0.037945928937788496 0.10866517235961214 0.074279696558813987 0.036766847164680809 -0.029584125042419432 -0.087597042076638237 0.011000024344366288 0.01660882125516417 -0.0093764116354590095 -0.020721634516276302 0.03956208558591013 -0.058449456225999744 -0.042094965341422347 0.11926166419171487 -0.0055892241166659922 -0.072202798573906615 0.16876261448712426 -0.12547960584557716 0.075687220095244784 0.11777612450771681 0.043891229692025004 0.0016097601615178514 0.001938899185288363 -0.05418181480973816 0.08288039236772983 0.17651983503097204 0.059856011018058319 -0.026085559669472545 0.0073381706741169799 -0.12715850666480721 0.036092567559441346 -0.015694380324895185 0.062727306701958377 0.0094215206613805086 -0.034332534387656904 0.012350047223275566 -0.04943679426438953 0.078639147819982935 0.044073389707525952 0.0062938446637188653 0.057917404977443819 0.0016272357304214031 0.043068417424792838 0.13223049830730912 -0.020287306072682174 -0.097597952018754916 0.04349653763979032 -0.0017579133289448818 -0.022337088068281115 0.013745039674487943 -0.058882535808316497 0.20610065220076265 0.0087112199398509654 0.02999846729224049 0.092025848909123228 -0.031058991503472598 -0.046147401748217347 -0.046341966970035689 -0.13432605234980596 0.02250797619930622
leaf_weight=21.625702634453773 640.55249956250191 1517.3533446192741 53.462105765938759 84.948954805731773 1325.4581528753042 8668.7627030909061 779.62935496866703 893.23113499581814 296.88778713345528 7722.3046263307333 451.48286178708076 1742.0982929766178 86.695076137781143 116.05273850262165 982.72599919140339 516.16063171625137 237.13789205253124 72.473654940724373 113.78413341939449 82.1021848320961 364.37097635865211 1231.5189697742462 5070.5906811505556 2472.3911460787058 46.300014972686768 608.26793141663074 15.090664252638815 422.31705822050571 3990.2554019987583 106.08850847184658 62.771350994706154 819.41610725224018 2133.9049318432808 334.87174206972122 4796.7000676691532 663.36463369429111 1969.7926187068224 423.68413998186588 135.66544197499752 146.49939942359924 144.49623143672943 90.124213695526123 701.98975977301598 136.80755327641964 264.52511470019817 348.04491704702377 83.56273128092289 24.239334687590599 1234.3468970507383 165.19606962800026 394.05326226353645 25.249822691082954 113.47214618325233 21.412230968475342 22.089309006929398 25.813202455639839 147.0992397069931 242.31899559497833 30.081161722540855 90.681862309575081 20.133646175265312
leaf_count=109 2997 6858 231 381 6032 44463 4940 4113 1383 37222 2090 7696 399 524 4259 2326 1127 298 604 356 1666 5649 23858 10986 203 2734 74 1801 19151 495 281 3647 9653 1462 21493 3143 9241 1978 579 611 666 415 3148 590 1167 1576 377 107 5537 792 1678 134 497 95 95 111 716 1122 150 523 85
internal_value=-6.73762e-05 -0.00550962 0.0203452 -0.00868419 0.00443157 -0.0175227 -0.0229572 -0.00330147 0.00351971 -0.0200663 0.0103303 0.0175141 0.042611 0.0713015 0.10218 -0.00155778 -0.0149602 0.00218609 0.00948281 0.0197052 0.0474443 0.0607873 0.00890206 -0.00453423 0.106822 0.0421114 -0.0825281 0.0108052 -0.0192936 0.018833 0.00913692 0.0158759 0.0112873 -0.00503975 0.0174582 -0.0471911 0.0207549 -0.0221657 0.0118759 0.0855369 0.068236 -0.0232419 0.0264774 0.123524 0.101943 -0.00163564 -0.00239506 -0.0869535 0.00303965 -0.069534 0.00063715 -0.0759967 0.175152 -0.0920929 -0.0705166 0.00346939 -0.0467025 -0.0297388 -0.109229 -0.118263 -0.0302975
internal_weight=56544.5 37119.8 4057.85 33062 13308.4 19753.5 17185.8 11279.5 3397.34 16391.1 19424.7 12110.3 2934.61 1579.53 1098.78 7314.43 4487.74 2928.5 9175.68 2826.69 2028.88 1595.89 6396.05 2709.53 660.514 1404.59 794.72 3112.68 4883.49 2567.75 1355.08 1270.9 9007.58 2468.78 6538.8 1559.24 2392.11 720.572 651.826 218.973 752.764 753.489 2219.34 568.267 401.333 432.994 1422.1 168.105 1316.45 805.749 480.748 284.657 166.934 84.1836 105.652 92.2469 168.725 348.408 143.865 115.932 66.4337
internal_count=266694 179517 18769 160748 62426 98322 86699 53154 15885 81685 87177 54138 12973 6860 4783 33039 20369 13022 41165 12670 9272 7315 29890 12113 2884 6305 5014 14403 23264 11623 6113 5737 40304 11115 29189 7347 11042 3361 2905 909 3400 3558 10006 2485 1757 1957 6365 861 5893 3789 2077 1482 728 376 472 399 825 1617 754 657 288
is_linear=0
shrinkage=0.114845


Tree=11
num_leaves=58
num_cat=0
split_feature=27 31 31 58 30 1 30 12 37 37 21 35 35 35 31 21 9 28 35 35 27 7 16 28 9 22 27 4 28 46 21 56 37 37 6 9 8 35 2 60 2 44 3 35 50 3 56 22 34 44 58 22 39 12 27 30 8
split_gain=213.192 148.862 152.152 189.741 112.518 108.83 91.7214 65.6337 55.302 48.0571 53.5143 62.1617 59.0355 166.569 59.0618 57.8608 47.7689 55.3607 68.2753 46.855 46.5008 45.317 42.0491 40.2558 39.734 52.4446 48.1604 41.9753 39.918 35.0491 34.8125 35.0547 33.6835 31.2853 28.7707 28.4679 28.307 28.2972 25.551 25.1667 22.9505 20.9888 17.8709 17.5505 45.2132 24.1546 28.7091 27.4852 23.47 14.5927 21.9621 20.1511 32.8955 17.0982 12.2438 11.2462 8.36347
threshold=0.037195000000000006 0.18287500000000004 -0.12184999999999999 0.63235163620087576 0.014235000000000001 -0.25985254966096288 0.0095750000000000019 0.10717500000000001 -0.022349999999999998 -0.86264999999999992 14.670000000000002 16.500000000000004 7.5000000000000009 5.5000000000000009 0.063765000000000002 14.145000000000001 3.5000000000000004 0.046515000000000008 23.500000000000004 12.500000000000002 0.021785000000000002 99.840443671447233 0.92405000000000015 0.019165000000000005 2.5000000000000004 0.26705000000000007 0.061055000000000005 5.5000000000000009 0.0027550000000000001 1.0000000180025095e-35 19.715000000000003 1.7591551207504048 1.2548000000000001 -0.09144999999999999 -0.17978078708399545 5.0000000000000009 0.040498466000000004 10.500000000000002 0.46653491436100142 1.8899000000000001 0.78269779044903787 0.22425000000000003 1.5732318179523632 2.5000000000000004 1.5000000000000002 0.41281033519052562 -0.077628301018493759 3.1215500000000005 224.50000000000003 -0.26394999999999996 0.0075868262374354971 3.4073500000000005 0.16315000000000004 -0.16692499999999996 0.023805000000000003 0.089075000000000015 0.048126876000000006
decision_type=2 2 2 2 2 2 2 2 2 2 2 2 2 2 2 2 2 2 2 2 2 2 2 2 2 2 2 2 2 2 2 2 2 2 2 2 2 2 2 2 2 2 2 2 2 2 2 2 2 2 2 2 2 2 2 2 2
left_child=1 2 16 5 20 7 -7 -4 49 10 11 23 13 14 -12 41 17 19 -19 -1 -5 -6 37 56 27 29 35 28 33 38 31 -14 -30 -11 -24 -27 -32 -18 -26 -28 -15 -13 -17 44 48 46 -45 -47 -10 50 -3 53 -53 -51 -52 -25 -2
right_child=9 8 3 4 21 6 -8 -9 43 24 12 15 30 40 -16 42 22 18 -20 -21 -22 -23 34 55 25 26 39 -29 32 -31 36 -33 -34 -35 -36 -37 -38 -39 -40 -41 -42 -43 -44 45 -46 47 -48 -49 -50 51 54 52 -54 -55 -56 -57 -58
leaf_value=0.019018720802129237 -0.086019240691873056 -0.071097428271461871 0.00081687659253052217 -0.088561511211970423 -0.022528794742315009 -0.013373187519398769 -0.0016424225202812286 0.025236049511408301 0.042612680823249607 -0.0096010276981662659 -0.044120390559809319 0.050893457661142213 -0.033053736747640547 0.1820523631892477 0.043861083859078887 0.13053631930036599 -0.01019353983296732 0.029797302806218496 0.16268265501307233 -0.0088500124683578343 0.096997628177748957 0.12112850852426518 0.243411061855804 0.017354588399806397 -0.1617159068753691 0.050518120802895375 0.1229391668589018 -0.12251414047877492 0.043623953684298333 0.060155942484230431 -0.053455551606197332 0.088765491552697653 0.0084298068385907921 0.042808636097892712 0.070004433974756183 0.015655015873540162 0.038940321349645694 0.042564094256409779 -0.018939371314174551 0.060297839309638737 0.056709753399026883 -0.078499790107351877 0.040785395734696785 0.1555839992561136 0.17260329927878443 -0.010195502719049579 0.029769839285667052 0.023569470496783658 -0.067764891724422571 0.014046975025132481 0.11633570154391161 0.2513711077898369 0.064195293247549176 0.079790591222400939 0 0.094399732447630239 -0.012804677050737042
leaf_weight=1494.8331323713064 61.79301980137825 23.967940077185631 4441.1766477748752 626.90841176360846 638.76671361923218 16856.513426013291 18392.562519475818 2159.506111100316 180.82996259629726 780.28630864620209 230.57676181197166 33.129182457923889 888.21187834441662 84.91120058298111 178.37304343283176 146.02678973972797 163.21138177812099 475.14459273219109 57.394444420933723 1699.1504783183336 18.114209413528442 30.2646793872118 20.902640745043755 110.33878155052662 32.478695169091225 605.7393597215414 116.46466125547886 27.971954569220543 950.70660208165646 30.189568012952805 55.475211963057518 32.110217988491058 581.36783458292484 186.01951472461224 34.42235155403614 640.04926611483097 202.44509640336037 720.95111727714539 35.229127392172813 332.57182025909424 26.327309191226959 32.742762893438339 38.468327358365059 31.630729615688324 32.735029548406601 575.67789264023304 103.76028241217136 707.16735814511776 29.304843008518219 71.635810106992722 26.027336865663528 21.536216780543327 31.1194137185812 210.12203225493431 21.37624229490757 33.157821282744408 33.079088121652603
leaf_count=6784 281 104 21357 4240 3139 82940 86554 9832 813 3418 1045 144 3935 357 761 592 729 2059 245 7740 82 162 92 473 146 2569 472 125 4051 128 239 143 2480 788 151 2802 834 3178 157 1360 108 143 157 146 147 2659 478 3258 134 318 116 96 136 929 93 134 141
internal_value=-8.32871e-05 -0.00263366 -0.00393843 -0.00606882 -0.0490428 -0.00471844 -0.00725342 0.00881242 0.0275395 0.0194691 0.00557425 0.0390706 -0.00403945 0.0281523 -0.00564084 0.0790407 0.01576 0.00991008 0.0441992 0.00417962 -0.0832842 -0.0159664 0.0389184 -0.00273232 0.0264955 0.0395901 0.0443233 0.0171865 0.0187677 -0.041916 -0.0182882 -0.028757 0.0302969 0.000443976 0.136292 0.0326408 0.0189017 0.0327771 -0.0880583 0.0766399 0.152771 -0.0127757 0.112054 0.0182191 0.0468152 0.0132919 0.0594786 0.00838414 0.0270166 0.0655878 0.0176602 0.075689 0.141562 0.063227 0.0634378 0.035455 -0.0609414
internal_weight=56403 49896.7 47829.8 43163.8 1314.05 41849.8 35249.1 6600.68 2066.89 6506.24 2187.17 488.736 1698.43 520.188 408.95 250.367 4666.01 3726.52 532.539 3193.98 645.023 669.031 939.487 238.369 4319.07 1792.72 1694.83 2526.35 2498.38 97.8974 1178.24 920.322 1532.07 966.306 55.325 1245.79 257.92 884.162 67.7078 449.036 111.239 65.8719 184.495 1661.11 242.87 1418.24 135.391 1282.85 210.135 405.785 71.3715 334.413 52.6556 281.758 47.4036 143.497 94.8721
internal_count=266694 238711 229284 208306 7623 200683 169494 31189 9427 27983 9487 2065 7422 2271 1806 1036 20978 16828 2304 14524 4322 3301 4150 1029 18496 7634 7203 10862 10737 431 5151 4078 6531 4206 243 5371 1073 3907 303 1832 465 287 749 7635 1094 6541 624 5917 947 1792 313 1479 232 1247 209 607 422
is_linear=0
shrinkage=0.114845


Tree=12
num_leaves=57
num_cat=0
split_feature=29 8 30 58 16 37 16 28 28 8 21 29 8 31 8 35 23 35 13 21 21 21 21 44 37 48 21 21 28 21 21 23 35 1 7 22 27 48 23 35 44 37 33 6 34 34 6 8 31 26 21 15 2 35 13 22
split_gain=200.6 132.645 141.595 127.572 97.5728 88.9913 96.5491 84.334 77.6283 75.8492 80.0191 76.4558 67.7856 62.9803 58.6873 56.8332 54.8157 49.5551 53.7439 47.924 60.6676 106.555 70.2014 47.6272 45.9433 45.4501 43.9968 112.024 50.3897 48.6038 41.7248 38.331 52.1827 38.2753 33.1638 32.5736 27.239 26.7933 24.7107 36.8177 34.8671 24.5003 23.1054 19.9268 17.9173 18.6524 15.3624 15.82 12.8867 20.5411 18.5363 13.5644 12.2043 8.67371 6.5867 4.56277
threshold=0.027615000000000004 -0.072834282499999986 0.018865000000000003 0.63235163620087576 -1.0396499999999997 0.61775000000000013 0.84305000000000008 0.074295000000000014 0.040835000000000003 -0.010436325999999998 18.295000000000005 0.011475000000000001 0.00078114867000000021 0.17752500000000002 -1.0000000180025095e-35 12.500000000000002 -28.524999999999995 3.5000000000000004 0.14367500000000002 19.795000000000005 14.670000000000002 14.645000000000001 14.885000000000002 0.16775000000000004 -0.40514999999999995 2.6996000000000007 13.695000000000002 13.770000000000001 -0.043594999999999988 14.930000000000001 13.715000000000002 52.665000000000006 15.500000000000002 0.72760452710017132 48.439589838971166 8.9273000000000007 0.019425000000000001 2.4682500000000007 34.995000000000012 17.500000000000004 0.13795000000000004 1.2548000000000001 -0.38034999999999997 0.042344139857051308 108.50000000000001 72.500000000000014 0.092280482174266015 0.11862891900000001 -0.23915499999999998 -1.0000000180025095e-35 15.090000000000002 -0.94794999999999985 0.64155117715812338 7.5000000000000009 -0.30130499999999999 2.3527500000000003
decision_type=2 2 2 2 2 2 2 2 2 2 2 2 2 2 2 2 2 2 2 2 2 2 2 2 2 2 2 2 2 2 2 2 2 2 2 2 2 2 2 2 2 2 2 2 2 2 2 2 2 2 2 2 2 2 2 2
left_child=1 26 3 9 36 8 48 17 19 10 -3 -11 14 23 15 -4 -16 18 -8 20 21 -2 -22 -14 -6 41 35 34 43 -30 -19 32 -21 38 -28 44 -5 -15 39 -10 -40 -9 -33 -29 45 -1 -35 -48 50 52 -7 -51 -50 -46 -37 -36
right_child=5 2 12 4 24 6 7 25 33 11 -12 -13 13 37 16 -17 -18 30 -20 31 22 -23 -24 -25 -26 -27 27 28 29 -31 -32 42 -34 46 55 54 -38 -39 40 -41 -42 -43 -44 -45 53 -47 47 -49 49 51 -52 -53 -54 -55 -56 -57
leaf_value=-0.036083428907371928 0.018025013737575733 0.0043129169925106674 0.026950446251161601 -0.013345708029721614 -0.011651236894138967 0.09674046986229537 0.072487024649933215 0.065896278175896397 0.053605813488069601 -0.022186887576911219 -0.018500305841241738 -0.0032617287777474487 0.0017566501356465899 0.023411366982208321 -0.037281189630089362 -0.0041349846940369663 0.074426283150530306 0.0098694763120001187 -0.00078180636377263974 0.0032718334622041868 -0.064811724449145153 0.11276917190662125 0.0052997814917630824 -0.015254560147315438 -0.094990315438999384 -0.099743576685797516 0.23694072704780739 0.033560676231422837 -0.037486200297199644 0.015518028684607138 -0.023027394153253018 0.02448215988384703 0.050094186624834634 0.064170165392452655 0.043349467783821649 0.091396141018007679 0.082284232135092991 0.10669445889694087 0.080404094619546007 -0.014690581706930767 0.024452586376005461 0.020908830610620602 0.094113613257306383 0.079774128809322178 -0.11253820421859199 0.064143524275014963 -0.06537789459391298 0.017497489668301797 -0.0088595055624106963 0.17199480544003731 -0.039252842444801372 0.086111643023174145 0.092543197566540086 -0.047591489803233987 0.0052390507377863818 0.12543726363747212
leaf_weight=97.892106145620346 2174.4081674516201 6700.5717340111732 1513.337588518858 134.98803498595953 107.55188456177711 23.798186495900154 166.353426232934 204.80707617104053 286.71291413903236 8721.9902571067214 2907.0767666548491 4165.9188518226147 5798.2442775815725 725.7058482915163 68.526065185666084 1587.4511670917273 359.35254910588264 614.86170338094234 634.83470126986504 750.81249305605888 195.18386313319206 168.98621433973312 5347.8495807051659 3466.2477689683437 491.12498350441456 36.503684490919113 37.461887776851654 705.03763911128044 263.5883474946022 1684.5107546150684 2895.2390473037958 98.713274210691452 542.17141877114773 28.544823303818703 20.583236277103424 31.889298781752586 55.145712003111839 55.213410183787346 491.38039274513721 162.16226306557655 213.07990469038486 751.70539113879204 182.65097618103027 151.54023928940296 45.988181293010712 32.495523244142532 69.378135576844215 52.900210052728653 36.508609876036644 39.02047161757946 29.243561178445816 74.401257783174515 26.563905656337738 75.540347591042519 20.221351340413094 19.417331889271736
leaf_count=440 9667 31767 6862 718 640 99 743 878 1196 45536 13843 19931 26831 3303 314 7369 1681 2864 2880 3341 856 701 24147 16546 3590 155 156 2995 1188 7372 13797 443 2294 122 91 140 249 243 2150 729 945 3169 822 650 208 149 301 225 157 172 124 312 111 347 91 85
internal_value=-0.000156525 -0.00452908 -0.00647327 -0.0119085 -0.0573164 0.0105838 -0.00124486 -0.00440805 0.0166685 -0.0103144 -0.00258545 -0.0160728 0.00284693 -0.00195928 0.0165413 0.0110225 0.0564362 -0.0113647 0.014378 0.0130411 0.00938132 0.0248754 0.00282328 -0.00460337 -0.0800898 0.0257521 0.0179485 0.0223393 0.0185592 0.00832436 -0.0172527 0.0313469 0.0229383 0.0429499 0.158652 -0.0235349 0.014166 0.0293544 0.0500715 0.0288377 0.0635409 0.0305861 0.069836 0.0417863 -0.0407322 -0.0107772 -0.0112256 -0.0291752 0.0716667 0.0866641 0.0209586 0.116035 0.0331712 -0.0725196 0.0587824 0.0842644
internal_weight=56343.4 40044.6 36858.4 23284.4 788.811 16298.8 5533.84 5304.31 10764.9 22495.6 9607.65 12887.9 13574.1 10045.4 3528.67 3100.79 427.879 4311.29 801.188 9460.78 7886.43 2343.39 5543.03 9264.49 598.677 993.016 3186.17 2882.14 2804.68 1948.1 3510.1 1574.35 1292.98 1304.16 77.4625 304.027 190.134 780.919 1153.34 448.875 704.46 956.512 281.364 856.578 251.916 130.388 150.823 122.278 229.536 176.494 53.0417 113.422 63.0725 121.529 52.1107 40.0006
internal_count=266735 193335 179423 116274 5197 73400 25461 24486 47939 111077 45610 65467 63149 46923 16226 14231 1995 20284 3623 42271 35371 10368 25003 43377 4230 4202 13912 12537 12205 8560 16661 6900 5635 5668 332 1375 967 3546 5020 1925 3095 4047 1265 3645 1144 589 648 526 975 752 223 484 268 555 231 176
is_linear=0
shrinkage=0.114845


Tree=13
num_leaves=57
num_cat=0
split_feature=29 8 30 36 45 8 8 5 44 6 35 37 59 0 46 35 23 0 36 22 21 21 21 21 21 29 27 8 13 21 35 7 23 21 33 21 28 23 30 16 21 60 21 35 34 31 33 5 34 43 59 5 6 12 31 21
split_gain=159.605 123.455 139.11 137.375 113.832 99.2133 117.377 206.165 77.4324 76.9511 76.0386 61.6886 61.6261 109.002 62.1443 60.483 117.689 57.7613 56.9764 53.2894 51.8763 68.5366 167.994 83.5261 56.4668 48.3276 46.9554 48.9403 45.6647 49.4605 43.9187 40.5393 39.6233 39.0353 38.1882 35.5189 33.6865 32.6418 38.8742 31.8171 26.3215 30.268 26.0079 21.5483 21.5363 20.5229 20.4233 20.2778 19.9985 18.8219 18.3662 16.9971 21.1489 14.48 10.867 10.1481
threshold=0.019725000000000003 -0.041485219999999996 0.013825000000000002 0.9688500000000001 0.93395000000000017 0.00078114867000000021 -0.00041100383499999992 1.2240890264511111 0.23185000000000003 0.22649698227467308 30.500000000000004 0.16315000000000004 0.11659920000000001 0.71654075500000014 1.0000000180025095e-35 29.500000000000004 -23.154999999999998 3.0317233500000005 0.56615000000000015 5.2463000000000006 18.810000000000006 13.680000000000001 13.770000000000001 14.930000000000001 13.735000000000001 0.0009050000000000001 0.070470000000000019 0.013570666500000002 0.22518500000000005 17.880000000000006 12.500000000000002 41.495814473565964 -45.314999999999991 13.695000000000002 0.45915000000000006 17.035000000000004 -0.022134999999999998 73.825000000000003 0.026035000000000006 1.0810500000000001 13.285000000000002 1.8485000000000003 19.355000000000004 15.500000000000002 88.500000000000014 0.064925000000000024 -0.0023499999999999992 14.733017444610597 196.50000000000003 2.5000000000000004 0.16062588000000003 4.9692494869232187 0.25105929158812895 -0.093534999999999993 0.14132500000000003 16.840000000000003
decision_type=2 2 2 2 2 2 2 2 2 2 2 2 2 2 2 2 2 2 2 2 2 2 2 2 2 2 2 2 2 2 2 2 2 2 2 2 2 2 2 2 2 2 2 2 2 2 2 2 2 2 2 2 2 2 2 2
left_child=1 20 3 15 44 6 30 -8 17 11 -6 28 14 -14 -7 19 -17 18 26 -3 21 40 24 -24 -23 31 27 -2 35 -30 -4 36 46 -34 42 -10 -22 39 -39 -20 49 -42 -27 47 -5 -33 -13 -19 -28 -1 51 52 -11 -53 -45 -49
right_child=8 2 5 4 10 12 7 -9 9 50 -12 32 13 -15 -16 16 -18 43 37 -21 25 22 23 -25 -26 34 48 -29 29 -31 -32 45 33 -35 -36 -37 -38 38 -40 -41 41 -43 -44 54 -46 -47 -48 55 -50 -51 -52 53 -54 -55 -56 -57
leaf_value=-0.011871930855175754 0.020786956475521208 -0.014600049851499942 0.021324665776401974 0.020227104112538617 -0.054639804226064861 0.0054842989277390768 0.099446422897357903 -0.03833487746083096 0.0094964464044610068 0.15161296201335661 0.13082273723364268 0.00039992468357211641 -0.052721858060101219 0.032009189655586259 -0.016946997595595831 -0.09481152005280595 0.071120001163367641 0.03812238722413519 0.033336981605057436 0.0062484562769123857 0.029748633929574088 0.069970331282182704 -0.017928886158689417 0.022778090673784293 0.19261192385627965 -0.088549700876901713 0.040117887183893697 0.0036347905133890922 0.012794141558762946 0.10391088653648677 -0.0071531918264555296 -0.0058662610620918423 0.0047664692268381071 -0.031677619820722237 0.2037658291322047 -0.028083478150098637 -0.046641864314082626 -0.00087118913125854383 0.14729921112488428 -0.025659852511109103 0.052849517166842219 -0.074426809422864199 0.05162037355271256 0.083595594727026476 -0.016840510670364621 0.04232326359475759 0.15390623080360952 0.22987429181520933 -0.006723229847449573 0.07332826622696334 0.12447254878161759 -0.056745746691141838 0.040992856441706388 0.021668366856427122 -0.027806689234808692 0.11646002396200321
leaf_weight=423.12993447482586 2738.0127190351486 10878.558208756149 1405.528628051281 332.81079928576946 2074.8541394397616 4898.7916492819786 493.91278228163719 201.21341909468174 957.84418642520905 26.948457613587379 29.439611315727234 22.337111726403236 800.24482675641775 266.41634538769722 2439.755257062614 70.696072608232498 275.54866355657578 20.847183600068092 1256.8777478188276 1896.2164493352175 87.414593085646629 121.44784092903137 823.46332988142967 3430.3853036314249 85.572274878621101 20.25979833304882 822.18622693419456 11096.072080209851 247.78597995638847 115.98805651068687 1449.2949977368116 839.64037717878819 482.80148896574974 1926.9669514447451 19.384306207299232 506.96726848185062 559.71183997392654 35.217681810259819 66.150100901722908 132.52803502976894 28.555001571774483 165.39799265563488 119.52343079447746 24.524522721767426 544.50649589300156 135.31194633245468 24.685196816921234 24.570637047290802 139.02916067838669 37.136260733008385 28.036947414278984 33.809550106525421 166.24368357658386 353.07531256973743 21.06301936507225 21.902130171656609
leaf_count=1977 12489 53016 6385 1609 14739 23071 2367 965 4241 124 192 97 4003 1201 11411 356 1319 88 5651 9197 391 542 3777 15156 361 94 3442 50211 1113 509 6799 3806 2277 9173 88 2289 2562 164 301 600 128 762 544 104 2688 610 107 102 584 170 124 152 754 1572 89 92
internal_value=-0.000148946 -0.00492443 -0.00830897 -0.0152769 -0.0375346 0.0010727 0.0171741 0.0595024 0.00768857 -0.00498357 -0.0520248 -0.0104162 -0.00572265 -0.0315189 -0.00196734 -0.0102158 0.0371169 0.0114726 0.0109021 -0.0115021 0.00883942 0.0147203 0.019816 0.014888 0.120871 -0.00802424 0.00874191 0.0070326 0.00553654 0.0419638 0.00685249 -0.0139707 -0.0223073 -0.0243583 0.0523079 -0.00348073 -0.036257 0.0323123 0.0954002 0.0276789 -0.0199604 -0.0554683 0.0309991 0.0933817 -0.00273024 0.000778109 0.0818937 0.134864 0.0332984 -0.00490486 0.0332303 0.0287466 0.0566444 0.0147055 0.0311877 0.177342
internal_weight=56246.6 34954.1 28057.8 16102.6 2981.61 11955.2 3549.95 695.126 21292.5 4893.49 2104.29 4285.38 8405.21 1066.66 7338.55 13121 346.245 16399 16286.1 12774.8 6896.33 5115.09 4460.87 4253.85 207.02 1781.25 14795.3 13834.1 1828.59 363.774 2854.82 1622.08 2456.79 2409.77 159.168 1464.81 647.126 1490.77 101.368 1389.41 654.219 193.953 139.783 112.907 877.317 974.952 47.0223 67.32 961.215 460.266 608.114 580.077 193.192 386.885 45.5875 46.4728
internal_count=266735 170286 139318 83116 19228 56202 16516 3332 96449 22532 14931 19806 39686 5204 34482 63888 1675 73917 73442 62213 30968 22873 19836 18933 903 8095 66726 62700 8152 1622 13184 7369 11654 11450 726 6530 2953 6716 465 6251 3037 890 638 475 4297 4416 204 282 4026 2147 2726 2602 878 1724 193 194
is_linear=0
shrinkage=0.114845


Tree=14
num_leaves=51
num_cat=0
split_feature=2 29 58 12 35 35 9 1 31 13 44 6 21 12 21 21 6 21 21 0 39 37 37 12 26 1 13 13 27 7 12 21 6 27 9 1 35 35 16 12 7 39 46 37 37 3 49 33 37 37
split_gain=136.339 135.286 122.413 92.1959 139.655 118.313 103.561 83.3165 74.8119 77.6922 71.2997 93.8006 63.7119 62.9998 93.7604 203.919 65.4606 58.5492 91.5789 51.3211 55.6141 99.4867 50.1169 70.2194 65.9217 49.9347 46.0557 56.5434 45.7978 52.4825 51.023 45.6753 44.295 44.0413 38.27 34.791 34.3162 30.1874 29.1781 29.1046 24.0034 19.5289 17.9734 17.6006 15.0743 11.8099 11.1109 9.76801 9.64045 2.64716
threshold=0.85742518351214014 0.016645000000000004 0.63235163620087576 -0.31618999999999992 23.500000000000004 12.500000000000002 1.0000000180025095e-35 -0.73040829335260871 0.026305000000000005 -0.20051499999999997 1.0000000180025095e-35 0.098862960557143068 11.785000000000002 -0.26793499999999998 13.445000000000002 13.285000000000002 -0.043233231329294443 21.860000000000003 22.065000000000005 0.24822162500000003 0.17605000000000001 -0.098149999999999987 0.35315000000000007 -0.0079149999999999984 0.94335000000000013 0.12543761129121347 0.82542000000000015 -0.7206999999999999 -0.012284999999999999 82.373959028033752 0.10047500000000002 21.965000000000003 0.18949133009520644 0.019425000000000001 1.5000000000000002 0.76687175520171436 8.5000000000000018 22.500000000000004 1.0000000180025095e-35 0.23391500000000001 81.093956530171582 0.48725000000000007 1.0000000180025095e-35 -0.068649999999999975 0.10825000000000001 0.81820437265352319 0.69845000000000013 0.11195000000000001 0.0055500000000000002 -0.53404999999999991
decision_type=2 2 2 2 2 2 2 2 2 2 2 2 2 2 2 2 2 2 2 2 2 2 2 2 2 2 2 2 2 2 2 2 2 2 2 2 2 2 2 2 2 2 2 2 2 2 2 2 2 2
left_child=1 2 3 4 5 -1 -6 38 9 -5 13 22 -10 14 15 -3 -16 34 -19 20 33 -22 24 -24 -12 36 27 39 29 -29 -30 35 -27 -4 -15 37 -13 -28 40 44 42 -37 43 -2 -9 -41 -44 -33 -40 -21
right_child=7 10 19 8 6 -7 -8 26 12 -11 11 25 -14 17 16 -17 -18 18 -20 49 21 -23 23 -25 -26 32 31 28 30 -31 -32 47 -34 -35 -36 41 -38 -39 48 45 -42 -43 46 -45 -46 -47 -48 -49 -50 -51
leaf_value=0.014658291455528267 0.054994547051491399 0.022327930544014999 -0.051519520988284905 -0.0025353853517139169 0.097549049615633071 -0.021857916057118634 0.01601573153866365 0.015405716914780571 0.064214857329774847 -0.02016003979687225 -0.011042634715692246 0.074455036302950819 -0.0016892193540077108 -0.0095517293753256075 0.0089222242522998541 0.21559420340587376 0.052213413242392738 0.11372619348412531 0.012922160760390959 -0.065773831360597862 0.32890328390862966 -0.034047217913367553 -0.020573574000782788 0.072475232524106259 0.019180561077926574 -0.013751575606620041 0.026045102865346326 0.015578964881518519 -0.016505352782408146 0.1375575672859877 0.013092143493531076 0.17990110316701122 0.023413645478068731 0.059634770525142967 0.0090478126177960423 -0.015541360254009718 0.02394030251947455 0.076148371357793038 0.031110506751592507 0.12073987823345039 0.18690858835583998 0.081297918181700846 0.047458450609416933 0.11203231000329636 0.049625856728654563 0.041905718726456688 -0.022679100654175815 0.077241582099495526 -0.076381605402811442 -0.13507680628734375
leaf_weight=2823.358850300312 190.47696422040462 231.2623478025198 805.079081825912 5036.8059980198741 353.54563516378403 1998.619633346796 494.25575895607471 652.56963044404984 198.82401543855667 9592.7681374698877 2440.293466553092 271.05773666501045 7184.8176114335656 2253.3660351783037 2107.6800426840782 104.96091313660145 590.91560365259647 162.07217301428318 450.61615781486034 10.757462605834005 14.881000280380247 29.615956977009773 3592.5767515301704 110.06497086584568 1560.3702168613672 781.98183585703373 662.71075674891472 1110.4480492845178 2119.1367213726044 48.686842039227486 1203.663087785244 29.736663296818733 919.41077135503292 49.579055324196815 4134.3355222195387 286.41258524358273 524.8855899721384 210.75329588353634 18.7069031894207 62.296420946717262 21.408576674759388 30.310010060667992 105.7108827829361 119.35482189059258 232.75722858309746 45.420089930295944 40.547097951173782 24.103691026568413 25.440552175045013 83.8715905174613
leaf_count=13147 815 1050 5074 23775 1638 9526 2323 2838 950 49702 11026 1198 34050 10238 9625 459 2664 697 1931 68 115 186 17203 499 7210 3639 2938 5055 10151 248 5262 130 4157 224 18505 1286 2361 940 82 261 103 128 452 531 1003 187 180 103 115 687
internal_value=-0.000145351 -0.00232337 -0.00739763 -0.00597419 0.0070808 -0.000468141 0.0500667 0.0145619 -0.00933861 -0.014095 0.0048654 -0.00189251 7.96427e-05 0.011739 0.0255632 0.0827881 0.0184176 0.00573977 0.0396572 -0.0470061 -0.0384715 0.086375 -0.00816675 -0.0177961 0.000734585 0.017444 0.0111214 0.00657918 0.00107565 0.0207392 -0.005771 0.0310776 0.00630695 -0.0450215 0.00247984 0.0263526 0.0411967 0.0381831 0.0587942 0.0313754 0.0670808 -0.00613915 0.0613625 0.0771047 0.0244506 0.0878948 0.0277224 0.134735 -0.0298665 -0.12765
internal_weight=56153.3 48912.6 28676.8 27683 5669.78 4821.98 847.801 7240.65 22013.2 14629.6 20235.9 10200.6 7383.64 10035.2 3034.82 336.223 2698.6 7000.39 612.688 993.784 899.155 44.497 7703.31 3702.64 4000.66 2497.34 6719.01 5474.98 4481.93 1159.13 3322.8 1244.03 1701.39 854.658 6387.7 1190.19 795.943 873.464 521.646 993.043 477.498 316.723 456.09 309.832 885.327 107.717 146.258 53.8404 44.1475 94.6291
internal_count=266735 233927 141465 135111 26634 22673 3961 32808 108477 73477 92462 47293 35000 45169 13798 1509 12289 31371 2628 6354 5599 301 35938 17702 18236 11355 30530 25005 20716 5303 15413 5525 7796 5298 28743 5292 3559 3878 2278 4289 2081 1414 1978 1346 3841 448 632 233 197 755
is_linear=0
shrinkage=0.114845


Tree=15
num_leaves=57
num_cat=0
split_feature=27 13 12 35 35 21 1 37 27 21 9 35 58 35 6 35 21 21 8 37 39 1 27 37 21 21 37 8 35 35 35 21 35 9 21 31 21 13 8 37 21 5 5 60 4 58 5 9 29 35 44 21 21 49 44 44
split_gain=113.654 109.524 106.389 127.466 150.454 133.989 126.158 161.204 137.275 115.364 109.619 94.5784 79.2211 76.0196 74.2504 55.8836 49.7463 62.1877 42.6239 41.5203 41.2977 35.7846 62.542 40.8163 34.7292 32.787 28.9289 26.2762 27.805 66.6021 24.3571 36.1275 24.329 23.6258 22.8441 21.4149 20.9685 20.9464 22.5253 18.7051 21.9526 19.6118 17.4529 14.6237 13.4543 12.8996 12.7998 12.4336 11.4888 10.707 10.245 8.92362 8.17123 6.75493 5.08633 3.84496
threshold=0.037195000000000006 0.71335000000000015 -0.33431499999999997 23.500000000000004 14.500000000000002 13.695000000000002 -0.25985254966096288 0.22495000000000001 0.015835000000000005 14.980000000000002 1.5000000000000002 29.500000000000004 0.5886770184569351 26.000000000000004 -1.0000000180025095e-35 22.500000000000004 17.880000000000006 18.165000000000003 0.012136221000000001 -1.1388499999999999 0.13835000000000003 2.4890992136229317 0.081495000000000026 3.0248500000000003 12.705000000000002 17.48 0.24785000000000004 0.077573239500000016 8.5000000000000018 5.5000000000000009 9.5000000000000018 14.930000000000001 21.500000000000004 2.5000000000000004 18.810000000000006 -0.033654999999999997 14.690000000000001 -1.1683499999999998 0.00041672587000000005 -1.0980999999999999 14.930000000000001 -0.59768813848495472 -5.9309957027435294 1.9173000000000002 3.5000000000000004 0.26713934066836259 64.941616058349624 2.5000000000000004 0.013765000000000001 16.500000000000004 0.17835000000000004 19.640000000000004 17.585000000000004 0.13140000000000004 0.13125000000000003 0.02945
decision_type=2 2 2 2 2 2 2 2 2 2 2 2 2 2 2 2 2 2 2 2 2 2 2 2 2 2 2 2 2 2 2 2 2 2 2 2 2 2 2 2 2 2 2 2 2 2 2 2 2 2 2 2 2 2 2 2
left_child=1 2 3 4 5 -1 7 11 -9 10 -5 -4 14 -11 -8 -6 20 48 -14 27 25 22 23 24 -21 32 42 28 29 35 55 -32 -3 -28 -31 -2 46 53 -39 40 -22 -41 -19 44 -38 -25 49 50 -18 -29 51 -23 -27 -24 -49 -30
right_child=19 16 6 9 15 -7 12 8 -10 13 -12 -13 18 -15 -16 -17 17 26 -20 21 39 47 37 45 -26 52 33 36 30 34 31 -33 -34 -35 -36 -37 43 38 -40 41 -42 -43 -44 -45 -46 -47 -48 54 -50 -51 -52 -53 -54 -55 -56 -57
leaf_value=0.063619516574893342 -0.087354964073829047 0.013331381384242761 -0.00053535882218773022 0.15309780085193328 -0.027140345672571019 0.0066522589485682 -0.014336671774385969 0.025044320420139363 0.11353593796923563 0.039997235367434186 -0.0045332465159766177 -0.11702807513734376 -0.047359569148257154 -0.034193692182297231 -0.0027191452133980003 0.017410780182558053 0.20588489926104464 0.019158110713577009 -0.012881677157936764 -0.035559649589797251 -0.033660386209892874 -0.070137865800085561 0.074859637660200692 -0.12452104748891017 0.018865128850729745 -0.13436260192616664 0.0010444282672884397 0.018079497345030643 -0.14785483496211066 0.056046242770253857 0.034000555505908747 -0.039343196687472326 0.043479046147597143 0.053739796066592994 0.18331801562515734 -0.0019274257890750206 0.0071967414127809236 0.0011970523082133701 0.058336774989192805 -0.032472021972842748 0.095874079865460524 -0.0011655999213121384 0.066702842845868915 0.099308985256051654 -0.071707886684285654 -0.028756854146698815 -0.0053421262162790285 -0.055450170047039123 0.10199073371001557 0.12042169975257827 0.06273825760069654 0.028209536043115761 -0.03313420454817273 0.15510131726628978 -0.13295050707808148 -0.075994748723908406
leaf_weight=633.41330325603485 52.983699381351471 1147.8297162055969 3214.9208084791899 196.18811598420143 2230.3758837580681 3901.2261468172073 12467.323681071401 1357.1342980787158 279.32839043438435 799.32449041306973 81.982838019728661 94.652575239539146 1042.9157535359263 235.31980863213539 17385.981430545449 444.31469272077084 26.987914517521858 154.94205816090107 872.9616144746542 159.99224023520947 26.286421284079552 34.845573306083679 29.175956860184669 30.420342996716499 4224.5175672322512 18.780053570866585 485.91327542066574 19.943452760577202 21.772957429289818 68.394471168518066 112.34110486507416 410.56458918750286 514.33626815676689 146.60786969959736 26.47082656621933 147.63257832825184 302.88956947624683 115.41010604798794 458.96536456048489 360.56955921649933 48.138737678527832 996.22947557270527 314.10825569927692 20.672609388828278 31.460029631853104 51.705569297075272 23.050462320446968 35.598675668239594 34.833716526627541 49.643967390060425 18.692373260855675 17.952190473675728 27.384656339883804 32.596268564462662 18.89833927154541 25.000384718179703
leaf_count=2898 256 5329 15163 863 10604 18002 61342 6386 1249 3708 377 489 6760 1099 83598 2102 120 684 4362 725 118 155 118 125 18059 86 2211 81 100 283 474 1867 2389 670 110 652 1291 477 1875 1647 206 4564 1378 88 137 215 95 160 154 208 83 81 125 132 88 117
internal_value=-0.000140501 -0.00201994 -0.00368611 0.00787166 0.00187185 0.014619 -0.00637 0.0106876 0.0401751 0.0407871 0.106487 -0.00387991 -0.00902699 0.023082 -0.00757228 -0.0197236 0.0154868 0.0357825 -0.0316721 0.0140862 0.00795242 0.0186723 0.0201708 0.0153592 0.0168694 0.0200146 0.0294439 -0.00414703 -0.0158609 0.0126243 -0.0307105 -0.0235044 0.0226859 0.0133258 0.0920098 -0.024702 0.0183961 0.0538878 0.0469299 -0.00641539 0.04955 -0.00951675 0.0510883 0.00556829 -0.000100029 -0.0647489 0.0670962 -0.0416817 0.148036 0.0917043 -0.00950449 -0.0358896 -0.0752394 0.117893 -0.0831091 -0.110358
internal_weight=56081.9 49540.3 45237.4 8522.15 7209.33 4534.64 36715.2 4946.04 1636.46 1312.82 278.171 3309.57 31769.2 1034.64 29853.3 2674.69 4302.95 1163.39 1915.88 6541.59 3139.55 5228.77 5102.78 4466.64 4384.51 1708.33 1101.57 1312.82 865.161 295.482 569.679 522.906 1662.17 632.521 94.8653 200.616 447.66 636.148 574.375 1431.22 74.4252 1356.8 469.05 355.022 334.35 82.1259 92.6379 125.987 61.8216 69.5874 71.4901 52.7978 46.1647 61.7722 54.497 46.7733
internal_count=266735 238683 219002 39653 33606 20900 179349 23287 7635 6047 1240 15652 156062 4807 144940 12706 19681 5217 11122 28052 14464 22293 21726 19124 18784 7929 4943 5759 3859 1301 2558 2341 7718 2881 393 908 1900 2602 2352 6535 324 6211 2062 1516 1428 340 384 567 274 289 319 236 211 250 248 217
is_linear=0
shrinkage=0.114845


Tree=16
num_leaves=63
num_cat=0
split_feature=28 37 28 27 37 37 28 36 45 21 27 35 35 26 37 12 21 35 21 9 21 35 21 35 43 21 21 35 21 28 21 35 2 22 21 58 5 44 37 9 31 8 37 34 21 59 0 34 1 30 37 27 21 31 49 33 37 35 21 21 1 6
split_gain=96.4512 320.851 136.188 117.524 480.313 229.152 371.006 156.254 169.253 153.403 149.579 134.244 129.328 116.113 164.683 132.385 109.057 101.309 149.608 161.158 216.661 103.45 104.427 99.4118 95.3005 87.8846 158.954 87.4103 76.9549 75.7748 64.004 84.06 63.7586 59.5486 57.1732 56.0048 55.4476 52.984 46.8571 43.9887 50.8626 42.9606 42.0999 41.6741 37.9471 37.6396 33.816 31.8562 30.4396 28.5934 27.7141 37.1216 26.8004 25.0796 23.7321 23.1968 44.1236 24.2253 22.8512 17.5067 15.4801 14.079
threshold=0.022045000000000006 0.26505000000000006 -0.015975 0.013945000000000001 0.39715000000000006 -0.34584999999999994 0.0084250000000000019 0.99995000000000012 0.99995000000000012 11.785000000000002 -0.0078649999999999987 29.500000000000004 5.5000000000000009 0.97305000000000008 1.0000000180025095e-35 -0.14921999999999999 13.980000000000002 3.5000000000000004 13.770000000000001 1.0000000180025095e-35 13.365000000000002 22.500000000000004 14.980000000000002 23.500000000000004 2.5000000000000004 20.585000000000004 15.090000000000002 8.5000000000000018 14.265000000000002 -0.010494999999999999 21.885000000000002 9.5000000000000018 0.68191327500950938 2.3527500000000003 19.545000000000005 0.25782114296273256 -10.418253898620604 0.0049500000000000004 -0.36474999999999996 2.5000000000000004 0.0054450000000000011 0.010429352500000001 0.49075000000000008 246.50000000000003 21.510000000000002 0.12193232000000002 0.10903297250000001 212.50000000000003 -0.1777530023402942 0.015155000000000002 -1.4100499999999998 0.039675000000000009 13.695000000000002 -0.074834999999999985 0.80165000000000008 0.88335000000000008 -0.14024999999999996 1.5000000000000002 14.145000000000001 13.805000000000001 0.34010596300288104 -0.17978078708399545
decision_type=2 2 2 2 2 2 2 2 2 2 2 2 2 2 2 2 2 2 2 2 2 2 2 2 2 2 2 2 2 2 2 2 2 2 2 2 2 2 2 2 2 2 2 2 2 2 2 2 2 2 2 2 2 2 2 2 2 2 2 2 2 2
left_child=2 13 16 5 11 6 10 9 -9 -7 -4 12 -5 48 15 35 37 25 19 20 -19 22 -20 36 -8 26 43 -21 38 42 32 -32 -30 -17 -28 -15 -16 39 -18 53 -41 -31 -6 -3 49 -23 -25 -46 50 -27 54 -52 60 -1 -2 57 -57 -50 -40 -54 -39 -13
right_child=1 17 3 4 29 7 24 8 -10 -11 -12 61 -14 14 23 33 28 18 21 27 -22 45 -24 46 -26 44 34 -29 30 41 31 -33 -34 -35 -36 -37 -38 52 58 40 -42 -43 -44 -45 47 -47 -48 -49 55 -51 51 -53 59 -55 -56 56 -58 -59 -60 -61 -62 -63
leaf_value=-0.0048717521771042323 -0.021812922359143436 -0.021376688773473183 0.0034126343263759518 -0.024982081676745916 0.056992722422444901 0.05851805253290563 0.052657004816709048 -0.0011906494909678005 -0.063096539213114589 -0.016052231846653591 -0.06655705731085608 0 0.0053946240731874663 0.018553786020788905 -0.034053995075981752 0.061024160886525923 -0.044339902982017045 -0.018360031855921249 -0.067173593263197759 0.058894570848168772 0.15271463002289368 0.0073332953277205756 -0.016949063303351705 -0.02605880820166382 0.14143821923032712 -0.065450858583953039 0.043323821338933088 -0.012637666656737649 0.00060907545536327903 0.13420073558759565 -0.01669200662965474 0.078440963172218769 0.025724769950744759 0.16403876453447916 0.11877526387282251 0.092625122457889189 0.023923588406453755 -0.016902709999341018 0.088209432269823973 -0.052485088396819951 0.11224271849326452 0.026418908096101722 0.18994620126533415 0.069526789069111791 0.034310560778961073 -0.04684166298247866 0.089647992182296868 -0.052098226656167437 0.053458781823554923 -0.006714789894965878 -0.0081836796271693105 0.062214761657208816 0.091468098001020195 -0.08248102169810162 0.080007541417185843 0.0060713026083290241 0.10963509708521244 -0.012428938008789121 0.21585837952302739 -0.032631925256761174 0.064632030940630192 -0.11462287592107087
leaf_weight=67.43371370434761 182.88479194045067 720.29744227230549 1722.6021243929863 2362.2500943168998 38.970927983522415 376.02267445623875 913.32649223506451 841.59453873336315 1902.476921595633 11044.030735589564 525.63873640447855 16.191174268722534 8498.4000459238887 331.10426379740238 252.24865153431892 102.45704957842827 33.20470055937767 158.99773570895195 604.15240056812763 291.53251284360886 251.33827155828476 2835.452593639493 5753.9624024927616 36.056244090199471 194.28779089450836 243.74376556277275 1233.1594920754433 990.72331784665585 3816.6449853926897 82.555492401123047 175.20288972556591 402.15479006618261 2051.730236068368 281.40164716541767 149.36809220910072 229.05505865812302 1561.1386128365993 403.32725700736046 173.75120415538549 59.825376994907856 41.993898436427116 122.3201003074646 185.97077105939388 73.120823085308075 233.57552203536034 179.74472817778587 364.30857899785042 73.865677192807198 79.084462016820908 201.39604294300079 132.42785166203976 377.49474135041237 61.531234070658684 326.81326203048229 36.103036895394325 281.09402181208134 67.559189632534981 1030.7184913009405 21.373957350850105 19.229769125580788 33.082936994731426 154.27124823629856
leaf_count=310 826 3271 7999 11123 179 1802 4308 4095 14037 54196 3003 79 38485 1453 1160 459 154 757 2886 1334 1093 13302 27293 164 925 1119 5538 4586 17470 384 806 1760 9032 1297 657 1012 7112 1879 770 276 186 559 830 331 1065 829 1629 340 338 903 592 1573 271 1522 158 1212 281 4545 94 88 154 844
internal_value=-0.000134216 0.00642738 -0.0035961 -0.00720163 0.00183731 -0.013117 0.0138591 -0.0195114 -0.0441258 -0.0135932 -0.0129273 -0.00279973 -0.00120854 0.0303633 0.044455 0.084639 0.0099911 -0.00271181 -0.00774119 0.023674 0.0863223 -0.0134186 -0.0217281 0.0272999 0.0682688 0.0162779 0.0279857 0.00359256 0.0153249 0.120945 0.012996 0.0494983 0.00939742 0.136654 0.0515065 0.0489186 0.0158352 -0.0250997 0.0808829 -0.0519155 0.0150354 0.0700585 0.167102 -0.0129453 -0.0175163 0.00408961 0.079121 0.0134112 0.0100004 -0.0389726 0.0291649 0.0438485 0.000539226 -0.0693147 -0.00483152 0.000393016 0.0262615 -0.00769532 0.102411 0.0613905 -0.010624 -0.103928
internal_weight=56007.8 19339.6 36668.2 28980.9 11460.9 17520 3355.86 14164.1 2744.07 11420.1 2248.24 11031.1 10860.7 5345.14 3157.77 944.018 7687.3 13994.4 11065.9 1692.59 410.336 9373.31 6358.11 2213.75 1107.61 2928.53 2175.95 1282.26 6674.06 429.817 6445.73 577.358 5868.38 383.859 1382.53 560.159 1813.39 1013.24 228.33 496.066 101.819 204.876 224.942 793.418 752.581 3015.2 400.365 307.441 2187.37 445.14 728.91 509.923 517.171 394.247 218.988 1458.46 348.653 1109.8 195.125 80.761 436.41 170.462
internal_count=266735 89115 177620 142848 52483 90365 16235 74130 18132 55998 11002 50531 49608 23811 14286 4221 34772 65304 52080 7770 1850 44310 30179 10065 5233 13224 9797 5920 30086 1952 29068 2566 26502 1756 6195 2465 8272 4686 1018 2294 462 943 1009 3602 3427 14131 1793 1405 9525 2022 3149 2165 2392 1832 984 6376 1493 4883 864 359 2033 923
is_linear=0
shrinkage=0.114845


Tree=17
num_leaves=53
num_cat=0
split_feature=31 13 12 44 6 21 9 12 35 28 9 35 21 37 21 21 3 21 44 5 35 21 21 21 8 28 35 35 3 49 0 2 14 0 5 27 34 33 31 37 4 26 25 37 60 28 21 35 25 0 25 37
split_gain=88.075 90.8808 85.8929 147.505 127.929 102.579 204.312 81.3324 157.996 130.982 59.1333 55.3516 73.7745 52.7723 50.6708 75.953 50.0115 43.6538 52.5707 43.6019 34.0105 31.2367 27.0193 53.6122 31.0778 26.6937 25.2628 56.3755 24.8855 24.0064 31.4309 26.8019 37.1984 26.0711 22.1327 23.7616 21.1971 19.8436 19.8237 17.9563 17.478 17.4032 15.839 18.8829 15.1694 18.2025 14.5387 23.5312 15.416 12.4464 8.1247 7.85939
threshold=0.15896000000000002 -0.78265499999999988 -0.27434499999999989 0.015050000000000003 0.086210011539092066 21.410000000000004 1.5000000000000002 0.10717500000000001 5.5000000000000009 0.013775000000000001 1.5000000000000002 23.500000000000004 13.695000000000002 0.14615000000000003 13.695000000000002 13.750000000000002 0.14567034381371588 21.885000000000002 -0.38544999999999996 1.1503906250000002 8.5000000000000018 20.190000000000001 19.375000000000004 19.830000000000002 0.046614110500000007 -0.027444999999999994 16.500000000000004 22.500000000000004 0.032690684929178905 0.22805000000000003 1.6615107000000002 0.043564527260179405 0.92525000000000013 0.5060507500000001 -2.544453382492065 0.016075000000000002 41.500000000000007 -1.7956999999999999 0.21202500000000002 0.55645000000000011 3.5000000000000004 -0.20189999999999997 1.44425 0.19785000000000003 2.0481000000000003 0.054535000000000007 21.885000000000002 14.500000000000002 2.5608500000000007 0.24216054000000004 2.0252500000000002 -0.09144999999999999
decision_type=2 2 2 2 2 2 2 2 2 2 2 2 2 2 2 2 2 2 2 2 2 2 2 2 2 2 2 2 2 2 2 2 2 2 2 2 2 2 2 2 2 2 2 2 2 2 2 2 2 2 2 2
left_child=1 13 3 5 7 6 -3 9 -9 -4 -7 12 -5 14 26 -16 -15 18 -6 -17 -19 -13 28 40 25 -25 36 -28 49 30 37 32 -31 -33 39 -36 -1 -30 -27 -18 42 -32 43 -24 -42 -46 47 -26 -48 51 -51 -2
right_child=22 2 4 11 17 10 -8 8 -10 -11 -12 21 -14 16 15 19 34 20 -20 -21 -22 -23 23 24 46 38 27 -29 29 31 41 33 -34 -35 35 -37 -38 -39 -40 -41 44 -43 -44 -45 45 -47 48 -49 -50 50 -52 -53
leaf_value=-0.016920754088753261 -0.05813057786526922 0.044583172603192937 -0.024768439031119662 0.016989802129446764 -0.025169899298589364 -0.046434011176010828 0.0042377040832630025 -0.030311993814809712 0.0075776546585812317 -0.004815638116964208 0.016664243699813872 0.027137545029564746 -0.023211237482207176 0.1835814471412035 0.18878522698284009 -0.0087287593157940931 -0.020387700551527117 -0.0091076810655794128 0.0065312516275266227 0.02480748233106006 0.057748580414950408 -0.029669760164484395 0.15844609598083426 0.086563887483895249 -0.02798006056825466 -0.065146331020905543 0.062732425831737978 -0.13042411421506356 0.051659157981209028 0.15002971690303074 -0.051903964313438987 0.0073959244576718665 0.025002898938690177 0.033585920152052688 0.039443651546805521 0.11528708825973916 -0.087830105991548807 -0.022566547281989813 0.0072595601046925307 0.032814792495783889 0.062036543681434117 0.033805985511336706 -0.011928906552301187 0.021426321437845515 0.25383154629970817 0.098810007273468378 0.048934633640548349 0.057167310310300729 0.13890423625648052 -0.12340265222973999 -0.023763611512871909 0.038872420221724158
leaf_weight=105.99843657016754 19.28498438000679 2680.5708308517933 8280.2417821660638 735.00312541425228 751.75017908215523 524.61318901181221 4336.1086893975735 1852.9065145030618 6700.0734760090709 9131.092332020402 311.38225880265236 683.10995952785015 3303.6968126446009 31.611166536808014 32.612489104270935 821.04873117804527 100.92391976714134 138.29635202884674 8343.3074007555842 1349.0473500043154 356.1226120442152 156.34982101619244 29.960717290639877 30.865673646330833 78.959366470575333 97.135151296854019 77.898342847824097 26.726293459534645 51.297562062740326 48.416446655988693 34.175343617796898 1448.5534489303827 92.306464344263077 771.44227863848209 169.70653036236763 82.332530215382576 121.14360332489014 598.19465385377407 100.57659982144833 466.32788242399693 21.505199104547501 327.64885756373405 25.193703383207321 25.251764699816704 23.225078836083412 19.640027657151222 146.71353836357594 92.501158311963081 31.309647858142853 30.49114228785038 18.552685245871544 25.577723383903503
leaf_count=492 84 12287 45308 3437 3406 2440 20025 8907 31093 44256 1438 3187 15830 133 141 3668 445 629 38682 5910 1540 736 128 133 340 437 365 125 228 224 143 6553 420 3415 760 349 574 2640 431 2020 96 1400 112 114 102 84 609 394 129 138 84 114
internal_value=-0.000140269 -0.00143945 -0.00271555 0.00537741 -0.00561462 0.0151229 0.0196569 -0.00980183 -0.00062572 -0.014307 -0.0228808 -0.0103018 -0.0158845 0.0167486 0.0084193 0.0147348 0.041508 0.00571815 0.00390631 0.0120995 0.0389616 0.0165063 0.0158754 0.0361009 0.0203552 -0.0124275 -0.0333829 0.0129826 0.0116449 0.0132787 -0.00148703 0.0196224 0.0683225 0.0165161 0.0359741 0.0643885 -0.0549274 -0.0166384 -0.0280974 0.0232739 0.0986749 0.0255925 0.0620313 0.0965526 0.143784 0.1838 0.0419186 0.0177071 0.0649978 -0.0465681 -0.0865809 -0.00187464
internal_weight=55858.8 51670 48284.6 12730.8 35553.8 7852.67 7016.68 25964.3 8552.98 17411.3 835.995 4878.16 4038.7 3385.38 2534.48 2202.71 850.902 9589.48 9095.06 2170.1 494.419 839.46 4188.78 722.838 578.061 228.577 331.767 104.625 3465.94 3372.04 1011.32 2360.72 140.723 2220 819.291 252.039 227.142 649.492 197.712 567.252 144.776 361.824 80.4062 55.2125 64.3703 42.8651 349.484 171.461 178.023 93.9065 49.0438 44.8627
internal_count=266735 248183 233201 59380 173821 36190 32312 129564 40000 89564 3878 23190 19267 14982 11275 9719 3707 44257 42088 9578 2169 3923 18552 3109 2473 1001 1556 490 15443 15023 4411 10612 644 9968 3574 1109 1066 2868 868 2465 636 1543 354 242 282 186 1472 734 738 420 222 198
is_linear=0
shrinkage=0.114845


Tree=18
num_leaves=59
num_cat=0
split_feature=27 37 26 15 7 35 23 37 37 37 12 28 35 28 13 35 9 35 26 28 28 60 60 28 13 9 12 30 27 59 5 1 25 27 28 1 48 34 9 35 62 56 7 43 33 22 12 30 35 5 5 37 44 12 0 9 28 31
split_gain=86.9205 186.233 390.964 158.966 140.359 127.727 229.621 119.122 126.902 209.152 174.369 168.857 111.066 215.512 142.322 109.11 111.509 145.224 108.661 95.3665 95.1817 88.0048 84.3323 75.9524 75.8832 72.1639 88.5422 74.7142 70.2893 69.0512 61.7274 56.9715 52.6391 50.9609 48.5108 48.0004 46.7783 46.267 46.1588 41.978 35.1868 31.9295 31.9176 29.2472 28.8767 25.4416 24.1998 28.1138 22.4813 22.2407 20.1911 17.6612 16.7464 13.9363 11.9422 11.4523 1.79836 1.62604
threshold=0.013945000000000001 -0.34584999999999994 0.24380000000000004 -0.97644999999999993 81.093956530171582 3.5000000000000004 19.870000000000001 -0.20194999999999999 0.97545000000000015 0.35925000000000007 0.016480000000000005 0.0027550000000000001 23.500000000000004 -0.0065249999999999987 -0.0075549999999999992 30.500000000000004 1.5000000000000002 9.5000000000000018 -0.2534499999999999 -0.050984999999999996 0.013775000000000001 2.1007000000000002 1.9859000000000002 0.014635000000000002 0.058745000000000006 5.0000000000000009 0.24713500000000002 -1.0000000180025095e-35 0.040525000000000005 0.14398010000000003 -1.1716834902763364 0.69362122595629583 1.4979500000000001 -0.059874999999999991 0.061935000000000011 0.098519771128640216 2.6996000000000007 234.50000000000003 1.0000000180025095e-35 3.5000000000000004 0.43891433812321717 -0.25545545462201186 89.983744486096583 2.5000000000000004 -0.67139999999999989 4.0288000000000013 0.08351500000000002 -0.040894999999999994 2.5000000000000004 36.738637924194343 2.0164003372192387 0.22495000000000001 0.026650000000000004 -0.044829999999999988 0.85858785000000015 2.5000000000000004 0.015715000000000003 -0.0066149999999999994
decision_type=2 2 2 2 2 2 2 2 2 2 2 2 2 2 2 2 2 2 2 2 2 2 2 2 2 2 2 2 2 2 2 2 2 2 2 2 2 2 2 2 2 2 2 2 2 2 2 2 2 2 2 2 2 2 2 2 2 2
left_child=1 2 3 46 5 6 19 15 9 11 43 29 13 -7 -14 16 17 38 -12 -3 30 40 -8 44 32 26 -18 -27 -19 -9 37 -13 -22 41 48 -32 -36 -4 -2 -35 49 -5 -42 -11 -10 -26 47 -1 -25 -6 53 -52 -48 -23 56 -46 57 -17
right_child=7 4 20 33 21 12 22 8 23 10 18 31 14 -15 -16 54 25 28 -20 -21 24 50 -24 34 45 27 -28 -29 -30 -31 35 -33 -34 39 36 -37 -38 -39 -40 -41 42 -43 -44 -45 55 -47 52 -49 -50 -51 51 -53 -54 -55 -56 -57 -58 -59
leaf_value=0.018996191941891838 -0.023676491745603104 0.023544533191879446 0.056681552719966818 0.0070664748904140625 -0.10379371304456322 0.012959438893610916 0.042652696477956588 0.0073714872852904895 0.020689075669207288 0.022480080657983612 0.018561539715120385 0.080918263539385415 -0.032492090931812462 -0.019246108656839584 0.015440005931105935 -0.10685931981311948 0.0013595392439238636 -0.016953771710283866 0.13034331035991845 -0.052792657506709167 0.21152865173725535 0.11126391933614838 0.0099356855975222518 0.0067796165221855843 0.094090002007868642 0.020524820149247516 0.03487189685335336 -0.023819481878210799 0.0248168037859853 -0.056844729322200936 0.043280526367663469 -0.010123365978540185 0.049839720680396313 0.031666413971643347 0.013775891454323102 -0.039079969773190566 -0.074424979432451466 0.19717529418424184 -0.069356791123456663 -0.01101896496060841 -0.0015004043506077049 0.047337160717896579 -0.084135446059681138 0.083932151850310277 0.095506043091183934 0.043299601269554615 -0.079178633731209591 -0.12999464025291738 -0.025128993330677883 0.054841416895080201 0.061589237418223995 -0.045967404135347674 -0.015864622736394118 0.01755120069132558 -0.019698367430560811 0.21439824044235711 -0.088317581342504267 -0.147894432923452
leaf_weight=18.683347120881081 501.49910917878151 280.67022517323494 127.44317150115967 540.26108294725418 353.54967080056667 3334.1225075498223 1595.9720848575234 4327.2348328009248 31.478769868612289 935.6345146894455 149.60432896018028 555.901925817132 1025.0220910310745 15357.708356134593 4021.4540756419301 30.382802054286003 2388.6584008857608 1407.8861496299505 504.99306054413319 925.02718109637499 108.68843823671341 30.683228388428688 2992.2474451735616 360.56951214373112 443.09014048427343 742.54654860496521 1845.2585882246494 1537.5170850306749 853.26729516685009 232.6371608749032 217.69357971101999 107.35046757757664 36.129758715629578 362.05309747159481 1439.1094763278961 163.06893716007471 83.824508354067802 41.50854030251503 709.50610511749983 1883.3395781219006 126.74845534563065 505.21800018846989 122.04099445790052 115.50143215060234 20.489777639508247 189.41085721552372 120.33594819903374 126.46544037759304 1472.5042069405317 11.696404948830603 25.25251741707325 95.32547415792942 105.29790467768908 70.50178188085556 17.487843289971352 27.136054083704948 20.784577079117298 54.464908212423325
leaf_count=98 2439 1242 678 2348 2595 16330 7298 19789 132 4291 634 2422 5041 76567 19337 178 10668 6456 2278 4932 486 136 14214 1598 2027 3368 7982 6860 3601 1164 1150 454 169 1648 6150 884 375 208 3450 8924 857 2233 1179 531 91 838 647 860 6937 57 111 437 569 304 87 121 125 325
internal_value=-0.000171465 -0.00362043 0.0169416 -0.00240192 -0.00699965 -0.00568455 0.00959952 0.00578273 0.0144353 0.023384 0.0583062 0.0119712 -0.0094168 -0.0134992 0.00569575 -0.00308366 -0.00175452 -0.0183802 0.104861 -0.034987 0.0703479 -0.0534166 0.0213253 -0.00360244 0.0962427 0.00710097 0.0159752 -0.00935919 -0.00117238 0.00408592 0.0336539 0.0661184 0.171485 0.00561811 -0.00623627 0.00789595 0.00889315 0.0914512 -0.050475 -0.00411725 -0.0758191 0.0265677 -0.0422077 0.0292732 0.107598 0.0789476 -0.0736986 -0.110523 -0.0188292 -0.0985968 0.00842093 -0.0230879 -0.0498207 0.0463905 -0.110542 0.164145 -0.125178 -0.133704
internal_weight=55829.9 35356.7 4988.69 3661.65 30368 29532.2 5793.92 20473.2 10364 6928.86 1705.73 5223.12 23738.3 18691.8 5046.48 10109.3 9986.14 3472.16 654.597 1205.7 1327.03 835.799 4588.22 3435.11 777.319 6513.98 4233.92 2280.06 2261.15 4559.87 549.714 663.252 144.818 3290.87 3356.01 380.763 1522.93 168.952 1211.01 2245.39 614.036 1045.48 248.789 1051.14 79.1046 632.501 370.783 145.149 1833.07 365.246 221.763 120.578 225.634 101.185 123.12 47.6258 105.632 84.8477
internal_count=266910 174404 23767 17327 150637 144961 27686 92506 46967 31563 7734 23829 117275 92897 24378 45539 44824 15946 2912 6174 6440 5676 21512 15404 3520 28878 18650 10228 10057 20953 2920 2876 655 15153 15060 2034 6525 886 5889 10572 4688 4581 2036 4822 344 2865 2174 958 8535 2652 988 548 1216 440 715 212 628 503
is_linear=0
shrinkage=0.114845


Tree=19
num_leaves=57
num_cat=0
split_feature=13 1 12 12 35 12 21 35 35 12 21 21 9 21 21 21 1 35 14 48 5 21 7 9 15 21 1 2 39 21 21 31 28 37 13 29 35 28 30 34 62 5 27 21 37 16 28 39 60 29 34 36 33 21 48 34
split_gain=76.1121 88.0192 99.7113 71.8591 155.331 234.03 124.031 100.925 91.9866 62.9029 87.6799 90.0787 100.587 85.2957 51.7059 59.3845 51.9872 50.5908 48.414 41.3837 40.3182 47.0991 40.5398 38.2562 37.2865 35.3508 28.7851 30.2989 28.9783 27.1458 31.1953 26.1686 24.339 31.0298 71.6265 22.739 30.7581 34.839 22.6339 22.6251 21.0336 23.6828 20.1297 17.5983 17.1798 23.9649 19.4679 15.9438 15.7512 16.6682 15.6602 13.8471 12.9871 12.0754 18.0252 5.43956
threshold=0.71335000000000015 -0.26921212175710135 -0.43453499999999995 0.19264500000000004 3.5000000000000004 -0.051044999999999993 11.960000000000003 29.500000000000004 23.500000000000004 0.087375000000000022 13.695000000000002 14.480000000000002 2.5000000000000004 14.645000000000001 13.770000000000001 14.980000000000002 -0.20090435311079566 23.500000000000004 0.97845000000000015 1.3273500000000003 -0.30600042641162867 13.715000000000002 39.480753726386318 1.5000000000000002 1.0136500000000004 13.680000000000001 0.82336093586295267 0.41111735318312231 0.070250000000000021 11.700000000000001 12.210000000000003 -0.002055 0.097685000000000008 1.0000000180025095e-35 45.718750000000007 -0.0011849999999999999 3.5000000000000004 0.026255000000000004 0.054120000000000008 226.50000000000003 1.3414612038629306 -5.4137206077575675 0.018865000000000003 21.280000000000005 0.37235000000000007 0.97145000000000015 0.035295000000000007 1.0211000000000003 2.0415000000000005 0.027615000000000004 33.500000000000007 0.025050000000000006 -0.29184999999999994 13.770000000000001 1.8428500000000001 62.500000000000007
decision_type=2 2 2 2 2 2 2 2 2 2 2 2 2 2 2 2 2 2 2 2 2 2 2 2 2 2 2 2 2 2 2 2 2 2 2 2 2 2 2 2 2 2 2 2 2 2 2 2 2 2 2 2 2 2 2 2
left_child=1 9 14 4 5 -4 38 -6 -8 18 23 12 -12 -13 20 17 -17 -16 29 24 21 -3 -22 51 -20 -25 28 50 35 31 -31 -1 40 55 -35 44 37 -37 -5 -21 41 -30 -42 -38 46 -46 -2 48 52 -50 -28 -11 -29 -52 -55 -34
right_child=26 2 3 6 7 -7 8 -9 -10 10 11 13 -14 -15 15 16 -18 -19 19 39 22 -23 -24 25 -26 -27 27 47 32 30 -32 -33 33 34 -36 36 43 -39 -40 -41 42 -43 -44 -45 45 -47 -48 -49 49 -51 53 -53 -54 54 -56 -57
leaf_value=-0.034539883560096116 0.012459464096888367 -0.036406656718248998 0.023738651358853682 -0.099970595817895219 -0.013067271950485593 -0.027608920076104909 0.0097474190854804025 0.036086090459635643 -0.023235225210773869 -0.049390719280757785 0.039572942011545285 -0.057762470544481428 0.141790902474276 0.021008058849200238 -0.061956196882283245 -0.0049082816010455549 0.044948224810030614 0.093304275978886644 0.024291100286669778 -0.026315269779159284 0.18151823623408911 0.16169025629398448 0.064710006758423436 0.0093116673345485686 -0.0071937570546205705 -0.12057615623063382 0.047720637869237081 -0.017424430663246018 -0.010364195938583618 -0.075186903542721867 -0.008349979086901679 0.12658402728767107 0.07616602943837085 0.065177164419339101 -0.11850634014229473 0.16212835582384177 0.029153931486528856 0.045037633290784355 0.026021342177192833 -0.14675254097942675 -0.019400496022315486 0.021342517412920904 0.026793454156598243 0.1196184814209075 0.075345236305641244 -0.067429246732703077 0.099659366605680505 0.10593093967690546 -0.048837280276193037 0.0023674930487588052 0.0095752270509205963 -0.12443880627463128 0.033390722147195483 -0.10582413715875737 0.0062134080508376988 0.15930371625746978
leaf_weight=20.140646606683731 279.25140258669853 78.432540342211723 4114.8916238769889 176.61174145340919 23247.078864321113 1635.6697935909033 8376.8394350782037 563.88648265600204 1285.9848289713264 124.94009613990784 719.78526645153761 195.59242290258408 154.86322052031755 2444.377934128046 194.95685252547264 466.40943248569965 670.15942776203156 32.068736881017685 1782.7800116464496 100.91150061786175 51.658665552735329 19.821168884634972 172.65938322246075 298.22569181025028 684.81316259503365 30.442725121974945 17.739498734474182 89.592727035284042 391.97944119572639 95.238323867321014 2994.5132422372699 37.196281656622887 19.564597606658936 125.32240107655525 35.954234346747398 57.636331602931023 598.74742768704891 83.471400678157806 20.464277788996696 26.319595143198967 537.9834910929203 1470.0527924150229 161.26118682324886 30.1575907766819 19.922392964363098 67.09705077111721 38.749940454959869 19.881503909826279 124.78341439366341 251.2307755947113 22.208751350641251 45.739411562681198 246.10923498868942 86.472367852926254 23.34670215845108 30.725868403911591
leaf_count=100 1268 357 19110 878 116647 8762 38053 2756 5986 598 3198 881 688 10806 917 2171 3031 136 8576 471 221 86 757 1354 3163 143 82 406 1757 459 14123 167 82 515 150 253 2762 360 92 124 2483 6664 697 133 91 313 171 85 582 1131 102 241 1125 408 105 133
internal_value=-0.000169577 -0.00147854 -0.00380664 -0.00497732 -0.00780954 0.0091261 0.0035098 -0.0119014 0.00535348 0.00832682 0.0193566 0.0257606 0.0577202 0.0151559 0.0235377 0.0137166 0.0244513 -0.0398367 0.000608839 0.0122294 0.0649218 0.00312216 0.0918004 -0.0256315 0.015536 -0.00258932 0.0136081 -0.00511983 0.0177999 -0.00895897 -0.010424 0.069242 0.0113712 0.0488496 0.0239629 0.0329339 0.0445385 0.0931667 -0.0866711 -0.0515651 0.00825877 0.014645 -0.00868611 0.0335598 0.0107663 -0.0342516 0.0232194 0.00446071 0.00156619 -0.0145117 -0.0522047 -0.0697526 0.0197019 -0.0659542 -0.0816172 0.12781
internal_weight=55692.7 50863.5 41107.6 39421.4 29561.5 5750.56 9859.9 23811 9662.82 9755.88 4013.97 3514.62 874.648 2639.97 1686.17 1363.59 1136.57 227.026 5741.91 2594.82 322.572 98.2537 224.318 499.348 2467.59 328.668 4829.24 881.365 3947.88 3147.09 3089.75 57.3369 2772.84 211.567 161.277 1175.03 770.013 141.108 197.076 127.231 2561.28 1862.03 699.245 628.905 405.021 87.0194 318.001 731.598 711.716 376.014 149.767 170.68 335.702 132.028 109.819 50.2905
internal_count=266910 245052 199960 192284 147275 27872 45009 119403 44039 45092 17909 15573 3886 11687 7676 6255 5202 1053 27183 12334 1421 443 978 2336 11739 1497 21858 4026 17832 14849 14582 267 12481 880 665 5351 3508 613 970 595 11601 8421 3180 2895 1843 404 1439 3329 3244 1713 697 839 1531 615 513 215
is_linear=0
shrinkage=0.114845


Tree=20
num_leaves=58
num_cat=0
split_feature=29 30 30 7 37 16 31 37 15 28 28 15 49 31 21 7 44 37 50 37 21 7 37 13 33 1 34 22 21 45 2 37 1 7 0 31 27 21 31 12 44 9 13 9 37 22 3 1 6 37 2 29 27 49 37 33 3
split_gain=66.9979 66.0596 71.0816 75.0283 83.2682 100.16 74.9082 62.6665 73.0542 67.4154 50.8713 56.901 50.7464 49.1923 63.7483 54.2775 45.0712 51.4724 44.2407 44.1962 41.5113 40.9033 121.637 37.3746 34.6786 38.7035 34.5541 34.0163 33.5569 32.8406 32.0651 32.9265 37.2362 31.8833 30.0849 30.0825 30.0113 28.7549 27.8063 32.5224 25.3904 24.7248 22.3079 26.3778 19.3406 17.7606 17.9657 17.5632 16.2853 15.9827 21.1814 15.0656 12.3929 10.0029 7.11127 5.52155 1.08642
threshold=0.019725000000000003 -0.090644999999999989 0.016685000000000002 71.017612937260651 -0.38494999999999996 1.0158500000000001 -0.024834999999999999 0.75395000000000012 -0.95184999999999986 0.040305000000000007 0.034855000000000004 1.0586500000000003 0.37895000000000006 0.034585000000000012 11.700000000000001 15.004561179293384 -0.11384999999999999 -0.015949999999999995 1.0000000180025095e-35 1.1210500000000001 19.830000000000002 1.0000000180025095e-35 0.41165000000000007 0.18952500000000003 -0.26884999999999992 -0.17160024322123804 189.50000000000003 2.7913500000000004 22.390000000000004 0.90545000000000009 0.6959773600161715 0.97545000000000015 -0.23009277058142211 77.323100904962303 1.7155044500000003 -0.022874999999999996 0.024875000000000005 14.930000000000001 -0.031614999999999997 -0.22837499999999997 -0.35114999999999996 3.5000000000000004 -1.0974199999999998 2.5000000000000004 0.32665000000000005 0.93005000000000015 0.56818458846566489 -0.094435500495463884 -0.0035309740570642497 -1.7199999999999998 0.75710250201775631 0.076555000000000026 0.014865000000000001 0.10440000000000001 0.27065000000000006 -0.36084999999999995 1.5002238068593996
decision_type=2 2 2 2 2 2 2 2 2 2 2 2 2 2 2 2 2 2 2 2 2 2 2 2 2 2 2 2 2 2 2 2 2 2 2 2 2 2 2 2 2 2 2 2 2 2 2 2 2 2 2 2 2 2 2 2 2
left_child=1 23 3 13 5 -5 -6 10 29 38 11 12 26 15 -15 -3 55 -18 49 28 -14 22 -4 41 34 -26 -2 35 -11 -9 31 32 -25 -29 -23 -20 -21 54 40 -40 -10 42 44 -44 -1 46 -43 -39 -47 50 -12 -51 -31 -24 -32 -13 -54
right_child=7 2 21 4 6 -7 -8 8 9 19 18 16 20 14 -16 -17 17 -19 27 36 -22 24 53 30 25 -27 -28 33 -30 52 37 -33 -34 -35 -36 -37 -38 47 39 -41 -42 45 43 -45 -46 48 -48 -49 -50 51 -52 -53 56 -55 -56 -57 -58
leaf_value=0.00052243227724657073 0.0040728400544559618 -0.054399933455709315 -0.10916818264843899 -0.026218983246982259 -0.015893071353368572 0.13331523025758241 -0.083997904770771945 -0.0050652829593540389 0.0011894727942673678 0.02543395524580782 -0.054092098138558933 -0.073213664644068699 0.010600990519093417 0.10535797074158201 0.0028752102668080097 -0.009202104683389908 0.037885385439088183 -0.029672657644924681 0.050575927547845068 -0.024374977306245254 0.036281546018071625 -0.013314995461390349 0.094058999989321324 0.14337433783782477 0.018977513873503684 0.00074848884786478148 -0.018723486493337244 0.048474426502869629 -0.066585365388968892 0.058536339577423914 0.0048785580559794171 -0.12160437115599917 0.0055472015902955692 0.16276068934996679 0.044914226803426133 -0.012406321499845586 0.0019760648073319461 0.16882147641647063 0.00079633468057504781 -0.033760384646462145 -0.080638330252666798 -0.05931353173456827 0.0017352164339066369 -0.029787729980727887 0.056345333958193695 0.020054934970306582 0.067523704354129688 0.056881418492755735 0.065242636685576186 0.0035496145415245851 0.066731789417948328 0.027686591854174193 0.1855053835199921 0.19832470813289893 -0.0767569862781389 -0.14918798801611646 0.13500711854336767
leaf_weight=178.16782759130001 4141.1147784143686 359.55144472420216 30.898233160376549 178.31449424475431 374.14819249510765 73.083008244633675 500.0563160777092 31.288375943899155 65.356389567255974 1037.8028621375561 96.965459048748016 24.413582250475883 5820.1762300059199 82.291635885834694 3008.2450687512755 14521.909079931676 189.30671624094248 688.10752227902412 166.28240837156773 854.76454880833626 970.82954022288322 2395.0278616696596 19.217091113328934 27.946854904294014 1977.0098738893867 6914.5033529177308 1112.4087946861982 749.29362678527832 54.808670789003372 20.991126373410225 54.479804620146751 24.483234137296677 358.01510606706142 34.022709742188454 122.74824456870556 249.29278337955475 1703.8457829803228 19.828229755163193 599.20020754635334 888.03759007155895 199.74532654881477 57.243330635130405 1481.3439071550965 457.63070997595787 153.93632864952087 395.59411196410656 19.575549393892288 408.15095213055611 145.80796071887016 847.14135426282883 23.567838117480278 576.43448652327061 30.624529838562012 44.821244165301323 18.613705664873123 34.908639565110207 17.721860036253929
leaf_count=796 18358 2331 141 1082 2154 349 4447 134 313 4735 446 110 26675 378 14472 74109 820 3248 730 4013 4314 11190 87 123 9081 33059 5044 3352 260 89 248 112 1598 152 530 1108 7371 88 2948 4409 993 255 6706 2090 644 1697 84 1771 625 3783 99 2491 139 196 84 158 91
internal_value=-0.000159972 -0.00329145 -0.00506597 -0.00936228 -0.038135 0.019989 -0.0548988 0.00491286 -0.00562894 -0.00744177 0.00860567 0.00559858 0.00772163 -0.00755785 0.00561783 -0.010297 -0.021654 -0.015048 0.0228212 0.00143386 0.0142785 0.00206242 0.0771422 0.0109847 0.00143394 0.00480648 -0.000746051 0.0393855 0.0207789 0.0912944 0.0312683 0.00734709 0.0156377 0.0534929 -0.0104592 0.0126918 -0.00681045 0.0507778 -0.0259596 -0.019809 -0.0603041 0.00457081 -0.000953998 -0.00568272 0.0265259 0.0249356 -0.0264363 0.0621674 0.0323035 0.00993251 -0.0301133 0.0133531 0.135392 0.167703 -0.0153266 -0.118641 0.167878
internal_weight=55631.1 34402.6 30601.8 19097.6 1125.6 251.398 874.205 21228.5 5504.19 5403.56 15724.3 12981.3 12044.5 17972 3090.54 14881.5 936.736 877.414 2743 3651.22 6791.01 11504.2 94.9366 3800.82 11409.3 8891.51 5253.52 1198.89 1092.61 100.626 911.518 410.445 385.962 783.316 2517.78 415.575 2558.61 501.073 1752.34 1487.24 265.102 2889.3 2271.08 1938.97 332.104 618.221 76.8189 427.979 541.402 1544.11 120.533 1423.58 69.3375 64.0383 73.0935 59.3222 48.3464
internal_count=266910 170527 153606 99322 8032 1431 6601 96383 25495 25042 70888 58727 54391 91290 14850 76440 4336 4068 12161 16379 30989 54284 424 16921 53860 42140 23402 5342 4995 453 4024 1833 1721 3504 11720 1838 11384 2191 8663 7357 1306 12897 10236 8796 1440 2661 339 1859 2322 6819 545 6274 319 283 332 268 230
is_linear=0
shrinkage=0.114845


Tree=21
num_leaves=49
num_cat=0
split_feature=13 1 12 12 21 21 35 9 21 21 35 30 21 21 30 37 37 35 5 35 13 5 37 12 28 7 58 56 21 37 14 5 62 21 28 31 44 23 12 37 30 21 23 33 6 30 21 31
split_gain=55.4403 69.0765 101.254 72.1251 100.511 100.026 126.41 75.0446 60.1292 91.0074 139.842 59.7727 67.391 69.8178 66.7928 60.0887 57.6495 56.5385 51.5368 39.2733 38.8688 36.4867 34.6967 159.291 85.5561 33.7962 32.8803 63.013 28.9422 26.944 34.3093 35.4701 26.3494 34.4029 24.3804 22.2921 18.7757 16.9824 16.9014 15.7803 15.6856 15.2405 14.5161 13.3383 15.0754 10.0658 8.70361 7.92477
threshold=0.74006500000000008 -0.11372427687749438 -0.4144449999999999 0.17218500000000003 13.695000000000002 14.480000000000002 22.500000000000004 1.5000000000000002 15.040000000000001 13.680000000000001 23.500000000000004 0.024265000000000005 17.765000000000004 18.035000000000004 -0.079314999999999983 0.61775000000000013 -0.11224999999999997 1.5000000000000002 -26.380986213684078 28.500000000000004 0.35625500000000004 1.2240890264511111 0.20825000000000002 0.016480000000000005 0.0032650000000000001 42.358269916734379 0.36974964073564581 0.12998167371383015 13.285000000000002 -1.0980999999999999 0.10825000000000001 -14.035866737365721 0.98662828292409033 21.335000000000004 0.097685000000000008 0.21202500000000002 -0.018049999999999997 -56.444999999999993 -0.35038999999999992 -1.9044499999999998 -0.17718499999999995 14.480000000000002 75.425000000000026 -1.9525999999999997 0.96930995651500729 -0.11037499999999999 18.295000000000005 0.0075150000000000008
decision_type=2 2 2 2 2 2 2 2 2 2 2 2 2 2 2 2 2 2 2 2 2 2 2 2 2 2 2 2 2 2 2 2 2 2 2 2 2 2 2 2 2 2 2 2 2 2 2 2
left_child=1 3 8 20 17 6 -6 -7 9 21 -11 14 15 -14 19 -13 -16 37 36 -4 22 -3 24 -24 -1 -20 35 -28 -19 38 43 40 33 -33 -34 -22 -10 -5 -2 -40 -32 -41 -42 46 47 -43 -31 -45
right_child=29 2 11 4 5 7 -8 -9 18 10 -12 12 13 -15 16 -17 -18 28 25 -21 26 -23 23 -25 -26 -27 27 -29 -30 30 31 32 34 -35 -36 -37 -38 -39 39 41 42 45 -44 44 -46 -47 -48 -49
leaf_value=-0.016551133017834067 0.15559322234490161 0.0013625712721125243 0.0064361142986206253 -0.050237590131836346 0.086122598071897052 -0.01567975990223645 -0.015680413773660827 0.02642026268990447 0.042291790027848386 -0.04830397419118674 0.09043554672215437 -7.0496864203207365e-05 0.081931394001287156 0.0085824911452890163 -0.0034468518756097487 -0.022455005244975654 -0.01809775840119441 -0.021735827132512438 0.1437289956787193 0.099545211179511053 0.021930582912573708 0.11255533513285318 -0.0024306015594256912 0.04139621514085317 0.0076216515527512312 0.059231702835433213 0.26215628660108309 0.047427838061843905 -0.083174566476065373 0.041503235561844119 0.07845380488110551 0.019141779480228559 -0.003128162556904051 0.077510547949104128 0.056741248649993761 -0.085229088302689326 -0.091211491146622997 0.072075348833593941 -0.036884567363782199 -0.035081141365845593 -0.024837289613647461 0.14354517149600055 0.067014858551052922 -0.031119721691647003 0.0086271580167446207 0.056416342748806712 -0.053626040058559955 -0.12499543041190204
leaf_weight=4336.5511358752847 19.692176058888435 56.020594850182533 1987.8179043531418 18.022317230701447 615.2365555986762 793.49516107141972 216.93319395184517 1877.5613491535187 25.852516174316406 379.94341358542442 128.0308475792408 5922.4506428092718 178.48333401978016 4282.3978527933359 5557.7199802920222 2159.9373223483562 9807.2611327841878 240.74712680280209 106.38073071837425 61.697852656245232 257.4552291482687 133.64229322969913 6379.8357432559133 1319.7874130234122 3478.8584985882044 157.82713291049004 21.090280801057816 131.11620599031448 177.61865067481995 29.204519167542458 21.953359097242355 2413.2022587954998 1100.7996757179499 141.59321989119053 97.623372778296471 28.328605309128761 29.409447282552719 79.472149461507797 27.387924164533615 19.75215508043766 475.02785408496857 22.19866456091404 23.60329669713974 17.470864996314049 21.317330837249756 104.09140168130398 22.424882560968399 48.342884853482246
leaf_count=21569 84 253 9013 87 2637 3515 963 8239 111 1783 551 27503 808 19685 28524 10348 51110 1120 458 276 1171 572 30371 6492 16097 708 98 614 859 137 92 10878 5036 611 406 124 131 346 116 88 2169 92 108 79 94 453 106 225
internal_value=-0.00014959 -0.00124118 -0.00463748 0.00402402 0.0177743 0.0247501 0.0595329 0.0138976 0.0309914 0.0120219 -0.0132517 -0.00584856 0.000192569 0.0115268 -0.0102023 -0.00605781 -0.0128011 -0.0295163 0.072282 0.00925987 0.000557207 0.0799375 -0.000392531 0.00507618 -0.00578569 0.0934153 0.0342974 0.0774621 -0.0479219 0.0119161 0.0100665 0.0118992 0.0158015 0.0223934 0.00171318 0.0111589 -0.027984 0.0490274 0.0539547 0.0421679 -0.0161528 0.0572852 -0.0204037 -0.0460716 -0.0734805 0.0720696 0 -0.100724
internal_weight=55552.7 50947 30974.9 19972.1 4019.09 3503.23 832.17 2671.06 1017.11 697.637 507.974 29957.8 12543.3 4460.88 17414.5 8082.39 15365 515.86 319.47 2049.52 15953 189.663 15515 7699.62 7815.41 264.208 437.99 152.206 418.366 4605.69 4412.56 4273.8 3753.22 2554.8 1198.42 285.784 55.262 97.4945 193.122 173.43 520.585 146.042 498.631 138.76 87.1311 126.29 51.6294 65.8137
internal_count=266910 246136 151834 94302 17766 15354 3600 11754 4567 3159 2334 147267 58344 20493 88923 37851 79634 2412 1408 9289 76536 825 74529 36863 37666 1166 2007 712 1979 20774 19941 19300 16931 11489 5442 1295 242 433 833 749 2369 633 2277 641 398 545 243 304
is_linear=0
shrinkage=0.114845


Tree=22
num_leaves=60
num_cat=0
split_feature=5 13 37 37 15 26 15 21 36 37 28 35 35 35 21 21 21 8 45 37 16 28 27 5 12 31 12 21 21 21 15 31 44 12 22 44 21 0 21 35 21 28 15 4 25 44 49 25 7 21 37 60 2 45 16 59 13 6 22
split_gain=50.7446 68.7417 134.109 111.635 133.078 143.993 116.701 93.6491 87.6611 114.442 260.23 83.0341 82.1322 76.3534 73.944 73.2077 60.1449 59.4196 57.9071 55.0723 111.174 73.3087 53.8589 51.2823 50.3415 53.6849 47.9358 47.718 49.3836 45.8197 41.1567 39.6463 39.6385 35.8456 35.7351 33.8522 32.0049 46.9249 34.837 30.6377 30.251 30.0461 29.6206 28.7297 27.9049 27.8977 27.6222 26.9161 26.8335 32.003 31.0267 14.2037 12.9483 12.8586 12.4969 9.81239 9.54918 9.39262 8.5821
threshold=4.4666094779968271 0.15556500000000004 0.10225000000000002 0.53955000000000009 0.97735000000000005 -0.99919999999999987 -0.97444999999999993 11.785000000000002 0.99995000000000012 -0.32754999999999995 0.007895000000000001 3.5000000000000004 23.500000000000004 29.500000000000004 14.690000000000001 14.980000000000002 12.115000000000002 -0.041485219999999996 0.92480000000000018 0.77775000000000005 0.84305000000000008 0.038085000000000008 0.012535000000000003 2.5152683258056645 -0.13696499999999998 -0.031614999999999997 -0.31284499999999993 15.155000000000003 13.695000000000002 13.980000000000002 1.0537500000000002 0.16347500000000001 -0.65014999999999989 -0.09053499999999999 3.7339500000000005 0.043850000000000007 13.695000000000002 0.12615390500000004 12.525 26.000000000000004 18.425000000000004 0.026255000000000004 0.99685000000000012 3.5000000000000004 1.8074000000000001 -0.16984999999999997 0.018950000000000005 1.2060500000000001 36.735331303567612 14.445000000000002 0.57345000000000013 1.9509000000000003 0.37551996133731463 0.66755000000000009 1.06125 0.061802075000000005 -0.15457999999999997 0.080103901928018015 5.0706500000000014
decision_type=2 2 2 2 2 2 2 2 2 2 2 2 2 2 2 2 2 2 2 2 2 2 2 2 2 2 2 2 2 2 2 2 2 2 2 2 2 2 2 2 2 2 2 2 2 2 2 2 2 2 2 2 2 2 2 2 2 2 2
left_child=1 3 11 8 5 29 -7 23 16 10 -10 27 15 14 -13 -9 33 36 -11 21 44 30 45 41 25 -6 -18 28 -3 -5 32 -32 -19 -1 39 -15 38 43 -2 -23 -29 -4 -36 52 55 -22 -24 -14 50 -50 -39 -45 -38 -40 -25 -21 -55 -46 -26
right_child=17 2 7 4 24 6 -8 12 9 18 -12 13 47 35 -16 -17 26 19 -20 20 22 34 46 54 58 -27 -28 40 -30 -31 31 -33 -34 -35 42 -37 37 48 53 -41 -42 -43 -44 51 57 -47 -48 -49 49 -51 -52 -53 -54 56 -56 -57 -58 -59 -60
leaf_value=0.0058155067360084363 0.064752436045167353 0.063078632355967293 0.12025183569892633 -0.022992894059287717 -0.047490071100976042 0.11967642380843209 0.018988754591808519 -0.037191003862141886 -0.0603228579573237 -0.012274820981413472 0.074385840993355198 -0.023604139045755847 0.030957299555368811 0.18548029773096222 0.018792667684847841 -0.0065011572935442423 0.0073819318970803401 -0.053417086427640877 -0.056936460075283052 0.028630374714511426 -0.0048197246385950328 0.015353279313128871 0.1133835113323593 0.010200101511925914 -0.12703816494016457 0.0034557016646858674 -0.010058244582458013 0.11744242477234171 -0.039876718608871153 0.016039078947839746 -0.029867519722525153 0.031420037221462582 0.0050110548837735283 -0.070510770960526978 0.016751674708674832 0.039902910703990914 -0.065641691476304526 0.10126614093664284 -0.0093314337694755979 -0.06884369542232846 0.056144824849456036 0.023542928860520475 0.055920350384512603 -0.13579314077005475 0.14447300811394889 -0.037948470363451482 -0.0039271809001876403 -0.005070691196477412 0.090487050142775471 0.02072026703325899 0.0069276503857247903 -0.0095243613962226296 0.043710404757647037 -0.063578573979625658 -0.10919092191458334 0.11389373522129626 -0.17529472089168935 0.047935845302019456 -0.041773023696395371
leaf_weight=108.50612103939056 33.117834001779556 128.19854585826397 135.76349298655987 480.24197514355183 458.76766879856586 314.18706229329109 296.04236888885498 1323.6256077513099 375.69448356330395 524.3296212553978 380.76796304434538 682.54026493430138 832.42027726769447 47.001758322119713 2634.5023104473948 4570.2229614257812 2627.9283482283354 154.65740771591663 1446.4071084335446 146.8326568454504 467.98507265746593 976.5958589464426 26.7036462277174 23.961137227714062 68.038297414779663 669.58814992010593 9903.8323554471135 158.23721863329411 117.606814712286 2262.6370877921581 835.95232404023409 166.38549190759659 14562.469428867102 310.55451802164316 426.59940779209137 39.786778002977371 18.624775156378746 188.47538420557976 24.208413347601891 60.392746686935425 339.2628708332777 63.339220151305199 645.75896434485912 34.685451820492744 61.592103101313114 1210.3491797298193 2845.571209654212 404.54147987812757 105.95057186484337 495.8849278986454 62.133890464901924 18.915627509355545 59.04567651450634 23.788976028561592 21.350141778588295 20.858801908791065 20.047311767935753 18.81423419713974 22.337531708180904
leaf_count=523 158 569 620 2287 2243 1608 1381 6482 2345 2549 1933 3276 3968 211 12541 22152 12328 693 11457 635 2249 4317 113 111 426 3284 46865 721 536 10258 3955 748 68588 1624 1840 175 86 814 113 266 1523 285 2874 159 288 6004 12925 1895 461 2205 275 89 265 115 96 98 89 86 130
internal_value=-0.000140552 -0.00314173 0.00393758 -0.00717203 0.00861326 0.0204328 0.0708995 -0.00534867 -0.0117779 -0.030497 0.00742681 0.0204625 -0.00774992 0.0128522 0.0100559 -0.0134006 -0.00783269 0.00387892 -0.0450755 0.00261804 -0.00829928 0.00555888 -0.0123888 0.0645333 -0.023871 -0.01722 -0.00639761 0.0552547 0.0136455 0.00918953 0.0028582 -0.0196514 0.00439415 -0.050646 0.025665 0.119235 0.0301379 0.0364836 -0.031146 0.0104086 0.0757273 0.0897009 0.0403783 -0.0272303 0.066538 -0.0287363 -0.00282167 0.01914 0.0463452 0.0330734 0.078047 -0.0920298 0.016939 -0.0784477 -0.0451138 0.0394907 -0.115643 0.122415 -0.106436
internal_weight=55484.6 31772.2 11522.4 20249.9 4571.84 3353.11 610.229 7375.22 15678 2727.2 756.462 4147.14 7130.81 3403.83 3317.04 5893.85 12950.8 23712.4 1970.74 22627.5 4798.71 17828.8 4550.61 244.414 1218.73 1128.36 12531.8 743.305 245.805 2742.88 15719.5 1002.34 14717.1 419.061 2109.35 86.7885 1084.88 983.716 101.163 1036.99 497.5 199.103 1072.36 131.272 248.098 1678.33 2872.27 1236.96 852.445 601.835 250.609 53.6011 77.6705 68.0447 45.3113 167.691 43.8363 80.4063 90.3758
internal_count=266910 156402 55161 101241 21617 15534 2989 35609 79624 18284 4278 19552 34497 16203 15817 28634 61340 110508 14006 105679 22398 83281 21291 1112 6083 5527 59193 3349 1105 12545 73984 4703 69281 2147 9297 386 4829 4354 475 4583 2244 905 4714 599 1107 8253 13038 5863 3755 2666 1089 248 351 317 207 733 204 374 556
is_linear=0
shrinkage=0.114845


Tree=23
num_leaves=60
num_cat=0
split_feature=27 37 26 15 37 21 21 28 37 36 45 27 37 37 23 12 27 21 37 21 21 21 37 27 13 37 21 21 21 21 21 15 59 21 1 35 21 23 23 35 26 4 35 56 35 37 27 13 3 56 23 22 22 16 12 27 23 5 22
split_gain=51.6827 124.023 291.393 117.601 98.983 101.075 185.15 94.3779 167.139 100.987 121.094 93.8353 88.8368 99.2309 99.2711 93.1809 86.5016 84.9127 79.9668 79.0042 97.2184 82.6061 77.2591 74.1586 74.0747 70.4974 93.5341 65.8593 67.7151 63.4904 59.2842 56.607 59.727 56.0637 55.5818 50.0284 65.5844 47.0573 45.8602 45.8132 40.1391 38.3579 35.0498 33.99 33.7041 33.4908 33.4376 32.3163 30.002 29.0507 25.4993 20.9671 27.1955 20.2522 17.9521 17.3602 13.9023 13.8584 12.2483
threshold=0.013945000000000001 -0.34584999999999994 0.94905000000000006 -0.97644999999999993 -0.20194999999999999 14.840000000000002 13.695000000000002 0.021815000000000005 0.16925000000000004 0.98980000000000012 0.99995000000000012 0.031995000000000003 1.0728500000000001 0.23645000000000002 54.915000000000006 0.0093450000000000009 0.0084550000000000024 12.210000000000003 0.61775000000000013 14.480000000000002 14.645000000000001 14.460000000000003 0.41905000000000003 -0.010914999999999998 0.22518500000000005 1.0520500000000002 11.785000000000002 13.580000000000002 12.430000000000001 13.445000000000002 13.695000000000002 -0.88429999999999986 0.16855000000000003 14.840000000000002 -0.10409827944056414 22.500000000000004 15.340000000000002 31.105000000000004 -32.454999999999991 2.5000000000000004 0.98885000000000012 3.5000000000000004 2.5000000000000004 0.041674707778478745 7.5000000000000009 -1.3450999999999997 0.021495000000000004 45.718750000000007 4.0611868691412694 -0.37833923438531597 73.825000000000003 2.4744500000000005 1.5576500000000004 -0.92344999999999988 0.19264500000000004 0.018595000000000004 73.825000000000003 8.2703742980957049 3.4767500000000005
decision_type=2 2 2 2 2 2 2 2 2 2 2 2 2 2 2 2 2 2 2 2 2 2 2 2 2 2 2 2 2 2 2 2 2 2 2 2 2 2 2 2 2 2 2 2 2 2 2 2 2 2 2 2 2 2 2 2 2 2 2
left_child=1 2 3 51 5 6 27 9 35 25 50 31 13 14 30 49 -12 56 29 21 -21 -8 -17 24 -19 26 -3 28 -2 -10 -6 32 -7 39 -25 36 -9 55 -27 -5 -37 44 -20 -16 -13 -35 48 -48 -39 -15 -11 52 -1 -43 -53 -14 -4 -57 -29
right_child=4 7 17 33 12 11 19 8 18 10 16 41 37 15 43 22 -18 23 42 20 -22 -23 -24 34 -26 38 -28 58 -30 -31 -32 -33 -34 45 -36 40 -38 46 -40 -41 -42 53 -44 -45 -46 -47 47 -49 -50 -51 -52 54 -54 -55 -56 57 -58 -59 -60
leaf_value=-0.09098108244624846 -0.050842796808995276 0.046088825332819862 -0.018697751683649996 0.041417350823467904 -0.028997379205132429 -0.024153676040344227 0.046660937792091524 -0.0065999981646778921 0.039601824756330867 -0.0025875061908136798 -0.066561067917838973 0.020889889631428619 0.16784749258178466 0.056990471490923955 0.042177894612769821 0.026248979893996622 -0.0088978153028140029 0.14526599863330636 0.0052935071868623496 -0.036943006003057971 0.050249570141042602 0.15816619040794297 0.090762857575401715 0.12579795469779814 0.020921235505634329 0.0225781469486592 -0.011808589201337347 -0.10879824562602648 0.013636992580354475 0.0006952006548860861 0.012152033691019425 0.16855402461476734 -0.103255496441919 0.040827575340985356 0.038211132949554381 -0.0040995711222022949 0.040946754516250156 -0.033208293961593652 -0.044301330218588258 -0.035017447905502957 0.082819123986124357 -0.051358049311235304 -0.020476494003076072 0.19803058622135719 -0.0030104257621806018 0.0067449913409013181 0.0020345981083561213 -0.098559080732824905 0.090567248453516283 0.011624626169254491 0.11460957416326685 -0.10849998343997166 0.0077564692509524951 0.0030440704439867036 -0.022184090410892726 -0.015574676472747934 -0.1589716997855195 0.08034077682925031 -0.0055064536915366774
leaf_weight=62.210737831890583 356.44403894245625 378.80643207579851 16.901279717683792 122.89585094153881 517.65052448958158 2840.7349039912224 997.21528123319149 625.1924425214529 613.1516344845295 958.62233304232359 1215.2374043688178 1079.8979575634003 20.056346416473389 222.65576186776161 31.226776540279388 413.63493932038546 480.62522891163826 255.07777986675501 857.58543100953102 337.9789751470089 336.37054595351219 96.536522045731544 607.95316143333912 111.34622782468796 85.113943040370941 1374.208722487092 12615.891900099814 125.00034259259701 539.06117516756058 5684.5193856731057 4245.3226791024208 19.45541350543499 132.15005946904421 460.90399686992168 702.84517032653093 85.866572052240372 980.61568675935268 682.15572819113731 149.61373588442802 639.8573319464922 359.96680057793856 272.95575182139874 3641.2842864394188 48.120931267738342 2778.6075507551432 2204.0604212135077 2206.6663095653057 42.939887806773186 26.67334172129631 1166.1482845842838 25.12504842877388 154.08543610572815 88.340175651013851 132.69120536744595 41.692917831242085 29.161836981773376 23.061599627137184 58.15216138958931 18.227593705058098
leaf_count=329 1807 1771 76 548 2513 13506 4313 2840 2826 4695 10349 4783 86 986 135 1875 3855 1239 3872 1507 1428 404 2747 491 409 6214 62225 633 2446 26633 19329 85 669 2055 3475 387 4383 3336 746 3085 1565 1223 18153 205 12068 10081 9717 198 128 5335 123 1108 515 577 222 123 134 254 90
internal_value=-0.000138581 -0.00281565 0.0139902 -0.00164479 0.00445836 -0.00364251 0.0148573 -0.00559605 0.00184791 -0.0111597 -0.0316492 -0.0108042 0.012363 0.0192922 0.00980274 0.0383383 -0.0502439 0.0634314 -0.00385857 0.0374747 0.00648601 0.0565416 0.0646834 0.0691508 0.114281 -0.00737509 -0.0101175 -0.0236002 -0.0119807 0.00448999 0.00767086 -0.0263941 -0.0276843 0.00478759 0.0502417 0.0318985 0.0224087 -0.00401536 0.0159837 -0.0226462 0.065983 0.000125914 -0.0155547 0.137234 0.00366761 0.0126556 -0.00673912 9.55124e-05 -0.0284904 0.0189285 0.000362358 -0.065431 -0.0327605 -0.0334574 -0.0903362 0.0706363 -0.100715 0.0478174 -0.0959511
internal_weight=55396.6 35014.7 4968.39 3774.05 20381.8 10063.3 2806.83 30046.3 12848.2 17198.1 2679.61 7256.49 10318.5 7252.71 4842.32 2410.39 1695.86 1194.35 10796.5 1768.1 674.35 1093.75 1021.59 1154.38 340.192 14518.5 12994.7 1038.73 895.505 6297.67 4762.97 2992.34 2972.88 3427.72 814.191 2051.64 1605.81 3065.81 1523.82 762.753 445.833 4264.15 4498.87 79.3477 3858.51 2664.96 2958.44 2249.61 708.829 1388.8 983.747 346.329 150.551 405.647 195.778 107.37 39.9629 87.314 143.228
internal_count=266910 174404 23767 17943 92506 45539 12628 150637 60659 89978 19022 32911 46967 33125 22182 10943 14204 5824 51484 7652 2935 4717 4622 5614 1648 70956 63996 4976 4253 29459 21842 14260 14175 15769 3966 9175 7223 13842 6960 3633 1952 18651 22025 340 16851 12136 13379 9915 3464 6321 4818 2174 844 1800 1330 463 210 377 723
is_linear=0
shrinkage=0.114845


Tree=24
num_leaves=39
num_cat=0
split_feature=0 33 34 58 16 12 35 35 30 45 31 13 39 16 35 13 1 15 6 21 1 6 30 5 5 5 27 39 21 12 39 12 1 14 3 45 39 9
split_gain=42.9238 40.8798 50.4049 47.4904 35.1871 40.179 38.6378 35.385 35.1458 34.354 44.2925 29.6648 32.6315 32.311 29.6477 29.4832 33.1796 27.5384 27.4779 26.4108 24.1339 23.4754 22.8079 21.2719 18.4749 24.0842 21.2051 20.2123 14.5626 14.3224 12.9518 11.824 11.8232 11.1854 9.55893 8.01246 7.96034 7.06147
threshold=3.0317233500000005 0.070750000000000021 250.50000000000003 0.63235163620087576 -1.1021499999999997 -0.38800499999999999 22.500000000000004 22.500000000000004 0.11055500000000001 4.8664000000000014 0.013265000000000001 0.76853000000000005 0.023950000000000003 1.0021500000000001 15.500000000000002 0.86046000000000011 -0.47950242553808375 -1.1643499999999998 0.0080373186690715515 19.580000000000002 0.18223946131543498 1.0000000180025095e-35 -0.073564999999999978 -2.0329414606094356 33.091632843017585 91.041393280029311 0.045825000000000012 0.8297000000000001 18.595000000000002 0.019975000000000003 0.10665000000000001 -0.087404999999999997 0.14793866693516997 1.4808500000000002 1.5167126874556158 5.3367000000000013 0.10015 2.5000000000000004
decision_type=2 2 2 2 2 2 2 2 2 2 2 2 2 2 2 2 2 2 2 2 2 2 2 2 2 2 2 2 2 2 2 2 2 2 2 2 2 2
left_child=1 2 3 9 6 7 22 14 19 17 -11 13 -13 -5 -6 16 -7 -1 -9 20 -4 -17 30 -21 27 -26 -27 28 32 -24 -3 -30 37 36 -35 -29 -8 -2
right_child=24 4 8 11 5 15 33 18 -10 10 -12 12 -14 -15 -16 21 -18 -19 -20 23 -22 -23 29 -25 25 26 -28 35 31 -31 -32 -33 -34 34 -36 -37 -38 -39
leaf_value=0.057041598560737088 -0.03785283567953824 0.047838175449162974 -0.017335032094751873 -0.011466090179789404 0.015763739077015077 0.020057320968360635 -0.012222435504638557 0.043166017687185948 0.086988662601194422 -0.023364717476528015 0.0011197255160330911 -0.0068706362483468217 0.17227970101909792 -0.061366918183734069 -0.012270388061410932 0.05705764527179702 -0.0021968165344267263 -0.00041286537413461034 -0.097296793980631194 0 -0.071544010764896956 0.010440897885474552 0.15345419417762846 -0.1202110968875383 0.16270454261797121 -0.051652329770504123 0.11052567134239352 0.13896723534295283 0.11668026618929819 0.050404216181240545 0.0041444761508707927 0.00063528158807212921 -0.09301511087102779 0.066778439438756332 -0.013698792680200503 0.043741571290840983 -0.074804203159181973 0.053512487932792646
leaf_weight=110.51000536978245 24.657286569476128 127.67291523516178 586.51962547004223 326.39311250299215 1835.3590377867222 930.52436211705208 53.616688460111618 600.69977383315563 31.993296712636948 2051.0904873386025 1850.449806779623 47.8383699208498 18.414702177047729 365.58600289747119 680.93249839544296 158.08770404756069 17462.340979423374 25126.983651518822 18.769190937280655 26.141702510416508 134.05686886608601 1505.3773236870766 19.20114928483963 77.099417619407177 36.176607102155685 19.818964630365372 22.436168938875198 22.39990122616291 19.930418401956558 362.69489502906799 307.756906285882 29.437813609838486 26.854682832956314 26.697962090373039 70.413130685687065 28.116731479763985 57.671081855893135 20.278902664780617
leaf_count=473 104 578 3249 2549 8330 4168 248 2713 150 9669 8545 215 83 2533 3269 703 83936 122280 84 137 775 6777 91 482 150 83 94 93 85 1652 1341 122 115 119 301 117 260 84
internal_value=-0.000243212 -0.000459957 -0.00323985 -0.00245165 0.00306833 0.00214569 0.0238881 0.0142351 -0.030725 -0.00171175 -0.0117411 -0.0308299 0.0422794 -0.0378914 0.00816047 0.000253415 -0.00106862 -0.000159592 0.0388412 -0.0353483 -0.0274794 0.0148968 0.0351623 -0.0898561 0.0472242 0.0936126 0.0334492 0.0257826 0 0.0556972 0.017054 0.0483485 -0.0326793 -0.0201238 0.00798673 0.0868114 -0.0450369 0.00242895
internal_weight=55221 54970.9 30753.1 29897.3 24217.8 23192.1 1025.72 3135.76 855.811 29139 3901.54 758.232 66.2531 691.979 2516.29 20056.3 18392.9 25237.5 619.469 823.818 720.576 1663.47 817.326 103.241 250.107 78.4317 42.2551 171.676 121.159 381.896 435.43 49.3682 71.7909 208.399 97.1111 50.5166 111.288 44.9362
internal_count=266757 265710 151140 146347 114570 109980 4590 14396 4793 140967 18214 5380 298 5082 11599 95584 88104 122753 2797 4643 4024 7480 3662 619 1047 327 177 720 510 1743 1919 207 303 928 420 210 508 188
is_linear=0
shrinkage=0.114845


Tree=25
num_leaves=53
num_cat=0
split_feature=29 21 8 59 30 21 31 22 0 5 58 8 37 30 46 23 34 37 29 28 21 0 50 37 29 21 28 33 37 15 31 6 3 35 16 35 13 21 21 21 37 7 12 34 31 28 45 41 43 22 15 60
split_gain=38.4484 52.4381 64.6648 67.1106 59.3516 56.5455 55.4952 48.981 49.3895 48.1863 47.9287 46.9184 61.6026 48.8125 46.7284 44.847 60.7756 52.1331 42.239 42.0582 41.1911 38.9332 41.7716 41.6426 40.9845 51.6275 40.3668 35.7376 34.4785 34.3394 34.2376 32.5371 29.3335 29.0511 28.5965 28.3845 28.2241 28.1249 139.699 33.8321 25.1719 24.5377 23.726 23.2329 21.1158 19.615 12.8825 7.85361 12.7815 13.7196 15.6228 10.8541
threshold=0.017195000000000005 19.605000000000004 1.0000000180025095e-35 0.12490416000000001 -1.0000000180025095e-35 22.510000000000002 -0.069944999999999993 2.9227500000000002 0.057485025000000002 -5.6731097698211661 0.69498428053200878 0.010101497000000003 -0.49744999999999995 -0.0036249999999999993 1.0000000180025095e-35 52.885000000000012 223.50000000000003 -0.24144999999999997 -1.0000000180025095e-35 -0.050984999999999996 17.765000000000004 3.0317233500000005 1.0000000180025095e-35 0.75395000000000012 0.045805000000000005 20.700000000000003 0.038085000000000008 0.059250000000000004 -0.30054999999999993 1.0623500000000001 0.036395000000000004 -0.045924142326572638 0.6697763677264742 14.500000000000002 -0.95384999999999986 28.500000000000004 0.11449000000000002 13.495000000000003 13.285000000000002 14.145000000000001 -0.041549999999999997 81.093956530171582 0.3588900000000001 195.50000000000003 0.066185000000000008 0.017415000000000003 0.63055000000000005 1.0000000180025095e-35 1.5000000000000002 3.8996000000000008 1.0709500000000001 2.0351000000000004
decision_type=2 2 2 2 2 2 2 2 2 2 2 2 2 2 2 2 2 2 2 2 2 2 2 2 2 2 2 2 2 2 2 2 2 2 2 2 2 2 2 2 2 2 2 2 2 2 2 2 2 2 2 2
left_child=1 2 4 14 6 15 9 35 -9 -1 -8 12 -5 -13 20 19 17 -17 33 44 -4 22 32 26 34 -26 29 -21 -16 -24 31 -20 41 40 -25 -6 -18 38 -34 -39 -7 43 -28 -2 -3 -32 -35 48 49 51 -51 -23
right_child=21 5 3 11 7 18 10 8 -10 -11 -12 13 -14 -15 28 16 36 -19 30 27 -22 47 23 24 25 -27 42 -29 -30 -31 45 -33 37 46 -36 -37 -38 39 -40 -41 -42 -43 -44 -45 -46 -47 -48 -49 -50 50 -52 -53
leaf_value=-0.0038382323981599208 0.012928137963267902 0.0082570259733746251 -0.0029900042656124202 0.044177513211341252 0.0058643085012531843 -0.061354779850023827 -0.0067700662346374119 -0.034829689432746447 0.031866423149093007 0.019052699785007923 -0.096102480049721981 0.075225334538607108 -0.074234781945616765 -0.02336094288993424 0.0026960587390949513 0.075826775472854754 -0.14918299108920696 0.0032813757459335706 0.015137591876387167 -0.034303789533935258 0.019938926853850531 0.074882976742721818 0.011221505041804834 0.093440738268117648 0.018863236180321274 -0.057560479210497742 0.039220735753471396 -0.011782850445022862 -0.023387697950382619 -0.019225350733535113 0.034764067408318604 0.13213686095014579 -0.0094961344585055701 0.0035675747417775803 -0.017853327306572232 -0.066119073345819707 -0.032548328138618667 -0.036290493644712998 0.098559429118398559 -0.0059965869271137416 0.0063671544905785126 -0.12535453313637096 -0.02819972326853646 -0.011217045045112208 0.10015526773281426 -0.11544559137595398 0.11327071505563618 0.12691067762077896 -0.028537156227753029 0.026480208437199254 0.14711850572956028 -0.044111557453313126
leaf_weight=2235.2640415355563 2565.2561361342669 239.20700731873512 5439.3708336576819 66.103662617504597 2340.4902493990958 102.06517171859741 5818.0333130136132 156.84787787497044 2093.6202282346785 2645.0982629284263 80.394601322710514 72.957199811935425 447.00759077072144 705.09782829880714 952.10435672104359 164.24285613000393 36.949791420251131 645.86359555274248 47.994546264410019 2265.1425503045321 1275.4034278541803 19.946862369775772 7046.1144534647465 30.91388513892889 1186.4096290320158 129.08723843097687 894.44155833125114 1588.0472658351064 2221.1851961761713 524.00612293183804 33.235700242221355 95.399184085428715 770.29949915409088 23.686345234513283 1638.3236835077405 74.487478375434875 111.48263026028872 526.64416742324829 198.31694820523262 6469.1449534147978 246.04591797292233 18.272665530443192 73.833958849310875 659.21078872680664 38.537427440285683 17.361151412129402 38.240573510527611 22.087549105286598 21.449060067534447 23.940880507230759 38.432329952716827 20.143516182899475
leaf_count=10081 11562 1045 27554 385 11082 490 29337 902 11420 12394 913 394 3267 3855 4495 856 220 3320 250 11451 6416 83 32140 154 5306 584 3916 7745 11029 2456 152 543 3584 112 7990 371 540 2421 854 29552 1145 87 317 3031 167 85 177 91 91 100 160 85
internal_value=-0.000219122 -0.00277011 -0.000629097 -0.00728307 0.00418458 -0.0127742 -0.000495463 0.0150062 0.027199 0.00855964 -0.00799489 -0.0319123 -0.0588966 -0.0140618 -0.00406271 -0.0167217 0.00562291 0.0180421 0.0204161 -0.0219169 0.00135876 0.00338275 0.00300107 0.00785706 -0.00380906 0.0113315 0.0119401 -0.0250331 -0.0155482 0.00910833 0.0645706 0.0932744 -0.00198803 -0.00036943 -0.0157666 0.00362638 -0.0618703 -0.0057401 0.0125834 -0.00828322 -0.0133661 0.00721416 0.0340356 0.00797865 0.0211618 -0.0159336 0.0719998 0.0625133 0.0506898 0.0676913 0.101498 0.0140293
internal_weight=55193.2 32317 26623.5 11179.2 15444.2 5693.5 10778.8 4665.45 2250.47 4880.36 5898.43 1291.17 513.111 778.055 9888.06 5089.47 958.539 810.106 604.029 4130.93 6714.77 22876.3 22730.3 11523.1 2984.73 1315.5 8538.4 3853.19 3173.29 7570.12 193.991 143.394 11207.1 410.038 1669.24 2414.98 148.432 7964.41 968.616 6995.79 348.111 3242.74 968.276 3224.47 277.744 50.5969 61.9269 146 123.913 102.464 62.3732 40.0904
internal_count=266757 162193 133895 57395 76500 28298 52725 23775 12322 22475 30250 7901 3652 4249 49494 25344 4936 4176 2954 20408 33970 104564 103954 52863 14034 5890 38829 19196 15524 34596 1030 793 51091 1924 8144 11453 760 36411 4438 31973 1635 14680 4233 14593 1212 237 289 610 519 428 260 168
is_linear=0
shrinkage=0.114845


Tree=26
num_leaves=60
num_cat=0
split_feature=28 37 26 37 27 26 59 37 13 21 21 28 21 35 58 1 9 35 9 6 59 27 1 12 13 35 37 50 2 28 28 49 35 30 8 1 37 37 9 35 13 28 8 12 6 49 37 35 2 12 35 35 44 1 35 35 21 31 49
split_gain=35.8762 274.899 173.193 133.586 268.764 126.345 113.95 104.173 100.273 90.7758 308.831 92.8718 101.381 142.311 87.9112 123.857 76.6015 66.3471 63.7165 63.3714 62.9537 79.8293 59.4732 63.2578 123.472 97.8678 52.9635 54.2786 51.1292 51.0818 46.0506 52.7671 45.2558 44.6953 51.9307 47.7078 43.7434 42.9043 40.2223 38.4453 48.4597 36.5955 36.4873 35.5383 34.1317 34.0446 52.0697 34.0302 33.6114 39.1262 32.6819 28.1974 25.9241 23.3966 20.3141 49.3638 30.7023 12.2092 9.11309
threshold=0.014865000000000001 0.10225000000000002 0.8570000000000001 0.43975000000000003 0.011225000000000002 -0.3854499999999999 0.13848012000000001 -0.17834999999999998 -0.052254999999999989 13.445000000000002 13.285000000000002 0.038085000000000008 14.980000000000002 23.500000000000004 0.75929841750766591 0.11541619980572011 1.0000000180025095e-35 3.5000000000000004 2.5000000000000004 -0.065969007213358674 0.030601200000000002 -0.011424999999999998 -0.46227038490934763 0.16452500000000003 0.10224500000000002 5.5000000000000009 0.63695000000000013 1.0000000180025095e-35 0.71745271432080582 0.0081350000000000016 -0.0061249999999999994 0.54380000000000017 22.500000000000004 0.0042150000000000009 0.026373863500000001 -0.23427682549862097 -1.1388499999999999 0.6674500000000001 1.5000000000000002 5.5000000000000009 0.07473500000000001 0.010965000000000001 0.0070636868500000014 -0.12779499999999996 -0.29885990454476968 0.29775000000000001 -0.022349999999999998 28.500000000000004 0.027722880983750503 -0.18837499999999999 1.0000000180025095e-35 2.5000000000000004 0.16075000000000003 0.33226587985384698 7.5000000000000009 3.5000000000000004 14.690000000000001 -0.23915499999999998 0.10745
decision_type=2 2 2 2 2 2 2 2 2 2 2 2 2 2 2 2 2 2 2 2 2 2 2 2 2 2 2 2 2 2 2 2 2 2 2 2 2 2 2 2 2 2 2 2 2 2 2 2 2 2 2 2 2 2 2 2 2 2 2
left_child=3 2 36 6 8 57 22 20 30 10 33 12 13 -11 19 -16 44 -14 37 41 43 -22 39 24 -24 -25 27 -13 42 -21 38 -32 -18 34 -3 -35 54 -12 -5 40 -1 -8 -7 -4 -9 51 -47 -41 49 -10 -28 -38 -30 -50 55 -2 -56 -6 -59
right_child=1 9 7 4 5 28 14 16 48 11 18 26 17 -15 15 -17 32 -19 -20 29 21 -23 23 25 -26 -27 50 -29 52 -31 31 -33 -34 35 -36 -37 45 -39 -40 47 -42 -43 -44 -45 -46 46 -48 -49 53 -51 -52 -53 -54 -55 56 -57 -58 58 -60
leaf_value=-0.024274601540992761 -0.043625477339248542 0.0064099899435058512 0.032627726452450795 -0.0056481352054821932 0.066869262797880788 0.12372014183325382 0.00078080776940335766 -0.038100401066726991 0.054380899047973594 -0.05820206582807351 0.15908294546269108 0.0036267329384110833 0.010204416199401463 0.020293113198511795 -0.120199529228583 0.47717487636869749 0.0069798758043648802 -0.013473765988984013 -0.086660922288959677 -0.059304282311105697 0.17149656919055811 0.065386468280607152 -0.021708757969023256 -0.021646211262491107 0.0018140300758972103 0.0082376417943942765 0.030998730588468013 0.042076173769315391 0.16816434573612557 -0.014538103273604257 0.29528413299894557 0.016701790823724107 0.057925539893983378 -0.052392851878990808 0.094108958792878755 0 0.055936490852302213 0.07760280607579037 0.021408171401933542 0.025238295963934339 0.1294268069715758 0.13406680311991376 0.053479357993634472 0.092829380621942431 0.079291064245092649 0.018064647702053623 0.087402870281708275 -0.05086337535919852 -0.057254914565863346 -0.062025448710870089 -0.0051484633235815607 -0.012840529792669843 0.019882932305794649 0.021645136258993267 0.020390261613187324 0.043547599037352558 -0.033927577076550267 -0.03477919234821715 0.020250985385512014
leaf_weight=451.60221463441849 137.91117706894875 295.07322262972593 423.60673695802689 1267.5091830417514 27.780611753463745 157.7092876881361 202.72489526495337 34.915034666657448 99.704555846750736 1258.5409993641078 202.84381492435932 1157.9763403981924 1988.3084061294794 400.97004280239344 8.0058641098439711 10.412069149315355 1248.8155643492937 7231.7044144198298 19.698110818862915 1061.0511865504086 164.383480720222 221.46902329474688 6743.684658896178 1859.3394645005465 5216.7517392151058 6489.4550869986415 355.95728495717049 835.68928989768028 160.70416180789471 496.24357331171632 16.093124739825726 21.044513717293739 282.69673090428114 275.14988864958286 128.30352661013603 1379.4116410985589 89.822642847895622 151.82730624079704 1685.9752190299332 1656.9878351762891 28.717411637306213 31.494571298360825 265.36284997314215 188.6797234416008 419.39735077321529 1095.038142003119 164.91053521633148 80.950214944779873 506.99237700551748 61.457353353500366 4476.2288627028465 625.68039463460445 17.949787348508835 54.107348285615444 173.74357905983925 225.39712202548981 639.04166548699141 111.23924621939659 60.676119804382324
leaf_count=2091 621 1420 1849 5873 113 750 1035 151 507 6301 884 5157 9130 1874 110 106 5874 36261 88 6954 895 1073 35533 8916 25617 29643 1525 3704 805 3201 108 130 1303 1281 594 6563 384 656 7728 7480 129 157 1280 850 1901 4707 732 404 2839 360 20668 2763 81 284 753 957 2873 469 262
internal_value=-0.000203888 0.00286378 0.0241495 -0.003001 0.0151408 0.0754574 -0.00636784 0.0439812 0.00211003 -0.00361297 0.0170904 -0.00648293 -0.0130722 -0.0392104 -0.0340951 0.215194 0.0287331 -0.0083629 0.113108 -0.0366818 0.0742749 0.110703 -0.00413825 -0.00608988 -0.0114453 0.00157717 0.0040132 0.0197651 0.101729 -0.0450666 0.0113959 0.138572 0.0164116 -0.000188002 0.0330878 -0.00872857 0.00535887 0.124323 0.00978231 0.0137107 -0.0149962 0.0188856 0.0797641 0.051249 0.0701753 0.0158081 0.027174 0.021669 -0.0362803 0.00972574 -0.00247689 -0.00414675 0.153505 -0.0495704 -0.0121561 0.0103394 -0.0222639 -0.0034904 -0.0151085
internal_weight=55144.9 26293.2 6135.51 28851.7 4514.31 801.422 24337.4 2983.96 3712.88 20157.7 2452.31 17705.4 10879.5 1659.51 1809.93 18.4179 1985.82 9220.01 374.369 1791.51 998.139 385.853 22527.5 20309.2 11960.4 8348.79 6825.85 1993.67 601.726 1557.29 2990.62 37.1376 1531.51 2077.94 423.377 1654.56 3151.55 354.671 2953.48 2218.26 480.32 234.219 423.072 612.286 454.312 1975.45 1259.95 1737.94 722.262 161.162 4832.19 715.503 178.654 561.1 1176.09 363.308 812.785 199.696 171.915
internal_count=266757 123792 27686 142965 21589 3760 121376 13896 17829 96106 11486 84620 53566 8175 11563 216 9229 45391 1628 11347 4667 1968 109813 99709 61150 38559 31054 8861 2916 10155 13839 238 7177 9858 2014 7844 13790 1540 13601 10104 2220 1192 2030 2699 2052 8586 5439 7884 3990 867 22193 3147 886 3123 5204 1578 3626 844 731
is_linear=0
shrinkage=0.114845


Tree=27
num_leaves=50
num_cat=0
split_feature=0 25 23 27 21 21 27 23 37 12 21 36 29 15 21 31 35 13 8 15 25 27 21 15 49 30 2 27 37 31 23 27 27 0 37 6 5 37 35 23 27 2 33 28 2 7 31 56 2
split_gain=33.647 34.8778 32.6232 52.6487 32.4557 90.2043 86.6905 76.3348 113.947 53.5962 40.593 29.323 33.7247 24.396 21.0488 37.941 25.2687 24.2587 20.8758 29.1861 20.6169 18.7154 21.1524 28.0263 27.1329 24.5096 22.3388 18.7004 20.6697 18.2163 18.1167 16.9074 16.066 15.7842 14.3702 11.6221 19.6837 13.2628 11.4903 18.3979 11.369 9.80953 9.40201 19.7755 9.15591 7.4682 5.31234 5.01456 0.406089
threshold=2.0255413000000004 2.0008500000000002 -87.254999999999981 0.022115000000000006 18.295000000000005 17.765000000000004 0.012335000000000002 52.665000000000006 1.0000000180025095e-35 0.13309500000000005 18.525000000000002 0.96265000000000012 0.021925000000000004 -1.05955 15.435 0.0028050000000000006 30.500000000000004 -0.66300499999999996 -0.013762652749999998 -0.94984999999999986 2.0252500000000002 0.06703000000000002 15.340000000000002 1.0935500000000002 0.0079500000000000022 -0.19813999999999996 0.20554457619675007 0.0043950000000000005 0.32665000000000005 0.023055000000000003 -1.0000000180025095e-35 -0.009754999999999998 -0.034454999999999993 3.0317233500000005 -0.50944999999999985 0.011539966006587703 5.1191186904907235 0.39115000000000005 9.5000000000000018 -36.884999999999998 0.020595000000000006 0.75710250201775631 -0.015049999999999999 0.005275000000000001 0.91470343680709543 43.665513845191121 0.11770500000000002 -2.4995721557049593 0.10673047031132031
decision_type=2 2 2 2 2 2 2 2 2 2 2 2 2 2 2 2 2 2 2 2 2 2 2 2 2 2 2 2 2 2 2 2 2 2 2 2 2 2 2 2 2 2 2 2 2 2 2 2 2
left_child=1 2 3 13 5 6 -4 10 -9 -7 -6 14 29 -1 18 17 -17 -16 20 -20 -3 22 24 25 32 47 -27 28 -25 40 -14 -32 41 -34 -31 36 -26 -37 39 44 -13 -2 43 45 -23 -40 -44 -24 -15
right_child=21 11 4 -5 7 9 -8 8 -10 -11 -12 12 30 48 15 16 -18 -19 19 -21 -22 38 23 27 35 26 -28 -29 -30 34 31 -33 33 -35 -36 37 -38 -39 42 -41 -42 -43 46 -45 -46 -47 -48 -49 -50
leaf_value=0.068655707625962042 -0.15416265477085334 -0.091748972033728032 -0.0037085964914966327 0.19414806467088197 -0.032432060331289828 0.039685449574552875 0.0086647173051239059 0.047391437491974581 -0.00079233150070183347 -0.0078765711674855313 -0.0073068157546484153 -0.10341630783425187 -0.048189190922612306 -0.082487069379739847 0.027561494141144841 0.0091402692525122259 0.12541637132152164 -0.0181126663884256 -0.032935544753105887 -0.0089299326824802301 0.0047469325762200107 -0.085446590010359855 0.052194525333107422 0.14854079444069207 0.031582424763361892 0.084193100336799415 -0.004746260169474506 0.18027130573067635 0.021163687852070488 0.079476320077354071 0 0.15702541493198402 -0.047160409231740467 0.054706453530718464 -0.048161255264085115 0.00583211258586026 -0.046329059174605655 0.085188392030334015 0.035283798226392341 0.076136357238919566 0.0061446269728231209 -0.052247956965833821 0.1554488664872431 -0.052109115435526952 0.019142477767436196 0.10590823878889198 0.071028227354796816 0.13156240573994846 -0.12739752367909871
leaf_weight=9.7842342108488065 23.110654383897781 30.045399904251099 18676.617937784642 8.9319390356540662 949.30922342836857 1304.4352943375707 12442.617232620716 817.07954829931259 3107.9689951911569 409.08572995662689 8075.8907557576895 121.9860319159925 23.360938690602779 8.9569477252662164 171.28310596942902 1966.9599911719561 25.031754583120346 1418.8480418324471 997.25024548172951 2046.2306596115232 1018.9140704870224 23.650909394025803 23.711906179785728 23.363876804709435 90.666049048304558 41.577433839440346 353.1245049238205 20.153426304459572 63.710732936859131 15.170445799827574 17.577986977994442 18.641075670719147 70.338782012462616 27.776952385902405 48.277701035141945 62.443951547145844 80.706821024417877 51.915160074830055 40.337719947099686 33.505932837724686 13.104418277740477 31.036238312721252 21.200605750083923 20.568574890494347 19.698968708515167 43.741260498762131 23.593328312039375 23.275280624628067 61.603120546787977
leaf_count=42 100 137 94688 37 4749 6209 57317 4061 15190 1918 39115 885 116 122 744 9068 117 6683 4647 9687 4661 103 97 96 390 179 1510 84 274 81 101 92 310 116 290 267 351 224 167 139 65 133 88 88 81 180 98 96 764
internal_value=-0.000193868 -0.000621105 0.000593964 -0.0687568 0.00073013 0.00265131 0.00123734 -0.00413735 0.00922724 0.0283056 -0.00995433 -0.00765286 -0.045753 -0.0985158 -0.00636587 5.09025e-05 0.0106229 -0.013166 -0.0119929 -0.0168098 0.00194229 0.0187186 0.011831 0.0268657 -0.00691382 0.0139624 0.00451441 0.0796185 0.0558319 -0.0685588 0.0295263 0.0808304 -0.0461355 -0.0178864 -0.0169703 0.0138375 -0.00486039 0.0422305 0.0485677 0.0118041 -0.0924724 -0.0965352 0.067189 0.0476268 -0.036935 0.0725332 0.111937 0.0924184 -0.122302
internal_weight=55018.2 53805 45872.3 89.2762 45783 32832.8 31119.2 12950.2 3925.05 1713.52 9025.2 7932.68 258.119 80.3443 7674.56 3582.12 1991.99 1590.13 4092.44 3043.48 1048.96 1213.21 986.912 548.917 437.995 441.689 394.702 107.228 87.0746 198.539 59.58 36.2191 152.263 98.1157 63.4481 285.732 171.373 114.359 226.297 76.8558 135.09 54.1469 149.441 104.648 43.3499 84.079 44.7939 46.9872 70.5601
internal_count=266757 261586 224212 965 223247 160132 152005 63115 19251 8127 43864 37374 1630 928 35744 16612 9185 7427 19132 14334 4798 5171 4227 2336 1891 1882 1689 454 370 1321 309 193 659 426 371 1232 741 491 944 323 950 233 621 435 184 347 186 193 886
is_linear=0
shrinkage=0.114845


Tree=28
num_leaves=59
num_cat=0
split_feature=12 21 21 35 7 9 35 35 35 21 21 21 21 21 6 16 12 35 35 21 21 21 12 21 13 37 35 37 15 5 8 35 21 6 16 45 13 21 16 13 49 34 9 56 1 21 29 3 35 12 8 8 6 29 7 49 12 22
split_gain=33.0918 90.8384 162.074 134.829 107.259 84.7328 121.907 70.1155 227.351 185.415 124.825 88.387 105.881 60.4844 58.6228 55.0953 53.9743 125.496 127.864 174.417 137.188 186.813 96.7056 82.8057 72.569 130.67 98.8374 91.287 148.115 113.502 100.109 69.843 62.3497 54.0308 50.7977 51.3244 49.4918 53.1487 45.5011 44.1091 42.169 37.6679 36.8299 35.0748 34.3086 34.1655 33.4068 30.0184 25.1097 24.3973 23.3709 22.503 21.998 14.0704 11.5962 9.28153 6.92634 2.32271
threshold=-0.27434499999999989 13.980000000000002 14.930000000000001 23.500000000000004 53.562782308651293 1.0000000180025095e-35 9.5000000000000018 3.5000000000000004 8.5000000000000018 21.280000000000005 21.860000000000003 20.585000000000004 15.090000000000002 13.365000000000002 -1.0000000180025095e-35 1.0075500000000004 0.11402500000000002 29.500000000000004 3.5000000000000004 15.090000000000002 13.715000000000002 14.930000000000001 0.32581500000000002 13.285000000000002 0.16151500000000002 0.20285000000000003 3.5000000000000004 0.53955000000000009 0.97845000000000015 7.6406054496765146 -0.0061659812499999991 30.500000000000004 16.935000000000006 0.0057460432174251007 1.0488500000000001 0.46065000000000006 0.86046000000000011 11.785000000000002 0.84305000000000008 45.718750000000007 0.13565000000000002 152.50000000000003 2.5000000000000004 0.32976741670514204 0.19139715518999115 14.885000000000002 0.033075000000000007 4.9995311543776948 8.5000000000000018 -0.29684999999999995 0.070320905000000003 0.011382520000000002 -0.085826769220395338 -0.035324999999999988 61.381202394938917 0.099550000000000013 0.41988000000000009 2.0088500000000002
decision_type=2 2 2 2 2 2 2 2 2 2 2 2 2 2 2 2 2 2 2 2 2 2 2 2 2 2 2 2 2 2 2 2 2 2 2 2 2 2 2 2 2 2 2 2 2 2 2 2 2 2 2 2 2 2 2 2 2 2
left_child=1 4 3 45 5 6 51 11 9 -9 -10 12 -4 -8 -13 42 24 18 19 22 23 -22 -18 -20 27 26 44 29 30 33 -29 -28 -21 -2 35 43 37 -27 -5 -38 54 -31 -7 -6 -26 47 -30 -3 -17 -37 -42 -1 -40 -19 -36 -55 -57 -47
right_child=16 2 7 38 34 15 13 8 10 -11 -12 14 -14 -15 -16 48 17 53 20 32 21 -23 -24 -25 25 36 31 28 46 41 -32 -33 -34 -35 40 49 39 -39 52 -41 50 -43 -44 -45 -46 57 -48 -49 -50 -51 -52 -53 -54 55 -56 56 -58 -59
leaf_value=0.0039576136687705724 -0.021243718546122174 -0.058250434365680982 -0.036004315330817133 0.21074206527364875 -0.11381967985457934 0.029108397969225829 0.010594347522347017 -0.055330626198005925 0.014487158090992498 0.091901575695025647 -0.037121880310265781 -0.028127154510249802 0.053885919415958806 0.14322930126326983 0.047749005176189623 0.12670826217377304 -0.009033582779987101 0.0010535856318356026 -0.012214062305145885 -0.099862919765017988 0.041769502820317821 0.0059339368104772425 0.061688277265891649 -0.086535711042658114 0.067266607407513598 0.039311620569114254 0.0049900449448360314 0.010814601363235551 -0.036438007812724757 -0.0056480503180393491 0.079081063488195061 0.099013607979440685 -0.032848228222165939 -0.049378490933154662 -0.0090426125646458702 -0.077594750829342529 0.011427796565957351 -0.013853047649117376 0.05165421561740139 -0.088579408339566859 0.01509824828080476 0.026594685254297704 -0.024156579252147314 0.06308016458563323 0.022492599699509418 -0.096420640514665479 0.0090098659929351791 0.077180275373550489 0.044425909364101804 0.026501813503070182 0.082940098207759494 -0.12554338906306856 -0.049177048261122396 0 -0.12494788766874276 -0.10665988809441679 -0.042254393540485165 -0.15351545338214242
leaf_weight=54.141161188483238 4751.7478516474366 773.84124846756458 201.90750546753407 20.320466056466103 17.901269689202309 608.71903739869595 55.452760308980942 1261.0238838642836 5879.1767171174288 123.69725495576859 690.38030277192593 534.35234588384628 1179.5634544044733 267.5242004096508 179.14677137136459 89.274094566702843 667.67148349434137 23.703705489635468 1063.3056498318911 210.61969236284494 2396.9649017900229 9637.1436300501227 411.81037138402462 243.49280586093664 545.82213763147593 256.33776651322842 4122.946507204324 810.78282491862774 759.82681908458471 1881.3202856555581 437.01230643689632 106.97736628353596 1449.4686727896333 1115.0864906981587 20.320665612816811 241.36534418165684 1913.3083035945892 7303.0544662363827 119.15656138956547 59.916128285229206 212.04976196587086 640.24887108057737 237.39389055967331 82.130632385611534 390.94721251726151 17.537235870957375 294.69264233112335 21.937119364738464 113.31793396174908 33.197977975010872 99.35671591758728 25.87112595140934 37.125068947672844 14.59378908574581 28.575353398919106 162.80868092924356 28.184094324707985 50.906853452324867
leaf_count=250 27251 3866 919 84 85 2796 269 6062 27854 597 3311 2419 5116 1132 794 386 3246 110 5166 1040 10482 43738 1868 1182 2468 1172 19750 3647 4126 9054 2209 474 7084 7903 91 1140 8683 35979 527 287 975 3336 1110 385 1770 90 1438 101 526 160 441 119 168 68 130 914 153 256
internal_value=-0.000176137 0.0048165 0.000594451 -0.0425411 0.0262106 0.0443133 0.0891185 0.00506635 0.000137838 -0.0421475 0.00905718 0.0237588 0.0407172 0.120589 -0.00901619 0.0270552 -0.00176675 0.00338688 0.00459233 -0.0180013 0.00923516 0.0130752 0.0179065 -0.0260949 -0.00507896 0.000154296 0.014865 -0.0122785 0.00796544 -0.0178398 0.0347576 0.00737805 -0.0413763 -0.0265985 -0.00949094 -0.0391433 -0.00781446 -0.0120446 0.048763 0.00836948 0.0212193 0.00252174 0.0141134 0.0309961 0.0486264 -0.0612483 -0.0236968 -0.0544634 0.0808952 -0.0648528 0.0368808 -0.0373819 0.0274284 -0.0809674 -0.077652 -0.0906319 -0.0973793 -0.13951
internal_weight=54976.5 13276.7 11090.1 1040.82 2186.59 1451.69 402.989 10049.2 7954.28 1384.72 6569.56 2094.97 1381.47 322.977 713.499 1048.7 41699.8 16309.8 16080.5 2739.57 13340.9 12034.1 1079.48 1306.8 25390 14699.3 5166.69 10690.7 2302.31 8388.4 1247.8 4229.92 1660.09 5866.83 734.898 374.595 9532.62 7559.39 176.602 1973.22 360.302 2521.57 846.113 100.032 936.769 864.222 1054.52 795.778 202.592 274.563 311.406 80.0123 156.282 229.29 48.896 205.587 190.993 68.4441
internal_count=266757 62159 52164 5092 9995 6588 1770 47072 37824 6659 31165 9248 6035 1401 3213 4818 204598 75051 73806 13238 60568 54220 5114 6348 129547 70583 24462 58964 11420 47544 5856 20224 8124 35154 3407 1770 46121 37151 779 8970 1637 12390 3906 470 4238 4313 5564 3967 912 1300 1416 369 695 1245 221 1135 1067 346
is_linear=0
shrinkage=0.114845


Tree=29
num_leaves=47
num_cat=0
split_feature=16 23 37 31 28 37 26 37 37 27 26 13 35 35 35 59 58 13 37 2 7 3 6 35 35 9 21 2 12 37 9 33 7 21 21 21 27 49 37 29 36 39 30 37 36 29
split_gain=30.0964 52.2247 44.3588 36.8641 36.0419 213.303 116.364 81.6013 79.0141 205.651 69.3438 67.5462 65.8487 114.121 79.8356 59.7278 107.492 39.8046 32.4472 32.3414 31.1585 24.219 23.7882 22.6762 21.5554 20.1695 19.4097 17.7937 30.9953 16.7731 15.5256 16.5188 19.2287 14.421 14.3911 19.6759 13.0529 10.8239 10.2604 12.87 9.59244 12.6271 8.35334 3.21939 1.94141 1.70249
threshold=-1.0963499999999999 -72.984999999999985 -0.75274999999999992 -0.025844999999999996 0.014865000000000001 0.10225000000000002 0.8570000000000001 -0.17834999999999998 0.43975000000000003 0.011435000000000002 -0.3854499999999999 -0.052254999999999989 23.500000000000004 14.500000000000002 26.000000000000004 0.13848012000000001 0.75929841750766591 0.46635000000000004 -1.1388499999999999 0.97656821841604469 58.724035134209792 1.8836301045530874 -0.14296244155671575 3.5000000000000004 21.500000000000004 1.5000000000000002 18.295000000000005 0.85742518351214014 0.048790000000000007 1.9333500000000001 1.5000000000000002 -0.011649999999999999 59.927137477918869 13.445000000000002 21.885000000000002 18.735000000000003 0.031995000000000003 0.75050000000000006 -0.24144999999999997 -0.012174999999999998 0.048700000000000007 0.15905000000000002 -0.018264999999999997 0.43975000000000003 0.23265000000000002 -0.0030449999999999995
decision_type=2 2 2 2 2 2 2 2 2 2 2 2 2 2 2 2 2 2 2 2 2 2 2 2 2 2 2 2 2 2 2 2 2 2 2 2 2 2 2 2 2 2 2 2 2 2
left_child=2 3 21 23 8 6 18 -8 15 11 -11 -10 13 -7 -14 17 -17 -3 -6 20 22 30 36 44 34 29 -27 28 -25 -22 40 32 -32 -24 35 -21 -4 -33 -26 -40 41 -1 -5 45 -2 -44
right_child=1 4 19 42 5 12 7 -9 9 10 -12 -13 14 -15 -16 16 -18 -19 -20 24 25 -23 33 27 38 26 -28 -29 -30 -31 31 37 -34 -35 -36 -37 -38 -39 39 -41 -42 -43 43 -45 -46 -47
leaf_value=-0.083653802190024926 -0.13328358987436145 -0.0058793795561660079 -0.021228487571527743 0 -0.010274782025611775 0.0010641658443295123 0.064514997588535905 0.024191475910419865 0.009121321372641036 -0.0099817249771492582 0.086516708799664679 -0.031690257834048635 0.022826441424795771 -0.018778253661800484 -0.013658004713285514 -0.029802122657437067 0.27724744718788352 0.012788801092732324 0.014700037054985281 0.051788840215642944 -0.018318791433361008 0.087200020531598477 -0.018704888493430893 -0.067668487104442732 -0.060774678074280032 0.0227815828184081 -0.014719405087110409 0.093656979969602289 0.021486586686907515 0.056327391533790655 0.069612137735431887 -0.076056260845426452 -0.037586848733621295 0.056983963839817742 -0.019360530328297435 0.12470687951260921 0.039090053053237032 0.010534231443701679 -0.013514061061262662 0.10013883494712009 -0.14246965718419133 0.021626035818914369 -0.072482068150369158 -0.028428344107372848 -0.065590670795070541 -0.12690900221225754
leaf_weight=55.680100694298744 21.107874929904938 18856.727679248899 125.74923963844776 8.924559433013199 1092.007362306118 10409.280495896935 993.81574759632349 1999.7805917933583 2145.8055208027363 118.38978376984596 555.15069785714149 712.38239273056388 2426.3297005072236 6038.5305274277925 1172.1649519428611 1653.617613337934 15.150553308427332 1635.9650482833385 1840.5592144727707 172.09599628299475 588.24635836482048 21.312065720558167 35.699835315346718 92.891325376927853 26.700954437255859 713.26602393388748 242.96613696217537 20.521323598921299 114.24345377832651 42.342310324311256 44.596700504422188 69.300524100661278 43.208754643797874 357.10918974876404 23.634048476815224 70.436967015266418 75.78399883210659 25.123491331934929 37.141559779644012 19.931067734956741 22.919880926609039 19.781677439808846 12.954542290419338 6.816957425326108 11.943372331559656 73.327980689704418
leaf_count=267 127 92765 562 79 4856 49135 4667 9229 10062 508 2695 4031 11444 30015 5492 10626 121 7489 8009 740 2727 98 168 683 118 3171 1115 109 624 179 192 303 191 1623 103 311 325 109 158 88 108 93 148 68 105 921
internal_value=-0.000173964 -0.000802413 0.0113524 -0.0442285 -0.000496703 0.00251927 0.021662 0.0375924 -0.00354712 0.0124025 0.0694916 -0.00103573 -0.00313764 -0.00621804 0.0109302 -0.00609084 -0.0269888 -0.00438699 0.00538555 0.0163266 0.0111015 -0.0302066 0.0335362 -0.021119 0.0487729 0.00267164 0.0132084 -0.0080111 -0.0182897 -0.0132388 -0.0392756 -0.0191133 0.0163738 0.0499964 0.0647679 0.0731419 0.00124176 -0.0525651 -0.00153744 0.0254285 -0.0761876 -0.05549 -0.102863 -0.113042 -0.110114 -0.119232
internal_weight=54861.4 52028.4 2833.03 362.731 51665.7 25972.5 5926.16 2993.6 25693.2 3531.73 673.54 2858.19 20046.3 16447.8 3598.49 22161.5 1668.77 20492.7 2932.57 2531.1 2181.16 301.923 594.342 260.707 349.941 1586.82 956.232 227.656 207.135 630.589 280.611 182.229 87.8055 392.809 266.167 242.533 201.533 94.424 83.7736 57.0726 98.3817 75.4618 102.024 93.0995 33.0512 86.2825
internal_count=266757 254008 12749 2864 251144 122847 26761 13896 128297 17296 3203 14093 96086 79150 16936 111001 10747 100254 12865 11388 9870 1361 2678 1648 1518 7192 4286 1416 1307 2906 1263 795 383 1791 1154 1051 887 412 364 246 468 360 1216 1137 232 1069
is_linear=0
shrinkage=0.114845


Tree=30
num_leaves=45
num_cat=0
split_feature=27 13 9 35 35 21 21 21 28 37 26 59 37 27 59 23 33 21 21 21 15 21 44 24 37 27 37 35 21 28 27 21 6 37 21 37 37 28 34 45 30 22 7 34
split_gain=36.2937 36.0986 83.3225 67.6709 128.303 91.1614 73.7983 63.5424 47.7535 170.549 92.5075 73.9055 70.4674 192.113 65.0754 69.2848 64.7007 62.3069 206.895 74.7621 44.4308 43.8169 47.207 40.8499 40.6909 45.6999 26.1603 25.0672 30.5956 23.9955 21.6236 19.4367 16.0645 32.484 17.4079 11.7334 10.7233 15.3154 12.0792 13.2245 8.48932 4.91915 3.84888 2.05374
threshold=-0.064324999999999979 -0.34583999999999998 1.5000000000000002 5.5000000000000009 10.500000000000002 14.930000000000001 21.280000000000005 21.410000000000004 0.014865000000000001 0.10225000000000002 0.68010000000000004 0.042604670000000004 0.43975000000000003 0.011225000000000002 0.13353450000000003 77.225000000000009 -0.26884999999999992 13.445000000000002 13.285000000000002 14.980000000000002 -0.97944999999999993 13.695000000000002 -0.014949999999999998 0.18858500000000003 0.096650000000000014 0.061055000000000005 -1.2330499999999998 9.5000000000000018 21.885000000000002 -0.057664999999999994 0.012335000000000002 22.225000000000005 -0.94795574195812915 -0.015949999999999995 22.835000000000004 0.037050000000000007 1.1210500000000001 -0.12508499999999997 237.50000000000003 2.3905000000000007 -0.10282499999999999 3.1012500000000007 52.566412853587671 71.500000000000014
decision_type=2 2 2 2 2 2 2 2 2 2 2 2 2 2 2 2 2 2 2 2 2 2 2 2 2 2 2 2 2 2 2 2 2 2 2 2 2 2 2 2 2 2 2 2
left_child=32 2 7 24 6 -6 -5 21 12 10 26 -12 14 20 23 -16 -15 18 -11 -19 -14 29 -23 -3 25 -4 -10 28 -9 -2 -26 -29 33 -1 36 43 38 42 39 -34 -39 -40 -38 -35
right_child=1 8 3 4 5 -7 -8 27 9 17 11 -13 13 16 15 -17 -18 19 -20 -21 -22 22 -24 -25 30 -27 -28 31 -30 -31 -32 -33 34 35 -36 -37 37 40 41 -41 -42 -43 -44 -45
leaf_value=0.075249179204887148 0.059402232587129289 -0.010919571243308179 -0.032112285149669295 0.067332878804923668 0.043874609129211033 0.0012330964782744686 -0.091973349588889058 0.079993009446706967 -0.020762134081273597 0 0.023348890193376357 0.065711174027756281 0.0072736520411228276 -0.0058740956327792667 -0.040344215341780808 0.027652816623895141 0.086609673673369331 -0.02289515229433926 0.092100000904867002 -0.0020572069525620412 -0.02710359612621242 -0.026677771136601854 0.0045999114739265568 0.0013368236802186267 0.0084807514254087689 0.03435149504076758 0.0092737331110793308 0.14351474679156778 -0.037411372707585558 -0.054411304624105754 0.076649131223586145 0.049357484212223829 0.034923649911146298 -0.070619061345505066 -0.073237113353886885 -0.0015811932295958962 0.14394991441149368 -0.026008542454961724 0 0.0057650340099453723 0.059020913582375774 -0.077474107575058807 0.076873405038693346 -0.12827769935281405
leaf_weight=29.524986162781715 25.732044234871864 9266.7958187013865 779.05267611891031 863.65968988835812 878.56659586727619 2682.3931072130799 39.913517668843269 49.081267699599266 554.40751086175442 2070.9296213015914 2505.6579652279615 696.04233931750059 1405.8125534281135 124.1528088375926 1370.5257262066007 230.17707413434982 490.91348923742771 2681.2175714857876 380.81134819239378 14882.308879420161 765.24774603173137 1007.5095433145761 1723.599795807153 5842.0175737962127 222.76869379729033 164.83917219936848 1233.1170982196927 45.785833492875099 72.174614250659943 385.2378918081522 85.677648916840553 84.626303449273109 603.85526359081268 19.248012751340866 23.518266722559929 23.544606521725655 20.730885550379753 28.856486812233925 23.313452750444412 316.47973269224167 32.416661128401756 20.487577974796295 36.414950385689735 24.633086428046227
leaf_count=129 114 49216 3701 3762 3965 12084 171 232 2505 9871 11182 3596 6842 569 9284 1755 2422 13101 1621 71487 4269 4580 7911 27083 1012 688 5363 190 350 2027 388 355 2614 88 108 103 87 120 103 1365 140 91 151 111
internal_value=0.000359102 -8.27882e-05 0.0065026 0.0149673 0.0215877 0.0117657 0.0602486 -0.0077438 -0.00143199 0.00188867 0.020887 0.0325717 -0.00569316 0.0112092 -0.008514 -0.0305397 0.0678722 -0.00284491 0.0143005 -0.00524072 -0.00482386 -0.012202 -0.00692284 -0.00617765 -0.00860013 -0.02046 -1.81286e-05 0.0477478 0.00975896 -0.0471812 0.0275544 0.0827422 0.0200867 -0.0245212 0.0240353 -0.0688427 0.026188 0.0590194 0.0221112 0.0249431 0.0182799 -0.036418 0.101954 -0.103959
internal_weight=54813.8 53610.8 9110.62 5716.87 4464.53 3560.96 903.573 3393.75 44500.1 25004.5 4989.22 3201.7 19495.6 2786.13 16709.5 1600.7 615.066 20015.3 2451.74 17563.5 2171.06 3142.08 2731.11 15108.8 1252.34 943.892 1787.52 251.668 121.256 410.97 308.446 130.412 1203.02 96.9507 1106.07 67.4257 1082.56 118.419 964.136 920.335 61.2731 43.801 57.1458 43.8811
internal_count=266906 261696 41530 25771 19982 16049 3933 15759 220166 118726 22646 14778 101440 14102 87338 11039 2991 96080 11492 84588 11111 14632 12491 76299 5789 4389 7868 1127 582 2141 1400 545 5210 431 4779 302 4671 498 4173 3979 260 194 238 199
is_linear=0
shrinkage=0.114845


Tree=31
num_leaves=52
num_cat=0
split_feature=33 58 34 56 58 49 2 12 58 25 0 6 62 30 49 12 9 8 58 16 37 30 21 62 44 27 3 31 27 16 33 60 12 1 14 6 2 59 59 6 0 37 29 37 60 3 36 15 46 34 29
split_gain=32.3087 34.3416 33.7915 30.9923 42.9119 103.954 40.9413 40.8036 29.7699 29.3712 45.3123 29.0595 27.395 61.6256 26.7175 26.2485 32.331 46.0438 35.8589 30.4795 29.9051 33.797 28.4062 26.7851 25.6927 24.4454 24.3417 31.5452 30.0106 23.8999 22.9422 36.2744 22.5717 20.9802 31.8305 22.3597 19.1968 18.8375 46.099 18.4727 18.3877 13.727 13.521 16.5498 15.7534 11.1303 10.4257 12.9623 21.9248 7.80718 6.76483
threshold=0.070750000000000021 0.63235163620087576 250.50000000000003 0.38674920065630564 0.75929841750766591 0.66735000000000011 0.18578155035745914 -0.034589999999999989 0.58233866550578883 1.1310500000000003 0.99834065000000016 -0.73236608031445016 4.1624277225501061 0.024265000000000005 0.14820000000000003 -0.38262999999999997 5.0000000000000009 0.0050559640000000005 0.29341635335069555 -1.1021499999999997 -0.60364999999999991 0.032745000000000003 11.660000000000002 1.012222391816775 -0.30084999999999995 -0.019164999999999998 0.71434305582306201 0.084335000000000007 -0.0019249999999999998 -1.0548499999999998 -0.23364999999999997 1.9509000000000003 -0.4144449999999999 -0.55663436405377931 1.05935 0.21846113614169185 0.36381818181818187 0.06778248000000002 0.078720120000000018 0.2721656494067739 3.0317233500000005 -0.17084999999999997 -0.0011849999999999999 -0.69904999999999984 1.9985000000000002 1.2658787596256047 0.032850000000000011 0.97845000000000015 1.0000000180025095e-35 39.500000000000007 0.016645000000000004
decision_type=2 2 2 2 2 2 2 2 2 2 2 2 2 2 2 2 2 2 2 2 2 2 2 2 2 2 2 2 2 2 2 2 2 2 2 2 2 2 2 2 2 2 2 2 2 2 2 2 2 2 2
left_child=1 2 9 4 42 6 -6 -7 30 12 14 41 25 -14 -11 16 22 18 -18 20 45 -22 50 -19 -24 -1 27 29 -29 -5 32 -32 -4 34 -21 -35 -10 39 -39 -28 -12 -2 44 -44 -3 -17 47 49 -49 -43 -13
right_child=11 3 8 26 5 7 -8 -9 36 10 40 15 13 -15 -16 19 17 23 -20 33 21 -23 24 -25 -26 -27 37 28 -30 -31 31 -33 -34 35 -36 -37 -38 38 -40 -41 -42 46 43 -45 -46 -47 -48 48 -50 -51 -52
leaf_value=0.015953420553324202 0.021902941829441743 0.084241545159383591 -0.082824022793196422 0.055923135154897302 0.36423527962081925 0.054406770027375061 0.041954848386562202 -0.11332926713501974 0.18666629030522547 -0.027485834214697739 0.0014788798329271962 0.15647994786050728 0.009812730473274852 0.12830617654838025 -0.0080002617827554558 -0.050120105797175053 0.046584116472655999 -0.024645005322176523 0.14027536748541519 0.050058588223182508 0.022596974327443665 0.10730133385923675 0.029080803583213178 0.047535958451113247 0.0006005009412418553 0.00020769937101320339 -0.043372971796662919 0.040387447835385872 0.2161974263507552 -0.073297946554330029 0.041465161846156853 -0.05892487512720955 0.0072252192724842424 -0.0007243858508149965 0.00027651278316511601 0.012111275629190853 -0.0033145502298060599 0.2582211470731981 -0.040060764122401928 0.062204140816570622 0.036293145214406845 -0.023325648311771554 0.043040678895215366 -0.10168454691073443 -0.067717045773582826 0.037527677245806537 -0.13985670571815007 0.055738062033327367 -0.081982877582489067 -0.11668062570236318 0.055045626500765693
leaf_weight=1431.9882758036256 32.795865684747696 12.919823143631218 42.643262416124344 34.085903957486153 12.746006701141598 30.066947877407074 9.3308675326406938 51.417837891727686 13.914110831916334 1091.9589107632637 5451.2330443710089 18.957705840468407 291.90279861539602 72.525423511862755 6294.9162294082344 94.349895417690277 206.05535043776035 161.737225279212 74.235732957720757 289.11455158889294 817.29674778878689 67.645061984658241 530.37003339827061 116.48681372404099 1983.4260597079992 14224.929435435683 246.34146658703685 42.089152380824089 18.954722985625267 41.9252062253654 53.653452128171921 384.12506854534149 261.12912926077843 17135.114560324699 413.32378462702036 1998.4014375060797 13.279907636344431 10.353494640439751 19.59213761985302 23.672750547528267 207.92832323908806 19.018956065177917 10.641820453107355 177.75860252231359 28.846096754074097 23.396974548697472 19.07684300839901 31.957410007715225 29.000153601169586 37.827663734555244 19.247706636786461
leaf_count=6561 144 90 203 165 92 329 99 619 88 5430 24606 81 2045 348 31458 417 904 769 347 1315 3638 292 2374 544 9224 70676 1579 201 94 305 272 2429 1310 83151 1833 8910 81 73 214 104 875 82 71 1554 179 105 89 149 133 172 83
internal_value=0.000311822 -0.00216442 -0.00154461 -0.0261026 -0.0524722 0.00855008 0.229957 -0.0509128 -0.0253126 -0.000914544 -0.00496117 0.00345595 0.00237792 0.0335115 -0.0108865 0.00379313 0.0136369 0.0386854 0.0715508 0.00232174 0.02186 0.02912 0.00813821 0.00542232 0.00662636 0.00165054 -0.00586772 0.034101 0.0956778 -0.0147894 -0.0296841 -0.0465237 -0.00527534 0.00133195 0.0208269 0.000614005 0.0923223 -0.0242722 0.0616438 -0.0339587 0.00276556 -0.0438839 -0.0801141 -0.0932831 -0.0196883 -0.0323415 -0.0599578 -0.0466567 -0.00908163 -0.0861982 0.106495
internal_weight=54725.7 30606.9 29836.1 770.743 333.728 103.562 22.0769 81.4848 768.745 29067.4 13046 24118.8 16021.3 364.428 7386.88 23949.2 3110.52 558.515 280.291 20838.6 1002.69 884.942 2552 278.224 2513.8 15656.9 437.015 137.055 61.0439 76.0111 741.551 437.779 303.772 19836 702.438 19133.5 27.194 299.96 29.9456 270.014 5659.16 169.677 230.166 188.4 41.7659 117.747 136.881 117.804 60.9576 56.8466 38.2054
internal_count=266906 152150 146382 5768 3033 1139 191 948 4383 141999 62369 114756 79630 2393 36888 113987 14326 2564 1251 99661 4452 3930 11762 1313 11598 77237 2735 765 295 470 4214 2701 1513 95209 3148 92061 169 1970 287 1683 25481 769 1894 1625 269 522 625 536 282 254 164
is_linear=0
shrinkage=0.114845


Tree=32
num_leaves=39
num_cat=0
split_feature=27 5 23 27 30 29 30 13 49 0 0 7 44 41 38 22 50 31 13 58 13 15 30 21 29 33 29 39 5 28 49 34 13 58 39 15 28 2
split_gain=26.3424 29.4305 30.3604 38.3817 29.9252 38.2647 29.6159 44.2197 31.9223 92.6104 41.1559 26.9134 24.3931 21.4214 19.842 22.5244 19.6364 17.4185 19.9199 16.4552 15.5351 13.7192 12.5463 15.9547 11.8692 26.388 11.2373 12.5829 11.0479 12.213 10.6263 10.6008 9.72079 9.59567 4.81665 4.24907 2.86072 0.798467
threshold=-0.064324999999999979 -50.505344390869134 -87.254999999999981 0.022115000000000006 0.094645000000000021 -0.040774999999999992 -0.11903999999999999 0.17422500000000005 0.39095000000000008 0.55375957000000009 0.46782657000000005 39.480753726386318 -0.84184999999999988 1.0000000180025095e-35 1.0000000180025095e-35 1.6572500000000001 1.0000000180025095e-35 0.063765000000000002 0.76853000000000005 0.31506175519323792 1.5902950000000002 -1.0794499999999998 0.087395000000000014 22.835000000000004 -0.050684999999999994 1.0642500000000001 -0.011624999999999998 0.38865000000000005 -24.708460807800289 0.0067250000000000009 0.21445000000000003 173.50000000000003 0.82542000000000015 0.29513605846721375 0.083050000000000013 0.97845000000000015 -0.12508499999999997 0.075121661449884608
decision_type=2 2 2 2 2 2 2 2 2 2 2 2 2 2 2 2 2 2 2 2 2 2 2 2 2 2 2 2 2 2 2 2 2 2 2 2 2 2
left_child=22 4 3 21 5 17 7 12 9 -8 -10 33 -4 14 15 -6 -9 18 -2 -16 -13 -3 23 24 28 32 35 34 29 -1 -19 -30 -26 -7 -28 -24 -27 -23
right_child=1 2 6 -5 13 11 8 16 10 -11 -12 20 -14 -15 19 -17 -18 30 -20 -21 -22 37 26 -25 25 36 27 -29 31 -31 -32 -33 -34 -35 -36 -37 -38 -39
leaf_value=0.017304478675887885 -0.004207877122922715 0.037228642270751434 -0.071825885298304123 0.12576753604751997 -0.0020790566458818212 -0.10017785299841876 -0.024417012327573911 0.019213251190076077 0.00043913670430920483 -0.00065076864863893491 0.012059498671726102 -0.033603308748053111 0.0080083639307431537 0.13032827718594997 0.020236998011184965 0.14086735935617506 0.069477551198261919 -0.0040810284291874282 -0.078123031394306583 -0.077782928555354347 0.050090583205592329 -0.061971899275564804 0.13846634523428591 -0.08237660588412217 0.022130741730033744 -0.054314697697836922 0.028059717511390022 0.10110272190362379 0.05108578938030206 -0.050302867384432126 0.069330555612100109 0.0010472556330716973 -0.028025839933980643 -0.0059230418761641616 -0.042879326819035377 0.062554005161371565 -0.11611552797385767 -0.12555934295631305
leaf_weight=377.80112199485302 653.26647499203682 7.8050394654273978 52.186807304620743 11.182721093297003 29.209469065070152 110.33971482515335 2482.7584274709225 187.00234064459801 25723.028116617352 16799.602126397192 4766.4772284701467 547.61118026822805 1478.9906927496195 24.237184330821037 55.554287180304527 27.852907553315163 234.84740316867828 41.772328153252602 52.08612172305584 37.588331699371338 30.505882427096367 5.658895280212163 20.650966182351112 22.42387992143631 220.21993160247803 27.228475496172905 25.237784802913666 19.868691638112068 244.62568174302578 38.617644891142845 64.595230892300606 74.632575839757919 65.70658004283905 17.475627928972244 24.808290436863899 24.352983832359314 20.504254922270775 56.057330094277859
leaf_count=1628 2958 33 229 47 135 537 13824 808 130195 78027 22189 2639 6524 111 242 121 1018 184 238 175 139 80 86 106 979 122 107 82 1035 163 285 322 279 86 104 103 94 872
internal_value=0.000269616 -0.000108082 0.000377932 -0.0700031 -0.0150132 -0.020208 0.00048857 0.0143614 -5.4936e-05 -0.00371308 0.00225717 -0.0397677 0.00525951 0.0299365 0.0134529 0.0669472 0.047297 -0.00314483 -0.0097266 -0.0188614 -0.0291131 -0.102108 0.0170501 0.0131988 0.0152429 -0.00260845 0.0532674 0.0236458 0.0233972 0.0109322 0.0400994 0.039522 0.0104554 -0.0876248 -0.0062526 0.0983367 -0.0817566 -0.120421
internal_weight=54704.4 53497.7 51805.6 80.704 1692.09 1517.65 51724.9 1953.03 49771.9 19282.4 30489.5 705.932 1531.18 174.442 150.205 57.0624 421.85 811.72 705.353 93.1426 578.117 69.5213 1206.68 1091.76 1069.34 333.659 114.919 69.9148 735.677 416.419 106.368 319.258 285.927 127.815 50.0461 45.004 47.7327 61.7162
internal_count=266906 261696 253846 1032 7850 7066 252814 8579 244235 91851 152384 3401 6753 784 673 256 1826 3665 3196 417 2778 985 5210 4728 4622 1474 482 293 3148 1791 469 1357 1258 623 211 189 216 952
is_linear=0
shrinkage=0.114845


Tree=33
num_leaves=63
num_cat=0
split_feature=25 0 49 0 49 34 30 56 49 0 49 15 3 13 49 30 21 15 37 9 13 33 36 6 28 9 5 12 14 5 21 27 31 15 21 7 1 21 37 34 1 30 12 15 36 16 27 0 14 5 28 37 16 6 37 56 60 60 37 60 5 49
split_gain=24.4433 34.5666 56.0292 29.987 36.3993 38.808 35.9394 41.0082 35.0037 49.2417 29.3635 32.6734 27.4742 26.8896 41.1289 38.7053 25.0211 27.4427 24.1364 54.96 38.9707 24.0913 33.2951 25.8834 24.0277 23.1607 22.2741 25.6575 23.3766 27.9931 22.0145 46.3092 21.6851 31.9747 29.2844 23.2435 21.2375 22.1679 20.4661 22.3834 19.2422 17.7289 17.1827 17.0357 16.0146 16.7427 20.9277 16.1483 15.651 23.1076 22.8893 18.2145 15.0748 20.7212 14.9803 14.262 13.2161 26.7756 20.7157 11.3379 10.2491 9.4021
threshold=0.99415000000000009 0.47111659000000006 0.36905000000000004 0.74317615000000015 0.25585000000000008 128.50000000000003 0.031455000000000004 -1.4206885191223799 0.14820000000000003 1.1176927000000003 0.33985000000000004 1.01495 1.0201108069756908 -0.073174999999999976 0.33265000000000006 0.015155000000000002 11.785000000000002 -0.99104999999999988 0.67825000000000013 1.0000000180025095e-35 0.119715 -0.047149999999999991 0.75005000000000011 -0.012410805682823248 0.045715000000000006 2.5000000000000004 140.85736846923831 -0.42774499999999999 1.0000000180025095e-35 -71.372348785400376 22.770000000000003 0.0035250000000000008 0.11322500000000001 1.03685 13.285000000000002 82.373959028033752 -0.34088019663481312 13.445000000000002 0.57345000000000013 117.50000000000001 -0.15056083482361096 -0.012334999999999999 0.26147500000000007 -1.0000499999999997 0.40985000000000005 1.1314500000000003 0.047005000000000012 0.79514532000000016 4.3432500000000003 6.4050099849700937 0.037025000000000009 1.6101000000000003 -1.2495499999999999 -0.73236608031445016 -0.53404999999999991 0.28251075154118638 2.0151000000000008 2.0369000000000006 0.090750000000000011 2.0591000000000004 5.2540140151977548 0.19575000000000004
decision_type=2 2 2 2 2 2 2 2 2 2 2 2 2 2 2 2 2 2 2 2 2 2 2 2 2 2 2 2 2 2 2 2 2 2 2 2 2 2 2 2 2 2 2 2 2 2 2 2 2 2 2 2 2 2 2 2 2 2 2 2 2 2
left_child=1 2 13 4 5 16 7 24 9 18 11 -8 -9 14 15 -1 61 -18 19 -5 -20 22 -7 -23 -6 -12 28 -28 42 -30 40 -32 33 34 43 -36 55 -38 54 -40 -11 -29 -4 -3 56 46 -46 -47 52 50 -50 -51 59 -54 -15 -35 58 -58 -34 -10 -16 -2
right_child=3 32 26 8 6 21 10 12 48 30 25 -13 -14 38 60 -17 17 -19 20 -21 -22 23 -24 -25 -26 -27 27 41 29 -31 31 -33 44 36 35 -37 37 -39 39 -41 -42 -43 -44 -45 45 47 -48 -49 49 51 -52 -53 53 -55 -56 -57 57 -59 -60 -61 -62 -63
leaf_value=0.19116728597145075 -0.19098300709462351 0.017036983484876887 0.10739214015937626 0.013571580572197059 -0.044809204357805443 -0.0074161583315728655 0.006389180927192018 -0.010819456237702677 -0.0005153134627735262 0.010146312487510845 0.0028387060958541409 -0.047770542667435079 0.0060220590366791863 -9.6408273777552484e-05 -0.11467596816589763 -0.040283992729867241 -0.068068071933164789 -0.022294587123492433 0.033162685741390481 -0.036030972024619932 -0.031823724357476713 -0.020461849708784185 -0.084287025149724887 0.033276843883164244 0.066290834773009372 0.026008487244631007 -0.14359807263283561 -0.056085795883558193 -0.026031716254715342 0.0021830512497615882 -0.024116938702052459 0.087430722762904228 0.036082055615500166 -0.13006972639077299 0.013335738419298969 0.11102720296814739 0.055627853379039853 -0.017768776792561992 0.10450050318789841 -0.085928931089963162 -0.0043357214266746104 -0.0044113816830303656 -0.022414074726562747 -0.051132285144719618 -0.065525626673106324 0.072613988431600815 0.061368073367721307 -0.049739860103260848 0.04074593235317317 0.050690781657775234 0.16832264085300849 -0.060086256140422852 -0.083796806896855244 0.006577042858975226 -0.1042079212038272 -0.0070908189796123258 0.1299632723163279 0.036732555873330075 -0.01947772263851856 0.093357868906486521 0.00075223768622160038 -0.064745698754964331
leaf_weight=21.960355632007122 18.537945277988911 70.518467374145985 46.943017244338989 377.62773388624191 504.34256236255169 342.49031691998243 355.9662101790309 4325.7372360266745 25.504036754369736 1795.136656485498 1367.1172436922789 248.82495853304863 1809.4943025186658 21.881675973534584 27.421893656253815 16.384002432227135 232.85477092862129 690.4709257632494 270.32576079666615 1322.5284039229155 221.11486838757992 190.93576005101204 95.480706222355366 307.81089647859335 26.751101210713387 980.5841444209218 22.189839333295822 116.03807479143143 473.32923065125942 22591.54760860838 85.64127279818058 113.5329469665885 264.14165176451206 34.444650739431381 3288.2526996284723 32.569749861955643 60.564797550439835 508.33137692511082 16.279113009572029 16.201560869812965 3711.5533559173346 366.07778219878674 18.153283149003983 148.52979676425457 75.949371159076691 49.141503304243088 21.812678128480911 19.604015842080116 56.285277128219604 40.982511475682259 28.657881796360016 37.43134543299675 33.587280884385109 5937.8945616111159 140.8672892972827 20.659277334809303 45.951635748147964 388.17040054500103 132.02640107274055 45.888312950730324 14.949893146753309 15.6913003064692
leaf_count=124 110 336 216 1813 2699 1694 1674 24153 111 7876 6520 1221 10108 105 160 76 1275 3558 1346 6381 1089 1021 577 1651 121 4648 103 541 2237 111662 402 481 1125 154 14935 173 271 2346 79 87 16662 1633 83 704 344 217 91 85 245 179 129 155 153 27104 876 93 204 1715 585 194 74 122
internal_value=0.000235074 0.00251497 0.000673265 -0.00235057 -0.00670009 -0.0212563 -0.00382904 -0.00850369 0.001197 -0.00387133 0.00671123 -0.0158228 -0.00584535 -0.050773 0.00448519 0.0911586 -0.0375208 -0.0338845 -0.0185054 -0.0249885 0.00383637 -0.00458448 -0.024272 0.0126184 -0.0391327 0.0125344 0.00127574 -0.022595 0.00179804 0.00160219 0.00174206 0.039253 0.0110396 0.0073829 0.0116154 0.0143067 -0.0165589 -0.00987992 -0.0738376 0.00819914 0.000377555 -0.0169372 0.0705377 -0.0289916 0.0262718 -0.00601824 -0.0367765 0.0371017 0.00765334 0.0427787 0.0842901 -0.00164505 0.00669673 0.00606157 -0.0904723 -0.0847378 0.0327987 0.0466994 0.0174585 0.0592251 -0.0729427 -0.134361
internal_weight=54687.7 29070.9 23910.2 25616.8 11513.1 1894.27 9618.82 6666.33 14103.7 7897.46 2952.49 604.791 6135.23 275.946 80.7161 38.3444 957.555 923.326 2191.6 1700.16 491.441 936.718 437.971 498.747 531.094 2347.7 23634.3 504.306 23130 23064.9 5705.86 199.174 5160.67 4163.87 3539.87 3320.82 624 568.896 195.23 32.4807 5506.69 482.116 65.0963 219.048 996.798 166.508 97.762 68.7455 6206.23 163.357 84.9432 78.4139 6042.87 5971.48 162.749 55.1039 830.29 434.122 396.168 71.3923 42.3718 34.2292
internal_count=266906 141434 118056 125472 61152 10008 51144 37081 64320 36050 14063 2895 34261 1581 434 200 5065 4833 10629 8194 2435 4943 2271 2672 2820 11168 116475 2277 114198 113899 25421 883 23378 19012 16148 15108 2864 2617 1147 166 24538 2174 299 1040 4366 737 435 302 28270 708 374 334 27562 27257 981 247 3629 1919 1710 305 234 232
is_linear=0
shrinkage=0.114845


Tree=34
num_leaves=55
num_cat=0
split_feature=33 58 34 56 58 49 12 30 48 0 18 7 62 62 21 15 23 18 9 31 21 1 35 21 9 18 15 15 1 25 56 28 39 15 5 5 8 39 26 5 29 28 28 6 8 35 6 33 44 7 2 37 29 21
split_gain=21.9486 26.7997 25.9502 24.7745 38.2299 75.4946 37.5348 23.4082 22.5896 44.2202 49.6996 37.7574 42.3373 30.7217 24.4243 22.1735 34.0931 26.3645 22.0729 26.5851 48.8842 37.7764 39.7271 44.949 33.5673 42.2434 37.8332 30.9041 29.472 28.0585 27.9769 21.6165 20.5034 31.7897 49.3652 24.859 42.629 35.0199 29.333 27.5725 26.2641 19.6804 19.4791 17.9721 24.2858 17.7373 19.6984 17.1854 28.3264 27.9116 16.3945 15.2685 12.8046 11.5181
threshold=0.070750000000000021 0.63235163620087576 250.50000000000003 0.36078067288247867 0.75929841750766591 0.66735000000000011 -0.051044999999999993 0.11055500000000001 0.14895000000000003 0.20410903500000002 1.01895 1.0000000180025095e-35 1.7512442974955336 3.1937784115157717 11.920000000000002 1.0000500000000001 44.035000000000004 0.96355000000000013 2.5000000000000004 -0.017354999999999999 23.570000000000004 -0.19778358181323311 12.500000000000002 14.930000000000001 3.5000000000000004 -1.1251499999999999 1.0537500000000002 0.99615000000000009 -0.55663436405377931 2.7048500000000004 0.4814621398923955 0.007895000000000001 0.016650000000000002 1.0482500000000001 0.55380561947822582 -5.9309957027435294 -0.047850370999999996 0.022950000000000002 0.86365000000000014 -9.9099845886230451 -0.0060549999999999988 -0.0026749999999999999 -0.015975 0.26098707613926514 0.061871409000000009 2.5000000000000004 -0.14568791448591578 -0.0085499999999999986 0.41705000000000009 99.840443671447233 0.055445761967501055 -0.73394999999999988 -0.00063499999999999993 17.110000000000003
decision_type=2 2 2 2 2 2 2 2 2 2 2 2 2 2 2 2 2 2 2 2 2 2 2 2 2 2 2 2 2 2 2 2 2 2 2 2 2 2 2 2 2 2 2 2 2 2 2 2 2 2 2 2 2 2
left_child=1 2 8 4 51 31 -7 15 9 10 -1 12 -10 -11 -13 16 -4 -17 32 20 24 22 28 -24 25 -20 -26 -22 -21 30 -23 -6 33 45 -35 38 40 -38 41 -40 -37 -34 -31 47 -45 50 -47 49 -49 -5 -2 -3 -53 -36
right_child=18 3 7 43 5 6 -8 -9 11 13 -12 14 -14 -15 -16 17 -18 -19 19 21 27 29 23 -25 26 -27 -28 -29 -30 42 -32 -33 35 34 53 36 37 -39 39 -41 -42 -43 -44 44 -46 46 -48 48 -50 -51 -52 52 -54 -55
leaf_value=-0.044945136283879042 0.10817752202894076 0.061536927510474085 -0.031607613834507782 -0.0091319885122009854 0.28316409849280988 0.075008244389206974 -0.10164662465256254 0.078585904723653954 0 -0.0024676114961371533 0.03139452761788325 0.050919430116506577 0.31878769323928491 0.017475107867443534 0.003723221977081454 0.030519772182267091 0.035053244688637221 -0.072504483074729495 0.042796343957066649 0.10194106459206542 0.0076219204663212194 0.015242650065518669 0.064092410140159164 -0.005948171590266318 0.0126968340466606 -0.020332890197488292 -0.061807394058252099 0.19946693482752187 0.037890591833859122 0.049708356310931567 -0.0037453512612585223 0.060397197302288652 -0.0064166268883598023 0.22056218355983007 0.070574989343454617 0.018591820621077518 0.04963254237744142 0.00086736286809556504 -0.012923578196101199 -0.058898425582589536 0.072972986840429591 0.025478990468452419 -0.043466762236036849 0.13478732236735186 -0.03198768403827499 0.010873847459623193 -0.036280215193981391 -0.088632605028041142 0.069417202685980409 0.14352037154949948 -0.00051811612645983652 -0.02469625106798224 -0.099582999231967367 -0.027324237449885647
leaf_weight=587.12295215576887 21.743875101208687 9.5875991769134981 352.0420845001936 292.94922207295895 13.466500964015724 22.550351522862911 52.035485943779349 28.972188159823418 11.312918879091741 21063.705426428467 138.45511717349291 148.3952916637063 10.740541361272333 1070.2495373561978 5988.2556226402521 38.665124446153641 141.54186274856329 196.76262950897217 153.88793544471264 119.97942143678665 20.177161455154419 3109.3084509111941 156.85137489438057 523.15400644764304 1621.5388506837189 1491.496373847127 95.02274714410305 25.911001667380333 475.59658905118704 33.920550331473351 1520.8668572455645 11.022774212062357 1383.3449058718979 17.91120383143425 24.20609712600708 440.60712711513042 198.05651815235615 10228.641520198435 565.88946304470301 249.47142844647169 161.33571715652943 312.78742237389088 214.63936403393745 26.159561604261398 19.972452849149704 139.76311026513577 674.20347382873297 75.076135762035847 18.372455812990665 16.694800958037376 110.84144128859043 39.471725471317768 153.52729552984238 45.443874299526215
leaf_count=3538 102 61 2149 1711 97 240 687 134 77 102187 733 715 91 5517 29141 193 779 1128 670 522 95 14919 703 2471 7638 7128 437 121 2118 148 7165 90 6458 83 110 1980 952 48999 2762 1232 710 1466 1005 115 88 657 3373 721 96 119 519 268 1475 213
internal_value=0.000200587 -0.00184483 -0.00130294 -0.0232762 -0.048753 0.00932565 -0.0476643 -0.0222823 -0.000753472 -0.00241795 -0.0303191 0.00541771 0.155481 -0.00150139 0.00487147 -0.0263496 -0.0124052 -0.0554031 0.00278932 0.00707692 -0.001049 0.0115837 0.0291909 0.0101448 -0.00267185 -0.0144027 0.00854767 0.116405 0.0508653 0.00697142 0.00899647 0.184639 -2.09009e-05 -0.0156106 0.050447 0.00116659 0.00351765 0.00179776 -0.00914053 -0.0270426 0.0332383 -0.000509522 -0.0305796 -0.00607306 0.0616585 -0.0217664 -0.0281311 -0.0139305 -0.0571024 -0.000763652 0.0169861 -0.077367 -0.0844885 0.00608689
internal_weight=54663.7 30527.1 29776.2 750.886 301.662 99.0751 74.5858 757.984 29018.2 22859.5 725.578 6158.7 22.0535 22134 6136.65 729.012 493.584 235.428 24136.6 9562.35 3408.03 6154.32 1275.58 680.005 3361.95 1645.38 1716.56 46.0882 595.576 4878.74 4630.18 24.4893 14574.2 1034.11 87.5612 13540.1 11028.6 10426.7 2511.49 815.361 601.943 1696.13 248.56 449.225 46.132 946.552 813.967 403.093 93.4486 309.644 132.585 202.587 192.999 69.65
internal_count=266906 152150 146382 5768 2918 1114 927 4383 141999 111975 4271 30024 168 107704 29856 4249 2928 1321 114756 45140 16089 29051 5814 3174 15873 7798 8075 216 2640 23237 22084 187 69616 5057 406 64559 52641 49951 11918 3994 2690 7924 1153 2850 203 4651 4030 2647 817 1830 621 1804 1743 323
is_linear=0
shrinkage=0.114845


Tree=35
num_leaves=32
num_cat=0
split_feature=23 37 34 27 5 13 62 3 30 8 29 1 13 21 2 0 8 34 6 30 45 22 14 13 43 29 39 29 15 16 34
split_gain=21.0775 31.2727 23.3649 20.0848 22.3594 26.4228 30.6931 24.2101 22.7688 22.272 21.5873 20.0766 39.0392 31.1369 15.6581 15.4619 12.5762 11.7043 10.5168 9.60485 13.477 13.0685 12.8121 12.1406 11.4718 12.0098 9.22496 12.7669 7.36523 4.6202 3.72168
threshold=-87.254999999999981 0.18035000000000004 6.5000000000000009 -0.064324999999999979 -71.372348785400376 -1.7362199999999997 0.3350229809261267 1.2286005218811982 0.098755000000000023 -0.011493444499999998 -0.042274999999999993 0.15162521636624313 0.32998000000000005 21.885000000000002 0.54636660799597692 0.40513526000000005 0.039220690000000009 244.50000000000003 0.06744009082172811 0.087395000000000014 3.4096000000000006 2.1517500000000003 0.93435000000000012 0.50093500000000002 2.5000000000000004 -0.082194999999999976 0.43465000000000004 0.0085450000000000022 0.97845000000000015 0.85425000000000006 37.500000000000007
decision_type=2 2 2 2 2 2 2 2 2 2 2 2 2 2 2 2 2 2 2 2 2 2 2 2 2 2 2 2 2 2 2
left_child=1 -1 -3 19 8 6 7 -6 10 -8 17 12 -7 -13 -12 18 -17 -5 -10 20 24 23 -23 -22 25 -2 27 28 -21 -26 -29
right_child=3 2 -4 4 5 11 9 -9 15 -11 14 13 -14 -15 -16 16 -18 -19 -20 26 21 22 -24 -25 29 -27 -28 30 -30 -31 -32
leaf_value=-0.12510690065930141 0.031311048601738688 0.092588466535596034 -0.088885490395437208 -0.0031086953581206827 0.066099578247516388 -2.5696747633661908e-05 0.037909233341464156 -0.012337842886646333 -0.06938710546245215 -0.033430962373969517 -0.064666751656036581 -0.0051464240012188142 0.011294588456129762 0.022752186232920059 -0.020631662822047332 0.11230218664773178 0.0046733764975242361 -0.095842299184848656 0.039073106316191146 0.12009020814439589 -0.0013931266757393598 -0.11772138726326579 -0.018285103308672945 0.088571494108706544 0.02652402688103566 0.0023327073356575767 0.113071291024709 0.013969984818643345 0.029960775252477229 0.10184748561051131 -0.054773117996095057
leaf_weight=43.324585691094398 344.90797896683216 22.506062116473913 15.888376541435717 511.94052478671074 242.60132370889187 34362.43213782087 95.06439220905304 64.918815031647682 24.140911936759949 146.351293168962 201.21624276787043 12266.487341143191 4548.9019881337881 550.87623333930969 234.57349117100239 37.817816004157066 24.418544098734856 18.671697050333023 22.596561938524246 21.331292822957039 73.055055394768715 19.585111811757088 151.82520227134228 26.688178926706314 19.62760517001152 423.99251286685467 22.58391147851944 20.997018128633499 31.15839421749115 29.771777808666229 19.293111428618431
leaf_count=781 1459 131 161 2312 1062 169861 417 274 115 642 1014 59496 21455 2407 1116 165 107 87 105 88 321 87 660 113 84 1864 93 88 131 128 82
internal_value=0.000169904 -0.0581096 0.0163793 0.00025798 -7.23527e-05 0.000264041 0.0253279 0.0494023 -0.0164653 -0.0051619 -0.0221033 -1.10668e-06 0.0012966 -0.00394404 -0.0410618 0.0331426 0.0707598 -0.00645236 -0.0160358 0.0149216 0.0115326 -0.0105563 -0.0298957 0.0222508 0.0189042 0.0153871 0.0465552 0.029904 0.0674019 0.0727838 -0.0178887
internal_weight=54639.5 81.719 38.3944 54557.8 53353 52277.6 548.936 307.52 1075.38 241.416 966.402 51728.7 38911.3 12817.4 435.79 108.974 62.2364 530.612 46.7375 1204.82 1089.45 271.154 171.41 99.7432 818.3 768.9 115.364 92.7798 52.4897 49.3994 40.2901
internal_count=266906 1073 292 265833 260635 255614 2395 1336 5021 1059 4529 253219 191316 61903 2130 492 272 2399 220 5198 4716 1181 747 434 3535 3323 482 389 219 212 170
is_linear=0
shrinkage=0.114845


Tree=36
num_leaves=53
num_cat=0
split_feature=5 60 30 3 43 5 23 5 60 7 2 12 37 23 27 15 1 37 21 16 37 21 37 37 3 60 30 60 21 7 62 8 28 37 37 27 30 28 58 60 9 38 30 2 35 13 21 30 15 13 3 35
split_gain=27.6042 30.4201 29.614 37.6445 29.6 42.6369 26.708 27.649 26.6763 47.8744 39.7376 39.1003 34.5797 174.011 69.611 25.0815 24.3583 24.7781 32.2182 30.305 19.9707 19.5361 19.2632 18.7929 18.84 17.0677 19.1365 27.4178 20.0842 16.9451 40.5126 17.2812 16.7607 23.772 16.2685 15.8725 15.2205 19.358 14.8504 14.5573 14.3079 13.1999 13.0199 12.9755 12.1879 14.6494 13.4088 11.2929 11.1042 10.7548 9.32727 5.67571
threshold=-35.211727142333977 1.9665000000000001 -0.11422999999999998 0.79586156551659104 7.5000000000000009 8.056551933288576 28.175000000000004 18.677741050720218 1.9993000000000003 69.291525428704219 0.97234112311251175 -0.29353499999999993 -0.084049999999999986 40.675000000000004 0.0082150000000000018 -1.0549499999999996 -0.73040829335260871 -0.29204999999999998 12.430000000000001 1.0675500000000002 -0.29204999999999998 18.810000000000006 -0.33704999999999996 -0.48644999999999994 1.15110950927016 1.9941000000000002 0.10314500000000001 2.0843000000000003 14.145000000000001 39.480753726386318 0.95391015053990935 -0.055601208499999992 0.035295000000000007 0.34635000000000005 0.78975000000000006 -0.089664999999999981 0.094645000000000021 0.006425000000000001 0.49788924577857224 1.8139000000000003 1.5000000000000002 1.0000000180025095e-35 0.021045000000000005 0.36761799581492677 22.500000000000004 -0.086404999999999982 15.560000000000002 -0.10282499999999999 -1.1225499999999997 0.31908000000000009 0.60054129179541416 12.500000000000002
decision_type=2 2 2 2 2 2 2 2 2 2 2 2 2 2 2 2 2 2 2 2 2 2 2 2 2 2 2 2 2 2 2 2 2 2 2 2 2 2 2 2 2 2 2 2 2 2 2 2 2 2 2 2
left_child=15 2 3 6 8 44 21 -8 9 11 -11 -3 13 -10 -14 23 36 18 -18 -19 22 -2 35 51 38 32 28 -28 -27 31 -31 -5 40 -34 47 50 37 -4 43 -38 -22 -24 -7 -25 45 -6 -46 -26 -36 -37 -17 -1
right_child=1 4 16 29 5 42 7 -9 12 10 -12 -13 14 -15 -16 20 17 19 -20 -21 25 -23 41 24 34 26 27 -29 -30 30 -32 -33 33 -35 48 49 39 -39 -40 -41 -42 -43 -44 -45 46 -47 -48 -49 -50 -51 -52 -53
leaf_value=-0.1094334494825223 0.033915116829409439 0.010501743688883302 0.019917530659681246 0.0056171878403681562 -0.0063576911314061008 -0.012084507946357802 0.052562553231070723 0.14521838666306086 -0.0062451039003809904 -0.048525153747282418 0.14888294801239663 -0.0090289203346061789 -0.0065361036487541291 0.032811336570961996 0.0072214692326242075 0.10298805636265056 -0.051804523825032978 0.0085907990320833842 -0.0016034856282599026 -0.021772679799073155 -0.069083682802636964 -0.059818817681000606 0.13651082027875161 0.085917565620101236 -0.091770674334667235 -0.05772139156106363 0.096963829853454558 -0.037081771662698486 -0.0088510740459776995 0.11996172068944259 -0.07623133025893114 -0.053694254058132142 0.038924240088317373 -0.047245208541211128 0.050299452041704801 -0.024086895667957801 0.043765578310101562 0.073341391884849005 0.1371869462045523 -0.045347579050797893 -0.030770723744662241 0.0018714811644816641 0.1064836956185909 0.013247632287752291 0.06103378184141936 -0.11066776565508034 -0.10640067860166728 -0.0063857838888790085 -0.001436734208241643 0.0034303717575697237 0.0168622676493978 -0.017485518238803462
leaf_weight=19.856171369552612 122.67036420106888 1729.0423822104931 267.10052194446325 385.31558577716351 22.687123108655214 23.189464397728443 226.46076843142509 53.347121402621269 4168.1031615380198 453.12906461395323 13.761113174259661 6177.0908409096301 13843.345639493316 2353.3959956653416 7465.6730639077723 19.87340746819973 173.71735443919897 7238.4626506902277 5863.6939304694533 460.45547088980675 229.82610295712948 38.348791390657425 21.404916644096375 46.108732327818871 35.802649050951004 139.72549439221621 47.238590002059937 34.489562198519707 554.00603228807449 44.448368459939957 19.910761952400208 77.737829640507698 81.341682985424995 87.531295731663704 81.464981868863106 456.02844580262899 38.731796965003014 137.09651747345924 21.342960119247437 63.484312787652016 306.31297160685062 18.607945069670677 24.532007589936256 115.55624012649059 15.871328655630352 99.524876248091459 10.431594260036944 50.343794599175453 162.06382088363171 313.79318614304066 114.19365841150284 18.28770050406456
leaf_count=94 534 8182 1230 1652 178 124 994 227 20802 3256 76 31287 69370 12097 35863 84 879 34499 26529 2110 1127 171 96 200 153 692 217 159 2655 192 91 345 354 417 336 2170 163 592 97 275 1483 89 117 502 145 827 84 220 694 1419 480 86
internal_value=-0.000244844 0.000374434 0.00468821 0.0241304 -0.00142706 -0.0459157 0.0489068 0.0703806 -0.00118474 -0.00686863 -0.0426153 -0.00475224 0.000523768 0.00784255 -0.0017141 -0.0110018 0.00336351 0.00244819 -0.00305502 0.00676928 -0.0160352 0.0113261 -0.00292967 0.0110743 0.0169268 -0.024362 -0.0125214 0.0398739 -0.0187557 0.00334067 0.0586023 -0.00424792 -0.0373251 -0.00548691 0.000393211 -0.00642505 0.0281071 0.0381436 0.0464776 -0.0111632 -0.0472739 0.0749639 0.0479732 0.034238 -0.0763719 -0.0916532 -0.00374741 -0.0423675 0.0156948 -0.0128149 0.0299476 -0.0664692
internal_weight=54586 51610.8 15211 968.24 36399.8 196.236 440.827 279.808 36203.5 8373.02 466.89 7906.13 27830.5 6521.5 21309 2975.2 14242.7 13736.3 6037.41 7698.92 2424.37 161.019 943.902 550.827 512.683 1480.47 775.46 81.7282 693.732 527.413 64.3591 463.053 705.012 168.873 329.675 903.889 506.413 404.197 183.008 102.216 536.139 40.0129 47.7215 161.665 148.515 122.212 26.3029 86.1464 243.529 769.822 134.067 38.1439
internal_count=266715 252891 70483 4206 182408 1475 1926 1221 180933 42801 3332 39469 138132 32899 105233 13824 66277 64017 27408 36609 11442 705 4338 2382 2202 7104 3723 376 3347 2280 283 1997 3381 771 1403 4153 2260 1822 799 438 2610 185 241 702 1234 1005 229 373 1030 3589 564 180
is_linear=0
shrinkage=0.114845


end of trees

feature_importances:
india_vix=250
open_to_cpr_dist=197
expiry_dist=163
dist_s1=95
dist_r1=88
dist_hi52=67
mom10=66
dist_lo52=65
dow=55
mom20=54
sg_vel=52
rsi14=51
mom5=49
vwap_dist=47
market_rs_5d=47
mom3=44
atr_pct_rank=42
ema200_dist=41
rsi_dir=38
cpr_width_pct=37
market_rs_20d=36
cpr_midpoint_trend=35
days_since_52hi=31
conf_vol=27
vol_accel_delta=27
cpr_overlap_pct=27
cpr_rsi_squeeze=27
cpr_width_percentile_252d=26
vol_rank=25
cpr_pos=25
cpr_expansion_factor=24
rs_direction_alignment=24
cpr_zone_vol_ratio=19
overlap_vol_signal=18
cpr_vol_interaction=17
cpr_compress=16
vol_accel=15
narrow_breakout_vol=12
n_rules_fired=8
atr_to_cpr_ratio=7
sector_rs_20d=6
consecutive_narrow_cprs=6
cpr_above_prev_cpr=5
prev_day_ochoa_type=5
prev_cpr_respected=3
open_inside_cpr=2
hi52_dir=1

parameters:
[boosting: gbdt]
[objective: binary]
[metric: auc]
[tree_learner: serial]
[device_type: cpu]
[data_sample_strategy: bagging]
[data: ]
[valid: ]
[num_iterations: 3000]
[learning_rate: 0.114845]
[num_leaves: 175]
[num_threads: 2]
[seed: 42]
[deterministic: 0]
[force_col_wise: 0]
[force_row_wise: 0]
[histogram_pool_size: -1]
[max_depth: 6]
[min_data_in_leaf: 82]
[min_sum_hessian_in_leaf: 0.001]
[bagging_fraction: 0.884923]
[pos_bagging_fraction: 1]
[neg_bagging_fraction: 1]
[bagging_freq: 6]
[bagging_seed: 400]
[bagging_by_query: 0]
[feature_fraction: 0.97316]
[feature_fraction_bynode: 1]
[feature_fraction_seed: 30056]
[extra_trees: 0]
[extra_seed: 12879]
[early_stopping_round: 0]
[early_stopping_min_delta: 0]
[first_metric_only: 0]
[max_delta_step: 0]
[lambda_l1: 0.37164]
[lambda_l2: 0.000176369]
[linear_lambda: 0]
[min_gain_to_split: 0]
[drop_rate: 0.1]
[max_drop: 50]
[skip_drop: 0.5]
[xgboost_dart_mode: 0]
[uniform_drop: 0]
[drop_seed: 17869]
[top_rate: 0.2]
[other_rate: 0.1]
[min_data_per_group: 100]
[max_cat_threshold: 32]
[cat_l2: 10]
[cat_smooth: 10]
[max_cat_to_onehot: 4]
[top_k: 20]
[monotone_constraints: ]
[monotone_constraints_method: basic]
[monotone_penalty: 0]
[feature_contri: ]
[forcedsplits_filename: ]
[refit_decay_rate: 0.9]
[cegb_tradeoff: 1]
[cegb_penalty_split: 0]
[cegb_penalty_feature_lazy: ]
[cegb_penalty_feature_coupled: ]
[path_smooth: 0]
[interaction_constraints: ]
[verbosity: -1]
[saved_feature_importance_type: 0]
[use_quantized_grad: 0]
[num_grad_quant_bins: 4]
[quant_train_renew_leaf: 0]
[stochastic_rounding: 1]
[linear_tree: 0]
[max_bin: 255]
[max_bin_by_feature: ]
[min_data_in_bin: 3]
[bin_construct_sample_cnt: 200000]
[data_random_seed: 175]
[is_enable_sparse: 1]
[enable_bundle: 1]
[use_missing: 1]
[zero_as_missing: 0]
[feature_pre_filter: 1]
[pre_partition: 0]
[two_round: 0]
[header: 0]
[label_column: ]
[weight_column: ]
[group_column: ]
[ignore_column: ]
[categorical_feature: ]
[forcedbins_filename: ]
[precise_float_parser: 0]
[parser_config_file: ]
[objective_seed: 16083]
[num_class: 1]
[is_unbalance: 0]
[scale_pos_weight: 1]
[sigmoid: 1]
[boost_from_average: 1]
[reg_sqrt: 0]
[alpha: 0.9]
[fair_c: 1]
[poisson_max_delta_step: 0.7]
[tweedie_variance_power: 1.5]
[lambdarank_truncation_level: 30]
[lambdarank_norm: 1]
[label_gain: ]
[lambdarank_position_bias_regularization: 0]
[eval_at: ]
[multi_error_top_k: 1]
[auc_mu_weights: ]
[num_machines: 1]
[local_listen_port: 12400]
[time_out: 120]
[machine_list_filename: ]
[machines: ]
[gpu_platform_id: -1]
[gpu_device_id: -1]
[gpu_use_dp: 0]
[num_gpu: 1]

end of parameters

pandas_categorical:[]
