tree
version=v4
num_class=1
num_tree_per_iteration=1
label_index=0
max_feature_idx=4
objective=binary sigmoid:1
feature_names=Column_0 Column_1 Column_2 Column_3 Column_4
feature_infos=[0:0.68302881717681885] [0:0.97078236829134013] [0:0.97078236829134013] [0:0.97078236829134013] none
tree_sizes=893 903 910 910 907 908 907 908 910 905 910 910 914 912 910 912 910 908 907 913 913 918 909 918 915 912 913 907 914 910 915 918 917 913 914 913 912 912 903 913 910 914 910 904 914 1023 1019 1022 1024 918 808 806 806 808 805 810 805 801 807 800 807 809 810 805 807 810 806 812 812 808 1005 1009 1008 1013 801 812 807 807 805 807 912 913 913 902 908 1019 911 1020 908 1014 701 699 800 806 801 908 898 907 898 909 1017 1024 1020 1017 1022 1011 1007 1010 1018 1018 925 921 926 1024 1024 928 1024 1012 1021 917 1018 1017 913 1011 1018 800 901 902 901 903 1013 1012 1011 1017 1021 703 705 905 700 906 1023 1014 1024 1018 1029 903

Tree=0
num_leaves=7
num_cat=0
split_feature=0 1 0 0 1 1
split_gain=3929.89 1878.99 1054.94 2414.36 249.696 190.134
threshold=0.37830866873264318 0.6548939414384185 1.0000000180025095e-35 0.27690196037292486 0.46601813698180911 0.7371246693804977
decision_type=2 2 2 2 2 2
left_child=2 4 -1 -4 -2 -3
right_child=1 5 3 -5 -6 -7
leaf_value=-0.84795473492838092 -0.83478356224973627 -0.77051608402492833 -0.90617894235568797 -0.86139711907550753 -0.81351694201615232 -0.70512402129084306
leaf_weight=11104.429714679718 4698.0521035194397 168.88627767562866 3324.3600010871887 31809.636225700378 1954.4348788261414 325.21595478057861
leaf_count=53061 22449 807 15885 151998 9339 1554
internal_value=-0.856055 -0.821549 -0.861388 -0.865634 -0.828536 -0.727475
internal_weight=53385 7146.59 46238.4 35134 6652.49 494.102
internal_count=255093 34149 220944 167883 31788 2361
is_linear=0
shrinkage=1


Tree=1
num_leaves=7
num_cat=0
split_feature=0 1 0 1 1 1
split_gain=3504.06 1586.93 966.725 2250.32 230.708 149.465
threshold=0.3775478750467301 0.6548939414384185 1.0000000180025095e-35 0.15270957127471027 0.49803394954786756 0.7371246693804977
decision_type=2 2 2 2 2 2
left_child=2 4 -1 -4 -2 -3
right_child=1 5 3 -5 -6 -7
leaf_value=0.0075091362902235783 0.021084612783704323 0.078404887512822263 -0.04781434788561504 -0.0052059374668148254 0.044826339004042766 0.13521401904726968
leaf_weight=11139.881799191236 5646.4874533265829 174.5372251868248 3438.2700652182102 31385.310344934464 1249.7115699052811 343.94647568464279
leaf_count=53061 26734 807 16705 150359 5873 1554
internal_value=-0.000166225 0.0317296 -0.00531156 -0.00941283 0.025387 0.11609
internal_weight=53378.1 7414.68 45963.5 34823.6 6896.2 518.484
internal_count=255093 34968 220125 167064 32607 2361
is_linear=0
shrinkage=0.05


Tree=2
num_leaves=7
num_cat=0
split_feature=1 1 0 0 1 1
split_gain=3235.25 1512.67 1068.33 1929.35 231.239 218.945
threshold=0.35699024176319999 0.6071400953381394 1.0000000180025095e-35 0.27690196037292486 0.45220222174881913 0.7371246693804977
decision_type=2 2 2 2 2 2
left_child=2 4 -1 -4 -2 -3
right_child=1 5 3 -5 -6 -7
leaf_value=0.0071117931282751595 0.015116155747934011 0.067318513541666361 -0.047687896087955567 -0.0067465487117638889 0.032639824651346509 0.12306738354705322
leaf_weight=11173.282884389162 7050.8370893895626 346.10506637394428 3198.6662815660238 28666.612590059638 2568.3018430322409 358.58634826540947
leaf_count=53061 33504 1578 15879 137533 11984 1554
internal_value=-0.000161842 0.0249752 -0.00619157 -0.0108563 0.019795 0.0956867
internal_weight=53362.4 10323.8 43038.6 31865.3 9619.14 704.691
internal_count=255093 48620 206473 153412 45488 3132
is_linear=0
shrinkage=0.05


Tree=3
num_leaves=7
num_cat=0
split_feature=0 1 0 1 1 1
split_gain=2939.57 1332.14 1012.64 1787.71 218.544 186.356
threshold=0.36505606770515447 0.6071400953381394 1.0000000180025095e-35 0.13060431337465436 0.45220222174881913 0.7371246693804977
decision_type=2 2 2 2 2 2
left_child=2 4 -1 -4 -2 -3
right_child=1 5 3 -5 -6 -7
leaf_value=0.0067367256390025087 0.014149595280408085 0.062458157710844522 -0.051205119093118791 -0.0072384169710756471 0.031211557300179694 0.11329288259925224
leaf_weight=11204.764221578836 7843.4186094254255 351.85129503905773 2515.443506732583 28586.962663248181 2467.1768148541451 369.73476764559746
leaf_count=53061 37095 1568 12747 137711 11357 1554
internal_value=-0.000157381 0.0228287 -0.00615131 -0.0107943 0.0182323 0.0885055
internal_weight=53339.4 11032.2 42307.2 31102.4 10310.6 721.586
internal_count=255093 51574 203519 150458 48452 3122
is_linear=0
shrinkage=0.05


Tree=4
num_leaves=7
num_cat=0
split_feature=0 1 0 1 0 1
split_gain=2675.16 1280.18 1116.92 1523.98 231.744 225.674
threshold=0.3562313318252564 0.57517114977836237 1.0000000180025095e-35 0.12439101772607952 0.39525118470191961 0.7371246693804977
decision_type=2 2 2 2 2 2
left_child=2 4 -1 -4 -2 -3
right_child=1 5 3 -5 -6 -7
leaf_value=0.0063825339892347177 0.010674881777380232 0.054768638801006631 -0.051262082429103718 -0.008781765744354365 0.025921178444160715 0.10524128424846571
leaf_weight=11234.44520200789 10036.015206664801 535.02451166510582 2301.777274698019 25508.678512260318 3315.9045800566673 377.8915648162365
leaf_count=53061 47559 2366 11958 123353 15242 1554
internal_value=-0.000152751 0.0183779 -0.00692282 -0.0122977 0.0144612 0.0756612
internal_weight=53309.7 14264.8 39044.9 27810.5 13351.9 912.916
internal_count=255093 66721 188372 135311 62801 3920
is_linear=0
shrinkage=0.05


Tree=5
num_leaves=7
num_cat=0
split_feature=0 1 0 1 0 1
split_gain=2354.45 1181.73 1133.37 1385.69 224.844 206.914
threshold=0.35207128524780279 0.57517114977836237 1.0000000180025095e-35 0.11708235952426067 0.39295041561126715 0.7371246693804977
decision_type=2 2 2 2 2 2
left_child=2 4 -1 -4 -2 -3
right_child=1 5 3 -5 -6 -7
leaf_value=0.0064343258243407479 0.0092437422537737842 0.050905218671202103 -0.051628291051248387 -0.0091313605007125806 0.023409042229586004 0.098600327975916058
leaf_weight=11285.999147057533 11370.636980652809 552.01234149932861 2085.522140622139 23907.443052947521 3717.1633951812983 386.68904837965965
leaf_count=53172 53888 2403 11120 116129 16949 1567
internal_value=9.35893e-05 0.0161202 -0.00679637 -0.0125411 0.0127336 0.0705528
internal_weight=53305.5 16026.5 37279 25993 15087.8 938.701
internal_count=255228 74807 180421 127249 70837 3970
is_linear=0
shrinkage=0.05


Tree=6
num_leaves=7
num_cat=0
split_feature=0 1 0 0 1 0
split_gain=2123.55 1005.09 935.269 1395.12 187.993 171.869
threshold=0.3562313318252564 0.57517114977836237 1.0000000180025095e-35 0.27690196037292486 0.7371246693804977 0.39295041561126715
decision_type=2 2 2 2 2 2
left_child=2 5 -1 -4 -3 -2
right_child=1 4 3 -5 -6 -7
leaf_value=0.0060970017146681973 0.0094566714123848362 0.047595881888110363 -0.043371582078192909 -0.0070665169983731846 0.092826101478664949 0.022055191384614103
leaf_weight=11314.15123039484 9752.0642144829035 558.82625167071819 2965.9705315828323 24541.726438358426 390.10689878463745 3747.271334245801
leaf_count=53172 45893 2399 15888 119360 1567 16949
internal_value=8.63115e-05 0.0164503 -0.00600386 -0.010981 0.06619 0.0129539
internal_weight=53270.1 14448.3 38821.8 27507.7 948.933 13499.3
internal_count=255228 66808 188420 135248 3966 62842
is_linear=0
shrinkage=0.05


Tree=7
num_leaves=7
num_cat=0
split_feature=1 0 1 1 0 1
split_gain=1960.59 974.283 1218.86 949.345 187.876 168.85
threshold=0.31559898281125476 1.0000000180025095e-35 0.11708235952426067 0.57517114977836237 0.3805788010358811 0.7371246693804977
decision_type=2 2 2 2 2 2
left_child=1 -1 -3 4 -2 -5
right_child=3 2 -4 5 -6 -7
leaf_value=0.0057782268005895504 0.0071237048522165341 -0.049433559595725186 -0.0086512485467353396 0.045163339639979837 0.018432682040166844 0.087834189775890845
leaf_weight=11340.70836442709 9829.5270849913359 1988.8363299816847 23248.049784511328 568.21342350542545 5863.1291736364365 391.61681091785431
leaf_count=53172 46908 11123 113508 2412 26538 1567
internal_value=7.97458e-05 -0.00639492 -0.0118652 0.0143015 0.011349 0.0625733
internal_weight=53230.1 36577.6 25236.9 16652.5 15692.7 959.83
internal_count=255228 177803 124631 77425 73446 3979
is_linear=0
shrinkage=0.05


Tree=8
num_leaves=7
num_cat=0
split_feature=0 0 0 1 1 1
split_gain=1783.01 923.574 1120.69 852.839 183.869 158.806
threshold=0.34928041696548467 1.0000000180025095e-35 0.27253854274749761 0.57517114977836237 0.38638286807180994 0.7371246693804977
decision_type=2 2 2 2 2 2
left_child=1 -1 -3 4 -2 -5
right_child=3 2 -4 5 -6 -7
leaf_value=0.0054768951678504825 0.0063140640713128101 -0.043165112106762084 -0.0081237117824032156 0.042145749934405563 0.017174740236559714 0.083467526517836316
leaf_weight=11365.768005073071 10024.379284277558 2546.9631606638432 21910.455674022436 572.56979930400848 6375.5670171827078 391.49585729837418
leaf_count=53172 47446 14302 107403 2405 28933 1567
internal_value=7.36417e-05 -0.00629997 -0.0117729 0.0132229 0.0105362 0.058926
internal_weight=53187.2 35823.2 24457.4 17364 16399.9 964.066
internal_count=255228 174877 121705 80351 76379 3972
is_linear=0
shrinkage=0.05


Tree=9
num_leaves=7
num_cat=0
split_feature=1 0 1 1 1 1
split_gain=1622.4 810.795 1088.08 760.837 157.576 146.247
threshold=0.31559898281125476 1.0000000180025095e-35 0.11708235952426067 0.57517114977836237 0.43708608539924548 0.7371246693804977
decision_type=2 2 2 2 2 2
left_child=1 -1 -3 4 -2 -5
right_child=3 2 -4 5 -6 -7
leaf_value=0.0051919610456689991 0.0077602037967609118 -0.047344213713987914 -0.0079167397851101686 0.039998522957001049 0.020125887253652063 0.079608076085431023
leaf_weight=11389.422061979771 12559.881423309445 1893.3516458272934 23088.151322007179 579.05376760661602 3241.1120263040066 389.98571166396141
leaf_count=53172 59004 11123 113508 2412 14442 1567
internal_value=6.80475e-05 -0.00586426 -0.010905 0.0129341 0.0102967 0.0559392
internal_weight=53141 36370.9 24981.5 16770 15801 969.039
internal_count=255228 177803 124631 77425 73446 3979
is_linear=0
shrinkage=0.05


Tree=10
num_leaves=7
num_cat=0
split_feature=1 0 1 1 1 1
split_gain=1551.45 826.907 964.839 695.76 211.613 54.7075
threshold=0.30989171890187633 1.0000000180025095e-35 0.13060431337465436 0.6548939414384185 0.45220222174881913 0.89911096051100958
decision_type=2 2 2 2 2 2
left_child=1 -1 -3 4 -2 -5
right_child=3 2 -4 5 -6 -7
leaf_value=0.0050567131036281824 0.0078009318317023325 -0.043276600967339991 -0.0081383290364294685 0.055671018232794849 0.022596809384961225 0.088739226700968843
leaf_weight=11431.285700798035 14252.202586263418 2146.3130161613226 21757.137451633811 388.845159471035 2909.9865234643221 184.38040593266487
leaf_count=53263 66812 12769 107261 1580 12722 746
internal_value=5.27398e-05 -0.00600393 -0.0112934 0.0121196 0.0103097 0.0663075
internal_weight=53070.2 35334.7 23903.5 17735.4 17162.2 573.226
internal_count=255153 173293 120030 81860 79534 2326
is_linear=0
shrinkage=0.05


Tree=11
num_leaves=7
num_cat=0
split_feature=1 1 0 0 1 1
split_gain=1402.27 534.857 492.908 1177.86 115.116 52.1594
threshold=0.35699024176319999 0.6548939414384185 1.0000000180025095e-35 0.30989076197147375 0.50639955867794206 0.89911096051100958
decision_type=2 2 2 2 2 2
left_child=2 4 -1 -4 -2 -3
right_child=1 5 3 -5 -6 -7
leaf_value=0.0047945312971110236 0.011494845893658061 0.052879358997914738 -0.023447620730491406 -0.0014108900696815701 0.027515296937740175 0.085292837260044052
leaf_weight=11452.988895401359 8932.6589657664299 388.90078309178352 8303.7906988561153 22477.797364205122 1282.2805737406015 182.29044783115387
leaf_count=53263 40694 1580 43832 109549 5489 746
internal_value=4.8446e-05 0.0161388 -0.0040608 -0.00735563 0.0135059 0.0632238
internal_weight=53020.7 10786.1 42234.6 30781.6 10214.9 571.191
internal_count=255153 48509 206644 153381 46183 2326
is_linear=0
shrinkage=0.05


Tree=12
num_leaves=7
num_cat=0
split_feature=0 0 1 1 0 1
split_gain=1296.36 676.051 896.145 568.599 164.779 50.1569
threshold=0.34928041696548467 1.0000000180025095e-35 0.15270957127471027 0.6548939414384185 0.39772598445415502 0.89911096051100958
decision_type=2 2 2 2 2 2
left_child=1 -1 -3 4 -2 -5
right_child=3 2 -4 5 -6 -7
leaf_value=0.0045464526755955607 0.0070283392490033576 -0.036735231820695963 -0.0066925593163490033 0.050298703923911725 0.019234216417304911 0.082248682840504156
leaf_weight=11473.488870292902 13408.362097129226 2810.8655598312616 21230.466614037752 388.42158555984497 3483.4046987891197 179.65125724673271
leaf_count=53263 62514 16685 105214 1580 15151 746
internal_value=4.47757e-05 -0.00543943 -0.0102051 0.0112001 0.00954542 0.0604028
internal_weight=52974.7 35514.8 24041.3 17459.8 16891.8 568.073
internal_count=255153 175162 121899 79991 77665 2326
is_linear=0
shrinkage=0.05


Tree=13
num_leaves=7
num_cat=0
split_feature=1 0 0 1 0 1
split_gain=1190.29 633.266 842.902 524.235 117.58 106.212
threshold=0.30989171890187633 1.0000000180025095e-35 0.26020793616771704 0.57517114977836237 0.38208876550197607 0.7371246693804977
decision_type=2 2 2 2 2 2
left_child=1 -1 -3 4 -2 -5
right_child=3 2 -4 5 -6 -7
leaf_value=0.0043116617124711104 0.0055290242132274119 -0.043369985252228183 -0.0073238853460355635 0.033384954289127418 0.014334112357293561 0.067700490991889406
leaf_weight=11492.857056722045 11173.910227507353 1752.0641950666904 21815.602552741766 581.51567950844765 5738.6482961326838 368.31269529461861
leaf_count=53263 52675 11094 108936 2372 25273 1540
internal_value=4.1181e-05 -0.00531106 -0.0100036 0.0105466 0.0085167 0.0466914
internal_weight=52922.9 35060.5 23567.7 17862.4 16912.6 949.828
internal_count=255153 173293 120030 81860 77948 3912
is_linear=0
shrinkage=0.05


Tree=14
num_leaves=7
num_cat=0
split_feature=0 0 0 1 1 1
split_gain=1076.98 563.009 798.648 475.382 137.542 48.4455
threshold=0.34928041696548467 1.0000000180025095e-35 0.26020793616771704 0.6548939414384185 0.45220222174881913 0.89911096051100958
decision_type=2 2 2 2 2 2
left_child=1 -1 -3 4 -2 -5
right_child=3 2 -4 5 -6 -7
leaf_value=0.004089391648760936 0.0066204165736303781 -0.042325911823820977 -0.0068337352428218014 0.04565701991353785 0.018538751621668296 0.07746766435537368
leaf_weight=11511.160123854876 14055.098579645157 1707.3870090693235 22112.597603201866 385.25209791958332 2924.3984907418489 173.62956470251083
leaf_count=53263 65134 11100 110799 1580 12531 746
internal_value=3.78429e-05 -0.00499006 -0.00937777 0.0101666 0.00867313 0.0555397
internal_weight=52869.5 35331.1 23820 17538.4 16979.5 558.882
internal_count=255153 175162 121899 79991 77665 2326
is_linear=0
shrinkage=0.05


Tree=15
num_leaves=7
num_cat=0
split_feature=1 0 1 0 0 1
split_gain=958.193 592.359 715.053 444.381 125.728 56.2372
threshold=0.2977491691556699 1.0000000180025095e-35 0.11708235952426067 0.46579270064830786 0.38691134750843054 0.89911096051100958
decision_type=2 2 2 2 2 2
left_child=1 -1 -3 4 -2 -5
right_child=3 2 -4 5 -6 -7
leaf_value=0.0037183530666894324 0.0047763261699317206 -0.041884241828724522 -0.0076944523007801968 0.041578454329735601 0.013849140138039654 0.07561541724155979
leaf_weight=11514.824795722961 14252.141813918948 1658.8150012940168 19582.995238944888 380.92194609344006 5215.9038677662611 178.09472286701202
leaf_count=53200 67193 11161 98471 1582 22606 782
internal_value=-0.000146427 -0.00541394 -0.0103644 0.00846922 0.00720713 0.0524221
internal_weight=52783.7 32756.6 21241.8 20027.1 19468 559.017
internal_count=254995 162832 109632 92163 89799 2364
is_linear=0
shrinkage=0.05


Tree=16
num_leaves=7
num_cat=0
split_feature=0 0 0 0 0 1
split_gain=885.818 637.361 620.742 417.547 127.372 55.365
threshold=0.33800017833709722 1.0000000180025095e-35 0.25629030168056494 0.46579270064830786 0.38691134750843054 0.89911096051100958
decision_type=2 2 2 2 2 2
left_child=1 -1 -3 4 -2 -5
right_child=3 2 -4 5 -6 -7
leaf_value=0.003527507444839437 0.004133531602070732 -0.042168410426548009 -0.0087204341390767093 0.03955753765280199 0.013012078338414682 0.073613797898853708
leaf_weight=11530.486994981766 16558.452721402049 1508.5343874692917 17233.288071751595 380.37644231319427 5342.9521189928055 173.89669495820999
leaf_count=53200 78507 10372 87447 1582 23105 782
internal_value=-0.000140431 -0.00572207 -0.0114127 0.00738413 0.0062995 0.0502423
internal_weight=52728 30272.3 18741.8 22455.7 21901.4 554.273
internal_count=254995 151019 97819 103976 101612 2364
is_linear=0
shrinkage=0.05


Tree=17
num_leaves=7
num_cat=0
split_feature=0 0 1 1 0 1
split_gain=800.049 579.46 587.019 385.636 142.768 20.9509
threshold=0.33800017833709722 1.0000000180025095e-35 0.11708235952426067 0.7371246693804977 0.39772598445415502 0.89911096051100958
decision_type=2 2 2 2 2 2
left_child=1 -1 -3 4 -2 -5
right_child=3 2 -4 5 -6 -7
leaf_value=0.00334672158470831 0.0043732092521728957 -0.04012220210172323 -0.0082127992703251596 0.047247192389052013 0.01508784821704523 0.07181646667457843
leaf_weight=11545.301753282547 18407.402834892273 1574.3233337551355 17057.803436115384 177.03886151313782 3740.7695782035589 170.16796772181988
leaf_count=53200 86517 11144 86675 765 15909 785
internal_value=-0.000134675 -0.00545503 -0.010909 0.00700255 0.00618288 0.0592887
internal_weight=52672.8 30177.4 18632.1 22495.4 22148.2 347.207
internal_count=254995 151019 97819 103976 102426 1550
is_linear=0
shrinkage=0.05


Tree=18
num_leaves=7
num_cat=0
split_feature=1 0 0 1 1 1
split_gain=736.333 454.319 601.248 347.706 123.296 20.6724
threshold=0.2977491691556699 1.0000000180025095e-35 0.25629030168056494 0.7371246693804977 0.51583070182018498 0.89911096051100958
decision_type=2 2 2 2 2 2
left_child=1 -1 -3 4 -2 -5
right_child=3 2 -4 5 -6 -7
leaf_value=0.0031754284900448585 0.0054735398738914006 -0.040444988052107 -0.0068782210373838628 0.045505357844848889 0.021313454080826764 0.070162219409667811
leaf_weight=11559.316635131836 18455.950680807233 1431.9528975337744 19513.84575894475 174.68515385687351 1316.1327870339155 165.58727160096169
leaf_count=53200 85171 10367 99265 765 5442 785
internal_value=-0.000129088 -0.00478171 -0.009173 0.00739037 0.00652793 0.0575042
internal_weight=52617.5 32505.1 20945.8 20112.4 19772.1 340.272
internal_count=254995 162832 109632 92163 90613 1550
is_linear=0
shrinkage=0.05


Tree=19
num_leaves=7
num_cat=0
split_feature=0 0 1 1 0 0
split_gain=672.14 486.617 522.481 330.444 118.518 20.5932
threshold=0.33800017833709722 1.0000000180025095e-35 0.11708235952426067 0.7371246693804977 0.39772598445415502 0.54352456331253063
decision_type=2 2 2 2 2 2
left_child=1 -1 -3 4 -2 -5
right_child=3 2 -4 5 -6 -7
leaf_value=0.0030131077607295029 0.0040100572213344126 -0.038372274369664103 -0.0075647319492257812 0.043802599019747528 0.013749087825594289 0.068677841142240389
leaf_weight=11572.577619552612 18453.467764943838 1497.8950852155685 16946.18775446713 172.14253407716751 3760.4651573896408 161.03188370168209
leaf_count=53200 86517 11144 86675 776 15909 774
internal_value=-0.000123651 -0.00502393 -0.0100667 0.00640002 0.00565872 0.0558255
internal_weight=52563.8 30016.7 18444.1 22547.1 22213.9 333.174
internal_count=254995 151019 97819 103976 102426 1550
is_linear=0
shrinkage=0.05


Tree=20
num_leaves=7
num_cat=0
split_feature=1 0 1 1 1 1
split_gain=613.572 455.148 479.99 331.764 89.1362 75.5959
threshold=0.27952230524100136 1.0000000180025095e-35 0.10933378951179469 0.57517114977836237 0.38638286807180994 0.89911096051100958
decision_type=2 2 2 2 2 2
left_child=1 -1 -3 4 -2 -5
right_child=3 2 -4 5 -6 -7
leaf_value=0.0029657616223387941 0.0028224737229442512 -0.038489829355432034 -0.00743137374972441 0.029020161248039446 0.0096532904000975247 0.067324268812427632
leaf_weight=11548.108160495758 15594.929849043489 1347.2277359962463 16231.459962487221 776.60924139618874 6884.0038657486439 154.42204613983631
leaf_count=53030 74257 10341 83402 3213 30102 775
internal_value=9.85133e-05 -0.00474572 -0.00981169 0.00612574 0.00491436 0.0353733
internal_weight=52536.8 29126.8 17578.7 23410 22478.9 931.031
internal_count=255120 146773 93743 108347 104359 3988
is_linear=0
shrinkage=0.05


Tree=21
num_leaves=7
num_cat=0
split_feature=0 0 0 0 1 1
split_gain=559.345 285.374 537.159 278.853 73.0227 54.3603
threshold=0.34928041696548467 1.0000000180025095e-35 0.27690196037292486 0.44351395964622503 0.89911096051100958 0.38638286807180994
decision_type=2 2 2 2 2 2
left_child=1 -1 -3 5 -5 -2
right_child=3 2 -4 4 -6 -7
leaf_value=0.0028144035349877711 0.0035574255888186235 -0.029921668100972989 -0.0042955227595452804 0.027882666046461502 0.066039638993006716 0.0093721647697344954
leaf_weight=11560.391162633896 10238.382194280624 2266.9077953994274 20882.284189715981 772.66915030777454 149.67508906126022 6617.1942542046309
leaf_count=53030 47528 15967 105878 3238 775 28704
internal_value=9.28583e-05 -0.00360115 -0.00680499 0.00730503 0.0340747 0.00584019
internal_weight=52487.5 34709.6 23149.2 17777.9 922.344 16855.6
internal_count=255120 174875 121845 80245 4013 76232
is_linear=0
shrinkage=0.05


Tree=22
num_leaves=7
num_cat=0
split_feature=1 0 1 1 1 0
split_gain=519.8 420.849 410.151 284.923 80.6026 74.8891
threshold=0.27263566224653329 1.0000000180025095e-35 0.10933378951179469 0.55406394237856837 0.89911096051100958 0.36505606770515447
decision_type=2 2 2 2 2 2
left_child=1 -1 -3 5 -5 -2
right_child=3 2 -4 4 -6 -7
leaf_value=0.0026709246506071136 0.0017164898365548435 -0.036914362208224354 -0.007478208120386712 0.024872437524776837 0.064853051340219195 0.007397778661084993
leaf_weight=11572.017501443624 13287.299113571644 1285.5662384256721 14886.429643586278 969.14266049861908 144.91377878189087 10294.489729940891
leaf_count=53030 64450 10341 77126 4022 775 45376
internal_value=8.76284e-05 -0.00460898 -0.00981819 0.00536394 0.030073 0.00419662
internal_weight=52439.9 27744 16172 24695.8 1114.06 23581.8
internal_count=255120 140497 87467 114623 4797 109826
is_linear=0
shrinkage=0.05


Tree=23
num_leaves=7
num_cat=0
split_feature=1 0 0 0 0 1
split_gain=469.579 382.383 388.697 262.178 70.3224 69.3163
threshold=0.27263566224653329 1.0000000180025095e-35 0.25629030168056494 0.44351395964622503 0.36505606770515447 0.89911096051100958
decision_type=2 2 2 2 2 2
left_child=1 -1 -3 4 -2 -5
right_child=3 2 -4 5 -6 -7
leaf_value=0.0025349046925875474 0.0016683560962246777 -0.035955716895174086 -0.0071066642639522381 0.025530059308568033 0.0071407213924553061 0.063753606501437188
leaf_weight=11583.025106936693 13305.000607192516 1267.4512222707272 14818.388489313424 771.26131738722324 10506.379912257195 140.16276501119137
leaf_count=53030 64485 10331 77136 3236 46127 775
internal_value=8.25947e-05 -0.00439192 -0.00937977 0.00509031 0.00408295 0.0314082
internal_weight=52391.7 27668.9 16085.8 24722.8 23811.4 911.424
internal_count=255120 140497 87467 114623 110612 4011
is_linear=0
shrinkage=0.05


Tree=24
num_leaves=7
num_cat=0
split_feature=1 0 1 1 1 0
split_gain=430.739 428.311 325.332 254.309 103.78 49.7339
threshold=0.25842014474210168 1.0000000180025095e-35 0.10933378951179469 0.50639955867794206 0.7371246693804977 0.36505606770515447
decision_type=2 2 2 2 2 2
left_child=1 -1 -3 5 -5 -2
right_child=3 2 -4 4 -6 -7
leaf_value=0.0024059344441532638 0.0013826045369466735 -0.035274603640639494 -0.0082450064940426306 0.017062788392503501 0.049003642170278111 0.0059364673436535951
leaf_weight=11593.448748290539 15660.309715107083 1224.0687835067511 12294.869787082076 1553.4453283697367 304.08982583880424 9715.032447963953
leaf_count=53030 76506 10341 64459 6373 1565 42846
internal_value=7.78649e-05 -0.00464539 -0.0106924 0.00443334 0.0222917 0.00312607
internal_weight=52345.3 25112.4 13518.9 27232.9 1857.54 25375.3
internal_count=255120 127830 74800 127290 7938 119352
is_linear=0
shrinkage=0.05


Tree=25
num_leaves=7
num_cat=0
split_feature=0 0 0 0 0 1
split_gain=403.032 294.332 365.258 223.327 68.1788 48.7994
threshold=0.33725701272487646 1.0000000180025095e-35 0.24699835479259494 0.44351395964622503 0.54352456331253063 0.38638286807180994
decision_type=2 2 2 2 2 2
left_child=1 -1 -3 5 -5 -2
right_child=3 2 -4 4 -6 -7
leaf_value=0.0022392049609166733 0.0023423322367605026 -0.037301623747849608 -0.0062384784414584171 0.023641008152434223 0.062197090887984835 0.0074192988544558346
leaf_weight=11633.734167069197 15260.048748075962 1003.209415115416 16695.013156190515 748.45972295105457 135.39989022910595 6861.1830027103424
leaf_count=53169 72159 8730 87671 3171 767 29618
internal_value=-5.26857e-05 -0.00393845 -0.00799927 0.00490175 0.0295475 0.00391702
internal_weight=52337 29332 17698.2 23005.1 883.86 22121.2
internal_count=255285 149570 96401 105715 3938 101777
is_linear=0
shrinkage=0.05


Tree=26
num_leaves=7
num_cat=0
split_feature=1 0 0 1 1 0
split_gain=367.854 288.856 331.128 210.281 83.5039 20.2208
threshold=0.27695704678221833 1.0000000180025095e-35 0.24699835479259494 0.7371246693804977 0.46108975360076204 0.54352456331253063
decision_type=2 2 2 2 2 2
left_child=1 -1 -3 4 -2 -5
right_child=3 2 -4 5 -6 -7
leaf_value=0.0021255249524432126 0.0028847630911425599 -0.036416762921799246 -0.0063825689684922256 0.035099280114605232 0.011952553988002365 0.061937218941545226
leaf_weight=11642.926990047097 20837.442079558969 974.82811120897532 15661.294708959758 153.67107027769089 2891.1544213145971 129.18586754798889
leaf_count=53169 97256 8723 82616 763 11998 760
internal_value=-5.06617e-05 -0.00391498 -0.00814248 0.00450047 0.00398961 0.0473567
internal_weight=52290.5 28279 16636.1 24011.5 23728.6 282.857
internal_count=255285 144508 91339 110777 109254 1523
is_linear=0
shrinkage=0.05


Tree=27
num_leaves=7
num_cat=0
split_feature=0 0 0 1 1 0
split_gain=338.333 306.293 291.15 198.024 76.5086 20.1282
threshold=0.33050294220447546 1.0000000180025095e-35 0.24699835479259494 0.7371246693804977 0.46108975360076204 0.54352456331253063
decision_type=2 2 2 2 2 2
left_child=1 -1 -3 4 -2 -5
right_child=3 2 -4 5 -6 -7
leaf_value=0.0020176971509984461 0.002581966364309169 -0.035608266057518934 -0.0069867768699878085 0.033876186511365619 0.011217753939396353 0.0610061617758536
leaf_weight=11651.636522322893 22726.275429934263 949.91142909228802 13750.46807128191 151.31912185251713 2891.0240527242422 124.713099360466
leaf_count=53169 106768 8730 73123 763 11972 760
internal_value=-4.86746e-05 -0.00403714 -0.00883624 0.00401044 0.00355655 0.0461337
internal_weight=52245.3 26352 14700.4 25893.3 25617.3 276.032
internal_count=255285 135022 81853 120263 118740 1523
is_linear=0
shrinkage=0.05


Tree=28
num_leaves=7
num_cat=0
split_feature=0 0 0 0 0 1
split_gain=309.533 362.136 235.974 189.285 61.3963 49.2232
threshold=0.32315836846828466 1.0000000180025095e-35 0.24699835479259494 0.44351395964622503 0.54352456331253063 0.38638286807180994
decision_type=2 2 2 2 2 2
left_child=1 -1 -3 5 -5 -2
right_child=3 2 -4 4 -6 -7
leaf_value=0.001915419072115587 0.001498894625892486 -0.034771318050451153 -0.0084541179390990838 0.021052019574626237 0.059316427070809509 0.0063493599264307938
leaf_weight=11659.888116851449 20995.976542949677 924.78223689645529 10789.247222043574 743.73172080516815 122.03259280323982 6965.8107980191708
leaf_count=53169 101347 8730 58125 3171 767 29976
internal_value=-4.67632e-05 -0.00432259 -0.0105318 0.00342016 0.0264455 0.00270724
internal_weight=52201.5 23373.9 11714 28827.6 865.764 27961.8
internal_count=255285 120024 66855 135261 3938 131323
is_linear=0
shrinkage=0.05


Tree=29
num_leaves=7
num_cat=0
split_feature=1 0 1 1 1 0
split_gain=283.152 221.721 275.553 171.275 61.9055 19.4225
threshold=0.27695704678221833 1.0000000180025095e-35 0.10933378951179469 0.7371246693804977 0.51583070182018498 0.54352456331253063
decision_type=2 2 2 2 2 2
left_child=1 -1 -3 4 -2 -5
right_child=3 2 -4 5 -6 -7
leaf_value=0.0018183957365184309 0.002869910984356616 -0.031495128042577397 -0.0054697246357491335 0.031982451916804579 0.013929817638780951 0.059320386120558836
leaf_weight=11667.707918867469 22446.980536848307 1089.2398105114698 15349.77873314172 147.6087593883276 1340.7938735485077 116.04907202720642
leaf_count=53169 103796 10296 81043 763 5458 760
internal_value=-4.49687e-05 -0.00345285 -0.00719415 0.00393751 0.0034933 0.0440153
internal_weight=52158.2 28106.7 16439 24051.4 23787.8 263.658
internal_count=255285 144508 91339 110777 109254 1523
is_linear=0
shrinkage=0.05


Tree=30
num_leaves=7
num_cat=0
split_feature=0 0 1 0 0 1
split_gain=254.005 222.515 294.22 166.79 40.2857 38.1815
threshold=0.33089138567447668 1.0000000180025095e-35 0.15270957127471027 0.46579270064830786 0.37617294490337377 0.89911096051100958
decision_type=2 2 2 2 2 2
left_child=1 -1 -3 4 -2 -5
right_child=3 2 -4 5 -6 -7
leaf_value=0.0016580863500105796 0.0015965087583852317 -0.02505092044253366 -0.0047136565691501342 0.024959156637688107 0.0059000366601478001 0.05834220604336067
leaf_weight=11704.104134514928 17308.695378661156 2071.1169571876526 12582.716042026877 365.39685995876789 7929.2422540932894 111.87790668010712
leaf_count=53301 82834 16544 66109 1626 33933 779
internal_value=-3.31086e-05 -0.00348235 -0.00758805 0.00350234 0.00294859 0.0327845
internal_weight=52073.1 26357.9 14653.8 25715.2 25237.9 477.275
internal_count=255126 135954 82653 119172 116767 2405
is_linear=0
shrinkage=0.05


Tree=31
num_leaves=7
num_cat=0
split_feature=1 0 1 0 1 1
split_gain=232.251 234.917 249.416 154.953 42.6906 38.0112
threshold=0.25755222095421543 1.0000000180025095e-35 0.10933378951179469 0.46579270064830786 0.46601813698180911 0.89911096051100958
decision_type=2 2 2 2 2 2
left_child=1 -1 -3 4 -2 -5
right_child=3 2 -4 5 -6 -7
leaf_value=0.001574246498177917 0.0020016710609482955 -0.031523455639144958 -0.0061340008093696673 0.023832099659132133 0.0088653071273621219 0.057656071720271776
leaf_weight=11710.867940202355 24430.400820553303 1053.1148843616247 11869.442306660116 363.59015488624573 2497.0594014674425 107.65589249134064
leaf_count=53301 115121 10392 63587 1626 10320 779
internal_value=-3.18695e-05 -0.00355489 -0.0082031 0.00313558 0.00263816 0.0315592
internal_weight=52032.1 24633.4 12922.6 27398.7 26927.5 471.246
internal_count=255126 127280 73979 127846 125441 2405
is_linear=0
shrinkage=0.05


Tree=32
num_leaves=7
num_cat=0
split_feature=0 0 1 0 1 0
split_gain=212.636 186.28 257.386 140.021 37.7732 35.0858
threshold=0.33089138567447668 1.0000000180025095e-35 0.15270957127471027 0.46579270064830786 0.89911096051100958 0.40041238069534307
decision_type=2 2 2 2 2 2
left_child=1 -1 -3 5 -5 -2
right_child=3 2 -4 4 -6 -7
leaf_value=0.0014946965797919089 0.0019869503585258131 -0.023599114275126575 -0.0043146656056400612 0.022756197936110684 0.057005645335553017 0.007576578214140795
leaf_weight=11717.279894560575 22054.878573894501 2007.4451737776399 12530.768848821521 361.78831572830677 103.54425267875195 3216.8922443985939
leaf_count=53301 103390 16544 66109 1626 779 13377
internal_value=-3.06911e-05 -0.00319652 -0.00697747 0.0031989 0.0303773 0.00269846
internal_weight=51992.6 26255.5 14538.2 25737.1 465.333 25271.8
internal_count=255126 135954 82653 119172 2405 116767
is_linear=0
shrinkage=0.05


Tree=33
num_leaves=7
num_cat=0
split_feature=1 0 0 1 1 0
split_gain=194.578 196.978 225.069 131.272 47.9856 20.8852
threshold=0.25755222095421543 1.0000000180025095e-35 0.25629030168056494 0.7371246693804977 0.46601813698180911 0.54352456331253063
decision_type=2 2 2 2 2 2
left_child=1 -1 -3 4 -2 -5
right_child=3 2 -4 5 -6 -7
leaf_value=0.0014192032012808539 0.001836362660848788 -0.030096731726642786 -0.0056018997385742335 0.026868634759500149 0.0088516076405206687 0.056372836892962103
leaf_weight=11723.359853759408 24465.02381169796 1018.8101399466395 11793.085343956947 143.83828637003899 2707.367444679141 102.88294843584299
leaf_count=53301 115151 10335 63644 786 11134 775
internal_value=-2.95058e-05 -0.00326423 -0.00754974 0.002865 0.00253534 0.0391719
internal_weight=51954.4 24535.3 12811.9 27419.1 27172.4 246.721
internal_count=255126 127280 73979 127846 126285 1561
is_linear=0
shrinkage=0.05


Tree=34
num_leaves=7
num_cat=0
split_feature=0 0 1 1 1 0
split_gain=177.962 155.838 225.104 120.665 40.04 20.7456
threshold=0.33089138567447668 1.0000000180025095e-35 0.15270957127471027 0.7371246693804977 0.50639955867794206 0.54352456331253063
decision_type=2 2 2 2 2 2
left_child=1 -1 -3 4 -2 -5
right_child=3 2 -4 5 -6 -7
leaf_value=0.0013475621321863845 0.0020870997068402359 -0.022214594976501207 -0.0039444357426585853 0.025887426784932107 0.010400359993655052 0.055710933300526712
leaf_weight=11729.124496981502 23974.211841702461 1949.1880273744464 12482.414829462767 141.87651273608208 1541.5421621799469 98.998575367033482
leaf_count=53301 111341 16544 66109 786 6270 775
internal_value=-2.83816e-05 -0.00293305 -0.00641207 0.00292186 0.00258935 0.0381448
internal_weight=51917.4 26160.7 14431.6 25756.6 25515.8 240.875
internal_count=255126 135954 82653 119172 117611 1561
is_linear=0
shrinkage=0.05


Tree=35
num_leaves=7
num_cat=0
split_feature=0 0 1 1 1 0
split_gain=187.501 191.721 167.396 125.748 45.0382 18.8025
threshold=0.32238020002841955 1.0000000180025095e-35 0.10933378951179469 0.7371246693804977 0.37533456087230704 0.54352456331253063
decision_type=2 2 2 2 2 2
left_child=1 -1 -3 4 -2 -5
right_child=3 2 -4 5 -6 -7
leaf_value=0.0011429794771102867 0.0011695364783322424 -0.028034583370873202 -0.0061443656566535143 0.027436977509567168 0.0054724156904061676 0.05618724026560027
leaf_weight=11722.702816575766 20294.326785176992 956.75918611139059 10016.769765846431 139.83209995925426 8683.4767533689737 95.84968838095665
leaf_count=53247 98264 10252 54667 784 37184 778
internal_value=0.000106077 -0.0033032 -0.00805293 0.00275478 0.00245894 0.0391295
internal_weight=51909.7 22696.2 10973.5 29213.5 28977.8 235.682
internal_count=255176 118166 64919 137010 135448 1562
is_linear=0
shrinkage=0.05


Tree=36
num_leaves=7
num_cat=0
split_feature=0 0 0 1 1 0
split_gain=169.429 174.142 159.299 116.938 40.5665 18.7651
threshold=0.32238020002841955 1.0000000180025095e-35 0.23585778474807742 0.7371246693804977 0.37533456087230704 0.54352456331253063
decision_type=2 2 2 2 2 2
left_child=1 -1 -3 4 -2 -5
right_child=3 2 -4 5 -6 -7
leaf_value=0.0010853939503438594 0.0011105141445101891 -0.032150675030309724 -0.0061980800478878889 0.026456371523574024 0.005192118704991238 0.055606888665271963
leaf_weight=11727.330171078444 20304.040777951479 627.31152588129044 10293.780864387751 137.8164571672678 8694.356404080987 92.102522373199463
leaf_count=53247 98264 7153 57766 784 37184 778
internal_value=0.000100552 -0.00314553 -0.00768881 0.00261588 0.00233427 0.0381337
internal_weight=51876.7 22648.4 10921.1 29228.3 28998.4 229.919
internal_count=255176 118166 64919 137010 135448 1562
is_linear=0
shrinkage=0.05


Tree=37
num_leaves=7
num_cat=0
split_feature=1 0 1 1 1 1
split_gain=155.136 132.245 163.391 107.542 37.1861 18.9147
threshold=0.25842014474210168 1.0000000180025095e-35 0.10933378951179469 0.7371246693804977 0.51583070182018498 0.89911096051100958
decision_type=2 2 2 2 2 2
left_child=1 -1 -3 4 -2 -5
right_child=3 2 -4 5 -6 -7
leaf_value=0.0010307288051544451 0.0019700468638160513 -0.026562809422225411 -0.004742301302260857 0.025734966189330924 0.010441606144499037 0.055611435585922457
leaf_weight=11731.719492942095 25797.432489022613 925.14890355616808 11803.179183274508 138.57661116123199 1363.8544167727232 85.762298956513405
leaf_count=53247 120362 10298 64173 786 5534 776
internal_value=9.53222e-05 -0.00279871 -0.00632831 0.00268019 0.00239543 0.0371564
internal_weight=51845.7 24460 12728.3 27385.6 27161.3 224.339
internal_count=255176 127718 74471 127458 125896 1562
is_linear=0
shrinkage=0.05


Tree=38
num_leaves=7
num_cat=0
split_feature=0 1 0 1 1 0
split_gain=142.908 95.9917 71.0982 180.727 27.0188 18.9564
threshold=0.3420263677835465 0.7371246693804977 1.0000000180025095e-35 0.10933378951179469 0.55406394237856837 0.54352456331253063
decision_type=2 2 2 2 2 2
left_child=2 4 -1 -4 -2 -3
right_child=1 5 3 -5 -6 -7
leaf_value=0.00097883660615241848 0.002561643065604355 0.024444998083546401 -0.025772042100675508 -0.0028804756548627217 0.0120038810059195 0.0546154308473508
leaf_weight=11735.883477240801 20045.92622923851 133.6110971570015 905.27657286822796 18122.087242133915 787.3868303745985 85.302848279476166
leaf_count=53247 90604 784 10295 96283 3185 778
internal_value=9.03907e-05 0.0032646 -0.00208182 -0.0039696 0.00291851 0.0362013
internal_weight=51815.5 21052.2 30763.2 19027.4 20833.3 218.914
internal_count=255176 95351 159825 106578 93789 1562
is_linear=0
shrinkage=0.05


Tree=39
num_leaves=7
num_cat=0
split_feature=0 0 0 1 1 1
split_gain=133.922 137.086 134.042 93.427 31.8855 19.1753
threshold=0.32238020002841955 1.0000000180025095e-35 0.23585778474807742 0.7371246693804977 0.50639955867794206 0.89911096051100958
decision_type=2 2 2 2 2 2
left_child=1 -1 -3 4 -2 -5
right_child=3 2 -4 5 -6 -7
leaf_value=0.00092957085234989401 0.0016811102033446716 -0.030118003541576396 -0.0055408596702837326 0.023757263104367467 0.0090372055193202894 0.054763774723990133
leaf_weight=11739.834025606513 27475.458599090576 586.63834050297737 10214.164951249957 134.44622099399567 1556.5766435414553 79.257181771099567
leaf_count=53247 129127 7153 57766 786 6321 776
internal_value=8.57417e-05 -0.00281051 -0.00687575 0.00231797 0.00207551 0.0352568
internal_weight=51786.4 22540.6 10800.8 29245.7 29032 213.703
internal_count=255176 118166 64919 137010 135448 1562
is_linear=0
shrinkage=0.05


Tree=40
num_leaves=7
num_cat=0
split_feature=0 0 0 1 0 1
split_gain=120.977 157.807 111.527 87.5403 35.0352 18.4945
threshold=0.31902863085269934 1.0000000180025095e-35 0.23585778474807742 0.7371246693804977 0.39295041561126715 0.89911096051100958
decision_type=2 2 2 2 2 2
left_child=1 -1 -3 4 -2 -5
right_child=3 2 -4 5 -6 -7
leaf_value=0.001116960445102395 0.0011916245174771645 -0.028877963200409251 -0.0061730239000770386 0.022981647864892721 0.0059352343512812491 0.053694851800087533
leaf_weight=11705.868336260319 25537.510576151311 575.42305018007755 9002.7338452413678 134.1464554220438 4592.4814649820328 77.236568808555603
leaf_count=53076 122178 7191 51499 794 19072 790
internal_value=0.000112397 -0.00277749 -0.00753706 0.00213961 0.00191466 0.0342038
internal_weight=51625.4 21284 9578.16 30341.4 30130 211.383
internal_count=254600 111766 58690 142834 141250 1584
is_linear=0
shrinkage=0.05


Tree=41
num_leaves=7
num_cat=0
split_feature=0 1 0 0 0 1
split_gain=109.776 78.2366 74.0041 137.249 24.3486 18.4098
threshold=0.33687777817249304 0.7371246693804977 1.0000000180025095e-35 0.27690196037292486 0.39295041561126715 0.89911096051100958
decision_type=2 2 2 2 2 2
left_child=2 4 -1 -4 -2 -3
right_child=1 5 3 -5 -6 -7
leaf_value=0.0010606967115991837 0.0015663756422448984 0.022126941122715831 -0.017529488796235993 -0.002588088668572153 0.0056331461664325469 0.053256559521501746
leaf_weight=11710.353496313095 18466.939531341195 132.4069362282753 1713.7033658325672 14903.877946794033 4596.7120265513659 74.059077836573124
leaf_count=53076 85590 794 15957 79321 19072 790
internal_value=0.000106637 0.00265121 -0.00198362 -0.00412893 0.00237691 0.0332931
internal_weight=51598.1 23270.1 28327.9 16617.6 23063.7 206.466
internal_count=254600 106246 148354 95278 104662 1584
is_linear=0
shrinkage=0.05


Tree=42
num_leaves=7
num_cat=0
split_feature=1 0 0 1 0 1
split_gain=102.244 96.9516 116.886 74.131 31.048 18.3027
threshold=0.25842014474210168 1.0000000180025095e-35 0.23585778474807742 0.7371246693804977 0.30876408517360693 0.89911096051100958
decision_type=2 2 2 2 2 2
left_child=1 -1 -3 4 -2 -5
right_child=3 2 -4 5 -6 -7
leaf_value=0.0010072863524714416 -0.011044863337701999 -0.027790094900014547 -0.0042821828470811819 0.021297058194783031 0.0021932517009770574 0.052832403119338012
leaf_weight=11714.608506202698 450.39334252476692 553.20624212920666 11974.34384445101 130.7316310852766 26677.186063945293 70.998475469648838
leaf_count=53076 2384 7187 67239 794 123130 790
internal_value=0.000101228 -0.00226259 -0.00532027 0.00219802 0.00197346 0.0323959
internal_weight=51571.5 24242.2 12527.6 27329.3 27127.6 201.73
internal_count=254600 127502 74426 127098 125514 1584
is_linear=0
shrinkage=0.05


Tree=43
num_leaves=7
num_cat=0
split_feature=0 0 0 1 1 0
split_gain=94.7673 123.137 96.21 69.6695 35.2565 0.269483
threshold=0.31902863085269934 1.0000000180025095e-35 0.22485075891017917 0.89911096051100958 0.51583070182018498 0.54352456331253063
decision_type=2 2 2 2 2 2
left_child=1 -1 -3 4 -2 -5
right_child=3 2 -4 5 -6 -7
leaf_value=0.00095658266419852613 0.0013869836186638203 -0.030080229502544999 -0.0056230685656787627 0.04626060112666576 0.0093005678170948979 0.054027888795916502
leaf_weight=11718.6452293396 28811.209785930812 420.80943161249161 9050.5063525661826 14.080048054456709 1479.7361436635256 53.972650319337845
leaf_count=53076 135774 5639 53051 132 6270 658
internal_value=9.60375e-05 -0.00247003 -0.0067097 0.0018871 0.00177357 0.0524208
internal_weight=51549 21190 9471.32 30359 30290.9 68.0527
internal_count=254600 111766 58690 142834 142044 790
is_linear=0
shrinkage=0.05


Tree=44
num_leaves=7
num_cat=0
split_feature=0 0 0 1 0 0
split_gain=85.6157 111.712 90.1806 65.964 32.5248 0.286516
threshold=0.31902863085269934 1.0000000180025095e-35 0.22485075891017917 0.89911096051100958 0.40041238069534307 0.54352456331253063
decision_type=2 2 2 2 2 2
left_child=1 -1 -3 4 -2 -5
right_child=3 2 -4 5 -6 -7
leaf_value=0.00090844865986432254 0.00108352181660758 -0.029326106201772478 -0.0053586221353268291 0.045565893016897757 0.0061517526706779593 0.053725148689236814
leaf_weight=11722.475529134274 26714.276071727276 410.31901725381613 9023.0115020722151 13.592403575778006 3591.010548427701 51.622371017932892
leaf_count=53076 126983 5639 53051 132 15061 658
internal_value=9.11103e-05 -0.00235088 -0.00640113 0.00179218 0.00168408 0.0520246
internal_weight=51526.3 21155.8 9433.33 30370.5 30305.3 65.2148
internal_count=254600 111766 58690 142834 142044 790
is_linear=0
shrinkage=0.05


Tree=45
num_leaves=8
num_cat=0
split_feature=1 1 0 0 0 1 0
split_gain=86.9522 56.0178 34.6276 153.682 26.6464 11.1372 0.551282
threshold=0.35835130157395628 0.89911096051100958 0.30989076197147375 1.0000000180025095e-35 0.44351395964622503 0.2199557735018722 0.54352456331253063
decision_type=2 2 2 2 2 2 2
left_child=2 4 3 -1 -2 -4 -3
right_child=1 6 5 -5 -6 -7 -8
leaf_value=0.00067770513671027918 0.0029247376816030836 0.042216106642740406 -0.0034072200367626275 -0.0088390231734972527 0.012822502187619676 0.00051084177897008738 0.053422856644724452
leaf_weight=11709.098035126925 10141.926994249225 14.160334795713423 1991.4149985909462 6652.2218348383904 728.86083000898361 20328.575789704919 48.764157667756081
leaf_count=52999 43761 142 10640 43868 3226 99892 650
internal_value=-9.79002e-05 0.00386065 -0.00116182 -0.00277016 0.00358836 0.000161268 0.0509009
internal_weight=51615 10933.7 40681.3 18361.3 10870.8 22320 62.9245
internal_count=255178 47779 207399 96867 46987 110532 792
is_linear=0
shrinkage=0.05


Tree=46
num_leaves=8
num_cat=0
split_feature=1 1 0 0 0 1 0
split_gain=78.4856 53.2087 31.3321 139.606 24.129 10.0659 0.576149
threshold=0.35835130157395628 0.89911096051100958 0.30989076197147375 1.0000000180025095e-35 0.44351395964622503 0.2199557735018722 0.54352456331253063
decision_type=2 2 2 2 2 2 2
left_child=2 4 3 -1 -2 -4 -3
right_child=1 6 5 -5 -6 -7 -8
leaf_value=0.00064366643709739266 0.002776414598944379 0.041481839857515052 -0.0032425049958172934 -0.0084412284556691902 0.012202103286058065 0.00048519160580137179 0.053144365931619197
leaf_weight=11711.802917376161 10149.352774918079 13.702137313783167 1988.0357572361827 6618.3118366748095 727.65429699420929 20332.96910084784 46.622840687632561
leaf_count=52999 43761 142 10640 43868 3226 99892 650
internal_value=-9.31441e-05 0.00366669 -0.00110474 -0.00263655 0.00340698 0.000153182 0.0504954
internal_weight=51588.5 10937.3 40651.1 18330.1 10877 22321 60.325
internal_count=255178 47779 207399 96867 46987 110532 792
is_linear=0
shrinkage=0.05


Tree=47
num_leaves=8
num_cat=0
split_feature=1 1 0 0 0 0 0
split_gain=70.844 50.5279 28.3472 126.787 21.8482 9.29577 0.601156
threshold=0.35835130157395628 0.89911096051100958 0.30989076197147375 1.0000000180025095e-35 0.44351395964622503 0.41084219515323644 0.54352456331253063
decision_type=2 2 2 2 2 2 2
left_child=2 4 3 -1 -2 -4 -3
right_child=1 6 5 -5 -6 -7 -8
leaf_value=0.00061134503094308101 0.0026357230518964658 0.040750450925685307 9.0533249587436692e-05 -0.0080596249742638706 0.011611508242286612 0.019085182647291921 0.052876667780851955
leaf_weight=11714.370383709669 10156.370393723249 13.261905908584593 22257.359189011157 6585.9374149590731 726.46275667846203 64.598356738686562 44.567881897091866
leaf_count=52999 43761 142 110254 43868 3226 278 650
internal_value=-8.86106e-05 0.00348258 -0.00105043 -0.00250917 0.00323488 0.000145503 0.0500958
internal_weight=51562.9 10940.7 40622.3 18300.3 10882.8 22322 57.8298
internal_count=255178 47779 207399 96867 46987 110532 792
is_linear=0
shrinkage=0.05


Tree=48
num_leaves=8
num_cat=0
split_feature=1 1 0 0 0 1 0
split_gain=63.9468 47.9699 25.6441 115.114 19.7815 9.08698 0.626269
threshold=0.35835130157395628 0.89911096051100958 0.30989076197147375 1.0000000180025095e-35 0.44351395964622503 0.2199557735018722 0.54352456331253063
decision_type=2 2 2 2 2 2 2
left_child=2 4 3 -1 -2 -4 -3
right_child=1 6 5 -5 -6 -7 -8
leaf_value=0.00058065290029191954 0.0025022598621934674 0.040021184036576285 -0.0030909265181665226 -0.0076936864668928507 0.011049239461318121 0.00045336327339695788 0.052618819653315475
leaf_weight=11716.807541847229 10163.003811955452 12.839188031852244 1984.9214516431093 6555.0369205996394 725.2897917330265 20338.222441062331 42.596787214279175
leaf_count=52999 43761 142 10640 43868 3226 99892 650
internal_value=-8.42868e-05 0.00330779 -0.000998735 -0.00238777 0.00307159 0.000138213 0.0497012
internal_weight=51538.7 10943.7 40595 18271.8 10888.3 22323.1 55.436
internal_count=255178 47779 207399 96867 46987 110532 792
is_linear=0
shrinkage=0.05


Tree=49
num_leaves=7
num_cat=0
split_feature=1 0 0 1 1 0
split_gain=58.1232 53.5954 98.488 48.6943 26.1302 0.651452
threshold=0.25842014474210168 1.0000000180025095e-35 0.26020793616771704 0.89911096051100958 0.45220222174881913 0.54352456331253063
decision_type=2 2 2 2 2 2
left_child=1 -1 -3 4 -2 -5
right_child=3 2 -4 5 -6 -7
leaf_value=0.0005515068568693783 0.00081815529947197206 -0.020024256474432602 -0.0029119296387562976 0.039293396844585132 0.0054943898207415395 0.052369923943273958
leaf_weight=11719.120709761977 23954.124951839447 907.34757400304079 11468.438090920448 12.43351439386606 3413.0235112011433 40.707038342952728
leaf_count=52999 112266 11144 63688 142 14289 650
internal_value=-8.01708e-05 -0.00187181 -0.00416654 0.00149419 0.00140134 0.0493104
internal_weight=51515.2 24094.9 12375.8 27420.3 27367.1 53.1406
internal_count=255178 127831 74832 127347 126555 792
is_linear=0
shrinkage=0.05


Tree=50
num_leaves=6
num_cat=0
split_feature=0 0 0 0 1
split_gain=50.826 43.9668 47.8589 16.835 1.37539
threshold=0.54352456331253063 0.33089138567447668 1.0000000180025095e-35 0.39772598445415502 0.89911096051100958
decision_type=2 2 2 2 2
left_child=1 2 -1 -3 -2
right_child=4 3 -4 -5 -6
leaf_value=0.00077696317910325749 0.035390668538073877 0.0008020244484023113 -0.0035638501142121006 0.0043295758921956858 0.052154351399514368
leaf_weight=11715.787967741489 17.691900938749313 21885.826158598065 13863.803617738187 4000.4978598803282 39.673999808728695
leaf_count=52974 132 101908 82826 16777 663
internal_value=-5.31227e-05 -0.000105552 -0.0015757 0.00134718 0.0469844
internal_weight=51523.3 51465.9 25579.6 25886.3 57.3659
internal_count=255280 254485 135800 118685 795
is_linear=0
shrinkage=0.05


Tree=51
num_leaves=6
num_cat=0
split_feature=0 0 0 1 1
split_gain=47.7759 39.6981 43.2965 15.9908 1.45141
threshold=0.54352456331253063 0.33089138567447668 1.0000000180025095e-35 0.6548939414384185 0.89911096051100958
decision_type=2 2 2 2 2
left_child=1 2 -1 -3 -2
right_child=4 3 -4 -5 -6
leaf_value=0.00073791897828489803 0.034438199837287999 0.0011451609837163197 -0.003392327100959595 0.01277973107309055 0.051921970586257554
leaf_weight=11718.878367394209 17.282680034637451 25595.623752042651 13837.244947180152 298.77944175899029 37.903727240860462
leaf_count=52974 132 117134 82826 1551 663
internal_value=-5.04842e-05 -0.000100358 -0.00149838 0.00127941 0.0464466
internal_weight=51505.7 51450.5 25556.1 25894.4 55.1864
internal_count=255280 254485 135800 118685 795
is_linear=0
shrinkage=0.05


Tree=52
num_leaves=6
num_cat=0
split_feature=0 0 0 0 1
split_gain=44.903 36.1373 48.1074 15.7301 1.52525
threshold=0.54352456331253063 0.325165405869484 1.0000000180025095e-35 0.39772598445415502 0.89911096051100958
decision_type=2 2 2 2 2
left_child=1 2 -1 -3 -2
right_child=4 3 -4 -5 -6
leaf_value=0.00070083970233655499 0.033500237097026868 0.00062779140706749814 -0.0038481439599794554 0.0040121625056365887 0.051696224277148706
leaf_weight=11721.811681598425 16.888393476605415 24185.598070174456 11527.657066375017 4001.3643249869347 36.208622619509697
leaf_count=52974 132 113779 70955 16777 663
internal_value=-4.79656e-05 -9.54059e-05 -0.00155466 0.00110823 0.0459087
internal_weight=51489.5 51436.4 23249.5 28187 53.097
internal_count=255280 254485 123929 130556 795
is_linear=0
shrinkage=0.05


Tree=53
num_leaves=6
num_cat=0
split_feature=0 1 0 0 1
split_gain=42.1963 34.165 75.9871 15.3216 1.59672
threshold=0.54352456331253063 0.22353620577608149 1.0000000180025095e-35 0.39772598445415502 0.89911096051100958
decision_type=2 2 2 2 2
left_child=1 2 -1 -3 -2
right_child=4 3 -4 -5 -6
leaf_value=0.00066563665406719596 0.032576294057900287 0.00048032580760570039 -0.0059204792513706354 0.0037839370680254171 0.051476407295993357
leaf_weight=11724.595804095268 16.508796438574791 28708.160148143768 6990.6881090626121 3998.4861865490675 34.586085174232721
leaf_count=52974 132 138464 46290 16757 663
internal_value=-4.5586e-05 -9.07125e-05 -0.00179446 0.000884202 0.0453698
internal_weight=51473 51421.9 18715.3 32706.6 51.0949
internal_count=255280 254485 99264 155221 795
is_linear=0
shrinkage=0.05


Tree=54
num_leaves=6
num_cat=0
split_feature=0 1 0 1 1
split_gain=39.6458 30.8611 68.8674 14.508 1.66564
threshold=0.54352456331253063 0.22353620577608149 1.0000000180025095e-35 0.6548939414384185 0.89911096051100958
decision_type=2 2 2 2 2
left_child=1 2 -1 -3 -2
right_child=4 3 -4 -5 -6
leaf_value=0.00063220804945260032 0.031666004023289632 0.00073910680061068442 -0.005644233480354496 0.011849588311302369 0.051261852605533668
leaf_weight=11727.237839251757 16.143610678613186 32417.013163253665 6966.8182008266449 296.5072830915451 33.033538833260536
leaf_count=52974 132 153670 46290 1551 663
internal_value=-4.33491e-05 -8.62746e-05 -0.00170687 0.000839809 0.044829
internal_weight=51456.8 51407.6 18694.1 32713.5 49.1771
internal_count=255280 254485 99264 155221 795
is_linear=0
shrinkage=0.05


Tree=55
num_leaves=6
num_cat=0
split_feature=1 0 0 1 0
split_gain=36.5467 30.7348 53.6172 17.3791 1.12102
threshold=0.89911096051100958 0.30989076197147375 1.0000000180025095e-35 0.57517114977836237 0.54352456331253063
decision_type=2 2 2 2 2
left_child=1 2 -1 -3 -2
right_child=4 3 -4 -5 -6
leaf_value=0.00022816381090672627 0.03260643721851917 0.00060292874027557085 -0.0054437850497047824 0.0085898086035038467 0.051044709984202297
leaf_weight=11728.638557910919 11.177432745695112 32496.188692100346 6462.3056519851089 695.68249313533306 31.405691429972649
leaf_count=52969 136 154309 44040 3152 660
internal_value=-9.65892e-05 -0.000134961 -0.00178679 0.000770329 0.0462049
internal_weight=51425.4 51382.8 18190.9 33191.9 42.5831
internal_count=255266 254470 97009 157461 796
is_linear=0
shrinkage=0.05


Tree=56
num_leaves=6
num_cat=0
split_feature=1 0 0 1 0
split_gain=34.4312 28.8586 14.9463 7.85611 1.15288
threshold=0.89911096051100958 0.38208876550197607 0.30989076197147375 0.32157674089000832 0.54352456331253063
decision_type=2 2 2 2 2
left_child=1 2 -1 -3 -2
right_child=4 3 -4 -5 -6
leaf_value=-0.0016994690838493592 0.031839540730732654 -0.0048515816416209523 0.00016601130328621849 0.0032332144271690851 0.050838454851425421
leaf_weight=18170.988987542689 10.881913557648657 314.72309811413288 26245.75136808306 6637.4214558899403 29.992172420024872
leaf_count=97009 136 1408 128081 27972 660
internal_value=-9.17999e-05 -0.0001283 -0.000597161 0.00286722 0.0457804
internal_weight=51409.8 51368.9 44416.7 6952.14 40.8741
internal_count=255266 254470 225090 29380 796
is_linear=0
shrinkage=0.05


Tree=57
num_leaves=6
num_cat=0
split_feature=1 0 1 1 0
split_gain=32.4331 26.0378 14.0477 7.09057 1.1839
threshold=0.89911096051100958 0.38208876550197607 0.52590834466542213 0.32157674089000832 0.54352456331253063
decision_type=2 2 2 2 2
left_child=1 2 -1 -3 -2
right_child=4 3 -4 -5 -6
leaf_value=-0.00059884722719656799 0.031075828419130525 -0.0046164229937458185 0.024631700548129819 0.0030700329974619463 0.050635603392954122
leaf_weight=44350.045810498297 10.599145546555517 314.23014859855175 55.23740217089653 6640.6241241544485 28.640858307480812
leaf_count=224860 136 1408 230 27972 660
internal_value=-8.72067e-05 -0.000121923 -0.000567462 0.00272275 0.0453523
internal_weight=51399.4 51360.1 44405.3 6954.85 39.24
internal_count=255266 254470 225090 29380 796
is_linear=0
shrinkage=0.05


Tree=58
num_leaves=6
num_cat=0
split_feature=1 0 0 1 0
split_gain=30.5456 24.2829 48.675 14.5433 1.21401
threshold=0.89911096051100958 0.30989076197147375 1.0000000180025095e-35 0.57517114977836237 0.54352456331253063
decision_type=2 2 2 2 2
left_child=1 2 -1 -3 -2
right_child=4 3 -4 -5 -6
leaf_value=0.00033186735915984223 0.030315538195644188 0.00053528494655776567 -0.0050810491179064709 0.0078526800190597667 0.050435587927483955
leaf_weight=11720.421159699559 10.328670918941496 32505.172115154564 6432.6500027701259 693.51767362654209 27.3493592441082
leaf_count=52969 136 154309 44040 3152 660
internal_value=-8.28377e-05 -0.000115857 -0.00158623 0.000688145 0.0449201
internal_weight=51389.4 51351.8 18153.1 33198.7 37.678
internal_count=255266 254470 97009 157461 796
is_linear=0
shrinkage=0.05


Tree=59
num_leaves=6
num_cat=0
split_feature=1 0 1 1 0
split_gain=28.7624 22.3238 12.4884 6.33443 1.24311
threshold=0.89911096051100958 0.38208876550197607 0.52590834466542213 0.32157674089000832 0.54352456331253063
decision_type=2 2 2 2 2
left_child=1 2 -1 -3 -2
right_child=4 3 -4 -5 -6
leaf_value=-0.00055260360707801029 0.029558955115037124 -0.0044183587146952932 0.023185894183975358 0.0028512465238724506 0.050237856943254444
leaf_weight=44326.548240028322 10.070040762424467 313.81352834403515 55.473165780305862 6643.0626537799835 26.1153394728899
leaf_count=224860 136 1408 230 27972 660
internal_value=-7.8729e-05 -0.000110138 -0.000522933 0.00252333 0.0444831
internal_weight=51375.1 51338.9 44382 6956.88 36.1854
internal_count=255266 254470 225090 29380 796
is_linear=0
shrinkage=0.05


Tree=60
num_leaves=6
num_cat=0
split_feature=1 1 0 1 0
split_gain=30.3559 25.9855 37.9193 9.40625 0.323497
threshold=0.89911096051100958 0.22105133459646717 1.0000000180025095e-35 0.50639955867794206 0.54352456331253063
decision_type=2 2 2 2 2
left_child=1 2 -1 -3 -2
right_child=4 3 -4 -5 -6
leaf_value=0.00020668152352575796 0.039353459652743929 0.00065645535784323553 -0.0045366991796277397 0.0045110992788570383 0.050004751198992219
leaf_weight=11726.84559315443 10.056817650794981 31383.069017276168 6575.9880741685629 1666.7150065898895 24.483133345842361
leaf_count=53002 139 149933 44462 7079 648
internal_value=4.53574e-05 1.38404e-05 -0.00149756 0.000850847 0.0469035
internal_weight=51387.2 51352.6 18302.8 33049.8 34.54
internal_count=255263 254476 97464 157012 787
is_linear=0
shrinkage=0.05


Tree=61
num_leaves=6
num_cat=0
split_feature=1 1 0 1 0
split_gain=28.648 23.4656 34.3434 8.49235 0.340033
threshold=0.89911096051100958 0.22105133459646717 1.0000000180025095e-35 0.50639955867794206 0.54352456331253063
decision_type=2 2 2 2 2
left_child=1 2 -1 -3 -2
right_child=4 3 -4 -5 -6
leaf_value=0.00019633191855851292 0.038684146708074157 0.00062347335267780063 -0.0043216498898667544 0.0042863860499033788 0.049808427084635273
leaf_weight=11727.667765945196 9.7276879921555501 31390.901382029057 6558.5110336616635 1666.3962704986334 23.378572046756744
leaf_count=53002 139 149933 44462 7079 648
internal_value=4.30915e-05 1.31104e-05 -0.00142409 0.000808118 0.0465398
internal_weight=51376.6 51343.5 18286.2 33057.3 33.1063
internal_count=255263 254476 97464 157012 787
is_linear=0
shrinkage=0.05


Tree=62
num_leaves=6
num_cat=0
split_feature=1 0 0 1 0
split_gain=27.0321 21.9382 44.9727 7.85761 0.356391
threshold=0.89911096051100958 0.30318754911422735 1.0000000180025095e-35 0.51583070182018498 0.54352456331253063
decision_type=2 2 2 2 2
left_child=1 2 -1 -3 -2
right_child=4 3 -4 -5 -6
leaf_value=0.00018650521602346228 0.038012392560267984 0.00056781431724016202 -0.0055465742953710109 0.0043048492909302403 0.049612773514685404
leaf_weight=11728.448079794645 9.4126651361584681 33308.513478897512 4829.1305041462183 1468.6391169130802 22.323888570070267
leaf_count=53002 139 160104 35093 6277 648
internal_value=4.09402e-05 1.24206e-05 -0.00148559 0.000725629 0.0461722
internal_weight=51366.5 51334.7 16557.6 34777.2 31.7366
internal_count=255263 254476 88095 166381 787
is_linear=0
shrinkage=0.05


Tree=63
num_leaves=6
num_cat=0
split_feature=1 0 0 1 0
split_gain=25.5032 19.8131 40.766 7.33846 0.37254
threshold=0.89911096051100958 0.30318754911422735 1.0000000180025095e-35 0.45220222174881913 0.54352456331253063
decision_type=2 2 2 2 2
left_child=1 2 -1 -3 -2
right_child=4 3 -4 -5 -6
leaf_value=0.00017716969427989085 0.037337987788140264 0.00044878933056529655 -0.0052877615343924558 0.002882990305472114 0.049417321829107283
leaf_weight=11729.188904076815 9.1112507954239863 31348.463470853865 4812.6519685015082 3435.5456148535013 21.317023783922195
leaf_count=53002 139 151994 35093 14387 648
internal_value=3.88858e-05 1.17563e-05 -0.00141279 0.00068921 0.0458004
internal_weight=51356.3 51325.8 16541.8 34784 30.4283
internal_count=255263 254476 88095 166381 787
is_linear=0
shrinkage=0.05


Tree=64
num_leaves=6
num_cat=0
split_feature=0 1 0 0 1
split_gain=24.2131 18.238 26.8294 6.95154 1.26023
threshold=0.54352456331253063 0.22105133459646717 1.0000000180025095e-35 0.29024872183799749 0.89911096051100958
decision_type=2 2 2 2 2
left_child=1 2 -1 -3 -2
right_child=4 3 -4 -5 -6
leaf_value=0.00016829822780399018 0.030355523457715812 -0.0086309822817689924 -0.0038330238063139068 0.0007647288888947048 0.049221589176754704
leaf_weight=11729.893397957087 15.662406563758848 198.04814574122429 6516.7785836681724 32865.526037961245 20.355995804071426
leaf_count=53002 134 1146 44462 155871 648
internal_value=3.69338e-05 8.1664e-06 -0.00126077 0.000708449 0.0410178
internal_weight=51346.3 51310.2 18246.7 33063.6 36.0184
internal_count=255263 254481 97464 157017 782
is_linear=0
shrinkage=0.05


Tree=65
num_leaves=6
num_cat=0
split_feature=1 0 0 0 0
split_gain=24.1985 22.5444 41.6315 9.77973 0.575819
threshold=0.89911096051100958 0.30989076197147375 1.0000000180025095e-35 0.40187492966651922 0.54352456331253063
decision_type=2 2 2 2 2
left_child=1 2 -1 -3 -2
right_child=4 3 -4 -5 -6
leaf_value=0.0002133866387482691 0.035927219766782766 0.00035873988255492699 -0.0048180214196770106 0.0031894162320366573 0.051597276035069417
leaf_weight=11758.891696929932 8.4689511880278605 29758.723516821861 6321.5915975868702 3399.9219044297934 19.04890313744545
leaf_count=53130 134 142903 43873 14255 635
internal_value=-0.000100296 -0.00012547 -0.00154578 0.000648983 0.0467746
internal_weight=51266.6 51239.1 18080.5 33158.6 27.5179
internal_count=254930 254161 97003 157158 769
is_linear=0
shrinkage=0.05


Tree=66
num_leaves=6
num_cat=0
split_feature=1 0 0 0 0
split_gain=22.849 20.3629 37.7169 8.82401 0.599109
threshold=0.89911096051100958 0.30989076197147375 1.0000000180025095e-35 0.40187492966651922 0.54352456331253063
decision_type=2 2 2 2 2
left_child=1 2 -1 -3 -2
right_child=4 3 -4 -5 -6
leaf_value=0.00020270729287386231 0.035238713262918359 0.00034075386395649771 -0.004590776422692045 0.0030292857458654142 0.051516949983262755
leaf_weight=11759.741189628839 8.2093454897403735 29762.886223554611 6303.2679814100266 3400.643315449357 18.147416859865189
leaf_count=53130 134 142903 43873 14255 635
internal_value=-9.53231e-05 -0.00011927 -0.00147003 0.00061644 0.0464468
internal_weight=51252.9 51226.5 18063 33163.5 26.3568
internal_count=254930 254161 97003 157158 769
is_linear=0
shrinkage=0.05


Tree=67
num_leaves=6
num_cat=0
split_feature=1 1 0 0 0
split_gain=21.5716 18.4465 31.5735 7.75587 0.622226
threshold=0.89911096051100958 0.22353620577608149 1.0000000180025095e-35 0.41084219515323644 0.54352456331253063
decision_type=2 2 2 2 2
left_child=1 2 -1 -3 -2
right_child=4 3 -4 -5 -6
leaf_value=0.0001925552696574751 0.034547700221262793 0.00038319085005575462 -0.0040931838188785373 0.0033226167686357787 0.051440779742417134
leaf_weight=11760.547930598259 7.9612226672470596 30258.042730845511 6772.0415688529611 2423.8861507177353 17.287272280082107
leaf_count=53130 134 144698 46110 10223 635
internal_value=-9.05955e-05 -0.000113374 -0.00137351 0.000601196 0.0461141
internal_weight=51239.8 51214.5 18532.6 32681.9 25.2485
internal_count=254930 254161 99240 154921 769
is_linear=0
shrinkage=0.05


Tree=68
num_leaves=6
num_cat=0
split_feature=1 0 0 0 0
split_gain=20.3624 17.3248 31.9841 7.22483 0.64513
threshold=0.89911096051100958 0.30989076197147375 1.0000000180025095e-35 0.40187492966651922 0.54352456331253063
decision_type=2 2 2 2 2
left_child=1 2 -1 -3 -2
right_child=4 3 -4 -5 -6
leaf_value=0.00018291685018126337 0.033854319636356843 0.00032098300237186502 -0.0042377667068725982 0.0027534100653349115 0.051368538760737562
leaf_weight=11761.314294934273 7.7241396494209793 29766.260517850518 6274.4239972382784 3401.5795378684998 16.466704690828919
leaf_count=53130 134 142903 43873 14255 635
internal_value=-8.60945e-05 -0.000107762 -0.00135499 0.000570444 0.0457762
internal_weight=51227.8 51203.6 18035.7 33167.8 24.1908
internal_count=254930 254161 97003 157158 769
is_linear=0
shrinkage=0.05


Tree=69
num_leaves=6
num_cat=0
split_feature=1 0 0 1 0
split_gain=19.2176 15.6468 28.9638 6.67287 0.66778
threshold=0.89911096051100958 0.30989076197147375 1.0000000180025095e-35 0.6071400953381394 0.54352456331253063
decision_type=2 2 2 2 2
left_child=1 2 -1 -3 -2
right_child=4 3 -4 -5 -6
leaf_value=0.00017376037688467434 0.033158752971155135 0.00045457533552085083 -0.0040365042104220433 0.0063041244871656996 0.051300016228898661
leaf_weight=11762.042657732964 7.4976642802357683 32677.22829964757 6258.3310567364097 494.9216260612011 15.684008523821831
leaf_count=53130 134 154789 43873 2369 635
internal_value=-8.18204e-05 -0.000102431 -0.00128843 0.000541849 0.0454326
internal_weight=51215.7 51192.5 18020.4 33172.1 23.1817
internal_count=254930 254161 97003 157158 769
is_linear=0
shrinkage=0.05


Tree=70
num_leaves=8
num_cat=0
split_feature=1 0 1 1 0 0 1
split_gain=16.6317 11.3992 20.3845 8.56075 6.68301 2.59857 0.986272
threshold=0.7371246693804977 0.36666359007358557 0.53895934655023348 0.26997768679636974 0.54352456331253063 0.49259631335735327 0.89911096051100958
decision_type=2 2 2 2 2 2 2
left_child=1 2 -1 -3 5 -2 -6
right_child=4 3 -4 -5 6 -7 -8
leaf_value=-0.00042320102967631528 0.0025034686881485321 -0.0077329566096927746 0.054468376075535764 0.0016196255465064299 0.029470922656898907 0.01833205356885077 0.047828727417881675
leaf_weight=39948.32750748843 44.618142403662205 250.30326700210571 16.92043499648571 10880.165875554085 14.586966201663017 61.903974406421185 14.678782671689987
leaf_count=205853 293 1189 70 46364 137 495 624
internal_value=4.0603e-05 -5.83874e-06 -0.000399961 0.0014093 0.0175162 0.011702 0.0386786
internal_weight=51231.5 51095.7 39965.2 11130.5 135.788 106.522 29.2657
internal_count=255025 253476 205923 47553 1549 788 761
is_linear=0
shrinkage=0.05


Tree=71
num_leaves=8
num_cat=0
split_feature=1 0 1 1 0 0 1
split_gain=15.2301 10.2858 18.2521 7.74231 6.43261 2.39828 1.01719
threshold=0.7371246693804977 0.36666359007358557 0.53895934655023348 0.26997768679636974 0.54352456331253063 0.49259631335735327 0.89911096051100958
decision_type=2 2 2 2 2 2 2
left_child=1 2 -1 -3 5 -2 -6
right_child=4 3 -4 -5 6 -7 -8
leaf_value=-0.00040211513364129902 0.0023820676699522775 -0.0073695283920250862 0.051341823278393275 0.0015381011255650825 0.028648963449249866 0.017634153091129208 0.047612214739157312
leaf_weight=39941.035299122334 44.549297008663416 249.53475031256676 17.049761548638344 10883.91126100719 14.263539880514145 61.155683968216181 14.024798959493637
leaf_count=205853 293 1189 70 46364 137 495 624
internal_value=3.85942e-05 -5.55721e-06 -0.000380036 0.00133845 0.0168735 0.0112062 0.0380506
internal_weight=51225.5 51091.5 39958.1 11133.4 133.993 105.705 28.2883
internal_count=255025 253476 205923 47553 1549 788 761
is_linear=0
shrinkage=0.05


Tree=72
num_leaves=8
num_cat=0
split_feature=1 0 1 1 0 0 1
split_gain=13.9405 9.28128 16.3722 7.01662 6.18206 2.2118 1.04558
threshold=0.7371246693804977 0.36666359007358557 0.53895934655023348 0.27263566224653329 0.54352456331253063 0.49259631335735327 0.89911096051100958
decision_type=2 2 2 2 2 2 2
left_child=1 2 -1 -3 5 -2 -6
right_child=4 3 -4 -5 6 -7 -8
leaf_value=-0.0003820774985652353 0.0022663835020406077 -0.0067299267838287526 0.048481074754751018 0.0014680549955095939 0.027837017838616418 0.016956253051620816 0.047391618212800218
leaf_weight=39934.104606293142 44.483808983117342 267.43032272160053 17.150280445814133 10868.825728699565 13.953590251505375 60.439259547740221 13.401348620653152
leaf_count=205853 293 1276 70 46277 137 495 624
internal_value=3.66844e-05 -5.28919e-06 -0.000361102 0.00127119 0.0162474 0.0107282 0.0374169
internal_weight=51219.8 51087.5 39951.3 11136.3 132.278 104.923 27.3549
internal_count=255025 253476 205923 47553 1549 788 761
is_linear=0
shrinkage=0.05


Tree=73
num_leaves=8
num_cat=0
split_feature=1 1 0 0 0 0 1
split_gain=12.7545 8.40345 23.6537 5.93225 5.28515 2.03833 1.07139
threshold=0.7371246693804977 0.22353620577608149 1.0000000180025095e-35 0.54352456331253063 0.26984521746635443 0.49259631335735327 0.89911096051100958
decision_type=2 2 2 2 2 2 2
left_child=1 2 -1 5 -3 -2 -5
right_child=3 4 -4 6 -6 -7 -8
leaf_value=0.00049511861919814015 0.0021561626436666366 0.031185804856240004 -0.0032199098968138081 0.027035263561858397 0.00046533519787973136 0.016298143190220118 0.047166534117816718
leaf_weight=11785.590515881777 44.421520378440619 14.006450831890104 6732.1013531908393 13.65668860822916 32551.943321958184 59.753627959638834 12.807071775197983
leaf_count=53255 293 93 46116 137 154012 495 624
internal_value=3.48692e-05 -5.03345e-06 -0.000855479 0.015638 0.000478548 0.0102678 0.0367777
internal_weight=51214.3 51083.6 18517.7 130.639 32565.9 104.175 26.4638
internal_count=255025 253476 99371 1549 154105 788 761
is_linear=0
shrinkage=0.05


Tree=74
num_leaves=6
num_cat=0
split_feature=1 0 1 1 0
split_gain=11.6815 9.16569 14.6893 6.43284 0.873089
threshold=0.89911096051100958 0.36666359007358557 0.53895934655023348 0.26997768679636974 0.54352456331253063
decision_type=2 2 2 2 2
left_child=1 2 -1 -3 -2
right_child=4 3 -4 -5 -6
leaf_value=-0.00035658509345644102 0.024954996684622394 -0.0066832294359927798 0.04582492888842387 0.0014586210410952756 0.046936557088744196
leaf_weight=39921.32144664973 7.1594846174120912 248.07346656918526 17.226317122578621 11001.514786578715 12.240664333105087
leaf_count=205853 139 1189 70 47150 624
internal_value=3.31271e-05 1.84253e-05 -0.000336666 0.00127908 0.0388244
internal_weight=51207.5 51188.1 39938.5 11249.6 19.4001
internal_count=255025 254262 205923 48339 763
is_linear=0
shrinkage=0.05


Tree=75
num_leaves=6
num_cat=0
split_feature=1 1 0 0 0
split_gain=12.5301 9.82443 17.8291 3.73635 0.451556
threshold=0.89911096051100958 0.23493141966735623 1.0000000180025095e-35 0.30386835336685186 0.54352456331253063
decision_type=2 2 2 2 2
left_child=1 2 -1 -3 -2
right_child=4 3 -4 -5 -6
leaf_value=0.0004346279952725009 0.030626961429098949 -0.0032530560215012099 -0.0025879886070361438 0.00068023468177626743 0.046795056892340113
leaf_weight=11799.201227873564 6.7579925730824479 615.95817057788372 8317.9935597255826 30526.444119557738 11.963392939418554
leaf_count=53314 134 3517 54908 142916 638
internal_value=6.10315e-05 4.60946e-05 -0.000815154 0.000602439 0.0409587
internal_weight=51278.3 51259.6 20117.2 31142.4 18.7214
internal_count=255427 254655 108222 146433 772
is_linear=0
shrinkage=0.05


Tree=76
num_leaves=6
num_cat=0
split_feature=1 1 0 0 0
split_gain=11.7797 8.8688 16.1193 3.6602 0.461995
threshold=0.89911096051100958 0.23493141966735623 1.0000000180025095e-35 0.44351395964622503 0.54352456331253063
decision_type=2 2 2 2 2
left_child=1 2 -1 -3 -2
right_child=4 3 -4 -5 -6
leaf_value=0.00041283310116686409 0.029925247058356547 0.00048984679057566033 -0.0024623762014810719 0.0041393888105641192 0.046557933390275946
leaf_weight=11800.937874823809 6.5753296390175828 30445.529519543052 8305.5293723717332 702.87909376621246 11.436443410813808
leaf_count=53314 134 143228 54908 3205 638
internal_value=5.79807e-05 4.37737e-05 -0.000774851 0.0005722 0.040486
internal_weight=51272.9 51254.9 20106.5 31148.4 18.0118
internal_count=255427 254655 108222 146433 772
is_linear=0
shrinkage=0.05


Tree=77
num_leaves=6
num_cat=0
split_feature=1 1 0 1 0
split_gain=11.07 8.00616 14.5723 3.3859 0.471766
threshold=0.89911096051100958 0.23493141966735623 1.0000000180025095e-35 0.57517114977836237 0.54352456331253063
decision_type=2 2 2 2 2
left_child=1 2 -1 -3 -2
right_child=4 3 -4 -5 -6
leaf_value=0.00039213797611265064 0.029223457939356403 0.00046551909916276737 -0.0023426892044203932 0.004027615904868955 0.046314871094977096
leaf_weight=11802.586338877678 6.4010508358478555 30471.183837525547 8293.6711966916919 682.05023720860481 10.934348590672016
leaf_count=53314 134 143289 54908 3144 638
internal_value=5.5088e-05 4.15751e-05 -0.000736518 0.000543506 0.0400039
internal_weight=51266.8 51249.5 20096.3 31153.2 17.3354
internal_count=255427 254655 108222 146433 772
is_linear=0
shrinkage=0.05


Tree=78
num_leaves=6
num_cat=0
split_feature=1 1 0 1 0
split_gain=10.3989 7.63749 51.2788 3.64977 0.480836
threshold=0.89911096051100958 0.16828785613867966 1.0000000180025095e-35 0.17094232313206079 0.54352456331253063
decision_type=2 2 2 2 2
left_child=1 2 -1 -3 -2
right_child=4 3 -4 -5 -6
leaf_value=0.00037247871025827519 0.028522113535254169 0.0087346316199122098 -0.0078256148745783575 0.00038568005994149215 0.04606549267756524
leaf_weight=11804.152181118727 6.2348016537725934 131.36488645523787 2275.075872682035 37033.626603335142 10.455975964665413
leaf_count=53314 134 779 20744 179818 638
internal_value=5.23395e-05 3.9487e-05 -0.000952259 0.000415191 0.0395122
internal_weight=51260.9 51244.2 14079.2 37165 16.6908
internal_count=255427 254655 74058 180597 772
is_linear=0
shrinkage=0.05


Tree=79
num_leaves=6
num_cat=0
split_feature=1 1 0 1 0
split_gain=9.76451 6.89774 46.5604 3.27536 0.489174
threshold=0.89911096051100958 0.16828785613867966 1.0000000180025095e-35 0.17094232313206079 0.54352456331253063
decision_type=2 2 2 2 2
left_child=1 2 -1 -3 -2
right_child=4 3 -4 -5 -6
leaf_value=0.00035380949219163523 0.027821764770916187 0.0082561011872519675 -0.0074756402782606094 0.00036634142653974434 0.045809415913067336
leaf_weight=11805.639373749495 6.076240450143815 132.01279745995998 2262.8260603323579 37039.000089198351 10.000242929905653
leaf_count=53314 134 779 20744 179818 638
internal_value=4.96895e-05 3.74653e-05 -0.000905509 0.000394362 0.0390108
internal_weight=51255.6 51239.5 14068.5 37171 16.0765
internal_count=255427 254655 74058 180597 772
is_linear=0
shrinkage=0.05


Tree=80
num_leaves=7
num_cat=0
split_feature=0 1 0 1 0 1
split_gain=12.159 7.84712 20.1449 4.69372 4.66743 0.647685
threshold=0.54352456331253063 0.22353620577608149 1.0000000180025095e-35 0.7371246693804977 0.29136990010738378 0.89911096051100958
decision_type=2 2 2 2 2 2
left_child=1 2 -1 -2 -3 -5
right_child=3 4 -4 5 -6 -7
leaf_value=0.00034585586370580344 -0.045171994107998319 -0.0070508126863068586 -0.0030910144055678319 0.033785087254859993 0.00044019658416094218 0.05077305719371026
leaf_weight=11799.520576000214 1.7018679380416895 209.2749956548214 6675.8846183605492 13.450836814939976 32586.596797470003 9.6260882634669542
leaf_count=53280 8 1223 46193 139 154160 642
internal_value=-5.49568e-05 -7.18799e-05 -0.000896019 0.0349616 0.000392395 0.0408713
internal_weight=51296.1 51271.3 18475.4 24.7788 32795.9 23.0769
internal_count=255645 254856 99473 789 155383 781
is_linear=0
shrinkage=0.05


Tree=81
num_leaves=7
num_cat=0
split_feature=0 1 0 1 0 1
split_gain=11.3572 7.08551 18.2217 4.36864 4.22793 0.679641
threshold=0.54352456331253063 0.22353620577608149 1.0000000180025095e-35 0.7371246693804977 0.29136990010738378 0.89911096051100958
decision_type=2 2 2 2 2 2
left_child=1 2 -1 -2 -3 -5
right_child=3 4 -4 5 -6 -7
leaf_value=0.0003285206643103769 -0.042176208071338393 -0.0067254955218530726 -0.0029420325337166302 0.032982511621842549 0.00041812008396595118 0.050734787326274178
leaf_weight=11800.899639129639 1.7308341860771204 208.44952765107155 6663.5713464654982 13.098289482295513 32591.651061333716 9.1633508708328009
leaf_count=53280 8 1223 46193 139 154160 642
internal_value=-5.2222e-05 -6.83183e-05 -0.000851777 0.0343406 0.000372721 0.0402897
internal_weight=51288.6 51264.6 18464.5 23.9925 32800.1 22.2616
internal_count=255645 254856 99473 789 155383 781
is_linear=0
shrinkage=0.05


Tree=82
num_leaves=7
num_cat=0
split_feature=0 1 0 1 0 1
split_gain=10.6042 6.39763 16.4803 4.07069 3.82923 0.710307
threshold=0.54352456331253063 0.22353620577608149 1.0000000180025095e-35 0.7371246693804977 0.29136990010738378 0.89911096051100958
decision_type=2 2 2 2 2 2
left_child=1 2 -1 -2 -3 -5
right_child=3 4 -4 5 -6 -7
leaf_value=0.00031206139261169574 -0.039456578569880163 -0.0064140911099939517 -0.0027999840139933834 0.032185024524718657 0.00039715393592197173 0.050698434722859044
leaf_weight=11802.208836078644 1.7569273412227655 207.66189029812813 6651.8545374423265 12.760382860898972 32596.450299151242 8.7225411962717772
leaf_count=53280 8 1223 46193 139 154160 642
internal_value=-4.9621e-05 -6.49306e-05 -0.00080969 0.0337175 0.000354036 0.0397019
internal_weight=51281.4 51258.2 18454.1 23.2399 32804.1 21.4829
internal_count=255645 254856 99473 789 155383 781
is_linear=0
shrinkage=0.05


Tree=83
num_leaves=7
num_cat=0
split_feature=0 0 1 1 1 1
split_gain=9.89707 6.03904 25.138 17.4649 3.79661 0.739615
threshold=0.54352456331253063 0.35207128524780279 0.52590834466542213 0.18496457485148196 0.7371246693804977 0.89911096051100958
decision_type=2 2 2 2 2 2
left_child=1 2 -1 -3 -2 -6
right_child=4 3 -4 -5 5 -7
leaf_value=-0.0004655621663749327 -0.036975676085684778 0.029545428743254044 0.076812876496675758 0.00062333505084324675 0.031392670330695274 0.050663910201106992
leaf_weight=34370.901059616357 1.7804377377033258 52.359621793031693 10.526575982570646 16818.28845513612 12.436657130718231 8.3026493713259697
leaf_count=180746 8 264 44 73802 139 642
internal_value=-4.71494e-05 -6.17106e-05 -0.000441902 0.000713097 0.0330924 0.0391076
internal_weight=51274.6 51252.1 34381.4 16870.6 22.5197 20.7393
internal_count=255645 254856 180790 74066 789 781
is_linear=0
shrinkage=0.05


Tree=84
num_leaves=7
num_cat=0
split_feature=0 0 0 1 0 1
split_gain=9.23312 5.72207 35.1734 3.54368 2.51447 0.7675
threshold=0.54352456331253063 0.29251204431056982 1.0000000180025095e-35 0.7371246693804977 0.42727026343345648 0.89911096051100958
decision_type=2 2 2 2 2 2
left_child=1 2 -1 -2 -3 -5
right_child=3 4 -4 5 -6 -7
leaf_value=0.00031975123918109188 -0.034702850356703105 0.00019730292893332761 -0.0058300406370531887 0.030605564122360623 0.00245143363224112 0.050631111049911609
leaf_weight=11801.596713066101 1.8016250133514429 35269.208471566439 2895.5100864879787 12.126648329198362 1282.143237888813 7.9027115665376177
leaf_count=53280 8 171273 24701 139 5602 642
internal_value=-4.47982e-05 -5.86468e-05 -0.000891833 0.0324651 0.000276373 0.0385068
internal_weight=51270.3 51248.5 14697.1 21.831 36551.4 20.0294
internal_count=255645 254856 77981 789 176875 781
is_linear=0
shrinkage=0.05


Tree=85
num_leaves=8
num_cat=0
split_feature=1 0 0 1 1 0 0
split_gain=8.44778 6.16254 17.3719 5.20813 4.5009 0.704769 0.378588
threshold=0.6548939414384185 0.30178043246269232 1.0000000180025095e-35 0.10933378951179469 0.89911096051100958 0.42349429428577429 0.54352456331253063
decision_type=2 2 2 2 2 2 2
left_child=1 2 -1 -3 5 -2 -6
right_child=4 3 -4 -5 6 -7 -8
leaf_value=0.00010471841397402275 0.015774477527199324 0.029263966743196909 -0.0035856419906192165 0.00027315065805775688 0.027102311698869154 0.0063001764456729146 0.043983528069951205
leaf_weight=11760.116583183408 21.199603855609894 15.498661510646341 4375.4373629614711 34807.935724183917 5.9254212528467161 264.90120007097721 7.5569526292383671
leaf_count=53087 92 134 33562 166521 135 1456 645
internal_value=-3.90096e-05 -8.82256e-05 -0.000895987 0.000286053 0.00833261 0.00700221 0.0365643
internal_weight=51258.6 50959 16135.6 34823.4 299.583 286.101 13.4824
internal_count=255632 253304 86649 166655 2328 1548 780
is_linear=0
shrinkage=0.05


Tree=86
num_leaves=7
num_cat=0
split_feature=0 1 1 1 1 0
split_gain=7.78587 6.20596 5.73755 4.84333 3.77205 0.383065
threshold=0.38208876550197607 0.89911096051100958 0.57517114977836237 0.33362813449496087 0.16828785613867966 0.54352456331253063
decision_type=2 2 2 2 2 2
left_child=2 3 4 -2 -1 -3
right_child=1 5 -4 -5 -6 -7
leaf_value=-0.0009715208767221979 -0.0035422154865534326 0.026406327687066772 0.030475727739114278 0.0018000000325801143 2.1439931666220408e-05 0.043667257182783498
leaf_weight=13978.724491849542 453.87362785637379 5.7812302336096746 15.157247662544249 6504.5307612121105 30286.311364494264 7.2391596855595708
leaf_count=73788 2013 135 61 27321 151669 645
internal_value=-3.70748e-05 0.00151608 -0.000281601 0.00145155 -0.000292133 0.0360032
internal_weight=51251.6 6971.42 44280.2 6958.4 44265 13.0204
internal_count=255632 30114 225518 29334 225457 780
is_linear=0
shrinkage=0.05


Tree=87
num_leaves=8
num_cat=0
split_feature=1 1 0 1 0 0 0
split_gain=7.34235 5.26387 32.9945 4.0136 2.75608 0.619323 0.386815
threshold=0.6548939414384185 0.16828785613867966 1.0000000180025095e-35 0.89911096051100958 0.49259631335735327 0.42349429428577429 0.54352456331253063
decision_type=2 2 2 2 2 2 2
left_child=1 2 -1 5 -3 -2 -5
right_child=3 4 -4 6 -6 -7 -8
leaf_value=0.0001480946211710797 0.014817617460925898 0.00024418609813713825 -0.0064981200491225468 0.025713119546736041 -0.014466146370797682 0.0059161044530059602 0.043341435603336198
leaf_weight=11756.674690067768 21.102138265967369 36940.901405453682 2219.9932294562459 5.6437751613557321 31.868506997823715 263.9946755617857 6.9365759426727891
leaf_count=53087 92 179369 20717 135 131 1456 645
internal_value=-3.52211e-05 -8.09674e-05 -0.000907561 0.00779456 0.000231507 0.00657497 0.0354331
internal_weight=51247.1 50949.4 13976.7 297.677 36972.8 285.097 12.5804
internal_count=255632 253304 73804 2328 179500 1548 780
is_linear=0
shrinkage=0.05


Tree=88
num_leaves=7
num_cat=0
split_feature=0 1 1 1 1 0
split_gain=6.7799 5.44862 5.14435 4.35116 3.0313 0.389827
threshold=0.38208876550197607 0.89911096051100958 0.57517114977836237 0.33362813449496087 0.1560670556215146 0.54352456331253063
decision_type=2 2 2 2 2 2
left_child=2 3 4 -2 -1 -3
right_child=1 5 -4 -5 -6 -7
leaf_value=-0.00089805614621926645 -0.0033784527242583019 0.025023327830201721 0.028889109983130601 0.0016874881974458019 1.7076671382677295e-06 0.043005786943715783
leaf_weight=13446.524532578886 453.40295511484146 5.5127607360482198 15.129352256655691 6505.6327716112137 30807.178178787231 6.6484871646389365
leaf_count=70607 2013 135 61 27321 154850 645
internal_value=-3.34856e-05 0.00141586 -0.00026172 0.00135743 -0.000271686 0.0348542
internal_weight=51240 6971.2 44268.8 6959.04 44253.7 12.1612
internal_count=255632 30114 225518 29334 225457 780
is_linear=0
shrinkage=0.05


Tree=89
num_leaves=8
num_cat=0
split_feature=1 1 0 1 1 0 0
split_gain=6.38126 4.3867 40.0485 6.28833 3.56588 0.544171 0.392091
threshold=0.6548939414384185 0.1560670556215146 1.0000000180025095e-35 0.15929809945858334 0.89911096051100958 0.42349429428577429 0.54352456331253063
decision_type=2 2 2 2 2 2 2
left_child=1 2 -1 -3 5 -2 -6
right_child=4 3 -4 -5 6 -7 -8
leaf_value=0.00018563335298611429 0.013917043132609186 0.011474494064706088 -0.008045668025121985 0.00016629085960178779 0.024337607344040758 0.0055545003881594711 0.042660034247167404
leaf_weight=11753.694774791598 21.006498530507088 123.34421023726463 1690.2063108384609 37372.742592424154 5.3879012875258905 263.14100293815136 6.3742133555933833
leaf_count=53087 92 762 17530 181925 135 1456 645
internal_value=-3.18114e-05 -7.43405e-05 -0.00084923 0.000203489 0.00728945 0.00617273 0.034267
internal_weight=51235.9 50940 13443.9 37496.1 295.91 284.148 11.7621
internal_count=255632 253304 70617 182687 2328 1548 780
is_linear=0
shrinkage=0.05


Tree=90
num_leaves=5
num_cat=0
split_feature=0 0 0 1
split_gain=6.78131 2.65562 80.072 0.547728
threshold=0.54352456331253063 1.0000000180025095e-35 0.23585778474807742 0.89911096051100958
decision_type=2 2 2 2
left_child=1 -1 -3 -2
right_child=3 2 -4 -5
leaf_value=0.00052096028049707934 0.023880490835804308 -0.02167531079955257 -9.6227669664002174e-05 0.042109190996059781
leaf_weight=11793.623869419098 13.300237342715265 434.68217901140451 38970.370983507484 5.9709381591528645
leaf_count=53264 147 7121 194420 630
internal_value=-0.000126105 -0.000137267 -0.000334269 0.0295284
internal_weight=51217.9 51198.7 39405.1 19.2712
internal_count=255582 254805 201541 777
is_linear=0
shrinkage=0.05


Tree=91
num_leaves=5
num_cat=0
split_feature=0 0 0 1
split_gain=6.28421 2.39746 73.7398 0.552621
threshold=0.54352456331253063 1.0000000180025095e-35 0.23585778474807742 0.89911096051100958
decision_type=2 2 2 2
left_child=1 -1 -3 -2
right_child=3 2 -4 -5
leaf_value=0.00049481959980816664 0.023110589592086381 -0.020993568331267337 -9.1419799635227323e-05 0.041736015722334749
leaf_weight=11795.700176715851 13.062312841415407 426.5680967643857 38968.913254406303 5.7292474899440995
leaf_count=53264 147 7121 194420 630
internal_value=-0.000119898 -0.00013051 -0.000317745 0.0287892
internal_weight=51210 51191.2 39395.5 18.7916
internal_count=255582 254805 201541 777
is_linear=0
shrinkage=0.05


Tree=92
num_leaves=6
num_cat=0
split_feature=0 0 0 0 1
split_gain=5.82024 2.3859 2.36694 0.65552 0.555767
threshold=0.54352456331253063 0.46579270064830786 1.0000000180025095e-35 0.49259631335735327 0.89911096051100958
decision_type=2 2 2 2 2
left_child=1 2 -1 -3 -2
right_child=4 3 -4 -5 -6
leaf_value=0.00047000191282983147 0.022354282091771396 0.0061648745408993191 -0.00033807929547011184 0.0014784717630721518 0.041351966524389445
leaf_weight=11797.671716213226 12.834921896457674 183.159796833992 39077.283172663301 125.91624190658331 5.499178245663642
leaf_count=53264 147 833 199912 796 630
internal_value=-0.000113992 -0.000124081 -0.000150689 0.00425565 0.0280525
internal_weight=51202.4 51184 50875 309.076 18.3341
internal_count=255582 254805 253176 1629 777
is_linear=0
shrinkage=0.05


Tree=93
num_leaves=6
num_cat=0
split_feature=0 0 0 0 1
split_gain=5.38739 2.15564 2.1362 0.593034 0.557216
threshold=0.54352456331253063 0.46579270064830786 1.0000000180025095e-35 0.49259631335735327 0.89911096051100958
decision_type=2 2 2 2 2
left_child=1 2 -1 -3 -2
right_child=4 3 -4 -5 -6
leaf_value=0.00044642945386938601 0.021611884307578461 0.0058650812875145272 -0.00032121994105867557 0.0014054913293955749 0.040956866598749114
leaf_weight=11799.544043779373 12.617660000920297 182.9026895314455 39072.004250321537 125.83395719528198 5.2801806572824708
leaf_count=53264 147 833 199912 796 630
internal_value=-0.000108295 -0.000117886 -0.000143165 0.00404745 0.027319
internal_weight=51198.2 51180.3 50871.5 308.737 17.8978
internal_count=255582 254805 253176 1629 777
is_linear=0
shrinkage=0.05


Tree=94
num_leaves=6
num_cat=0
split_feature=0 0 1 1 1
split_gain=4.98385 2.20083 27.8588 8.75525 0.557027
threshold=0.54352456331253063 0.35413646697998052 0.52590834466542213 0.18496457485148196 0.89911096051100958
decision_type=2 2 2 2 2
left_child=1 2 -1 -3 -2
right_child=4 3 -4 -5 -6
leaf_value=-0.00035971913500245701 0.020883680139372748 0.022978514421790205 0.073977909215008616 0.00031376002979244992 0.04055056429526728
leaf_weight=35169.796973913908 12.410128757357599 42.723649621009827 12.607832565903662 15951.59163396433 5.0717301853001109
leaf_count=184773 147 212 52 69768 630
internal_value=-0.000102883 -0.000112001 -0.00033308 0.000374302 0.0265893
internal_weight=51194.2 51176.7 35182.4 15994.3 17.4819
internal_count=255582 254805 184825 69980 777
is_linear=0
shrinkage=0.05


Tree=95
num_leaves=7
num_cat=0
split_feature=0 0 0 1 1 1
split_gain=3.547 2.36146 31.2178 5.21672 1.45289 0.527282
threshold=0.54352456331253063 0.27690196037292486 1.0000000180025095e-35 0.14025234144137774 0.7371246693804977 0.89911096051100958
decision_type=2 2 2 2 2 2
left_child=1 2 -1 -3 -2 -6
right_child=4 3 -4 -5 5 -7
leaf_value=0.00040677324206758947 -0.023526736878164079 0.0067117660088319604 -0.0074374550214375383 0.00028576211100321628 0.021044091800018538 0.040628887772379385
leaf_weight=11800.775444984436 1.5332708209753061 318.51029331982136 1421.0967522189021 37555.021338630468 10.449845254421232 5.1208597663789979
leaf_count=53268 7 2306 15936 182888 137 662
internal_value=0.000146586 0.000138965 -0.00043633 0.000339804 0.0229122 0.0274851
internal_weight=51112.5 51095.4 13221.9 37873.5 17.104 15.5707
internal_count=255204 254398 69204 185194 806 799
is_linear=0
shrinkage=0.05


Tree=96
num_leaves=7
num_cat=0
split_feature=0 1 0 0 1 1
split_gain=3.2784 2.20888 5.16101 4.38579 1.34489 0.524714
threshold=0.54352456331253063 0.57517114977836237 0.43700484931468969 0.43700484931468969 0.7371246693804977 0.89911096051100958
decision_type=2 2 2 2 2 2
left_child=1 3 -3 -1 -2 -6
right_child=4 2 -4 -5 5 -7
leaf_value=0.00013782856164922159 -0.022166392693880752 -0.0031713800945389623 0.0061128125595220949 -0.0048773597717834995 0.020355723942496462 0.040214688979029772
leaf_weight=49984.761957474053 1.5456686019897485 225.77136275172234 444.18574373051524 439.7620035558939 10.267782829701899 4.9200288616120806
leaf_count=249467 7 921 2239 1771 137 662
internal_value=0.000139231 0.000131984 0.0029841 9.40901e-05 0.022267 0.026789
internal_weight=51111.2 51094.5 669.957 50424.5 16.7335 15.1878
internal_count=255204 254398 3160 251238 806 799
is_linear=0
shrinkage=0.05


Tree=97
num_leaves=7
num_cat=0
split_feature=0 0 0 1 1 1
split_gain=3.02834 2.13428 28.3392 4.68328 1.24477 0.520899
threshold=0.54352456331253063 0.27690196037292486 1.0000000180025095e-35 0.14025234144137774 0.7371246693804977 0.89911096051100958
decision_type=2 2 2 2 2 2
left_child=1 2 -1 -3 -2 -6
right_child=4 3 -4 -5 5 -7
leaf_value=0.00037946652405827964 -0.020899470137427135 0.006340009754774719 -0.0071127986776058309 0.00026494497684011788 0.019679531661407984 0.039789051685556957
leaf_weight=11802.943190038204 1.5570943206548715 319.94239208102226 1413.2418506294489 37560.19187714532 10.094056703150271 4.7288880459964266
leaf_count=53268 7 2306 15936 182888 137 662
internal_value=0.000132272 0.000125382 -0.000421701 0.000316256 0.0216277 0.026095
internal_weight=51112.7 51096.3 13216.2 37880.1 16.38 14.8229
internal_count=255204 254398 69204 185194 806 799
is_linear=0
shrinkage=0.05


Tree=98
num_leaves=7
num_cat=0
split_feature=0 1 0 0 1 1
split_gain=2.7957 1.98619 4.66706 3.97083 1.15189 0.515898
threshold=0.54352456331253063 0.57517114977836237 0.43700484931468969 0.43700484931468969 0.7371246693804977 0.89911096051100958
decision_type=2 2 2 2 2 2
left_child=1 3 -3 -1 -2 -6
right_child=4 2 -4 -5 5 -7
leaf_value=0.00012478515227605996 -0.019717512359058817 -0.00302512700256028 0.0058056604317584717 -0.0046477578466096155 0.019015875667822538 0.03935190978719566
leaf_weight=49986.47350153327 1.5676317065954233 225.83927951753139 443.31177021563053 439.66780489683151 9.9283208474516851 4.5469761509448281
leaf_count=249467 7 921 2239 1771 137 662
internal_value=0.000125636 0.000119084 0.00282526 8.31731e-05 0.0209948 0.0254038
internal_weight=51111.3 51095.3 669.151 50426.1 16.0429 14.4753
internal_count=255204 254398 3160 251238 806 799
is_linear=0
shrinkage=0.05


Tree=99
num_leaves=7
num_cat=0
split_feature=0 0 0 1 1 1
split_gain=2.57939 1.92896 25.7202 4.20567 1.0657 0.509772
threshold=0.54352456331253063 0.27690196037292486 1.0000000180025095e-35 0.14025234144137774 0.7371246693804977 0.89911096051100958
decision_type=2 2 2 2 2 2
left_child=1 2 -1 -3 -2 -6
right_child=4 3 -4 -5 5 -7
leaf_value=0.00035419629604793441 -0.018613094906216002 0.0059907404420937822 -0.0068003785245468479 0.00024581718763789676 0.018365087038429675 0.038903221472085338
leaf_weight=11804.949802815914 1.577356845140456 321.2960752248764 1405.7491695657372 37564.911805845797 9.7702384218573552 4.3738532783463588
leaf_count=53268 7 2306 15936 182888 137 662
internal_value=0.000119359 0.000113129 -0.000407121 0.000294537 0.0203689 0.0247162
internal_weight=51112.6 51096.9 13210.7 37886.2 15.7214 14.1441
internal_count=255204 254398 69204 185194 806 799
is_linear=0
shrinkage=0.05


Tree=100
num_leaves=8
num_cat=0
split_feature=0 1 0 1 0 1 1
split_gain=4.37856 2.95118 18.933 5.96696 1.90648 0.73271 0.705384
threshold=0.46579270064830786 0.15270957127471027 1.0000000180025095e-35 0.20495210795481592 0.54352456331253063 0.7371246693804977 0.7371246693804977
decision_type=2 2 2 2 2 2 2
left_child=1 2 -1 -3 5 -2 -6
right_child=4 3 -4 -5 6 -7 -8
leaf_value=5.0083292867283432e-05 0.0065045945733688401 0.002354889261287259 -0.0058865919709941358 5.1646661658866246e-05 -0.0061820828486599949 0.00080770613748709023 0.027065408364924222
leaf_weight=11764.690259695053 222.25747655332088 3062.0533112436533 1516.058582380414 34433.415268585086 1.8088161945343006 75.652923077344894 13.516208546236156
leaf_count=53080 940 18154 16688 164802 8 629 780
internal_value=4.92353e-05 1.28793e-05 -0.000627616 0.00023974 0.00594262 0.0050579 0.0231412
internal_weight=51089.5 50776.2 13280.7 37495.5 313.235 297.91 15.325
internal_count=255081 252724 69768 182956 2357 1569 788
is_linear=0
shrinkage=0.05


Tree=101
num_leaves=8
num_cat=0
split_feature=0 0 0 1 0 1 1
split_gain=3.96111 2.78554 19.5276 6.13925 1.78125 0.662662 0.661581
threshold=0.46579270064830786 0.27690196037292486 1.0000000180025095e-35 0.20495210795481592 0.54352456331253063 0.7371246693804977 0.7371246693804977
decision_type=2 2 2 2 2 2 2
left_child=1 2 -1 -3 5 -2 -6
right_child=4 3 -4 -5 6 -7 -8
leaf_value=4.7577029558822548e-05 0.0061874768519209018 0.0023089136524896367 -0.0062233760658952433 3.4836245707688933e-05 -0.0058616861986506017 0.00076775191070805411 0.026356765716708714
leaf_weight=11764.888789057732 221.97350762784481 3248.3357791081071 1387.8763743191957 34373.38221386075 1.8122106492519368 75.611430734395981 13.193936067633329
leaf_count=53080 940 19343 15910 164391 8 629 780
internal_value=4.67567e-05 1.22114e-05 -0.000614132 0.000231185 0.00565798 0.00481041 0.0224659
internal_weight=51087.1 50774.5 13152.8 37621.7 312.591 297.585 15.0061
internal_count=255081 252724 68990 183734 2357 1569 788
is_linear=0
shrinkage=0.05


Tree=102
num_leaves=8
num_cat=0
split_feature=0 1 0 0 0 1 1
split_gain=3.58314 2.52387 16.2702 5.18989 1.66225 0.620002 0.599272
threshold=0.46579270064830786 0.15270957127471027 1.0000000180025095e-35 0.3290106356143952 0.54352456331253063 0.7371246693804977 0.7371246693804977
decision_type=2 2 2 2 2 2 2
left_child=1 2 -1 -3 6 -6 -2
right_child=4 3 -4 -5 5 -7 -8
leaf_value=4.5196363893304465e-05 0.0058855531344661413 0.00112644546947383 -0.0054755340990170339 -0.00016093987524335649 -0.0055585401370606656 0.025651810020097279 0.00072975606125515744
leaf_weight=11765.07703602314 221.69972604513168 11134.224322386086 1505.3161191493273 26368.150888815522 1.8154062032699574 12.886622666381298 75.572007484734058
leaf_count=53080 940 62347 16688 120609 8 780 629
internal_value=4.44005e-05 1.15759e-05 -0.000581043 0.000221277 0.00538651 0.021798 0.00457485
internal_weight=51084.7 50772.8 13270.4 37502.4 311.974 14.702 297.272
internal_count=255081 252724 69768 182956 2357 788 1569
is_linear=0
shrinkage=0.05


Tree=103
num_leaves=8
num_cat=0
split_feature=0 0 0 1 0 1 1
split_gain=3.24094 2.37624 16.7511 6.27062 1.54939 0.580562 0.541911
threshold=0.46579270064830786 0.27690196037292486 1.0000000180025095e-35 0.16236426568519274 0.54352456331253063 0.7371246693804977 0.7371246693804977
decision_type=2 2 2 2 2 2 2
left_child=1 2 -1 -3 6 -6 -2
right_child=4 3 -4 -5 5 -7 -8
leaf_value=4.2936819201211359e-05 0.0055981083406525306 0.0045307209426721454 -0.0057849776714402933 0.00011663991307569825 -0.0052716479594392945 0.02495117223589496 0.00069362049074799263
leaf_weight=11765.255791544914 221.43601083755493 822.56160986423492 1377.3229940161109 36806.901282444596 1.8184155523776997 12.593615629710255 75.534536756575108
leaf_count=53080 940 5352 15910 178382 8 780 629
internal_value=4.2166e-05 1.09771e-05 -0.00056782 0.00021313 0.00512763 0.0211379 0.00435065
internal_weight=51083.4 50772 13142.6 37629.5 311.383 14.412 296.971
internal_count=255081 252724 68990 183734 2357 788 1569
is_linear=0
shrinkage=0.05


Tree=104
num_leaves=8
num_cat=0
split_feature=0 1 0 1 0 1 1
split_gain=2.93117 2.19745 14.2067 4.93515 1.44256 0.543179 0.490008
threshold=0.46579270064830786 0.15270957127471027 1.0000000180025095e-35 0.20495210795481592 0.54352456331253063 0.7371246693804977 0.7371246693804977
decision_type=2 2 2 2 2 2 2
left_child=1 2 -1 -3 6 -6 -2
right_child=4 3 -4 -5 5 -7 -8
leaf_value=4.0789397809192189e-05 0.0053244667478011369 0.0021271543089091882 -0.0051318863104025175 3.4783748005914467e-05 -0.0050000613637178103 0.024255471906079785 0.00065925934238237986
leaf_weight=11765.425846576691 221.18220926821232 3069.3065822347999 1496.2118223309517 34439.080279804766 1.8212506175041188 12.314293067902325 75.498931981623173
leaf_count=53080 940 18154 16688 164802 8 780 629
internal_value=4.00416e-05 1.04062e-05 -0.000542805 0.000206002 0.0048808 0.0204861 0.00413727
internal_weight=51080.8 50770 13261.6 37508.4 310.817 14.1355 296.681
internal_count=255081 252724 69768 182956 2357 788 1569
is_linear=0
shrinkage=0.05


Tree=105
num_leaves=8
num_cat=0
split_feature=1 0 0 0 0 1 1
split_gain=3.91587 10.1613 13.2601 8.7167 8.56662 5.59145 3.68516
threshold=0.38638286807180994 0.39190700650215154 0.38789585232734686 0.32158234715461737 0.34164400398731237 0.41270632727208367 0.26018319233376336
decision_type=2 2 2 2 2 2 2
left_child=1 2 -1 5 -5 -2 -3
right_child=3 6 -4 4 -6 -7 -8
leaf_value=-0.00014079797385754242 0.0073058997619034841 0.02626142944618487 -0.010751615131545553 -0.011945839748803229 0.0012135529284942246 0.05218323116669165 0.0050838677607047845
leaf_weight=42266.882571600378 14.322059243917467 21.144688561558723 296.50065302848816 125.69769893586636 7680.8079288965091 13.467471018433569 720.81281352043152
leaf_count=216894 71 98 1287 584 33283 66 3055
internal_value=7.25028e-05 -0.000113592 -0.000214714 0.00110117 0.00100166 0.0290545 0.0056874
internal_weight=51139.6 43305.3 42563.4 7834.3 7806.51 27.7895 741.958
internal_count=255338 221334 218181 34004 33867 137 3153
is_linear=0
shrinkage=0.05


Tree=106
num_leaves=8
num_cat=0
split_feature=1 0 0 0 0 1 1
split_gain=3.53314 9.15726 12.0063 7.75665 7.76132 4.85882 3.27819
threshold=0.38638286807180994 0.39190700650215154 0.38789585232734686 0.32158234715461737 0.34164400398731237 0.41270632727208367 0.26018319233376336
decision_type=2 2 2 2 2 2 2
left_child=1 2 -1 5 -5 -2 -3
right_child=3 6 -4 4 -6 -7 -8
leaf_value=-0.00013376620438474205 0.0069178697323100712 0.024705098451634738 -0.010245562735607377 -0.011400284149888269 0.0011526508655017454 0.04848886416048212 0.0048238241803831051
leaf_weight=42264.359606236219 14.367914602160456 21.347482696175575 295.61149743199348 125.14181013405323 7682.263429238461 13.760944306850432 721.66462467610836
leaf_count=216894 71 98 1287 584 33283 66 3055
internal_value=6.88579e-05 -0.00010793 -0.000204 0.00104587 0.000951445 0.0272549 0.00539503
internal_weight=51138.5 43303 42560 7835.53 7807.41 28.1289 743.012
internal_count=255338 221334 218181 34004 33867 137 3153
is_linear=0
shrinkage=0.05


Tree=107
num_leaves=8
num_cat=0
split_feature=1 0 0 0 0 1 1
split_gain=3.18788 8.25323 10.87 6.91252 7.03086 4.24094 2.91981
threshold=0.38638286807180994 0.39190700650215154 0.38789585232734686 0.32158234715461737 0.34164400398731237 0.41270632727208367 0.26018319233376336
decision_type=2 2 2 2 2 2 2
left_child=1 2 -1 5 -5 -2 -3
right_child=3 6 -4 4 -6 -7 -8
leaf_value=-0.00012708537653530904 0.0065517236055993638 0.023261043014649443 -0.0097624074943475098 -0.01087801687353851 0.0010948163232225917 0.045173660865558088 0.0045774173584115811
leaf_weight=42261.963010963053 14.411182507872583 21.534131929278374 294.7521356344223 124.60653629899025 7683.6414876077324 14.025161117315291 722.46566970646381
leaf_count=216894 71 98 1287 584 33283 66 3055
internal_value=6.53974e-05 -0.000102549 -0.000193821 0.000993365 0.00090375 0.0256005 0.00511819
internal_weight=51137.4 43300.7 42556.7 7836.68 7808.25 28.4363 744
internal_count=255338 221334 218181 34004 33867 137 3153
is_linear=0
shrinkage=0.05


Tree=108
num_leaves=8
num_cat=0
split_feature=1 0 0 0 0 1 1
split_gain=2.87642 7.43911 9.84028 6.16826 6.36836 3.71594 2.60352
threshold=0.38638286807180994 0.39190700650215154 0.38789585232734686 0.32158234715461737 0.34164400398731237 0.41270632727208367 0.26018319233376336
decision_type=2 2 2 2 2 2 2
left_child=1 2 -1 5 -5 -2 -3
right_child=3 6 -4 4 -6 -7 -8
leaf_value=-0.00012073732988511276 0.0062060890648116358 0.02191835053866048 -0.0093011521949731453 -0.010378130637851287 0.0010398946626686157 0.042180073181530692 0.0043438959391563937
leaf_weight=42259.686443638057 14.452022090554239 21.706045120954514 293.92250183224678 124.09153339266777 7684.9463894050568 14.263114333152769 723.21927985548973
leaf_count=216894 71 98 1287 584 33283 66 3055
internal_value=6.21128e-05 -9.74349e-05 -0.000184147 0.000943511 0.000858454 0.0240748 0.00485599
internal_weight=51136.3 43298.5 42553.6 7837.75 7809.04 28.7151 744.925
internal_count=255338 221334 218181 34004 33867 137 3153
is_linear=0
shrinkage=0.05


Tree=109
num_leaves=8
num_cat=0
split_feature=1 0 0 1 0 0 1
split_gain=2.59544 6.70584 8.90717 5.781 9.76292 4.77142 2.32386
threshold=0.38638286807180994 0.39190700650215154 0.38789585232734686 0.43012851500337784 0.3290106356143952 0.34662491083145147 0.26018319233376336
decision_type=2 2 2 2 2 2 2
left_child=1 2 -1 5 -5 -2 -3
right_child=3 6 -4 4 -6 -7 -8
leaf_value=-0.000114707323514085 -0.0057538695800624703 0.020667545874185997 -0.008860847910098715 0.041112338753704174 -0.00038702487284091697 0.0029344919965449282 0.004122551774418658
leaf_weight=42257.523093424737 166.45132976770401 21.864498794078827 293.1223960518837 14.216585353016852 4538.4230779623613 3119.6556772142649 723.92853985726833
leaf_count=216894 784 98 1287 65 19817 13338 3055
internal_value=5.8993e-05 -9.25767e-05 -0.000174958 0.000896171 -0.000257434 0.0024944 0.0046076
internal_weight=51135.2 43296.4 42550.6 7838.75 4552.64 3286.11 745.793
internal_count=255338 221334 218181 34004 19882 14122 3153
is_linear=0
shrinkage=0.05


Tree=110
num_leaves=7
num_cat=0
split_feature=0 0 0 0 1 1
split_gain=4.28042 8.78018 41.6909 6.85946 7.40204 3.32352
threshold=0.29251204431056982 1.0000000180025095e-35 0.21915854513645175 0.29624642431735998 0.22105133459646717 0.20495210795481592
decision_type=2 2 2 2 2 2
left_child=1 -1 -3 4 -2 -5
right_child=3 2 -4 5 -6 -7
leaf_value=-0.00018834456626423045 0.0020177128597143098 -0.022220068542006824 -0.0013397631955617626 0.0021233920329034356 0.01490501102709315 2.5561799685573401e-05
leaf_weight=11797.191221028566 373.88055150955915 263.77073656022549 2551.8649367578328 1999.0644560977817 158.72259315848351 33976.193338292651
leaf_count=53234 2275 4787 20054 11528 913 162629
internal_value=-6.3935e-05 -0.000787105 -0.00329584 0.000225525 0.00585829 0.000142134
internal_weight=51120.7 14612.8 2815.64 36507.9 532.603 35975.3
internal_count=255420 78075 24841 177345 3188 174157
is_linear=0
shrinkage=0.05


Tree=111
num_leaves=7
num_cat=0
split_feature=0 0 0 0 1 1
split_gain=3.8663 7.95683 38.5729 6.16705 6.59432 2.99553
threshold=0.29251204431056982 1.0000000180025095e-35 0.21915854513645175 0.29624642431735998 0.22105133459646717 0.20495210795481592
decision_type=2 2 2 2 2 2
left_child=1 -1 -3 4 -2 -5
right_child=3 2 -4 5 -6 -7
leaf_value=-0.0001789422619943022 0.0019145190465698191 -0.021538776729580354 -0.0012739172940571554 0.0020148204119440015 0.014041423052152033 2.4283526230614152e-05
leaf_weight=11796.442394524813 374.31941407173872 258.64103046059608 2549.6346772760153 2001.385908074677 160.02566619217396 33976.503703068476
leaf_count=53234 2275 4787 20054 11528 913 162629
internal_value=-6.08132e-05 -0.000748369 -0.0031403 0.000214206 0.00554628 0.000135014
internal_weight=51117 14604.7 2808.28 36512.2 534.345 35977.9
internal_count=255420 78075 24841 177345 3188 174157
is_linear=0
shrinkage=0.05


Tree=112
num_leaves=7
num_cat=0
split_feature=1 0 0 1 0 1
split_gain=3.56306 9.96562 33.1444 4.8654 7.23288 5.53501
threshold=0.16828785613867966 1.0000000180025095e-35 0.21915854513645175 0.20495210795481592 0.37413148581981664 0.22105133459646717
decision_type=2 2 2 2 2 2
left_child=1 -1 -3 4 -2 -5
right_child=3 2 -4 5 -6 -7
leaf_value=-0.00017000446834727301 0.0021470289244382964 -0.020848466134210111 -0.0015974874161959578 -0.0027644244459566402 0.038601445328985129 0.00018757774289866801
leaf_weight=11795.730850696564 2437.9365455359221 253.62834272533655 1887.586114577949 1668.0316488370299 13.683018684387205 33056.774201333523
leaf_count=53234 14243 4786 16019 9554 66 157518
internal_value=-5.78403e-05 -0.000739652 -0.00387778 0.000197762 0.00235049 4.57761e-05
internal_weight=51113.4 13936.9 2141.21 37176.4 2451.62 34724.8
internal_count=255420 74039 20805 181381 14309 167072
is_linear=0
shrinkage=0.05


Tree=113
num_leaves=8
num_cat=0
split_feature=0 1 0 1 0 0 1
split_gain=3.23271 6.74067 5.731 5.8453 5.52991 5.36254 2.83261
threshold=0.29251204431056982 0.2673504133874135 0.29446841776371008 0.27176276450098097 0.28903788328170782 1.0000000180025095e-35 0.20495210795481592
decision_type=2 2 2 2 2 2 2
left_child=1 5 3 -2 -3 -1 -4
right_child=2 4 6 -5 -6 -7 -8
leaf_value=-0.00016151348849269742 0.0089126770683594057 -0.0066958419238829867 0.0019088374370664829 -0.028800958331892508 -0.043573827239844432 -0.0026125856618055879 3.1514944569832043e-05
leaf_weight=11795.054209798574 261.15726313740015 27.555815160274506 2135.0866956934333 10.69501121342182 16.107464000582695 2752.1930282637477 34110.95345317293
leaf_count=53234 1560 159 12326 58 90 24592 163401
internal_value=-5.50131e-05 -0.000684109 0.000196345 0.00742898 -0.0203002 -0.000625232 0.000142099
internal_weight=51108.8 14590.9 36517.9 271.852 43.6633 14547.2 36246
internal_count=255420 78075 177345 1618 249 77826 175727
is_linear=0
shrinkage=0.05


Tree=114
num_leaves=8
num_cat=0
split_feature=1 1 0 1 0 1 0
split_gain=3.09379 9.80125 12.424 4.24357 6.38221 4.99806 1.41603
threshold=0.16828785613867966 0.16523191975081666 0.34967976808547979 0.20495210795481592 0.37413148581981664 0.22105133459646717 0.26984521746635443
decision_type=2 2 2 2 2 2 2
left_child=1 2 -1 4 -2 -5 -3
right_child=3 6 -4 5 -6 -7 -8
leaf_value=-0.00062083474527691506 0.0020021642445312571 7.1653252319534366e-05 0.033804952738325102 -0.0026288126101682032 0.035970207235768027 0.00017839836490511103 -0.015783522772637015
leaf_weight=13762.757349126041 2441.6583293229342 15.920533761382101 26.258035346865654 1665.4738496616483 13.907098263502119 33058.679648677353 121.95783162117004
leaf_count=73060 14243 119 132 9554 66 157518 728
internal_value=-5.22886e-05 -0.000687916 -0.000555279 0.000185807 0.00219454 4.37562e-05 -0.0139528
internal_weight=51106.6 13926.9 13789 37179.7 2455.57 34724.2 137.878
internal_count=255420 74039 73192 181381 14309 167072 847
is_linear=0
shrinkage=0.05


Tree=115
num_leaves=7
num_cat=0
split_feature=1 0 0 0 0 1
split_gain=3.18812 11.3399 36.9539 5.81142 4.92396 3.44776
threshold=0.16828785613867966 1.0000000180025095e-35 0.21345341205596927 0.27879802882671362 0.29251204431056982 0.2199557735018722
decision_type=2 2 2 2 2 2
left_child=1 -1 -3 5 -5 -2
right_child=3 2 -4 4 -6 -7
leaf_value=-4.9456360398137293e-05 0.0088193939448961527 -0.024240924190678734 -0.0018698351889923288 -0.0033820305105426345 0.00026594071145449481 -0.0063383531905207352
leaf_weight=11811.877535164356 286.83088232576847 204.12890230864286 1929.3138038180768 949.48472233116627 35901.018431415781 43.160270392894745
leaf_count=53324 1930 3944 16832 5645 173435 282
internal_value=-1.07085e-05 -0.000655413 -0.00401031 0.000231101 0.000171948 0.00683688
internal_weight=51125.8 13945.3 2133.44 37180.5 36850.5 329.991
internal_count=255392 74100 20776 181292 179080 2212
is_linear=0
shrinkage=0.05


Tree=116
num_leaves=8
num_cat=0
split_feature=1 0 0 1 0 0 1
split_gain=2.87957 10.994 12.8771 10.1723 5.21885 4.45181 3.19573
threshold=0.16828785613867966 0.34967976808547979 1.0000000180025095e-35 0.1560670556215146 0.27879802882671362 0.29251204431056982 0.23799621434686366
decision_type=2 2 2 2 2 2 2
left_child=1 2 -1 -3 6 -6 -2
right_child=4 3 -4 -5 5 -7 -8
leaf_value=-4.6986094614137272e-05 0.007770546764715819 0.002692129617129019 -0.0042987661589916929 0.061422535799561154 -0.0032193173315119439 0.00025261821074181438 -0.012009432122835353
leaf_weight=11811.68047696352 309.56341356784105 15.984854266047479 2096.9583606161177 13.684689715504645 947.64856274425983 35904.521625325084 21.862230718135834
leaf_count=53324 2071 80 20629 67 5645 173435 141
internal_value=-1.02394e-05 -0.000623156 -0.000688013 0.0297808 0.000219513 0.000163338 0.00646578
internal_weight=51121.9 13938.3 13908.6 29.6695 37183.6 36852.2 331.426
internal_count=255392 74100 73953 147 181292 179080 2212
is_linear=0
shrinkage=0.05


Tree=117
num_leaves=8
num_cat=0
split_feature=1 0 0 1 0 0 1
split_gain=2.64128 4.94954 4.73434 3.54395 3.1016 4.17877 3.95655
threshold=0.55406394237856837 0.39772598445415502 0.40041238069534307 0.6071400953381394 0.43700484931468969 0.42727026343345648 0.46601813698180911
decision_type=2 2 2 2 2 2 2
left_child=4 3 -3 -2 5 -1 -6
right_child=1 2 -4 -5 6 -7 -8
leaf_value=-5.886111028721626e-05 0.023007875438962974 -0.031150048331711325 0.0021094418048362546 -0.0043908486588928415 -0.013646180642681497 0.005933987956608152 -0.0016253641039998619
leaf_weight=49589.511395640671 47.464375987648964 10.844565808773039 800.47600755561143 15.708260610699652 91.651424303650856 292.60145266354084 270.431327059865
leaf_count=248027 191 44 4417 64 374 1189 1086
internal_value=-9.76181e-06 0.00271452 0.00166488 0.016195 -5.71776e-05 -2.37079e-05 -0.00466811
internal_weight=51118.7 874.493 811.321 63.1726 50244.2 49882.1 362.083
internal_count=255392 4716 4461 255 250676 249216 1460
is_linear=0
shrinkage=0.05


Tree=118
num_leaves=8
num_cat=0
split_feature=1 0 0 1 0 1 1
split_gain=2.57829 9.79265 11.6653 8.81758 4.69356 4.02179 2.88049
threshold=0.16828785613867966 0.34967976808547979 1.0000000180025095e-35 0.1560670556215146 0.27879802882671362 0.17094232313206079 0.23799621434686366
decision_type=2 2 2 2 2 2 2
left_child=1 2 -1 -3 6 -6 -2
right_child=4 3 -4 -5 5 -7 -8
leaf_value=-4.1695546063648204e-05 0.0073482741720790404 0.0025573936614247447 -0.0040937589416269798 0.056851740011029599 0.0097055661663301429 0.00012613419761974541 -0.01149238796920733
leaf_weight=11811.257755339146 311.06949279457331 16.003573894500736 2090.5346581451595 14.036822423338888 109.89474323391914 36742.744476251304 21.702132605016232
leaf_count=53324 2071 80 20629 67 625 178455 141
internal_value=-9.27583e-06 -0.000589418 -0.00065104 0.0279272 0.00020808 0.0001547 0.00611956
internal_weight=51117.2 13931.8 13901.8 30.0404 37185.4 36852.6 332.772
internal_count=255392 74100 73953 147 181292 179080 2212
is_linear=0
shrinkage=0.05


Tree=119
num_leaves=7
num_cat=0
split_feature=1 0 0 0 1 0
split_gain=2.40969 3.87218 2.27404 30.3885 6.46678 1.60768
threshold=0.7371246693804977 0.44351395964622503 0.25629030168056494 1.0000000180025095e-35 0.10204464055861825 0.46579270064830786
decision_type=2 2 2 2 2 2
left_child=2 -2 3 -1 -4 -3
right_child=1 5 4 -5 -6 -7
leaf_value=-3.9610611714432711e-05 -0.032456817152635958 0.026300902605130183 -0.012492071569917294 -0.011271149834852974 0.00019814033993820632 0.0073268745848657883
leaf_weight=11811.09168612957 5.7559842169284812 12.752195905894039 100.65273644775152 634.60012350231409 38460.476943559945 89.638863659929484
leaf_count=53324 35 85 1121 10304 189089 1434
internal_value=-8.84204e-06 0.00744677 -2.46498e-05 -0.000612302 0.000165016 0.00968998
internal_weight=51115 108.147 51006.8 12445.7 38561.1 102.391
internal_count=255392 1554 253838 63628 190210 1519
is_linear=0
shrinkage=0.05


Tree=120
num_leaves=8
num_cat=0
split_feature=0 1 1 1 0 0 0
split_gain=3.26854 11.2239 10.8319 11.9057 3.92071 0.993069 0.342437
threshold=0.32076178491115576 0.12439101772607952 0.39220669681624259 0.2812676332291984 0.332364171743393 0.30989076197147375 0.32821919023990637
decision_type=2 2 2 2 2 2 2
left_child=2 6 3 -1 -3 -4 -2
right_child=1 4 5 -5 -6 -7 -8
leaf_value=-0.00041904292425785461 0.051473974875565202 0.0015514297734393128 0.022483412542429602 -0.0072916298665052608 -4.4344787059702569e-05 0.042846377199018564 0.036294099380204975
leaf_weight=20487.613494303077 7.1984505951404554 4539.067852884531 11.596901595592501 650.16259064525366 25322.751938628964 12.378112748265265 7.6778741925954819
leaf_count=111797 54 23611 55 3396 116056 57 52
internal_value=-0.000116903 0.000219847 -0.000592335 -0.000630432 0.000198217 0.0329967 0.0436394
internal_weight=51038.4 29876.7 21161.8 21137.8 29861.8 23.975 14.8763
internal_count=255078 139773 115305 115193 139667 112 106
is_linear=0
shrinkage=0.05


Tree=121
num_leaves=8
num_cat=0
split_feature=0 1 1 1 0 0 0
split_gain=2.95062 9.82735 9.65986 10.7904 3.60182 0.867621 0.279303
threshold=0.32076178491115576 0.12439101772607952 0.39220669681624259 0.2812676332291984 0.32864142954349523 0.30989076197147375 0.32821919023990637
decision_type=2 2 2 2 2 2 2
left_child=2 6 3 -1 -3 -4 -2
right_child=1 4 5 -5 -6 -7 -8
leaf_value=-0.00039816724277732445 0.047198323978436318 0.00182689888341395 0.021172279352237051 -0.0069521451816139035 4.2794289789816823e-06 0.040096530935477222 0.033684874391136918
leaf_weight=20483.814873885363 7.4511497691273672 3015.0128787010908 11.696653544902803 647.87555272877216 26849.82986127492 12.560749813914297 7.8542250990867615
leaf_count=111797 54 15785 55 3396 123882 57 52
internal_value=-0.000111089 0.00020881 -0.000562907 -0.000599105 0.000188282 0.0309715 0.0402637
internal_weight=51036.1 29880.1 21155.9 21131.7 29864.8 24.2574 15.3054
internal_count=255078 139773 115305 115193 139667 112 106
is_linear=0
shrinkage=0.05


Tree=122
num_leaves=7
num_cat=0
split_feature=0 1 1 1 1 1
split_gain=2.74954 16.8918 15.3265 6.17521 6.03419 3.88318
threshold=0.3562313318252564 0.52590834466542213 0.18496457485148196 0.33943355348817755 0.2566613283855872 0.17352993098586439
decision_type=2 2 2 2 2 2
left_child=1 3 5 -1 -4 -2
right_child=2 -3 4 -5 -6 -7
leaf_value=-0.00019440065242284305 0.019942679593090634 0.057599399140759101 -0.0063158758315493904 -0.0028993793770888308 0.00052992171023957227 0.053183300640645907
leaf_weight=33647.072080336511 23.494706198573112 12.573574334383009 329.07093389332294 2251.07020008564 14756.340083861724 14.034085437655447
leaf_count=177927 112 51 1596 10472 64853 67
internal_value=-0.000105562 -0.000343727 0.000459981 -0.000364022 0.000380588 0.0323732
internal_weight=51033.7 35910.7 15122.9 35898.1 15085.4 37.5288
internal_count=255078 188450 66628 188399 66449 179
is_linear=0
shrinkage=0.05


Tree=123
num_leaves=8
num_cat=0
split_feature=0 1 1 1 1 0 0
split_gain=2.60284 8.62101 9.9148 8.6136 3.50162 0.768904 0.233827
threshold=0.32076178491115576 0.39220669681624259 0.36570235463216322 0.12439101772607952 0.15270957127471027 0.30989076197147375 0.32821919023990637
decision_type=2 2 2 2 2 2 2
left_child=1 2 -1 6 -5 -3 -2
right_child=3 5 -4 4 -6 -7 -8
leaf_value=-0.00052524229552926749 0.043449350232195177 0.019918543419244344 -0.035162287259843668 -0.010380771871790141 0.00020838948762343012 0.037648049340882075 0.031245722180414333
leaf_weight=21103.290186781436 7.6847213059663764 11.783387511968614 20.680826902389526 78.2755276709795 29787.332930420525 12.713175266981123 8.0231881588697416
leaf_count=115089 54 55 104 451 139216 57 52
internal_value=-0.00010031 -0.000524775 -0.000559153 0.000200105 0.000180636 0.0291198 0.0372161
internal_weight=51029.8 21148.5 21124 29881.3 29865.6 24.4966 15.7079
internal_count=255078 115305 115193 139773 139667 112 106
is_linear=0
shrinkage=0.05


Tree=124
num_leaves=8
num_cat=0
split_feature=0 1 1 1 0 0 0
split_gain=2.34958 7.70583 9.56581 7.58281 3.34534 0.677168 0.19432
threshold=0.32076178491115576 0.39220669681624259 0.2812676332291984 0.12439101772607952 0.332364171743393 0.30989076197147375 0.32821919023990637
decision_type=2 2 2 2 2 2 2
left_child=1 2 -1 6 -5 -3 -2
right_child=3 5 -4 4 -6 -7 -8
leaf_value=-0.00034246100870852204 0.040108408544305869 0.018782963327241428 -0.0065265138578767846 0.0014206868906366417 -5.2585716430276743e-05 0.035344081201068668 0.029113432823819525
leaf_weight=20473.677109327167 7.9027041792869595 11.868728488683702 645.04047730565071 4544.6626284271479 25322.566161400639 12.860851198434828 8.1761688292026502
leaf_count=111797 54 55 3396 23611 116056 57 52
internal_value=-9.53202e-05 -0.00049868 -0.000531344 0.000190071 0.000171591 0.0273957 0.0345174
internal_weight=51026.8 21143.4 21118.7 29883.3 29867.2 24.7296 16.0789
internal_count=255078 115305 115193 139773 139667 112 106
is_linear=0
shrinkage=0.05


Tree=125
num_leaves=6
num_cat=0
split_feature=1 0 0 0 0
split_gain=3.08514 3.70251 3.06755 2.74854 2.10968
threshold=0.57517114977836237 0.38134422898292547 0.49259631335735327 0.43700484931468969 0.34058910608291632
decision_type=2 2 2 2 2
left_child=2 -2 4 -3 -1
right_child=1 3 -4 -5 -6
leaf_value=0.00041988706082158158 0.027608508300703067 -0.0017946600628348187 -0.026616377081912154 0.0050904709561394043 -0.00023579078620727934
leaf_weight=29256.872186873108 15.56924921274185 210.49796536564827 10.71046471595764 465.48457494052127 21127.111392498016
leaf_count=156744 63 860 43 3090 94523
internal_value=0.000184776 0.0035017 0.000139259 0.00294647 0.000144947
internal_weight=51086.2 691.552 50394.7 675.983 50384
internal_count=255323 4013 251310 3950 251267
is_linear=0
shrinkage=0.05


Tree=126
num_leaves=7
num_cat=0
split_feature=1 0 0 1 1 0
split_gain=2.88206 3.29166 2.94366 2.33323 2.33283 1.18719
threshold=0.7371246693804977 0.44351395964622503 0.49259631335735327 0.6071400953381394 0.57517114977836237 0.45252928137779241
decision_type=2 2 2 2 2 2
left_child=2 -2 4 -4 -1 -3
right_child=1 5 3 -5 -6 -7
leaf_value=0.00013768773432048809 -0.027751692369582956 0.036731288327989775 -0.026205095904028333 -0.0049243083024015392 0.003506097917278515 0.0091787006165289422
leaf_weight=50387.997093945742 6.0269276052713385 4.0657679289579383 16.986698016524315 53.279528111219406 519.30836905539036 101.81409182678908
leaf_count=251267 36 27 69 236 2155 1533
internal_value=0.000175528 0.00819079 0.000157933 -0.0100689 0.000172049 0.0102367
internal_weight=51089.5 111.907 50977.6 70.2662 50907.3 105.88
internal_count=255323 1596 253727 305 253422 1560
is_linear=0
shrinkage=0.05


Tree=127
num_leaves=7
num_cat=0
split_feature=1 0 0 1 1 0
split_gain=2.61892 2.95568 2.65196 2.10678 2.09912 1.11141
threshold=0.7371246693804977 0.44351395964622503 0.49259631335735327 0.57517114977836237 0.6071400953381394 0.45252928137779241
decision_type=2 2 2 2 2 2
left_child=2 -2 3 -1 -4 -3
right_child=1 5 4 -5 -6 -7
leaf_value=0.00013079528863392393 -0.025939451409430547 0.035741357365272779 -0.0248339413910687 0.0033327680148927726 -0.0046708996472475473 0.0087780339237762111
leaf_weight=50390.688452910632 6.1230249851942053 3.9718738496303549 17.027261003851891 519.00846487283707 53.359464287757874 101.15545860026032
leaf_count=251267 36 27 69 2155 236 1533
internal_value=0.000166752 0.00782989 0.000150029 0.000163438 -0.00954854 0.00979675
internal_weight=51091.3 111.25 50980.1 50909.7 70.3867 105.127
internal_count=255323 1596 253727 253422 305 1560
is_linear=0
shrinkage=0.05


Tree=128
num_leaves=7
num_cat=0
split_feature=1 0 0 1 1 0
split_gain=2.37919 2.65594 2.3896 1.90259 1.88983 1.03993
threshold=0.7371246693804977 0.44351395964622503 0.49259631335735327 0.57517114977836237 0.6071400953381394 0.45252928137779241
decision_type=2 2 2 2 2 2
left_child=2 -2 3 -1 -4 -3
right_child=1 5 4 -5 -6 -7
leaf_value=0.00012424978585710251 -0.02427717883032468 0.034769237211750653 -0.023545021050777777 0.0031679322289960964 -0.0044309293276546006 0.0083925799474549919
leaf_weight=50393.244322288781 6.2127606123685828 3.8811131268739691 17.060512542724609 518.72074782848358 53.434860944747925 100.52769242180511
leaf_count=251267 36 27 69 2155 236 1533
internal_value=0.000158416 0.00748319 0.000142523 0.000155261 -0.00905671 0.00937306
internal_weight=51093.1 110.622 50982.5 50912 70.4954 104.409
internal_count=255323 1596 253727 253422 305 1560
is_linear=0
shrinkage=0.05


Tree=129
num_leaves=7
num_cat=0
split_feature=1 0 0 0 1 0
split_gain=2.16087 4.60955 2.15355 1.80651 1.70246 0.815574
threshold=0.7371246693804977 0.43700484931468969 0.49259631335735327 0.46579270064830786 0.6071400953381394 0.46579270064830786
decision_type=2 2 2 2 2 2
left_child=2 -2 3 -1 -4 -3
right_child=1 5 4 -5 -6 -7
leaf_value=0.0001307265126434703 -0.049216660583377286 0.019191637296093897 -0.022331705976289404 0.0054386244414954769 -0.0042036408728842291 0.0071285680569476255
leaf_weight=50753.309895694256 3.5112696737051001 16.598271451890469 17.087338671088219 160.80810043215752 53.505996227264404 89.909982602111995
leaf_count=252741 20 112 69 681 236 1464
internal_value=0.000150496 0.00715023 0.000135391 0.000147491 -0.0085916 0.00900848
internal_weight=51094.7 110.02 50984.7 50914.1 70.5933 106.508
internal_count=255323 1596 253727 253422 305 1576
is_linear=0
shrinkage=0.05


Tree=130
num_leaves=8
num_cat=0
split_feature=0 1 1 0 1 1 0
split_gain=2.1598 8.71821 9.94266 6.18243 7.33812 5.37844 2.99765
threshold=0.34058910608291632 0.180860446371155 0.25842014474210168 0.33800017833709722 0.44047250844248537 0.41270632727208367 0.34315767884254461
decision_type=2 2 2 2 2 2 2
left_child=3 6 -3 4 -1 -5 -2
right_child=1 2 -4 5 -6 -7 -8
leaf_value=0.00018755486570705947 -0.0061517239123901231 -0.0051116511578458007 -0.00012662204852365518 0.0043411006285315155 0.02885070819031875 -0.027165228031673528 0.018189333567159745
leaf_weight=28102.675175260752 14.894129544496534 1051.0863627046347 20679.584352836013 1128.4525171220303 22.347139492630959 13.710248813033102 83.894895851612091
leaf_count=151058 80 5252 92830 5529 101 63 421
internal_value=7.60304e-05 -0.00030037 -0.000367742 0.000356775 0.00021033 0.00396291 0.0145195
internal_weight=51096.6 21829.5 21730.7 29267.2 28125 1142.16 98.789
internal_count=255334 98583 98082 156751 151159 5592 501
is_linear=0
shrinkage=0.05


Tree=131
num_leaves=8
num_cat=0
split_feature=0 1 1 0 1 1 0
split_gain=1.94918 7.81735 8.99683 5.5679 6.60313 4.88825 2.67294
threshold=0.34058910608291632 0.180860446371155 0.25842014474210168 0.33800017833709722 0.44829714393198866 0.41270632727208367 0.34315767884254461
decision_type=2 2 2 2 2 2 2
left_child=3 6 -3 4 -1 -5 -2
right_child=1 2 -4 5 -6 -7 -8
leaf_value=0.00018100925924377596 -0.005862754586825121 -0.0048674424433880342 -0.00012029561386140448 0.0041162357059455774 0.031449414701984264 -0.02606259871960221 0.017138701530980582
leaf_weight=28110.704050969332 14.84804232418537 1048.6931093633175 20678.861485615373 1130.5386484265327 16.894272327423096 13.579175591468809 84.568022981286049
leaf_count=151084 80 5252 92830 5529 75 63 421
internal_value=7.22049e-05 -0.000285413 -0.000349419 0.000338869 0.00019979 0.00375805 0.0137034
internal_weight=51098.7 21827 21727.6 29271.7 28127.6 1144.12 99.4161
internal_count=255334 98583 98082 156751 151159 5592 501
is_linear=0
shrinkage=0.05


Tree=132
num_leaves=8
num_cat=0
split_feature=0 1 1 0 1 1 0
split_gain=1.75911 7.01289 8.14005 5.01505 5.95852 4.44266 2.3855
threshold=0.34058910608291632 0.180860446371155 0.25842014474210168 0.33800017833709722 0.44047250844248537 0.41270632727208367 0.34315767884254461
decision_type=2 2 2 2 2 2 2
left_child=3 6 -3 4 -1 -5 -2
right_child=1 2 -4 5 -6 -7 -8
leaf_value=0.00016909863639898471 -0.0055865999978797843 -0.0046344290367749804 -0.00011428477483909168 0.0039034310373354491 0.025794892561456558 -0.025002281846634979 0.016158417202059898
leaf_weight=28107.339085116982 14.80405932664871 1046.4091055244207 20678.174337394536 1132.51221960783 22.702548623085022 13.450638517737387 85.196898609399796
leaf_count=151058 80 5252 92830 5529 101 63 421
internal_value=6.85734e-05 -0.000271197 -0.000332007 0.000321865 0.00018978 0.00356415 0.0129393
internal_weight=51100.6 21824.6 21724.6 29276 28130 1145.96 100.001
internal_count=255334 98583 98082 156751 151159 5592 501
is_linear=0
shrinkage=0.05


Tree=133
num_leaves=8
num_cat=0
split_feature=0 0 1 1 0 1 1
split_gain=1.58756 6.48275 5.9496 4.74019 4.5176 5.36006 4.03753
threshold=0.34058910608291632 0.34128880500793463 0.180860446371155 0.37380602978049832 0.33800017833709722 0.44829714393198866 0.41270632727208367
decision_type=2 2 2 2 2 2 2
left_child=4 3 -3 -2 5 -1 -6
right_child=1 2 -4 -5 6 -7 -8
leaf_value=0.00016321784269152553 -0.0058892101299061429 0.012176317247398746 -0.00020835577235127912 -0.033379439516717915 0.0037019929729305498 0.028110999494296008 -0.023982189007971631
leaf_weight=28115.185477491468 305.35264010727406 97.41611710190773 21402.999757543206 16.530077055096626 1134.3796844631433 17.166432306170464 13.324895203113554
leaf_count=151084 1498 484 96524 77 5529 75 63
internal_value=6.51252e-05 -0.000257687 -0.000152242 -0.00730095 0.000305716 0.000180272 0.00338058
internal_weight=51102.4 21822.3 21500.4 321.883 29280.1 28132.4 1147.7
internal_count=255334 98583 97008 1575 156751 151159 5592
is_linear=0
shrinkage=0.05


Tree=134
num_leaves=8
num_cat=0
split_feature=0 0 1 1 1 1 0
split_gain=1.43273 5.8711 5.34084 4.35764 4.13517 5.0724 4.8049
threshold=0.34058910608291632 0.34128880500793463 0.180860446371155 0.37380602978049832 0.22105133459646717 0.22895796507918678 0.31725320219993597
decision_type=2 2 2 2 2 2 2
left_child=4 3 -3 -2 6 -6 -1
right_child=1 2 -4 -5 5 -7 -8
leaf_value=1.3191993391581782e-05 -0.0056092686835210485 0.011505479240739198 -0.00019795046739814472 -0.032128853697428822 0.0046458144273205234 0.00072133860674584635 -0.003507716300981577
leaf_weight=16617.953879863024 304.58246985077858 97.927701905369759 21401.739499751478 16.320247456431389 891.68575324118137 10745.27186704427 1028.9802865535021
leaf_count=90218 1498 484 96524 77 4985 55859 5689
internal_value=6.18503e-05 -0.000244843 -0.000144643 -0.00695798 0.000290379 0.00102205 -0.00019211
internal_weight=51104.5 21820.6 21499.7 320.903 29283.9 11637 17646.9
internal_count=255334 98583 97008 1575 156751 60844 95907
is_linear=0
shrinkage=0.05


Tree=135
num_leaves=5
num_cat=0
split_feature=0 0 1 1
split_gain=2.06126 1.21452 40.9312 0.498439
threshold=0.54352456331253063 1.0000000180025095e-35 0.065923424114435178 0.89911096051100958
decision_type=2 2 2 2
left_child=1 -1 -3 -2
right_child=3 2 -4 -5
leaf_value=0.00037281410885017357 0.013796023020460622 -0.020331772537909614 -7.6118571966408283e-05 0.035772895343654708
leaf_weight=11807.833618432283 10.237232089042662 251.00530984252691 39066.398645106703 3.449297616723924
leaf_count=53314 148 4793 196670 649
internal_value=-6.66872e-05 -7.1881e-05 -0.000205432 0.0193347
internal_weight=51138.9 51125.2 39317.4 13.6865
internal_count=255574 254777 201463 797
is_linear=0
shrinkage=0.05


Tree=136
num_leaves=5
num_cat=0
split_feature=0 0 1 1
split_gain=1.89376 1.09634 37.6584 0.484738
threshold=0.54352456331253063 1.0000000180025095e-35 0.065923424114435178 0.89911096051100958
decision_type=2 2 2 2
left_child=1 -1 -3 -2
right_child=3 2 -4 -5
leaf_value=0.00035412823533452514 0.013249615391097853 -0.019676385540888568 -7.2314691916476546e-05 0.035241157708134956
leaf_weight=11809.320811063051 10.129252180457113 246.51389573886991 39065.242556847632 3.3293373263441017
leaf_count=53314 148 4793 196670 649
internal_value=-6.34002e-05 -6.83374e-05 -0.000195247 0.0186898
internal_weight=51134.5 51121.1 39311.8 13.4586
internal_count=255574 254777 201463 797
is_linear=0
shrinkage=0.05


Tree=137
num_leaves=7
num_cat=0
split_feature=0 1 1 0 1 1
split_gain=1.7389 1.07054 6.28451 5.13581 0.479691 0.295617
threshold=0.54352456331253063 0.49043363202076679 0.47740250577661952 0.35207128524780279 0.7371246693804977 0.89911096051100958
decision_type=2 2 2 2 2 2
left_child=1 2 -1 -3 -2 -6
right_child=4 3 -4 -5 5 -7
leaf_value=-6.8923214416305068e-05 -0.0058412959752037205 0.022256793335583534 0.0063066873752546911 -0.0014554882202895527 0.016815188729002822 0.034699055363823894
leaf_weight=48686.89357015118 1.8124261200427998 23.096472680568695 389.60953409969807 2017.5111906677485 8.2139620929956418 3.2151988898403934
leaf_count=244459 8 98 1596 8624 140 649
internal_value=-6.02739e-05 -6.49669e-05 -1.83084e-05 -0.0011871 0.0180565 0.0218462
internal_weight=51130.4 51117.1 49076.5 2040.61 13.2416 11.4292
internal_count=255574 254777 246055 8722 797 789
is_linear=0
shrinkage=0.05


Tree=138
num_leaves=5
num_cat=0
split_feature=0 0 1 1
split_gain=1.5984 0.990669 34.6284 0.454381
threshold=0.54352456331253063 1.0000000180025095e-35 0.065923424114435178 0.89911096051100958
decision_type=2 2 2 2
left_child=1 -1 -3 -2
right_child=3 2 -4 -5
leaf_value=0.00033983827525126131 0.012231388067236282 -0.019029281025515821 -6.5517368239091431e-05 0.03414690663048834
leaf_weight=11810.45765542984 9.9094921350479108 242.21898473799229 39063.624973308295 3.1066030613146713
leaf_count=53314 148 4793 196670 649
internal_value=-5.726e-05 -6.17211e-05 -0.00018238 0.0174621
internal_weight=51129.3 51116.3 39305.8 13.0161
internal_count=255574 254777 201463 797
is_linear=0
shrinkage=0.05


Tree=139
num_leaves=7
num_cat=0
split_feature=0 1 1 0 1 1
split_gain=1.4661 0.965687 5.66707 4.61791 0.446608 0.277032
threshold=0.54352456331253063 0.49043363202076679 0.47740250577661952 0.35207128524780279 0.7371246693804977 0.89911096051100958
decision_type=2 2 2 2 2 2
left_child=1 2 -1 -3 -2 -6
right_child=4 3 -4 -5 5 -7
leaf_value=-6.244733136291178e-05 -0.0061724357210454946 0.021061753640057343 0.0059892427502343968 -0.001379371219739918 0.015777807924453918 0.033585092795713305
leaf_weight=48681.838598486036 1.8089186549186695 23.187778905034065 389.95102345943451 2017.6063727885485 8.0074768513441068 3.0032826834358266
leaf_count=244459 8 98 1596 8624 140 649
internal_value=-5.44377e-05 -5.86782e-05 -1.43573e-05 -0.00112439 0.0168523 0.0206349
internal_weight=51125.4 51112.6 49071.8 2040.79 12.8197 11.0108
internal_count=255574 254777 246055 8722 797 789
is_linear=0
shrinkage=0.05


Tree=140
num_leaves=8
num_cat=0
split_feature=1 0 1 0 0 1 0
split_gain=2.37794 5.66848 5.90431 2.13504 1.49131 1.36198 0.968181
threshold=0.45220222174881913 0.43700484931468969 0.4207452507768904 0.34545457363128668 0.34058910608291632 0.49043363202076679 1.0000000180025095e-35
decision_type=2 2 2 2 2 2 2
left_child=1 6 -3 4 -2 -5 -1
right_child=3 2 -4 5 -6 -7 -8
leaf_value=0.00022946334911474453 0.0058592497038740254 -0.00022497545977238372 -0.028942633214527638 0.002278589426522387 0.028373416964898642 0.00023449735208662349 -0.00029308441994777576
leaf_weight=11784.090880304575 20.105166763067249 36.676539406180382 34.957810193300247 1366.7356007397175 11.598363563418387 2018.3337017409503 35775.794958129525
leaf_count=53190 88 151 143 5617 51 9360 186495
internal_value=-9.33807e-05 -0.00018478 -0.0142393 0.00118077 0.0140958 0.00105981 -0.000163611
internal_weight=51048.3 47631.5 71.6343 3416.77 31.7035 3385.07 47559.9
internal_count=255095 239979 294 15116 139 14977 239685
is_linear=0
shrinkage=0.05


Tree=141
num_leaves=8
num_cat=0
split_feature=1 0 1 0 0 1 0
split_gain=2.14576 5.12817 5.36469 1.91794 1.32793 1.22846 0.973952
threshold=0.45220222174881913 0.43700484931468969 0.4207452507768904 0.34545457363128668 0.34058910608291632 0.49043363202076679 0.3805788010358811
decision_type=2 2 2 2 2 2 2
left_child=1 6 -3 4 -2 -5 -1
right_child=3 2 -4 5 -6 -7 -8
leaf_value=-0.0002263519422084281 0.0055579170520452048 -0.00021373477789291071 -0.027618397069078121 0.0021638863807097314 0.0267465913896698 0.00022277433397846654 0.00056660792875600982
leaf_weight=43303.700346011668 20.134668797254566 36.675195604562759 34.8061683177948 1367.2117467522621 11.686280906200407 2018.3177247447893 4252.639258608222
leaf_count=221655 88 151 143 5617 51 9360 18030
internal_value=-8.8722e-05 -0.000175558 -0.0135578 0.00112151 0.0133395 0.00100667 -0.000155443
internal_weight=51045.2 47627.8 71.4814 3417.35 31.8209 3385.53 47556.3
internal_count=255095 239979 294 15116 139 14977 239685
is_linear=0
shrinkage=0.05


Tree=142
num_leaves=8
num_cat=0
split_feature=1 0 1 0 1 0 0
split_gain=1.93627 4.63979 4.87574 1.7848 12.4186 2.40578 0.890591
threshold=0.45220222174881913 0.43700484931468969 0.4207452507768904 0.36209188401699072 0.52590834466542213 0.36880126595497137 1.0000000180025095e-35
decision_type=2 2 2 2 2 2 2
left_child=1 6 -3 4 -2 -5 -1
right_child=3 2 -4 5 -6 -7 -8
leaf_value=0.00022930167940781997 -0.00020913589104102281 -0.00020305508084821246 -0.02635962760517236 -0.0081194120394491517 0.042236008240264307 0.0010487562595812366 -0.00027188263197612105
leaf_weight=11784.103561788797 101.49539610743523 36.673918589949608 34.648941352963448 73.178417921066284 20.757143616676331 3222.4607443497516 35768.672825559974
leaf_count=53190 442 151 143 310 84 14280 186495
internal_value=-8.42965e-05 -0.000166797 -0.01291 0.00106524 0.00699759 0.000845181 -0.000147684
internal_weight=51042 47624.1 71.3229 3417.89 122.253 3295.64 47552.8
internal_count=255095 239979 294 15116 526 14590 239685
is_linear=0
shrinkage=0.05


Tree=143
num_leaves=8
num_cat=0
split_feature=1 0 1 0 0 1 0
split_gain=1.7475 4.19822 4.43227 1.61681 1.17977 1.14271 0.895016
threshold=0.45220222174881913 0.43700484931468969 0.4207452507768904 0.34545457363128668 0.34058910608291632 0.49043363202076679 0.3805788010358811
decision_type=2 2 2 2 2 2 2
left_child=1 6 -3 4 -2 -5 -1
right_child=3 2 -4 5 -6 -7 -8
leaf_value=-0.00020829621100780442 0.0048676433399869453 -0.00019290766292788541 -0.025161780875024128 0.0020221609157033841 0.024791240807562374 0.00015020953185694767 0.00055183338524730492
leaf_weight=43296.622086241841 20.158864513039592 36.672703295946121 34.48768661916256 1367.7411735057831 11.767581954598425 2018.1900815553963 4252.9292807430029
leaf_count=221655 88 151 143 5617 51 9360 18030
internal_value=-8.00896e-05 -0.00015847 -0.012294 0.00101198 0.0122112 0.000906381 -0.000140309
internal_weight=51038.6 47620.7 71.1604 3417.86 31.9264 3385.93 47549.6
internal_count=255095 239979 294 15116 139 14977 239685
is_linear=0
shrinkage=0.05


Tree=144
num_leaves=8
num_cat=0
split_feature=1 0 1 0 1 0 0
split_gain=1.57691 3.79886 4.02975 1.5191 11.2149 2.18816 0.819221
threshold=0.45220222174881913 0.43700484931468969 0.4207452507768904 0.36209188401699072 0.52590834466542213 0.36880126595497137 1.0000000180025095e-35
decision_type=2 2 2 2 2 2 2
left_child=1 6 -3 4 -2 -5 -1
right_child=3 2 -4 5 -6 -7 -8
leaf_value=0.00022825081944240601 -0.00040999596805355466 -0.00018326829120539096 -0.024020830483785609 -0.0077979327156901942 0.039920129870742345 0.00095210329516082529 -0.00025244174535499989
leaf_weight=11784.186784029007 101.61644057929516 36.671549171209335 34.32375793159008 73.069567993283272 20.759095519781113 3222.9116481407546 35762.114348173141
leaf_count=53190 442 151 143 310 84 14280 186495
internal_value=-7.6094e-05 -0.000150561 -0.0117079 0.000961221 0.00643138 0.000758121 -0.000133304
internal_weight=51035.7 47617.3 70.9953 3418.36 122.376 3295.98 47546.3
internal_count=255095 239979 294 15116 526 14590 239685
is_linear=0
shrinkage=0.05


Tree=145
num_leaves=7
num_cat=0
split_feature=1 0 0 0 0 0
split_gain=4.66283 3.80873 1.89165 2.81786 1.41141 1.27835
threshold=0.7371246693804977 0.42727026343345648 0.42349429428577429 0.41290086507797247 0.49259631335735327 0.43174105882644659
decision_type=2 2 2 2 2 2
left_child=2 -2 3 -1 -3 -4
right_child=1 4 5 -5 -6 -7
leaf_value=6.5290541052105577e-05 -0.04281599054105252 0.0044084317215629283 0.0043398872902578383 -0.0030052151548221992 0.01666786986401407 0.00094070394673976458
leaf_weight=48779.425838444382 3.2354934364557257 36.542609624564648 387.1255836635828 758.829829454422 65.665397772099823 968.71694001555443
leaf_count=244836 18 262 1573 3094 1304 3990
internal_value=9.04481e-05 0.010594 6.86867e-05 1.82564e-05 0.0122847 0.00191125
internal_weight=50999.5 105.444 50894.1 49538.3 102.208 1355.84
internal_count=255077 1584 253493 247930 1566 5563
is_linear=0
shrinkage=0.05


end of trees

feature_importances:
Column_0=462
Column_1=414

parameters:
[boosting: gbdt]
[objective: binary]
[metric: auc]
[tree_learner: serial]
[device_type: cpu]
[data_sample_strategy: bagging]
[data: ]
[valid: ]
[num_iterations: 300]
[learning_rate: 0.05]
[num_leaves: 8]
[num_threads: 0]
[seed: 42]
[deterministic: 0]
[force_col_wise: 0]
[force_row_wise: 0]
[histogram_pool_size: -1]
[max_depth: 3]
[min_data_in_leaf: 50]
[min_sum_hessian_in_leaf: 0.001]
[bagging_fraction: 0.8]
[pos_bagging_fraction: 1]
[neg_bagging_fraction: 1]
[bagging_freq: 5]
[bagging_seed: 400]
[bagging_by_query: 0]
[feature_fraction: 1]
[feature_fraction_bynode: 1]
[feature_fraction_seed: 30056]
[extra_trees: 0]
[extra_seed: 12879]
[early_stopping_round: 0]
[early_stopping_min_delta: 0]
[first_metric_only: 0]
[max_delta_step: 0]
[lambda_l1: 0]
[lambda_l2: 0]
[linear_lambda: 0]
[min_gain_to_split: 0]
[drop_rate: 0.1]
[max_drop: 50]
[skip_drop: 0.5]
[xgboost_dart_mode: 0]
[uniform_drop: 0]
[drop_seed: 17869]
[top_rate: 0.2]
[other_rate: 0.1]
[min_data_per_group: 100]
[max_cat_threshold: 32]
[cat_l2: 10]
[cat_smooth: 10]
[max_cat_to_onehot: 4]
[top_k: 20]
[monotone_constraints: ]
[monotone_constraints_method: basic]
[monotone_penalty: 0]
[feature_contri: ]
[forcedsplits_filename: ]
[refit_decay_rate: 0.9]
[cegb_tradeoff: 1]
[cegb_penalty_split: 0]
[cegb_penalty_feature_lazy: ]
[cegb_penalty_feature_coupled: ]
[path_smooth: 0]
[interaction_constraints: ]
[verbosity: -1]
[saved_feature_importance_type: 0]
[use_quantized_grad: 0]
[num_grad_quant_bins: 4]
[quant_train_renew_leaf: 0]
[stochastic_rounding: 1]
[linear_tree: 0]
[max_bin: 255]
[max_bin_by_feature: ]
[min_data_in_bin: 3]
[bin_construct_sample_cnt: 200000]
[data_random_seed: 175]
[is_enable_sparse: 1]
[enable_bundle: 1]
[use_missing: 1]
[zero_as_missing: 0]
[feature_pre_filter: 1]
[pre_partition: 0]
[two_round: 0]
[header: 0]
[label_column: ]
[weight_column: ]
[group_column: ]
[ignore_column: ]
[categorical_feature: ]
[forcedbins_filename: ]
[precise_float_parser: 0]
[parser_config_file: ]
[objective_seed: 16083]
[num_class: 1]
[is_unbalance: 0]
[scale_pos_weight: 1]
[sigmoid: 1]
[boost_from_average: 1]
[reg_sqrt: 0]
[alpha: 0.9]
[fair_c: 1]
[poisson_max_delta_step: 0.7]
[tweedie_variance_power: 1.5]
[lambdarank_truncation_level: 30]
[lambdarank_norm: 1]
[label_gain: ]
[lambdarank_position_bias_regularization: 0]
[eval_at: ]
[multi_error_top_k: 1]
[auc_mu_weights: ]
[num_machines: 1]
[local_listen_port: 12400]
[time_out: 120]
[machine_list_filename: ]
[machines: ]
[gpu_platform_id: -1]
[gpu_device_id: -1]
[gpu_use_dp: 0]
[num_gpu: 1]

end of parameters

pandas_categorical:null
